# Alias OBJ Model File
# Exported from SketchUp, (c) 2000-2012 Trimble Navigation Limited
# File units = meters

mtllib Rest Of map.mtl

g Mesh1 Group1 Model

usemtl FrontColor
v 45.9909 -2.15647e-15 -39.9972
vt 0 3.64789e-16
vn 1 0 -0
v 45.9909 -2.16573e-15 -50.0172
vt 394.488 0
v 45.9909 5 -50.0172
vt 394.488 196.85
f 1/1/1 2/2/1 3/3/1

v 44.9909 -2.15647e-15 -39.9972
vt 1.64591e-32 1.3053e-33
vn -4.51195e-17 -1 -3.57823e-18
v 44.9909 -2.0755e-15 -50.0172
vt 1.60297e-31 394.488
vt -39.3701 394.488
vt -39.3701 7.6615e-33
f 4/4/2 5/5/2 2/6/2 1/7/2 

vt -394.488 3.55271e-15
vn -1 0 -0
v 44.9909 5 -50.0172
vt -394.488 196.85
f 5/8/3 4/1/3 6/9/3

usemtl _7
vt 44.9909 35.7888
vn -2.97851e-29 0.894784 0.446499
vt 45.9909 35.7888
vt 45.9909 46.9871
vt 44.9909 46.9871
f 4/10/4 1/11/4 3/12/4 6/13/4 

usemtl FrontColor
vt -39.3701 0
vn 0 0 -1
vt 0 3.55271e-15
vt 0 196.85
vt -39.3701 196.85
f 2/14/5 5/15/5 6/16/5 3/17/5 

g Mesh2 Group2 Model

usemtl _7
v 68.9863 1 -45.9848
vt 68.9863 45.291
vn 0 0.980656 0.19574
v 69.9863 1 -45.9848
vt 69.9863 45.291
v 69.9863 3 -56.0048
vt 69.9863 55.5087
v 68.9863 3 -56.0048
vt 68.9863 55.5087
f 7/18/6 8/19/6 9/20/6 10/21/6 

usemtl FrontColor
v 68.9863 -2.16573e-15 -45.9848
vt 0 0
vn 0 0 1
v 69.9863 -2.16573e-15 -45.9848
vt 39.3701 0
vt 39.3701 39.3701
vt 0 39.3701
f 11/22/7 12/23/7 8/24/7 7/25/7 

v 69.9863 -2.09272e-15 -56.0048
vn 3.65092e-17 -1 -3.64363e-18
vt -39.3701 -5.23725e-33
v 68.9863 -2.16573e-15 -56.0048
vt 0 394.488
f 13/6/8 12/26/8 11/22/8 14/27/8 

vt 394.488 2.87474e-15
vt 394.488 118.11
f 12/22/1 13/28/1 9/29/1 8/25/1 

vt -39.3701 2.87474e-15
vt 0 118.11
vt -39.3701 118.11
f 13/30/5 14/22/5 10/31/5 9/32/5 

vt -394.488 118.11
vt -394.488 0
f 11/22/3 7/25/3 10/33/3 14/34/3 

g Mesh3 Group3 Model

v 55.9745 -2.16573e-15 -43.9826
v 55.9745 -2.16573e-15 -50.0172
vt 237.582 0
v 55.9745 3 -50.0172
vt 237.582 118.11
f 15/22/1 16/35/1 17/36/1

v 54.9745 -2.16573e-15 -50.0172
vt 0 237.582
vn 0 -1 -0
vt -39.3701 237.582
v 54.9745 -2.16573e-15 -43.9826
f 18/37/9 16/38/9 15/14/9 19/22/9 

v 54.9745 3 -50.0172
f 16/14/5 18/22/5 20/31/5 17/32/5 

vt -237.582 0
vt -237.582 118.11
f 18/39/3 19/22/3 20/40/3

usemtl _7
vt 54.9745 46.1234
vn 0 0.895451 0.44516
vt 54.9745 39.3843
vt 55.9745 39.3843
vt 55.9745 46.1234
f 20/41/10 19/42/10 15/43/10 17/44/10 

g Mesh4 Group4 Model

v -69.0033 9 -55.0098
vt -69.0033 53.2382
vn 0 0.894725 0.446618
v -70.0033 9 -55.0098
vt -70.0033 53.2382
v -70.0033 3 -42.9898
vt -70.0033 39.8039
v -69.0033 3 -42.9898
vt -69.0033 39.8039
f 21/45/11 22/46/11 23/47/11 24/48/11 

usemtl FrontColor
v -70.0033 -2.16573e-15 -55.0098
vt 0 354.331
vt -39.3701 354.331
v -69.0033 -2.16573e-15 -55.0098
f 25/22/5 22/49/5 21/50/5 26/14/5 

vt -473.228 354.331
vt -473.228 0
v -70.0033 -2.16573e-15 -42.9898
f 22/51/3 25/52/3 27/22/3 23/31/3 

vt -39.3701 473.228
v -69.0033 -2.16573e-15 -42.9898
vt 0 473.228
f 26/53/9 28/14/9 27/22/9 25/54/9 

vt 473.228 0
vt 473.228 354.331
f 28/22/1 26/55/1 21/56/1 24/31/1 

vt 39.3701 118.11
f 23/31/7 27/22/7 28/23/7 24/57/7 

g Mesh5 Group5 Model

usemtl _7
v -92.0285 9 -55.0098
vt -92.0285 53.2382
vn -1.11813e-16 0.894725 0.446618
v -93.0285 9 -55.0098
vt -93.0285 53.2382
v -93.0285 3 -42.9898
vt -93.0285 39.8039
v -92.0285 3 -42.9898
vt -92.0285 39.8039
f 29/58/12 30/59/12 31/60/12 32/61/12 

usemtl FrontColor
v -92.0285 -2.16573e-15 -55.0098
v -93.0285 -2.16573e-15 -55.0098
vt -1.81899e-12 0
f 33/14/5 34/62/5 30/49/5 29/50/5 

vt -1.81899e-12 473.228
v -92.0285 -2.16573e-15 -42.9898
v -93.0285 -2.16573e-15 -42.9898
f 34/63/9 33/53/9 35/14/9 36/62/9 

vt -9.07981e-14 118.11
vn 1 -1.54008e-15 -2.30627e-15
vt -9.07981e-14 6.0633e-14
vt 473.228 6.0633e-14
f 32/64/13 35/65/13 33/66/13 29/56/13 

vt 1.81899e-12 118.11
vt 1.81899e-12 0
f 31/67/7 36/68/7 35/23/7 32/57/7 

vt 1.39836e-27 -8.40416e-27
vn -1 -4.62023e-15 7.68758e-16
vt 1.39836e-27 118.11
vt -473.228 -1.0085e-26
f 36/69/14 31/70/14 30/51/14 34/71/14 

g Mesh6 Group6 Model

usemtl _7
v -119.997 9 -55.0027
vt -119.997 55.0262
vn 0 0.948683 0.316228
v -120.997 9 -55.0027
vt -120.997 55.0262
v -120.997 6 -46.0027
vt -120.997 45.5393
v -119.997 6 -46.0027
vt -119.997 45.5393
f 37/72/15 38/73/15 39/74/15 40/75/15 

usemtl FrontColor
v -119.997 -1.44382e-15 -55.0027
vt -39.3701 2.84217e-14
v -120.997 -1.44382e-15 -55.0027
vt 0 2.84217e-14
f 41/76/5 42/77/5 38/49/5 37/50/5 

v -119.997 -2.16573e-15 -46.0027
vt -39.3701 5.69943e-31
vn -3.60956e-16 -1 -4.01062e-17
v -120.997 -1.44382e-15 -46.0027
vt 1.0259e-29 1.13989e-30
vt 1.0259e-29 354.331
v -119.997 -2.16573e-15 -46.0032
vt -39.3701 0.0211826
f 43/78/16 44/79/16 42/80/16 41/50/16 45/81/16 

vt 39.3701 236.22
vt 0 236.22
f 44/77/7 43/23/7 40/82/7 39/83/7 

vt 0.0211826 0
vt 354.331 2.84217e-14
vt 354.331 354.331
f 43/22/1 45/84/1 41/85/1 37/86/1 40/83/1 

vt -354.331 354.331
vt -354.331 2.84217e-14
f 44/77/3 39/83/3 38/87/3 42/88/3 

g Mesh7 Group7 Model

usemtl _7
v -103.985 9 -52.0032
vt -103.985 50.538
vn 0 0.894427 0.447214
v -104.985 9 -52.0032
vt -104.985 50.538
v -104.985 6 -46.0032
vt -104.985 43.8298
v -103.985 6 -46.0032
vt -103.985 43.8298
f 46/89/17 47/90/17 48/91/17 49/92/17 

usemtl FrontColor
v -103.985 -2.16573e-15 -52.0032
v -104.985 -2.16573e-15 -52.0032
f 50/14/5 51/22/5 47/49/5 46/50/5 

vt -39.3701 236.22
v -103.985 -2.16573e-15 -46.0032
v -104.985 -2.16573e-15 -46.0032
f 51/83/9 50/93/9 52/14/9 53/22/9 

vt 236.22 0
vt 236.22 354.331
f 49/83/1 52/22/1 50/94/1 46/95/1 

f 52/23/7 49/82/7 48/83/7 53/22/7 

vt -236.22 354.331
vt -236.22 0
f 53/22/3 48/83/3 47/96/3 51/97/3 

g Mesh8 Group8 Model

v -44.0181 -2.09272e-15 -18.0394
vt -238.189 3.12965e-14
v -44.0181 -2.88765e-15 -11.9894
v -44.0181 1 -18.0394
vt -238.189 39.3701
f 54/98/3 55/22/3 56/99/3

v -43.0181 -2.09272e-15 -18.0394
vt -39.3701 238.189
vn 7.11211e-32 -1 -1.31393e-16
v -43.0181 -2.88765e-15 -11.9894
vt -39.3701 -3.67907e-46
vt -2.22584e-45 238.189
f 57/100/18 58/101/18 55/22/18 54/102/18 

vt 238.189 3.12965e-14
v -43.0181 1 -18.0394
vt 238.189 39.3701
f 57/103/1 59/104/1 58/22/1

vt -39.3701 39.3701
vt -39.3701 3.12965e-14
vt 0 3.12965e-14
f 59/105/5 57/106/5 54/107/5 56/25/5 

usemtl _7
vt -44.0181 11.8289
vn -4.78442e-17 0.986613 0.163077
vt -43.0181 11.8289
vt -43.0181 17.961
vt -44.0181 17.961
f 55/108/19 58/109/19 59/110/19 56/111/19 

g Mesh9 Group9 Model

usemtl FrontColor
v -67 -1 -17.9857
vt -156.693 0
v -67 -1 -14.0057
v -67 1 -17.9857
vt -156.693 78.7402
f 60/112/3 61/22/3 62/113/3

vt 0 156.693
v -66 -1 -17.9857
vt -39.3701 156.693
v -66 -1 -14.0057
f 60/114/9 63/115/9 64/14/9 61/22/9 

v -66 1 -17.9857
vt -39.3701 78.7402
vt 0 78.7402
f 65/116/5 63/14/5 60/22/5 62/117/5 

vt 156.693 0
vt 156.693 78.7402
f 63/118/1 65/119/1 64/22/1

usemtl _7
vt -66 16.9687
vn 0 0.893527 0.449009
vt -67 16.9687
vt -67 12.5145
vt -66 12.5145
f 65/120/20 62/121/20 61/122/20 64/123/20 

g Mesh10 Group10 Model

usemtl FrontColor
v -113.964 -1 13.9766
vt -276.772 0
vn -1 0 3.28608e-15
v -113.964 -1 21.0066
vt 2.98868e-27 1.42109e-14
v -113.964 -1.80478e-15 21.0066
vt 2.98868e-27 39.3701
f 66/124/21 67/125/21 68/126/21

v -113.044 -1 21.0066
vt -36.2205 -1.82414e-31
vn -1.96172e-16 -1 2.56725e-17
vt -9.09495e-13 -3.64829e-31
vt 0 276.772
v -113.044 -1 13.9766
vt -36.2205 276.772
f 69/127/22 67/128/22 66/129/22 70/130/22 

vt 9.09495e-13 1.42109e-14
vt 36.2205 0
v -113.044 -1.80478e-15 21.0066
vt 36.2205 39.3701
vt 9.09495e-13 39.3701
f 67/131/7 69/132/7 71/133/7 68/134/7 

vt -1.21121e-29 39.3701
vn 1 -2.31012e-14 -3.344e-31
vt -1.21121e-29 8.36735e-13
vt 276.772 8.36735e-13
f 71/135/23 69/136/23 70/137/23

usemtl _7
vt 113.964 13.8374
vn 1.8916e-17 0.990034 -0.14083
vt 113.964 20.9381
vt 113.044 20.9381
vt 113.044 13.8374
f 66/138/24 68/139/24 71/140/24 70/141/24 

g Mesh11 Group11 Model

usemtl Color_C02
v -73.9963 1 -18.0091
vt 787.129 392.783
vn -1.6464e-17 1 -1.39971e-17
v -72.9963 1 -18.0091
vt 826.5 392.783
v -72.0074 1 -18.0091
vt 865.432 392.783
v -71.9387 1 -18.3624
vt 868.139 406.696
v -71.8067 1 -18.4991
vt 873.336 412.076
v -71.7067 1 -18.4991
vt 877.273 412.076
v -71.6255 1 -18.7566
vt 880.469 422.214
v -71.3581 1 -19.0123
vt 890.996 432.283
v -71.0112 1 -19.0123
vt 904.656 432.283
v -71.0112 1 -29.0023
vt 904.656 825.59
v -71.1312 1 -29.0023
vt 899.931 825.59
v -71.2875 1 -29.27
vt 893.775 836.129
v -71.6896 1 -29.3501
vt 877.945 839.282
v -72.0227 1 -29.5893
vt 864.833 848.697
v -72.0227 1 -29.9893
vt 864.833 864.445
v -77.9827 1 -29.9893
vt 630.187 864.445
v -77.9827 1 -29.8193
vt 630.187 857.752
v -78.0823 1 -29.6815
vt 626.266 852.328
v -78.4766 1 -29.4648
vt 610.739 843.796
v -78.4766 1 -29.2451
vt 610.739 835.147
v -78.595 1 -29.1231
vt 606.078 830.343
v -78.9997 1 -29.0462
vt 590.147 827.316
v -78.9997 1 -18.9562
vt 590.147 430.072
v -78.6997 1 -18.9562
vt 601.958 430.072
v -78.4312 1 -18.5704
vt 612.528 414.884
v -78.2012 1 -18.5704
vt 621.583 414.884
v -78.0774 1 -18.3648
vt 626.456 406.788
v -78.0774 1 -18.0091
vt 626.456 392.783
f 72/142/25 73/143/25 74/144/25 75/145/25 76/146/25 77/147/25 78/148/25 79/149/25 80/150/25 81/151/25 82/152/25 83/153/25 84/154/25 85/155/25 86/156/25 87/157/25 88/158/25 89/159/25 90/160/25 91/161/25 92/162/25 93/163/25 94/164/25 95/165/25 96/166/25 97/167/25 98/168/25 99/169/25 

g Mesh12 Group11 Model

v -41.0057 1 -30.8041
vt 2085.97 896.525
vn 1.4172e-18 1 3.40624e-18
v -41.4364 1 -30.4778
vt 2069.02 883.677
v -41.4364 1 -30.2678
vt 2069.02 875.409
v -41.5776 1 -30.1261
vt 2063.46 869.833
v -41.8476 1 -30.1261
vt 2052.83 869.833
v -42.0395 1 -29.9942
vt 2045.27 864.641
v -44.0143 1 -29.9942
vt 1967.52 864.641
v -45.0143 1 -29.9942
vt 1928.15 864.641
v -50.1243 1 -29.9942
vt 1726.97 864.641
v -50.2862 1 -30.2348
vt 1720.6 874.113
v -50.6998 1 -30.3081
vt 1704.32 876.997
v -51.0141 1 -30.5713
vt 1691.94 887.36
v -51.0141 1 -30.7613
vt 1691.94 894.841
v -51.4573 1 -30.4706
vt 1674.49 883.395
v -51.4573 1 -30.2606
vt 1674.49 875.127
v -51.598 1 -30.1185
vt 1668.95 869.531
v -51.828 1 -30.1185
vt 1659.9 869.531
v -52.0315 1 -29.9942
vt 1651.89 864.641
v -53.0043 1 -29.9942
vt 1613.59 864.641
v -54.0043 1 -29.9942
vt 1574.22 864.641
v -56.1143 1 -29.9942
vt 1491.15 864.641
v -56.2789 1 -30.2687
vt 1484.67 875.446
v -56.6864 1 -30.3136
vt 1468.62 877.215
v -57.0225 1 -30.5654
vt 1455.39 887.129
v -57.0225 1 -30.7554
vt 1455.39 894.609
v -57.437 1 -30.4757
vt 1439.07 883.596
v -57.437 1 -30.2687
vt 1439.07 875.446
v -57.5808 1 -30.1156
vt 1433.41 869.42
v -57.8208 1 -30.1156
vt 1423.96 869.42
v -58.079 1 -29.9836
vt 1413.8 864.224
v -58.979 1 -29.9836
vt 1378.36 864.224
v -58.979 1 -29.8336
vt 1378.36 858.318
v -59.0929 1 -29.6816
vt 1373.88 852.33
v -59.4489 1 -29.4783
vt 1359.86 844.328
v -59.4489 1 -29.2683
vt 1359.86 836.06
v -59.5888 1 -29.1117
vt 1354.35 829.893
v -59.8388 1 -29.1117
vt 1344.51 829.893
v -60.0729 1 -28.958
vt 1335.3 823.843
v -60.2043 1 -29.0658
vt 1330.12 828.087
v -60.2043 1 -29.1558
vt 1330.12 831.63
v -60.2922 1 -29.2516
vt 1326.66 835.402
v -60.6858 1 -29.3229
vt 1311.17 838.212
v -61.0172 1 -29.5643
vt 1298.12 847.715
v -61.0172 1 -29.9882
vt 1298.12 864.404
v -67.99 1 -29.9882
vt 1023.6 864.404
v -67.99 1 -29.8182
vt 1023.6 857.711
v -68.1363 1 -29.6033
vt 1017.84 849.25
v -68.425 1 -29.4903
vt 1006.47 844.801
v -68.425 1 -29.2703
vt 1006.47 836.14
v -68.5752 1 -29.1096
vt 1000.56 829.811
v -68.986 1 -29.0219
vt 984.388 826.361
v -68.986 1 -18.9519
vt 984.388 429.904
v -68.686 1 -18.9519
vt 996.199 429.904
v -68.4115 1 -18.6209
vt 1007.01 416.872
v -68.1915 1 -18.6209
vt 1015.67 416.872
v -67.9599 1 -17.9857
vt 1024.78 391.863
vt 1062.58 391.863
vt 1101.95 391.863
v -61 1 -17.9857
vt 1298.8 391.863
v -60.9407 1 -18.3712
vt 1301.13 407.039
v -60.3718 1 -19.0161
vt 1323.53 432.429
v -59.6746 1 -18.9535
vt 1350.98 429.967
v -59.4142 1 -18.5865
vt 1361.23 415.518
v -59.1842 1 -18.5865
vt 1370.29 415.518
v -59.0552 1 -18.3608
vt 1375.36 406.63
v -59.0552 1 -18.0196
vt 1375.36 393.199
v -57.7067 1 -17.9543
vt 1428.45 390.629
v -57.4219 1 -17.5931
vt 1439.67 376.409
v -57.2019 1 -17.5931
vt 1448.33 376.409
v -57.002 1 -17.3432
vt 1456.2 366.57
v -56.8224 1 -17.4869
vt 1463.27 372.225
v -56.7224 1 -17.4869
vt 1467.2 372.225
v -56.681 1 -17.6414
vt 1468.83 378.31
v -56.377 1 -17.9998
vt 1480.81 392.42
v -51.707 1 -17.9998
vt 1664.66 392.42
v -51.4179 1 -17.5796
vt 1676.04 375.877
v -51.1779 1 -17.5796
vt 1685.49 375.877
v -50.9977 1 -17.3274
vt 1692.59 365.948
v -50.3672 1 -18.0394
vt 1717.41 393.976
v -44.0181 1 -18.0394
vt 1967.37 393.976
v -43.0181 1 -18.0394
vt 2006.74 393.976
v -41.7281 1 -18.0394
vt 2057.53 393.976
v -41.3949 1 -17.577
vt 2070.65 375.771
v -41.1549 1 -17.577
vt 2080.1 375.771
v -40.9798 1 -17.3334
vt 2086.99 366.181
v -40.3078 1 -18.0189
vt 2113.45 393.172
v -33.9978 1 -18.0189
vt 2361.88 393.172
v -33.9254 1 -18.3716
vt 2364.73 407.056
v -33.7106 1 -18.5181
vt 2373.18 412.823
v -33.6264 1 -18.7641
vt 2376.5 422.508
v -33.3566 1 -19.0317
vt 2387.12 433.043
v -33.0191 1 -19.0317
vt 2400.41 433.043
v -33.0191 1 -29.0217
vt 2400.41 826.35
v -33.1291 1 -29.0217
vt 2396.07 826.35
v -33.2886 1 -29.2758
vt 2389.8 836.355
v -33.6961 1 -29.3204
vt 2373.75 838.111
v -34.0143 1 -29.547
vt 2361.22 847.033
v -34.0143 1 -29.9942
vt 2361.22 864.641
v -35.0143 1 -29.9942
vt 2321.85 864.641
v -40.1143 1 -29.9942
vt 2121.07 864.641
v -40.3002 1 -30.2547
vt 2113.75 874.895
v -40.6844 1 -30.3217
vt 2098.62 877.533
v -40.8279 1 -30.475
vt 2092.97 883.569
v -40.9579 1 -30.475
vt 2087.85 883.569
v -41.0057 1 -30.5741
vt 2085.97 887.47
f 100/170/26 101/171/26 102/172/26 103/173/26 104/174/26 105/175/26 106/176/26 107/177/26 108/178/26 109/179/26 110/180/26 111/181/26 112/182/26 113/183/26 114/184/26 115/185/26 116/186/26 117/187/26 118/188/26 119/189/26 120/190/26 121/191/26 122/192/26 123/193/26 124/194/26 125/195/26 126/196/26 127/197/26 128/198/26 129/199/26 130/200/26 131/201/26 132/202/26 133/203/26 134/204/26 135/205/26 136/206/26 137/207/26 138/208/26 139/209/26 140/210/26 141/211/26 142/212/26 143/213/26 144/214/26 145/215/26 146/216/26 147/217/26 148/218/26 149/219/26 150/220/26 151/221/26 152/222/26 153/223/26 154/224/26 155/225/26 62/226/26 65/227/26 156/228/26 157/229/26 158/230/26 159/231/26 160/232/26 161/233/26 162/234/26 163/235/26 164/236/26 165/237/26 166/238/26 167/239/26 168/240/26 169/241/26 170/242/26 171/243/26 172/244/26 173/245/26 174/246/26 175/247/26 176/248/26 177/249/26 178/250/26 179/251/26 180/252/26 181/253/26 182/254/26 183/255/26 184/256/26 185/257/26 186/258/26 187/259/26 188/260/26 189/261/26 190/262/26 191/263/26 192/264/26 193/265/26 194/266/26 195/267/26 196/268/26 197/269/26 198/270/26 199/271/26 200/272/26 201/273/26 202/274/26 

g Mesh13 Group11 Model

v -22.9975 -1.44382e-15 -8.03236
vt 2794.96 -4.829e-31
vn -4.35645e-18 1 -1.0811e-17
v -22.9975 -1.44304e-15 -12.704
vt 2794.96 183.921
v -23.4428 -1.44382e-15 -12.4765
vt 2777.43 174.965
v -23.4428 -1.44382e-15 -12.2665
vt 2777.43 166.698
v -23.5886 -1.44382e-15 -12.1153
vt 2771.69 160.747
v -23.8186 -1.44382e-15 -12.1153
vt 2762.63 160.747
v -24.0214 -1.44382e-15 -11.9871
vt 2754.64 155.697
v -24.1114 -1.44382e-15 -11.9871
vt 2751.1 155.697
v -24.2863 -1.44382e-15 -12.2669
vt 2744.22 166.715
v -24.4963 -1.44382e-15 -12.2669
vt 2735.95 166.715
v -24.8364 -1.44382e-15 -12.4959
vt 2722.56 175.729
v -24.9364 -1.44382e-15 -12.4959
vt 2718.62 175.729
v -25.0205 -2.14297e-15 -12.6079
vt 2715.31 180.137
v -25.0205 -2.14297e-15 -12.7379
vt 2715.31 185.256
v -25.4315 -2.16579e-15 -12.49
vt 2699.13 175.498
v -25.4315 -2.16579e-15 -12.2669
vt 2699.13 166.715
v -25.5782 -2.16573e-15 -12.1309
vt 2693.36 161.36
v -26.06 -2.16573e-15 -11.9975
vt 2674.38 156.107
v -27.13 -2.16573e-15 -11.9975
vt 2632.26 156.107
v -27.2951 -2.16573e-15 -12.2599
vt 2625.76 166.439
v -27.5051 -2.16573e-15 -12.2599
vt 2617.49 166.439
v -28.0014 -1.44382e-15 -12.5669
vt 2597.95 178.527
v -28.0014 -1.44382e-15 -20.0021
vt 2597.95 471.248
v -26.9914 -1.44382e-15 -20.0021
vt 2637.72 471.248
v -26.9424 -2.15675e-15 -20.3688
vt 2639.64 485.687
v -26.3714 -2.16574e-15 -21.0252
vt 2662.13 511.527
v -26.0114 -2.16574e-15 -21.0252
vt 2676.3 511.527
v -25.9408 -2.16573e-15 -21.368
vt 2679.08 525.024
v -25.379 -2.16573e-15 -22.0058
vt 2701.2 550.137
v -24.6969 -2.16573e-15 -22.0058
vt 2728.05 550.137
v -24.3887 -2.16573e-15 -21.5747
vt 2740.18 533.161
v -24.1787 -2.16573e-15 -21.5747
vt 2748.45 533.161
v -24.0375 -2.16573e-15 -21.3563
vt 2754.01 524.566
v -24.0375 -2.16573e-15 -20.9163
vt 2754.01 507.243
v -23.6675 -2.16573e-15 -20.9163
vt 2768.58 507.243
v -23.4213 -2.16573e-15 -20.5639
vt 2778.27 493.366
v -23.2113 -2.16573e-15 -20.5639
vt 2786.54 493.366
v -22.9975 -1.44304e-15 -20.214
vt 2794.96 479.59
v -22.9975 -1.44304e-15 -23.9338
vt 2794.96 626.041
v -22.8393 -1.44386e-15 -24.2738
vt 2801.18 639.427
v -22.6479 -1.45635e-15 -24.4642
vt 2808.72 646.924
v -22.4115 -2.16573e-15 -24.5724
vt 2818.03 651.181
v -10.0315 -2.16573e-15 -24.5724
vt 3305.43 651.181
v -10.0315 -2.16573e-15 -28.7024
vt 3305.43 813.779
v -10.4126 -2.16573e-15 -28.4914
vt 3290.42 805.472
v -10.4456 -2.16573e-15 -28.284
vt 3289.13 797.307
v -10.6051 -2.16573e-15 -28.1047
vt 3282.85 790.249
v -10.8451 -2.16573e-15 -28.1047
vt 3273.4 790.249
v -11.0623 -2.16573e-15 -27.9807
vt 3264.85 785.369
v -12.1123 -2.16573e-15 -27.9807
vt 3223.51 785.369
v -12.2405 -2.16573e-15 -28.2296
vt 3218.46 795.168
v -12.4841 -2.16573e-15 -28.2861
vt 3208.87 797.392
v -12.6841 -2.16573e-15 -28.2861
vt 3201 797.392
v -12.7601 -2.16573e-15 -28.4037
vt 3198 802.02
v -13.0133 -2.16573e-15 -28.5451
vt 3188.04 807.586
v -13.0133 -2.16573e-15 -28.6951
vt 3188.04 813.492
v -13.4537 -2.16573e-15 -28.4803
vt 3170.7 805.037
v -13.4537 -2.16573e-15 -28.2837
vt 3170.7 797.297
v -13.5678 -2.16573e-15 -28.0956
vt 3166.21 789.89
v -13.8529 -2.16573e-15 -28.0956
vt 3154.98 789.89
v -14.0663 -2.16573e-15 -27.9857
vt 3146.58 785.563
v -15.1263 -2.16573e-15 -27.9857
vt 3104.85 785.563
v -15.2602 -2.16573e-15 -28.2316
vt 3099.58 795.245
v -15.6956 -2.16573e-15 -28.2952
vt 3082.44 797.75
v -15.8108 -2.16573e-15 -28.4707
vt 3077.9 804.66
v -15.9408 -2.16573e-15 -28.4707
vt 3072.78 804.66
v -16.0033 -2.16573e-15 -28.6712
vt 3070.32 812.554
v -16.4361 -2.16573e-15 -28.488
vt 3053.28 805.341
v -16.4361 -2.16573e-15 -28.2702
vt 3053.28 796.764
v -16.5553 -2.16573e-15 -28.0972
vt 3048.59 789.956
v -16.84 -2.16573e-15 -28.0972
vt 3037.38 789.956
v -17.055 -2.16573e-15 -27.9697
vt 3028.91 784.935
v -18.115 -2.16573e-15 -27.9697
vt 2987.18 784.935
v -18.2574 -2.16573e-15 -28.2338
vt 2981.57 795.33
v -18.6698 -2.16573e-15 -28.3136
vt 2965.34 798.473
v -19.0174 -2.16573e-15 -28.5667
vt 2951.65 808.437
v -19.0174 -2.16573e-15 -28.7867
vt 2951.65 817.098
v -19.096 -2.16573e-15 -28.6589
vt 2948.56 812.068
v -19.4349 -2.16577e-15 -28.4658
vt 2935.22 804.467
v -19.4349 -2.16577e-15 -28.2571
vt 2935.22 796.251
v -19.554 -2.15835e-15 -28.1092
vt 2930.53 790.425
v -19.814 -2.15835e-15 -28.1092
vt 2920.29 790.425
v -20.0423 -1.44382e-15 -27.9846
vt 2911.3 785.522
v -21.1023 -1.44382e-15 -27.9846
vt 2869.57 785.522
v -21.2318 -1.4439e-15 -28.1985
vt 2864.47 793.942
v -21.6595 -1.43719e-15 -28.3016
vt 2847.63 798
v -22.0145 -2.16772e-15 -28.5781
vt 2833.66 808.886
v -22.0145 -2.16772e-15 -29.9781
vt 2833.66 864.004
v -22.9745 -2.16772e-15 -29.9781
vt 2795.86 864.004
v -23.0645 -2.52585e-15 -29.6814
vt 2792.32 852.325
v -23.4251 -2.16573e-15 -29.5083
vt 2778.12 845.509
v -23.4251 -2.16573e-15 -29.2783
vt 2778.12 836.454
v -23.5859 -2.16573e-15 -29.1432
vt 2771.79 831.136
v -23.948 -2.16573e-15 -29.067
vt 2757.54 828.136
v -24.0554 -2.16573e-15 -28.6921
vt 2753.31 813.375
v -24.4323 -2.16575e-15 -28.4851
vt 2738.47 805.224
v -24.4323 -2.16575e-15 -28.2651
vt 2738.47 796.563
v -24.5789 -2.15833e-15 -28.1011
vt 2732.7 790.106
v -24.8089 -2.15833e-15 -28.1011
vt 2723.64 790.106
v -25.0212 -1.44383e-15 -27.9892
vt 2715.28 785.702
v -25.4012 -1.44383e-15 -27.9892
vt 2700.32 785.702
v -25.6259 -1.44111e-15 -28.3675
vt 2691.48 800.597
v -26.0034 -2.16573e-15 -28.5734
vt 2676.62 808.704
v -26.0034 -2.16573e-15 -28.9734
vt 2676.62 824.452
v -26.1234 -2.16573e-15 -28.9734
vt 2671.89 824.452
v -26.2722 -2.16573e-15 -29.2224
vt 2666.03 834.252
v -26.6741 -2.16573e-15 -29.3035
vt 2650.21 837.445
v -26.835 -2.16573e-15 -29.4678
vt 2643.87 843.914
v -26.915 -2.16573e-15 -29.4678
vt 2640.73 843.914
v -27.0247 -2.16573e-15 -29.5548
vt 2636.41 847.341
v -27.0247 -2.16573e-15 -29.9848
vt 2636.41 864.27
v -29.9647 -2.16573e-15 -29.9848
vt 2520.66 864.27
v -30.0582 -2.16573e-15 -29.6788
vt 2516.98 852.222
v -30.4143 -2.16541e-15 -29.4966
vt 2502.96 845.049
v -30.4143 -2.16541e-15 -29.2666
vt 2502.96 835.994
v -30.5557 -2.17943e-15 -29.1114
vt 2497.39 829.883
v -30.8457 -2.17943e-15 -29.1114
vt 2485.97 829.883
v -30.977 -1.44382e-15 -29.0388
vt 2480.8 827.026
v -30.977 -1.44382e-15 -19.9588
vt 2480.8 469.546
v -30.687 -1.44382e-15 -19.9588
vt 2492.22 469.546
v -30.4249 -1.44681e-15 -19.5808
vt 2502.54 454.663
v -30.1961 -1.44681e-15 -19.5808
vt 2511.55 454.663
v -30.0387 -2.16573e-15 -19.3615
vt 2517.75 446.027
v -30.0387 -2.16573e-15 -12.6915
vt 2517.75 183.429
v -30.4249 -2.16573e-15 -12.4808
vt 2502.54 175.133
v -30.4249 -2.16573e-15 -12.2608
vt 2502.54 166.472
v -30.5818 -2.16573e-15 -12.1212
vt 2496.36 160.976
v -30.8118 -2.16573e-15 -12.1212
vt 2487.31 160.976
v -30.9882 -2.16573e-15 -11.9736
vt 2480.36 155.166
v -31.1282 -2.16573e-15 -11.9736
vt 2474.85 155.166
v -31.2714 -2.16573e-15 -12.2258
vt 2469.21 165.095
v -31.6752 -2.16573e-15 -12.2967
vt 2453.31 167.886
v -31.8338 -2.16573e-15 -12.4769
vt 2447.07 174.981
v -31.9338 -2.16573e-15 -12.4769
vt 2443.14 174.981
v -32.0099 -2.16573e-15 -12.7045
vt 2440.14 183.941
v -32.4424 -2.16573e-15 -12.4741
vt 2423.11 174.87
v -32.4424 -2.16573e-15 -12.2641
vt 2423.11 166.602
v -32.5965 -2.16573e-15 -12.1071
vt 2417.04 160.422
v -32.8265 -2.16573e-15 -12.1071
vt 2407.99 160.422
v -33.0503 -2.16573e-15 -11.9747
vt 2399.18 155.211
v -35.1103 -2.16573e-15 -11.9747
vt 2318.08 155.211
v -35.2772 -2.16573e-15 -12.236
vt 2311.5 165.496
v -35.6704 -2.16573e-15 -12.3092
vt 2296.02 168.381
v -36.0122 -2.16573e-15 -12.5702
vt 2282.57 178.655
v -36.0122 -2.16573e-15 -12.8402
vt 2282.57 189.285
v -36.1088 -2.16573e-15 -12.6766
vt 2278.76 182.845
v -36.4541 -2.16573e-15 -12.4746
vt 2265.17 174.893
v -36.4541 -2.16573e-15 -12.2829
vt 2265.17 167.343
v -36.5706 -2.16573e-15 -12.1082
vt 2260.58 160.466
v -36.8306 -2.16573e-15 -12.1082
vt 2250.35 160.466
v -37.0563 -2.16573e-15 -11.9791
vt 2241.46 155.382
v -40.1263 -2.16573e-15 -11.9791
vt 2120.59 155.382
v -40.2685 -2.16573e-15 -12.2432
vt 2115 165.782
v -40.4919 -2.16573e-15 -12.2432
vt 2106.2 165.782
v -40.6797 -2.16579e-15 -12.3119
vt 2098.81 168.488
v -40.8331 -2.16831e-15 -12.4696
vt 2092.77 174.695
v -41.0246 -1.44382e-15 -12.5559
vt 2085.23 178.093
v -41.0246 -1.44382e-15 -12.6959
vt 2085.23 183.604
v -41.4146 -1.44372e-15 -12.4922
vt 2069.88 175.583
v -41.4146 -1.44372e-15 -12.2622
vt 2069.88 166.528
v -41.5785 -1.46735e-15 -12.1008
vt 2063.42 160.175
v -41.8385 -1.46735e-15 -12.1008
vt 2053.19 160.175
v -42.0281 -2.88765e-15 -11.9894
vt 2045.72 155.787
vt 2006.74 155.787
vt 1967.37 155.787
v -44.0181 -1.44382e-15 -8.03236
vt 1967.37 -5.21877e-31
f 203/275/27 204/276/27 205/277/27 206/278/27 207/279/27 208/280/27 209/281/27 210/282/27 211/283/27 212/284/27 213/285/27 214/286/27 215/287/27 216/288/27 217/289/27 218/290/27 219/291/27 220/292/27 221/293/27 222/294/27 223/295/27 224/296/27 225/297/27 226/298/27 227/299/27 228/300/27 229/301/27 230/302/27 231/303/27 232/304/27 233/305/27 234/306/27 235/307/27 236/308/27 237/309/27 238/310/27 239/311/27 240/312/27 241/313/27 242/314/27 243/315/27 244/316/27 245/317/27 246/318/27 247/319/27 248/320/27 249/321/27 250/322/27 251/323/27 252/324/27 253/325/27 254/326/27 255/327/27 256/328/27 257/329/27 258/330/27 259/331/27 260/332/27 261/333/27 262/334/27 263/335/27 264/336/27 265/337/27 266/338/27 267/339/27 268/340/27 269/341/27 270/342/27 271/343/27 272/344/27 273/345/27 274/346/27 275/347/27 276/348/27 277/349/27 278/350/27 279/351/27 280/352/27 281/353/27 282/354/27 283/355/27 284/356/27 285/357/27 286/358/27 287/359/27 288/360/27 289/361/27 290/362/27 291/363/27 292/364/27 293/365/27 294/366/27 295/367/27 296/368/27 297/369/27 298/370/27 299/371/27 300/372/27 301/373/27 302/374/27 303/375/27 304/376/27 305/377/27 306/378/27 307/379/27 308/380/27 309/381/27 310/382/27 311/383/27 312/384/27 313/385/27 314/386/27 315/387/27 316/388/27 317/389/27 318/390/27 319/391/27 320/392/27 321/393/27 322/394/27 323/395/27 324/396/27 325/397/27 326/398/27 327/399/27 328/400/27 329/401/27 330/402/27 331/403/27 332/404/27 333/405/27 334/406/27 335/407/27 336/408/27 337/409/27 338/410/27 339/411/27 340/412/27 341/413/27 342/414/27 343/415/27 344/416/27 345/417/27 346/418/27 347/419/27 348/420/27 349/421/27 350/422/27 351/423/27 352/424/27 353/425/27 354/426/27 355/427/27 356/428/27 357/429/27 358/430/27 359/431/27 360/432/27 361/433/27 362/434/27 363/435/27 364/436/27 365/437/27 58/438/27 55/439/27 366/440/27 

g Mesh14 Group11 Model

v -89.0205 2.50259 -17.9885
vt 195.625 391.975
vn 1.52689e-17 1 -5.97716e-17
v -88.0205 2.50259 -17.9885
vt 234.996 391.975
v -81.9894 2.50259 -17.9885
vt 472.441 391.975
v -81.9894 2.50259 -29.9985
vt 472.441 864.81
v -93.9894 2.50259 -29.9985
vt -1.5044e-15 864.81
v -93.9894 2.50259 -17.9885
vt -1.5044e-15 391.975
f 367/441/28 368/442/28 369/443/28 370/444/28 371/445/28 372/446/28 

g Mesh15 Group12 Model

usemtl _7
v -88.0205 -1 -11.0184
vn 8.73824e-17 0.893527 0.449009
v -88.0205 2.50259 -17.9885
vt -66 20.3152
v -89.0205 2.50259 -17.9885
vt -67 20.3152
v -89.0205 -1 -11.0184
f 373/123/29 374/447/29 375/448/29 376/122/29 

usemtl FrontColor
v -88.0205 -1 -14.9984
v -88.0205 -1 -17.9885
vt 274.416 1.56319e-13
vt 274.416 137.897
f 373/22/1 377/118/1 378/449/1 374/450/1 

v -89.0205 -1 -17.9885
vt -3.09025e-45 274.416
vn 1.97688e-32 -1 -5.39055e-16
vt -39.3701 274.416
vt -39.3701 -4.19547e-46
v -89.0205 -1 -14.9984
f 379/451/30 378/452/30 377/115/30 373/453/30 376/22/30 380/114/30 

vt -39.3701 1.56319e-13
vt 0 1.56319e-13
vt 0 137.897
vt -39.3701 137.897
f 378/454/5 379/455/5 375/456/5 374/457/5 

vt -274.416 137.897
vt -274.416 1.56319e-13
f 380/112/3 376/22/3 375/458/3 379/459/3 

g Mesh16 Group13 Model

usemtl _4
v 41.0214 -2.16572e-15 -2.02801
vt -41.0214 2.02801
v 59.9914 -2.16572e-15 -2.02801
vt -59.9914 2.02801
v 59.9914 -2.16572e-15 0.00828118
vt -59.9914 -0.00828118
v 47.9968 -2.16573e-15 0.00828118
vt -47.9968 -0.00828118
v 41.0214 -2.16572e-15 0.00828118
vt -41.0214 -0.00828118
f 381/460/9 382/461/9 383/462/9 384/463/9 385/464/9 

vt -59.9914 -2.16572e-15
vt -41.0214 -2.16572e-15
v 41.0214 4 -2.02801
vt -41.0214 4
v 59.9914 4 -2.02801
vt -59.9914 4
f 382/465/5 381/466/5 386/467/5 387/468/5 

vt -2.02801 -2.16572e-15
vt 0.00828118 -2.16572e-15
v 41.0214 4 0.00828118
vt 0.00828118 4
vt -2.02801 4
f 381/469/3 385/470/3 388/471/3 386/472/3 

vt 59.9914 2.02801
vn 6.14011e-17 1 -6.8382e-16
vt 41.0214 2.02801
vt 41.0214 -0.00828118
v 47.9968 4 0.00828118
vt 47.9968 -0.00828118
v 59.9914 4 0.00828118
vt 59.9914 -0.00828118
f 387/473/31 386/474/31 388/475/31 389/476/31 390/477/31 

vt 47.9968 -2.16573e-15
vt 59.9914 -2.16572e-15
vt 59.9914 4
vt 47.9968 4
f 384/478/7 383/479/7 390/480/7 389/481/7 

vt -0.00828118 -2.16572e-15
vt 2.02801 -2.16572e-15
vt 2.02801 4
vt -0.00828118 4
f 383/482/1 382/483/1 387/484/1 390/485/1 

g Mesh17 Group14 Model

usemtl FrontColor
v -73.9963 -1 -17.9857
v -73.9963 -1 -14.0057
v -73.9963 1 -17.9857
f 391/112/3 392/22/3 393/113/3

v -72.9963 -1 -17.9857
v -72.9963 -1 -14.0057
f 391/114/9 394/115/9 395/14/9 392/22/9 

v -72.9963 1 -17.9857
f 396/116/5 394/14/5 391/22/5 393/117/5 

f 394/118/1 396/119/1 395/22/1

usemtl _7
f 396/120/20 393/121/20 392/122/20 395/123/20 

g Mesh18 Group15 Model

usemtl Color_C02
v 124.984 -2.0755e-15 -29.9846
vt 471.26 471.654
vn 0 1 -0
v 113.014 -2.0755e-15 -29.9846
vt 0 471.654
v 113.014 -2.0755e-15 -18.0046
v 117.974 -2.0755e-15 -18.0046
vt 195.276 0
v 118.974 -2.0755e-15 -18.0046
vt 234.646 0
v 124.984 -2.0755e-15 -18.0046
vt 471.26 0
f 397/486/32 398/487/32 399/22/32 400/488/32 401/489/32 402/490/32 

g Mesh19 Group16 Model

v 64.0016 1 -40.1367
vt 0 241.262
vn -2.29196e-17 1 -7.26876e-18
v 64.0016 1 -36.9522
vt 3.25707e-31 115.886
v 64.2917 1 -36.9522
vt 11.4197 115.886
v 64.5916 1 -36.5774
vt 23.2257 101.13
v 64.8216 1 -36.5774
vt 32.2808 101.13
v 64.9982 1 -36.3731
vt 39.2332 93.089
v 64.9982 1 -34.9388
vt 39.2332 36.6191
v 65.3082 1 -34.9388
vt 51.4379 36.6191
v 65.6097 1 -34.5654
vt 63.3102 21.9164
v 65.7997 1 -34.5654
vt 70.7905 21.9164
v 66.0032 1 -34.3587
vt 78.7997 13.7795
v 66.0032 1 -34.0087
vt 78.7997 1.31278e-32
v 67.0032 1 -34.0087
vt 118.17 1.96867e-32
v 68.0032 1 -34.0087
vt 157.54 2.62457e-32
v 82.0195 1 -34.0087
vt 709.366 1.18178e-31
v 83.0195 1 -34.0087
vt 748.736 1.24737e-31
v 84.0718 1 -34.0087
vt 790.164 -7.49515e-32
v 84.0718 1 -34.3424
vt 790.164 13.1389
v 84.6203 1 -35.0177
vt 811.759 39.7258
v 84.9803 1 -35.0177
vt 825.932 39.7258
v 84.9803 1 -44.9477
vt 825.932 430.671
v 84.7856 1 -45.2142
vt 818.267 441.161
v 84.3393 1 -45.3255
vt 800.696 445.545
v 83.9963 1 -45.5848
vt 787.191 455.754
v 83.9963 1 -45.9848
vt 787.191 471.502
v 69.9863 1 -45.9848
vt 235.616 471.502
v 68.9863 1 -45.9848
vt 196.246 471.502
v 66.9879 1 -45.9848
vt 117.57 471.502
v 66.8581 1 -45.6499
vt 112.461 458.316
v 66.5218 1 -45.4957
vt 99.2193 452.245
v 66.5218 1 -45.2557
vt 99.2193 442.797
v 66.3622 1 -45.1193
vt 92.9341 437.425
v 65.9597 1 -45.0411
vt 77.0887 434.346
v 65.9597 1 -42.7015
vt 77.0887 342.238
v 65.5601 1 -42.4946
vt 61.3557 334.093
v 65.5601 1 -42.2746
vt 61.3557 325.431
v 65.4442 1 -42.1241
vt 56.7939 319.503
v 64.9521 1 -42.0355
vt 37.4198 316.018
v 64.9521 1 -40.689
vt 37.4198 263.006
v 64.5742 1 -40.484
vt 22.5399 254.932
v 64.5742 1 -40.284
vt 22.5399 247.058
v 64.4222 1 -40.0982
vt 16.5593 239.743
v 64.1122 1 -40.0982
vt 4.35453 239.743
v 64.1122 1 -40.2912
vt 4.35453 247.344
f 403/491/33 404/492/33 405/493/33 406/494/33 407/495/33 408/496/33 409/497/33 410/498/33 411/499/33 412/500/33 413/501/33 414/502/33 415/503/33 416/504/33 417/505/33 418/506/33 419/507/33 420/508/33 421/509/33 422/510/33 423/511/33 424/512/33 425/513/33 426/514/33 427/515/33 428/516/33 429/517/33 430/518/33 431/519/33 432/520/33 433/521/33 434/522/33 435/523/33 436/524/33 437/525/33 438/526/33 439/527/33 440/528/33 441/529/33 442/530/33 443/531/33 444/532/33 445/533/33 446/534/33 

g Mesh20 Group17 Model

usemtl _7
v 54.9745 -1 -32.0035
vt 54.9745 28.7078
vn -1.28378e-18 0.89702 0.44199
v 55.9745 -1 -32.0035
vt 55.9745 28.7078
v 55.9745 -1.44382e-15 -34.033
vt 55.9745 30.9703
v 54.9745 -1.44382e-15 -34.033
vt 54.9745 30.9703
f 447/535/34 448/536/34 449/537/34 450/538/34 

usemtl FrontColor
v 54.9745 -1 -34.033
vt 1.15012e-31 79.9017
vn 1.43116e-18 -1 -4.44635e-17
v 55.9745 -1 -34.033
vt -39.3701 79.9017
vt -39.3701 -3.65346e-30
vt 1.17595e-31 -3.65346e-30
f 451/539/35 452/540/35 448/541/35 447/542/35 

vt -39.3701 -7.85585e-14
vn 0 -2.18718e-17 -1
vt 0 -7.86149e-14
f 452/543/36 451/544/36 450/25/36 449/105/36 

vt -79.9017 -8.03625e-14
vn -1 -1.43116e-18 -0
vt 0 -8.21676e-14
vt -79.9017 39.3701
f 451/545/37 447/546/37 450/547/37

vn 1 1.43116e-18 -0
vt 79.9017 -8.03625e-14
vt 79.9017 39.3701
f 448/546/38 452/548/38 449/549/38

g Mesh21 Group18 Model

v 102.004 -2.88765e-15 -43.985
v 102.004 -2.16573e-15 -53.025
vt 355.906 2.84217e-14
v 102.004 4.5 -53.025
vt 355.906 177.165
f 453/22/1 454/550/1 455/551/1

v 101.004 -2.16573e-15 -53.025
vt 0 355.906
vn 0 -1 -7.98575e-17
vt -39.3701 355.906
v 101.004 -2.88765e-15 -43.985
f 456/552/39 454/553/39 453/14/39 457/22/39 

v 101.004 4.5 -53.025
vt 0 177.165
vt -39.3701 177.165
f 454/76/5 456/77/5 458/554/5 455/555/5 

vt -355.906 2.84217e-14
vt -355.906 177.165
f 456/556/3 457/22/3 458/557/3

usemtl _7
vt 101.004 39.3761
vn 0 0.895218 0.445628
vt 102.004 39.3761
vt 102.004 49.4742
vt 101.004 49.4742
f 457/558/40 453/559/40 455/560/40 458/561/40 

g Mesh22 Group19 Model

usemtl FrontColor
v -45.0143 -2.16573e-15 -34.0142
vt 0 158.268
v -44.0143 -2.16573e-15 -34.0142
vt -39.3701 158.268
v -44.0143 -2.16573e-15 -29.9942
v -45.0143 -2.16573e-15 -29.9942
f 459/562/9 460/563/9 461/14/9 462/22/9 

v -44.0143 3 -34.0142
v -45.0143 3 -34.0142
f 463/32/5 460/14/5 459/22/5 464/31/5 

vt 158.268 0
vt 158.268 118.11
v -44.0143 1 -29.9942
f 460/564/1 463/565/1 465/25/1 461/22/1 

usemtl _7
vt -44.0143 31.7898
vn 0 0.895316 0.445431
vt -45.0143 31.7898
v -45.0143 1 -29.9942
vt -45.0143 27.2998
vt -44.0143 27.2998
f 463/566/41 464/567/41 466/568/41 465/569/41 

usemtl FrontColor
vt -158.268 118.11
vt -158.268 0
f 462/22/3 466/25/3 464/570/3 459/571/3 

f 466/25/7 462/22/7 461/23/7 465/24/7 

g Mesh23 Group20 Model

v 120.983 -2.16573e-15 -50.0335
vt -39.3701 8.13124e-24
v 119.983 -2.16573e-15 -50.0335
vt 0 8.13124e-24
v 119.983 2 -50.0335
v 120.983 2 -50.0335
f 467/572/5 468/573/5 469/117/5 470/116/5 

vt 0 159.055
vn 0 -1 -5.11221e-26
vt -39.3701 159.055
v 120.983 -2.16573e-15 -45.9935
v 119.983 -2.16573e-15 -45.9935
f 468/574/42 467/575/42 471/14/42 472/22/42 

vt 159.055 8.13124e-24
vt 159.055 78.7402
f 471/22/1 467/576/1 470/577/1

usemtl _7
vt 119.983 45.7271
vn 0 0.896195 0.443661
vt 119.983 41.2192
vt 120.983 41.2192
vt 120.983 45.7271
f 469/578/43 472/579/43 471/580/43 470/581/43 

usemtl FrontColor
vt -159.055 8.13124e-24
vt -159.055 78.7402
f 468/582/3 472/22/3 469/583/3

g Mesh24 Group21 Model

usemtl _7
v 68.0032 1 -34.0087
vt 68.0032 33.2358
vn 0 0.970143 0.242536
v 67.0032 1 -34.0087
vt 67.0032 33.2358
v 67.0032 -2.88765e-15 -30.0087
vt 67.0032 29.1127
v 68.0032 -2.88765e-15 -30.0087
vt 68.0032 29.1127
f 473/584/44 474/585/44 475/586/44 476/587/44 

usemtl FrontColor
v 68.0032 -2.16573e-15 -34.0087
v 67.0032 -2.0755e-15 -34.0087
vt 0 3.19744e-14
f 477/76/5 478/588/5 474/25/5 473/105/5 

vn -4.51195e-17 -1 -1.91758e-16
vt 1.44267e-30 157.48
vt -39.3701 157.48
vt -39.3701 3.4063e-31
f 475/22/45 478/589/45 477/590/45 476/591/45 

vt -157.48 3.19744e-14
vt -157.48 39.3701
f 478/592/3 475/22/3 474/593/3

vt 157.48 2.84217e-14
vt 157.48 39.3701
f 476/22/1 477/594/1 473/595/1

g Mesh25 Group22 Model

usemtl _7
v 83.0195 1 -34.0087
vt 83.0195 33.8098
vn 0 0.990006 0.141026
v 82.0195 1 -34.0087
vt 82.0195 33.8098
v 82.0195 -1.44382e-15 -26.9887
vt 82.0195 26.719
v 83.0195 -1.44382e-15 -26.9887
vt 83.0195 26.719
f 479/596/46 480/597/46 481/598/46 482/599/46 

usemtl FrontColor
v 83.0195 -2.16573e-15 -34.0087
v 82.0195 -2.09272e-15 -34.0087
vt 0 2.87474e-15
f 483/14/5 484/600/5 480/25/5 479/105/5 

vt 1.03765e-30 -2.77497e-30
vn -3.65092e-17 -1 9.76356e-17
vt 1.04955e-31 276.378
vt -39.3701 276.378
vt -39.3701 -2.91531e-30
f 481/601/47 484/602/47 483/603/47 482/604/47 

vt -276.378 2.87474e-15
vt -276.378 39.3701
f 484/605/3 481/77/3 480/606/3

vt 276.378 0
vt 276.378 39.3701
f 482/77/1 483/607/1 479/608/1

g Mesh26 Group23 Model

v -35.0143 1 -29.9942
v -35.0143 -2.16573e-15 -29.9942
v -34.0143 -2.16573e-15 -29.9942
vt 39.3701 2.84217e-14
v -34.0143 1 -29.9942
f 485/25/7 486/77/7 487/609/7 488/24/7 

v -35.0143 3 -34.0142
v -35.0143 -2.16573e-15 -34.0142
vt -158.268 2.84217e-14
f 486/77/3 485/25/3 489/570/3 490/610/3 

usemtl _7
v -34.0143 3 -34.0142
vt -34.0143 31.7898
vt -35.0143 31.7898
vt -35.0143 27.2998
vt -34.0143 27.2998
f 491/611/41 489/612/41 485/613/41 488/614/41 

usemtl FrontColor
v -34.0143 -2.88765e-15 -34.0142
f 492/14/5 490/77/5 489/31/5 491/32/5 

vt 1.0259e-29 158.268
vn -3.60956e-16 -1 8.979e-17
vt -39.3701 -3.82798e-30
vt 1.0259e-29 -2.55198e-30
f 490/615/48 492/563/48 487/616/48 486/617/48 

f 488/25/1 487/77/1 492/564/1 491/565/1 

g Mesh27 Group24 Model

usemtl _7
v -10.9928 8.5 -54.0012
vt -10.9928 52.1015
vn 2.60612e-30 0.894427 0.447214
v -11.9928 8.5 -54.0012
vt -11.9928 52.1015
v -11.9928 3 -43.0012
vt -11.9928 39.8031
v -10.9928 3 -43.0012
vt -10.9928 39.8031
f 493/618/49 494/619/49 495/620/49 496/621/49 

usemtl FrontColor
v -11.9928 -2.16573e-15 -54.0012
vt -1.13687e-13 0
vt 0 334.646
vt -39.3701 334.646
v -10.9928 -2.16573e-15 -54.0012
f 497/622/5 494/623/5 493/624/5 498/14/5 

vt -433.071 334.646
vn -1 -3.02092e-16 5.57336e-17
vt -433.071 -4.16354e-29
v -11.9928 -2.16573e-15 -43.0012
vt 6.33617e-30 -3.43439e-29
vt 6.33617e-30 118.11
f 494/625/50 497/626/50 499/627/50 495/628/50 

v -10.9928 -2.16573e-15 -43.0012
vt -1.13687e-13 433.071
vt -39.3701 433.071
f 500/14/9 499/622/9 497/629/9 498/630/9 

vt 1.13687e-13 0
vt 1.13687e-13 118.11
f 499/631/7 500/23/7 496/57/7 495/632/7 

vt 433.071 0
vt 433.071 334.646
f 498/633/1 493/634/1 496/31/1 500/22/1 

g Mesh28 Group25 Model

v -54.0043 -2.16573e-15 -34.0142
v -53.0043 -2.16573e-15 -34.0142
v -53.0043 -2.16573e-15 -29.9942
v -54.0043 -2.16573e-15 -29.9942
f 501/562/9 502/563/9 503/14/9 504/22/9 

v -54.0043 3 -34.0142
v -53.0043 3 -34.0142
f 501/22/5 505/31/5 506/32/5 502/14/5 

v -54.0043 1 -29.9942
f 504/22/3 507/25/3 505/570/3 501/571/3 

v -53.0043 1 -29.9942
f 507/25/7 504/22/7 503/23/7 508/24/7 

f 508/25/1 503/22/1 502/564/1 506/565/1 

usemtl _7
vt -53.0043 31.7898
vt -54.0043 31.7898
vt -54.0043 27.2998
vt -53.0043 27.2998
f 506/635/41 505/636/41 507/637/41 508/638/41 

g Mesh29 Group26 Model

v 92.9859 -2.88765e-15 -43.985
vt 92.9859 39.3805
v 93.9859 -2.88765e-15 -43.985
vt 93.9859 39.3805
v 93.9859 3 -50.015
vt 93.9859 46.1155
v 92.9859 3 -50.015
vt 92.9859 46.1155
f 509/639/41 510/640/41 511/641/41 512/642/41 

usemtl FrontColor
vn 0 -1 -1.1972e-16
v 92.9859 -2.16573e-15 -50.015
vt 0 237.402
v 93.9859 -2.16573e-15 -50.015
vt -39.3701 237.402
f 509/22/51 513/643/51 514/644/51 510/14/51 

vt -237.402 2.84217e-14
vt -237.402 118.11
f 513/645/3 509/22/3 512/646/3

f 514/76/5 513/77/5 512/31/5 511/32/5 

vt 237.402 2.84217e-14
vt 237.402 118.11
f 510/22/1 514/647/1 511/648/1

g Mesh30 Group27 Model

usemtl _1
v 39.0008 4 2.02629
vt 39.0008 -2.02629
v 39.0008 4 0.00828118
vt 39.0008 -0.00828118
v 31.9958 4 0.00828118
vt 31.9958 -0.00828118
v 31.9958 4 3.49828
vt 31.9958 -3.49828
v 32.1558 4 3.49828
vt 32.1558 -3.49828
v 32.3483 4 3.70165
vt 32.3483 -3.70165
v 32.7473 4 3.70165
vt 32.7473 -3.70165
v 32.8959 4 4.00744
vt 32.8959 -4.00744
v 33.0159 4 4.00744
vt 33.0159 -4.00744
v 33.2129 4 3.88862
vt 33.2129 -3.88862
v 33.4229 4 3.88862
vt 33.4229 -3.88862
v 33.5601 4 3.70402
vt 33.5601 -3.70402
v 33.5601 4 3.52402
vt 33.5601 -3.52402
v 33.9641 4 3.28384
vt 33.9641 -3.28384
v 33.9641 4 2.94851
vt 33.9641 -2.94851
v 34.4277 4 2.87115
vt 34.4277 -2.87115
v 34.5872 4 2.75057
vt 34.5872 -2.75057
v 34.5872 4 2.52057
vt 34.5872 -2.52057
v 34.9704 4 2.26606
vt 34.9704 -2.26606
v 34.9704 4 1.96606
vt 34.9704 -1.96606
v 35.4416 4 1.87463
vt 35.4416 -1.87463
v 35.5684 4 1.7331
vt 35.5684 -1.7331
v 35.5684 4 1.5331
vt 35.5684 -1.5331
v 35.9759 4 1.31973
vt 35.9759 -1.31973
v 35.9759 4 1.44973
vt 35.9759 -1.44973
v 36.3491 4 1.6828
vt 36.3491 -1.6828
v 36.7614 4 1.80503
vt 36.7614 -1.80503
v 36.8777 4 2.02629
vt 36.8777 -2.02629
f 515/649/32 516/650/32 517/651/32 518/652/32 519/653/32 520/654/32 521/655/32 522/656/32 523/657/32 524/658/32 525/659/32 526/660/32 527/661/32 528/662/32 529/663/32 530/664/32 531/665/32 532/666/32 533/667/32 534/668/32 535/669/32 536/670/32 537/671/32 538/672/32 539/673/32 540/674/32 541/675/32 542/676/32 

v 39.0008 -2.16573e-15 2.02629
vt -2.02629 -2.16573e-15
v 39.0008 -2.16572e-15 0.00828118
vt -2.02629 4
f 543/677/1 544/482/1 516/485/1 515/678/1 

v 36.8777 -2.16573e-15 2.02629
vt 36.8777 -2.28538e-15
vn 0 5.90458e-17 1
vt 39.0008 -2.28538e-15
vt 39.0008 4
vt 36.8777 4
f 545/679/52 543/680/52 515/681/52 542/682/52 

v 36.7614 -2.16573e-15 1.80503
vt 18.7111 -6.14226e-16
vn -0.885032 4.89517e-17 0.465531
vt 18.9611 -6.14226e-16
vt 18.9611 4
vt 18.7111 4
f 546/683/53 545/684/53 542/685/53 541/686/53 

v 36.3491 -2.16573e-15 1.6828
vt 35.3279 -1.61201e-15
vn -0.284269 6.35041e-17 0.958744
vt 35.7579 -1.61201e-15
vt 35.7579 4
vt 35.3279 4
f 547/687/54 546/688/54 541/689/54 540/690/54 

v 35.9759 -2.16573e-15 1.44973
vt 31.2822 -1.04393e-15
vn -0.529698 6.29283e-17 0.848186
vt 31.7222 -1.04393e-15
vt 31.7222 4
vt 31.2822 4
f 548/691/55 547/692/55 540/693/55 539/694/55 

v 35.9759 -2.16573e-15 1.31973
vt 1.31973 -1.29324e-15
vn -1 2.42523e-17 -0
vt 1.44973 -1.29324e-15
vt 1.44973 4
vt 1.31973 4
f 549/695/56 548/696/56 539/697/56 538/698/56 

v 35.5684 -2.16573e-15 1.5331
vt 30.7994 -2.89893e-15
vn 0.463851 4.10601e-17 0.885913
vt 31.2594 -2.89893e-15
vt 31.2594 4
vt 30.7994 4
f 550/699/57 549/700/57 538/701/57 537/702/57 

v 35.5684 -2.16573e-15 1.7331
vt -1.7331 -1.30312e-15
vn 1 -2.42523e-17 -0
vt -1.5331 -1.30312e-15
vt -1.5331 4
vt -1.7331 4
f 551/703/58 550/704/58 537/705/58 536/706/58 

v 35.4416 -2.16573e-15 1.87463
vt 22.2501 -2.75552e-15
vn 0.744883 2.133e-17 0.667195
vt 22.4401 -2.75552e-15
vt 22.4401 4
vt 22.2501 4
f 552/707/59 551/708/59 536/709/59 535/710/59 

v 34.9704 -2.16573e-15 1.96606
vt 33.9556 -2.62403e-15
vn 0.190477 5.33453e-17 0.981692
vt 34.4356 -2.62403e-15
vt 34.4356 4
vt 33.9556 4
f 553/711/60 552/712/60 535/713/60 534/714/60 

v 34.9704 -2.16573e-15 2.26606
vt -2.26606 -1.31762e-15
vt -1.96606 -1.31762e-15
vt -1.96606 4
vt -2.26606 4
f 554/715/58 553/716/58 534/717/58 533/718/58 

v 34.5872 -2.16573e-15 2.52057
vt 27.4164 -2.92528e-15
vn 0.55328 3.57666e-17 0.832995
vt 27.8764 -2.92528e-15
vt 27.8764 4
vt 27.4164 4
f 555/719/61 554/720/61 533/721/61 532/722/61 

v 34.5872 -2.16573e-15 2.75057
vt -2.75057 -1.32691e-15
vt -2.52057 -1.32691e-15
vt -2.52057 4
vt -2.75057 4
f 556/723/58 555/724/58 532/725/58 531/726/58 

v 34.4277 -2.16574e-15 2.87115
vt 25.735 -2.91443e-15
vn 0.602933 3.24838e-17 0.797792
vt 25.935 -2.91443e-15
vt 25.935 4
vt 25.735 4
f 557/727/62 556/728/62 531/729/62 530/730/62 

v 33.9641 -2.16672e-15 2.94851
vt 33.0156 -2.62774e-15
vn 0.164582 5.42492e-17 0.986363
vt 33.4856 -2.62676e-15
vt 33.4856 4
vt 33.0156 4
f 558/731/63 557/732/63 530/733/63 529/734/63 

v 33.9641 -2.16672e-15 3.28384
vt -3.28384 -1.34301e-15
vt -2.94851 -1.34301e-15
vt -2.94851 4
vt -3.28384 4
f 559/735/58 558/736/58 529/737/58 528/738/58 

v 33.5601 -2.53344e-15 3.52402
vt 27.0462 -3.30752e-15
vn 0.511025 3.83603e-17 0.859566
vt 27.5162 -2.9408e-15
vt 27.5162 4
vt 27.0462 4
f 560/739/64 559/740/64 528/741/64 527/742/64 

v 33.5601 -2.53344e-15 3.70402
vt -3.70402 -1.71953e-15
vt -3.52402 -1.71953e-15
vt -3.52402 4
vt -3.70402 4
f 561/743/58 560/744/58 527/745/58 526/746/58 

v 33.4229 -2.15104e-15 3.88862
vt 16.8157 -2.61024e-15
vn 0.802613 1.57557e-17 0.5965
vt 17.0457 -2.99264e-15
vt 17.0457 4
vt 16.8157 4
f 562/747/65 561/748/65 526/749/65 525/750/65 

v 33.2129 -2.15104e-15 3.88862
vt 33.2129 -2.38065e-15
vt 33.4229 -2.38065e-15
vt 33.4229 4
vt 33.2129 4
f 563/751/52 562/752/52 525/753/52 524/754/52 

v 33.0159 -1.44381e-15 4.00744
vt 26.1985 -2.2229e-15
vn 0.516616 3.8027e-17 0.856217
vt 26.4285 -2.93013e-15
vt 26.4285 4
vt 26.1985 4
f 564/755/66 563/756/66 524/757/66 523/758/66 

v 32.8959 -1.44381e-15 4.00744
vt 32.8959 -1.68044e-15
vt 33.0159 -1.68044e-15
vt 33.0159 4
vt 32.8959 4
f 565/759/52 564/760/52 523/761/52 522/762/52 

v 32.7473 -1.44543e-15 3.70165
vt 17.6444 -1.19844e-16
vn -0.899394 4.76236e-17 0.437139
vt 17.9844 -1.1823e-16
vt 17.9844 4
vt 17.6444 4
f 566/763/67 565/764/67 522/765/67 521/766/67 

v 32.3483 -1.44543e-15 3.70165
vt 32.3483 -1.664e-15
vt 32.7473 -1.664e-15
vt 32.7473 4
vt 32.3483 4
f 567/767/52 566/768/52 521/769/52 520/770/52 

v 32.1558 -2.16572e-15 3.49828
vt 24.644 -9.46399e-16
vn -0.726301 5.82012e-17 0.687377
vt 24.924 -2.26103e-16
vt 24.924 4
vt 24.644 4
f 568/771/68 567/772/68 520/773/68 519/774/68 

v 31.9958 -2.16572e-15 3.49828
vt 31.9958 -2.37228e-15
vt 32.1558 -2.37228e-15
vt 32.1558 4
vt 31.9958 4
f 569/775/52 568/776/52 519/777/52 518/778/52 

v 31.9958 -2.16572e-15 0.00828118
vt 3.49828 -2.16572e-15
vt 3.49828 4
f 570/470/3 569/779/3 518/780/3 517/471/3 

g Mesh31 Group28 Model

v 45.1514 -2.16573e-15 4.5057
vt 31.1315 -2.16572e-15
vn -0.792053 5.30042e-22 0.610452
v 45.3101 -2.16573e-15 4.71163
vt 31.3915 -2.16572e-15
v 45.3101 4 4.71163
vt 31.3915 4
v 45.1514 4 4.5057
vt 31.1315 4
f 571/781/69 572/782/69 573/783/69 574/784/69 

vt 45.5273 -2.16573e-15
vn -0.137715 -4.5972e-22 0.990472
v 45.746 -2.16573e-15 4.77223
vt 45.9673 -2.16573e-15
v 45.746 4 4.77223
vt 45.9673 4
vt 45.5273 4
f 572/785/70 575/786/70 576/787/70 573/788/70 

vt 25.2182 -2.16571e-15
vn -0.888663 7.35949e-22 0.458561
v 45.8743 -2.16573e-15 5.02105
vt 25.4982 -2.16571e-15
v 45.8743 4 5.02105
vt 25.4982 4
vt 25.2182 4
f 575/789/71 577/790/71 578/791/71 576/792/71 

vt 45.8743 -2.16573e-15
vn 0 -6.24063e-22 1
v 45.9843 -2.16573e-15 5.02105
vt 45.9843 -2.16573e-15
v 45.9843 4 5.02105
vt 45.9843 4
vt 45.8743 4
f 577/793/72 579/794/72 580/795/72 578/796/72 

vt 5.02105 -2.16568e-15
vn -1 1.15018e-21 -0
v 45.9843 -2.16573e-15 5.44105
vt 5.44105 -2.16568e-15
v 45.9843 4 5.44105
vt 5.44105 4
vt 5.02105 4
f 579/797/73 581/798/73 582/799/73 580/800/73 

vt 40.0729 -2.16573e-15
vn -0.599285 1.89699e-22 0.800536
v 46.0964 -2.16573e-15 5.52495
vt 40.2129 -2.16573e-15
v 46.0964 4 5.52495
vt 40.2129 4
vt 40.0729 4
f 581/801/74 583/802/74 584/803/74 582/804/74 

vt 46.0964 -2.16573e-15
v 46.1664 -2.16573e-15 5.52495
vt 46.1664 -2.16573e-15
v 46.1664 4 5.52495
vt 46.1664 4
vt 46.0964 4
f 583/805/72 585/806/72 586/807/72 584/808/72 

vt 36.7619 -2.16572e-15
vn -0.701881 3.62772e-22 0.712294
v 46.3445 -2.16573e-15 5.70042
vt 37.0119 -2.16572e-15
v 46.3445 4 5.70042
vt 37.0119 4
vt 36.7619 4
f 585/809/75 587/810/75 588/811/75 586/812/75 

vt 46.2406 -2.16574e-15
vn -0.258834 -3.05091e-22 0.965922
v 46.7695 -2.16573e-15 5.81431
vt 46.6806 -2.16574e-15
v 46.7695 4 5.81431
vt 46.6806 4
vt 46.2406 4
f 587/813/76 589/814/76 590/815/76 588/816/76 

vt 28.9586 -2.16571e-15
vn -0.858735 6.67916e-22 0.51242
v 46.8925 -2.16573e-15 6.02041
vt 29.1986 -2.16571e-15
v 46.8925 4 6.02041
vt 29.1986 4
vt 28.9586 4
f 589/817/77 591/818/77 592/819/77 590/820/77 

vt 46.8925 -2.16573e-15
v 47.0225 -2.16573e-15 6.02041
vt 47.0225 -2.16573e-15
v 47.0225 4 6.02041
vt 47.0225 4
vt 46.8925 4
f 591/821/72 593/822/72 594/823/72 592/824/72 

vt 32.0214 -2.16569e-15
vn 0.645639 -1.21916e-21 0.763642
v 47.1828 -2.16573e-15 5.88482
vt 32.2314 -2.16569e-15
v 47.1828 4 5.88482
vt 32.2314 4
vt 32.0214 4
f 593/825/78 595/826/78 596/827/78 594/828/78 

vt 47.1828 -2.16573e-15
v 47.4128 -2.16573e-15 5.88482
vt 47.4128 -2.16573e-15
v 47.4128 4 5.88482
vt 47.4128 4
vt 47.1828 4
f 595/829/72 597/830/72 598/831/72 596/832/72 

vt 29.3429 -2.16569e-15
vn 0.707516 -1.25479e-21 0.706697
v 47.5542 -2.16573e-15 5.74332
vt 29.5429 -2.16569e-15
v 47.5542 4 5.74332
vt 29.5429 4
vt 29.3429 4
f 597/833/79 599/834/79 600/835/79 598/836/79 

vt -5.74332 -2.16568e-15
vn 1 -1.15018e-21 -0
v 47.5542 -2.16573e-15 5.52332
vt -5.52332 -2.16568e-15
v 47.5542 4 5.52332
vt -5.52332 4
vt -5.74332 4
f 599/837/80 601/838/80 602/839/80 600/840/80 

vt 38.5313 -2.1657e-15
vn 0.496657 -1.1129e-21 0.867947
v 47.9968 -2.16573e-15 5.27002
vt 39.0413 -2.1657e-15
v 47.9968 4 5.27002
vt 39.0413 4
vt 38.5313 4
f 601/841/81 603/842/81 604/843/81 602/844/81 

vt -5.27002 -2.16573e-15
vt -0.00828118 -2.16573e-15
vt -5.27002 4
f 603/845/1 384/846/1 389/485/1 604/847/1 

vt 47.9968 -5.27002
v 41.0214 4 2.02629
vt 41.0214 -2.02629
v 44.9914 4 2.02629
vt 44.9914 -2.02629
v 44.9914 4 4.41629
vt 44.9914 -4.41629
v 45.0714 4 4.5057
vt 45.0714 -4.5057
vt 45.1514 -4.5057
vt 45.3101 -4.71163
vt 45.746 -4.77223
vt 45.8743 -5.02105
vt 45.9843 -5.02105
vt 45.9843 -5.44105
vt 46.0964 -5.52495
vt 46.1664 -5.52495
vt 46.3445 -5.70042
vt 46.7695 -5.81431
vt 46.8925 -6.02041
vt 47.0225 -6.02041
vt 47.1828 -5.88482
vt 47.4128 -5.88482
vt 47.5542 -5.74332
vt 47.5542 -5.52332
f 604/848/32 389/476/32 388/475/32 605/849/32 606/850/32 607/851/32 608/852/32 574/853/32 573/854/32 576/855/32 578/856/32 580/857/32 582/858/32 584/859/32 586/860/32 588/861/32 590/862/32 592/863/32 594/864/32 596/865/32 598/866/32 600/867/32 602/868/32 

v 41.0214 -2.16572e-15 2.02629
vt 2.02629 -2.16572e-15
vt 2.02629 4
f 385/470/3 609/869/3 605/870/3 388/471/3 

vt 41.0214 -2.16572e-15
v 44.9914 -2.16572e-15 2.02629
vt 44.9914 -2.16572e-15
vt 44.9914 4
vt 41.0214 4
f 609/871/72 610/872/72 606/873/72 605/874/72 

vt 2.02629 -2.16567e-15
v 44.9914 -2.16572e-15 4.41629
vt 4.41629 -2.16567e-15
vt 4.41629 4
f 610/875/73 611/876/73 607/877/73 606/870/73 

vt 33.2996 -2.16571e-15
vn -0.745058 4.407e-22 0.666999
v 45.0714 -2.16573e-15 4.5057
vt 33.4196 -2.16572e-15
vt 33.4196 4
vt 33.2996 4
f 611/878/82 612/879/82 608/880/82 607/881/82 

vt 45.0714 -2.16573e-15
vt 45.1514 -2.16573e-15
vt 45.1514 4
vt 45.0714 4
f 612/882/72 571/883/72 574/884/72 608/885/72 

g Mesh32 Group29 Model

usemtl Color_C02
v -75.289 3 -44.264
vt 776.137 430.717
vn 2.07524e-18 1 5.96291e-19
v -75.7083 3 -44.3507
vt 759.626 434.127
v -76.0191 3 -44.5514
vt 747.389 442.031
v -76.0191 3 -45.0014
vt 747.389 459.747
v -76.1591 3 -45.0014
vt 741.877 459.747
v -76.2867 3 -45.2949
vt 736.853 471.3
v -76.7049 3 -45.3344
vt 720.391 472.857
v -77.0164 3 -45.569
vt 708.127 482.095
v -77.0164 3 -45.989
vt 708.127 498.63
v -87.9964 3 -45.989
vt 275.843 498.63
v -87.9964 3 -45.799
vt 275.843 491.15
v -88.1085 3 -45.6334
vt 271.431 484.628
v -88.4403 3 -45.4696
vt 258.369 478.18
v -88.4403 3 -45.2496
vt 258.369 469.519
v -88.5549 3 -45.1241
vt 253.856 464.576
v -88.8549 3 -45.1241
vt 242.045 464.576
v -89.0071 3 -44.9652
vt 236.053 458.321
v -89.0071 3 -44.7452
vt 236.053 449.66
v -89.452 3 -44.476
vt 218.537 439.063
v -89.452 3 -44.296
vt 218.537 431.977
v -89.5706 3 -44.135
vt 213.868 425.636
v -89.8506 3 -44.135
vt 202.845 425.636
v -90.0165 3 -43.9905
vt 196.312 419.948
v -90.0165 3 -43.6871
vt 196.312 408.001
v -90.4468 3 -43.4745
vt 179.37 399.631
v -90.4468 3 -43.2545
vt 179.37 390.97
v -90.5674 3 -43.1076
vt 174.623 385.188
v -90.8574 3 -43.1076
vt 163.206 385.188
v -91.0357 3 -42.9898
vt 156.187 380.552
v -92.0285 3 -42.9898
vt 117.1 380.552
v -93.0285 3 -42.9898
vt 77.7298 380.552
v -93.9585 3 -42.9898
vt 41.1156 380.552
v -93.9585 3 -42.7998
vt 41.1156 373.071
v -94.4111 3 -42.4874
vt 23.2944 360.772
v -94.4111 3 -42.2774
vt 23.2944 352.504
v -94.5728 3 -42.1282
vt 16.9291 346.63
v -95.0028 3 -42.1282
vt -5.89819e-32 346.63
v -95.0028 3 -34.9682
vt -5.89819e-32 64.7402
v -94.7128 3 -34.9682
vt 11.4173 64.7402
v -94.3961 3 -34.5685
vt 23.8873 49.0031
v -94.1761 3 -34.5685
vt 32.5487 49.0031
v -94.0399 3 -34.3354
vt 37.9089 39.8236
v -94.0399 3 -34.0054
vt 37.9089 26.8315
v -62.7199 3 -34.0054
vt 1270.98 26.8315
v -62.4108 3 -33.6123
vt 1283.15 11.3581
v -62.1908 3 -33.6123
vt 1291.81 11.3581
v -61.9755 3 -33.3238
vt 1300.29 3.55043e-32
v -61.3934 3 -34.0142
vt 1323.2 27.1817
v -54.0043 3 -34.0142
vt 1614.11 27.1817
v -53.0043 3 -34.0142
vt 1653.48 27.1817
v -47.0043 3 -34.0142
vt 1889.71 27.1817
v -47.0043 3 -34.3842
vt 1889.71 41.7487
v -46.3343 3 -35.0435
vt 1916.08 67.7049
v -45.6926 3 -34.9399
vt 1941.35 63.6248
v -45.4133 3 -34.5744
vt 1952.34 49.234
v -45.2133 3 -34.5744
vt 1960.22 49.234
v -45.0143 3 -34.3842
vt 1968.05 41.7487
v -45.0143 3 -34.0142
vt 1968.05 27.1817
v -44.0143 3 -34.0142
vt 2007.42 27.1817
v -43.0243 3 -34.0142
vt 2046.4 27.1817
v -42.9214 3 -34.3904
vt 2050.45 41.9917
v -42.3515 3 -35.0345
vt 2072.88 67.3503
v -41.6983 3 -34.9401
vt 2098.6 63.6315
v -41.4066 3 -34.5844
vt 2110.09 49.6293
v -41.1866 3 -34.5844
vt 2118.75 49.6293
v -41.0446 3 -34.3666
vt 2124.34 41.0558
v -41.0446 3 -33.9966
vt 2124.34 26.4889
v -39.7146 3 -33.9966
vt 2176.7 26.4889
v -39.4025 3 -33.5683
vt 2188.99 9.62341
v -39.2025 3 -33.5683
vt 2196.86 9.62341
v -38.9416 3 -33.335
vt 2207.14 0.4388
v -38.35 3 -33.9966
vt 2230.43 26.4889
v -38.02 3 -33.9966
vt 2243.42 26.4889
v -37.9343 3 -34.3566
vt 2246.79 40.66
v -37.3567 3 -35.0206
vt 2269.53 66.8005
v -37.1267 3 -35.0206
vt 2278.59 66.8005
v -36.9681 3 -34.7778
vt 2284.83 57.2441
v -36.7756 3 -34.9527
vt 2292.41 64.1283
v -36.4259 3 -34.5679
vt 2306.18 48.9773
v -36.1759 3 -34.5679
vt 2316.02 48.9773
v -36.0921 3 -34.3753
vt 2319.32 41.3968
v -36.0921 3 -34.0125
vt 2319.32 27.1115
v -35.6621 3 -34.0125
vt 2336.25 27.1115
v -35.4851 3 -33.758
vt 2343.22 17.0917
v -35.3041 3 -34.0142
vt 2350.34 27.1817
v -35.0143 3 -34.0142
vt 2361.75 27.1817
v -34.0143 3 -34.0142
vt 2401.12 27.1817
v -33.9225 3 -34.383
vt 2404.74 41.699
v -33.3438 3 -35.0326
vt 2427.52 67.276
v -32.6908 3 -34.9368
vt 2453.23 63.5033
v -32.4075 3 -34.5618
vt 2464.38 48.7394
v -32.2075 3 -34.5618
vt 2472.26 48.7394
v -32.0626 3 -34.3832
vt 2477.96 41.7073
v -31.8726 3 -34.3832
vt 2485.44 41.7073
v -31.3637 3 -35.0133
vt 2505.48 66.516
v -31.1237 3 -35.0133
vt 2514.93 66.516
v -30.9715 3 -34.7783
vt 2520.92 57.2611
v -30.8111 3 -34.9567
vt 2527.23 64.288
v -30.6922 3 -34.9567
vt 2531.91 64.288
v -30.4156 3 -34.5645
vt 2542.8 48.8439
v -30.1956 3 -34.5645
vt 2551.46 48.8439
v -30.078 3 -34.3668
vt 2556.1 41.0621
v -30.078 3 -33.9668
vt 2556.1 25.3141
v -29.708 3 -33.9668
vt 2570.66 25.3141
v -29.4124 3 -33.539
vt 2582.3 8.47264
v -28.7224 3 -33.539
vt 2609.47 8.47264
v -28.3648 3 -34.0084
vt 2623.54 26.951
v -28.0022 3 -34.0084
vt 2637.82 26.951
v -27.9117 3 -34.3774
vt 2641.38 41.481
v -27.3448 3 -35.0108
vt 2663.7 66.4176
v -27.1348 3 -35.0108
vt 2671.97 66.4176
v -26.9762 3 -34.7923
vt 2678.21 57.8153
v -26.7658 3 -34.9451
vt 2686.5 63.8287
v -26.6658 3 -34.9451
vt 2690.43 63.8287
v -26.4488 3 -34.5972
vt 2698.98 50.1322
v -26.1853 3 -34.5972
vt 2709.35 50.1322
v -26.0524 3 -34.3855
vt 2714.59 41.7961
v -26.0524 3 -33.9955
vt 2714.59 26.4417
v -25.6179 3 -33.9955
vt 2731.69 26.4417
v -25.5 3 -33.8097
vt 2736.33 19.1298
v -25.3157 3 -33.9635
vt 2743.59 25.1845
v -24.8499 3 -34.0263
vt 2761.92 27.6559
v -21.0099 3 -34.0263
vt 2913.11 27.6559
v -21.0099 3 -36.3063
vt 2913.11 117.42
v -20.3691 3 -37.0076
vt 2938.33 145.032
v -20.1391 3 -37.0076
vt 2947.39 145.032
v -19.9831 3 -36.7751
vt 2953.53 135.878
v -19.7719 3 -36.9589
vt 2961.85 143.112
v -19.6719 3 -36.9589
vt 2965.79 143.112
v -19.4358 3 -36.5876
vt 2975.08 128.494
v -19.1758 3 -36.5876
vt 2985.32 128.494
v -19.0662 3 -36.3518
vt 2989.63 119.212
v -19.0662 3 -35.9814
vt 2989.63 104.628
v -18.7062 3 -35.9814
vt 3003.81 104.628
v -18.4243 3 -35.5806
vt 3014.9 88.8476
v -18.1843 3 -35.5806
vt 3024.35 88.8476
v -18.0589 3 -35.3759
vt 3029.29 80.7904
v -18.0589 3 -34.9359
vt 3029.29 63.4676
v -17.6989 3 -34.9359
vt 3043.46 63.4676
v -17.4167 3 -34.5854
vt 3054.57 49.6695
v -17.1767 3 -34.5854
vt 3064.02 49.6695
v -17.0415 3 -34.3633
vt 3069.34 40.9258
v -17.0415 3 -34.0233
vt 3069.34 27.54
v -10.0315 3 -34.0233
vt 3345.33 27.54
v -10.0315 3 -40.9947
vt 3345.33 302.001
v -10.0315 3 -43.0012
vt 3345.33 380.999
v -10.9928 3 -43.0012
vt 3307.48 380.999
v -11.9928 3 -43.0012
vt 3268.11 380.999
v -12.1528 3 -43.0012
vt 3261.81 380.999
v -12.29 3 -43.2567
vt 3256.41 391.058
v -12.49 3 -43.2567
vt 3248.54 391.058
v -13.0239 3 -43.5911
vt 3227.52 404.223
v -13.0239 3 -44.9911
vt 3227.52 459.341
v -13.1339 3 -44.9911
vt 3223.19 459.341
v -13.2802 3 -45.2757
vt 3217.43 470.546
v -13.6872 3 -45.3248
vt 3201.4 472.479
v -14.0144 3 -45.5719
vt 3188.52 482.207
v -14.0144 3 -46.0019
vt 3188.52 499.136
v -14.1244 3 -46.0019
vt 3184.19 499.136
v -14.2779 3 -46.2597
vt 3178.15 509.284
v -14.4979 3 -46.2597
vt 3169.48 509.284
v -15.004 3 -46.5819
vt 3149.56 521.97
v -15.004 3 -46.7019
vt 3149.56 526.695
v -15.4528 3 -46.505
vt 3131.89 518.944
v -15.4528 3 -46.2597
vt 3131.89 509.284
v -15.5884 3 -46.1127
vt 3126.55 503.499
v -15.8384 3 -46.1127
vt 3116.71 503.499
v -16.0635 3 -45.9825
vt 3107.85 498.373
v -17.0035 3 -45.9825
vt 3070.84 498.373
v -17.0035 3 -45.8025
vt 3070.84 491.286
v -17.4489 3 -45.4798
vt 3053.31 478.582
v -17.4489 3 -45.2798
vt 3053.31 470.708
v -17.586 3 -45.1208
vt 3047.9 464.448
v -17.846 3 -45.1208
vt 3037.67 464.448
v -18.0335 3 -44.9709
vt 3030.29 458.546
v -18.0335 3 -44.7509
vt 3030.29 449.884
v -18.4236 3 -44.4888
vt 3014.93 439.566
v -18.4236 3 -44.2675
vt 3014.93 430.852
v -18.6206 3 -44.1304
vt 3007.17 425.455
v -19.0426 3 -44.0477
vt 2990.56 422.2
v -19.0426 3 -43.739
vt 2990.56 410.048
v -19.4568 3 -43.4773
vt 2974.25 399.744
v -19.4568 3 -43.2673
vt 2974.25 391.476
v -19.5806 3 -43.1232
vt 2969.38 385.801
v -19.8206 3 -43.1232
vt 2959.93 385.801
v -20.0577 3 -42.994
vt 2950.6 380.713
v -20.274 3 -43.2563
vt 2942.08 391.041
v -20.6868 3 -43.3333
vt 2925.83 394.075
v -21.0183 3 -43.5746
vt 2912.78 403.575
v -21.0183 3 -43.741
vt 2912.78 410.125
v -21.4439 3 -43.4786
vt 2896.02 399.794
v -21.4439 3 -43.2886
vt 2896.02 392.314
v -21.5949 3 -43.1286
vt 2890.07 386.015
v -22.0894 3 -43.0037
vt 2870.61 381.096
v -23.1267 3 -43.0037
vt 2829.77 381.096
v -23.2841 3 -43.259
vt 2823.57 391.149
v -23.6883 3 -43.3279
vt 2807.66 393.863
v -24.0289 3 -43.5737
vt 2794.25 403.538
v -24.0289 3 -45.9937
vt 2794.25 498.814
v -25.9889 3 -45.9937
vt 2717.08 498.814
v -25.9889 3 -45.8137
vt 2717.08 491.727
v -26.0946 3 -45.6558
vt 2712.92 485.512
v -26.4425 3 -45.4796
vt 2699.22 478.573
v -26.4425 3 -45.2796
vt 2699.22 470.699
v -26.5869 3 -45.1136
vt 2693.54 464.163
v -26.8269 3 -45.1136
vt 2684.09 464.163
v -27.077 3 -44.9877
vt 2674.25 459.206
v -27.2714 3 -45.2418
vt 2666.59 469.213
v -27.6726 3 -45.3261
vt 2650.8 472.529
v -28.0281 3 -45.5854
vt 2636.8 482.738
v -28.0281 3 -46.0054
vt 2636.8 499.273
v -28.1381 3 -46.0054
vt 2632.47 499.273
v -28.2726 3 -46.2395
vt 2627.17 508.49
v -28.4826 3 -46.2395
vt 2618.91 508.49
v -28.7049 3 -46.3299
vt 2610.15 512.051
v -29.0112 3 -46.5872
vt 2598.1 522.18
v -29.0112 3 -46.7472
vt 2598.1 528.479
v -29.4522 3 -46.4717
vt 2580.73 517.633
v -29.4522 3 -46.2395
vt 2580.73 508.49
v -29.5939 3 -46.1129
vt 2575.15 503.507
v -29.8239 3 -46.1129
vt 2566.1 503.507
v -30.0209 3 -45.9759
vt 2558.34 498.112
v -30.0209 3 -45.7059
vt 2558.34 487.482
v -30.4456 3 -45.4822
vt 2541.62 478.675
v -30.4456 3 -45.276
vt 2541.62 470.558
v -30.5905 3 -45.124
vt 2535.92 464.574
v -30.8405 3 -45.124
vt 2526.07 464.574
v -31.0749 3 -44.9709
vt 2516.85 458.544
v -31.2002 3 -45.0534
vt 2511.92 461.794
v -31.2002 3 -45.1834
vt 2511.92 466.913
v -31.5006 3 -45.32
vt 2500.09 472.291
v -31.6706 3 -45.32
vt 2493.4 472.291
v -31.9165 3 -45.5248
vt 2483.71 480.353
v -31.9969 3 -45.5248
vt 2480.55 480.353
v -31.9969 3 -45.7148
vt 2480.55 487.833
v -32.4415 3 -45.4649
vt 2463.05 477.996
v -32.4415 3 -45.2649
vt 2463.05 470.122
v -32.6048 3 -45.133
vt 2456.61 464.928
v -32.8348 3 -45.133
vt 2447.56 464.928
v -33.0633 3 -44.9891
vt 2438.56 459.264
v -33.2793 3 -45.2387
vt 2430.06 469.087
v -33.6796 3 -45.3273
vt 2414.3 472.578
v -34.0146 3 -45.5636
vt 2401.11 481.88
v -34.0146 3 -45.9936
vt 2401.11 498.809
v -35.9946 3 -45.9936
vt 2323.16 498.809
v -36.0549 3 -45.6895
vt 2320.78 486.837
v -36.4398 3 -45.4762
vt 2305.63 478.442
v -36.4398 3 -45.2762
vt 2305.63 470.567
v -36.5923 3 -45.1177
vt 2299.63 464.325
v -36.8423 3 -45.1177
vt 2289.78 464.325
v -37.0565 3 -44.9888
vt 2281.35 459.249
v -37.1265 3 -44.9888
vt 2278.6 459.249
v -37.2774 3 -45.2481
vt 2272.65 469.458
v -37.6985 3 -45.335
vt 2256.08 472.881
v -38.0079 3 -45.5724
vt 2243.89 482.228
v -38.0079 3 -45.9924
vt 2243.89 498.764
v -38.1379 3 -45.9924
vt 2238.78 498.764
v -38.2756 3 -46.2477
vt 2233.36 508.812
v -38.4956 3 -46.2477
vt 2224.69 508.812
v -38.8417 3 -46.4855
vt 2211.07 518.176
v -38.9417 3 -46.4855
vt 2207.13 518.176
v -39.0209 3 -46.5757
vt 2204.01 521.726
v -39.0209 3 -46.7857
vt 2204.01 529.994
v -39.4566 3 -46.4839
vt 2186.86 518.114
v -39.4566 3 -46.2739
vt 2186.86 509.847
v -39.6062 3 -46.1265
vt 2180.97 504.044
v -39.9766 3 -46.0414
vt 2166.39 500.692
v -39.9766 3 -43.7514
vt 2166.39 410.535
v -40.4411 3 -43.4761
vt 2148.1 399.694
v -40.4411 3 -43.2661
vt 2148.1 391.426
v -40.5706 3 -43.1136
vt 2143 385.426
v -40.8206 3 -43.1136
vt 2133.16 385.426
v -41.0085 3 -42.9643
vt 2125.76 379.548
v -41.0085 3 -42.7243
vt 2125.76 370.099
v -41.4329 3 -42.4794
vt 2109.05 360.456
v -41.4329 3 -42.2694
vt 2109.05 352.189
v -41.5924 3 -42.1328
vt 2102.77 346.811
v -41.8536 3 -42.1328
vt 2092.49 346.811
v -42.0399 3 -41.9816
vt 2085.15 340.857
v -42.2903 3 -42.2261
vt 2075.29 350.484
v -42.6524 3 -42.3414
vt 2061.04 355.022
v -43.0124 3 -42.5766
vt 2046.87 364.283
v -43.0124 3 -42.9966
vt 2046.87 380.819
v -44.9824 3 -42.9966
vt 1969.31 380.819
v -44.9824 3 -42.8166
vt 1969.31 373.732
v -45.0864 3 -42.6697
vt 1965.21 367.949
v -45.4427 3 -42.4879
vt 1951.18 360.792
v -45.4427 3 -42.2779
vt 1951.18 352.524
v -45.5657 3 -42.1077
vt 1946.34 345.821
v -45.8557 3 -42.1077
vt 1934.93 345.821
v -46.0561 3 -41.9756
vt 1927.04 340.621
v -46.2978 3 -42.2287
vt 1917.52 350.585
v -46.6729 3 -42.3355
vt 1902.75 354.789
v -47.0072 3 -42.5729
vt 1889.59 364.137
v -47.0072 3 -42.9929
vt 1889.59 380.672
v -48.1172 3 -42.9929
vt 1845.89 380.672
v -48.2855 3 -43.266
vt 1839.26 391.424
v -48.6877 3 -43.3459
vt 1823.43 394.568
v -49.0156 3 -43.5569
vt 1810.52 402.879
v -49.0156 3 -44.9969
vt 1810.52 459.572
v -49.1256 3 -44.9969
vt 1806.19 459.572
v -49.2812 3 -45.2766
vt 1800.06 470.58
v -49.7018 3 -45.3659
vt 1783.5 474.098
v -49.86 3 -45.5596
vt 1777.28 481.722
v -50.0414 3 -45.5596
vt 1770.14 481.722
v -50.0414 3 -46.0096
vt 1770.14 499.439
v -61.0914 3 -46.0096
vt 1335.1 499.439
v -61.2859 3 -46.251
vt 1327.44 508.943
v -61.7092 3 -46.3263
vt 1310.77 511.91
v -61.9989 3 -46.5723
vt 1299.37 521.594
v -61.9989 3 -46.7823
vt 1299.37 529.862
v -62.4609 3 -46.4659
vt 1281.18 517.406
v -62.4609 3 -46.251
vt 1281.18 508.943
v -62.5798 3 -46.1294
vt 1276.5 504.158
v -62.8398 3 -46.1294
vt 1266.26 504.158
v -63.0848 3 -45.9939
vt 1256.61 498.823
v -64.9948 3 -45.9939
vt 1181.42 498.823
v -65.0784 3 -45.685
vt 1178.13 486.662
v -65.427 3 -45.489
vt 1164.4 478.944
v -65.427 3 -45.2468
vt 1164.4 469.409
v -65.6052 3 -45.1014
vt 1157.39 463.682
v -66.0789 3 -45.0241
vt 1138.74 460.639
v -66.0789 3 -44.6841
vt 1138.74 447.253
v -66.4229 3 -44.4798
vt 1125.19 439.213
v -66.4229 3 -44.2389
vt 1125.19 429.728
v -66.5692 3 -44.1177
vt 1119.44 424.954
v -66.8392 3 -44.1177
vt 1108.81 424.954
v -66.9932 3 -43.9901
vt 1102.74 419.932
v -66.9932 3 -43.7447
vt 1102.74 410.27
v -67.4593 3 -43.4925
vt 1084.39 400.341
v -67.4593 3 -43.2591
vt 1084.39 391.153
v -67.5801 3 -43.1124
vt 1079.63 385.379
v -68.0319 3 -42.9898
vt 1061.85 380.552
v -69.0033 3 -42.9898
vt 1023.6 380.552
v -70.0033 3 -42.9898
vt 984.233 380.552
v -74.1033 3 -42.9898
vt 822.816 380.552
v -74.2873 3 -43.2393
vt 815.571 390.373
v -74.7071 3 -43.3325
vt 799.044 394.04
v -75.0077 3 -43.565
vt 787.211 403.195
v -75.0077 3 -44.005
vt 787.211 420.518
v -75.1377 3 -44.005
vt 782.093 420.518
f 613/886/83 614/887/83 615/888/83 616/889/83 617/890/83 618/891/83 619/892/83 620/893/83 621/894/83 622/895/83 623/896/83 624/897/83 625/898/83 626/899/83 627/900/83 628/901/83 629/902/83 630/903/83 631/904/83 632/905/83 633/906/83 634/907/83 635/908/83 636/909/83 637/910/83 638/911/83 639/912/83 640/913/83 641/914/83 642/915/83 643/916/83 644/917/83 645/918/83 646/919/83 647/920/83 648/921/83 649/922/83 650/923/83 651/924/83 652/925/83 653/926/83 654/927/83 655/928/83 656/929/83 657/930/83 658/931/83 659/932/83 660/933/83 661/934/83 662/935/83 663/936/83 664/937/83 665/938/83 666/939/83 667/940/83 668/941/83 669/942/83 670/943/83 671/944/83 672/945/83 673/946/83 674/947/83 675/948/83 676/949/83 677/950/83 678/951/83 679/952/83 680/953/83 681/954/83 682/955/83 683/956/83 684/957/83 685/958/83 686/959/83 687/960/83 688/961/83 689/962/83 690/963/83 691/964/83 692/965/83 693/966/83 694/967/83 695/968/83 696/969/83 697/970/83 698/971/83 699/972/83 700/973/83 701/974/83 702/975/83 703/976/83 704/977/83 705/978/83 706/979/83 707/980/83 708/981/83 709/982/83 710/983/83 711/984/83 712/985/83 713/986/83 714/987/83 715/988/83 716/989/83 717/990/83 718/991/83 719/992/83 720/993/83 721/994/83 722/995/83 723/996/83 724/997/83 725/998/83 726/999/83 727/1000/83 728/1001/83 729/1002/83 730/1003/83 731/1004/83 732/1005/83 733/1006/83 734/1007/83 735/1008/83 736/1009/83 737/1010/83 738/1011/83 739/1012/83 740/1013/83 741/1014/83 742/1015/83 743/1016/83 744/1017/83 745/1018/83 746/1019/83 747/1020/83 748/1021/83 749/1022/83 750/1023/83 751/1024/83 752/1025/83 753/1026/83 754/1027/83 755/1028/83 756/1029/83 757/1030/83 758/1031/83 759/1032/83 760/1033/83 761/1034/83 762/1035/83 763/1036/83 764/1037/83 765/1038/83 766/1039/83 767/1040/83 768/1041/83 769/1042/83 770/1043/83 771/1044/83 772/1045/83 773/1046/83 774/1047/83 775/1048/83 776/1049/83 777/1050/83 778/1051/83 779/1052/83 780/1053/83 781/1054/83 782/1055/83 783/1056/83 784/1057/83 785/1058/83 786/1059/83 787/1060/83 788/1061/83 789/1062/83 790/1063/83 791/1064/83 792/1065/83 793/1066/83 794/1067/83 795/1068/83 796/1069/83 797/1070/83 798/1071/83 799/1072/83 800/1073/83 801/1074/83 802/1075/83 803/1076/83 804/1077/83 805/1078/83 806/1079/83 807/1080/83 808/1081/83 809/1082/83 810/1083/83 811/1084/83 812/1085/83 813/1086/83 814/1087/83 815/1088/83 816/1089/83 817/1090/83 818/1091/83 819/1092/83 820/1093/83 821/1094/83 822/1095/83 823/1096/83 824/1097/83 825/1098/83 826/1099/83 827/1100/83 828/1101/83 829/1102/83 830/1103/83 831/1104/83 832/1105/83 833/1106/83 834/1107/83 835/1108/83 836/1109/83 837/1110/83 838/1111/83 839/1112/83 840/1113/83 841/1114/83 842/1115/83 843/1116/83 844/1117/83 845/1118/83 846/1119/83 847/1120/83 848/1121/83 849/1122/83 850/1123/83 851/1124/83 852/1125/83 853/1126/83 854/1127/83 855/1128/83 856/1129/83 857/1130/83 858/1131/83 859/1132/83 860/1133/83 861/1134/83 862/1135/83 863/1136/83 864/1137/83 865/1138/83 866/1139/83 867/1140/83 868/1141/83 869/1142/83 870/1143/83 871/1144/83 872/1145/83 873/1146/83 874/1147/83 875/1148/83 876/1149/83 877/1150/83 878/1151/83 879/1152/83 880/1153/83 881/1154/83 882/1155/83 883/1156/83 884/1157/83 885/1158/83 886/1159/83 887/1160/83 888/1161/83 889/1162/83 890/1163/83 891/1164/83 892/1165/83 893/1166/83 894/1167/83 895/1168/83 896/1169/83 897/1170/83 898/1171/83 899/1172/83 900/1173/83 901/1174/83 902/1175/83 903/1176/83 904/1177/83 905/1178/83 906/1179/83 907/1180/83 908/1181/83 909/1182/83 910/1183/83 911/1184/83 912/1185/83 913/1186/83 914/1187/83 915/1188/83 916/1189/83 917/1190/83 918/1191/83 919/1192/83 920/1193/83 921/1194/83 922/1195/83 923/1196/83 924/1197/83 925/1198/83 926/1199/83 927/1200/83 928/1201/83 929/1202/83 930/1203/83 931/1204/83 932/1205/83 933/1206/83 934/1207/83 935/1208/83 936/1209/83 937/1210/83 938/1211/83 939/1212/83 940/1213/83 941/1214/83 942/1215/83 943/1216/83 944/1217/83 945/1218/83 946/1219/83 947/1220/83 948/1221/83 949/1222/83 950/1223/83 951/1224/83 952/1225/83 953/1226/83 

g Mesh33 Group30 Model

v -109.973 -1.44382e-15 -52.0032
vt 434 25.4487
vn 4.04269e-18 1 -9.30583e-18
vt 630.384 25.4487
vt 669.754 25.4487
v -100.237 -2.16573e-15 -52.0032
vt 817.329 25.4487
v -100.001 -2.16573e-15 -51.7932
vt 826.615 17.1798
v -99.8647 -2.16446e-15 -51.953
vt 831.98 23.4704
v -99.7147 -2.16446e-15 -51.953
vt 837.886 23.4704
v -99.4173 -1.80255e-15 -51.5636
vt 849.597 8.14087
v -99.1773 -1.80255e-15 -51.5636
vt 859.046 8.14087
v -99.1022 -1.44603e-15 -51.3568
vt 862.004 -5.58517e-31
v -98.9422 -1.44603e-15 -51.3568
vt 868.303 -5.58754e-31
v -98.4006 -2.16576e-15 -51.9989
vt 889.625 25.2798
v -97.9806 -2.16576e-15 -51.9989
vt 906.16 25.2798
v -97.9806 -2.16576e-15 -53.3459
vt 906.16 78.3108
v -97.3981 -2.15945e-15 -54.045
vt 929.094 105.835
v -97.051 -2.15945e-15 -54.045
vt 942.759 105.835
v -96.9491 -1.44397e-15 -54.3799
vt 946.768 119.018
v -96.3785 -2.16573e-15 -55.0098
vt 969.235 143.82
vt 1101.12 143.82
vt 1140.49 143.82
v -86.7201 -2.16573e-15 -55.0098
vt 1349.49 143.82
v -86.4063 -2.16573e-15 -54.5696
vt 1361.84 126.488
v -86.1821 -2.16573e-15 -54.5696
vt 1370.67 126.488
v -85.9867 -2.16845e-15 -54.342
vt 1378.36 117.527
v -85.9867 -2.16845e-15 -52.962
vt 1378.36 63.1968
v -85.6867 -2.16845e-15 -52.962
vt 1390.17 63.1968
v -85.464 -1.7988e-15 -52.571
vt 1398.94 47.8007
v -85.184 -1.7988e-15 -52.571
vt 1409.96 47.8007
v -85.0689 -2.16573e-15 -52.3835
vt 1414.49 40.4202
v -85.0689 -2.16573e-15 -52.0263
vt 1414.49 26.3574
v -77.0289 -2.16573e-15 -52.0263
vt 1731.03 26.3574
v -76.9324 -2.16573e-15 -52.3835
vt 1734.83 40.4202
v -74.3833 -2.16573e-15 -55.0098
vt 1835.19 143.82
vt 2007.63 143.82
vt 2047 143.82
v -69.0033 -2.16573e-15 -58.0363
vt 2047 262.973
v -74.1107 -2.16573e-15 -58.0363
vt 1845.92 262.973
v -74.2392 -2.16573e-15 -58.2738
vt 1840.86 272.323
v -74.6799 -2.16573e-15 -58.3649
vt 1823.51 275.907
v -74.8147 -2.16573e-15 -58.5387
vt 1818.2 282.753
v -74.9247 -2.16573e-15 -58.5387
vt 1813.87 282.753
v -74.9979 -2.16573e-15 -58.6338
vt 1810.99 286.496
v -74.9979 -2.16573e-15 -59.0338
vt 1810.99 302.244
v -75.0979 -2.16573e-15 -59.0338
vt 1807.05 302.244
v -75.2163 -2.16575e-15 -59.2764
vt 1802.39 311.796
v -75.6781 -2.16314e-15 -59.3642
vt 1784.21 315.252
v -75.9847 -1.45187e-15 -59.6512
vt 1772.14 326.552
v -75.9847 -1.45187e-15 -60.0512
vt 1772.14 342.3
v -76.1147 -1.45187e-15 -60.0512
vt 1767.02 342.3
v -76.2305 -2.16573e-15 -60.328
vt 1762.46 353.195
v -76.4805 -2.16573e-15 -60.328
vt 1752.62 353.195
v -77.0227 -2.16573e-15 -60.6288
vt 1731.27 365.037
v -77.0227 -2.16573e-15 -61.0488
vt 1731.27 381.573
v -77.1227 -2.16573e-15 -61.0488
vt 1727.34 381.573
v -77.2727 -2.16573e-15 -61.2969
vt 1721.43 391.344
v -77.6776 -2.16573e-15 -61.3616
vt 1705.49 393.891
v -77.8049 -2.16573e-15 -61.5532
vt 1700.48 401.432
v -77.9249 -2.16573e-15 -61.5532
vt 1695.75 401.432
v -78.0643 -2.16573e-15 -61.7726
vt 1690.27 410.072
v -78.4582 -2.16573e-15 -61.5551
vt 1674.76 401.507
v -78.4582 -2.16573e-15 -61.3483
vt 1674.76 393.367
v -78.5684 -2.16573e-15 -61.1935
vt 1670.42 387.272
v -78.9825 -2.16573e-15 -61.1236
vt 1654.12 384.521
v -78.9825 -2.16573e-15 -58.8836
vt 1654.12 296.332
v -79.0811 -2.16577e-15 -58.7706
vt 1650.23 291.882
v -79.4479 -2.17557e-15 -58.5661
vt 1635.79 283.829
v -79.4479 -2.17557e-15 -58.3361
vt 1635.79 274.774
v -79.5836 -1.44382e-15 -58.1891
vt 1630.45 268.986
v -80.042 -1.44382e-15 -58.0469
vt 1612.4 263.388
v -82.102 -1.44382e-15 -58.0469
vt 1531.3 263.388
v -82.2544 -1.44383e-15 -58.2818
vt 1525.3 272.636
v -82.6681 -1.44498e-15 -58.3991
vt 1509.01 277.254
v -83.0205 -2.16579e-15 -58.6625
vt 1495.14 287.625
v -83.0205 -2.16579e-15 -59.0625
vt 1495.14 303.373
v -83.1105 -2.16579e-15 -59.0625
vt 1491.6 303.373
v -83.2966 -2.15669e-15 -59.3228
vt 1484.27 313.623
v -83.5756 -1.46681e-15 -59.433
vt 1473.29 317.962
v -84.1884 -2.16573e-15 -60.2233
vt 1449.16 349.072
v -84.5102 -2.16568e-15 -60.3848
vt 1436.49 355.432
v -84.6902 -2.16568e-15 -60.3848
vt 1429.41 355.432
v -84.8248 -2.16285e-15 -60.5712
vt 1424.1 362.771
v -84.9048 -2.16285e-15 -60.5712
vt 1420.95 362.771
v -85.0913 -1.80166e-15 -60.7665
vt 1413.61 370.461
v -85.4522 -2.17e-15 -60.5518
vt 1399.4 362.007
v -85.4522 -2.17e-15 -60.3518
vt 1399.4 354.133
v -85.5939 -1.80649e-15 -60.2106
vt 1393.82 348.576
v -86.0084 -1.44381e-15 -60.1426
vt 1377.51 345.897
v -86.0084 -1.44381e-15 -58.8726
vt 1377.51 295.897
v -86.4742 -1.44863e-15 -58.527
vt 1359.17 282.292
v -86.4742 -1.44863e-15 -58.3084
vt 1359.17 273.685
v -87.0935 -2.16573e-15 -58.0528
vt 1334.79 263.62
v -96.1235 -2.16573e-15 -58.0528
vt 979.274 263.62
v -96.2442 -2.16573e-15 -58.2831
vt 974.523 272.687
v -96.6776 -2.16573e-15 -58.359
vt 957.46 275.677
v -96.8346 -2.16573e-15 -58.527
vt 951.277 282.292
v -97.0012 -2.16571e-15 -58.6184
vt 944.718 285.888
v -97.0012 -2.16571e-15 -59.0584
vt 944.718 303.211
v -97.1212 -2.16571e-15 -59.0584
vt 939.993 303.211
v -97.2656 -2.16734e-15 -59.2983
vt 934.307 312.655
v -97.6756 -1.44198e-15 -59.3894
vt 918.166 316.245
v -98.0051 -2.16573e-15 -59.6335
vt 905.196 325.854
v -98.0051 -2.16573e-15 -61.0635
vt 905.196 382.153
v -98.1151 -2.16573e-15 -61.0635
vt 900.865 382.153
v -98.2698 -2.16573e-15 -61.2969
vt 894.775 391.342
v -98.6654 -2.16573e-15 -61.4042
vt 879.197 395.568
v -99.1022 -2.16587e-15 -61.7386
vt 862.003 408.731
v -99.4295 -2.17734e-15 -61.5456
vt 849.116 401.132
v -99.4295 -2.17734e-15 -61.3456
vt 849.116 393.258
v -99.5853 -1.44382e-15 -61.2369
vt 842.98 388.979
v -99.8553 -1.44382e-15 -61.2369
vt 832.35 388.979
v -100.074 -1.44382e-15 -61.0626
vt 823.723 382.117
v -100.249 -1.44382e-15 -61.2817
vt 816.861 390.744
v -100.637 -1.44382e-15 -61.4124
vt 801.561 395.888
v -101.083 -1.44382e-15 -61.7682
vt 784.029 409.897
v -101.451 -1.44583e-15 -61.5887
vt 769.517 402.829
v -101.451 -1.44583e-15 -61.3487
vt 769.517 393.381
v -101.96 -2.88197e-15 -61.0923
vt 749.475 383.285
v -103.03 -2.88197e-15 -61.0923
vt 707.349 383.285
v -103.03 -2.88197e-15 -58.783
vt 707.349 292.369
v -103.464 -2.16573e-15 -58.5542
vt 690.29 283.361
v -103.464 -2.16573e-15 -58.3442
vt 690.29 275.093
v -103.594 -2.16575e-15 -58.2205
vt 685.141 270.224
v -103.814 -2.16575e-15 -58.2205
vt 676.479 270.224
v -104.085 -2.1641e-15 -58.0491
vt 665.841 263.476
v -106.115 -2.1641e-15 -58.0491
vt 585.92 263.476
v -106.259 -1.80486e-15 -58.3122
vt 580.242 273.833
v -106.676 -2.16573e-15 -58.3639
vt 563.833 275.869
v -106.808 -2.16573e-15 -58.5643
vt 558.637 283.761
v -106.918 -2.16573e-15 -58.5643
vt 554.306 283.761
v -107.065 -2.16574e-15 -58.7665
vt 548.514 291.719
v -107.443 -2.16555e-15 -58.5611
vt 533.64 283.634
v -107.443 -2.16555e-15 -58.3511
vt 533.64 275.366
v -107.585 -2.52381e-15 -58.1833
vt 528.041 268.758
v -107.834 -2.52381e-15 -58.1833
vt 518.221 268.758
v -108.017 -2.1658e-15 -58.0603
vt 511.038 263.917
v -108.117 -2.1658e-15 -58.0603
vt 507.101 263.917
v -108.228 -2.16961e-15 -58.2842
vt 502.724 272.733
v -108.674 -1.80728e-15 -58.3973
vt 485.169 277.185
v -109.014 -2.16573e-15 -58.6601
vt 471.77 287.531
v -109.014 -2.16573e-15 -60.0801
vt 471.77 343.437
v -109.114 -2.16573e-15 -60.0801
vt 467.833 343.437
v -109.28 -2.16573e-15 -60.3179
vt 461.297 352.799
v -109.658 -2.16573e-15 -60.413
vt 446.406 356.543
v -110.083 -2.16575e-15 -60.6578
vt 429.695 366.181
v -110.083 -2.16575e-15 -59.7879
vt 429.695 331.931
v -110.45 -2.17538e-15 -59.5643
vt 415.234 323.13
v -110.45 -2.17538e-15 -59.3443
vt 415.234 314.468
v -110.577 -1.44382e-15 -59.1527
vt 410.227 306.924
v -111.036 -1.44382e-15 -59.1527
vt 392.151 306.924
v -111.036 -1.44382e-15 -58.0627
vt 392.151 264.01
v -120.997 -1.44382e-15 -58.0627
vt -2.28897e-31 264.01
vt -2.28897e-31 143.538
vt 39.3701 143.538
v -111.147 -1.44382e-15 -55.0027
vt 387.795 143.538
v -110.952 -1.44382e-15 -54.6883
vt 395.476 131.16
v -110.952 -1.44382e-15 -53.9583
vt 395.476 102.42
v -110.642 -1.44382e-15 -53.9583
vt 407.681 102.42
v -110.38 -1.44382e-15 -53.5925
vt 418.003 88.021
v -110.15 -1.44382e-15 -53.5925
vt 427.058 88.021
v -109.973 -1.44382e-15 -53.3498
vt 434 78.4655
f 954/1227/84 51/1228/84 50/1229/84 955/1230/84 956/1231/84 957/1232/84 958/1233/84 959/1234/84 960/1235/84 961/1236/84 962/1237/84 963/1238/84 964/1239/84 965/1240/84 966/1241/84 967/1242/84 968/1243/84 969/1244/84 34/1245/84 33/1246/84 970/1247/84 971/1248/84 972/1249/84 973/1250/84 974/1251/84 975/1252/84 976/1253/84 977/1254/84 978/1255/84 979/1256/84 980/1257/84 981/1258/84 982/1259/84 25/1260/84 26/1261/84 983/1262/84 984/1263/84 985/1264/84 986/1265/84 987/1266/84 988/1267/84 989/1268/84 990/1269/84 991/1270/84 992/1271/84 993/1272/84 994/1273/84 995/1274/84 996/1275/84 997/1276/84 998/1277/84 999/1278/84 1000/1279/84 1001/1280/84 1002/1281/84 1003/1282/84 1004/1283/84 1005/1284/84 1006/1285/84 1007/1286/84 1008/1287/84 1009/1288/84 1010/1289/84 1011/1290/84 1012/1291/84 1013/1292/84 1014/1293/84 1015/1294/84 1016/1295/84 1017/1296/84 1018/1297/84 1019/1298/84 1020/1299/84 1021/1300/84 1022/1301/84 1023/1302/84 1024/1303/84 1025/1304/84 1026/1305/84 1027/1306/84 1028/1307/84 1029/1308/84 1030/1309/84 1031/1310/84 1032/1311/84 1033/1312/84 1034/1313/84 1035/1314/84 1036/1315/84 1037/1316/84 1038/1317/84 1039/1318/84 1040/1319/84 1041/1320/84 1042/1321/84 1043/1322/84 1044/1323/84 1045/1324/84 1046/1325/84 1047/1326/84 1048/1327/84 1049/1328/84 1050/1329/84 1051/1330/84 1052/1331/84 1053/1332/84 1054/1333/84 1055/1334/84 1056/1335/84 1057/1336/84 1058/1337/84 1059/1338/84 1060/1339/84 1061/1340/84 1062/1341/84 1063/1342/84 1064/1343/84 1065/1344/84 1066/1345/84 1067/1346/84 1068/1347/84 1069/1348/84 1070/1349/84 1071/1350/84 1072/1351/84 1073/1352/84 1074/1353/84 1075/1354/84 1076/1355/84 1077/1356/84 1078/1357/84 1079/1358/84 1080/1359/84 1081/1360/84 1082/1361/84 1083/1362/84 1084/1363/84 1085/1364/84 1086/1365/84 1087/1366/84 1088/1367/84 1089/1368/84 1090/1369/84 1091/1370/84 1092/1371/84 1093/1372/84 1094/1373/84 1095/1374/84 1096/1375/84 1097/1376/84 1098/1377/84 42/1378/84 41/1379/84 1099/1380/84 1100/1381/84 1101/1382/84 1102/1383/84 1103/1384/84 1104/1385/84 1105/1386/84 

g Mesh34 Group31 Model

v 55.9745 3 -50.0172
vt 273.685 -5.70997e-32
vn -2.65956e-17 1 7.84465e-18
v 62.0065 3 -50.0172
vt 511.163 -1.06646e-31
v 62.0591 3 -50.3659
vt 513.235 13.7307
v 62.1875 3 -50.5192
vt 518.292 19.7663
v 62.2775 3 -50.5192
vt 521.835 19.7663
v 62.3579 3 -50.7347
vt 524.999 28.2507
v 62.6143 3 -51.0152
vt 535.095 39.2911
v 63.0043 3 -51.0152
vt 550.449 39.2911
v 63.0043 3 -61.0352
vt 550.449 433.779
v 62.8743 3 -61.0352
vt 545.331 433.779
v 62.7449 3 -61.3058
vt 540.235 444.434
v 62.4849 3 -61.3058
vt 529.999 444.434
v 62.027 3 -61.6453
vt 511.972 457.8
v 62.027 3 -62.0753
vt 511.972 474.729
v 61.8679 3 -62.0753
vt 505.708 474.729
v 61.7504 3 -62.2845
vt 501.081 482.968
v 61.339 3 -62.369
vt 484.883 486.291
v 60.9872 3 -62.6162
vt 471.033 496.025
v 60.9872 3 -62.7762
vt 471.033 502.324
v 60.5744 3 -62.5513
vt 454.784 493.472
v 60.5744 3 -62.3413
vt 454.784 485.204
v 60.4289 3 -62.1899
vt 449.056 479.242
v 59.9468 3 -62.0573
vt 430.075 474.022
v 50.9568 3 -62.0573
vt 76.1384 474.022
v 50.9568 3 -61.7573
vt 76.1384 462.211
v 50.5984 3 -61.5582
vt 62.0276 454.372
v 50.5984 3 -61.3582
vt 62.0276 446.498
v 50.4259 3 -61.2061
vt 55.2349 440.51
v 49.9645 3 -61.1166
vt 37.0694 436.987
v 49.9645 3 -60.7566
vt 37.0694 422.814
v 49.5691 3 -60.5418
vt 21.503 414.355
v 49.5691 3 -60.3318
vt 21.503 406.087
v 49.434 3 -60.1981
vt 16.1853 400.826
v 49.0229 3 -60.1122
vt 0 397.441
v 49.0229 3 -51.9722
vt 0 76.9688
v 49.2729 3 -51.9722
vt 9.84252 76.9688
v 49.5814 3 -51.5915
vt 21.9882 61.9809
v 49.7914 3 -51.5915
vt 30.256 61.9809
v 49.944 3 -51.4062
vt 36.264 54.6881
v 49.944 3 -50.9462
vt 36.264 36.5779
v 50.284 3 -50.9462
vt 49.6498 36.5779
v 50.5945 3 -50.5672
vt 61.8735 21.6535
v 50.9245 3 -50.5672
vt 74.8657 21.6535
v 50.9245 3 -50.0172
vt 74.8657 -1.56195e-32
v 54.9745 3 -50.0172
vt 234.314 -4.88858e-32
f 1106/1387/85 1107/1388/85 1108/1389/85 1109/1390/85 1110/1391/85 1111/1392/85 1112/1393/85 1113/1394/85 1114/1395/85 1115/1396/85 1116/1397/85 1117/1398/85 1118/1399/85 1119/1400/85 1120/1401/85 1121/1402/85 1122/1403/85 1123/1404/85 1124/1405/85 1125/1406/85 1126/1407/85 1127/1408/85 1128/1409/85 1129/1410/85 1130/1411/85 1131/1412/85 1132/1413/85 1133/1414/85 1134/1415/85 1135/1416/85 1136/1417/85 1137/1418/85 1138/1419/85 1139/1420/85 1140/1421/85 1141/1422/85 1142/1423/85 1143/1424/85 1144/1425/85 1145/1426/85 1146/1427/85 1147/1428/85 1148/1429/85 1149/1430/85 1150/1431/85 

g Mesh35 Group32 Model

v 69.9863 3 -56.0048
vt 39.3701 261.336
vn 7.33602e-18 1 -5.57707e-17
v 70.3046 3 -56.0048
vt 51.9037 261.336
v 70.5997 3 -55.5628
vt 63.5197 243.934
v 70.7797 3 -55.5628
vt 70.6063 243.934
v 70.9785 3 -55.3517
vt 78.4351 235.623
v 70.9785 3 -50.9817
vt 78.4351 63.5762
v 71.2785 3 -50.9817
vt 90.2461 63.5762
v 71.5568 3 -50.5784
vt 101.201 47.6973
v 71.7768 3 -50.5784
vt 109.863 47.6973
v 71.953 3 -50.401
vt 116.798 40.7131
v 71.953 3 -49.961
vt 116.798 23.3903
v 74.263 3 -49.961
vt 207.743 23.3903
v 74.5359 3 -49.5907
vt 218.488 8.81196
v 74.7459 3 -49.5907
vt 226.755 8.81196
v 74.8782 3 -49.3669
vt 231.964 -2.47255e-30
v 75.0882 3 -49.3669
vt 240.232 -2.47594e-30
v 75.6001 3 -50.0454
vt 260.387 26.714
v 76.0453 3 -50.0454
vt 277.913 26.714
v 76.0453 3 -51.3485
vt 277.913 78.0175
v 76.6118 3 -51.9956
vt 300.216 103.492
v 77.2318 3 -51.9956
vt 324.626 103.492
v 77.5948 3 -51.5824
vt 338.916 87.2234
v 77.7548 3 -51.5824
vt 345.215 87.2234
v 77.9657 3 -51.3833
vt 353.519 79.3871
v 77.9657 3 -50.9733
vt 353.519 63.2453
v 78.3057 3 -50.9733
vt 366.905 63.2453
v 78.5915 3 -50.5877
vt 378.156 48.0623
v 78.7815 3 -50.5877
vt 385.636 48.0623
v 79.0053 3 -50.4195
vt 394.449 41.4401
v 79.0053 3 -49.9985
vt 394.449 24.8676
v 82.0653 3 -49.9985
vt 514.922 24.8676
v 82.0653 3 -50.3365
vt 514.922 38.1726
v 82.6124 3 -51.0885
vt 536.462 67.78
v 83.046 3 -51.0885
vt 553.532 67.78
v 83.046 3 -51.3685
vt 553.532 78.8036
v 83.6191 3 -52.0097
vt 576.095 104.048
v 84.2891 3 -52.0097
vt 602.473 104.048
v 84.6022 3 -51.5946
vt 614.801 87.7032
v 84.8222 3 -51.5946
vt 623.463 87.7032
v 84.9547 3 -51.4066
vt 628.679 80.3016
v 84.9547 3 -50.9666
vt 628.679 62.9788
v 85.2647 3 -50.9666
vt 640.884 62.9788
v 85.5659 3 -50.555
vt 652.741 46.7747
v 85.9659 3 -50.555
vt 668.489 46.7747
v 85.9659 3 -50.015
vt 668.489 25.5148
v 92.9859 3 -50.015
vt 944.866 25.5148
v 93.9859 3 -50.015
vt 984.237 25.5148
v 93.9859 3 -50.3939
vt 984.237 40.4343
v 94.6316 3 -51.0296
vt 1009.66 65.4619
v 94.9816 3 -51.0296
vt 1023.44 65.4619
v 94.9816 3 -58.0496
vt 1023.44 341.84
v 94.8732 3 -58.0496
vt 1019.17 341.84
v 94.7259 3 -58.2995
vt 1013.37 351.676
v 94.2831 3 -58.3795
vt 995.937 354.826
v 94.1793 3 -58.5386
vt 991.853 361.092
v 94.0593 3 -58.5386
vt 987.128 361.092
v 93.9673 3 -58.6157
vt 983.505 364.125
v 93.9673 3 -59.0357
vt 983.505 380.66
v 92.8773 3 -59.0357
vt 940.592 380.66
v 92.7208 3 -59.3032
vt 934.43 391.195
v 92.5108 3 -59.3032
vt 926.162 391.195
v 92.3464 3 -59.3766
vt 919.69 394.082
v 92.3464 3 -59.7666
vt 919.69 409.436
v 92.2664 3 -59.7666
vt 916.541 409.436
v 92.0903 3 -60.0457
vt 909.607 420.423
v 91.8603 3 -60.0457
vt 900.552 420.423
v 91.7321 3 -60.3058
vt 895.504 430.664
v 91.3069 3 -60.3697
vt 878.763 433.182
v 90.9892 3 -60.596
vt 866.256 442.089
v 90.9892 3 -61.026
vt 866.256 459.018
v 90.8592 3 -61.026
vt 861.137 459.018
v 90.7186 3 -61.3022
vt 855.602 469.895
v 90.3139 3 -61.3678
vt 839.668 472.478
v 89.9825 3 -61.6092
vt 826.621 481.982
v 89.9825 3 -62.0392
vt 826.621 498.911
v 87.8925 3 -62.0392
vt 744.337 498.911
v 87.7377 3 -62.2845
vt 738.245 508.567
v 87.3129 3 -62.351
vt 721.519 511.186
v 87.2218 3 -62.5402
vt 717.935 518.636
v 87.0671 3 -62.5402
vt 711.845 518.636
v 86.973 3 -62.7356
vt 708.138 526.328
v 86.5676 3 -62.5402
vt 692.178 518.636
v 86.5676 3 -62.3302
vt 692.178 510.368
v 86.4343 3 -62.1949
vt 686.928 505.039
v 85.9469 3 -62.1441
vt 667.741 503.04
v 85.9469 3 -61.7441
vt 667.741 487.292
v 85.5774 3 -61.5444
vt 653.193 479.431
v 85.5774 3 -61.3144
vt 653.193 470.376
v 85.4449 3 -61.1783
vt 647.975 465.016
v 85.0097 3 -61.1131
vt 630.844 462.448
v 84.9283 3 -60.7521
vt 627.639 448.238
v 84.5875 3 -60.5427
vt 614.222 439.992
v 84.5875 3 -60.3127
vt 614.222 430.937
v 84.4437 3 -60.1737
vt 608.561 425.464
v 84.1761 3 -60.1737
vt 598.024 425.464
v 83.9997 3 -60.0422
vt 591.079 420.289
v 83.8797 3 -60.0422
vt 586.354 420.289
v 83.7183 3 -60.2951
vt 580.001 430.246
v 83.3041 3 -60.3646
vt 563.693 432.98
v 83.181 3 -60.5347
vt 558.846 439.678
v 83.071 3 -60.5347
vt 554.515 439.678
v 82.9878 3 -60.6212
vt 551.24 443.082
v 82.9878 3 -61.0512
vt 551.24 460.011
v 82.8678 3 -61.0512
vt 546.516 460.011
v 82.7366 3 -61.2872
vt 541.35 469.302
v 82.3142 3 -61.368
vt 524.723 472.483
v 82.178 3 -61.5407
vt 519.36 479.284
v 82.078 3 -61.5407
vt 515.423 479.284
v 81.9811 3 -61.6273
vt 511.606 482.694
v 81.9811 3 -62.0273
vt 511.606 498.442
v 79.0211 3 -62.0273
vt 395.07 498.442
v 78.9486 3 -61.7569
vt 392.218 487.794
v 78.5723 3 -61.5488
vt 377.403 479.602
v 78.5723 3 -61.3388
vt 377.403 471.334
v 78.4431 3 -61.1861
vt 372.316 465.324
v 77.938 3 -61.1158
vt 352.429 462.555
v 77.938 3 -60.741
vt 352.429 447.797
v 77.5745 3 -60.5513
vt 338.118 440.331
v 77.5745 3 -60.3253
vt 338.118 431.433
v 77.4311 3 -60.1718
vt 332.474 425.391
v 77.1511 3 -60.1718
vt 321.451 425.391
v 77.1511 3 -60.1118
vt 321.451 423.028
v 77.0011 3 -60.1118
vt 315.545 423.028
v 76.7392 3 -60.2956
vt 305.233 430.265
v 76.5392 3 -60.2956
vt 297.359 430.265
v 76.3073 3 -60.3575
vt 288.229 432.702
v 76.1708 3 -60.5426
vt 282.856 439.99
v 76.0786 3 -60.5426
vt 279.227 439.99
v 75.99 3 -60.6235
vt 275.737 443.174
v 75.99 3 -62.0435
vt 275.737 499.08
v 75.87 3 -62.0435
vt 271.012 499.08
v 75.7293 3 -62.2971
vt 265.474 509.064
v 75.3161 3 -62.372
vt 249.204 512.013
v 74.9817 3 -62.6093
vt 236.04 521.355
v 74.9817 3 -62.7593
vt 236.04 527.261
v 74.5889 3 -62.5397
vt 220.577 518.616
v 74.5889 3 -62.3097
vt 220.577 509.56
v 74.421 3 -62.1676
vt 213.966 503.964
v 74.171 3 -62.1676
vt 204.123 503.964
v 73.9476 3 -62.0553
vt 195.329 499.545
v 72.0076 3 -62.0553
vt 118.951 499.545
v 72.0076 3 -61.8853
vt 118.951 492.852
v 71.8932 3 -61.6974
vt 114.446 485.454
v 71.5696 3 -61.5642
vt 101.704 480.209
v 71.5696 3 -61.3442
vt 101.704 471.548
v 71.4404 3 -61.1915
vt 96.6176 465.537
v 71.0086 3 -61.107
vt 79.6175 462.209
v 71.0086 3 -57.7395
vt 79.6175 329.628
v 70.5743 3 -57.4721
vt 62.5193 319.102
v 70.5743 3 -57.2721
vt 62.5193 311.228
v 70.4616 3 -57.1191
vt 58.0841 305.204
v 70.1516 3 -57.1191
vt 45.8793 305.204
v 69.9463 3 -56.9948
vt 37.7953 300.313
v 68.9863 3 -56.9948
vt -1.04251e-31 300.313
v 68.9863 3 -56.0048
vt -1.04251e-31 261.336
f 1151/1432/86 1152/1433/86 1153/1434/86 1154/1435/86 1155/1436/86 1156/1437/86 1157/1438/86 1158/1439/86 1159/1440/86 1160/1441/86 1161/1442/86 1162/1443/86 1163/1444/86 1164/1445/86 1165/1446/86 1166/1447/86 1167/1448/86 1168/1449/86 1169/1450/86 1170/1451/86 1171/1452/86 1172/1453/86 1173/1454/86 1174/1455/86 1175/1456/86 1176/1457/86 1177/1458/86 1178/1459/86 1179/1460/86 1180/1461/86 1181/1462/86 1182/1463/86 1183/1464/86 1184/1465/86 1185/1466/86 1186/1467/86 1187/1468/86 1188/1469/86 1189/1470/86 1190/1471/86 1191/1472/86 1192/1473/86 1193/1474/86 1194/1475/86 1195/1476/86 1196/1477/86 1197/1478/86 1198/1479/86 1199/1480/86 1200/1481/86 1201/1482/86 1202/1483/86 1203/1484/86 1204/1485/86 1205/1486/86 1206/1487/86 1207/1488/86 1208/1489/86 1209/1490/86 1210/1491/86 1211/1492/86 1212/1493/86 1213/1494/86 1214/1495/86 1215/1496/86 1216/1497/86 1217/1498/86 1218/1499/86 1219/1500/86 1220/1501/86 1221/1502/86 1222/1503/86 1223/1504/86 1224/1505/86 1225/1506/86 1226/1507/86 1227/1508/86 1228/1509/86 1229/1510/86 1230/1511/86 1231/1512/86 1232/1513/86 1233/1514/86 1234/1515/86 1235/1516/86 1236/1517/86 1237/1518/86 1238/1519/86 1239/1520/86 1240/1521/86 1241/1522/86 1242/1523/86 1243/1524/86 1244/1525/86 1245/1526/86 1246/1527/86 1247/1528/86 1248/1529/86 1249/1530/86 1250/1531/86 1251/1532/86 1252/1533/86 1253/1534/86 1254/1535/86 1255/1536/86 1256/1537/86 1257/1538/86 1258/1539/86 1259/1540/86 1260/1541/86 1261/1542/86 1262/1543/86 1263/1544/86 1264/1545/86 1265/1546/86 1266/1547/86 1267/1548/86 1268/1549/86 1269/1550/86 1270/1551/86 1271/1552/86 1272/1553/86 1273/1554/86 1274/1555/86 1275/1556/86 1276/1557/86 1277/1558/86 1278/1559/86 1279/1560/86 1280/1561/86 1281/1562/86 1282/1563/86 1283/1564/86 1284/1565/86 1285/1566/86 1286/1567/86 1287/1568/86 1288/1569/86 1289/1570/86 1290/1571/86 1291/1572/86 1292/1573/86 1293/1574/86 1294/1575/86 1295/1576/86 1296/1577/86 1297/1578/86 1298/1579/86 1299/1580/86 1300/1581/86 1301/1582/86 1302/1583/86 1303/1584/86 1304/1585/86 1305/1586/86 

g Mesh36 Group33 Model

v 120.983 2 -50.0335
vt 275.197 0
v 126.013 2 -50.0335
v 126.013 2 -62.0935
vt 473.228 474.803
v 113.993 2 -62.0935
vt 0 474.803
v 113.993 2 -50.0335
v 119.983 2 -50.0335
vt 235.827 0
f 1306/1587/32 1307/55/32 1308/1588/32 1309/1589/32 1310/22/32 1311/1590/32 

g Mesh37 Group34 Model

usemtl _4
v 15.9979 -1.44382e-15 -17.9917
vt -15.9979 17.9917
vn -6.36265e-18 -1 1.09711e-17
v 33.9908 -1.44382e-15 -17.9917
vt -33.9908 17.9917
v 33.9908 -2.16572e-15 -2.02801
vt -33.9908 2.02801
v 39.0008 -2.16572e-15 -2.02801
vt -39.0008 2.02801
vt -39.0008 -0.00828118
vt -31.9958 -0.00828118
v 24.9908 -2.16572e-15 0.00828118
vt -24.9908 -0.00828118
v 24.9908 -2.16572e-15 -2.02801
vt -24.9908 2.02801
v 29.9808 -2.16572e-15 -2.02801
vt -29.9808 2.02801
v 30.0475 -2.16336e-15 -2.36142
vt -30.0475 2.36142
v 30.1797 -1.44967e-15 -2.51148
vt -30.1797 2.51148
v 30.3197 -1.44967e-15 -2.51148
vt -30.3197 2.51148
v 30.3197 -1.44967e-15 -2.65148
vt -30.3197 2.65148
v 30.6342 -2.16573e-15 -3.02727
vt -30.6342 3.02727
v 31.0142 -2.16573e-15 -3.02727
vt -31.0142 3.02727
v 31.0142 -2.16573e-15 -12.9973
vt -31.0142 12.9973
v 30.8842 -2.16573e-15 -12.9973
vt -30.8842 12.9973
v 30.7363 -2.16573e-15 -13.2232
vt -30.7363 13.2232
v 30.3382 -2.16573e-15 -13.3214
vt -30.3382 13.3214
v 29.98 -2.16573e-15 -13.5769
vt -29.98 13.5769
v 29.98 -2.16573e-15 -14.0069
vt -29.98 14.0069
v 18.03 -2.16573e-15 -14.0069
vt -18.03 14.0069
v 17.9359 -2.16573e-15 -13.7011
vt -17.9359 13.7011
v 17.5697 -2.16573e-15 -13.4954
vt -17.5697 13.4954
v 17.5697 -2.16573e-15 -13.2754
vt -17.5697 13.2754
v 17.4141 -2.16573e-15 -13.1344
vt -17.4141 13.1344
v 17.013 -2.16575e-15 -13.0497
vt -17.013 13.0497
v 17.013 -2.16575e-15 -2.9697
vt -17.013 2.9697
v 17.323 -2.16575e-15 -2.9697
vt -17.323 2.9697
v 17.5791 -2.1672e-15 -2.5876
vt -17.5791 2.5876
v 17.8091 -2.1672e-15 -2.5876
vt -17.8091 2.5876
v 17.9478 -1.44382e-15 -2.39172
vt -17.9478 2.39172
v 17.9478 -1.44382e-15 -1.99172
vt -17.9478 1.99172
v 22.9978 -1.44382e-15 -1.99172
vt -22.9978 1.99172
v 22.9978 -1.44382e-15 0.00828118
vt -22.9978 -0.00828118
v 15.9979 -1.44382e-15 0.00828118
vt -15.9979 -0.00828118
f 1312/1591/87 1313/1592/87 1314/1593/87 1315/1594/87 544/1595/87 570/1596/87 1316/1597/87 1317/1598/87 1318/1599/87 1319/1600/87 1320/1601/87 1321/1602/87 1322/1603/87 1323/1604/87 1324/1605/87 1325/1606/87 1326/1607/87 1327/1608/87 1328/1609/87 1329/1610/87 1330/1611/87 1331/1612/87 1332/1613/87 1333/1614/87 1334/1615/87 1335/1616/87 1336/1617/87 1337/1618/87 1338/1619/87 1339/1620/87 1340/1621/87 1341/1622/87 1342/1623/87 1343/1624/87 1344/1625/87 1345/1626/87 

vt -33.9908 -1.24643e-15
vn 0 -1.09711e-17 -1
vt -15.9979 -1.24643e-15
v 15.9979 4 -17.9917
vt -15.9979 4
v 33.9908 4 -17.9917
vt -33.9908 4
f 1313/1627/88 1312/1628/88 1346/1629/88 1347/1630/88 

vt -17.9917 -1.34203e-15
vn -1 6.36265e-18 -0
vt 0.00828118 -1.34203e-15
v 15.9979 4 0.00828118
vt -17.9917 4
f 1312/1631/89 1345/1632/89 1348/471/89 1346/1633/89 

vt 15.9979 -1.44391e-15
vn 0 1.09711e-17 1
vt 22.9978 -1.44391e-15
v 22.9978 4 0.00828118
vt 22.9978 4
vt 15.9979 4
f 1345/1634/90 1344/1635/90 1349/1636/90 1348/1637/90 

vt -0.00828118 -1.2975e-15
vn 1 -6.36265e-18 -0
vt 1.99172 -1.2975e-15
v 22.9978 4 -1.99172
vt 1.99172 4
f 1344/1638/91 1343/1639/91 1350/1640/91 1349/485/91 

vt -22.9978 -1.42197e-15
vt -17.9478 -1.42197e-15
v 17.9478 4 -1.99172
vt -17.9478 4
vt -22.9978 4
f 1343/1641/88 1342/1642/88 1351/1643/88 1350/1644/88 

vt 1.99172 -1.32963e-15
vt 2.39172 -1.32963e-15
v 17.9478 4 -2.39172
vt 2.39172 4
f 1342/1645/91 1341/1646/91 1352/1647/91 1351/1640/91 

vt -8.41778 -1.25896e-15
vn 0.816192 -1.15321e-17 -0.577781
vt -8.17778 -1.98233e-15
v 17.8091 4 -2.5876
vt -8.17778 4
vt -8.41778 4
f 1341/1648/92 1340/1649/92 1353/1650/92 1352/1651/92 

vt -17.8091 -2.13881e-15
vt -17.5791 -2.13881e-15
v 17.5791 4 -2.5876
vt -17.5791 4
vt -17.8091 4
f 1340/1652/88 1339/1653/88 1354/1654/88 1353/1655/88 

vt -7.63898 -1.98441e-15
vn 0.830635 -1.1394e-17 -0.556817
vt -7.17898 -1.98296e-15
v 17.323 4 -2.9697
vt -7.17898 4
vt -7.63898 4
f 1339/1656/93 1338/1657/93 1355/1658/93 1354/1659/93 

vt -17.323 -2.13317e-15
vt -17.013 -2.13317e-15
v 17.013 4 -2.9697
vt -17.013 4
vt -17.323 4
f 1338/1660/88 1337/1661/88 1356/1662/88 1355/1663/88 

vt 2.9697 -2.0575e-15
vt 13.0497 -2.0575e-15
v 17.013 4 -13.0497
vt 13.0497 4
vt 2.9697 4
f 1337/1664/91 1336/1665/91 1357/1666/91 1356/1667/91 

vt 19.3415 -2.07857e-15
vn 0.206546 9.42039e-18 0.978437
vt 19.7515 -2.07855e-15
v 17.4141 4 -13.1344
vt 19.7515 4
vt 19.3415 4
f 1336/1668/94 1335/1669/94 1358/1670/94 1357/1671/94 

vt 21.7235 -2.1733e-15
vn 0.671556 3.85624e-18 0.740954
vt 21.9335 -2.1733e-15
v 17.5697 4 -13.2754
vt 21.9335 4
vt 21.7235 4
f 1335/1672/95 1334/1673/95 1359/1674/95 1358/1675/95 

vt 13.2754 -2.05394e-15
vt 13.4954 -2.05394e-15
v 17.5697 4 -13.4954
vt 13.4954 4
vt 13.2754 4
f 1334/1676/91 1333/1677/91 1360/1678/91 1359/1679/91 

vt 21.9275 -2.14533e-15
vn 0.489689 6.44999e-18 0.871897
vt 22.3475 -2.14533e-15
v 17.9359 4 -13.7011
vt 22.3475 4
vt 21.9275 4
f 1333/1680/96 1332/1681/96 1361/1682/96 1360/1683/96 

vt 18.3694 -2.12829e-15
vn 0.95579 -2.85528e-18 0.294051
vt 18.6894 -2.12829e-15
v 18.03 4 -14.0069
vt 18.6894 4
vt 18.3694 4
f 1332/1684/97 1331/1685/97 1362/1686/97 1361/1687/97 

vt 18.03 -2.01206e-15
vt 29.98 -2.01206e-15
v 29.98 4 -14.0069
vt 29.98 4
vt 18.03 4
f 1331/1688/90 1330/1689/90 1363/1690/90 1362/1691/90 

vt -14.0069 -1.97498e-15
vt -13.5769 -1.97498e-15
v 29.98 4 -13.5769
vt -13.5769 4
vt -14.0069 4
f 1330/1692/89 1329/1693/89 1364/1694/89 1363/1695/89 

vt 16.5231 -1.80635e-15
vn -0.5807 1.26266e-17 0.814118
vt 16.9631 -1.80635e-15
v 30.3382 4 -13.3214
vt 16.9631 4
vt 16.5231 4
f 1329/1696/98 1328/1697/98 1365/1698/98 1364/1699/98 

vt 26.2623 -1.91974e-15
vn -0.239622 1.21761e-17 0.970866
vt 26.6723 -1.91974e-15
v 30.7363 4 -13.2232
vt 26.6723 4
vt 26.2623 4
f 1328/1700/99 1327/1701/99 1366/1702/99 1365/1703/99 

vt 5.77024 -1.79224e-15
vn -0.836684 1.13323e-17 0.547687
vt 6.04024 -1.79224e-15
v 30.8842 4 -12.9973
vt 6.04024 4
vt 5.77024 4
f 1327/1704/100 1326/1705/100 1367/1706/100 1366/1707/100 

vt 30.8842 -2.02314e-15
vt 31.0142 -2.02314e-15
v 31.0142 4 -12.9973
vt 31.0142 4
vt 30.8842 4
f 1326/1708/90 1325/1709/90 1368/1710/90 1367/1711/90 

vt -12.9973 -1.9684e-15
vt -3.02727 -1.9684e-15
v 31.0142 4 -3.02727
vt -3.02727 4
vt -12.9973 4
f 1325/1712/89 1324/1713/89 1369/1714/89 1368/1715/89 

vt -31.0142 -2.13252e-15
vt -30.6342 -2.13252e-15
v 30.6342 4 -3.02727
vt -30.6342 4
vt -31.0142 4
f 1324/1716/88 1323/1717/88 1370/1718/88 1369/1719/88 

vt -21.9806 -2.2123e-15
vn -0.76693 -2.16082e-18 -0.641731
vt -21.4906 -1.49623e-15
v 30.3197 4 -2.65148
vt -21.4906 4
vt -21.9806 4
f 1323/1720/101 1322/1721/101 1371/1722/101 1370/1723/101 

vt -2.65148 -1.25675e-15
vt -2.51148 -1.25675e-15
v 30.3197 4 -2.51148
vt -2.51148 4
vt -2.65148 4
f 1322/1724/89 1321/1725/89 1372/1726/89 1371/1727/89 

vt -30.3197 -1.42211e-15
vt -30.1797 -1.42211e-15
v 30.1797 4 -2.51148
vt -30.1797 4
vt -30.3197 4
f 1321/1728/88 1320/1729/88 1373/1730/88 1372/1731/88 

vt -21.8361 -1.50169e-15
vn -0.750299 -2.47913e-18 -0.661099
vt -21.6361 -2.21538e-15
v 30.0475 4 -2.36142
vt -21.6361 4
vt -21.8361 4
f 1320/1732/102 1319/1733/102 1374/1734/102 1373/1735/102 

vt -8.20623 -2.04479e-15
vn -0.980595 4.08836e-18 -0.196044
vt -7.86623 -2.04716e-15
v 29.9808 4 -2.02801
vt -7.86623 4
vt -8.20623 4
f 1319/1736/103 1318/1737/103 1375/1738/103 1374/1739/103 

vt -29.9808 -2.14348e-15
vt -24.9908 -2.14348e-15
v 24.9908 4 -2.02801
vt -24.9908 4
vt -29.9808 4
f 1318/1740/88 1317/1741/88 1376/1742/88 1375/1743/88 

vt -2.02801 -2.00672e-15
vt 0.00828118 -2.00672e-15
v 24.9908 4 0.00828118
f 1317/1744/89 1316/1745/89 1377/471/89 1376/472/89 

vt 24.9908 -2.16601e-15
vn 1.36872e-17 3.45446e-17 1
vt 31.9958 -2.16601e-15
v 31.9958 4 0.00828118
vt 24.9908 4
f 1316/1746/104 570/1747/104 1378/778/104 1377/1748/104 

vt 33.9908 17.9917
vn -1.50412e-17 1 -2.7972e-17
vt 15.9979 17.9917
vt 15.9979 -0.00828118
vt 22.9978 -0.00828118
vt 22.9978 1.99172
vt 17.9478 1.99172
vt 17.9478 2.39172
vt 17.8091 2.5876
vt 17.5791 2.5876
vt 17.323 2.9697
vt 17.013 2.9697
vt 17.013 13.0497
vt 17.4141 13.1344
vt 17.5697 13.2754
vt 17.5697 13.4954
vt 17.9359 13.7011
vt 18.03 14.0069
vt 29.98 14.0069
vt 29.98 13.5769
vt 30.3382 13.3214
vt 30.7363 13.2232
vt 30.8842 12.9973
vt 31.0142 12.9973
vt 31.0142 3.02727
vt 30.6342 3.02727
vt 30.3197 2.65148
vt 30.3197 2.51148
vt 30.1797 2.51148
vt 30.0475 2.36142
vt 29.9808 2.02801
vt 24.9908 2.02801
vt 24.9908 -0.00828118
v 39.0008 4 0.00828118
v 39.0008 4 -2.02801
vt 39.0008 2.02801
v 33.9908 4 -2.02801
vt 33.9908 2.02801
f 1347/1749/105 1346/1750/105 1348/1751/105 1349/1752/105 1350/1753/105 1351/1754/105 1352/1755/105 1353/1756/105 1354/1757/105 1355/1758/105 1356/1759/105 1357/1760/105 1358/1761/105 1359/1762/105 1360/1763/105 1361/1764/105 1362/1765/105 1363/1766/105 1364/1767/105 1365/1768/105 1366/1769/105 1367/1770/105 1368/1771/105 1369/1772/105 1370/1773/105 1371/1774/105 1372/1775/105 1373/1776/105 1374/1777/105 1375/1778/105 1376/1779/105 1377/1780/105 1378/651/105 1379/650/105 1380/1781/105 1381/1782/105 

f 544/482/1 1315/483/1 1380/484/1 1379/485/1 

vt -39.0008 -2.14348e-15
vt -33.9908 -2.14348e-15
vt -39.0008 4
f 1315/1783/88 1314/1784/88 1381/1630/88 1380/1785/88 

vt 2.02801 -1.94945e-15
vn 1 -6.36265e-18 -2.87728e-34
vt 17.9917 -1.22755e-15
vt 17.9917 4
f 1314/1786/106 1313/1787/106 1347/1788/106 1381/484/106 

g Mesh38 Group35 Model

usemtl Color_C02
v -104.985 6 -46.0032
vt 866.903 472.895
vn 1.80924e-18 1 2.01643e-18
v -119.997 6 -46.0032
vt 275.889 472.895
v -119.997 6 -46.0027
vt 275.889 472.874
v -120.997 6 -46.0027
vt 236.519 472.874
v -124.987 6 -46.0027
vt 79.4326 472.874
v -124.987 6 -45.8027
vt 79.4326 465
v -125.402 6 -45.4566
vt 63.1128 451.375
v -125.402 6 -45.2366
vt 63.1128 442.714
v -126.003 6 -45.0189
vt 39.4185 434.143
v -126.003 6 -44.7237
vt 39.4185 422.521
v -126.45 6 -44.4775
vt 21.8347 412.828
v -126.45 6 -44.2675
vt 21.8347 404.56
v -126.605 6 -44.1117
vt 15.7197 398.426
v -127.005 6 -44.0185
vt -5.14217e-32 394.759
v -127.005 6 -35.9485
vt -5.14217e-32 77.0424
v -126.705 6 -35.9485
vt 11.811 77.0424
v -126.404 6 -35.5619
vt 23.6618 61.8202
v -126.204 6 -35.5619
vt 31.5358 61.8202
v -126.047 6 -35.3544
vt 37.704 53.6511
v -126.047 6 -34.9444
vt 37.704 37.5094
v -125.677 6 -34.9444
vt 52.2709 37.5094
v -125.423 6 -34.5728
vt 62.2635 22.8798
v -125.193 6 -34.5728
vt 71.3186 22.8798
v -125.041 6 -34.3617
vt 77.2916 14.5669
v -125.041 6 -33.9917
vt 77.2916 5.75923e-32
v -98.0314 6 -33.9917
vt 1140.68 6.14717e-32
v -97.9313 6 -34.3686
vt 1144.62 14.84
v -97.351 6 -35.0168
vt 1167.47 40.358
v -97.021 6 -35.0168
vt 1180.46 40.358
v -97.021 6 -45.0068
vt 1180.46 433.665
v -97.263 6 -45.2867
vt 1170.93 444.685
v -97.483 6 -45.2867
vt 1162.27 444.685
v -98.0089 6 -45.5958
vt 1141.57 456.854
v -98.0089 6 -46.0032
vt 1141.57 472.895
v -103.985 6 -46.0032
vt 906.273 472.895
f 1382/1789/107 1383/1790/107 1384/1791/107 1385/1792/107 1386/1793/107 1387/1794/107 1388/1795/107 1389/1796/107 1390/1797/107 1391/1798/107 1392/1799/107 1393/1800/107 1394/1801/107 1395/1802/107 1396/1803/107 1397/1804/107 1398/1805/107 1399/1806/107 1400/1807/107 1401/1808/107 1402/1809/107 1403/1810/107 1404/1811/107 1405/1812/107 1406/1813/107 1407/1814/107 1408/1815/107 1409/1816/107 1410/1817/107 1411/1818/107 1412/1819/107 1413/1820/107 1414/1821/107 1415/1822/107 1416/1823/107 

g Mesh39 Group36 Model

v -62.565 8.5 -58.1704
vt 17.4345 320.731
vn -6.54821e-19 1 2.88573e-18
v -63.0078 8.5 -58.0734
vt 0 316.91
v -63.0078 8.5 -51.9434
vt 0 75.5711
v -62.6578 8.5 -51.9434
vt 13.7795 75.5711
v -62.4173 8.5 -51.563
vt 23.2498 60.5982
v -62.1573 8.5 -51.563
vt 33.486 60.5982
v -62.0198 8.5 -51.3542
vt 38.8991 52.3778
v -62.0198 8.5 -51.0176
vt 38.8991 39.1236
v -58.0198 8.5 -51.0176
vt 196.379 39.1236
v -57.9366 8.5 -51.3781
vt 199.656 53.3173
v -57.8085 8.5 -51.4899
vt 204.696 57.7204
v -57.7385 8.5 -51.4899
vt 207.452 57.7204
v -57.6907 8.5 -51.6321
vt 209.336 63.3173
v -57.6264 8.5 -51.7565
vt 211.866 68.2144
v -57.3583 8.5 -52.0115
vt 222.422 78.252
v -57.1383 8.5 -52.0115
vt 231.084 78.252
v -56.9709 8.5 -51.7996
vt 237.675 69.9125
v -56.7347 8.5 -51.9305
vt 246.974 75.0634
v -56.4128 8.5 -51.5744
vt 259.645 61.0435
v -56.1728 8.5 -51.5744
vt 269.094 61.0435
v -56.0829 8.5 -51.3736
vt 272.633 53.1382
v -56.0829 8.5 -51.0162
vt 272.633 39.0683
v -49.0029 8.5 -51.0162
vt 551.373 39.0683
v -48.9448 8.5 -51.3715
vt 553.662 53.0556
v -48.8061 8.5 -51.5156
vt 559.123 58.7283
v -48.7061 8.5 -51.5156
vt 563.06 58.7283
v -48.7061 8.5 -51.6356
vt 563.06 63.4527
v -48.6304 8.5 -51.7651
vt 566.04 68.5511
v -48.3743 8.5 -52.0036
vt 576.125 77.9411
v -48.1443 8.5 -52.0036
vt 585.18 77.9411
v -47.7084 8.5 -51.9431
vt 602.338 75.5616
v -47.4021 8.5 -51.5736
vt 614.398 61.0123
v -47.1821 8.5 -51.5736
vt 623.059 61.0123
v -47.0656 8.5 -51.3869
vt 627.645 53.6641
v -47.0656 8.5 -51.1369
vt 627.645 43.8216
v -46.8183 8.5 -51.5008
vt 637.385 58.147
v -46.7083 8.5 -51.5008
vt 641.715 58.147
v -46.7083 8.5 -51.6308
vt 641.715 63.2651
v -46.3601 8.5 -52.0171
vt 655.421 78.4731
v -46.1401 8.5 -52.0171
vt 664.082 78.4731
v -45.9656 8.5 -51.7855
vt 670.953 69.3543
v -45.8186 8.5 -51.9623
vt 676.74 76.3186
v -45.6886 8.5 -51.9623
vt 681.858 76.3186
v -45.5688 8.5 -51.8022
vt 686.576 70.0143
v -45.5688 8.5 -51.7122
vt 686.576 66.471
v -45.4019 8.5 -51.5848
vt 693.148 61.455
v -45.2119 8.5 -51.5848
vt 700.628 61.455
v -45.0623 8.5 -51.3721
vt 706.516 53.0817
v -45.0623 8.5 -51.0121
vt 706.516 38.9084
v -34.0223 8.5 -51.0121
vt 1141.16 38.9084
v -33.934 8.5 -51.3817
vt 1144.64 53.459
v -33.8027 8.5 -51.5191
vt 1149.81 58.8677
v -33.7127 8.5 -51.5191
vt 1153.35 58.8677
v -33.6347 8.5 -51.7566
vt 1156.42 68.2185
v -33.365 8.5 -52.01
vt 1167.04 78.1938
v -33.0244 8.5 -52.01
vt 1180.45 78.1938
v -33.0244 8.5 -53.11
vt 1180.45 121.501
v -32.932 8.5 -53.3849
vt 1184.09 132.323
v -32.7981 8.5 -53.5051
vt 1189.36 137.056
v -32.7181 8.5 -53.5051
vt 1192.51 137.056
v -32.6366 8.5 -53.7625
vt 1195.72 147.191
v -32.5466 8.5 -53.7625
vt 1199.26 147.191
v -32.3826 8.5 -54.0137
vt 1205.72 157.079
v -32.1336 8.5 -54.0137
vt 1215.52 157.079
v -31.9949 8.5 -53.8178
vt 1220.98 149.368
v -31.7991 8.5 -53.9565
vt 1228.69 154.829
v -31.7176 8.5 -53.9565
vt 1231.9 154.829
v -31.5586 8.5 -53.8045
vt 1238.16 148.844
v -31.4263 8.5 -53.5924
vt 1243.37 140.493
v -31.2078 8.5 -53.5924
vt 1251.97 140.493
v -31.0542 8.5 -53.3703
vt 1258.02 131.752
v -31.0542 8.5 -53.1603
vt 1258.02 123.484
v -30.8136 8.5 -53.5046
vt 1267.49 137.036
v -30.7136 8.5 -53.5046
vt 1271.43 137.036
v -30.7136 8.5 -53.6346
vt 1271.43 142.155
v -30.6384 8.5 -53.7758
vt 1274.38 147.716
v -30.3623 8.5 -54.0221
vt 1285.26 157.412
v -30.1123 8.5 -54.0221
vt 1295.1 157.412
v -29.965 8.5 -53.7958
vt 1300.9 148.502
v -29.7963 8.5 -53.9665
vt 1307.54 155.223
v -29.6763 8.5 -53.9665
vt 1312.26 155.223
v -29.4093 8.5 -53.592
vt 1322.78 140.478
v -29.2025 8.5 -53.592
vt 1330.92 140.478
v -29.0507 8.5 -53.3809
vt 1336.9 132.167
v -29.0507 8.5 -52.9909
vt 1336.9 116.813
v -28.6824 8.5 -52.955
vt 1351.39 115.399
v -28.4172 8.5 -52.5915
vt 1361.84 101.087
v -28.2069 8.5 -52.5915
vt 1370.11 101.087
v -28.0665 8.5 -52.3727
vt 1375.64 92.4728
v -28.0031 8.5 -51.8666
vt 1378.14 72.5497
v -27.8069 8.5 -51.9661
vt 1385.86 76.4661
v -27.6968 8.5 -51.9661
vt 1390.2 76.4661
v -27.5575 8.5 -51.7958
vt 1395.68 69.7603
v -27.5575 8.5 -51.6958
vt 1395.68 65.8233
v -27.3993 8.5 -51.5735
vt 1401.91 61.0094
v -27.1967 8.5 -51.5735
vt 1409.89 61.0094
v -27.0425 8.5 -51.3279
vt 1415.96 51.341
v -26.9325 8.5 -51.3279
vt 1420.29 51.341
v -26.634 8.5 -51.7537
vt 1432.04 68.1048
v -26.3695 8.5 -52.0125
vt 1442.45 78.2926
v -26.1295 8.5 -52.0125
vt 1451.9 78.2926
v -25.9739 8.5 -51.7918
vt 1458.03 69.6059
v -25.7982 8.5 -51.9554
vt 1464.94 76.0437
v -25.6982 8.5 -51.9554
vt 1468.88 76.0437
v -25.4247 8.5 -51.598
vt 1479.65 61.9757
v -25.1747 8.5 -51.598
vt 1489.49 61.9757
v -25.0419 8.5 -51.3745
vt 1494.72 53.175
v -25.0419 8.5 -50.9545
vt 1494.72 36.6396
v -24.7119 8.5 -50.9545
vt 1507.71 36.6396
v -24.4155 8.5 -50.5898
vt 1519.38 22.2797
v -24.1655 8.5 -50.5898
vt 1529.23 22.2797
v -24.0527 8.5 -50.3555
vt 1533.66 13.0561
v -23.9327 8.5 -50.3555
vt 1538.39 13.0561
v -23.8184 8.5 -50.4945
vt 1542.89 18.5291
v -23.7184 8.5 -50.4945
vt 1546.83 18.5291
v -23.7184 8.5 -50.6382
vt 1546.83 24.1853
v -23.3512 8.5 -51.0203
vt 1561.29 39.2303
v -22.9763 8.5 -51.0203
vt 1576.04 39.2303
v -22.9398 8.5 -51.3885
vt 1577.48 53.7263
v -22.6251 8.5 -51.764
vt 1589.87 68.5113
v -22.3606 8.5 -52.0083
vt 1600.28 78.1283
v -22.0206 8.5 -52.0083
vt 1613.67 78.1283
v -22.0206 8.5 -53.1083
vt 1613.67 121.435
v -21.9439 8.5 -53.3672
vt 1616.69 131.628
v -21.8262 8.5 -53.5163
vt 1621.32 137.499
v -21.7162 8.5 -53.5163
vt 1625.65 137.499
v -21.6408 8.5 -53.7817
vt 1628.62 147.949
v -21.5208 8.5 -53.7817
vt 1633.35 147.949
v -21.5208 8.5 -53.8817
vt 1633.35 151.886
v -21.374 8.5 -54.0175
vt 1639.13 157.231
v -21.104 8.5 -54.0175
vt 1649.76 157.231
v -20.7102 8.5 -53.9472
vt 1665.26 154.464
v -20.4111 8.5 -53.5846
vt 1677.03 140.189
v -20.1911 8.5 -53.5846
vt 1685.7 140.189
v -20.0801 8.5 -53.3719
vt 1690.07 131.812
v -19.9206 8.5 -53.3719
vt 1696.35 131.812
v -19.8151 8.5 -53.5177
vt 1700.5 137.554
v -19.7151 8.5 -53.5177
vt 1704.44 137.554
v -19.6314 8.5 -53.7639
vt 1707.73 147.245
v -19.363 8.5 -54.0186
vt 1718.3 157.272
v -19.123 8.5 -54.0186
vt 1727.75 157.272
v -18.9661 8.5 -53.7629
vt 1733.93 147.205
v -18.7875 8.5 -53.9654
vt 1740.96 155.179
v -18.6775 8.5 -53.9654
vt 1745.29 155.179
v -18.4203 8.5 -53.5961
vt 1755.41 140.641
v -18.1603 8.5 -53.5961
vt 1765.65 140.641
v -18.0779 8.5 -53.3814
vt 1768.9 132.188
v -18.0779 8.5 -53.1414
vt 1768.9 122.739
v -17.9958 8.5 -53.1414
vt 1772.13 122.739
v -17.9241 8.5 -53.3809
vt 1774.95 132.168
v -17.805 8.5 -53.5159
vt 1779.64 137.483
v -17.725 8.5 -53.5159
vt 1782.79 137.483
v -17.6442 8.5 -53.763
vt 1785.97 147.212
v -17.5342 8.5 -53.763
vt 1790.3 147.212
v -17.4967 8.5 -53.8979
vt 1791.78 152.523
v -17.3631 8.5 -54.0185
vt 1797.04 157.271
v -17.1031 8.5 -54.0185
vt 1807.27 157.271
v -17.0369 8.5 -53.8729
vt 1809.88 151.536
v -16.8553 8.5 -54.0139
vt 1817.03 157.09
v -16.6253 8.5 -54.0139
vt 1826.08 157.09
v -16.4717 8.5 -53.7798
vt 1832.13 147.873
v -16.2938 8.5 -53.9554
vt 1839.14 154.786
v -15.8784 8.5 -54.0012
vt 1855.49 156.588
v -11.9928 8.5 -54.0012
vt 2008.46 156.588
v -10.9928 8.5 -54.0012
vt 2047.83 156.588
v -9.71944 8.5 -54.0012
vt 2097.97 156.588
v -9.42107 8.5 -53.5876
vt 2109.71 140.304
v -9.18107 8.5 -53.5876
vt 2119.16 140.304
v -9.04888 8.5 -53.3637
vt 2124.37 131.49
v -9.04888 8.5 -52.9637
vt 2124.37 115.742
v -8.68645 8.5 -52.9637
vt 2138.64 115.742
v -8.40994 8.5 -52.5836
vt 2149.52 100.779
v -8.18994 8.5 -52.5836
vt 2158.18 100.779
v -8.00301 8.5 -52.3363
vt 2165.54 91.043
v -7.37041 8.5 -53.018
vt 2190.45 117.882
v -7.01256 8.5 -53.018
vt 2204.54 117.882
v -6.92859 8.5 -53.4091
vt 2207.84 133.279
v -6.71643 8.5 -53.5213
vt 2216.2 137.696
v -6.63828 8.5 -53.7798
vt 2219.27 147.871
v -6.3638 8.5 -54.0279
vt 2230.08 157.639
v -3.6938 8.5 -54.0279
vt 2335.2 157.639
v -3.40763 8.5 -53.5937
vt 2346.46 140.545
v -3.16763 8.5 -53.5937
vt 2355.91 140.545
v -2.95702 8.5 -53.3268
vt 2364.2 130.037
v -2.38182 8.5 -54.019
vt 2386.85 157.289
v 0.297767 8.5 -54.019
vt 2492.35 157.289
v 0.585704 8.5 -53.5981
vt 2503.68 140.717
v 0.845704 8.5 -53.5981
vt 2513.92 140.717
v 1.0578 8.5 -53.3452
vt 2522.27 130.763
v 1.61784 8.5 -54.024
vt 2544.32 157.487
v 2.33456 8.5 -53.9553
vt 2572.53 154.783
v 2.58073 8.5 -53.5786
vt 2582.23 139.953
v 2.82073 8.5 -53.5786
vt 2591.68 139.953
v 2.93251 8.5 -53.3663
vt 2596.08 131.591
v 2.93251 8.5 -52.9695
vt 2596.08 115.969
v 3.32251 8.5 -52.9695
vt 2611.43 115.969
v 3.57328 8.5 -52.5838
vt 2621.3 100.787
v 3.85328 8.5 -52.5838
vt 2632.33 100.787
v 4.00952 8.5 -51.9735
vt 2638.48 76.7586
v 4.30952 8.5 -51.9735
vt 2650.29 76.7586
v 4.57489 8.5 -51.5856
vt 2660.74 61.4865
v 4.84489 8.5 -51.5856
vt 2671.37 61.4865
v 5.03722 8.5 -51.3425
vt 2678.94 51.9147
v 5.63553 8.5 -52.0148
vt 2702.49 78.3844
v 6.32288 8.5 -51.9543
vt 2729.56 76.0026
v 6.5807 8.5 -51.5855
vt 2739.71 61.4824
v 6.8207 8.5 -51.5855
vt 2749.15 61.4824
v 6.92171 8.5 -51.3789
vt 2753.13 53.3472
v 6.92171 8.5 -50.9826
vt 2753.13 37.7472
v 7.31958 8.5 -50.9413
vt 2768.8 36.1213
v 7.56811 8.5 -50.5904
vt 2778.58 22.3065
v 7.80811 8.5 -50.5904
vt 2788.03 22.3065
v 8.01189 8.5 -50.3568
vt 2796.05 13.1092
v 8.63778 8.5 -51.0174
vt 2820.69 39.1163
v 8.99778 8.5 -51.0174
vt 2834.87 39.1163
v 9.04317 8.5 -51.3644
vt 2836.65 52.7794
v 9.62443 8.5 -52.0118
vt 2859.54 78.2648
v 9.98443 8.5 -52.0118
vt 2873.71 78.2648
v 9.98443 8.5 -53.1418
vt 2873.71 122.753
v 10.1888 8.5 -53.4972
vt 2881.76 136.746
v 10.6286 8.5 -54.0159
vt 2899.07 157.166
v 11.3259 8.5 -53.9547
vt 2926.53 154.76
v 11.5782 8.5 -53.5943
vt 2936.46 140.568
v 11.8075 8.5 -53.5943
vt 2945.48 140.568
v 11.9825 8.5 -53.3384
vt 2952.37 130.494
v 12.6381 8.5 -54.012
vt 2978.19 157.013
v 13.2949 8.5 -53.9469
vt 3004.04 154.452
v 13.5922 8.5 -53.5701
vt 3015.75 139.615
v 13.8222 8.5 -53.5701
vt 3024.81 139.615
v 14.0289 8.5 -53.339
vt 3032.94 130.518
v 14.6169 8.5 -54.0203
vt 3056.09 157.342
v 16.3055 8.5 -53.952
vt 3122.57 154.65
v 16.603 8.5 -53.5626
vt 3134.28 139.319
v 16.823 8.5 -53.5626
vt 3142.94 139.319
v 16.9484 8.5 -53.358
vt 3147.88 131.264
v 16.9484 8.5 -51.958
vt 3147.88 76.1459
v 17.2844 8.5 -51.958
vt 3161.11 76.1459
v 17.5957 8.5 -51.5795
vt 3173.37 61.2467
v 17.8357 8.5 -51.5795
vt 3182.82 61.2467
v 18.0449 8.5 -51.3507
vt 3191.05 52.24
v 18.6306 8.5 -52.0209
vt 3214.11 78.6221
v 19.3158 8.5 -51.9398
vt 3241.09 75.4295
v 19.6118 8.5 -51.6008
vt 3252.74 62.0827
v 19.8418 8.5 -51.6008
vt 3261.79 62.0827
v 19.9528 8.5 -51.388
vt 3266.17 53.7068
v 19.9528 8.5 -51.008
vt 3266.17 38.7461
v 20.3028 8.5 -51.008
vt 3279.95 38.7461
v 20.5725 8.5 -50.6354
vt 3290.56 24.0748
v 20.8425 8.5 -50.6354
vt 3301.19 24.0748
v 20.9584 8.5 -50.4139
vt 3305.76 15.3543
v 20.9584 8.5 -50.0239
vt 3305.76 1.57788e-31
v 28.9884 8.5 -50.0239
vt 3621.9 1.5719e-31
v 29.0647 8.5 -50.3859
vt 3624.9 14.2545
v 29.6325 8.5 -51.0049
vt 3647.26 38.6249
v 29.9964 8.5 -51.0049
vt 3661.58 38.6249
v 30.0829 8.5 -51.3955
vt 3664.99 54.0007
v 30.6419 8.5 -51.9954
vt 3687 77.6186
v 30.9919 8.5 -51.9954
vt 3700.78 77.6186
v 30.9919 8.5 -58.0654
vt 3700.78 316.595
v 30.8619 8.5 -58.0654
vt 3695.66 316.595
v 30.7283 8.5 -58.3227
vt 3690.4 326.728
v 30.5083 8.5 -58.3227
vt 3681.74 326.728
v 30.4064 8.5 -58.4461
vt 3677.72 331.584
v 30.2364 8.5 -58.4461
vt 3671.03 331.584
v 29.9886 8.5 -58.6325
vt 3661.28 338.921
v 29.9886 8.5 -59.0625
vt 3661.28 355.851
v 29.8633 8.5 -59.0625
vt 3656.34 355.851
v 29.718 8.5 -59.3134
vt 3650.62 365.732
v 29.498 8.5 -59.3134
vt 3641.96 365.732
v 28.9986 8.5 -59.6276
vt 3622.3 378.101
v 28.9986 8.5 -60.0676
vt 3622.3 395.424
v 28.8686 8.5 -60.0676
vt 3617.18 395.424
v 28.7157 8.5 -60.3257
vt 3611.16 405.585
v 28.3098 8.5 -60.3836
vt 3595.18 407.865
v 27.9795 8.5 -60.6264
vt 3582.18 417.424
v 27.9795 8.5 -61.0564
vt 3582.18 434.353
v 21.0095 8.5 -61.0564
vt 3307.77 434.353
v 21.0095 8.5 -60.8664
vt 3307.77 426.873
v 20.8812 8.5 -60.6755
vt 3302.72 419.356
v 20.5813 8.5 -60.5379
vt 3290.91 413.94
v 20.5813 8.5 -60.3276
vt 3290.91 405.659
v 20.4139 8.5 -60.1848
vt 3284.32 400.037
v 20.1539 8.5 -60.1848
vt 3274.08 400.037
v 19.9678 8.5 -60.0332
vt 3266.76 394.07
v 19.9678 8.5 -59.8632
vt 3266.76 387.377
v 19.8623 8.5 -59.6702
vt 3262.6 379.777
v 19.5673 8.5 -59.5223
vt 3250.99 373.956
v 19.5673 8.5 -59.2943
vt 3250.99 364.979
v 19.4145 8.5 -59.1814
vt 3244.97 360.532
v 19.1645 8.5 -59.1814
vt 3235.13 360.532
v 18.9497 8.5 -59.0534
vt 3226.68 355.496
v 18.8497 8.5 -59.0534
vt 3222.74 355.496
v 18.7085 8.5 -59.3294
vt 3217.18 366.359
v 18.5085 8.5 -59.3294
vt 3209.3 366.359
v 18.2997 8.5 -59.3988
vt 3201.08 369.091
v 17.9975 8.5 -59.6291
vt 3189.18 378.159
v 17.9975 8.5 -59.7991
vt 3189.18 384.852
v 17.5421 8.5 -59.5481
vt 3171.25 374.97
v 17.5421 8.5 -59.3294
vt 3171.25 366.359
v 17.4096 8.5 -59.1796
vt 3166.04 360.461
v 17.1596 8.5 -59.1796
vt 3156.2 360.461
v 16.9404 8.5 -58.9896
vt 3147.57 352.984
v 16.9404 8.5 -57.7496
vt 3147.57 304.165
v 16.5667 8.5 -57.5369
vt 3132.85 295.791
v 16.5667 8.5 -57.3269
vt 3132.85 287.523
v 16.4316 8.5 -57.1794
vt 3127.54 281.716
v 16.1275 8.5 -57.1195
vt 3115.56 279.357
v 14.8775 8.5 -57.1195
vt 3066.35 279.357
v 14.7159 8.5 -57.3958
vt 3059.99 290.233
v 14.3017 8.5 -57.465
vt 3043.68 292.957
v 13.9998 8.5 -57.7119
vt 3031.8 302.681
v 13.9998 8.5 -57.8519
vt 3031.8 308.193
v 13.5748 8.5 -57.6081
vt 3015.07 298.592
v 13.5748 8.5 -57.3681
vt 3015.07 289.143
v 13.4223 8.5 -57.2388
vt 3009.06 284.052
v 13.1423 8.5 -57.2388
vt 2998.03 284.052
v 12.9513 8.5 -57.0933
vt 2990.52 278.326
v 12.8413 8.5 -57.0933
vt 2986.19 278.326
v 12.7203 8.5 -57.3568
vt 2981.42 288.7
v 12.5103 8.5 -57.3568
vt 2973.15 288.7
v 12.3112 8.5 -57.4504
vt 2965.31 292.384
v 12.0671 8.5 -57.6249
vt 2955.71 299.255
v 11.9929 8.5 -57.7061
vt 2952.78 302.451
v 11.9929 8.5 -57.8461
vt 2952.78 307.963
v 11.5707 8.5 -57.5973
vt 2936.16 298.169
v 11.5707 8.5 -57.3973
vt 2936.16 290.295
v 11.4193 8.5 -57.2518
vt 2930.2 284.565
v 11.1593 8.5 -57.2518
vt 2919.97 284.565
v 10.9451 8.5 -57.1045
vt 2911.53 278.766
v 10.8451 8.5 -57.1045
vt 2907.59 278.766
v 10.7112 8.5 -57.3504
vt 2902.32 288.448
v 10.4812 8.5 -57.3504
vt 2893.27 288.448
v 9.98278 8.5 -57.6845
vt 2873.65 301.599
v 9.98278 8.5 -59.1145
vt 2873.65 357.898
v 9.85278 8.5 -59.1145
vt 2868.53 357.898
v 9.73056 8.5 -59.3884
vt 2863.72 368.685
v 9.49056 8.5 -59.3884
vt 2854.27 368.685
v 9.18426 8.5 -59.6134
vt 2842.21 377.539
v 9.03426 8.5 -59.6134
vt 2836.3 377.539
v 8.97156 8.5 -60.1296
vt 2833.83 397.862
v 8.86156 8.5 -60.1296
vt 2829.5 397.862
v 8.71261 8.5 -60.4014
vt 2823.64 408.566
v 8.34284 8.5 -60.4014
vt 2809.08 408.566
v 7.99395 8.5 -60.7012
vt 2795.35 420.368
v 7.99395 8.5 -60.8312
vt 2795.35 425.486
v 7.5555 8.5 -60.6124
vt 2778.08 416.873
v 7.5555 8.5 -60.4014
vt 2778.08 408.566
v 7.42193 8.5 -60.2266
vt 2772.82 401.683
v 7.14193 8.5 -60.2266
vt 2761.8 401.683
v 6.96423 8.5 -59.9605
vt 2754.81 391.206
v 6.96423 8.5 -59.8256
vt 2754.81 385.896
v 6.85324 8.5 -59.7403
vt 2750.44 382.536
v 6.54391 8.5 -59.5992
vt 2738.26 376.98
v 6.54391 8.5 -59.3692
vt 2738.26 367.925
v 6.39016 8.5 -59.2412
vt 2732.2 362.889
v 6.18016 8.5 -59.2412
vt 2723.94 362.889
v 5.96876 8.5 -59.1078
vt 2715.61 357.635
v 5.86876 8.5 -59.1078
vt 2711.68 357.635
v 5.7029 8.5 -59.3814
vt 2705.15 368.409
v 5.4929 8.5 -59.3814
vt 2696.88 368.409
v 5.2954 8.5 -59.4528
vt 2689.1 371.219
v 5.14262 8.5 -59.6379
vt 2683.09 378.506
v 5.03262 8.5 -59.6379
vt 2678.76 378.506
v 4.92113 8.5 -59.8617
vt 2674.37 387.316
v 4.5656 8.5 -59.6025
vt 2660.37 377.11
v 4.5656 8.5 -59.3814
vt 2660.37 368.409
v 4.41475 8.5 -59.2354
vt 2654.43 362.658
v 4.13475 8.5 -59.2354
vt 2643.41 362.658
v 3.98784 8.5 -59.0716
vt 2637.62 356.21
v 3.92072 8.5 -58.8101
vt 2634.98 345.914
v 3.54882 8.5 -58.6149
vt 2620.34 338.23
v 3.54882 8.5 -58.3849
vt 2620.34 329.175
v 3.38295 8.5 -58.2404
vt 2613.81 323.485
v 3.14295 8.5 -58.2404
vt 2604.36 323.485
v 2.97965 8.5 -58.0929
vt 2597.93 317.681
v 2.92893 8.5 -57.8278
vt 2595.94 307.24
v 2.54224 8.5 -57.5976
vt 2580.71 298.179
v 2.54224 8.5 -57.3869
vt 2580.71 289.885
v 2.39517 8.5 -57.237
vt 2574.92 283.983
v 2.16517 8.5 -57.237
vt 2565.87 283.983
v 1.88172 8.5 -57.1115
vt 2554.71 279.042
v 1.71335 8.5 -57.3836
vt 2548.08 289.755
v 1.51335 8.5 -57.3836
vt 2540.2 289.755
v 1.27043 8.5 -57.4763
vt 2530.64 293.404
v 1.11493 8.5 -57.6175
vt 2524.52 298.961
v 0.984932 8.5 -57.6175
vt 2519.4 298.961
v 0.984932 8.5 -57.8875
vt 2519.4 309.591
v 0.536159 8.5 -57.6248
vt 2501.73 299.249
v 0.536159 8.5 -57.3836
vt 2501.73 289.755
v 0.390895 8.5 -57.232
vt 2496.01 283.784
v 0.129102 8.5 -57.1659
vt 2485.71 281.184
v -2.1409 8.5 -57.1659
vt 2396.34 281.184
v -2.28957 8.5 -57.4493
vt 2390.48 292.34
v -2.68303 8.5 -57.5213
vt 2374.99 295.176
v -3.00641 8.5 -57.7568
vt 2362.26 304.445
v -3.00641 8.5 -57.8968
vt 2362.26 309.957
v -3.45949 8.5 -57.6626
vt 2344.42 300.739
v -3.45949 8.5 -57.4493
vt 2344.42 292.34
v -3.59974 8.5 -57.293
vt 2338.9 286.186
v -4.09543 8.5 -57.173
vt 2319.39 281.463
v -6.14543 8.5 -57.173
vt 2238.68 281.463
v -6.28808 8.5 -57.4595
vt 2233.06 292.74
v -6.68307 8.5 -57.5226
vt 2217.51 295.225
v -6.85067 8.5 -57.7081
vt 2210.91 302.528
v -7.01087 8.5 -57.7901
vt 2204.6 305.759
v -7.01087 8.5 -58.1901
vt 2204.6 321.507
v -7.14087 8.5 -58.1901
vt 2199.49 321.507
v -7.29984 8.5 -58.4563
vt 2193.23 331.985
v -7.49984 8.5 -58.4563
vt 2185.35 331.985
v -7.7039 8.5 -58.5385
vt 2177.32 335.222
v -8.01519 8.5 -58.8635
vt 2165.06 348.016
v -8.43565 8.5 -58.6534
vt 2148.51 339.746
v -8.43565 8.5 -58.4234
vt 2148.51 330.691
v -8.60588 8.5 -58.2841
vt 2141.81 325.205
v -8.99651 8.5 -58.198
vt 2126.43 321.817
v -8.99651 8.5 -57.978
vt 2126.43 313.156
v -9.41858 8.5 -57.6743
vt 2109.81 301.197
v -9.41858 8.5 -57.4343
vt 2109.81 291.748
v -9.6236 8.5 -57.2912
vt 2101.74 286.116
v -10.1398 8.5 -57.1711
vt 2081.42 281.389
v -15.9998 8.5 -57.1711
vt 1850.71 281.389
v -15.9998 8.5 -59.0811
vt 1850.71 356.586
v -17.0898 8.5 -59.0811
vt 1807.8 356.586
v -17.2777 8.5 -59.3277
vt 1800.4 366.292
v -17.6843 8.5 -59.3803
vt 1784.39 368.365
v -18.0107 8.5 -59.6447
vt 1771.54 378.774
v -18.0107 8.5 -59.7947
vt 1771.54 384.68
v -18.4448 8.5 -59.5467
vt 1754.45 374.916
v -18.4448 8.5 -59.3277
vt 1754.45 366.292
v -18.5775 8.5 -59.178
vt 1749.22 360.4
v -18.8275 8.5 -59.178
vt 1739.38 360.4
v -19.0047 8.5 -59.0652
vt 1732.41 355.96
v -19.1647 8.5 -59.0652
vt 1726.11 355.96
v -19.2952 8.5 -59.313
vt 1720.97 365.713
v -19.5252 8.5 -59.313
vt 1711.92 365.713
v -20.009 8.5 -59.6328
vt 1692.87 378.306
v -20.009 8.5 -59.7828
vt 1692.87 384.212
v -20.4422 8.5 -59.5538
vt 1675.81 375.195
v -20.4422 8.5 -59.313
vt 1675.81 365.713
v -20.6065 8.5 -59.1667
vt 1669.34 359.954
v -20.8565 8.5 -59.1667
vt 1659.5 359.954
v -21.0129 8.5 -59.0421
vt 1653.34 355.048
v -21.1529 8.5 -59.0421
vt 1647.83 355.048
v -21.312 8.5 -59.3197
vt 1641.57 365.979
v -21.532 8.5 -59.3197
vt 1632.91 365.979
v -21.7111 8.5 -59.3831
vt 1625.85 368.474
v -21.8624 8.5 -59.5563
vt 1619.9 375.294
v -22.0101 8.5 -59.618
vt 1614.09 377.722
v -22.0101 8.5 -61.062
vt 1614.09 434.572
v -22.1401 8.5 -61.062
vt 1608.97 434.572
v -22.2879 8.5 -61.357
vt 1603.15 446.187
v -22.6779 8.5 -61.357
vt 1587.79 446.187
v -23.0118 8.5 -61.6118
vt 1574.65 456.218
v -23.0118 8.5 -62.0518
vt 1574.65 473.541
v -23.1318 8.5 -62.0518
vt 1569.92 473.541
v -23.2912 8.5 -62.3521
vt 1563.64 485.364
v -23.6952 8.5 -62.3521
vt 1547.74 485.364
v -24.062 8.5 -62.7484
vt 1533.3 500.966
v -24.4204 8.5 -62.5492
vt 1519.19 493.126
v -24.4204 8.5 -62.3521
vt 1519.19 485.364
v -24.6728 8.5 -62.1554
vt 1509.25 477.62
v -25.0488 8.5 -62.1554
vt 1494.45 477.62
v -25.0488 8.5 -61.7554
vt 1494.45 461.872
v -25.4511 8.5 -61.5323
vt 1478.61 453.089
v -25.4511 8.5 -61.3123
vt 1478.61 444.427
v -25.5751 8.5 -61.1819
vt 1473.73 439.293
v -25.8451 8.5 -61.1819
vt 1463.1 439.293
v -26.0088 8.5 -61.0503
vt 1456.66 434.11
v -26.1288 8.5 -61.0503
vt 1451.93 434.11
v -26.307 8.5 -61.328
vt 1444.91 445.044
v -26.7001 8.5 -61.4023
vt 1429.44 447.969
v -27.0221 8.5 -61.656
vt 1416.76 457.96
v -27.0221 8.5 -61.7936
vt 1416.76 463.375
v -27.4745 8.5 -61.5176
vt 1398.95 452.509
v -27.4745 8.5 -61.2941
vt 1398.95 443.712
v -27.6205 8.5 -61.1725
vt 1393.2 438.923
v -27.8705 8.5 -61.1725
vt 1383.36 438.923
v -28.0251 8.5 -60.8924
vt 1377.27 427.894
v -28.0544 8.5 -60.7147
vt 1376.12 420.901
v -28.4335 8.5 -60.5341
vt 1361.19 413.788
v -28.4335 8.5 -60.3141
vt 1361.19 405.127
v -28.5831 8.5 -60.1666
vt 1355.31 399.322
v -28.8231 8.5 -60.1666
vt 1345.86 399.322
v -29.1555 8.5 -59.6315
vt 1332.77 378.253
v -29.4319 8.5 -59.5438
vt 1321.89 374.803
v -29.4319 8.5 -59.3251
vt 1321.89 366.19
v -29.5736 8.5 -59.1701
vt 1316.31 360.088
v -29.8536 8.5 -59.1701
vt 1305.28 360.088
v -29.9877 8.5 -59.0355
vt 1300 354.789
v -30.1377 8.5 -59.0355
vt 1294.1 354.789
v -30.3163 8.5 -59.313
vt 1287.07 365.713
v -30.5263 8.5 -59.313
vt 1278.8 365.713
v -30.6894 8.5 -59.3893
vt 1272.38 368.718
v -30.8685 8.5 -59.5637
vt 1265.33 375.585
v -31.0144 8.5 -59.6292
vt 1259.58 378.164
v -31.0144 8.5 -59.7892
vt 1259.58 384.464
v -31.4443 8.5 -59.5338
vt 1242.66 374.407
v -31.4443 8.5 -59.3087
vt 1242.66 365.545
v -31.5514 8.5 -59.1767
vt 1238.44 360.348
v -31.8314 8.5 -59.1767
vt 1227.42 360.348
v -32.1237 8.5 -59.0464
vt 1215.91 355.219
v -32.2946 8.5 -59.3169
vt 1209.18 365.868
v -32.6874 8.5 -59.3928
vt 1193.72 368.858
v -33.014 8.5 -59.6238
vt 1180.86 377.95
v -33.014 8.5 -61.0638
vt 1180.86 434.643
v -33.124 8.5 -61.0638
vt 1176.53 434.643
v -33.2884 8.5 -61.3266
vt 1170.06 444.99
v -33.6847 8.5 -61.3803
vt 1154.45 447.106
v -34.0281 8.5 -61.6555
vt 1140.93 457.938
v -34.0281 8.5 -62.0648
vt 1140.93 474.055
v -44.9781 8.5 -62.0648
vt 709.831 474.055
v -44.9781 8.5 -61.8848
vt 709.831 466.968
v -45.1087 8.5 -61.6955
vt 704.689 459.515
v -45.4277 8.5 -61.5515
vt 692.131 453.843
v -45.4277 8.5 -61.3215
vt 692.131 444.787
v -45.5972 8.5 -61.1812
vt 685.458 439.265
v -45.8472 8.5 -61.1812
vt 675.616 439.265
v -46.0154 8.5 -61.0394
vt 668.993 433.683
v -46.1354 8.5 -61.0394
vt 664.269 433.683
v -46.2817 8.5 -61.3127
vt 658.51 444.444
v -46.5317 8.5 -61.3127
vt 648.667 444.444
v -46.9963 8.5 -61.6253
vt 630.375 456.752
v -46.9963 8.5 -61.7953
vt 630.375 463.444
v -47.4293 8.5 -61.5259
vt 613.327 452.836
v -47.4293 8.5 -61.2718
vt 613.327 442.832
v -47.5838 8.5 -61.1612
vt 607.245 438.478
v -47.8238 8.5 -61.1612
vt 597.796 438.478
v -48.1488 8.5 -61.0312
vt 585.002 433.362
v -48.3141 8.5 -61.3052
vt 578.494 444.149
v -48.703 8.5 -61.3986
vt 563.181 447.827
v -49.0112 8.5 -61.6536
vt 551.047 457.865
v -49.0112 8.5 -62.0536
vt 551.047 473.613
v -52.2312 8.5 -62.0536
vt 424.276 473.613
v -52.3649 8.5 -61.9186
vt 419.013 468.297
v -52.9849 8.5 -61.9186
vt 394.604 468.297
v -53.1285 8.5 -61.69
vt 388.948 459.296
v -53.4246 8.5 -61.5442
vt 377.293 453.555
v -53.4246 8.5 -61.3042
vt 377.293 444.106
v -53.5816 8.5 -61.1647
vt 371.113 438.615
v -53.8516 8.5 -61.1647
vt 360.483 438.615
v -53.9862 8.5 -61.0452
vt 355.182 433.911
v -54.0626 8.5 -60.7551
vt 352.175 422.49
v -54.4186 8.5 -60.5323
vt 338.157 413.72
v -54.4186 8.5 -60.3169
vt 338.157 405.239
v -54.6023 8.5 -60.1624
vt 330.927 399.156
v -54.8323 8.5 -60.1624
vt 321.871 399.156
v -55.0001 8.5 -60.0361
vt 315.266 394.183
v -55.0669 8.5 -59.7436
vt 312.635 382.669
v -55.4264 8.5 -59.5265
vt 298.482 374.118
v -55.4264 8.5 -59.3356
vt 298.482 366.602
v -55.5998 8.5 -59.1696
vt 291.656 360.069
v -55.8398 8.5 -59.1696
vt 282.207 360.069
v -56.0287 8.5 -59.0385
vt 274.768 354.906
v -56.0287 8.5 -58.7385
vt 274.768 343.095
v -56.4455 8.5 -58.5213
vt 258.357 334.547
v -56.4455 8.5 -58.3375
vt 258.357 327.31
v -56.6136 8.5 -58.1805
vt 251.742 321.127
v -56.8436 8.5 -58.1805
vt 242.687 321.127
v -57.0115 8.5 -58.0544
vt 236.076 316.162
v -57.1515 8.5 -58.0544
vt 230.564 316.162
v -57.2868 8.5 -58.2995
vt 225.236 325.813
v -57.5068 8.5 -58.2995
vt 216.575 325.813
v -58.0132 8.5 -58.6213
vt 196.637 338.481
v -58.0132 8.5 -59.0613
vt 196.637 355.804
v -58.2092 8.5 -59.0613
vt 188.923 355.804
v -58.2092 8.5 -59.3913
vt 188.923 368.796
v -58.4272 8.5 -59.7025
vt 180.339 381.049
v -58.9572 8.5 -59.7025
vt 159.473 381.049
v -59.0586 8.5 -59.8389
vt 155.48 386.42
v -59.4599 8.5 -59.5406
vt 139.682 374.676
v -59.4599 8.5 -59.3106
vt 139.682 365.621
v -59.5954 8.5 -59.1635
vt 134.348 359.829
v -59.8354 8.5 -59.1635
vt 124.899 359.829
v -60.0854 8.5 -59.0375
vt 115.055 354.867
v -61.9854 8.5 -59.0375
vt 40.2523 354.867
v -62.0779 8.5 -58.7311
vt 36.61 342.807
v -62.4379 8.5 -58.5348
vt 22.4387 335.078
v -62.4379 8.5 -58.3248
vt 22.4387 326.81
f 1417/1824/108 1418/1825/108 1419/1826/108 1420/1827/108 1421/1828/108 1422/1829/108 1423/1830/108 1424/1831/108 1425/1832/108 1426/1833/108 1427/1834/108 1428/1835/108 1429/1836/108 1430/1837/108 1431/1838/108 1432/1839/108 1433/1840/108 1434/1841/108 1435/1842/108 1436/1843/108 1437/1844/108 1438/1845/108 1439/1846/108 1440/1847/108 1441/1848/108 1442/1849/108 1443/1850/108 1444/1851/108 1445/1852/108 1446/1853/108 1447/1854/108 1448/1855/108 1449/1856/108 1450/1857/108 1451/1858/108 1452/1859/108 1453/1860/108 1454/1861/108 1455/1862/108 1456/1863/108 1457/1864/108 1458/1865/108 1459/1866/108 1460/1867/108 1461/1868/108 1462/1869/108 1463/1870/108 1464/1871/108 1465/1872/108 1466/1873/108 1467/1874/108 1468/1875/108 1469/1876/108 1470/1877/108 1471/1878/108 1472/1879/108 1473/1880/108 1474/1881/108 1475/1882/108 1476/1883/108 1477/1884/108 1478/1885/108 1479/1886/108 1480/1887/108 1481/1888/108 1482/1889/108 1483/1890/108 1484/1891/108 1485/1892/108 1486/1893/108 1487/1894/108 1488/1895/108 1489/1896/108 1490/1897/108 1491/1898/108 1492/1899/108 1493/1900/108 1494/1901/108 1495/1902/108 1496/1903/108 1497/1904/108 1498/1905/108 1499/1906/108 1500/1907/108 1501/1908/108 1502/1909/108 1503/1910/108 1504/1911/108 1505/1912/108 1506/1913/108 1507/1914/108 1508/1915/108 1509/1916/108 1510/1917/108 1511/1918/108 1512/1919/108 1513/1920/108 1514/1921/108 1515/1922/108 1516/1923/108 1517/1924/108 1518/1925/108 1519/1926/108 1520/1927/108 1521/1928/108 1522/1929/108 1523/1930/108 1524/1931/108 1525/1932/108 1526/1933/108 1527/1934/108 1528/1935/108 1529/1936/108 1530/1937/108 1531/1938/108 1532/1939/108 1533/1940/108 1534/1941/108 1535/1942/108 1536/1943/108 1537/1944/108 1538/1945/108 1539/1946/108 1540/1947/108 1541/1948/108 1542/1949/108 1543/1950/108 1544/1951/108 1545/1952/108 1546/1953/108 1547/1954/108 1548/1955/108 1549/1956/108 1550/1957/108 1551/1958/108 1552/1959/108 1553/1960/108 1554/1961/108 1555/1962/108 1556/1963/108 1557/1964/108 1558/1965/108 1559/1966/108 1560/1967/108 1561/1968/108 1562/1969/108 1563/1970/108 1564/1971/108 1565/1972/108 1566/1973/108 1567/1974/108 1568/1975/108 1569/1976/108 1570/1977/108 1571/1978/108 1572/1979/108 1573/1980/108 1574/1981/108 1575/1982/108 1576/1983/108 1577/1984/108 1578/1985/108 1579/1986/108 1580/1987/108 1581/1988/108 1582/1989/108 1583/1990/108 1584/1991/108 1585/1992/108 1586/1993/108 1587/1994/108 1588/1995/108 1589/1996/108 1590/1997/108 1591/1998/108 1592/1999/108 1593/2000/108 1594/2001/108 1595/2002/108 1596/2003/108 1597/2004/108 1598/2005/108 1599/2006/108 1600/2007/108 1601/2008/108 1602/2009/108 1603/2010/108 1604/2011/108 1605/2012/108 1606/2013/108 1607/2014/108 1608/2015/108 1609/2016/108 1610/2017/108 1611/2018/108 1612/2019/108 1613/2020/108 1614/2021/108 1615/2022/108 1616/2023/108 1617/2024/108 1618/2025/108 1619/2026/108 1620/2027/108 1621/2028/108 1622/2029/108 1623/2030/108 1624/2031/108 1625/2032/108 1626/2033/108 1627/2034/108 1628/2035/108 1629/2036/108 1630/2037/108 1631/2038/108 1632/2039/108 1633/2040/108 1634/2041/108 1635/2042/108 1636/2043/108 1637/2044/108 1638/2045/108 1639/2046/108 1640/2047/108 1641/2048/108 1642/2049/108 1643/2050/108 1644/2051/108 1645/2052/108 1646/2053/108 1647/2054/108 1648/2055/108 1649/2056/108 1650/2057/108 1651/2058/108 1652/2059/108 1653/2060/108 1654/2061/108 1655/2062/108 1656/2063/108 1657/2064/108 1658/2065/108 1659/2066/108 1660/2067/108 1661/2068/108 1662/2069/108 1663/2070/108 1664/2071/108 1665/2072/108 1666/2073/108 1667/2074/108 1668/2075/108 1669/2076/108 1670/2077/108 1671/2078/108 1672/2079/108 1673/2080/108 1674/2081/108 1675/2082/108 1676/2083/108 1677/2084/108 1678/2085/108 1679/2086/108 1680/2087/108 1681/2088/108 1682/2089/108 1683/2090/108 1684/2091/108 1685/2092/108 1686/2093/108 1687/2094/108 1688/2095/108 1689/2096/108 1690/2097/108 1691/2098/108 1692/2099/108 1693/2100/108 1694/2101/108 1695/2102/108 1696/2103/108 1697/2104/108 1698/2105/108 1699/2106/108 1700/2107/108 1701/2108/108 1702/2109/108 1703/2110/108 1704/2111/108 1705/2112/108 1706/2113/108 1707/2114/108 1708/2115/108 1709/2116/108 1710/2117/108 1711/2118/108 1712/2119/108 1713/2120/108 1714/2121/108 1715/2122/108 1716/2123/108 1717/2124/108 1718/2125/108 1719/2126/108 1720/2127/108 1721/2128/108 1722/2129/108 1723/2130/108 1724/2131/108 1725/2132/108 1726/2133/108 1727/2134/108 1728/2135/108 1729/2136/108 1730/2137/108 1731/2138/108 1732/2139/108 1733/2140/108 1734/2141/108 1735/2142/108 1736/2143/108 1737/2144/108 1738/2145/108 1739/2146/108 1740/2147/108 1741/2148/108 1742/2149/108 1743/2150/108 1744/2151/108 1745/2152/108 1746/2153/108 1747/2154/108 1748/2155/108 1749/2156/108 1750/2157/108 1751/2158/108 1752/2159/108 1753/2160/108 1754/2161/108 1755/2162/108 1756/2163/108 1757/2164/108 1758/2165/108 1759/2166/108 1760/2167/108 1761/2168/108 1762/2169/108 1763/2170/108 1764/2171/108 1765/2172/108 1766/2173/108 1767/2174/108 1768/2175/108 1769/2176/108 1770/2177/108 1771/2178/108 1772/2179/108 1773/2180/108 1774/2181/108 1775/2182/108 1776/2183/108 1777/2184/108 1778/2185/108 1779/2186/108 1780/2187/108 1781/2188/108 1782/2189/108 1783/2190/108 1784/2191/108 1785/2192/108 1786/2193/108 1787/2194/108 1788/2195/108 1789/2196/108 1790/2197/108 1791/2198/108 1792/2199/108 1793/2200/108 1794/2201/108 1795/2202/108 1796/2203/108 1797/2204/108 1798/2205/108 1799/2206/108 1800/2207/108 1801/2208/108 1802/2209/108 1803/2210/108 1804/2211/108 1805/2212/108 1806/2213/108 1807/2214/108 1808/2215/108 1809/2216/108 1810/2217/108 1811/2218/108 1812/2219/108 1813/2220/108 1814/2221/108 1815/2222/108 1816/2223/108 1817/2224/108 1818/2225/108 1819/2226/108 1820/2227/108 1821/2228/108 1822/2229/108 1823/2230/108 1824/2231/108 1825/2232/108 1826/2233/108 1827/2234/108 1828/2235/108 1829/2236/108 1830/2237/108 1831/2238/108 1832/2239/108 1833/2240/108 1834/2241/108 1835/2242/108 1836/2243/108 1837/2244/108 1838/2245/108 1839/2246/108 1840/2247/108 1841/2248/108 1842/2249/108 1843/2250/108 1844/2251/108 1845/2252/108 1846/2253/108 1847/2254/108 1848/2255/108 1849/2256/108 1850/2257/108 1851/2258/108 1852/2259/108 1853/2260/108 1854/2261/108 1855/2262/108 1856/2263/108 1857/2264/108 1858/2265/108 1859/2266/108 1860/2267/108 1861/2268/108 1862/2269/108 1863/2270/108 1864/2271/108 1865/2272/108 1866/2273/108 1867/2274/108 1868/2275/108 1869/2276/108 1870/2277/108 1871/2278/108 1872/2279/108 1873/2280/108 1874/2281/108 1875/2282/108 1876/2283/108 1877/2284/108 1878/2285/108 1879/2286/108 1880/2287/108 1881/2288/108 1882/2289/108 1883/2290/108 1884/2291/108 1885/2292/108 1886/2293/108 1887/2294/108 1888/2295/108 1889/2296/108 1890/2297/108 1891/2298/108 1892/2299/108 1893/2300/108 1894/2301/108 1895/2302/108 1896/2303/108 1897/2304/108 1898/2305/108 1899/2306/108 1900/2307/108 1901/2308/108 1902/2309/108 1903/2310/108 1904/2311/108 1905/2312/108 1906/2313/108 1907/2314/108 1908/2315/108 1909/2316/108 1910/2317/108 1911/2318/108 1912/2319/108 1913/2320/108 1914/2321/108 1915/2322/108 1916/2323/108 1917/2324/108 1918/2325/108 1919/2326/108 1920/2327/108 1921/2328/108 1922/2329/108 1923/2330/108 1924/2331/108 1925/2332/108 1926/2333/108 1927/2334/108 1928/2335/108 1929/2336/108 1930/2337/108 1931/2338/108 1932/2339/108 1933/2340/108 1934/2341/108 1935/2342/108 1936/2343/108 1937/2344/108 1938/2345/108 1939/2346/108 1940/2347/108 1941/2348/108 1942/2349/108 1943/2350/108 1944/2351/108 1945/2352/108 1946/2353/108 1947/2354/108 1948/2355/108 1949/2356/108 1950/2357/108 1951/2358/108 1952/2359/108 1953/2360/108 1954/2361/108 1955/2362/108 1956/2363/108 1957/2364/108 1958/2365/108 1959/2366/108 1960/2367/108 1961/2368/108 1962/2369/108 1963/2370/108 1964/2371/108 1965/2372/108 1966/2373/108 1967/2374/108 1968/2375/108 1969/2376/108 1970/2377/108 1971/2378/108 1972/2379/108 1973/2380/108 1974/2381/108 1975/2382/108 1976/2383/108 1977/2384/108 1978/2385/108 1979/2386/108 1980/2387/108 1981/2388/108 1982/2389/108 1983/2390/108 1984/2391/108 1985/2392/108 1986/2393/108 1987/2394/108 1988/2395/108 1989/2396/108 1990/2397/108 1991/2398/108 1992/2399/108 1993/2400/108 1994/2401/108 

g Mesh40 Group37 Model

v 37.9785 5 -49.9847
vt 195.89 353.937
vn -5.99136e-17 1 1.15183e-17
v 37.9785 5 -40.9947
vt 195.89 1.92186e-31
v 39.0209 5 -40.9947
vt 236.928 1.63866e-31
v 39.0209 5 -50.0172
vt 236.928 355.217
vt 471.967 355.217
vt 511.337 355.217
v 46.0538 5 -50.3615
vt 513.817 368.772
v 46.6221 5 -51.0069
vt 536.19 394.184
v 47.0021 5 -51.0069
vt 551.151 394.184
v 47.0021 5 -61.0369
vt 551.151 789.066
v 46.8821 5 -61.0369
vt 546.426 789.066
v 46.7347 5 -61.2866
vt 540.621 798.897
v 46.3545 5 -61.3735
vt 525.652 802.316
v 45.9988 5 -61.6325
vt 511.649 812.514
v 45.9988 5 -62.0725
vt 511.649 829.837
v 34.0088 5 -62.0725
vt 39.6014 829.837
v 34.0088 5 -61.8725
vt 39.6014 821.963
v 33.9467 5 -61.7817
vt 37.1576 818.387
v 33.5663 5 -61.5414
vt 22.1795 808.925
v 33.5663 5 -61.3514
vt 22.1795 801.445
v 33.4385 5 -61.1974
vt 17.1508 795.386
v 33.0029 5 -61.1356
vt 0 792.951
v 33.0029 5 -50.9656
vt 0 392.557
v 33.2929 5 -50.9656
vt 11.4173 392.557
v 33.6034 5 -50.5865
vt 23.6416 377.633
v 33.8134 5 -50.5865
vt 31.9093 377.633
v 33.9402 5 -50.3947
vt 36.902 370.079
v 33.9402 5 -49.9847
vt 36.902 353.937
f 1995/2402/109 1996/2403/109 1997/2404/109 1998/2405/109 6/2406/109 3/2407/109 1999/2408/109 2000/2409/109 2001/2410/109 2002/2411/109 2003/2412/109 2004/2413/109 2005/2414/109 2006/2415/109 2007/2416/109 2008/2417/109 2009/2418/109 2010/2419/109 2011/2420/109 2012/2421/109 2013/2422/109 2014/2423/109 2015/2424/109 2016/2425/109 2017/2426/109 2018/2427/109 2019/2428/109 2020/2429/109 

g Mesh41 Model

usemtl _1
v -44.673 -2.16573e-15 45.9725
vt 44.673 -1.48066e-15
vn 0 1.49019e-17 -1
v -60.073 -2.16573e-15 45.9725
vt 60.073 -1.48066e-15
v -60.073 4 45.9725
vt 60.073 4
v -44.673 4 45.9725
vt 44.673 4
f 2021/2430/110 2022/2431/110 2023/2432/110 2024/2433/110 

v -44.1647 -1.44392e-15 46.4411
vt 44.1647 -46.4411
vn 9.52286e-18 -1 -1.49019e-17
v -44.0634 -1.44382e-15 46.6452
vt 44.0634 -46.6452
v -44.0634 -1.44382e-15 49.2952
vt 44.0634 -49.2952
v -44.4189 -1.44382e-15 49.4993
vt 44.4189 -49.4993
v -44.4189 -1.44382e-15 49.7093
vt 44.4189 -49.7093
v -44.5945 -1.44382e-15 49.873
vt 44.5945 -49.873
v -44.8745 -1.44382e-15 49.873
vt 44.8745 -49.873
v -44.992 -2.16347e-15 49.9958
vt 44.992 -49.9958
v -45.992 -2.16347e-15 49.9958
vt 45.992 -49.9958
v -45.992 -2.16347e-15 50.1858
vt 45.992 -50.1858
v -46.0703 -2.16567e-15 50.3254
vt 46.0703 -50.3254
v -46.4459 -2.16573e-15 50.5134
vt 46.4459 -50.5134
v -46.4459 -2.16573e-15 50.7234
vt 46.4459 -50.7234
v -46.582 -2.16573e-15 50.8699
vt 46.582 -50.8699
v -46.9839 -2.16573e-15 50.9511
vt 46.9839 -50.9511
v -46.9839 -2.16573e-15 61.0711
vt 46.9839 -61.0711
v -46.6839 -2.16573e-15 61.0711
vt 46.6839 -61.0711
v -46.4393 -2.89206e-15 61.4248
vt 46.4393 -61.4248
v -46.1593 -2.89206e-15 61.4248
vt 46.1593 -61.4248
v -46.0422 -2.88769e-15 61.611
vt 46.0422 -61.611
v -46.0422 -2.88769e-15 61.981
vt 46.0422 -61.981
v -43.6823 -2.88769e-15 61.981
vt 43.6823 -61.981
v -43.4174 -2.16164e-15 62.4168
vt 43.4174 -62.4168
v -43.1874 -2.16164e-15 62.4168
vt 43.1874 -62.4168
v -43.0196 -2.16568e-15 62.6655
vt 43.0196 -62.6655
v -43.0196 -2.1292e-15 64
vt 43.0196 -64
v -63.9996 -2.09272e-15 64
vt 63.9996 -64
v -63.9996 -2.09272e-15 59.24
vt 63.9996 -59.24
v -63.8082 -2.16578e-15 59.0496
vt 63.8082 -59.0496
v -63.6782 -2.16578e-15 59.0496
vt 63.6782 -59.0496
v -63.4684 -2.16573e-15 59.3664
vt 63.4684 -59.3664
v -63.1787 -2.16573e-15 59.4444
vt 63.1787 -59.4444
v -63.0714 -2.16573e-15 59.6249
vt 63.0714 -59.6249
v -63.0714 -2.16573e-15 60.0092
vt 63.0714 -60.0092
v -62.6941 -2.16573e-15 60.0092
vt 62.6941 -60.0092
v -62.4273 -2.16573e-15 60.4082
vt 62.4273 -60.4082
v -62.1973 -2.16573e-15 60.4082
vt 62.1973 -60.4082
v -62.0476 -2.16573e-15 60.6448
vt 62.0476 -60.6448
v -62.0476 -2.16573e-15 61.9948
vt 62.0476 -61.9948
v -49.9876 -2.16573e-15 61.9948
vt 49.9876 -61.9948
v -49.9307 -2.16573e-15 61.6292
vt 49.9307 -61.6292
v -49.795 -2.16573e-15 61.4962
vt 49.795 -61.4962
v -49.695 -2.16573e-15 61.4962
vt 49.695 -61.4962
v -49.695 -2.16573e-15 61.3762
vt 49.695 -61.3762
v -49.3679 -2.16573e-15 60.9981
vt 49.3679 -60.9981
v -49.0079 -2.16573e-15 60.9981
vt 49.0079 -60.9981
v -49.0079 -2.16573e-15 50.9981
vt 49.0079 -50.9981
v -49.1479 -2.16573e-15 50.9981
vt 49.1479 -50.9981
v -49.2841 -1.44961e-15 50.7196
vt 49.2841 -50.7196
v -49.6811 -2.16432e-15 50.671
vt 49.6811 -50.671
v -50.0066 -2.52635e-15 50.4385
vt 50.0066 -50.4385
v -50.0066 -2.52635e-15 49.9985
vt 50.0066 -49.9985
v -61.9766 -2.52635e-15 49.9985
vt 61.9766 -49.9985
v -61.9766 -2.52635e-15 50.1885
vt 61.9766 -50.1885
v -62.0627 -2.1599e-15 50.3114
vt 62.0627 -50.3114
v -62.4406 -2.16576e-15 50.5165
vt 62.4406 -50.5165
v -62.4406 -2.16576e-15 50.7365
vt 62.4406 -50.7365
v -62.579 -2.16573e-15 50.8944
vt 62.579 -50.8944
v -63.0444 -2.16573e-15 50.9602
vt 63.0444 -50.9602
v -63.0444 -2.16573e-15 51.2002
vt 63.0444 -51.2002
v -63.106 -2.16573e-15 51.3799
vt 63.106 -51.3799
v -63.4277 -2.16573e-15 51.5178
vt 63.4277 -51.5178
v -63.4277 -2.16573e-15 51.7378
vt 63.4277 -51.7378
v -63.5686 -2.16573e-15 51.8935
vt 63.5686 -51.8935
v -63.9996 -2.09272e-15 51.8894
vt 63.9996 -51.8894
v -63.9996 -2.09272e-15 43.6794
vt 63.9996 -43.6794
v -63.8088 -2.16595e-15 43.4883
vt 63.8088 -43.4883
v -63.7188 -2.16595e-15 43.4883
vt 63.7188 -43.4883
v -63.7188 -2.16595e-15 43.3783
vt 63.7188 -43.3783
v -63.6358 -2.16573e-15 43.2416
vt 63.6358 -43.2416
v -63.3629 -2.5231e-15 42.9916
vt 63.3629 -42.9916
v -63.1329 -2.5231e-15 42.9916
vt 63.1329 -42.9916
v -62.7066 -2.1693e-15 43.0474
vt 62.7066 -43.0474
v -62.4013 -2.52573e-15 43.4434
vt 62.4013 -43.4434
v -62.1913 -2.52573e-15 43.4434
vt 62.1913 -43.4434
v -62.0441 -1.81305e-15 43.6329
vt 62.0441 -43.6329
v -62.0441 -1.81305e-15 44.0329
vt 62.0441 -44.0329
v -61.7286 -1.81305e-15 44.0329
vt 61.7286 -44.0329
v -61.4123 -2.1654e-15 44.4457
vt 61.4123 -44.4457
v -61.196 -2.1654e-15 44.4457
vt 61.196 -44.4457
v -61.064 -2.16574e-15 44.6461
vt 61.064 -44.6461
v -61.064 -2.16574e-15 45.0461
vt 61.064 -45.0461
v -60.704 -2.16574e-15 45.0461
vt 60.704 -45.0461
v -60.4028 -2.16573e-15 45.4453
vt 60.4028 -45.4453
v -60.2128 -2.16573e-15 45.4453
vt 60.2128 -45.4453
v -60.073 -2.16573e-15 45.6279
vt 60.073 -45.6279
vt 60.073 -45.9725
vt 44.673 -45.9725
v -44.4047 -1.44392e-15 46.4411
vt 44.4047 -46.4411
f 2025/2434/111 2026/2435/111 2027/2436/111 2028/2437/111 2029/2438/111 2030/2439/111 2031/2440/111 2032/2441/111 2033/2442/111 2034/2443/111 2035/2444/111 2036/2445/111 2037/2446/111 2038/2447/111 2039/2448/111 2040/2449/111 2041/2450/111 2042/2451/111 2043/2452/111 2044/2453/111 2045/2454/111 2046/2455/111 2047/2456/111 2048/2457/111 2049/2458/111 2050/2459/111 2051/2460/111 2052/2461/111 2053/2462/111 2054/2463/111 2055/2464/111 2056/2465/111 2057/2466/111 2058/2467/111 2059/2468/111 2060/2469/111 2061/2470/111 2062/2471/111 2063/2472/111 2064/2473/111 2065/2474/111 2066/2475/111 2067/2476/111 2068/2477/111 2069/2478/111 2070/2479/111 2071/2480/111 2072/2481/111 2073/2482/111 2074/2483/111 2075/2484/111 2076/2485/111 2077/2486/111 2078/2487/111 2079/2488/111 2080/2489/111 2081/2490/111 2082/2491/111 2083/2492/111 2084/2493/111 2085/2494/111 2086/2495/111 2087/2496/111 2088/2497/111 2089/2498/111 2090/2499/111 2091/2500/111 2092/2501/111 2093/2502/111 2094/2503/111 2095/2504/111 2096/2505/111 2097/2506/111 2098/2507/111 2099/2508/111 2100/2509/111 2101/2510/111 2102/2511/111 2103/2512/111 2104/2513/111 2105/2514/111 2106/2515/111 2107/2516/111 2108/2517/111 2109/2518/111 2110/2519/111 2022/2520/111 2021/2521/111 2111/2522/111 

vt -22.1885 -5.31329e-16
vn 0.895711 1.51556e-17 -0.444636
vt -21.9606 -5.31426e-16
v -44.1647 4 46.4411
vt -21.9606 4
v -44.0634 4 46.6452
vt -22.1885 4
f 2026/2523/112 2025/2524/112 2112/2525/112 2113/2526/112 

vt 44.1647 -7.51861e-16
vt 44.4047 -7.51861e-16
v -44.4047 4 46.4411
vt 44.4047 4
vt 44.1647 4
f 2025/2527/110 2111/2528/110 2114/2529/110 2112/2530/110 

vt -18.2369 -4.78543e-16
vn 0.867805 1.56688e-17 -0.496905
vt -17.6969 -1.20036e-15
vt -17.6969 4
vt -18.2369 4
f 2111/2531/113 2021/2532/113 2024/2533/113 2114/2534/113 

vt -44.0634 -46.6452
vn -9.52286e-18 1 1.49019e-17
vt -44.1647 -46.4411
vt -44.4047 -46.4411
vt -44.673 -45.9725
vt -60.073 -45.9725
v -60.073 4 45.6279
vt -60.073 -45.6279
v -60.2128 4 45.4453
vt -60.2128 -45.4453
v -60.4028 4 45.4453
vt -60.4028 -45.4453
v -60.704 4 45.0461
vt -60.704 -45.0461
v -61.064 4 45.0461
vt -61.064 -45.0461
v -61.064 4 44.6461
vt -61.064 -44.6461
v -61.196 4 44.4457
vt -61.196 -44.4457
v -61.4123 4 44.4457
vt -61.4123 -44.4457
v -61.7286 4 44.0329
vt -61.7286 -44.0329
v -62.0441 4 44.0329
vt -62.0441 -44.0329
v -62.0441 4 43.6329
vt -62.0441 -43.6329
v -62.1913 4 43.4434
vt -62.1913 -43.4434
v -62.4013 4 43.4434
vt -62.4013 -43.4434
v -62.7066 4 43.0474
vt -62.7066 -43.0474
v -63.1329 4 42.9916
vt -63.1329 -42.9916
v -63.3629 4 42.9916
vt -63.3629 -42.9916
v -63.6358 4 43.2416
vt -63.6358 -43.2416
v -63.7188 4 43.3783
vt -63.7188 -43.3783
v -63.7188 4 43.4883
vt -63.7188 -43.4883
v -63.8088 4 43.4883
vt -63.8088 -43.4883
v -63.9996 4 43.6794
vt -63.9996 -43.6794
v -63.9996 4 51.8894
vt -63.9996 -51.8894
v -63.5686 4 51.8935
vt -63.5686 -51.8935
v -63.4277 4 51.7378
vt -63.4277 -51.7378
v -63.4277 4 51.5178
vt -63.4277 -51.5178
v -63.106 4 51.3799
vt -63.106 -51.3799
v -63.0444 4 51.2002
vt -63.0444 -51.2002
v -63.0444 4 50.9602
vt -63.0444 -50.9602
v -62.579 4 50.8944
vt -62.579 -50.8944
v -62.4406 4 50.7365
vt -62.4406 -50.7365
v -62.4406 4 50.5165
vt -62.4406 -50.5165
v -62.0627 4 50.3114
vt -62.0627 -50.3114
v -61.9766 4 50.1885
vt -61.9766 -50.1885
v -61.9766 4 49.9985
vt -61.9766 -49.9985
v -50.0066 4 49.9985
vt -50.0066 -49.9985
v -50.0066 4 50.4385
vt -50.0066 -50.4385
v -49.6811 4 50.671
vt -49.6811 -50.671
v -49.2841 4 50.7196
vt -49.2841 -50.7196
v -49.1479 4 50.9981
vt -49.1479 -50.9981
v -49.0079 4 50.9981
vt -49.0079 -50.9981
v -49.0079 4 60.9981
vt -49.0079 -60.9981
v -49.3679 4 60.9981
vt -49.3679 -60.9981
v -49.695 4 61.3762
vt -49.695 -61.3762
v -49.695 4 61.4962
vt -49.695 -61.4962
v -49.795 4 61.4962
vt -49.795 -61.4962
v -49.9307 4 61.6292
vt -49.9307 -61.6292
v -49.9876 4 61.9948
vt -49.9876 -61.9948
v -62.0476 4 61.9948
vt -62.0476 -61.9948
v -62.0476 4 60.6448
vt -62.0476 -60.6448
v -62.1973 4 60.4082
vt -62.1973 -60.4082
v -62.4273 4 60.4082
vt -62.4273 -60.4082
v -62.6941 4 60.0092
vt -62.6941 -60.0092
v -63.0714 4 60.0092
vt -63.0714 -60.0092
v -63.0714 4 59.6249
vt -63.0714 -59.6249
v -63.1787 4 59.4444
vt -63.1787 -59.4444
v -63.4684 4 59.3664
vt -63.4684 -59.3664
v -63.6782 4 59.0496
vt -63.6782 -59.0496
v -63.8082 4 59.0496
vt -63.8082 -59.0496
v -63.9996 4 59.24
vt -63.9996 -59.24
v -63.9996 4 64
vt -63.9996 -64
v -43.0196 4 64
vt -43.0196 -64
v -43.0196 4 62.6655
vt -43.0196 -62.6655
v -43.1874 4 62.4168
vt -43.1874 -62.4168
v -43.4174 4 62.4168
vt -43.4174 -62.4168
v -43.6823 4 61.981
vt -43.6823 -61.981
v -46.0422 4 61.981
vt -46.0422 -61.981
v -46.0422 4 61.611
vt -46.0422 -61.611
v -46.1593 4 61.4248
vt -46.1593 -61.4248
v -46.4393 4 61.4248
vt -46.4393 -61.4248
v -46.6839 4 61.0711
vt -46.6839 -61.0711
v -46.9839 4 61.0711
vt -46.9839 -61.0711
v -46.9839 4 50.9511
vt -46.9839 -50.9511
v -46.582 4 50.8699
vt -46.582 -50.8699
v -46.4459 4 50.7234
vt -46.4459 -50.7234
v -46.4459 4 50.5134
vt -46.4459 -50.5134
v -46.0703 4 50.3254
vt -46.0703 -50.3254
v -45.992 4 50.1858
vt -45.992 -50.1858
v -45.992 4 49.9958
vt -45.992 -49.9958
v -44.992 4 49.9958
vt -44.992 -49.9958
v -44.8745 4 49.873
vt -44.8745 -49.873
v -44.5945 4 49.873
vt -44.5945 -49.873
v -44.4189 4 49.7093
vt -44.4189 -49.7093
v -44.4189 4 49.4993
vt -44.4189 -49.4993
v -44.0634 4 49.2952
vt -44.0634 -49.2952
f 2113/2535/114 2112/2536/114 2114/2537/114 2024/2538/114 2023/2539/114 2115/2540/114 2116/2541/114 2117/2542/114 2118/2543/114 2119/2544/114 2120/2545/114 2121/2546/114 2122/2547/114 2123/2548/114 2124/2549/114 2125/2550/114 2126/2551/114 2127/2552/114 2128/2553/114 2129/2554/114 2130/2555/114 2131/2556/114 2132/2557/114 2133/2558/114 2134/2559/114 2135/2560/114 2136/2561/114 2137/2562/114 2138/2563/114 2139/2564/114 2140/2565/114 2141/2566/114 2142/2567/114 2143/2568/114 2144/2569/114 2145/2570/114 2146/2571/114 2147/2572/114 2148/2573/114 2149/2574/114 2150/2575/114 2151/2576/114 2152/2577/114 2153/2578/114 2154/2579/114 2155/2580/114 2156/2581/114 2157/2582/114 2158/2583/114 2159/2584/114 2160/2585/114 2161/2586/114 2162/2587/114 2163/2588/114 2164/2589/114 2165/2590/114 2166/2591/114 2167/2592/114 2168/2593/114 2169/2594/114 2170/2595/114 2171/2596/114 2172/2597/114 2173/2598/114 2174/2599/114 2175/2600/114 2176/2601/114 2177/2602/114 2178/2603/114 2179/2604/114 2180/2605/114 2181/2606/114 2182/2607/114 2183/2608/114 2184/2609/114 2185/2610/114 2186/2611/114 2187/2612/114 2188/2613/114 2189/2614/114 2190/2615/114 2191/2616/114 2192/2617/114 2193/2618/114 2194/2619/114 2195/2620/114 2196/2621/114 2197/2622/114 2198/2623/114 

vt -45.9725 -1.59367e-15
vn 1 9.52286e-18 -0
vt -45.6279 -1.59367e-15
vt -45.6279 4
vt -45.9725 4
f 2022/2624/115 2110/2625/115 2115/2626/115 2023/2627/115 

vt 0.293402 -9.11954e-16
vn 0.79398 1.66205e-17 -0.607944
vt 0.523402 -9.11954e-16
vt 0.523402 4
vt 0.293402 4
f 2110/2628/116 2109/2629/116 2116/2630/116 2115/2631/116 

vt 60.2128 -1.48852e-15
vt 60.4028 -1.48852e-15
vt 60.4028 4
vt 60.2128 4
f 2109/2632/110 2108/2633/110 2117/2634/110 2116/2635/110 

vt 0.101888 -9.1268e-16
vn 0.798279 1.65771e-17 -0.602288
vt 0.601888 -9.12681e-16
vt 0.601888 4
vt 0.101888 4
f 2108/2636/117 2107/2637/117 2118/2638/117 2117/2639/117 

vt 60.704 -1.49446e-15
vt 61.064 -1.49446e-15
vt 61.064 4
vt 60.704 4
f 2107/2640/110 2106/2641/110 2119/2642/110 2118/2643/110 

vt -45.0461 -1.58423e-15
vt -44.6461 -1.58423e-15
vt -44.6461 4
vt -45.0461 4
f 2106/2644/115 2105/2645/115 2120/2646/115 2119/2647/115 

vt -3.71116 -9.45679e-16
vn 0.835234 1.61483e-17 -0.549895
vt -3.47116 -9.45344e-16
vt -3.47116 4
vt -3.71116 4
f 2105/2648/118 2104/2649/118 2121/2650/118 2120/2651/118 

vt 61.196 -1.50308e-15
vt 61.4123 -1.50308e-15
vt 61.4123 4
vt 61.196 4
f 2104/2652/110 2103/2653/110 2122/2654/110 2121/2655/110 

vt 2.0771 -9.05721e-16
vn 0.793732 1.66229e-17 -0.608267
vt 2.5971 -5.5337e-16
vt 2.5971 4
vt 2.0771 4
f 2103/2656/119 2102/2657/119 2123/2658/119 2122/2659/119 

vt 61.7286 -1.15688e-15
vt 62.0441 -1.15688e-15
vt 62.0441 4
vt 61.7286 4
f 2102/2660/110 2101/2661/110 2124/2662/110 2123/2663/110 

vt -44.0329 -1.22221e-15
vt -43.6329 -1.22221e-15
vt -43.6329 4
vt -44.0329 4
f 2101/2664/115 2100/2665/115 2125/2666/115 2124/2667/115 

vt 3.59306 -5.50699e-16
vn 0.78981 1.66613e-17 -0.613351
vt 3.83306 -1.26337e-15
vt 3.83306 4
vt 3.59306 4
f 2100/2668/120 2099/2669/120 2126/2670/120 2125/2671/120 

vt 62.1913 -1.87834e-15
vt 62.4013 -1.87834e-15
vt 62.4013 4
vt 62.1913 4
f 2099/2672/110 2098/2673/110 2127/2674/110 2126/2675/110 

vt 3.69195 -1.26199e-15
vn 0.791986 1.66401e-17 -0.61054
vt 4.19195 -9.05571e-16
vt 4.19195 4
vt 3.69195 4
f 2098/2676/121 2097/2677/121 2128/2678/121 2127/2679/121 

vt 56.5966 -1.35575e-15
vn 0.129643 1.60107e-17 -0.991561
vt 57.0266 -1.70954e-15
vt 57.0266 4
vt 56.5966 4
f 2097/2680/122 2096/2681/122 2129/2682/122 2128/2683/122 

vt 63.1329 -1.88244e-15
vt 63.3629 -1.88244e-15
vt 63.3629 4
vt 63.1329 4
f 2096/2684/110 2095/2685/110 2130/2686/110 2129/2687/110 

vt 75.7629 -2.57366e-15
vn -0.675452 4.55644e-18 -0.737404
vt 76.1329 -2.21629e-15
vt 76.1329 4
vt 75.7629 4
f 2095/2688/123 2094/2689/123 2131/2690/123 2130/2691/123 

vt 69.9947 -2.15288e-15
vn -0.854678 -4.02559e-19 -0.519158
vt 70.1547 -2.15309e-15
vt 70.1547 4
vt 69.9947 4
f 2094/2692/124 2093/2693/124 2132/2694/124 2131/2695/124 

vt 43.3783 -1.55917e-15
vn -1 -9.52286e-18 -0
vt 43.4883 -1.55917e-15
vt 43.4883 4
vt 43.3783 4
f 2093/2696/125 2092/2697/125 2133/2698/125 2132/2699/125 

vt 63.7188 -1.51789e-15
vt 63.8088 -1.51789e-15
vt 63.8088 4
vt 63.7188 4
f 2092/2700/110 2091/2701/110 2134/2702/110 2133/2703/110 

vt 75.8592 -2.22063e-15
vn -0.707663 3.78993e-18 -0.70655
vt 76.1292 -2.14741e-15
vt 76.1292 4
vt 75.8592 4
f 2091/2704/126 2090/2705/126 2135/2706/126 2134/2707/126 

vt 43.6794 -1.48326e-15
vt 51.8894 -1.48326e-15
vt 51.8894 4
vt 43.6794 4
f 2090/2708/125 2089/2709/125 2136/2710/125 2135/2711/125 

vt -63.5001 -1.30564e-15
vn -0.00957017 -1.49923e-17 0.999954
vt -63.0691 -1.37865e-15
vt -63.0691 4
vt -63.5001 4
f 2089/2712/127 2088/2713/127 2137/2714/127 2136/2715/127 

vt -81.135 -2.20191e-15
vn 0.741261 -2.94344e-18 0.671217
vt -80.925 -2.20191e-15
vt -80.925 4
vt -81.135 4
f 2088/2716/128 2087/2717/128 2138/2718/128 2137/2719/128 

vt -51.7378 -1.56172e-15
vt -51.5178 -1.56172e-15
vt -51.5178 4
vt -51.7378 4
f 2087/2720/115 2086/2721/115 2139/2722/115 2138/2723/115 

vt -78.595 -1.94337e-15
vn 0.393998 -9.94447e-18 0.919111
vt -78.245 -1.94337e-15
vt -78.245 4
vt -78.595 4
f 2086/2724/129 2085/2725/129 2140/2726/129 2139/2727/129 

vt -69.0622 -1.9859e-15
vn 0.946 4.17796e-18 0.324166
vt -68.8722 -1.9859e-15
vt -68.8722 4
vt -69.0622 4
f 2085/2728/130 2084/2729/130 2141/2730/130 2140/2731/130 

vt -51.2002 -1.56537e-15
vt -50.9602 -1.56537e-15
vt -50.9602 4
vt -51.2002 4
f 2084/2732/115 2083/2733/115 2142/2734/115 2141/2735/115 

vt -69.5584 -1.60697e-15
vn 0.140011 -1.34218e-17 0.99015
vt -69.0884 -1.60697e-15
vt -69.0884 4
vt -69.5584 4
f 2083/2736/131 2082/2737/131 2143/2738/131 2142/2739/131 

vt -79.5245 -2.2017e-15
vn 0.751898 -2.66426e-18 0.659279
vt -79.3145 -2.20173e-15
vt -79.3145 4
vt -79.5245 4
f 2082/2740/132 2081/2741/132 2144/2742/132 2143/2743/132 

vt -50.7365 -1.57115e-15
vt -50.5165 -1.57115e-15
vt -50.5165 4
vt -50.7365 4
f 2081/2744/115 2080/2745/115 2145/2746/115 2144/2747/115 

vt -78.9747 -2.04068e-15
vn 0.476946 -8.55583e-18 0.878932
vt -78.5447 -2.03481e-15
vt -78.5447 4
vt -78.9747 4
f 2080/2748/133 2079/2749/133 2146/2750/133 2145/2751/133 

vt -76.8095 -2.1763e-15
vn 0.819175 -7.45986e-19 0.573544
vt -76.6595 -2.54275e-15
vt -76.6595 4
vt -76.8095 4
f 2079/2752/134 2078/2753/134 2147/2754/134 2146/2755/134 

vt -50.1885 -1.93616e-15
vt -49.9985 -1.93616e-15
vt -49.9985 4
vt -50.1885 4
f 2078/2756/115 2077/2757/115 2148/2758/115 2147/2759/115 

vt -61.9766 -1.78128e-15
vn 0 -1.49019e-17 1
vt -50.0066 -1.78128e-15
vt -50.0066 4
vt -61.9766 4
f 2077/2760/135 2076/2761/135 2149/2762/135 2148/2763/135 

vt 49.9985 -2.05015e-15
vt 50.4385 -2.05015e-15
vt 50.4385 4
vt 49.9985 4
f 2076/2764/125 2075/2765/125 2150/2766/125 2149/2767/125 

vt -11.3724 -1.28813e-15
vn -0.581271 -1.76612e-17 0.81371
vt -10.9724 -9.261e-16
vt -10.9724 4
vt -11.3724 4
f 2075/2768/136 2074/2769/136 2151/2770/136 2150/2771/136 

vt -43.1571 -1.26592e-15
vn -0.12149 -1.59484e-17 0.992593
vt -42.7571 -5.51214e-16
vt -42.7571 4
vt -43.1571 4
f 2074/2772/137 2073/2773/137 2152/2774/137 2151/2775/137 

vt 23.9035 -4.44414e-16
vn -0.898278 -1.51025e-17 0.439428
vt 24.2135 -1.16054e-15
vt 24.2135 4
vt 23.9035 4
f 2073/2776/138 2072/2777/138 2153/2778/138 2152/2779/138 

vt -49.1479 -1.40577e-15
vt -49.0079 -1.40577e-15
vt -49.0079 4
vt -49.1479 4
f 2072/2780/135 2071/2781/135 2154/2782/135 2153/2783/135 

vt 50.9981 -1.69904e-15
vt 60.9981 -1.69904e-15
vt 60.9981 4
vt 50.9981 4
f 2071/2784/125 2070/2785/125 2155/2786/125 2154/2787/125 

vt 49.0079 -1.25675e-15
vt 49.3679 -1.25675e-15
vt 49.3679 4
vt 49.0079 4
f 2070/2788/110 2069/2789/110 2156/2790/110 2155/2791/110 

vt 78.4302 -2.15915e-15
vn -0.756198 2.54976e-18 -0.654343
vt 78.9302 -2.15915e-15
vt 78.9302 4
vt 78.4302 4
f 2069/2792/139 2068/2793/139 2157/2794/139 2156/2795/139 

vt 61.3762 -1.6925e-15
vt 61.4962 -1.6925e-15
vt 61.4962 4
vt 61.3762 4
f 2068/2796/125 2067/2797/125 2158/2798/125 2157/2799/125 

vt 49.695 -1.24933e-15
vt 49.795 -1.24933e-15
vt 49.795 4
vt 49.695 4
f 2067/2800/110 2066/2801/110 2159/2802/110 2158/2803/110 

vt 78.6104 -2.12983e-15
vn -0.700183 3.97164e-18 -0.713964
vt 78.8004 -2.12983e-15
vt 78.8004 4
vt 78.6104 4
f 2066/2804/140 2065/2805/140 2160/2806/140 2159/2807/140 

vt 68.5772 -1.88209e-15
vn -0.988095 -7.11688e-18 -0.153847
vt 68.9472 -1.88209e-15
vt 68.9472 4
vt 68.5772 4
f 2065/2808/141 2064/2809/141 2161/2810/141 2160/2811/141 

vt 49.9876 -1.2419e-15
vt 62.0476 -1.2419e-15
vt 62.0476 4
vt 49.9876 4
f 2064/2812/110 2063/2813/110 2162/2814/110 2161/2815/110 

vt -61.9948 -1.57486e-15
vt -60.6448 -1.57486e-15
vt -60.6448 4
vt -61.9948 4
f 2063/2816/115 2062/2817/115 2163/2818/115 2162/2819/115 

vt -18.0898 -8.06896e-16
vn 0.845163 1.60135e-17 -0.534509
vt -17.8098 -8.06896e-16
vt -17.8098 4
vt -18.0898 4
f 2062/2820/142 2061/2821/142 2164/2822/142 2163/2823/142 

vt 62.1973 -1.26554e-15
vt 62.4273 -1.26554e-15
vt 62.4273 4
vt 62.1973 4
f 2061/2824/110 2060/2825/110 2165/2826/110 2164/2827/110 

vt -15.5053 -7.81022e-16
vn 0.831212 1.62003e-17 -0.555955
vt -15.0253 -7.81022e-16
vt -15.0253 4
vt -15.5053 4
f 2060/2828/143 2059/2829/143 2166/2830/143 2165/2831/143 

vt 62.6941 -1.27149e-15
vt 63.0714 -1.27149e-15
vt 63.0714 4
vt 62.6941 4
f 2059/2832/110 2058/2833/110 2167/2834/110 2166/2835/110 

vt -60.0092 -1.56511e-15
vt -59.6249 -1.56511e-15
vt -59.6249 4
vt -60.0092 4
f 2058/2836/115 2057/2837/115 2168/2838/115 2167/2839/115 

vt -19.0363 -8.27849e-16
vn 0.859661 1.57993e-17 -0.510864
vt -18.8263 -8.27849e-16
vt -18.8263 4
vt -19.0363 4
f 2057/2840/144 2056/2841/144 2169/2842/144 2168/2843/144 

vt 45.5656 -9.2087e-16
vn 0.2598 1.68642e-17 -0.965663
vt 45.8656 -9.2087e-16
vt 45.8656 4
vt 45.5656 4
f 2056/2844/145 2055/2845/145 2170/2846/145 2169/2847/145 

vt -14.4505 -7.80215e-16
vn 0.833733 1.61679e-17 -0.552168
vt -14.0705 -7.80259e-16
vt -14.0705 4
vt -14.4505 4
f 2055/2848/146 2054/2849/146 2171/2850/146 2170/2851/146 

vt 63.6782 -1.28583e-15
vt 63.8082 -1.28583e-15
vt 63.8082 4
vt 63.6782 4
f 2054/2852/110 2053/2853/110 2172/2854/110 2171/2855/110 

vt 86.8824 -2.17782e-15
vn -0.705179 3.85052e-18 -0.709029
vt 87.1524 -2.10477e-15
vt 87.1524 4
vt 86.8824 4
f 2053/2856/147 2052/2857/147 2173/2858/147 2172/2859/147 

vt 59.24 -1.48326e-15
vt 64 -1.48326e-15
vt 64 4
vt 59.24 4
f 2052/2860/125 2051/2861/125 2174/2862/125 2173/2863/125 

vt -63.9996 -1.13901e-15
vn -2.59062e-35 -1.49019e-17 1
vt -43.0196 -1.17548e-15
vt -43.0196 4
vt -63.9996 4
f 2051/2864/148 2050/2865/148 2175/2866/148 2174/2867/148 

vt -64 -1.71953e-15
vn 1 9.52286e-18 -2.60323e-34
vt -62.6655 -1.75601e-15
vt -62.6655 4
vt -64 4
f 2050/2868/149 2049/2869/149 2176/2870/149 2175/2871/149 

vt -27.8799 -1.01804e-15
vn 0.828912 1.62294e-17 -0.55938
vt -27.5799 -1.01401e-15
vt -27.5799 4
vt -27.8799 4
f 2049/2872/150 2048/2873/150 2177/2874/150 2176/2875/150 

vt 43.1874 -1.23152e-15
vt 43.4174 -1.23152e-15
vt 43.4174 4
vt 43.1874 4
f 2048/2876/110 2047/2877/110 2178/2878/110 2177/2879/110 

vt -30.787 -1.05783e-15
vn 0.854538 1.58775e-17 -0.519389
vt -30.277 -1.78388e-15
vt -30.277 4
vt -30.787 4
f 2047/2880/151 2046/2881/151 2179/2882/151 2178/2883/151 

vt 43.6823 -1.96406e-15
vt 46.0422 -1.96406e-15
vt 46.0422 4
vt 43.6823 4
f 2046/2884/110 2045/2885/110 2180/2886/110 2179/2887/110 

vt -61.981 -2.44924e-15
vt -61.611 -2.44924e-15
vt -61.611 4
vt -61.981 4
f 2045/2888/115 2044/2889/115 2181/2890/115 2180/2891/115 

vt -27.6392 -1.73963e-15
vn 0.846484 1.59949e-17 -0.532414
vt -27.4192 -1.744e-15
vt -27.4192 4
vt -27.6392 4
f 2044/2892/152 2043/2893/152 2182/2894/152 2181/2895/152 

vt 46.1593 -1.97672e-15
vt 46.4393 -1.97672e-15
vt 46.4393 4
vt 46.1593 4
f 2043/2896/110 2042/2897/110 2183/2898/110 2182/2899/110 

vt -24.1079 -1.69939e-15
vn 0.822493 1.63083e-17 -0.568775
vt -23.6779 -9.73061e-16
vt -23.6779 4
vt -24.1079 4
f 2042/2900/153 2041/2901/153 2184/2902/153 2183/2903/153 

vt 46.6839 -1.25566e-15
vt 46.9839 -1.25566e-15
vt 46.9839 4
vt 46.6839 4
f 2041/2904/110 2040/2905/110 2185/2906/110 2184/2907/110 

vt -61.0711 -1.71831e-15
vt -50.9511 -1.71831e-15
vt -50.9511 4
vt -61.0711 4
f 2040/2908/115 2039/2909/115 2186/2910/115 2185/2911/115 

vt -56.143 -1.64877e-15
vn 0.198023 -1.2721e-17 0.980197
vt -55.733 -1.64877e-15
vt -55.733 4
vt -56.143 4
f 2039/2912/154 2038/2913/154 2187/2914/154 2186/2915/154 

vt -68.9739 -2.16419e-15
vn 0.732702 -3.16403e-18 0.68055
vt -68.7739 -2.16419e-15
vt -68.7739 4
vt -68.9739 4
f 2038/2916/155 2037/2917/155 2188/2918/155 2187/2919/155 

vt -50.7234 -1.72344e-15
vt -50.5134 -1.72344e-15
vt -50.5134 4
vt -50.7234 4
f 2037/2920/115 2036/2921/115 2189/2922/115 2188/2923/115 

vt -64.1454 -1.94484e-15
vn 0.447678 -9.06198e-18 0.894195
vt -63.7254 -1.94477e-15
vt -63.7254 4
vt -64.1454 4
f 2036/2924/156 2035/2925/156 2190/2926/156 2189/2927/156 

vt -66.4364 -2.15001e-15
vn 0.871969 1.00827e-18 0.489561
vt -66.2764 -2.14781e-15
vt -66.2764 4
vt -66.4364 4
f 2035/2928/157 2034/2929/157 2191/2930/157 2190/2931/157 

vt -50.1858 -1.72549e-15
vt -49.9958 -1.72549e-15
vt -49.9958 4
vt -50.1858 4
f 2034/2932/115 2033/2933/115 2192/2934/115 2191/2935/115 

vt -45.992 -1.41844e-15
vt -44.992 -1.41844e-15
vt -44.992 4
vt -45.992 4
f 2033/2936/135 2032/2937/135 2193/2938/135 2192/2939/135 

vt -67.2287 -2.1565e-15
vn 0.7227 -3.41742e-18 0.691162
vt -67.0587 -1.43685e-15
vt -67.0587 4
vt -67.2287 4
f 2032/2940/158 2031/2941/158 2194/2942/158 2193/2943/158 

vt -44.8745 -7.00623e-16
vt -44.5945 -7.00623e-16
vt -44.5945 4
vt -44.8745 4
f 2031/2944/135 2030/2945/135 2195/2946/135 2194/2947/135 

vt -66.6264 -1.41704e-15
vn 0.681842 -4.4076e-18 0.731499
vt -66.3864 -1.41704e-15
vt -66.3864 4
vt -66.6264 4
f 2030/2948/159 2029/2949/159 2196/2950/159 2195/2951/159 

vt -49.7093 -1.02083e-15
vt -49.4993 -1.02083e-15
vt -49.4993 4
vt -49.7093 4
f 2029/2952/115 2028/2953/115 2197/2954/115 2196/2955/115 

vt -63.1653 -1.27346e-15
vn 0.497813 -8.18354e-18 0.867284
vt -62.7553 -1.27346e-15
vt -62.7553 4
vt -63.1653 4
f 2028/2956/160 2027/2957/160 2198/2958/160 2197/2959/160 

vt -49.2952 -1.02421e-15
vt -46.6452 -1.02421e-15
vt -46.6452 4
vt -49.2952 4
f 2027/2960/115 2026/2961/115 2113/2962/115 2198/2963/115 

g Mesh42 Model

usemtl _4
v -86.1821 13 -54.5696
vt -86.1821 54.5696
vn 1.95189e-17 1 -4.20264e-16
v -86.4063 13 -54.5696
vt -86.4063 54.5696
v -86.7201 13 -55.0098
vt -86.7201 55.0098
v -92.0285 13 -55.0098
vt -92.0285 55.0098
v -92.0285 13 -42.9898
vt -92.0285 42.9898
v -91.0357 13 -42.9898
vt -91.0357 42.9898
v -90.8574 13 -43.1076
vt -90.8574 43.1076
v -90.5674 13 -43.1076
vt -90.5674 43.1076
v -90.4468 13 -43.2545
vt -90.4468 43.2545
v -90.4468 13 -43.4745
vt -90.4468 43.4745
v -90.0165 13 -43.6871
vt -90.0165 43.6871
v -90.0165 13 -43.9905
vt -90.0165 43.9905
v -89.8506 13 -44.135
vt -89.8506 44.135
v -89.5706 13 -44.135
vt -89.5706 44.135
v -89.452 13 -44.296
vt -89.452 44.296
v -89.452 13 -44.476
vt -89.452 44.476
v -89.0071 13 -44.7452
vt -89.0071 44.7452
v -89.0071 13 -44.9652
vt -89.0071 44.9652
v -88.8549 13 -45.1241
vt -88.8549 45.1241
v -88.5549 13 -45.1241
vt -88.5549 45.1241
v -88.4403 13 -45.2496
vt -88.4403 45.2496
v -88.4403 13 -45.4696
vt -88.4403 45.4696
v -88.1085 13 -45.6334
vt -88.1085 45.6334
v -87.9964 13 -45.799
vt -87.9964 45.799
v -87.9964 13 -45.989
vt -87.9964 45.989
v -77.0164 13 -45.989
vt -77.0164 45.989
v -77.0164 13 -45.569
vt -77.0164 45.569
v -76.7049 13 -45.3344
vt -76.7049 45.3344
v -76.2867 13 -45.2949
vt -76.2867 45.2949
v -76.1591 13 -45.0014
vt -76.1591 45.0014
v -76.0191 13 -45.0014
vt -76.0191 45.0014
v -76.0191 13 -44.5514
vt -76.0191 44.5514
v -75.7083 13 -44.3507
vt -75.7083 44.3507
v -75.289 13 -44.264
vt -75.289 44.264
v -75.1377 13 -44.005
vt -75.1377 44.005
v -75.0077 13 -44.005
vt -75.0077 44.005
v -75.0077 13 -43.565
vt -75.0077 43.565
v -74.7071 13 -43.3325
vt -74.7071 43.3325
v -74.2873 13 -43.2393
vt -74.2873 43.2393
v -74.1033 13 -42.9898
vt -74.1033 42.9898
v -70.0033 13 -42.9898
vt -70.0033 42.9898
v -70.0033 13 -55.0098
vt -70.0033 55.0098
v -74.3833 13 -55.0098
vt -74.3833 55.0098
v -76.9324 13 -52.3835
vt -76.9324 52.3835
v -77.0289 13 -52.0263
vt -77.0289 52.0263
v -85.0689 13 -52.0263
vt -85.0689 52.0263
v -85.0689 13 -52.3835
vt -85.0689 52.3835
v -85.184 13 -52.571
vt -85.184 52.571
v -85.464 13 -52.571
vt -85.464 52.571
v -85.6867 13 -52.962
vt -85.6867 52.962
v -85.9867 13 -52.962
vt -85.9867 52.962
v -85.9867 13 -54.342
vt -85.9867 54.342
f 2199/2964/161 2200/2965/161 2201/2966/161 2202/2967/161 2203/2968/161 2204/2969/161 2205/2970/161 2206/2971/161 2207/2972/161 2208/2973/161 2209/2974/161 2210/2975/161 2211/2976/161 2212/2977/161 2213/2978/161 2214/2979/161 2215/2980/161 2216/2981/161 2217/2982/161 2218/2983/161 2219/2984/161 2220/2985/161 2221/2986/161 2222/2987/161 2223/2988/161 2224/2989/161 2225/2990/161 2226/2991/161 2227/2992/161 2228/2993/161 2229/2994/161 2230/2995/161 2231/2996/161 2232/2997/161 2233/2998/161 2234/2999/161 2235/3000/161 2236/3001/161 2237/3002/161 2238/3003/161 2239/3004/161 2240/3005/161 2241/3006/161 2242/3007/161 2243/3008/161 2244/3009/161 2245/3010/161 2246/3011/161 2247/3012/161 2248/3013/161 2249/3014/161 2250/3015/161 

vt 86.1821 -2.16573e-15
vt 86.4063 -2.16573e-15
vt 86.4063 13
vt 86.1821 13
f 972/3016/5 971/3017/5 2200/3018/5 2199/3019/5 

vt 94.5859 -2.16573e-15
vn 0.814362 0 -0.580357
vt 95.1265 -2.16573e-15
vt 95.1265 13
vt 94.5859 13
f 971/3020/162 970/3021/162 2201/3022/162 2200/3023/162 

vt 86.7201 -1.42282e-15
vn 0 -1.35051e-17 -1
vt 92.0285 -1.42282e-15
vt 92.0285 13
vt 86.7201 13
f 970/3024/163 33/3025/163 2202/3026/163 2201/3027/163 

vt -55.0098 -2.16573e-15
vt -42.9898 -2.16573e-15
vt -42.9898 3
vt -42.9898 13
vt -55.0098 13
f 33/3028/3 35/3029/3 642/3030/3 2203/3031/3 2202/3032/3 

usemtl FrontColor
vt 3623.17 -8.52651e-14
vt 3662.54 -8.52651e-14
vt 3662.54 118.11
vt 3623.17 118.11
f 35/3033/5 36/3034/5 643/3035/5 642/3036/5 

usemtl _4
vt 42.9898 -2.21951e-15
vn 1 -5.78084e-19 -0
vt 55.0098 -2.21951e-15
v -93.0285 13 -55.0098
vt 55.0098 13
v -93.0285 13 -42.9898
vt 42.9898 13
vt 42.9898 3
f 36/3037/164 34/3038/164 2251/3039/164 2252/3040/164 643/3041/164 

vt 93.0285 -2.13903e-15
vn 0 -4.85519e-19 -1
vt 96.3785 -2.13903e-15
v -96.3785 13 -55.0098
vt 96.3785 13
vt 93.0285 13
f 34/3042/165 969/3043/165 2253/3044/165 2251/3045/165 

vt 23.935 -2.17684e-15
vn -0.741132 1.0248e-19 -0.671359
vt 24.785 -1.45507e-15
v -96.9491 13 -54.3799
vt 24.785 13
vt 23.935 13
f 969/3046/166 968/3047/166 2254/3048/166 2253/3049/166 

vt -23.8171 -1.48868e-15
vn -0.956731 4.11797e-19 -0.290975
vt -23.4671 -2.20416e-15
v -97.051 13 -54.045
vt -23.4671 13
vt -23.8171 13
f 968/3050/167 967/3051/167 2255/3052/167 2254/3053/167 

vt 97.051 -2.13321e-15
vt 97.3981 -2.13321e-15
v -97.3981 13 -54.045
vt 97.3981 13
vt 97.051 13
f 967/3054/165 966/3055/165 2256/3056/165 2255/3057/165 

vt 20.828 -2.17404e-15
vn -0.768257 1.33317e-19 -0.640141
vt 21.738 -2.18035e-15
v -97.9806 13 -53.3459
vt 21.738 13
vt 20.828 13
f 966/3058/168 965/3059/168 2257/3060/168 2256/3061/168 

vt -53.3459 -2.2224e-15
vn -1 5.78084e-19 -0
vt -51.9989 -2.2224e-15
v -97.9806 13 -51.9989
vt -51.9989 13
vt -53.3459 13
f 965/3062/169 964/3063/169 2258/3064/169 2257/3065/169 

vt 97.9806 -2.14051e-15
vt 98.4006 -2.14051e-15
v -98.4006 13 -51.9989
vt 98.4006 13
vt 97.9806 13
f 964/3066/165 963/3067/165 2259/3068/165 2258/3069/165 

vt 23.6929 -2.17977e-15
vn -0.764413 1.28868e-19 -0.644727
vt 24.5329 -1.46004e-15
v -98.9422 13 -51.3568
vt 24.5329 13
vt 23.6929 13
f 963/3070/170 962/3071/170 2260/3072/170 2259/3073/170 

vt 98.9422 -1.42109e-15
vt 99.1022 -1.42109e-15
v -99.1022 13 -51.3568
vt 99.1022 13
vt 98.9422 13
f 962/3074/165 961/3075/165 2261/3076/165 2260/3077/165 

vt 82.1085 -1.49964e-15
vn 0.939901 -7.09121e-19 -0.341447
vt 82.3285 -1.85617e-15
v -99.1773 13 -51.5636
vt 82.3285 13
vt 82.1085 13
f 961/3078/171 960/3079/171 2262/3080/171 2261/3081/171 

vt 99.1773 -1.77751e-15
vt 99.4173 -1.77751e-15
v -99.4173 13 -51.5636
vt 99.4173 13
vt 99.1773 13
f 960/3082/165 959/3083/165 2263/3084/165 2262/3085/165 

vt 101.329 -1.83852e-15
vn 0.794634 -7.54118e-19 -0.607088
vt 101.819 -2.20043e-15
v -99.7147 13 -51.953
vt 101.819 13
vt 101.329 13
f 959/3086/172 958/3087/172 2264/3088/172 2263/3089/172 

vt 99.7147 -2.13924e-15
vt 99.8647 -2.13924e-15
v -99.8647 13 -51.953
vt 99.8647 13
vt 99.7147 13
f 958/3090/165 957/3091/165 2265/3092/165 2264/3093/165 

vt 25.2746 -2.17815e-15
vn -0.760862 1.24783e-19 -0.648914
vt 25.4846 -2.17942e-15
v -100.001 13 -51.7932
vt 25.4846 13
vt 25.2746 13
f 957/3094/173 956/3095/173 2266/3096/173 2265/3097/173 

vt 109.127 -2.18652e-15
vn 0.665015 -7.47035e-19 -0.74683
vt 109.443 -2.18652e-15
v -100.237 13 -52.0032
vt 109.443 13
vt 109.127 13
f 956/3098/174 955/3099/174 2267/3100/174 2266/3101/174 

vt 100.237 -2.14049e-15
vt 103.985 -2.14049e-15
v -103.985 13 -52.0032
vt 103.985 13
vt 100.237 13
f 955/3102/165 50/3103/165 2268/3104/165 2267/3105/165 

vt -52.0032 -2.22585e-15
vt -46.0032 -2.22585e-15
vt -46.0032 6
v -103.985 13 -46.0032
vt -46.0032 13
vt -52.0032 13
f 50/3106/169 52/3107/169 1416/3108/169 2269/3109/169 2268/3110/169 

usemtl FrontColor
vt 4093.91 -8.89172e-14
vn 0 2.01643e-18 -1
vt 4133.28 -8.89172e-14
vt 4133.28 236.22
vt 4093.91 236.22
f 52/3111/175 53/3112/175 1382/3113/175 1416/3114/175 

usemtl _4
vt 46.0032 -3.15134e-15
vn 1 -9.38807e-18 -0
vt 52.0032 -3.15134e-15
v -104.985 13 -52.0032
vt 52.0032 13
v -104.985 13 -46.0032
vt 46.0032 13
vt 46.0032 6
f 53/3115/176 51/3116/176 2270/3117/176 2271/3118/176 1382/3119/176 

vt 104.985 -6.69974e-15
vn 1.26181e-32 8.7187e-17 -1
vt 109.973 -5.97783e-15
v -109.973 13 -52.0032
vt 109.973 13
vt 104.985 13
f 51/3120/177 954/3121/177 2272/3122/177 2270/3123/177 

vt 52.0032 -2.47626e-15
vt 53.3498 -2.47626e-15
v -109.973 13 -53.3498
vt 53.3498 13
f 954/3124/176 1105/3125/176 2273/3126/176 2272/3117/176 

vt 107.8 1.07108e-15
vn 0.809037 4.36496e-17 -0.587758
vt 108.1 1.07108e-15
v -110.15 13 -53.5925
vt 108.1 13
vt 107.8 13
f 1105/3127/178 1104/3128/178 2274/3129/178 2273/3130/178 

vt 110.15 -6.11639e-15
vn 0 8.7187e-17 -1
vt 110.38 -6.11639e-15
v -110.38 13 -53.5925
vt 110.38 13
vt 110.15 13
f 1104/3131/179 1103/3132/179 2275/3133/179 2274/3134/179 

vt 107.865 1.08086e-15
vn 0.81276 4.31647e-17 -0.582598
vt 108.315 1.08086e-15
v -110.642 13 -53.9583
vt 108.315 13
vt 107.865 13
f 1103/3135/180 1102/3136/180 2276/3137/180 2275/3138/180 

vt 110.642 -6.14828e-15
vt 110.952 -6.14828e-15
v -110.952 13 -53.9583
vt 110.952 13
vt 110.642 13
f 1102/3139/179 1101/3140/179 2277/3141/179 2276/3142/179 

vt 53.9583 -2.48545e-15
vt 54.6883 -2.48545e-15
v -110.952 13 -54.6883
vt 54.6883 13
vt 53.9583 13
f 1101/3143/176 1100/3144/176 2278/3145/176 2277/3146/176 

vt 104.972 1.04255e-15
vn 0.849681 3.79965e-17 -0.527296
vt 105.342 1.04255e-15
v -111.147 13 -55.0027
vt 105.342 13
vt 104.972 13
f 1100/3147/181 1099/3148/181 2279/3149/181 2278/3150/181 

vt 111.147 -6.23934e-15
vt 119.997 -6.23934e-15
v -119.997 13 -55.0027
vt 119.997 13
vt 111.147 13
f 1099/3151/179 41/3152/179 2280/3153/179 2279/3154/179 

vt -55.0027 -2.57036e-15
vn -1 9.38807e-18 7.53084e-34
vt -46.0032 -3.29227e-15
v -119.997 13 -46.0032
vt -55.0027 13
f 41/3155/182 45/3156/182 1383/3108/182 2281/3109/182 2280/3157/182 

usemtl FrontColor
vt -1811.15 -9.38125e-14
vn -1 1.80924e-18 -0
vt -1811.13 -9.38125e-14
vt -1811.13 236.22
vt -1811.15 236.22
f 45/3158/183 43/3159/183 1384/3160/183 1383/3161/183 

vt 4724.29 -8.89171e-14
vn 1.45568e-33 2.01643e-18 -1
vt 4763.66 -6.04954e-14
vt 4763.66 236.22
vt 4724.29 236.22
f 43/3162/184 44/3163/184 1385/3164/184 1384/3165/184 

usemtl _4
vt 46.0027 -1.51377e-15
vt 55.0027 -1.51377e-15
v -120.997 13 -55.0027
vt 55.0027 13
v -120.997 13 -46.0027
vt 46.0027 13
vt 46.0027 6
f 44/3166/164 42/3167/164 2282/3168/164 2283/3169/164 1385/3170/164 

vt 58.0627 -1.51377e-15
v -120.997 13 -58.0627
vt 58.0627 13
f 42/3167/164 1098/3171/164 2284/3172/164 2282/3168/164 

vt -120.997 -1.41563e-15
vn 0 4.85519e-19 1
vt -111.036 -1.41563e-15
v -111.036 13 -58.0627
vt -111.036 13
vt -120.997 13
f 1098/3173/185 1097/3174/185 2285/3175/185 2284/3176/185 

vt 58.0627 -1.50801e-15
vt 59.1527 -1.50801e-15
v -111.036 13 -59.1527
vt 59.1527 13
f 1097/3177/164 1096/3178/164 2286/3179/164 2285/3172/164 

vt -111.036 -1.4151e-15
vt -110.577 -1.4151e-15
v -110.577 13 -59.1527
vt -110.577 13
f 1096/3180/185 1095/3181/185 2287/3182/185 2286/3175/185 

vt -11.8594 -1.47044e-15
vn 0.833203 -2.13186e-19 0.552967
vt -11.6294 -2.20199e-15
v -110.45 13 -59.3443
vt -11.6294 13
vt -11.8594 13
f 1095/3183/186 1094/3184/186 2288/3185/186 2287/3186/186 

vt 59.3443 -2.23923e-15
vt 59.5643 -2.23923e-15
v -110.45 13 -59.5643
vt 59.5643 13
vt 59.3443 13
f 1094/3187/164 1093/3188/164 2289/3189/164 2288/3190/164 

vt -63.3813 -2.16301e-15
vn 0.519906 1.14192e-19 0.854224
vt -62.9513 -2.15338e-15
v -110.083 13 -59.7879
vt -62.9513 13
vt -63.3813 13
f 1093/3191/187 1092/3192/187 2290/3193/187 2289/3194/187 

vt 59.7879 -2.22939e-15
vt 60.6578 -2.22939e-15
v -110.083 13 -60.6578
vt 60.6578 13
vt 59.7879 13
f 1092/3195/164 1091/3196/164 2291/3197/164 2290/3198/164 

vt -125.665 -2.16749e-15
vn -0.499617 7.09399e-19 0.866247
vt -125.175 -2.16748e-15
v -109.658 13 -60.413
vt -125.175 13
vt -125.665 13
f 1091/3199/188 1090/3200/188 2292/3201/188 2291/3202/188 

vt -121.08 -2.14625e-15
vn -0.243863 6.11834e-19 0.96981
vt -120.69 -2.14625e-15
v -109.28 13 -60.3179
vt -120.69 13
vt -121.08 13
f 1090/3203/189 1089/3204/189 2293/3205/189 2292/3206/189 

vt -112.013 -2.20715e-15
vn -0.819959 7.51927e-19 0.572422
vt -111.723 -2.20715e-15
v -109.114 13 -60.0801
vt -111.723 13
vt -112.013 13
f 1089/3207/190 1088/3208/190 2294/3209/190 2293/3210/190 

vt -109.114 -2.13656e-15
vt -109.014 -2.13656e-15
v -109.014 13 -60.0801
vt -109.014 13
vt -109.114 13
f 1088/3211/185 1087/3212/185 2295/3213/185 2294/3214/185 

vt -60.0801 -2.22875e-15
vt -58.6601 -2.22875e-15
v -109.014 13 -58.6601
vt -58.6601 13
vt -60.0801 13
f 1087/3215/169 1086/3216/169 2296/3217/169 2295/3218/169 

vt -122.137 -2.18063e-15
vn -0.611139 7.37589e-19 0.791524
vt -121.707 -1.82218e-15
v -108.674 13 -58.3973
vt -121.707 13
vt -122.137 13
f 1086/3219/191 1085/3220/191 2297/3221/191 2296/3222/191 

vt -119.695 -1.78897e-15
vn -0.245856 6.12742e-19 0.969306
vt -119.235 -2.15129e-15
v -108.228 13 -58.2842
vt -119.235 13
vt -119.695 13
f 1085/3223/192 1084/3224/192 2298/3225/192 2297/3226/192 

vt -100.338 -2.22171e-15
vn -0.895651 7.337e-19 0.444758
vt -100.088 -2.2179e-15
v -108.117 13 -58.0603
vt -100.088 13
vt -100.338 13
f 1084/3227/193 1083/3228/193 2299/3229/193 2298/3230/193 

vt -108.117 -2.13761e-15
vt -108.017 -2.13761e-15
v -108.017 13 -58.0603
vt -108.017 13
vt -108.117 13
f 1083/3231/185 1082/3232/185 2300/3233/185 2299/3234/185 

vt -57.1294 -2.15717e-15
vn 0.558838 7.95739e-20 0.829277
vt -56.9094 -2.51517e-15
v -107.834 13 -58.1833
vt -56.9094 13
vt -57.1294 13
f 1082/3235/194 1081/3236/194 2301/3237/194 2300/3238/194 

vt -107.834 -2.49556e-15
vt -107.585 -2.49556e-15
v -107.585 13 -58.1833
vt -107.585 13
vt -107.834 13
f 1081/3239/185 1080/3240/185 2302/3241/185 2301/3242/185 

vt -25.1576 -2.53903e-15
vn 0.762953 -1.27185e-19 0.646454
vt -24.9376 -2.18078e-15
v -107.443 13 -58.3511
vt -24.9376 13
vt -25.1576 13
f 1080/3243/195 1079/3244/195 2303/3245/195 2302/3246/195 

vt 58.3511 -2.22766e-15
vt 58.5611 -2.22766e-15
v -107.443 13 -58.5611
vt 58.5611 13
vt 58.3511 13
f 1079/3247/164 1078/3248/164 2304/3249/164 2303/3250/164 

vt -66.4306 -2.15009e-15
vn 0.477576 1.50492e-19 0.87859
vt -66.0006 -2.15027e-15
v -107.065 13 -58.7665
vt -66.0006 13
vt -66.4306 13
f 1078/3251/196 1077/3252/196 2305/3253/196 2304/3254/196 

vt -110.52 -2.20488e-15
vn -0.808503 7.53107e-19 0.588493
vt -110.27 -2.20488e-15
v -106.918 13 -58.5643
vt -110.27 13
vt -110.52 13
f 1077/3255/197 1076/3256/197 2306/3257/197 2305/3258/197 

vt -106.918 -2.1373e-15
vt -106.808 -2.1373e-15
v -106.808 13 -58.5643
vt -106.808 13
vt -106.918 13
f 1076/3259/185 1075/3260/185 2307/3261/185 2306/3262/185 

vt -107.648 -2.20848e-15
vn -0.835235 7.4982e-19 0.549892
vt -107.408 -2.20848e-15
v -106.676 13 -58.3639
vt -107.408 13
vt -107.648 13
f 1075/3263/198 1074/3264/198 2308/3265/198 2307/3266/198 

vt -113.05 -2.14097e-15
vn -0.123131 5.53004e-19 0.99239
vt -112.63 -1.78009e-15
v -106.259 13 -58.3122
vt -112.63 13
vt -113.05 13
f 1074/3267/199 1073/3268/199 2309/3269/199 2308/3270/199 

vt -102.209 -1.85309e-15
vn -0.876902 7.40297e-19 0.480669
vt -101.909 -2.21233e-15
v -106.115 13 -58.0491
vt -101.909 13
vt -102.209 13
f 1073/3271/200 1072/3272/200 2310/3273/200 2309/3274/200 

vt -106.115 -2.13592e-15
vt -104.085 -2.13592e-15
v -104.085 13 -58.0491
vt -104.085 13
vt -106.115 13
f 1072/3275/185 1071/3276/185 2311/3277/185 2310/3278/185 

vt -56.7981 -2.15359e-15
vn 0.53566 1.00332e-19 0.844434
vt -56.4781 -2.15524e-15
v -103.814 13 -58.2205
vt -56.4781 13
vt -56.7981 13
f 1071/3279/201 1070/3280/201 2312/3281/201 2311/3282/201 

vt -103.814 -2.13749e-15
vt -103.594 -2.13749e-15
v -103.594 13 -58.2205
vt -103.594 13
vt -103.814 13
f 1070/3283/185 1069/3284/185 2313/3285/185 2312/3286/185 

vt -35.2785 -2.17079e-15
vn 0.687011 -4.43496e-20 0.726647
vt -35.0985 -2.17077e-15
v -103.464 13 -58.3442
vt -35.0985 13
vt -35.2785 13
f 1069/3287/202 1068/3288/202 2314/3289/202 2313/3290/202 

vt 58.3442 -2.22555e-15
vt 58.5542 -2.22555e-15
v -103.464 13 -58.5542
vt 58.5542 13
vt 58.3442 13
f 1068/3291/164 1067/3292/164 2315/3293/164 2314/3294/164 

vt -64.1469 -2.14978e-15
vn 0.466972 1.59381e-19 0.884272
vt -63.6569 -2.86602e-15
v -103.03 13 -58.783
vt -63.6569 13
vt -64.1469 13
f 1067/3295/203 1066/3296/203 2316/3297/203 2315/3298/203 

vt 58.783 -2.94153e-15
vt 61.0923 -2.94153e-15
v -103.03 13 -61.0923
vt 61.0923 13
vt 58.783 13
f 1066/3299/164 1065/3300/164 2317/3301/164 2316/3302/164 

vt -103.03 -2.85231e-15
vt -101.96 -2.85231e-15
v -101.96 13 -61.0923
vt -101.96 13
vt -103.03 13
f 1065/3303/185 1064/3304/185 2318/3305/185 2317/3306/185 

vt -63.5784 -2.86454e-15
vn 0.449854 1.73564e-19 0.893102
vt -63.0084 -1.4284e-15
v -101.451 13 -61.3487
vt -63.0084 13
vt -63.5784 13
f 1064/3307/204 1063/3308/204 2319/3309/204 2318/3310/204 

vt 61.3487 -1.50448e-15
vt 61.5887 -1.50448e-15
v -101.451 13 -61.5887
vt 61.5887 13
vt 61.3487 13
f 1063/3311/164 1062/3312/164 2320/3313/164 2319/3314/164 

vt -64.2447 -1.42753e-15
vn 0.437835 1.83402e-19 0.899055
vt -63.8347 -1.42551e-15
v -101.083 13 -61.7682
vt -63.8347 13
vt -64.2447 13
f 1062/3315/205 1061/3316/205 2321/3317/205 2320/3318/205 

vt -117.527 -1.45481e-15
vn -0.624265 7.40171e-19 0.781213
vt -116.957 -1.45481e-15
v -100.637 13 -61.4124
vt -116.957 13
vt -117.527 13
f 1061/3319/206 1060/3320/206 2322/3321/206 2321/3322/206 

vt -114.96 -1.42697e-15
vn -0.318632 6.44409e-19 0.947878
vt -114.55 -1.42697e-15
v -100.249 13 -61.2817
vt -114.55 13
vt -114.96 13
f 1060/3323/207 1059/3324/207 2323/3325/207 2322/3326/207 

vt -110.364 -1.47425e-15
vn -0.782642 7.54655e-19 0.622472
vt -110.084 -1.47425e-15
v -100.074 13 -61.0626
vt -110.084 13
vt -110.364 13
f 1059/3327/208 1058/3328/208 2324/3329/208 2323/3330/208 

vt -40.3128 -1.44161e-15
vn 0.622472 2.01461e-20 0.782642
vt -40.0328 -1.44161e-15
v -99.8553 13 -61.2369
vt -40.0328 13
vt -40.3128 13
f 1058/3331/209 1057/3332/209 2325/3333/209 2324/3334/209 

vt -99.8553 -1.41409e-15
vt -99.5853 -1.41409e-15
v -99.5853 13 -61.2369
vt -99.5853 13
vt -99.8553 13
f 1057/3335/185 1056/3336/185 2326/3337/185 2325/3338/185 

vt -46.6471 -1.43659e-15
vn 0.572081 6.75096e-20 0.820197
vt -46.4571 -2.17011e-15
v -99.4295 13 -61.3456
vt -46.4571 13
vt -46.6471 13
f 1056/3339/210 1055/3340/210 2327/3341/210 2326/3342/210 

vt 61.3456 -2.23482e-15
vt 61.5456 -2.23482e-15
v -99.4295 13 -61.5456
vt 61.5456 13
vt 61.3456 13
f 1055/3343/164 1054/3344/164 2328/3345/164 2327/3346/164 

vt -54.3919 -2.16444e-15
vn 0.507894 1.2463e-19 0.86142
vt -54.0119 -2.15297e-15
v -99.1022 13 -61.7386
vt -54.0119 13
vt -54.3919 13
f 1054/3347/211 1053/3348/211 2329/3349/211 2328/3350/211 

vt -116.22 -2.17414e-15
vn -0.607872 7.3692e-19 0.794035
vt -115.67 -2.174e-15
v -98.6654 13 -61.4042
vt -115.67 13
vt -116.22 13
f 1053/3351/212 1052/3352/212 2330/3353/212 2329/3354/212 

vt -111.301 -2.14501e-15
vn -0.261832 6.19942e-19 0.965113
vt -110.891 -2.14501e-15
v -98.2698 13 -61.2969
vt -110.891 13
vt -111.301 13
f 1052/3355/213 1051/3356/213 2331/3357/213 2330/3358/213 

vt -105.382 -2.20178e-15
vn -0.833559 7.50083e-19 0.552431
vt -105.102 -2.20178e-15
v -98.1151 13 -61.0635
vt -105.102 13
vt -105.382 13
f 1051/3359/214 1050/3360/214 2332/3361/214 2331/3362/214 

vt -98.1151 -2.13609e-15
vt -98.0051 -2.13609e-15
v -98.0051 13 -61.0635
vt -98.0051 13
vt -98.1151 13
f 1050/3363/185 1049/3364/185 2333/3365/185 2332/3366/185 

vt -61.0635 -2.22239e-15
vt -59.6335 -2.22239e-15
v -98.0051 13 -59.6335
vt -59.6335 13
vt -61.0635 13
f 1049/3367/169 1048/3368/169 2334/3369/169 2333/3370/169 

vt -114.248 -2.17339e-15
vn -0.59526 7.34241e-19 0.803533
vt -113.838 -1.44964e-15
v -97.6756 13 -59.3894
vt -113.838 13
vt -114.248 13
f 1048/3371/215 1047/3372/215 2335/3373/215 2334/3374/215 

vt -108.239 -1.41994e-15
vn -0.217094 5.99438e-19 0.976151
vt -107.819 -2.1453e-15
v -97.2656 13 -59.2983
vt -107.819 13
vt -108.239 13
f 1047/3375/216 1046/3376/216 2336/3377/216 2335/3378/216 

vt -100.97 -2.20667e-15
vn -0.856715 7.45679e-19 0.515791
vt -100.69 -2.20504e-15
v -97.1212 13 -59.0584
vt -100.69 13
vt -100.97 13
f 1046/3379/217 1045/3380/217 2337/3381/217 2336/3382/217 

vt -97.1212 -2.13703e-15
vt -97.0012 -2.13703e-15
v -97.0012 13 -59.0584
vt -97.0012 13
vt -97.1212 13
f 1045/3383/185 1044/3384/185 2338/3385/185 2337/3386/185 

vt -59.0584 -2.22178e-15
vt -58.6184 -2.22178e-15
v -97.0012 13 -58.6184
vt -58.6184 13
vt -59.0584 13
f 1044/3387/169 1043/3388/169 2339/3389/169 2338/3390/169 

vt -113.237 -2.16235e-15
vn -0.48077 7.03651e-19 0.876846
vt -113.047 -2.16238e-15
v -96.8346 13 -58.527
vt -113.047 13
vt -113.237 13
f 1043/3391/218 1042/3392/218 2340/3393/218 2339/3394/218 

vt -108.88 -2.18894e-15
vn -0.73057 7.53862e-19 0.682838
vt -108.65 -2.18894e-15
v -96.6776 13 -58.359
vt -108.65 13
vt -108.88 13
f 1042/3395/219 1041/3396/219 2341/3397/219 2340/3398/219 

vt -105.298 -2.14215e-15
vn -0.172574 5.77996e-19 0.984997
vt -104.858 -2.14215e-15
v -96.2442 13 -58.2831
vt -104.858 13
vt -105.298 13
f 1041/3399/220 1040/3400/220 2342/3401/220 2341/3402/220 

vt -96.2963 -2.20865e-15
vn -0.885757 7.37395e-19 0.464149
vt -96.0363 -2.20865e-15
v -96.1235 13 -58.0528
vt -96.0363 13
vt -96.2963 13
f 1040/3403/221 1039/3404/221 2343/3405/221 2342/3406/221 

vt -96.1235 -2.13755e-15
vt -87.0935 -2.13755e-15
v -87.0935 13 -58.0528
vt -87.0935 13
vt -96.1235 13
f 1039/3407/185 1038/3408/185 2344/3409/185 2343/3410/185 

vt -58.355 -2.1459e-15
vn 0.381547 2.28223e-19 0.92435
vt -57.685 -1.4288e-15
v -86.4742 13 -58.3084
vt -57.685 13
vt -58.355 13
f 1038/3411/222 1037/3412/222 2345/3413/222 2344/3414/222 

vt 58.3084 -1.49862e-15
vt 58.527 -1.49862e-15
v -86.4742 13 -58.527
vt 58.527 13
vt 58.3084 13
f 1037/3415/164 1036/3416/164 2346/3417/164 2345/3418/164 

vt -34.5796 -1.44414e-15
vn 0.595802 4.55111e-20 0.803131
vt -33.9996 -1.43933e-15
v -86.0084 13 -58.8726
vt -33.9996 13
vt -34.5796 13
f 1036/3419/223 1035/3420/223 2347/3421/223 2346/3422/223 

vt 58.8726 -1.49353e-15
vt 60.1426 -1.49353e-15
v -86.0084 13 -60.1426
vt 60.1426 13
vt 58.8726 13
f 1035/3423/164 1034/3424/164 2348/3425/164 2347/3426/164 

vt -75.1287 -1.41557e-15
vn 0.162007 3.85451e-19 0.98679
vt -74.7087 -1.77824e-15
v -85.5939 13 -60.2106
vt -74.7087 13
vt -75.1287 13
f 1034/3427/224 1033/3428/224 2349/3429/224 2348/3430/224 

vt -18.1527 -1.81308e-15
vn 0.705706 -6.39655e-20 0.708505
vt -17.9527 -2.17659e-15
v -85.4522 13 -60.3518
vt -17.9527 13
vt -18.1527 13
f 1033/3431/225 1032/3432/225 2350/3433/225 2349/3434/225 

vt 60.3518 -2.21939e-15
vt 60.5518 -2.21939e-15
v -85.4522 13 -60.5518
vt 60.5518 13
vt 60.3518 13
f 1032/3435/164 1031/3436/164 2351/3437/164 2350/3438/164 

vt -42.476 -2.15835e-15
vn 0.511315 1.21668e-19 0.859393
vt -42.056 -1.79002e-15
v -85.0913 13 -60.7665
vt -42.056 13
vt -42.476 13
f 1031/3439/226 1030/3440/226 2352/3441/226 2351/3442/226 

vt -102.707 -1.81643e-15
vn -0.723421 7.53404e-19 0.690408
vt -102.437 -2.17762e-15
v -84.9048 13 -60.5712
vt -102.437 13
vt -102.707 13
f 1030/3443/227 1029/3444/227 2353/3445/227 2352/3446/227 

vt -84.9048 -2.13344e-15
vt -84.8248 -2.13344e-15
v -84.8248 13 -60.5712
vt -84.8248 13
vt -84.9048 13
f 1029/3447/185 1028/3448/185 2354/3449/185 2353/3450/185 

vt -98.7742 -2.18791e-15
vn -0.810569 7.52918e-19 0.585643
vt -98.5442 -2.19074e-15
v -84.6902 13 -60.3848
vt -98.5442 13
vt -98.7742 13
f 1028/3451/228 1027/3452/228 2355/3453/228 2354/3454/228 

vt -84.6902 -2.13636e-15
vt -84.5102 -2.13636e-15
v -84.5102 13 -60.3848
vt -84.5102 13
vt -84.6902 13
f 1027/3455/185 1026/3456/185 2356/3457/185 2355/3458/185 

vt -102.62 -2.15456e-15
vn -0.448693 6.93284e-19 0.893686
vt -102.26 -2.15461e-15
v -84.1884 13 -60.2233
vt -102.26 13
vt -102.62 13
f 1026/3459/229 1025/3460/229 2357/3461/229 2356/3462/229 

vt -99.1829 -2.18808e-15
vn -0.790205 7.54352e-19 0.612842
vt -98.1829 -1.48916e-15
v -83.5756 13 -59.433
vt -98.1829 13
vt -99.1829 13
f 1025/3463/230 1024/3464/230 2358/3465/230 2357/3466/230 

vt -99.5648 -1.4505e-15
vn -0.367344 6.63929e-19 0.930085
vt -99.2648 -2.14038e-15
v -83.2966 13 -59.3228
vt -99.2648 13
vt -99.5648 13
f 1024/3467/231 1023/3468/231 2359/3469/231 2358/3470/231 

vt -96.6941 -2.18174e-15
vn -0.81363 7.52619e-19 0.581383
vt -96.3741 -2.19084e-15
v -83.1105 13 -59.0625
vt -96.3741 13
vt -96.6941 13
f 1023/3471/232 1022/3472/232 2360/3473/232 2359/3474/232 

vt -83.1105 -2.13711e-15
vt -83.0205 -2.13711e-15
v -83.0205 13 -59.0625
vt -83.0205 13
vt -83.1105 13
f 1022/3475/185 1021/3476/185 2361/3477/185 2360/3478/185 

vt -59.0625 -2.21378e-15
vt -58.6625 -2.21378e-15
v -83.0205 13 -58.6625
vt -58.6625 13
vt -59.0625 13
f 1021/3479/169 1020/3480/169 2362/3481/169 2361/3482/169 

vt -101.619 -2.16778e-15
vn -0.598645 7.34975e-19 0.801014
vt -101.179 -1.44697e-15
v -82.6681 13 -58.3991
vt -101.179 13
vt -101.619 13
f 1020/3483/233 1019/3484/233 2363/3485/233 2362/3486/233 

vt -95.4636 -1.42396e-15
vn -0.272795 6.24803e-19 0.962072
vt -95.0336 -1.42282e-15
v -82.2544 13 -58.2818
vt -95.0336 13
vt -95.4636 13
f 1019/3487/234 1018/3488/234 2364/3489/234 2363/3490/234 

vt -93.6565 -1.47177e-15
vn -0.838987 7.49201e-19 0.544151
vt -93.3765 -1.47177e-15
v -82.102 13 -58.0469
vt -93.3765 13
vt -93.6565 13
f 1018/3491/235 1017/3492/235 2365/3493/235 2364/3494/235 

vt -82.102 -1.41564e-15
vt -80.042 -1.41564e-15
v -80.042 13 -58.0469
vt -80.042 13
vt -82.102 13
f 1017/3495/185 1016/3496/185 2366/3497/185 2365/3498/185 

vt -59.2503 -1.42067e-15
vn 0.296278 2.92446e-19 0.955102
vt -58.7703 -1.42067e-15
v -79.5836 13 -58.1891
vt -58.7703 13
vt -59.2503 13
f 1016/3499/236 1015/3500/236 2367/3501/236 2366/3502/236 

vt -11.1982 -1.45319e-15
vn 0.734971 -9.5646e-20 0.678098
vt -10.9982 -2.18494e-15
v -79.4479 13 -58.3361
vt -10.9982 13
vt -11.1982 13
f 1015/3503/237 1014/3504/237 2368/3505/237 2367/3506/237 

vt 58.3361 -2.2215e-15
vt 58.5661 -2.2215e-15
v -79.4479 13 -58.5661
vt 58.5661 13
vt 58.3361 13
f 1014/3507/164 1013/3508/164 2369/3509/164 2368/3510/164 

vt -40.865 -2.16277e-15
vn 0.487032 1.42499e-19 0.873384
vt -40.445 -2.15297e-15
v -79.0811 13 -58.7706
vt -40.445 13
vt -40.865 13
f 1013/3511/238 1012/3512/238 2370/3513/238 2369/3514/238 

vt -7.71423 -2.1772e-15
vn 0.753459 -1.16337e-19 0.657495
vt -7.56423 -2.17716e-15
v -78.9825 13 -58.8836
vt -7.56423 13
vt -7.71423 13
f 1012/3515/239 1011/3516/239 2371/3517/239 2370/3518/239 

vt 58.8836 -2.21139e-15
vt 61.1236 -2.21139e-15
v -78.9825 13 -61.1236
vt 61.1236 13
vt 58.8836 13
f 1011/3519/164 1010/3520/164 2372/3521/164 2371/3522/164 

vt -67.7128 -2.13765e-15
vn 0.166368 3.82578e-19 0.986064
vt -67.2928 -2.13765e-15
v -78.5684 13 -61.1935
vt -67.2928 13
vt -67.7128 13
f 1010/3523/240 1009/3524/240 2373/3525/240 2372/3526/240 

vt 4.3138 -2.1846e-15
vn 0.814816 -1.89567e-19 0.57972
vt 4.5038 -2.1846e-15
v -78.4582 13 -61.3483
vt 4.5038 13
vt 4.3138 13
f 1009/3527/241 1008/3528/241 2374/3529/241 2373/3530/241 

vt 61.3483 -2.21109e-15
vt 61.5551 -2.21109e-15
v -78.4582 13 -61.5551
vt 61.5551 13
vt 61.3483 13
f 1008/3531/164 1007/3532/164 2375/3533/164 2374/3534/164 

vt -38.9197 -2.15237e-15
vn 0.483465 1.45522e-19 0.875364
vt -38.4697 -2.15237e-15
v -78.0643 13 -61.7726
vt -38.4697 13
vt -38.9197 13
f 1007/3535/242 1006/3536/242 2376/3537/242 2375/3538/242 

vt -94 -2.19026e-15
vn -0.844088 7.48291e-19 0.536205
vt -93.74 -2.19026e-15
v -77.9249 13 -61.5532
vt -93.74 13
vt -94 13
f 1006/3539/243 1005/3540/243 2377/3541/243 2376/3542/243 

vt -77.9249 -2.13585e-15
vt -77.8049 -2.13585e-15
v -77.8049 13 -61.5532
vt -77.8049 13
vt -77.9249 13
f 1005/3543/185 1004/3544/185 2378/3545/185 2377/3546/185 

vt -94.3332 -2.18878e-15
vn -0.832783 7.50202e-19 0.5536
vt -94.1032 -2.18878e-15
v -77.6776 13 -61.3616
vt -94.1032 13
vt -94.3332 13
f 1004/3547/244 1003/3548/244 2379/3549/244 2378/3550/244 

vt -86.3871 -2.13815e-15
vn -0.157799 5.70657e-19 0.987471
vt -85.9771 -2.13815e-15
v -77.2727 13 -61.2969
vt -85.9771 13
vt -86.3871 13
f 1003/3551/245 1002/3552/245 2380/3553/245 2379/3554/245 

vt -92.432 -2.19141e-15
vn -0.855795 7.45888e-19 0.517315
vt -92.142 -2.19141e-15
v -77.1227 13 -61.0488
vt -92.142 13
vt -92.432 13
f 1002/3555/246 1001/3556/246 2381/3557/246 2380/3558/246 

vt -77.1227 -2.13609e-15
vt -77.0227 -2.13609e-15
v -77.0227 13 -61.0488
vt -77.0227 13
vt -77.1227 13
f 1001/3559/185 1000/3560/185 2382/3561/185 2381/3562/185 

vt -61.0488 -2.21026e-15
vt -60.6288 -2.21026e-15
v -77.0227 13 -60.6288
vt -60.6288 13
vt -61.0488 13
f 1000/3563/169 999/3564/169 2383/3565/169 2382/3566/169 

vt -96.7652 -2.1547e-15
vn -0.485161 7.05013e-19 0.874425
vt -96.1452 -2.1547e-15
v -76.4805 13 -60.328
vt -96.1452 13
vt -96.7652 13
f 999/3567/247 998/3568/247 2384/3569/247 2383/3570/247 

vt -76.4805 -2.13644e-15
vt -76.2305 -2.13644e-15
v -76.2305 13 -60.328
vt -76.2305 13
vt -76.4805 13
f 998/3571/185 997/3572/185 2385/3573/185 2384/3574/185 

vt -85.0851 -2.19962e-15
vn -0.922436 7.20729e-19 0.386149
vt -84.7851 -1.48576e-15
v -76.1147 13 -60.0512
vt -84.7851 13
vt -85.0851 13
f 997/3575/248 996/3576/248 2386/3577/248 2385/3578/248 

vt -76.1147 -1.42272e-15
vt -75.9847 -1.42272e-15
v -75.9847 13 -60.0512
vt -75.9847 13
vt -76.1147 13
f 996/3579/185 995/3580/185 2387/3581/185 2386/3582/185 

vt -60.0512 -1.4958e-15
vt -59.6512 -1.4958e-15
v -75.9847 13 -59.6512
vt -59.6512 13
vt -60.0512 13
f 995/3583/169 994/3584/169 2388/3585/169 2387/3586/169 

vt -96.238 -1.45815e-15
vn -0.683387 7.49511e-19 0.730056
vt -95.818 -2.16942e-15
v -75.6781 13 -59.3642
vt -95.818 13
vt -96.238 13
f 994/3587/249 993/3588/249 2389/3589/249 2388/3590/249 

vt -85.433 -2.1373e-15
vn -0.186751 5.84935e-19 0.982407
vt -84.963 -2.13991e-15
v -75.2163 13 -59.2764
vt -84.963 13
vt -85.433 13
f 993/3591/250 992/3592/250 2390/3593/250 2389/3594/250 

vt -86.2656 -2.19621e-15
vn -0.89863 7.32485e-19 0.438708
vt -85.9956 -2.1962e-15
v -75.0979 13 -59.0338
vt -85.9956 13
vt -86.2656 13
f 992/3595/251 991/3596/251 2391/3597/251 2390/3598/251 

vt -75.0979 -2.13707e-15
vt -74.9979 -2.13707e-15
v -74.9979 13 -59.0338
vt -74.9979 13
vt -75.0979 13
f 991/3599/185 990/3600/185 2392/3601/185 2391/3602/185 

vt -59.0338 -2.20909e-15
vt -58.6338 -2.20909e-15
v -74.9979 13 -58.6338
vt -58.6338 13
vt -59.0338 13
f 990/3603/169 989/3604/169 2393/3605/169 2392/3606/169 

vt -92.2138 -2.18357e-15
vn -0.792309 7.54246e-19 0.610119
vt -92.0938 -2.18357e-15
v -74.9247 13 -58.5387
vt -92.0938 13
vt -92.2138 13
f 989/3607/252 988/3608/252 2394/3609/252 2393/3610/252 

vt -74.9247 -2.13731e-15
vt -74.8147 -2.13731e-15
v -74.8147 13 -58.5387
vt -74.8147 13
vt -74.9247 13
f 988/3611/185 987/3612/185 2395/3613/185 2394/3614/185 

vt -92.1031 -2.18328e-15
vn -0.790314 7.54346e-19 0.612703
vt -91.8831 -2.18328e-15
v -74.6799 13 -58.3649
vt -91.8831 13
vt -92.1031 13
f 987/3615/253 986/3616/253 2396/3617/253 2395/3618/253 

vt -84.9445 -2.14082e-15
vn -0.202335 5.92443e-19 0.979316
vt -84.4945 -2.14082e-15
v -74.2392 13 -58.2738
vt -84.4945 13
vt -84.9445 13
f 986/3619/254 985/3620/254 2397/3621/254 2396/3622/254 

vt -86.5794 -2.19351e-15
vn -0.879535 7.39472e-19 0.475834
vt -86.3094 -2.19351e-15
v -74.1107 13 -58.0363
vt -86.3094 13
vt -86.5794 13
f 985/3623/255 984/3624/255 2398/3625/255 2397/3626/255 

vt -74.1107 -2.13756e-15
vt -69.0033 -2.13756e-15
v -69.0033 13 -58.0363
vt -69.0033 13
vt -74.1107 13
f 984/3627/185 983/3628/185 2399/3629/185 2398/3630/185 

vt -58.0363 -2.20562e-15
vn -1 5.78084e-19 2.44943e-49
vt -55.0098 -2.20562e-15
v -69.0033 13 -55.0098
vt -58.0363 13
f 983/3631/256 26/3632/256 2400/3032/256 2399/3633/256 

vt -42.9898 -2.20562e-15
v -69.0033 13 -42.9898
f 26/3632/169 28/3634/169 946/3030/169 2401/3031/169 2400/3032/169 

usemtl FrontColor
vt 2716.67 -8.52651e-14
vt 2756.04 -8.52651e-14
vt 2756.04 118.11
vt 2716.67 118.11
f 28/3635/5 27/3636/5 947/3637/5 946/3638/5 

usemtl _4
vt 42.9898 -2.16573e-15
vt 55.0098 -2.16573e-15
f 27/3639/1 25/3640/1 2240/3039/1 2239/3040/1 947/3041/1 

vt 70.0033 -1.42282e-15
vt 74.3833 -1.42282e-15
vt 74.3833 13
vt 70.0033 13
f 25/3641/163 982/3642/163 2241/3643/163 2240/3644/163 

vt 12.3319 -2.58121e-15
vn -0.717583 4.53131e-18 -0.696473
vt 15.9919 -2.58121e-15
vt 15.9919 13
vt 12.3319 13
f 982/3645/257 981/3646/257 2242/3647/257 2241/3648/257 

vt -30.5075 -3.50479e-15
vn -0.965395 1.52284e-17 -0.260791
vt -30.1375 -3.50479e-15
vt -30.1375 13
vt -30.5075 13
f 981/3649/258 980/3650/258 2243/3651/258 2242/3652/258 

vt 77.0289 -1.46311e-15
vt 85.0689 -1.46311e-15
vt 85.0689 13
vt 77.0289 13
f 980/3653/163 979/3654/163 2244/3655/163 2243/3656/163 

vt 52.0263 -3.81799e-15
vn 1 -1.94225e-17 -0
vt 52.3835 -3.81799e-15
vt 52.3835 13
vt 52.0263 13
f 979/3657/259 978/3658/259 2245/3659/259 2244/3660/259 

vt 89.1587 -3.23025e-15
vn 0.852106 -2.36182e-17 -0.523369
vt 89.3787 -2.86332e-15
vt 89.3787 13
vt 89.1587 13
f 978/3661/260 977/3662/260 2246/3663/260 2245/3664/260 

vt 85.184 -1.08882e-15
vt 85.464 -1.08882e-15
vt 85.464 13
vt 85.184 13
f 977/3665/163 976/3666/163 2247/3667/163 2246/3668/163 

vt 87.9703 -2.93583e-15
vn 0.869025 -2.35606e-17 -0.494768
vt 88.4203 -3.30548e-15
vt 88.4203 13
vt 87.9703 13
f 976/3669/261 975/3670/261 2248/3671/261 2247/3672/261 

vt 85.6867 -1.45319e-15
vt 85.9867 -1.45319e-15
vt 85.9867 13
vt 85.6867 13
f 975/3673/163 974/3674/163 2249/3675/163 2248/3676/163 

vt 52.962 -3.83853e-15
vt 54.342 -3.83853e-15
vt 54.342 13
vt 52.962 13
f 974/3677/259 973/3678/259 2250/3679/259 2249/3680/259 

vt 97.2469 -2.87044e-15
vn 0.758646 -2.35334e-17 -0.651503
vt 97.5469 -2.86772e-15
vt 97.5469 13
vt 97.2469 13
f 973/3681/262 972/3682/262 2199/3683/262 2250/3684/262 

vt -74.1033 3
vn 0 4.20264e-16 1
vt -70.0033 3
vt -70.0033 13
vt -74.1033 13
f 948/3685/263 947/3686/263 2239/3687/263 2238/3688/263 

vt -78.8956 3
vn -0.804736 2.6519e-16 0.593633
vt -78.5856 3
vt -78.5856 13
vt -78.8956 13
f 949/3689/264 948/3690/264 2238/3691/264 2237/3692/264 

vt -82.32 3
vn -0.216623 4.14513e-16 0.976255
vt -81.89 3
vt -81.89 13
vt -82.32 13
f 950/3693/265 949/3694/265 2237/3695/265 2236/3696/265 

vt -85.9835 3
vn -0.611908 3.44343e-16 0.790929
vt -85.6035 3
vt -85.6035 13
vt -85.9835 13
f 951/3697/266 950/3698/266 2236/3699/266 2235/3700/266 

vt -44.005 3
vn -1 1.95189e-17 -0
vt -43.565 3
vt -43.565 13
vt -44.005 13
f 952/3701/267 951/3702/267 2235/3703/267 2234/3704/267 

vt -75.1377 3
vt -75.0077 3
vt -75.0077 13
vt -75.1377 13
f 953/3705/263 952/3706/263 2234/3707/263 2233/3708/263 

vt -76.191 3
vn -0.863534 2.2879e-16 0.50429
vt -75.891 3
vt -75.891 13
vt -76.191 13
f 613/3709/268 953/3710/268 2233/3711/268 2232/3712/268 

vt -83.1147 3
vn -0.202286 4.15524e-16 0.979327
vt -82.6865 3
vt -82.6865 13
vt -83.1147 13
f 614/3713/269 613/3714/269 2232/3715/269 2231/3716/269 

vt -88.0293 3
vn -0.542543 3.63623e-16 0.840028
vt -87.6593 3
vt -87.6593 13
vt -88.0293 13
f 615/3717/270 614/3718/270 2231/3719/270 2230/3720/270 

vt -45.0014 3
vt -44.5514 3
vt -44.5514 13
vt -45.0014 13
f 616/3721/267 615/3722/267 2230/3723/267 2229/3724/267 

vt -76.1591 3
vt -76.0191 3
vt -76.0191 13
vt -76.1591 13
f 617/3725/263 616/3726/263 2229/3727/263 2228/3728/263 

vt -71.9593 3
vn -0.917045 1.85494e-16 0.398783
vt -71.6393 3
vt -71.6393 13
vt -71.9593 13
f 618/3729/271 617/3730/271 2228/3731/271 2227/3732/271 

vt -80.6314 3
vn -0.0941236 4.20235e-16 0.995561
vt -80.2114 3
vt -80.2114 13
vt -80.6314 13
f 619/3733/272 618/3734/272 2227/3735/272 2226/3736/272 

vt -88.9344 3
vn -0.601639 3.47437e-16 0.798768
vt -88.5444 3
vt -88.5444 13
vt -88.9344 13
f 620/3737/273 619/3738/273 2226/3739/273 2225/3740/273 

vt -45.989 3
vt -45.569 3
vt -45.569 13
vt -45.989 13
f 621/3741/267 620/3742/267 2225/3743/267 2224/3744/267 

vt -87.9964 3
vt -77.0164 3
vt -77.0164 13
vt -87.9964 13
f 622/3745/263 621/3746/263 2224/3747/263 2223/3748/263 

vt 45.799 3
vn 1 -1.95189e-17 -0
vt 45.989 3
vt 45.989 13
vt 45.799 13
f 623/3749/274 622/3750/274 2223/3751/274 2222/3752/274 

vt -11.5805 3
vn 0.828227 2.19346e-16 0.560392
vt -11.3805 3
vt -11.3805 13
vt -11.5805 13
f 624/3753/275 623/3754/275 2222/3755/275 2221/3756/275 

vt -59.1765 3
vn 0.442653 3.68207e-16 0.896693
vt -58.8065 3
vt -58.8065 13
vt -59.1765 13
f 625/3757/276 624/3758/276 2221/3759/276 2220/3760/276 

vt 45.2496 3
vt 45.4696 3
vt 45.4696 13
vt 45.2496 13
f 626/3761/274 625/3762/274 2220/3763/274 2219/3764/274 

vt -26.3771 3
vn 0.738551 2.68925e-16 0.674198
vt -26.2071 3
vt -26.2071 13
vt -26.3771 13
f 627/3765/277 626/3766/277 2219/3767/277 2218/3768/277 

vt -88.8549 3
vt -88.5549 3
vt -88.5549 13
vt -88.8549 13
f 628/3769/263 627/3770/263 2218/3771/263 2217/3772/263 

vt -29.1081 3
vn 0.722075 2.76651e-16 0.691814
vt -28.8881 3
vt -28.8881 13
vt -29.1081 13
f 629/3773/278 628/3774/278 2217/3775/278 2216/3776/278 

vt 44.7452 3
vt 44.9652 3
vt 44.9652 13
vt 44.7452 13
f 630/3777/274 629/3778/274 2216/3779/274 2215/3780/274 

vt -53.5151 3
vn 0.517613 3.49481e-16 0.855615
vt -52.9951 3
vt -52.9951 13
vt -53.5151 13
f 631/3781/279 630/3782/279 2215/3783/279 2214/3784/279 

vt 44.296 3
vt 44.476 3
vt 44.476 13
vt 44.296 13
f 632/3785/274 631/3786/274 2214/3787/274 2213/3788/274 

vt -17.5621 3
vn 0.805297 2.33444e-16 0.592872
vt -17.3621 3
vt -17.3621 13
vt -17.5621 13
f 633/3789/280 632/3790/280 2213/3791/280 2212/3792/280 

vt -89.8506 3
vt -89.5706 3
vt -89.5706 13
vt -89.8506 13
f 634/3793/263 633/3794/263 2212/3795/263 2211/3796/263 

vt -39.0009 3
vn 0.656673 3.04135e-16 0.754176
vt -38.7809 3
vt -38.7809 13
vt -39.0009 13
f 635/3797/281 634/3798/281 2211/3799/281 2210/3800/281 

vt 43.6871 3
vt 43.9905 3
vt 43.9905 13
vt 43.6871 13
f 636/3801/274 635/3802/274 2210/3803/274 2209/3804/274 

vt -61.8345 3
vn 0.442931 3.68145e-16 0.896556
vt -61.3545 3
vt -61.3545 13
vt -61.8345 13
f 637/3805/282 636/3806/282 2209/3807/282 2208/3808/282 

vt 43.2545 3
vt 43.4745 3
vt 43.4745 13
vt 43.2545 13
f 638/3809/274 637/3810/274 2208/3811/274 2207/3812/274 

vt -24.1559 3
vn 0.772859 2.51605e-16 0.634578
vt -23.9659 3
vt -23.9659 13
vt -24.1559 13
f 639/3813/283 638/3814/283 2207/3815/283 2206/3816/283 

vt -90.8574 3
vt -90.5674 3
vt -90.5674 13
vt -90.8574 13
f 640/3817/263 639/3818/263 2206/3819/263 2205/3820/263 

vt -52.2577 3
vn 0.551239 3.39886e-16 0.834347
vt -52.044 3
vt -52.044 13
vt -52.2577 13
f 641/3821/284 640/3822/284 2205/3823/284 2204/3824/284 

vt -92.0285 3
vt -91.0357 3
vt -91.0357 13
vt -92.0285 13
f 642/3825/263 641/3826/263 2204/3827/263 2203/3828/263 

vt -69.0033 3
vt -68.0319 3
v -68.0319 13 -42.9898
vt -68.0319 13
f 2401/3629/185 946/3829/185 945/3830/185 2402/3831/185 

vt -54.3993 13
vn 0.261883 3.17183e-19 0.9651
vt -54.3993 3
vt -53.9311 3
v -67.5801 13 -43.1124
vt -53.9311 13
f 2402/3832/285 945/3833/285 944/3834/285 2403/3835/285 

vt -9.68232 13
vn 0.771923 -1.37584e-19 0.635716
vt -9.68232 3
vt -9.49232 3
v -67.4593 13 -43.2591
vt -9.49232 13
f 2403/3836/286 944/3837/286 943/3838/286 2404/3839/286 

vt 43.2591 13
vt 43.2591 3
vt 43.4925 3
v -67.4593 13 -43.4925
vt 43.4925 13
f 2404/3840/164 943/3841/164 942/3842/164 2405/3843/164 

vt -38.6361 13
vn 0.475853 1.51942e-19 0.879525
vt -38.6361 3
vt -38.1061 3
v -66.9932 13 -43.7447
vt -38.1061 13
f 2405/3844/287 942/3845/287 941/3846/287 2406/3847/287 

vt 43.7447 13
vt 43.7447 3
vt 43.9901 3
v -66.9932 13 -43.9901
vt 43.9901 13
f 2406/3848/164 941/3849/164 940/3850/164 2407/3851/164 

vt -23.5358 13
vn 0.637856 5.19005e-21 0.770155
vt -23.5358 3
vt -23.3358 3
v -66.8392 13 -44.1177
vt -23.3358 13
f 2407/3852/288 940/3853/288 939/3854/288 2408/3855/288 

vt -66.8392 13
vt -66.8392 3
vt -66.5692 3
v -66.5692 13 -44.1177
vt -66.5692 13
f 2408/3856/185 939/3857/185 938/3858/185 2409/3859/185 

vt -23.0945 13
vn 0.638192 4.86095e-21 0.769877
vt -23.0945 3
vt -22.9045 3
v -66.4229 13 -44.2389
vt -22.9045 13
f 2409/3860/289 938/3861/289 937/3862/289 2410/3863/289 

vt 44.2389 13
vt 44.2389 3
vt 44.4798 3
v -66.4229 13 -44.4798
vt 44.4798 13
f 2410/3864/164 937/3865/164 936/3866/164 2411/3867/164 

vt -34.403 13
vn 0.510566 1.22317e-19 0.859838
vt -34.403 3
vt -34.003 3
v -66.0789 13 -44.6841
vt -34.003 13
f 2411/3868/290 936/3869/290 935/3870/290 2412/3871/290 

vt 44.6841 13
vt 44.6841 3
vt 45.0241 3
v -66.0789 13 -45.0241
vt 45.0241 13
f 2412/3872/164 935/3873/164 934/3874/164 2413/3875/164 

vt -57.9653 13
vn 0.16105 3.8608e-19 0.986946
vt -57.9653 3
vt -57.4853 3
v -65.6052 13 -45.1014
vt -57.4853 13
f 2413/3876/291 934/3877/291 933/3878/291 2414/3879/291 

vt -22.299 13
vn 0.632394 1.0528e-20 0.774647
vt -22.299 3
vt -22.069 3
v -65.427 13 -45.2468
vt -22.069 13
f 2414/3880/292 933/3881/292 932/3882/292 2415/3883/292 

vt 45.2468 13
vt 45.2468 3
vt 45.489 3
v -65.427 13 -45.489
vt 45.489 13
f 2415/3884/164 932/3885/164 931/3886/164 2416/3887/164 

vt -34.7379 13
vn 0.490082 1.39906e-19 0.871676
vt -34.7379 3
vt -34.3379 3
v -65.0784 13 -45.685
vt -34.3379 13
f 2416/3888/293 931/3889/293 930/3890/293 2417/3891/293 

vt 27.1095 13
vn 0.965316 -4.31273e-19 0.261084
vt 27.1095 3
vt 27.4295 3
v -64.9948 13 -45.9939
vt 27.4295 13
f 2417/3892/294 930/3893/294 929/3894/294 2418/3895/294 

vt -64.9948 13
vt -64.9948 3
vt -63.0848 3
v -63.0848 13 -45.9939
vt -63.0848 13
f 2418/3896/185 929/3897/185 928/3898/185 2419/3899/185 

vt -32.947 13
vn 0.483944 1.45116e-19 0.875099
vt -32.947 3
vt -32.667 3
v -62.8398 13 -46.1294
vt -32.667 13
f 2419/3900/295 928/3901/295 927/3902/295 2420/3903/295 

vt -62.8398 13
vt -62.8398 3
vt -62.5798 3
v -62.5798 13 -46.1294
vt -62.5798 13
f 2420/3904/185 927/3905/185 926/3906/185 2421/3907/185 

vt -10.7812 13
vn 0.714885 -7.37688e-20 0.699242
vt -10.7812 3
vt -10.6112 3
v -62.4609 13 -46.251
vt -10.6112 13
f 2421/3908/296 926/3909/296 925/3910/296 2422/3911/296 

vt 46.251 13
vt 46.251 3
vt 46.4659 3
v -62.4609 13 -46.4659
vt 46.4659 13
f 2422/3912/164 925/3913/164 924/3914/164 2423/3915/164 

vt -25.285 13
vn 0.564975 7.40025e-20 0.825108
vt -25.285 3
vt -24.725 3
v -61.9989 13 -46.7823
vt -24.725 13
f 2423/3916/297 924/3917/297 923/3918/297 2424/3919/297 

vt -46.7823 13
vt -46.7823 3
vt -46.5723 3
v -61.9989 13 -46.5723
vt -46.5723 13
f 2424/3920/169 923/3921/169 922/3922/169 2425/3923/169 

vt -77.4038 13
vn -0.647324 7.44278e-19 0.762215
vt -77.4038 3
vt -77.0238 3
v -61.7092 13 -46.3263
vt -77.0238 13
f 2425/3924/298 922/3925/298 921/3926/298 2426/3927/298 

vt -68.873 13
vn -0.175253 5.79315e-19 0.984523
vt -68.873 3
vt -68.443 3
v -61.2859 13 -46.251
vt -68.443 13
f 2426/3928/299 921/3929/299 920/3930/299 2427/3931/299 

vt -74.4662 13
vn -0.778699 7.54767e-19 0.627397
vt -74.4662 3
vt -74.1562 3
v -61.0914 13 -46.0096
vt -74.1562 13
f 2427/3932/300 920/3933/300 919/3934/300 2428/3935/300 

vt -61.0914 13
vt -61.0914 3
vt -50.0414 3
v -50.0414 13 -46.0096
vt -50.0414 13
f 2428/3936/185 919/3937/185 918/3938/185 2429/3939/185 

vt -46.0096 13
vt -46.0096 3
vt -45.5596 3
v -50.0414 13 -45.5596
vt -45.5596 13
f 2429/3940/169 918/3941/169 917/3942/169 2430/3943/169 

vt -49.86 3
v -49.86 13 -45.5596
vt -49.86 13
f 2430/3939/185 917/3938/185 916/3944/185 2431/3945/185 

vt -66.8245 13
vn -0.774599 7.54851e-19 0.632452
vt -66.8245 3
vt -66.5745 3
v -49.7018 13 -45.3659
vt -66.5745 13
f 2431/3946/301 916/3947/301 915/3948/301 2432/3949/301 

vt -58.0458 13
vn -0.207852 5.95071e-19 0.97816
vt -58.0458 3
vt -57.6158 3
v -49.2812 13 -45.2766
vt -57.6158 13
f 2432/3950/302 915/3951/302 914/3952/302 2433/3953/302 

vt -63.5285 13
vn -0.873774 7.41238e-19 0.486332
vt -63.5285 3
vt -63.2085 3
v -49.1256 13 -44.9969
vt -63.2085 13
f 2433/3954/303 914/3955/303 913/3956/303 2434/3957/303 

vt -49.1256 13
vt -49.1256 3
vt -49.0156 3
v -49.0156 13 -44.9969
vt -49.0156 13
f 2434/3958/185 913/3959/185 912/3960/185 2435/3961/185 

vt -44.9969 13
vt -44.9969 3
vt -43.5569 3
v -49.0156 13 -43.5569
vt -43.5569 13
f 2435/3962/169 912/3963/169 911/3964/169 2436/3965/169 

vt -64.7908 13
vn -0.541268 7.21147e-19 0.84085
vt -64.7908 3
vt -64.4008 3
v -48.6877 13 -43.3459
vt -64.4008 13
f 2436/3966/304 911/3967/304 910/3968/304 2437/3969/304 

vt -56.1983 13
vn -0.194786 5.88821e-19 0.980846
vt -56.1983 3
vt -55.7883 3
v -48.2855 13 -43.266
vt -55.7883 13
f 2437/3970/305 910/3971/305 909/3972/305 2438/3973/305 

vt -62.1675 13
vn -0.851279 7.46869e-19 0.524714
vt -62.1675 3
vt -61.8467 3
v -48.1172 13 -42.9929
vt -61.8467 13
f 2438/3974/306 909/3975/306 908/3976/306 2439/3977/306 

vt -48.1172 13
vt -48.1172 3
vt -47.0072 3
v -47.0072 13 -42.9929
vt -47.0072 13
f 2439/3978/185 908/3979/185 907/3980/185 2440/3981/185 

vt -42.9929 13
vt -42.9929 3
vt -42.5729 3
v -47.0072 13 -42.5729
vt -42.5729 13
f 2440/3982/169 907/3983/169 906/3984/169 2441/3985/169 

vt -62.9767 13
vn -0.579075 7.30585e-19 0.815274
vt -62.9767 3
vt -62.5667 3
v -46.6729 13 -42.3355
vt -62.5667 13
f 2441/3986/307 906/3987/307 905/3988/307 2442/3989/307 

vt -56.482 13
vn -0.273838 6.25261e-19 0.961776
vt -56.482 3
vt -56.092 3
v -46.2978 13 -42.2287
vt -56.092 13
f 2442/3990/308 905/3991/308 904/3992/308 2443/3993/308 

vt -62.5158 13
vn -0.723057 7.53379e-19 0.690788
vt -62.5158 3
vt -62.1658 3
v -46.0561 13 -41.9756
vt -62.1658 13
f 2443/3994/309 904/3995/309 903/3996/309 2444/3997/309 

vt -15.3525 13
vn 0.55035 8.72277e-20 0.834934
vt -15.3525 3
vt -15.1125 3
v -45.8557 13 -42.1077
vt -15.1125 13
f 2444/3998/310 903/3999/310 902/4000/310 2445/4001/310 

vt -45.8557 13
vt -45.8557 3
vt -45.5657 3
v -45.5657 13 -42.1077
vt -45.5657 13
f 2445/4002/185 902/4003/185 901/4004/185 2446/4005/185 

vt 7.45661 13
vn 0.81067 -1.84363e-19 0.585503
vt 7.45661 3
vt 7.66661 3
v -45.4427 13 -42.2779
vt 7.66661 13
f 2446/4006/311 901/4007/311 900/4008/311 2447/4009/311 

vt 42.2779 13
vt 42.2779 3
vt 42.4879 3
v -45.4427 13 -42.4879
vt 42.4879 13
f 2447/4010/164 900/4011/164 899/4012/164 2448/4013/164 

vt -21.1662 13
vn 0.454515 1.69723e-19 0.890739
vt -21.1662 3
vt -20.7662 3
v -45.0864 13 -42.6697
vt -20.7662 13
f 2448/4014/312 899/4015/312 898/4016/312 2449/4017/312 

vt 8.75735 13
vn 0.816011 -1.91075e-19 0.578037
vt 8.75735 3
vt 8.93735 3
v -44.9824 13 -42.8166
vt 8.93735 13
f 2449/4018/313 898/4019/313 897/4020/313 2450/4021/313 

vt 42.8166 13
vt 42.8166 3
vt 42.9966 3
v -44.9824 13 -42.9966
vt 42.9966 13
f 2450/4022/164 897/4023/164 896/4024/164 2451/4025/164 

vt -44.9824 13
vt -44.9824 3
vt -43.0124 3
v -43.0124 13 -42.9966
vt -43.0124 13
f 2451/4026/185 896/4027/185 895/4028/185 2452/4029/185 

vt -42.9966 13
vt -42.9966 3
vt -42.5766 3
v -43.0124 13 -42.5766
vt -42.5766 13
f 2452/4030/169 895/4031/169 894/4032/169 2453/4033/169 

vt -59.2976 13
vn -0.54708 7.22676e-19 0.837081
vt -59.2976 3
vt -58.8676 3
v -42.6524 13 -42.3414
vt -58.8676 13
f 2453/4034/314 894/4035/314 893/4036/314 2454/4037/314 

vt -53.4851 13
vn -0.303289 6.37977e-19 0.952899
vt -53.4851 3
vt -53.1051 3
v -42.2903 13 -42.2261
vt -53.1051 13
f 2454/4038/315 893/4039/315 892/4040/315 2455/4041/315 

vt -59.7585 13
vn -0.698669 7.51251e-19 0.715446
vt -59.7585 3
vt -59.4085 3
v -42.0399 13 -41.9816
vt -59.4085 13
f 2455/4042/316 892/4043/316 891/4044/316 2456/4045/316 

vt -6.18591 13
vn 0.63018 1.26833e-20 0.776449
vt -6.18591 3
vt -5.94591 3
v -41.8536 13 -42.1328
vt -5.94591 13
f 2456/4046/317 891/4047/317 890/4048/317 2457/4049/317 

vt -41.8536 13
vt -41.8536 3
vt -41.5924 3
v -41.5924 13 -42.1328
vt -41.5924 13
f 2457/4050/185 890/4051/185 889/4052/185 2458/4053/185 

vt -4.1893 13
vn 0.65041 -7.19986e-21 0.759583
vt -4.1893 3
vt -3.9793 3
v -41.4329 13 -42.2694
vt -3.9793 13
f 2458/4054/318 889/4055/318 888/4056/318 2459/4057/318 

vt 42.2694 13
vt 42.2694 3
vt 42.4794 3
v -41.4329 13 -42.4794
vt 42.4794 13
f 2459/4058/164 888/4059/164 887/4060/164 2460/4061/164 

vt -14.6538 13
vn 0.499826 1.31579e-19 0.866126
vt -14.6538 3
vt -14.1638 3
v -41.0085 13 -42.7243
vt -14.1638 13
f 2460/4062/319 887/4063/319 886/4064/319 2461/4065/319 

vt 42.7243 13
vt 42.7243 3
vt 42.9643 3
v -41.0085 13 -42.9643
vt 42.9643 13
f 2461/4066/164 886/4067/164 885/4068/164 2462/4069/164 

vt -5.37978 13
vn 0.62209 2.05146e-20 0.782946
vt -5.37978 3
v -40.8206 3 -43.1136
vt -5.13978 3
v -40.8206 13 -43.1136
vt -5.13978 13
f 2462/4070/320 885/4071/320 2463/4072/320 2464/4073/320 

vt -40.8206 13
vt -40.8206 3
v -40.5706 3 -43.1136
vt -40.5706 3
v -40.5706 13 -43.1136
vt -40.5706 13
f 2464/4074/185 2463/4075/185 2465/4076/185 2466/4077/185 

vt 6.58712 13
vn 0.762078 -1.2618e-19 0.647485
vt 6.58712 3
vt 6.78712 3
v -40.4411 13 -43.2661
vt 6.78712 13
f 2466/4078/321 2465/4079/321 882/4080/321 2467/4081/321 

vt 43.2661 13
vt 43.2661 3
vt 43.4761 3
v -40.4411 13 -43.4761
vt 43.4761 13
f 2467/4082/164 882/4083/164 881/4084/164 2468/4085/164 

vt -12.6197 13
vn 0.50991 1.22885e-19 0.860228
vt -12.6197 3
vt -12.0797 3
v -39.9766 13 -43.7514
vt -12.0797 13
f 2468/4086/322 881/4087/322 880/4088/322 2469/4089/322 

vt 43.7514 13
vt 43.7514 3
vt 46.0414 3
v -39.9766 13 -46.0414
vt 46.0414 13
f 2469/4090/164 880/4091/164 879/4092/164 2470/4093/164 

vt -28.6445 13
vn 0.224054 3.43653e-19 0.974577
vt -28.6445 3
vt -28.2645 3
v -39.6062 13 -46.1265
vt -28.2645 13
f 2470/4094/323 879/4095/323 878/4096/323 2471/4097/323 

vt 4.16072 13
vn 0.701842 -5.9873e-20 0.712333
vt 4.16072 3
vt 4.37072 3
v -39.4566 13 -46.2739
vt 4.37072 13
f 2471/4098/324 878/4099/324 877/4100/324 2472/4101/324 

vt 46.2739 13
vt 46.2739 3
vt 46.4839 3
v -39.4566 13 -46.4839
vt 46.4839 13
f 2472/4102/164 877/4103/164 876/4104/164 2473/4105/164 

vt -5.97423 13
vn 0.569313 7.00441e-20 0.822121
vt -5.97423 3
vt -5.44423 3
v -39.0209 13 -46.7857
vt -5.44423 13
f 2473/4106/325 876/4107/325 875/4108/325 2474/4109/325 

vt -46.7857 13
vt -46.7857 3
vt -46.5757 3
v -39.0209 13 -46.5757
vt -46.5757 13
f 2474/4110/169 875/4111/169 874/4112/169 2475/4113/169 

vt -60.7448 13
vn -0.751379 7.5474e-19 0.65987
vt -60.7448 3
vt -60.6248 3
v -38.9417 13 -46.4855
vt -60.6248 13
f 2475/4114/326 874/4115/326 873/4116/326 2476/4117/326 

vt -38.9417 13
vt -38.9417 3
vt -38.8417 3
v -38.8417 13 -46.4855
vt -38.8417 13
f 2476/4118/185 873/4119/185 872/4120/185 2477/4121/185 

vt -58.3377 13
vn -0.56628 7.27528e-19 0.824213
vt -58.3377 3
v -38.4956 3 -46.2477
vt -57.9177 3
v -38.4956 13 -46.2477
vt -57.9177 13
f 2477/4122/327 872/4123/327 2478/4124/327 2479/4125/327 

vt -38.4956 13
vt -38.4956 3
vt -38.2756 3
v -38.2756 13 -46.2477
vt -38.2756 13
f 2479/4126/185 2478/4127/185 870/4128/185 2480/4129/185 

vt -58.8743 13
vn -0.880145 7.39276e-19 0.474705
vt -58.8743 3
vt -58.5843 3
v -38.1379 13 -45.9924
vt -58.5843 13
f 2480/4130/328 870/4131/328 869/4132/328 2481/4133/328 

vt -38.1379 13
vt -38.1379 3
vt -38.0079 3
v -38.0079 13 -45.9924
vt -38.0079 13
f 2481/4134/185 869/4135/185 868/4136/185 2482/4137/185 

vt -45.9924 13
vt -45.9924 3
vt -45.5724 3
v -38.0079 13 -45.5724
vt -45.5724 13
f 2482/4138/169 868/4139/169 867/4140/169 2483/4141/169 

vt -57.8966 13
vn -0.608773 7.37106e-19 0.793344
vt -57.8966 3
vt -57.5066 3
v -37.6985 13 -45.335
vt -57.5066 13
f 2483/4142/329 867/4143/329 866/4144/329 2484/4145/329 

vt -46.0869 13
vn -0.20221 5.92383e-19 0.979342
vt -46.0869 3
v -37.2774 3 -45.2481
vt -45.6569 3
v -37.2774 13 -45.2481
vt -45.6569 13
f 2484/4146/330 866/4147/330 2485/4148/330 2486/4149/330 

vt -57.8574 13
vn -0.864307 7.43841e-19 0.502964
vt -57.8574 3
vt -57.5574 3
v -37.1265 13 -44.9888
vt -57.5574 13
f 2486/4150/331 2485/4151/331 864/4152/331 2487/4153/331 

vt -37.1265 13
vt -37.1265 3
v -37.0565 3 -44.9888
vt -37.0565 3
v -37.0565 13 -44.9888
vt -37.0565 13
f 2487/4154/185 864/4155/185 2488/4156/185 2489/4157/185 

vt -8.54637 13
vn 0.515727 1.17836e-19 0.856753
vt -8.54637 3
vt -8.29637 3
v -36.8423 13 -45.1177
vt -8.29637 13
f 2489/4158/332 2488/4159/332 862/4160/332 2490/4161/332 

vt -36.8423 13
vt -36.8423 3
vt -36.5923 3
v -36.5923 13 -45.1177
vt -36.5923 13
f 2490/4162/185 862/4163/185 861/4164/185 2491/4165/185 

vt 7.148 13
vn 0.72069 -8.00305e-20 0.693257
vt 7.148 3
vt 7.368 3
v -36.4398 13 -45.2762
vt 7.368 13
f 2491/4166/333 861/4167/333 860/4168/333 2492/4169/333 

vt 45.2762 13
vt 45.2762 3
vt 45.4762 3
v -36.4398 13 -45.4762
vt 45.4762 13
f 2492/4170/164 860/4171/164 859/4172/164 2493/4173/164 

vt -9.83356 13
vn 0.484659 1.44511e-19 0.874703
vt -9.83356 3
v -36.0549 3 -45.6895
vt -9.39356 3
v -36.0549 13 -45.6895
vt -9.39356 13
f 2493/4174/334 859/4175/334 2494/4176/334 2495/4177/334 

vt 37.8071 13
vn 0.980915 -4.72649e-19 0.194436
vt 37.8071 3
vt 38.1171 3
v -35.9946 13 -45.9936
vt 38.1171 13
f 2495/4178/335 2494/4179/335 857/4180/335 2496/4181/335 

vt -35.9946 13
vt -35.9946 3
vt -34.0146 3
v -34.0146 13 -45.9936
vt -34.0146 13
f 2496/4182/185 857/4183/185 856/4184/185 2497/4185/185 

vt -45.9936 13
vt -45.9936 3
vt -45.5636 3
v -34.0146 13 -45.5636
vt -45.5636 13
f 2497/4186/169 856/4187/169 855/4188/169 2498/4189/169 

vt -54.0551 13
vn -0.57624 7.2992e-19 0.81728
vt -54.0551 3
vt -53.6451 3
v -33.6796 13 -45.3273
vt -53.6451 13
f 2498/4190/336 855/4191/336 854/4192/336 2499/4193/336 

vt -42.6852 13
vn -0.216264 5.99048e-19 0.976335
vt -42.6852 3
vt -42.2752 3
v -33.2793 13 -45.2387
vt -42.2752 13
f 2499/4194/337 854/4195/337 853/4196/337 2500/4197/337 

vt -55.985 13
vn -0.756137 7.54841e-19 0.654414
vt -55.985 3
v -33.0633 3 -44.9891
vt -55.655 3
v -33.0633 13 -44.9891
vt -55.655 13
f 2500/4198/338 853/4199/338 2501/4200/338 2502/4201/338 

vt -4.00443 13
vn 0.532874 1.02797e-19 0.846194
vt -4.00443 3
vt -3.73443 3
v -32.8348 13 -45.133
vt -3.73443 13
f 2502/4202/339 2501/4203/339 851/4204/339 2503/4205/339 

vt -32.8348 13
vt -32.8348 3
vt -32.6048 3
v -32.6048 13 -45.133
vt -32.6048 13
f 2503/4206/185 851/4207/185 850/4208/185 2504/4209/185 

vt 2.9878 13
vn 0.628249 1.45585e-20 0.778012
vt 2.9878 3
v -32.4415 3 -45.2649
vt 3.1978 3
v -32.4415 13 -45.2649
vt 3.1978 13
f 2504/4210/340 850/4211/340 2505/4212/340 2506/4213/340 

vt 45.2649 13
vt 45.2649 3
v -32.4415 3 -45.4649
vt 45.4649 3
v -32.4415 13 -45.4649
vt 45.4649 13
f 2506/4214/164 2505/4215/164 2507/4216/164 2508/4217/164 

vt -6.00641 13
vn 0.489933 1.40033e-19 0.87176
vt -6.00641 3
vt -5.49641 3
v -31.9969 13 -45.7148
vt -5.49641 13
f 2508/4218/341 2507/4219/341 847/4220/341 2509/4221/341 

vt -45.7148 13
vt -45.7148 3
vt -45.5248 3
v -31.9969 13 -45.5248
vt -45.5248 13
f 2509/4222/169 847/4223/169 846/4224/169 2510/4225/169 

vt -31.9969 13
vt -31.9969 3
vt -31.9165 3
v -31.9165 13 -45.5248
vt -31.9165 13
f 2510/4226/185 846/4227/185 845/4228/185 2511/4229/185 

vt -53.6579 13
vn -0.639904 7.43018e-19 0.768455
vt -53.6579 3
vt -53.3379 3
v -31.6706 13 -45.32
vt -53.3379 13
f 2511/4230/342 845/4231/342 844/4232/342 2512/4233/342 

vt -31.6706 13
vt -31.6706 3
vt -31.5006 3
v -31.5006 13 -45.32
vt -31.5006 13
f 2512/4234/185 844/4235/185 843/4236/185 2513/4237/185 

vt -47.437 13
vn -0.41401 6.81287e-19 0.910273
vt -47.437 3
vt -47.107 3
v -31.2002 13 -45.1834
vt -47.107 13
f 2513/4238/343 843/4239/343 842/4240/343 2514/4241/343 

vt -45.1834 13
vt -45.1834 3
vt -45.0534 3
v -31.2002 13 -45.0534
vt -45.0534 13
f 2514/4242/169 842/4243/169 841/4244/169 2515/4245/169 

vt -50.845 13
vn -0.550339 7.23522e-19 0.834942
vt -50.845 3
v -31.0749 3 -44.9709
vt -50.695 3
v -31.0749 13 -44.9709
vt -50.695 13
f 2515/4246/344 841/4247/344 2516/4248/344 2517/4249/344 

vt -1.4194 13
vn 0.546929 9.02947e-20 0.837179
vt -1.4194 3
v -30.8405 3 -45.124
vt -1.1394 3
v -30.8405 13 -45.124
vt -1.1394 13
f 2517/4250/345 2516/4251/345 2518/4252/345 2519/4253/345 

vt -30.8405 13
vt -30.8405 3
vt -30.5905 3
v -30.5905 13 -45.124
vt -30.5905 13
f 2519/4254/185 2518/4255/185 838/4256/185 2520/4257/185 

vt 11.5596 13
vn 0.723886 -8.34981e-20 0.68992
vt 11.5596 3
vt 11.7696 3
v -30.4456 13 -45.276
vt 11.7696 13
f 2520/4258/346 838/4259/346 837/4260/346 2521/4261/346 

vt 45.276 13
vt 45.276 3
vt 45.4822 3
v -30.4456 13 -45.4822
vt 45.4822 13
f 2521/4262/164 837/4263/164 836/4264/164 2522/4265/164 

vt -5.74218 13
vn 0.466016 1.60179e-19 0.884776
vt -5.74218 3
vt -5.26218 3
v -30.0209 13 -45.7059
vt -5.26218 13
f 2522/4266/347 836/4267/347 835/4268/347 2523/4269/347 

vt 45.7059 13
vt 45.7059 3
vt 45.9759 3
v -30.0209 13 -45.9759
vt 45.9759 13
f 2523/4270/164 835/4271/164 834/4272/164 2524/4273/164 

vt 1.60296 13
vn 0.570947 6.85492e-20 0.820987
vt 1.60296 3
vt 1.84296 3
v -29.8239 13 -46.1129
vt 1.84296 13
f 2524/4274/348 834/4275/348 833/4276/348 2525/4277/348 

vt -29.8239 13
vt -29.8239 3
vt -29.5939 3
v -29.5939 13 -46.1129
vt -29.5939 13
f 2525/4278/185 833/4279/185 832/4280/185 2526/4281/185 

vt 8.65133 13
vn 0.666217 -2.30506e-20 0.745758
vt 8.65133 3
vt 8.84133 3
v -29.4522 13 -46.2395
vt 8.84133 13
f 2526/4282/349 832/4283/349 831/4284/349 2527/4285/349 

vt 46.2395 13
vt 46.2395 3
vt 46.4717 3
v -29.4522 13 -46.4717
vt 46.4717 13
f 2527/4286/164 831/4287/164 830/4288/164 2528/4289/164 

vt -0.358363 13
vn 0.5298 1.0551e-19 0.848122
vt -0.358363 3
vt 0.161637 3
v -29.0112 13 -46.7472
vt 0.161637 13
f 2528/4290/350 830/4291/350 829/4292/350 2529/4293/350 

vt -46.7472 13
vt -46.7472 3
vt -46.5872 3
v -29.0112 13 -46.5872
vt -46.5872 13
f 2529/4294/169 829/4295/169 828/4296/169 2530/4297/169 

vt -52.1786 13
vn -0.643197 7.43584e-19 0.765701
vt -52.1786 3
vt -51.7786 3
v -28.7049 13 -46.3299
vt -51.7786 13
f 2530/4298/351 828/4299/351 827/4300/351 2531/4301/351 

vt -44.0478 13
vn -0.376843 6.67572e-19 0.926277
vt -44.0478 3
vt -43.8078 3
v -28.4826 13 -46.2395
vt -43.8078 13
f 2531/4302/352 827/4303/352 826/4304/352 2532/4305/352 

vt -28.4826 13
vt -28.4826 3
vt -28.2726 3
v -28.2726 13 -46.2395
vt -28.2726 13
f 2532/4306/185 826/4307/185 825/4308/185 2533/4309/185 

vt -54.1779 13
vn -0.867059 7.43121e-19 0.498205
vt -54.1779 3
v -28.1381 3 -46.0054
vt -53.9079 3
v -28.1381 13 -46.0054
vt -53.9079 13
f 2533/4310/353 825/4311/353 2534/4312/353 2535/4313/353 

vt -28.1381 13
vt -28.1381 3
v -28.0281 3 -46.0054
vt -28.0281 3
v -28.0281 13 -46.0054
vt -28.0281 13
f 2535/4314/185 2534/4315/185 2536/4316/185 2537/4317/185 

vt -46.0054 13
vt -46.0054 3
v -28.0281 3 -45.5854
vt -45.5854 3
v -28.0281 13 -45.5854
vt -45.5854 13
f 2537/4318/169 2536/4319/169 2538/4320/169 2539/4321/169 

vt -49.5085 13
vn -0.589331 7.3293e-19 0.807891
vt -49.5085 3
vt -49.0685 3
v -27.6726 13 -45.3261
vt -49.0685 13
f 2539/4322/354 2538/4323/354 821/4324/354 2540/4325/354 

vt -36.3937 13
vn -0.205428 5.93918e-19 0.978672
vt -36.3937 3
vt -35.9837 3
v -27.2714 13 -45.2418
vt -35.9837 13
f 2540/4326/355 821/4327/355 820/4328/355 2541/4329/355 

vt -52.504 13
vn -0.794341 7.54135e-19 0.607472
vt -52.504 3
vt -52.184 3
v -27.077 13 -44.9877
vt -52.184 13
f 2541/4330/356 820/4331/356 819/4332/356 2542/4333/356 

vt -3.95136 13
vn 0.449739 1.73659e-19 0.89316
vt -3.95136 3
v -26.8269 3 -45.1136
vt -3.67136 3
v -26.8269 13 -45.1136
vt -3.67136 13
f 2542/4334/357 819/4335/357 2543/4336/357 2544/4337/357 

vt -26.8269 13
vt -26.8269 3
vt -26.5869 3
v -26.5869 13 -45.1136
vt -26.5869 13
f 2544/4338/185 2543/4339/185 817/4340/185 2545/4341/185 

vt 16.5958 13
vn 0.754587 -1.17618e-19 0.6562
vt 16.5958 3
vt 16.8158 3
v -26.4425 13 -45.2796
vt 16.8158 13
f 2545/4342/358 817/4343/358 816/4344/358 2546/4345/358 

vt 45.2796 13
vt 45.2796 3
vt 45.4796 3
v -26.4425 13 -45.4796
vt 45.4796 13
f 2546/4346/164 816/4347/164 815/4348/164 2547/4349/164 

vt -3.03602 13
vn 0.451905 1.71875e-19 0.892066
vt -3.03602 3
v -26.0946 3 -45.6558
vt -2.64602 3
v -26.0946 13 -45.6558
vt -2.64602 13
f 2547/4350/359 815/4351/359 2548/4352/359 2549/4353/359 

vt 23.4157 13
vn 0.830899 -2.10176e-19 0.556423
vt 23.4157 3
vt 23.6057 3
v -25.9889 13 -45.8137
vt 23.6057 13
f 2549/4354/360 2548/4355/360 813/4356/360 2550/4357/360 

vt 45.8137 13
vt 45.8137 3
vt 45.9937 3
v -25.9889 13 -45.9937
vt 45.9937 13
f 2550/4358/164 813/4359/164 812/4360/164 2551/4361/164 

vt -25.9889 13
vt -25.9889 3
vt -24.0289 3
v -24.0289 13 -45.9937
vt -24.0289 13
f 2551/4362/185 812/4363/185 811/4364/185 2552/4365/185 

vt -45.9937 13
vt -45.9937 3
vt -43.5737 3
v -24.0289 13 -43.5737
vt -43.5737 13
f 2552/4366/169 811/4367/169 810/4368/169 2553/4369/169 

vt -44.9831 13
vn -0.585162 7.31988e-19 0.810917
vt -44.9831 3
vt -44.5631 3
v -23.6883 13 -43.3279
vt -44.5631 13
f 2553/4370/361 810/4371/361 809/4372/361 2554/4373/361 

vt -30.634 13
vn -0.168084 5.75778e-19 0.985773
vt -30.634 3
vt -30.224 3
v -23.2841 13 -43.259
vt -30.224 13
f 2554/4374/362 809/4375/362 808/4376/362 2555/4377/362 

vt -49.0423 13
vn -0.851145 7.46897e-19 0.524931
vt -49.0423 3
vt -48.7423 3
v -23.1267 13 -43.0037
vt -48.7423 13
f 2555/4378/363 808/4379/363 807/4380/363 2556/4381/363 

vt -23.1267 13
vt -23.1267 3
vt -22.0894 3
v -22.0894 13 -43.0037
vt -22.0894 13
f 2556/4382/185 807/4383/185 806/4384/185 2557/4385/185 

vt -10.8823 13
vn 0.244959 3.2912e-19 0.969534
vt -10.8823 3
vt -10.3723 3
v -21.5949 13 -43.1286
vt -10.3723 13
f 2557/4386/364 806/4387/364 805/4388/364 2558/4389/364 

vt 16.5408 13
vn 0.727215 -8.71271e-20 0.68641
vt 16.5408 3
vt 16.7608 3
v -21.4439 13 -43.2886
vt 16.7608 13
f 2558/4390/365 805/4391/365 804/4392/365 2559/4393/365 

vt 43.2886 13
vt 43.2886 3
vt 43.4786 3
v -21.4439 13 -43.4786
vt 43.4786 13
f 2559/4394/164 804/4395/164 803/4396/164 2560/4397/164 

vt 4.5645 13
vn 0.52481 1.09899e-19 0.851219
vt 4.5645 3
vt 5.0645 3
v -21.0183 13 -43.741
vt 5.0645 13
f 2560/4398/366 803/4399/366 802/4400/366 2561/4401/366 

vt -43.741 13
vt -43.741 3
vt -43.5746 3
v -21.0183 13 -43.5746
vt -43.5746 13
f 2561/4402/169 802/4403/169 801/4404/169 2562/4405/169 

vt -42.6372 13
vn -0.58851 7.32745e-19 0.80849
vt -42.6372 3
vt -42.2272 3
v -20.6868 13 -43.3333
vt -42.2272 13
f 2562/4406/367 801/4407/367 800/4408/367 2563/4409/367 

vt -28.2875 13
vn -0.183507 5.83356e-19 0.983018
vt -28.2875 3
vt -27.8675 3
v -20.274 13 -43.2563
vt -27.8675 13
f 2563/4410/368 800/4411/368 799/4412/368 2564/4413/368 

vt -46.2714 13
vn -0.771517 7.54893e-19 0.636208
vt -46.2714 3
vt -45.9314 3
v -20.0577 13 -42.994
vt -45.9314 13
f 2564/4414/369 799/4415/369 798/4416/369 2565/4417/369 

vt 2.96677 13
vn 0.478622 1.49612e-19 0.878021
vt 2.96677 3
vt 3.23677 3
v -19.8206 13 -43.1232
vt 3.23677 13
f 2565/4418/370 798/4419/370 797/4420/370 2566/4421/370 

vt -19.8206 13
vt -19.8206 3
vt -19.5806 3
v -19.5806 13 -43.1232
vt -19.5806 13
f 2566/4422/185 797/4423/185 796/4424/185 2567/4425/185 

vt 19.9571 13
vn 0.758627 -1.22223e-19 0.651525
vt 19.9571 3
vt 20.1471 3
v -19.4568 13 -43.2673
vt 20.1471 13
f 2567/4426/371 796/4427/371 795/4428/371 2568/4429/371 

vt 43.2673 13
vt 43.2673 3
vt 43.4773 3
v -19.4568 13 -43.4773
vt 43.4773 13
f 2568/4430/164 795/4431/164 794/4432/164 2569/4433/164 

vt 6.77334 13
vn 0.534123 1.01692e-19 0.845407
vt 6.77334 3
v -19.0426 3 -43.739
vt 7.26334 3
v -19.0426 13 -43.739
vt 7.26334 13
f 2569/4434/372 794/4435/372 2570/4436/372 2571/4437/372 

vt 43.739 13
vt 43.739 3
v -19.0426 3 -44.0477
vt 44.0477 3
v -19.0426 13 -44.0477
vt 44.0477 13
f 2571/4438/164 2570/4439/164 2572/4440/164 2573/4441/164 

vt -10.2186 13
vn 0.192262 3.65317e-19 0.981344
vt -10.2186 3
vt -9.78859 3
v -18.6206 13 -44.1304
vt -9.78859 13
f 2573/4442/373 2572/4443/373 791/4444/373 2574/4445/373 

vt 9.92404 13
vn 0.571213 6.83054e-20 0.820802
vt 9.92404 3
vt 10.164 3
v -18.4236 13 -44.2675
vt 10.164 13
f 2574/4446/374 791/4447/374 790/4448/374 2575/4449/374 

vt 44.2675 13
vt 44.2675 3
vt 44.4888 3
v -18.4236 13 -44.4888
vt 44.4888 13
f 2575/4450/164 790/4451/164 789/4452/164 2576/4453/164 

vt 9.51583 13
vn 0.557643 8.06546e-20 0.830081
vt 9.51583 3
v -18.0335 3 -44.7509
vt 9.98583 3
v -18.0335 13 -44.7509
vt 9.98583 13
f 2576/4454/375 789/4455/375 2577/4456/375 2578/4457/375 

vt 44.7509 13
vt 44.7509 3
v -18.0335 3 -44.9709
vt 44.9709 3
v -18.0335 13 -44.9709
vt 44.9709 13
f 2578/4458/164 2577/4459/164 2579/4460/164 2580/4461/164 

vt 14.0091 13
vn 0.624657 1.80364e-20 0.780899
vt 14.0091 3
vt 14.2491 3
v -17.846 13 -45.1208
vt 14.2491 13
f 2580/4462/376 2579/4463/376 786/4464/376 2581/4465/376 

vt -17.846 13
vt -17.846 3
vt -17.586 3
v -17.586 13 -45.1208
vt -17.586 13
f 2581/4466/185 786/4467/185 785/4468/185 2582/4469/185 

vt 22.6778 13
vn 0.757189 -1.2058e-19 0.653196
vt 22.6778 3
vt 22.8878 3
v -17.4489 13 -45.2798
vt 22.8878 13
f 2582/4470/377 785/4471/377 784/4472/377 2583/4473/377 

vt 45.2798 13
vt 45.2798 3
vt 45.4798 3
v -17.4489 13 -45.4798
vt 45.4798 13
f 2583/4474/164 784/4475/164 783/4476/164 2584/4477/164 

vt 12.5522 13
vn 0.58669 5.40227e-20 0.809812
vt 12.5522 3
v -17.0035 3 -45.8025
vt 13.1022 3
v -17.0035 13 -45.8025
vt 13.1022 13
f 2584/4478/378 783/4479/378 2585/4480/378 2586/4481/378 

vt 45.8025 13
vt 45.8025 3
v -17.0035 3 -45.9825
vt 45.9825 3
v -17.0035 13 -45.9825
vt 45.9825 13
f 2586/4482/164 2585/4483/164 2587/4484/164 2588/4485/164 

vt -17.0035 13
vt -17.0035 3
v -16.0635 3 -45.9825
vt -16.0635 3
v -16.0635 13 -45.9825
vt -16.0635 13
f 2588/4486/185 2587/4487/185 2589/4488/185 2590/4489/185 

vt 9.12339 13
vn 0.500787 1.30753e-19 0.86557
vt 9.12339 3
vt 9.38339 3
v -15.8384 13 -46.1127
vt 9.38339 13
f 2590/4490/379 2589/4491/379 779/4492/379 2591/4493/379 

vt -15.8384 13
vt -15.8384 3
vt -15.5884 3
v -15.5884 13 -46.1127
vt -15.5884 13
f 2591/4494/185 779/4495/185 778/4496/185 2592/4497/185 

vt 23.3067 13
vn 0.734744 -9.53949e-20 0.678345
vt 23.3067 3
vt 23.5067 3
v -15.4528 13 -46.2597
vt 23.5067 13
f 2592/4498/380 778/4499/380 777/4500/380 2593/4501/380 

vt 46.2597 13
vt 46.2597 3
vt 46.505 3
v -15.4528 13 -46.505
vt 46.505 13
f 2593/4502/164 777/4503/164 776/4504/164 2594/4505/164 

vt 4.53477 13
vn 0.401792 2.12335e-19 0.915731
vt 4.53477 3
vt 5.02477 3
v -15.004 13 -46.7019
vt 5.02477 13
f 2594/4506/381 776/4507/381 775/4508/381 2595/4509/381 

vt -46.7019 13
vt -46.7019 3
vt -46.5819 3
v -15.004 13 -46.5819
vt -46.5819 13
f 2595/4510/169 775/4511/169 774/4512/169 2596/4513/169 

vt -37.6733 13
vn -0.537045 7.20018e-19 0.843554
vt -37.6733 3
v -14.4979 3 -46.2597
vt -37.0733 3
v -14.4979 13 -46.2597
vt -37.0733 13
f 2596/4514/382 774/4515/382 2597/4516/382 2598/4517/382 

vt -14.4979 13
vt -14.4979 3
vt -14.2779 3
v -14.2779 13 -46.2597
vt -14.2779 13
f 2598/4518/185 2597/4519/185 772/4520/185 2599/4521/185 

vt -47.0516 13
vn -0.859206 7.45099e-19 0.511629
vt -47.0516 3
v -14.1244 3 -46.0019
vt -46.7516 3
v -14.1244 13 -46.0019
vt -46.7516 13
f 2599/4522/383 772/4523/383 2600/4524/383 2601/4525/383 

vt -14.1244 13
vt -14.1244 3
vt -14.0144 3
v -14.0144 13 -46.0019
vt -14.0144 13
f 2601/4526/185 2600/4527/185 770/4528/185 2602/4529/185 

vt -46.0019 13
vt -46.0019 3
vt -45.5719 3
v -14.0144 13 -45.5719
vt -45.5719 13
f 2602/4530/169 770/4531/169 769/4532/169 2603/4533/169 

vt -38.6485 13
vn -0.60268 7.35835e-19 0.797983
vt -38.6485 3
v -13.6872 3 -45.3248
vt -38.2385 3
v -13.6872 13 -45.3248
vt -38.2385 13
f 2603/4534/384 769/4535/384 2604/4536/384 2605/4537/384 

vt -19.016 13
vn -0.119742 5.51246e-19 0.992805
vt -19.016 3
vt -18.606 3
v -13.2802 13 -45.2757
vt -18.606 13
f 2605/4538/385 2604/4539/385 767/4540/385 2606/4541/385 

vt -46.3387 13
vn -0.889384 7.36099e-19 0.45716
vt -46.3387 3
v -13.1339 3 -44.9911
vt -46.0187 3
v -13.1339 13 -44.9911
vt -46.0187 13
f 2606/4542/386 767/4543/386 2607/4544/386 2608/4545/386 

vt -13.1339 13
vt -13.1339 3
vt -13.0239 3
v -13.0239 13 -44.9911
vt -13.0239 13
f 2608/4546/185 2607/4547/185 765/4548/185 2609/4549/185 

vt -44.9911 13
vt -44.9911 3
vt -43.5911 3
v -13.0239 13 -43.5911
vt -43.5911 13
f 2609/4550/169 765/4551/169 764/4552/169 2610/4553/169 

vt -34.1745 13
vn -0.530761 7.18312e-19 0.847522
vt -34.1745 3
v -12.49 3 -43.2567
vt -33.5445 3
v -12.49 13 -43.2567
vt -33.5445 13
f 2610/4554/387 764/4555/387 2611/4556/387 2612/4557/387 

vt -12.49 13
vt -12.49 3
v -12.29 3 -43.2567
vt -12.29 3
v -12.29 13 -43.2567
vt -12.29 13
f 2612/4558/185 2611/4559/185 2613/4560/185 2614/4561/185 

vt -43.9257 13
vn -0.881094 7.38968e-19 0.47294
vt -43.9257 3
vt -43.6357 3
v -12.1528 13 -43.0012
vt -43.6357 13
f 2614/4562/388 2613/4563/388 761/4564/388 2615/4565/388 

vt -12.1528 13
vt -12.1528 3
vt -11.9928 3
v -11.9928 13 -43.0012
vt -11.9928 13
f 2615/4566/185 761/4567/185 760/4568/185 2616/4569/185 

vt 43.0012 -2.17267e-15
vt 54.0012 -2.17267e-15
vt 54.0012 8.5
v -11.9928 13 -54.0012
vt 54.0012 13
vt 43.0012 13
vt 43.0012 3
f 499/4570/164 497/4571/164 1580/4572/164 2617/4573/164 2616/4574/164 760/4575/164 

usemtl FrontColor
vt -472.158 -9.14003e-14
vn 0 -2.88573e-18 1
vt -432.788 -9.14003e-14
v -10.9928 8.5 -54.0012
vt -432.788 334.646
vt -472.158 334.646
f 497/4576/389 498/4577/389 2618/4578/389 1580/4579/389 

usemtl _4
vt -54.0012 -2.17209e-15
vt -43.0012 -2.17209e-15
v -10.9928 3 -43.0012
vt -43.0012 3
v -10.9928 13 -43.0012
vt -43.0012 13
v -10.9928 13 -54.0012
vt -54.0012 13
vt -54.0012 8.5
f 498/4580/169 500/4581/169 2619/4582/169 2620/4583/169 2621/4584/169 2618/4585/169 

usemtl FrontColor
vt 432.788 -8.63124e-14
vn 0 6.18623e-19 -1
vt 472.158 -8.63124e-14
vt 472.158 118.11
vt 432.788 118.11
f 500/4586/390 499/4587/390 760/4588/390 2619/4589/390 

usemtl _4
vt -10.9928 13
vn 1.78106e-48 4.85519e-19 1
vt -10.9928 3
vt -10.0315 3
v -10.0315 13 -43.0012
vt -10.0315 13
f 2620/4590/391 2619/4591/391 758/4592/391 2622/4593/391 

vt -40.9947 3
v -10.0315 13 -40.9947
vt -40.9947 13
f 2622/4583/169 758/4582/169 757/4594/169 2623/4595/169 

v -10.0315 -2.16573e-15 -40.9947
vt -10.0315 -2.14583e-15
v 37.9785 -2.16573e-15 -40.9947
vt 37.9785 -2.14583e-15
vt 37.9785 5
v 37.9785 13 -40.9947
vt 37.9785 13
f 2624/4596/185 2625/4597/185 1996/4598/185 2626/4599/185 2623/4593/185 757/4592/185 

usemtl FrontColor
vt 1495.22 -1.03084e-13
vn 0 -1.10404e-17 1
v 39.0209 -2.16573e-15 -40.9947
vt 1536.25 -1.03084e-13
vt 1536.25 196.85
vt 1495.22 196.85
f 2625/4600/392 2627/4601/392 1997/4602/392 1996/4603/392 

v 39.0209 -2.15647e-15 -50.0172
vt -1969.18 -8.49003e-14
vt -1613.96 -8.52651e-14
vt -1613.96 196.85
vt -1969.18 196.85
f 2628/4604/3 2627/4605/3 1997/4606/3 1998/4607/3 

usemtl _4
vt -39.0209 50.0172
vn 6.78168e-18 -1 -4.04058e-18
vt -44.9909 50.0172
vt -44.9909 39.9972
v 39.0209 -2.15647e-15 -39.9972
vt -39.0209 39.9972
vt -39.0209 40.9947
f 2628/4608/393 5/4609/393 4/4610/393 2629/4611/393 2627/4612/393 

usemtl FrontColor
vt -1771.29 -8.17124e-14
vt -1536.25 -8.49003e-14
vt -1536.25 196.85
vt -1771.29 196.85
f 5/4613/5 2628/4614/5 1998/4615/5 6/4616/5 

usemtl _4
v 44.9909 13 -50.0172
vt -44.9909 13
vt -44.9909 5
vt -39.0209 5
v 39.0209 13 -50.0172
vt -39.0209 13
f 2630/4617/5 6/4618/5 1998/4619/5 2631/4620/5 

vt 39.9972 -2.15647e-15
vt 50.0172 -2.0755e-15
vt 50.0172 5
vt 50.0172 13
v 44.9909 13 -39.9972
vt 39.9972 13
f 4/4621/1 5/4622/1 6/4623/1 2630/4624/1 2632/4625/1 

usemtl FrontColor
vt 1771.29 -8.17124e-14
vt 1810.66 -8.52651e-14
vt 1810.66 196.85
vt 1771.29 196.85
f 5/4626/7 2/4627/7 3/4628/7 6/4629/7 

usemtl _4
vt -50.0172 -2.13915e-15
vn -1 5.78084e-19 -5.34563e-37
vt -39.9972 -2.12988e-15
v 45.9909 13 -39.9972
vt -39.9972 13
v 45.9909 13 -50.0172
vt -50.0172 13
vt -50.0172 5
f 2/4630/394 1/4631/394 2633/4632/394 2634/4633/394 3/4634/394 

vt 45.9909 -2.13705e-15
v 48.9309 -2.15647e-15 -39.9972
vt 48.9309 -2.13705e-15
v 48.9309 13 -39.9972
vt 48.9309 13
vt 45.9909 13
f 1/4635/185 2635/4636/185 2636/4637/185 2633/4638/185 

vt 57.3157 -2.14776e-15
vn 0.247788 3.27135e-19 0.968814
v 49.4347 -2.16579e-15 -40.126
vt 57.8357 -2.15708e-15
v 49.4347 13 -40.126
vt 57.8357 13
vt 57.3157 13
f 2635/4639/395 2637/4640/395 2638/4641/395 2636/4642/395 

vt 62.9606 -2.16484e-15
vn 0.738781 -9.98644e-20 0.673946
v 49.5694 -2.16573e-15 -40.2738
vt 63.1606 -2.16479e-15
v 49.5694 13 -40.2738
vt 63.1606 13
vt 62.9606 13
f 2637/4643/396 2639/4644/396 2640/4645/396 2638/4646/396 

vt 40.2738 -2.13708e-15
v 49.5694 -2.16573e-15 -40.5038
vt 40.5038 -2.13708e-15
v 49.5694 13 -40.5038
vt 40.5038 13
vt 40.2738 13
f 2639/4647/164 2641/4648/164 2642/4649/164 2640/4650/164 

vt 62.5553 -2.16342e-15
vn 0.454011 1.70139e-19 0.890996
v 49.9169 -2.16573e-15 -40.6808
vt 62.9453 -2.16342e-15
v 49.9169 13 -40.6808
vt 62.9453 13
vt 62.5553 13
f 2641/4651/397 2643/4652/397 2644/4653/397 2642/4654/397 

vt 64.2382 -2.16555e-15
vn 0.684158 -4.1396e-20 0.729334
v 50.0263 -2.16573e-15 -40.7835
vt 64.3882 -2.16555e-15
v 50.0263 13 -40.7835
vt 64.3882 13
vt 64.2382 13
f 2643/4655/398 2645/4656/398 2646/4657/398 2644/4658/398 

vt 40.7835 -2.13681e-15
v 50.0263 -2.16573e-15 -42.0535
vt 42.0535 -2.13681e-15
v 50.0263 13 -42.0535
vt 42.0535 13
vt 40.7835 13
f 2645/4659/164 2647/4660/164 2648/4661/164 2646/4662/164 

vt 56.0372 -2.15268e-15
vn 0.157849 3.88182e-19 0.987463
v 50.4411 -2.16573e-15 -42.1198
vt 56.4572 -2.15268e-15
v 50.4411 13 -42.1198
vt 56.4572 13
vt 56.0372 13
f 2647/4663/399 2649/4664/399 2650/4665/399 2648/4666/399 

vt 65.5731 -2.16553e-15
vn 0.68988 -4.73299e-20 0.723924
v 50.5786 -2.16573e-15 -42.2508
vt 65.7631 -2.16553e-15
v 50.5786 13 -42.2508
vt 65.7631 13
vt 65.5731 13
f 2649/4667/400 2651/4668/400 2652/4669/400 2650/4670/400 

vt 42.2508 -2.1365e-15
v 50.5786 -2.16573e-15 -42.5008
vt 42.5008 -2.1365e-15
v 50.5786 13 -42.5008
vt 42.5008 13
vt 42.2508 13
f 2651/4671/164 2653/4672/164 2654/4673/164 2652/4674/164 

vt 64.8346 -2.1639e-15
vn 0.48431 1.44807e-19 0.874897
v 50.9723 -2.16573e-15 -42.7188
vt 65.2846 -2.1639e-15
v 50.9723 13 -42.7188
vt 65.2846 13
vt 64.8346 13
f 2653/4675/401 2655/4676/401 2656/4677/401 2654/4678/401 

vt 42.7188 -2.13627e-15
v 50.9723 -2.16573e-15 -43.0688
vt 43.0688 -2.13627e-15
v 50.9723 13 -43.0688
vt 43.0688 13
vt 42.7188 13
f 2655/4679/164 2657/4680/164 2658/4681/164 2656/4682/164 

vt 57.3015 -2.15257e-15
vn 0.162732 3.84974e-19 0.98667
v 51.3867 -2.16573e-15 -43.1371
vt 57.7215 -2.15257e-15
v 51.3867 13 -43.1371
vt 57.7215 13
vt 57.3015 13
f 2657/4683/402 2659/4684/402 2660/4685/402 2658/4686/402 

vt 65.8089 -2.16382e-15
vn 0.779752 -1.46785e-19 0.626088
v 51.5057 -2.16573e-15 -43.2853
vt 65.9989 -2.16382e-15
v 51.5057 13 -43.2853
vt 65.9989 13
vt 65.8089 13
f 2659/4687/403 2661/4688/403 2662/4689/403 2660/4690/403 

vt 43.2853 -2.13596e-15
v 51.5057 -2.16573e-15 -43.4853
vt 43.4853 -2.13596e-15
v 51.5057 13 -43.4853
vt 43.4853 13
vt 43.2853 13
f 2661/4691/164 2663/4692/164 2664/4693/164 2662/4694/164 

vt 66.3244 -2.16413e-15
vn 0.498303 1.32885e-19 0.867003
v 51.8872 -2.16573e-15 -43.7045
vt 66.7644 -2.16413e-15
v 51.8872 13 -43.7045
vt 66.7644 13
vt 66.3244 13
f 2663/4695/404 2665/4696/404 2666/4697/404 2664/4698/404 

vt 56.6405 -2.15019e-15
vn 0.958827 -4.16401e-19 0.28399
v 51.9695 -2.16573e-15 -43.9826
vt 56.9305 -2.15019e-15
v 51.9695 13 -43.9826
vt 56.9305 13
vt 56.6405 13
f 2665/4699/405 2667/4700/405 2668/4701/405 2666/4702/405 

vt 51.9695 -2.14438e-15
vt 54.9745 -2.14438e-15
v 54.9745 13 -43.9826
vt 54.9745 13
vt 51.9695 13
f 2667/4703/185 19/4704/185 2669/4705/185 2668/4706/185 

vt 43.9826 -2.13395e-15
vt 50.0172 -2.13395e-15
vt 50.0172 3
v 54.9745 13 -50.0172
vt 43.9826 13
f 19/4707/164 18/4708/164 1150/4709/164 2670/4624/164 2669/4710/164 

usemtl FrontColor
vt 2164.35 -1.00713e-13
vn 0 -7.84465e-18 1
vt 2203.72 -1.00713e-13
vt 2203.72 118.11
vt 2164.35 118.11
f 18/4711/406 16/4712/406 1106/4713/406 1150/4714/406 

usemtl _4
vt -50.0172 -2.13338e-15
vt -43.9826 -2.13338e-15
v 55.9745 13 -43.9826
vt -43.9826 13
v 55.9745 13 -50.0172
vt -50.0172 3
f 16/4715/169 15/4716/169 2671/4717/169 2672/4633/169 1106/4718/169 

vt 55.9745 -2.14438e-15
v 59.9795 -2.16573e-15 -43.9826
vt 59.9795 -2.14438e-15
v 59.9795 13 -43.9826
vt 59.9795 13
vt 55.9745 13
f 15/4719/185 2673/4720/185 2674/4721/185 2671/4722/185 

vt -43.9826 -2.13106e-15
v 59.9795 -2.16573e-15 -43.5626
vt -43.5626 -2.13106e-15
v 59.9795 13 -43.5626
vt -43.5626 13
f 2673/4723/169 2675/4724/169 2676/4725/169 2674/4717/169 

vt 26.1977 -2.11558e-15
vn -0.549224 7.23234e-19 0.835675
v 60.3639 -1.44408e-15 -43.3099
vt 26.6577 -1.39393e-15
v 60.3639 13 -43.3099
vt 26.6577 13
vt 26.1977 13
f 2675/4726/407 2677/4727/407 2678/4728/407 2676/4729/407 

vt 49.7928 -1.41115e-15
vn -0.212307 5.97182e-19 0.977203
v 60.7157 -2.17257e-15 -43.2335
vt 50.1528 -2.13964e-15
v 60.7157 13 -43.2335
vt 50.1528 13
vt 49.7928 13
f 2677/4730/408 2679/4731/408 2680/4732/408 2678/4733/408 

vt -2.31436 -2.11667e-15
vn -0.832206 7.50289e-19 0.554466
v 60.8765 -2.1657e-15 -42.9922
vt -2.02436 -2.10981e-15
v 60.8765 13 -42.9922
vt -2.02436 13
vt -2.31436 13
f 2679/4734/409 2681/4735/409 2682/4736/409 2680/4737/409 

vt 60.8765 -2.14483e-15
v 60.9818 -2.1657e-15 -42.9922
vt 60.9818 -2.14483e-15
v 60.9818 13 -42.9922
vt 60.9818 13
vt 60.8765 13
f 2681/4738/185 2683/4739/185 2684/4740/185 2682/4741/185 

vt -42.9922 -2.13045e-15
v 60.9818 -2.1657e-15 -42.5522
vt -42.5522 -2.13045e-15
v 60.9818 13 -42.5522
vt -42.5522 13
vt -42.9922 13
f 2683/4742/169 2685/4743/169 2686/4744/169 2684/4745/169 

vt 24.7171 -2.1144e-15
vn -0.583243 7.31549e-19 0.812298
v 61.3473 -2.16573e-15 -42.2897
vt 25.1671 -2.11443e-15
v 61.3473 13 -42.2897
vt 25.1671 13
vt 24.7171 13
f 2685/4746/410 2687/4747/410 2688/4748/410 2686/4749/410 

vt 52.985 -2.13538e-15
vn -0.17528 5.79329e-19 0.984519
v 61.7313 -2.16573e-15 -42.2214
vt 53.375 -2.13538e-15
v 61.7313 13 -42.2214
vt 53.375 13
vt 52.985 13
f 2687/4750/411 2689/4751/411 2690/4752/411 2688/4753/411 

vt -8.01104 -2.11079e-15
vn -0.881128 7.38957e-19 0.472878
v 61.8589 -2.16573e-15 -41.9834
vt -7.74104 -2.11079e-15
v 61.8589 13 -41.9834
vt -7.74104 13
vt -8.01104 13
f 2689/4754/412 2691/4755/412 2692/4756/412 2690/4757/412 

vt 61.8589 -2.14535e-15
v 61.9889 -2.16573e-15 -41.9834
vt 61.9889 -2.14535e-15
v 61.9889 13 -41.9834
vt 61.9889 13
vt 61.8589 13
f 2691/4758/185 2693/4759/185 2694/4760/185 2692/4761/185 

vt -41.9834 -2.1299e-15
v 61.9889 -2.16573e-15 -40.5434
vt -40.5434 -2.1299e-15
v 61.9889 13 -40.5434
vt -40.5434 13
vt -41.9834 13
f 2693/4762/169 2695/4763/169 2696/4764/169 2694/4765/169 

vt 29.4655 -2.11657e-15
vn -0.55008 7.23455e-19 0.835112
v 62.3313 -2.16573e-15 -40.3179
vt 29.8755 -2.11657e-15
v 62.3313 13 -40.3179
vt 29.8755 13
vt 29.4655 13
f 2695/4766/413 2697/4767/413 2698/4768/413 2696/4769/413 

vt 47.3612 -2.12934e-15
vn -0.300063 6.36607e-19 0.953919
v 62.7988 -2.16573e-15 -40.1709
vt 47.8512 -2.12934e-15
v 62.7988 13 -40.1709
vt 47.8512 13
vt 47.3612 13
f 2697/4770/414 2699/4771/414 2700/4772/414 2698/4773/414 

vt -8.49007 -2.11147e-15
vn -0.898284 7.32628e-19 0.439416
v 62.891 -2.16573e-15 -39.9822
vt -8.28007 -2.11147e-15
v 62.891 13 -39.9822
vt -8.28007 13
vt -8.49007 13
f 2699/4774/415 2701/4775/415 2702/4776/415 2700/4777/415 

vt 62.891 -2.14632e-15
v 63.891 -2.16573e-15 -39.9822
vt 63.891 -2.14632e-15
v 63.891 13 -39.9822
vt 63.891 13
vt 62.891 13
f 2701/4778/185 2703/4779/185 2704/4780/185 2702/4781/185 

vt 69.7023 -2.16036e-15
vn 0.813094 -1.87401e-19 0.582132
v 64.0016 -2.16573e-15 -40.1367
vt 69.8923 -2.16036e-15
vt 69.8923 1
v 64.0016 13 -40.1367
vt 69.8923 13
vt 69.7023 13
f 2703/4782/416 2705/4783/416 403/4784/416 2706/4785/416 2704/4786/416 

usemtl FrontColor
vt -1580.19 -8.52651e-14
v 64.0016 -1.80117e-15 -36.9522
vt -1454.81 -7.09121e-14
vt -1454.81 39.3701
vt -1580.19 39.3701
f 2705/4787/3 2707/4788/3 404/4789/3 403/4790/3 

vt -2519.75 1454.81
vn 2.28283e-17 -1 9.42727e-18
vt -2519.75 1580.19
v 64.1122 -2.16573e-15 -40.2912
vt -2524.1 1586.27
v 64.1122 -2.16573e-15 -40.0982
vt -2524.1 1578.67
v 64.4222 -2.16573e-15 -40.0982
vt -2536.31 1578.67
v 64.5742 -2.16573e-15 -40.284
vt -2542.29 1585.98
v 64.5742 -2.16573e-15 -40.484
vt -2542.29 1593.86
v 64.9521 -2.16573e-15 -40.689
vt -2557.17 1601.93
v 64.9521 -2.16573e-15 -42.0355
vt -2557.17 1654.94
v 65.4442 -2.16573e-15 -42.1241
vt -2576.54 1658.43
v 65.5601 -2.16573e-15 -42.2746
vt -2581.11 1664.36
v 65.5601 -2.16573e-15 -42.4946
vt -2581.11 1673.02
v 65.9597 -2.16573e-15 -42.7015
vt -2596.84 1681.16
v 65.9597 -2.16573e-15 -45.0411
vt -2596.84 1773.27
v 66.3622 -2.16573e-15 -45.1193
vt -2612.68 1776.35
v 66.5218 -2.16573e-15 -45.2557
vt -2618.97 1781.72
v 66.5218 -2.16573e-15 -45.4957
vt -2618.97 1791.17
v 66.8581 -2.16573e-15 -45.6499
vt -2632.21 1797.24
v 66.9879 -2.16573e-15 -45.9848
vt -2637.32 1810.43
vt -2716 1810.43
vt -2755.37 1810.43
v 83.9963 -2.16573e-15 -45.9848
vt -3306.94 1810.43
v 83.9963 -2.16573e-15 -45.5848
vt -3306.94 1794.68
v 84.3393 -1.44499e-15 -45.3255
vt -3320.45 1784.47
v 84.7856 -1.44382e-15 -45.2142
vt -3338.02 1780.09
v 84.9803 -1.44382e-15 -44.9477
vt -3345.68 1769.6
v 84.9803 -1.44382e-15 -35.0177
vt -3345.68 1378.65
v 84.6203 -1.44382e-15 -35.0177
vt -3331.51 1378.65
v 84.0718 -1.44382e-15 -34.3424
vt -3309.91 1352.06
v 84.0718 -1.44382e-15 -34.0087
vt -3309.91 1338.92
vt -3268.49 1338.92
vt -3229.12 1338.92
vt -2677.29 1338.92
vt -2637.92 1338.92
v 66.0032 -2.0755e-15 -34.0087
vt -2598.55 1338.92
v 66.0032 -2.0755e-15 -34.3587
vt -2598.55 1352.7
v 65.7997 -2.16688e-15 -34.5654
vt -2590.54 1360.84
v 65.6097 -2.16688e-15 -34.5654
vt -2583.06 1360.84
v 65.3082 -2.16572e-15 -34.9388
vt -2571.19 1375.54
v 64.9982 -2.16572e-15 -34.9388
vt -2558.98 1375.54
v 64.9982 -2.16572e-15 -36.3731
vt -2558.98 1432.01
v 64.8216 -2.16573e-15 -36.5774
vt -2552.03 1440.05
v 64.5916 -2.16573e-15 -36.5774
vt -2542.98 1440.05
v 64.2917 -1.4366e-15 -36.9522
vt -2531.17 1454.81
f 2707/4791/417 2705/4792/417 2708/4793/417 2709/4794/417 2710/4795/417 2711/4796/417 2712/4797/417 2713/4798/417 2714/4799/417 2715/4800/417 2716/4801/417 2717/4802/417 2718/4803/417 2719/4804/417 2720/4805/417 2721/4806/417 2722/4807/417 2723/4808/417 2724/4809/417 11/4810/417 12/4811/417 2725/4812/417 2726/4813/417 2727/4814/417 2728/4815/417 2729/4816/417 2730/4817/417 2731/4818/417 2732/4819/417 2733/4820/417 483/4821/417 484/4822/417 477/4823/417 478/4824/417 2734/4825/417 2735/4826/417 2736/4827/417 2737/4828/417 2738/4829/417 2739/4830/417 2740/4831/417 2741/4832/417 2742/4833/417 2743/4834/417 

vt -2755.37 -6.81977e-14
vn 0 -9.42727e-18 -1
vt -2716 -6.81977e-14
vt -2716 39.3701
vt -2755.37 39.3701
f 12/4835/418 11/4836/418 429/4837/418 428/4838/418 

usemtl _4
vt 45.9848 -2.12585e-15
vt 56.0048 -2.12585e-15
vt 56.0048 3
v 68.9863 13 -56.0048
vt 56.0048 13
v 68.9863 13 -45.9848
vt 45.9848 13
vt 45.9848 1
f 11/4839/164 14/4840/164 1305/4841/164 2744/4842/164 2745/4843/164 429/4844/164 

usemtl FrontColor
vt 2716 3.77046e-14
vn -4.07229e-33 5.57707e-17 1
vt 2755.37 4.05793e-14
vt 2755.37 118.11
vt 2716 118.11
f 14/4845/419 13/4846/419 1151/4847/419 1305/4848/419 

usemtl _4
vt -56.0048 3.66211e-16
vn -1 3.51344e-17 2.56034e-34
vt -45.9848 2.93193e-16
vt -45.9848 1
v 69.9863 13 -45.9848
vt -45.9848 13
v 69.9863 13 -56.0048
vt -56.0048 13
vt -56.0048 3
f 13/4849/420 12/4850/420 428/4851/420 2746/4852/420 2747/4853/420 1151/4854/420 

vt 69.9863 13
vn 0 -1.88316e-18 1
vt 69.9863 1
vt 83.9963 1
v 83.9963 13 -45.9848
vt 83.9963 13
f 2746/4855/421 428/4856/421 427/4857/421 2748/4858/421 

vn -1 3.51344e-17 -0
vt -45.5848 1
v 83.9963 13 -45.5848
vt -45.5848 13
f 2748/4852/422 427/4851/422 426/4859/422 2749/4860/422 

vt 39.5179 13
vn -0.603016 1.96844e-17 0.797729
vt 39.5179 1
vt 39.9479 1
v 84.3393 13 -45.3255
vt 39.9479 13
f 2749/4861/423 426/4862/423 425/4863/423 2750/4864/423 

vt 70.8585 13
vn -0.242078 6.67813e-18 0.970257
vt 70.8585 1
vt 71.3185 1
v 84.7856 13 -45.2142
vt 71.3185 13
f 2750/4865/424 425/4866/424 424/4867/424 2751/4868/424 

vt 13.5094 13
vn -0.807453 2.72584e-17 0.589932
vt 13.5094 1
vt 13.8394 1
v 84.9803 13 -44.9477
vt 13.8394 13
f 2751/4869/425 424/4870/425 423/4871/425 2752/4872/425 

vt -44.9477 13
vt -44.9477 1
vt -35.0177 1
v 84.9803 13 -35.0177
vt -35.0177 13
f 2752/4873/422 423/4874/422 422/4875/422 2753/4876/422 

vt -84.9803 13
vn 0 1.88316e-18 -1
vt -84.9803 1
vt -84.6203 1
v 84.6203 13 -35.0177
vt -84.6203 13
f 2753/4877/426 422/4878/426 421/4879/426 2754/4880/426 

vt -80.5318 13
vn -0.776213 2.84591e-17 -0.63047
vt -80.5318 1
vt -79.6618 1
v 84.0718 13 -34.3424
vt -79.6618 13
f 2754/4881/427 421/4882/427 420/4883/427 2755/4884/427 

vt -34.3424 13
vt -34.3424 1
vt -34.0087 1
v 84.0718 13 -34.0087
vt -34.0087 13
f 2755/4885/422 420/4886/422 419/4887/422 2756/4888/422 

vt -84.0718 13
vn -1.29196e-33 1.88316e-18 -1
vt -84.0718 1
vt -83.0195 1
v 83.0195 13 -34.0087
vt -83.0195 13
f 2756/4889/428 419/4890/428 418/4891/428 2757/4892/428 

vt -34.0087 7.51108e-16
vn -1 3.51344e-17 -3.6131e-33
vt -26.9887 1.47302e-15
v 83.0195 13 -26.9887
vt -26.9887 13
f 483/4893/429 482/4894/429 2758/4895/429 2757/4888/429 418/4887/429 

vt 85.8266 -1.1497e-15
vn 0.477728 -1.84391e-17 0.878508
v 83.5642 -1.44382e-15 -27.2849
vt 86.4466 -1.1497e-15
v 83.5642 13 -27.2849
vt 86.4466 13
vt 85.8266 13
f 482/4896/430 2759/4897/430 2760/4898/430 2758/4899/430 

vt 27.2849 1.49216e-15
vn 1 -3.51344e-17 -0
v 83.5642 -1.44382e-15 -27.4949
vt 27.4949 1.49216e-15
v 83.5642 13 -27.4949
vt 27.4949 13
vt 27.2849 13
f 2759/4900/431 2761/4901/431 2762/4902/431 2760/4903/431 

vt 86.8522 -1.19457e-15
vn 0.459598 -1.78202e-17 0.888127
v 83.9461 -2.16908e-15 -27.6925
vt 87.2822 -1.91983e-15
v 83.9461 13 -27.6925
vt 87.2822 13
vt 86.8522 13
f 2761/4904/432 2763/4905/432 2764/4906/432 2762/4907/432 

vt 27.6925 7.80313e-16
v 83.9461 -2.16908e-15 -29.9952
vt 29.9952 7.80313e-16
v 83.9461 13 -29.9952
vt 29.9952 13
vt 27.6925 13
f 2763/4908/431 2765/4909/431 2766/4910/431 2764/4911/431 

vt 83.9461 -2.22557e-15
v 86.0161 -2.16908e-15 -29.9952
vt 86.0161 -2.22557e-15
v 86.0161 13 -29.9952
vt 86.0161 13
vt 83.9461 13
f 2765/4912/421 2767/4913/421 2768/4914/421 2766/4915/421 

vt 91.0952 -2.16399e-15
vn 0.333187 -1.34819e-17 0.942861
v 86.431 -2.88582e-15 -30.1418
vt 91.5352 -2.88072e-15
v 86.431 13 -30.1418
vt 91.5352 13
vt 91.0952 13
f 2767/4916/433 2769/4917/433 2770/4918/433 2768/4919/433 

vt 83.5359 -1.93183e-15
vn 0.686558 -2.5491e-17 0.727075
v 86.5837 -1.46476e-15 -30.286
vt 83.7459 -5.10775e-16
v 86.5837 13 -30.286
vt 83.7459 13
vt 83.5359 13
f 2769/4920/434 2771/4921/434 2772/4922/434 2770/4923/434 

vt 30.286 1.5773e-15
v 86.5837 -1.46476e-15 -30.616
vt 30.616 1.5773e-15
v 86.5837 13 -30.616
vt 30.616 13
vt 30.286 13
f 2771/4924/431 2773/4925/431 2774/4926/431 2772/4927/431 

vt 90.0849 -1.11573e-15
vn 0.510304 -1.95487e-17 0.859994
v 86.9621 -2.87856e-15 -30.8405
vt 90.5249 -2.52952e-15
v 86.9621 13 -30.8405
vt 90.5249 13
vt 90.0849 13
f 2773/4928/435 2775/4929/435 2776/4930/435 2774/4931/435 

vt 30.8405 1.76805e-16
v 86.9621 -2.87856e-15 -34.3405
vt 34.3405 1.76805e-16
v 86.9621 13 -34.3405
vt 34.3405 13
vt 30.8405 13
f 2775/4932/431 2777/4933/431 2778/4934/431 2776/4935/431 

vt -18.9946 -2.83881e-16
vn 0.836092 -2.83425e-17 -0.54859
v 86.803 -1.42425e-15 -34.583
vt -18.7046 1.17043e-15
v 86.803 13 -34.583
vt -18.7046 13
vt -18.9946 13
f 2777/4936/436 2779/4937/436 2780/4938/436 2778/4939/436 

vt -86.803 -1.48937e-15
v 86.5837 -1.42425e-15 -34.583
vt -86.5837 -1.48937e-15
v 86.5837 13 -34.583
vt -86.5837 13
vt -86.803 13
f 2779/4940/426 2781/4941/426 2782/4942/426 2780/4943/426 

vt -27.3617 9.09678e-16
vn 0.778917 -2.61858e-17 -0.627127
v 86.2826 -1.44372e-15 -34.9569
vt -26.8817 8.90203e-16
v 86.2826 13 -34.9569
vt -26.8817 13
vt -27.3617 13
f 2781/4944/437 2783/4945/437 2784/4946/437 2782/4947/437 

vt -86.2826 -1.50955e-15
v 86.0226 -1.44372e-15 -34.9569
vt -86.0226 -1.50955e-15
v 86.0226 13 -34.9569
vt -86.0226 13
vt -86.2826 13
f 2783/4948/426 2785/4949/426 2786/4950/426 2784/4951/426 

vt 34.9569 1.57863e-15
v 86.0226 -1.44372e-15 -42.0569
vt 42.0569 1.57863e-15
v 86.0226 13 -42.0569
vt 42.0569 13
vt 34.9569 13
f 2785/4952/431 2787/4953/431 2788/4954/431 2786/4955/431 

vt 92.3894 -1.65621e-15
vn 0.187763 -8.44661e-18 0.982214
v 86.4352 -2.17111e-15 -42.1357
vt 92.8094 -2.3836e-15
v 86.4352 13 -42.1357
vt 92.8094 13
vt 92.3894 13
f 2787/4956/438 2789/4957/438 2790/4958/438 2788/4959/438 

vt 90.2652 -1.288e-15
vn 0.721181 -2.66428e-17 0.692747
v 86.5599 -2.16569e-15 -42.2655
vt 90.4452 -1.28259e-15
v 86.5599 13 -42.2655
vt 90.4452 13
vt 90.2652 13
f 2789/4960/439 2791/4961/439 2792/4962/439 2790/4963/439 

vt 42.2655 8.7554e-16
v 86.5599 -2.16569e-15 -42.5055
vt 42.5055 8.7554e-16
v 86.5599 13 -42.5055
vt 42.5055 13
vt 42.2655 13
f 2791/4964/431 2793/4965/431 2794/4966/431 2792/4967/431 

vt 96.4205 -2.13823e-15
vn 0.455186 -1.76695e-17 0.890396
v 86.9516 -2.16573e-15 -42.7058
vt 96.8605 -2.13827e-15
v 86.9516 13 -42.7058
vt 96.8605 13
vt 96.4205 13
f 2793/4968/440 2795/4969/440 2796/4970/440 2794/4971/440 

vt 63.2302 3.64511e-16
vn 0.967759 -3.4476e-17 0.251878
v 87.0222 -2.53138e-15 -42.9768
vt 63.5102 -1.13806e-18
v 87.0222 13 -42.9768
vt 63.5102 13
vt 63.2302 13
f 2795/4972/441 2797/4973/441 2798/4974/441 2796/4975/441 

vt 87.0222 -2.61232e-15
v 89.9922 -2.53138e-15 -42.9768
vt 89.9922 -2.61232e-15
v 89.9922 13 -42.9768
vt 89.9922 13
vt 87.0222 13
f 2797/4976/421 2799/4977/421 2800/4978/421 2798/4979/421 

vt 42.9768 6.30438e-16
v 89.9922 -2.53138e-15 -44.0512
vt 44.0512 6.30438e-16
v 89.9922 13 -44.0512
vt 44.0512 13
vt 42.9768 13
f 2799/4980/431 2801/4981/431 2802/4982/431 2800/4983/431 

vt 96.7605 -2.75439e-15
vn 0.191429 -8.57406e-18 0.981507
v 90.4437 -2.16199e-15 -44.1392
vt 97.2205 -2.385e-15
v 90.4437 13 -44.1392
vt 97.2205 13
vt 96.7605 13
f 2801/4984/442 2803/4985/442 2804/4986/442 2802/4987/442 

vt 96.0729 -1.3982e-15
vn 0.686329 -2.54834e-17 0.727291
v 90.5891 -2.16565e-15 -44.2765
vt 96.2729 -1.40186e-15
v 90.5891 13 -44.2765
vt 96.2729 13
vt 96.0729 13
f 2803/4988/443 2805/4989/443 2806/4990/443 2804/4991/443 

vt 44.2765 1.01715e-15
v 90.5891 -2.16565e-15 -44.5065
vt 44.5065 1.01715e-15
v 90.5891 13 -44.5065
vt 44.5065 13
vt 44.2765 13
f 2805/4992/431 2807/4993/431 2808/4994/431 2806/4995/431 

vt 100.91 -2.2003e-15
vn 0.422231 -1.65419e-17 0.906488
v 91.0061 -2.16573e-15 -44.7007
vt 101.37 -2.20039e-15
v 91.0061 13 -44.7007
vt 101.37 13
vt 100.91 13
f 2807/4996/444 2809/4997/444 2810/4998/444 2808/4999/444 

vt -44.7007 1.03171e-15
v 91.0061 -2.16573e-15 -44.5507
vt -44.5507 1.03171e-15
v 91.0061 13 -44.5507
vt -44.5507 13
vt -44.7007 13
f 2809/5000/422 2811/5001/422 2812/5002/422 2810/5003/422 

vt 45.8899 -3.92049e-16
vn -0.601634 1.96338e-17 0.798772
v 91.3256 -2.16573e-15 -44.31
vt 46.2899 -3.92049e-16
v 91.3256 13 -44.31
vt 46.2899 13
vt 45.8899 13
f 2811/5004/445 2813/5005/445 2814/5006/445 2812/5007/445 

vt 78.7319 -1.767e-15
vn -0.229301 6.22337e-18 0.973356
v 91.7441 -2.16573e-15 -44.2114
vt 79.1619 -1.767e-15
v 91.7441 13 -44.2114
vt 79.1619 13
vt 78.7319 13
f 2813/5008/446 2815/5009/446 2816/5010/446 2814/5011/446 

vt 2.42508 9.31513e-16
vn -0.890262 3.04211e-17 0.45545
v 91.86 -2.88765e-15 -43.985
vt 2.67947 2.09602e-16
v 91.86 13 -43.985
vt 2.67947 13
vt 2.42508 13
f 2815/5012/447 2817/5013/447 2818/5014/447 2816/5015/447 

vt 91.86 -2.97048e-15
vt 92.9859 -2.97048e-15
v 92.9859 13 -43.985
vt 92.9859 13
vt 91.86 13
f 2817/5016/421 509/5017/421 2819/5018/421 2818/5019/421 

vt 43.985 3.79359e-16
vn 1 -3.51344e-17 -4.20629e-33
vt 50.015 1.10127e-15
vt 50.015 3
v 92.9859 13 -50.015
vt 50.015 13
vt 43.985 13
f 509/5020/448 513/5021/448 1196/5022/448 2820/5023/448 2819/5024/448 

usemtl FrontColor
vt 3660.86 2.45526e-14
vn 0 5.57707e-17 1
vt 3700.23 2.45526e-14
vt 3700.23 118.11
vt 3660.86 118.11
f 513/5025/449 514/5026/449 1197/5027/449 1196/5028/449 

usemtl _4
vt -50.015 -2.1114e-15
vn -1 5.78084e-19 6.92082e-35
vt -43.985 -2.83331e-15
v 93.9859 13 -43.985
vt -43.985 13
v 93.9859 13 -50.015
vt -50.015 13
vt -50.015 3
f 514/5029/450 510/5030/450 2821/5031/450 2822/5032/450 1197/5033/450 

vt 93.9859 -2.86629e-15
vt 101.004 -2.86629e-15
v 101.004 13 -43.985
vt 101.004 13
vt 93.9859 13
f 510/5034/185 457/5035/185 2823/5036/185 2821/5037/185 

vt 43.985 -2.82926e-15
vn 1 -5.78084e-19 -4.61644e-35
vt 53.025 -2.10735e-15
v 101.004 4.5 -53.025
vt 53.025 4.5
v 101.004 13 -53.025
vt 53.025 13
f 457/5038/451 456/5039/451 2824/5040/451 2825/5041/451 2823/5024/451 

usemtl FrontColor
vt 3976.55 -8.52651e-14
vt 4015.92 -8.52651e-14
v 102.004 4.5 -53.025
vt 4015.92 177.165
vt 3976.55 177.165
f 456/5042/7 454/5043/7 2826/5044/7 2824/5045/7 

usemtl _4
vt -53.025 -2.10677e-15
vn -1 5.78084e-19 4.61644e-35
vt -43.985 -2.82868e-15
v 102.004 13 -43.985
v 102.004 13 -53.025
vt -53.025 13
vt -53.025 4.5
f 454/5046/452 453/5047/452 2827/5031/452 2828/5048/452 2826/5049/452 

vt 102.004 -2.86629e-15
v 103.034 -2.88765e-15 -43.985
vt 103.034 -2.86629e-15
v 103.034 13 -43.985
vt 103.034 13
vt 102.004 13
f 453/5050/185 2829/5051/185 2830/5052/185 2827/5053/185 

vt -43.985 -2.82808e-15
v 103.034 -2.88765e-15 -42.9975
vt -42.9975 -2.82808e-15
v 103.034 13 -42.9975
vt -42.9975 13
f 2829/5054/169 2831/5055/169 2832/5056/169 2830/5031/169 

vt 103.034 -2.86677e-15
v 104.994 -2.88765e-15 -42.9975
vt 104.994 -2.86677e-15
v 104.994 13 -42.9975
vt 104.994 13
f 2831/5057/185 2833/5058/185 2834/5059/185 2832/5052/185 

vt 42.9975 -2.82695e-15
v 104.994 -2.88765e-15 -45.0476
vt 45.0476 -2.82695e-15
v 104.994 13 -45.0476
vt 45.0476 13
vt 42.9975 13
f 2833/5060/164 2835/5061/164 2836/5062/164 2834/5063/164 

vt 110.966 -2.8772e-15
vn 0.164191 3.84013e-19 0.986429
v 105.458 -2.16314e-15 -45.1248
vt 111.436 -2.1527e-15
v 105.458 13 -45.1248
vt 111.436 13
vt 110.966 13
f 2835/5064/453 2837/5065/453 2838/5066/453 2836/5067/453 

vt 99.6036 -2.15357e-15
vn 0.797587 -1.68206e-19 0.603204
v 105.567 -2.16567e-15 -45.2683
vt 99.7836 -2.1561e-15
v 105.567 13 -45.2683
vt 99.7836 13
vt 99.6036 13
f 2837/5068/454 2839/5069/454 2840/5070/454 2838/5071/454 

vt 45.2683 -2.10464e-15
v 105.567 -2.16567e-15 -45.4983
vt 45.4983 -2.10464e-15
v 105.567 13 -45.4983
vt 45.4983 13
vt 45.2683 13
f 2839/5072/164 2841/5073/164 2842/5074/164 2840/5075/164 

vt 114.881 -2.16645e-15
vn 0.42817 1.91244e-19 0.903698
v 105.946 -2.16573e-15 -45.6782
vt 115.301 -2.16652e-15
v 105.946 13 -45.6782
vt 115.301 13
vt 114.881 13
f 2841/5076/455 2843/5077/455 2844/5078/455 2842/5079/455 

vt 74.8752 -2.12981e-15
vn 0.955579 -4.09306e-19 0.294736
v 106.043 -2.16573e-15 -45.9935
vt 75.2052 -2.12981e-15
v 106.043 13 -45.9935
vt 75.2052 13
vt 74.8752 13
f 2843/5080/456 2845/5081/456 2846/5082/456 2844/5083/456 

vt 106.043 -2.1434e-15
vt 119.983 -2.1434e-15
v 119.983 13 -45.9935
vt 119.983 13
vt 106.043 13
f 2845/5084/185 472/5085/185 2847/5086/185 2846/5087/185 

vt 45.9935 -2.09637e-15
vn 1 -5.78084e-19 -2.95529e-44
vt 50.0335 -2.09637e-15
vt 50.0335 2
v 119.983 13 -50.0335
vt 50.0335 13
vt 45.9935 13
f 472/5088/457 468/5089/457 1311/5090/457 2848/5091/457 2847/5092/457 

usemtl FrontColor
vt 4723.73 -8.52651e-14
vt 4763.1 -8.52651e-14
vt 4763.1 78.7402
vt 4723.73 78.7402
f 468/5093/7 467/5094/7 1306/5095/7 1311/5096/7 

usemtl _4
vt -50.0335 -2.0958e-15
vn -1 5.78084e-19 2.95529e-44
vt -45.9935 -2.0958e-15
v 120.983 13 -45.9935
vt -45.9935 13
v 120.983 13 -50.0335
vt -50.0335 13
vt -50.0335 2
f 467/5097/458 471/5098/458 2849/5099/458 2850/5100/458 1306/5101/458 

vt 120.983 -2.1434e-15
v 126.022 -2.16573e-15 -45.9935
vt 126.022 -2.1434e-15
v 126.022 13 -45.9935
vt 126.022 13
vt 120.983 13
f 471/5102/185 2851/5103/185 2852/5104/185 2849/5105/185 

vt -45.9935 -2.09288e-15
v 126.022 -2.16573e-15 -34.0235
vt -34.0235 -2.09288e-15
v 126.022 13 -34.0235
vt -34.0235 13
f 2851/5106/169 2853/5107/169 2854/5108/169 2852/5099/169 

vt -126.022 -2.14922e-15
v 104.992 -2.16573e-15 -34.0235
vt -104.992 -2.14922e-15
v 104.992 13 -34.0235
vt -104.992 13
vt -126.022 13
f 2853/5109/165 2855/5110/165 2856/5111/165 2854/5112/165 

vt 34.0235 -2.10504e-15
v 104.992 -2.16573e-15 -39.9735
vt 39.9735 -2.10504e-15
v 104.992 13 -39.9735
vt 39.9735 13
vt 34.0235 13
f 2855/5113/164 2857/5114/164 2858/5115/164 2856/5116/164 

vt -104.992 -2.14633e-15
v 103.022 -2.16573e-15 -39.9735
vt -103.022 -2.14633e-15
v 103.022 13 -39.9735
vt -103.022 13
f 2857/5117/165 2859/5118/165 2860/5119/165 2858/5111/165 

vt -39.9735 -2.10618e-15
v 103.022 -2.16573e-15 -32.0035
vt -32.0035 -2.10618e-15
v 103.022 13 -32.0035
vt -32.0035 13
vt -39.9735 13
f 2859/5120/169 2861/5121/169 2862/5122/169 2860/5123/169 

vt 103.022 -2.16573e-15
v 112.024 -2.16573e-15 -32.0035
vt 112.024 -2.16573e-15
v 112.024 4 -32.0035
vt 112.024 4
v 112.024 13 -32.0035
vt 112.024 13
vt 103.022 13
f 2861/5124/7 2863/5125/7 2864/5126/7 2865/5127/7 2862/5128/7 

usemtl _5
vt -32.0035 -2.16573e-15
v 112.024 -2.16573e-15 -16.0046
vt -16.0046 -2.16573e-15
v 112.024 4 -16.0046
vt -16.0046 4
vt -32.0035 4
f 2863/5129/3 2866/5130/3 2867/5131/3 2864/5132/3 

vt 112.024 -2.15665e-15
vn -1.40561e-36 5.67378e-19 1
v 117.974 -2.151e-15 -16.0046
vt 117.974 -2.14191e-15
v 117.974 4 -16.0046
vt 117.974 4
f 2866/5133/459 2868/5134/459 2869/5135/459 2867/5126/459 

vt 16.0046 4
vt 16.0046 -2.151e-15
v 117.974 1 -18.0046
vt 18.0046 1
v 117.974 4 -18.0046
vt 18.0046 4
f 2869/5136/1 2868/5137/1 2870/5138/1 2871/5139/1 

usemtl FrontColor
vt 630.102 -8.46848e-14
vt 708.842 -8.17124e-14
vt 708.842 39.3701
f 2868/5140/1 400/5141/1 2870/5142/1

vt -4644.64 708.842
vn 5.71328e-19 -1 -3.74642e-17
vt -4684.01 708.842
v 118.974 -2.14985e-15 -16.0046
vt -4684.01 630.102
vt -4644.64 630.102
f 400/5143/460 401/5144/460 2872/5145/460 2868/5146/460 

vt -4684.01 -8.17124e-14
vt -4644.64 -8.17124e-14
vt -4644.64 39.3701
v 118.974 1 -18.0046
vt -4684.01 39.3701
f 401/5147/5 400/5148/5 2870/5149/5 2873/5150/5 

usemtl _5
vt -117.974 -2.0755e-15
vt -113.014 -2.0755e-15
v 113.014 4 -18.0046
vt -113.014 4
vt -117.974 4
vt -117.974 1
f 400/5151/5 399/5152/5 2874/5153/5 2871/5154/5 2870/5155/5 

vt 18.0046 -2.10202e-15
vn 1 2.34694e-19 -0
vt 29.9846 -2.10202e-15
v 113.014 4 -29.9846
vt 29.9846 4
f 399/5156/461 398/5157/461 2875/5158/461 2874/5139/461 

vt 113.014 -2.05848e-15
vn 0 5.67378e-19 1
vt 124.984 -2.05848e-15
v 124.984 4 -29.9846
vt 124.984 4
vt 113.014 4
f 398/5159/462 397/5160/462 2876/5161/462 2875/5162/462 

vt -29.9846 -2.10483e-15
vn -1 -2.34694e-19 -0
vt -18.0046 -2.10483e-15
v 124.984 4 -18.0046
vt -18.0046 4
vt -29.9846 4
f 397/5163/463 402/5164/463 2877/5165/463 2876/5166/463 

vt -124.984 -2.0755e-15
vt -118.974 -2.0755e-15
vt -118.974 1
v 118.974 4 -18.0046
vt -118.974 4
vt -124.984 4
f 402/5167/5 401/5168/5 2873/5169/5 2878/5170/5 2877/5171/5 

usemtl FrontColor
vt -708.842 -8.17124e-14
vt -630.102 -8.46399e-14
vt -708.842 39.3701
f 401/5172/3 2872/5173/3 2873/5174/3

usemtl _7
vt 117.974 16.551
vt 117.974 14.3149
vt 118.974 14.3149
vt 118.974 16.551
f 2870/5175/17 2868/5176/17 2872/5177/17 2873/5178/17 

usemtl _5
vt -18.0046 1
vt -16.0046 -2.14985e-15
v 118.974 4 -16.0046
f 2878/5165/3 2873/5179/3 2872/5180/3 2879/5131/3 

vt 118.974 -2.14077e-15
vn -3.19922e-16 5.67378e-19 1
v 128 -2.12923e-15 -16.0046
vt 128 -2.12014e-15
v 128 4 -16.0046
vt 128 4
vt 118.974 4
f 2872/5181/464 2880/5182/464 2881/5183/464 2879/5184/464 

vt 16.0046 -2.15927e-15
v 128 -2.12923e-15 -32.0035
vt 32.0035 -2.15927e-15
v 128 4 -32.0035
vt 32.0035 4
f 2880/5185/461 2882/5186/461 2883/5187/461 2881/5136/461 

vt -128 -2.12923e-15
v 126.962 -2.16573e-15 -32.0035
vt -126.962 -2.16573e-15
v 126.962 4 -32.0035
vt -126.962 4
vt -128 4
f 2882/5188/5 2884/5189/5 2885/5190/5 2883/5191/5 

usemtl _4
vt 32.0035 -2.16573e-15
v 126.962 -2.12923e-15 -64
vt 64 -2.12923e-15
v 126.962 13 -64
vt 64 13
v 126.962 13 -32.0035
vt 32.0035 13
f 2884/5192/1 2886/5193/1 2887/5194/1 2888/5195/1 2885/5187/1 

vt -126.962 -2.09815e-15
vn -1.27189e-36 -4.85519e-19 -1
v 113.022 -2.09271e-15 -64
vt -113.022 -2.06163e-15
v 113.022 13 -64
vt -113.022 13
vt -126.962 13
f 2886/5196/465 2889/5197/465 2890/5198/465 2887/5199/465 

vt -64 -2.02737e-15
v 113.022 -2.09271e-15 -48
vt -48 -2.02737e-15
v 113.022 13 -48
vt -48 13
vt -64 13
f 2889/5200/169 2891/5201/169 2892/5202/169 2890/5203/169 

vt -113.022 -2.0694e-15
v 105.982 -2.09271e-15 -48
vt -105.982 -2.0694e-15
v 105.982 13 -48
vt -105.982 13
f 2891/5204/165 2893/5205/165 2894/5206/165 2892/5198/165 

vt 48 -2.03144e-15
v 105.982 -2.09271e-15 -57.99
vt 57.99 -2.03144e-15
v 105.982 13 -57.99
vt 57.99 13
vt 48 13
f 2893/5207/164 2895/5208/164 2896/5209/164 2894/5210/164 

vt -105.982 -2.06455e-15
v 96.0021 -2.09271e-15 -57.99
vt -96.0021 -2.06455e-15
v 96.0021 13 -57.99
vt -96.0021 13
f 2895/5211/165 2897/5212/165 2898/5213/165 2896/5206/165 

vt 57.99 -2.03721e-15
vn 1 -5.78084e-19 4.20995e-40
v 96.0021 -2.09271e-15 -64
vt 64 -2.03721e-15
v 96.0021 13 -64
f 2897/5214/466 2899/5215/466 2900/5194/466 2898/5209/466 

vt -96.0021 -2.06164e-15
vn 9.48667e-42 -4.85519e-19 -1
v -128 -2.09272e-15 -64
vt 128 -2.06164e-15
v -128 13 -64
vt 128 13
f 2899/5216/467 2901/5217/467 2902/5218/467 2900/5213/467 

vt -64 -2.16671e-15
v -128 -2.09272e-15 -32
vt -32 -2.16671e-15
v -128 3 -32
vt -32 3
v -128 13 -32
vt -32 13
f 2901/5219/169 2903/5220/169 2904/5221/169 2905/5222/169 2902/5203/169 

usemtl _5
vn -1 -2.09664e-18 2.8203e-37
vt -32 -1.82435e-15
v -128 -1 -32
vt -32 -1
v -128 -1 32.0095
vt 32.0095 -1
v -128 3 32.0095
vt 32.0095 3
f 2904/5221/468 2903/5223/468 2906/5224/468 2907/5225/468 2908/5226/468 

vt 128.001 -2.09266e-15
vn 3.00211e-05 -1.74782e-21 -1
v -98.0317 -2.16581e-15 -31.9991
vt 98.0327 -2.16576e-15
v -98.0317 -1 -31.9991
vt 98.0327 -1
vt 128.001 -1
f 2903/5227/469 2909/5228/469 2910/5229/469 2906/5230/469 

v -98.0317 3 -29.9791
vt 29.9791 3
v -98.0317 -1 -29.9791
vt 29.9791 -1
vt 31.9991 -1
vt 31.9991 -2.16581e-15
v -98.0317 3 -31.9991
vt 31.9991 3
f 2911/5231/1 2912/5232/1 2910/5233/1 2909/5234/1 2913/5235/1 

v -124.952 3 -29.9791
vt -124.952 3
v -124.952 -1 -29.9791
vt -124.952 -1
vt -98.0317 -1
vt -98.0317 3
f 2914/5236/7 2915/5237/7 2912/5238/7 2911/5239/7 

v -125.082 3 -29.6653
vt -20.7699 3
vn 0.922942 0 0.38494
v -125.082 -1 -29.6653
vt -20.7699 -1
vt -20.4299 -1
vt -20.4299 3
f 2916/5240/470 2917/5241/470 2915/5242/470 2914/5243/470 

v -125.409 3 -29.4916
vt -96.8815 3
vn 0.4695 -1.6382e-18 0.882932
v -125.409 -1 -29.4916
vt -96.8815 -1
vt -96.5115 -1
vt -96.5115 3
f 2918/5244/471 2919/5245/471 2917/5246/471 2916/5247/471 

v -125.409 3 -29.2816
vt 29.2816 3
v -125.409 -1 -29.2816
vt 29.2816 -1
vt 29.4916 -1
vt 29.4916 3
f 2920/5248/1 2921/5249/1 2919/5250/1 2918/5251/1 

v -125.589 3 -29.0801
vt -61.9173 3
vn 0.746144 -1.4735e-18 0.665785
v -125.589 -1 -29.0801
vt -61.9173 -1
vt -61.6473 -1
vt -61.6473 3
f 2922/5252/472 2923/5253/472 2921/5254/472 2920/5255/472 

v -125.989 3 -29.0801
vt -125.989 3
v -125.989 -1 -29.0801
vt -125.989 -1
vt -125.589 -1
vt -125.589 3
f 2924/5256/7 2925/5257/7 2923/5258/7 2922/5259/7 

v -125.989 3 13.0299
vt -13.0299 3
v -125.989 -1 13.0299
vt -13.0299 -1
vt 29.0801 -1
vt 29.0801 3
f 2926/5260/1 2927/5261/1 2925/5262/1 2924/5263/1 

v -125.779 3 13.0299
vt 125.779 3
v -125.779 -1 13.0299
vt 125.779 -1
vt 125.989 -1
vt 125.989 3
f 2928/5264/5 2929/5265/5 2927/5266/5 2926/5267/5 

v -125.394 3 13.4366
vt 76.4219 3
vn 0.726383 -7.16831e-19 -0.68729
v -125.394 -1 13.4366
vt 76.4219 -1
vt 76.9819 -1
vt 76.9819 3
f 2930/5268/473 2931/5269/473 2929/5270/473 2928/5271/473 

v -125.074 3 13.4366
vt 125.074 3
v -125.074 -1 13.4366
vt 125.074 -1
vt 125.394 -1
vt 125.394 3
f 2932/5272/5 2933/5273/5 2931/5274/5 2930/5275/5 

v -125.074 3 13.9766
vt -13.9766 3
v -125.074 -1 13.9766
vt -13.9766 -1
vt -13.4366 -1
vt -13.4366 3
f 2934/5276/1 2935/5277/1 2933/5278/1 2932/5279/1 

v -113.964 3 13.9766
vt 113.964 3
v -113.964 -2.43645e-15 13.9766
vt 113.964 -2.43645e-15
v -113.964 -1 13.9766
vt 113.964 -1
f 2936/5280/5 2937/5281/5 2938/5282/5 2935/5273/5 2934/5272/5 

v -113.964 3 21.0066
vt -21.0066 3
vn 1 -8.91732e-32 -3.28608e-15
v -113.964 -1 21.0066
vt -21.0066 -1
vt -13.9766 -2.43645e-15
f 2939/5283/474 2940/5284/474 2938/5277/474 2937/5285/474 2936/5276/474 

v -125.994 3 21.0066
vt -125.994 3
vn 0 -2.99548e-18 1
v -125.994 -1 21.0066
vt -125.994 -1
vt -113.964 -1
vt -113.964 3
f 2941/5286/475 2942/5287/475 2940/5288/475 2939/5289/475 

v -125.994 3 32.0095
vt -32.0095 3
vn 1 2.09664e-18 -0
v -125.994 -1 32.0095
vt -32.0095 -1
f 2943/5290/476 2944/5291/476 2942/5284/476 2941/5283/476 

vt -128 3
vn 1.28577e-35 -2.99548e-18 1
vt -128 -1
f 2908/5292/477 2907/5293/477 2944/5287/477 2943/5286/477 

vt 128 -32.0095
vn 8.20468e-19 -1 -2.01978e-18
vt 128 32
vt 98.0317 31.9991
vt 98.0317 29.9791
vt 124.952 29.9791
vt 125.082 29.6653
vt 125.409 29.4916
vt 125.409 29.2816
vt 125.589 29.0801
vt 125.989 29.0801
vt 125.989 -13.0299
vt 125.779 -13.0299
vt 125.394 -13.4366
vt 125.074 -13.4366
vt 125.074 -13.9766
vt 113.964 -13.9766
vt 113.964 -21.0066
vt 125.994 -21.0066
vt 125.994 -32.0095
f 2907/5294/478 2906/5295/478 2910/5296/478 2912/5297/478 2915/5298/478 2917/5299/478 2919/5300/478 2921/5301/478 2923/5302/478 2925/5303/478 2927/5304/478 2929/5305/478 2931/5306/478 2933/5307/478 2935/5308/478 2938/5309/478 2940/5310/478 2942/5311/478 2944/5312/478 

usemtl FrontColor
v -113.044 -1 13.9766
vt -4450.55 -550.262
vn -9.76825e-18 1 -4.26871e-18
v -98.0187 -1 13.9766
vt -3859 -550.262
v -98.0187 -1 15.9995
vt -3859 -629.903
v -96.0087 -1 15.9995
vt -3779.87 -629.903
v -96.0087 -1 -5.24047
vt -3779.87 206.318
v -95.3834 -1 -5.9153
vt -3755.25 232.886
v -94.7134 -1 -5.9153
vt -3728.87 232.886
v -94.3964 -1 -5.52857
vt -3716.4 217.66
v -94.2064 -1 -5.52857
vt -3708.91 217.66
v -94.0534 -1 -5.31837
vt -3702.89 209.385
v -93.9705 -1 -4.85574
vt -3699.63 191.171
v -93.6705 -1 -4.85574
vt -3687.81 191.171
v -92.9884 -1 -4.31569
vt -3660.96 169.909
v -92.9884 -1 -1.98569
vt -3660.96 78.1768
v -82.9484 -1 -1.98569
vt -3265.69 78.1768
v -82.9484 -1 -6.29747
vt -3265.69 247.932
v -82.3594 -1 -6.89636
vt -3242.5 271.51
v -78.6794 -1 -6.89636
vt -3097.61 271.51
v -78.01 -1 -6.29479
vt -3071.26 247.826
v -78.01 -1 -1.98569
vt -3071.26 78.1768
v -66 -1 -1.98569
vt -2598.42 78.1768
v -66 -1 -14.0057
vt -2598.42 551.405
v -67 -1 -14.0057
vt -2637.8 551.405
v -72.9963 -1 -14.0057
vt -2873.87 551.405
v -73.9963 -1 -14.0057
vt -2913.24 551.405
v -77.9863 -1 -14.0057
vt -3070.33 551.405
v -77.9863 -1 -9.77084
vt -3070.33 384.679
v -78.4488 -1 -9.4921
vt -3088.54 373.705
v -78.4488 -1 -9.2621
vt -3088.54 364.65
v -78.5736 -1 -9.1466
vt -3093.45 360.102
v -79.0609 -1 -8.99627
vt -3112.63 354.184
v -82.1209 -1 -8.99627
vt -3233.11 354.184
v -82.2314 -1 -9.2205
vt -3237.46 363.012
v -82.645 -1 -9.29392
vt -3253.74 365.902
v -82.8077 -1 -9.47029
vt -3260.15 372.846
v -82.9907 -1 -9.5734
vt -3267.35 376.905
v -82.9907 -1 -10.0134
vt -3267.35 394.228
v -83.1107 -1 -10.0134
vt -3272.07 394.228
v -83.2467 -1 -10.2581
vt -3277.43 403.863
v -83.4467 -1 -10.2581
vt -3285.3 403.863
v -84.2341 -1 -11.3051
vt -3316.3 445.083
v -84.6533 -1 -11.3051
vt -3332.81 445.083
v -84.9887 -1 -11.5742
vt -3346.01 455.676
v -84.9887 -1 -13.9842
vt -3346.01 550.558
v -85.1087 -1 -13.9842
vt -3350.74 550.558
v -85.2487 -1 -14.2267
vt -3356.25 560.106
v -85.6609 -1 -14.3069
vt -3372.48 563.264
v -85.8227 -1 -14.4975
vt -3378.84 570.769
v -85.9027 -1 -14.4975
vt -3381.99 570.769
v -86.0663 -1 -14.6996
vt -3388.44 578.725
v -86.4304 -1 -14.4904
vt -3402.77 570.488
v -86.4304 -1 -14.2704
vt -3402.77 561.826
v -86.5602 -1 -14.1456
vt -3407.88 556.913
v -87.0636 -1 -14.0641
vt -3427.7 553.703
v -87.0636 -1 -11.7071
vt -3427.7 460.909
v -87.4248 -1 -11.5132
vt -3441.92 453.274
v -87.4248 -1 -11.2732
vt -3441.92 443.825
v -87.5904 -1 -11.1283
vt -3448.44 438.121
v -88.0205 -1 -10.9961
vt -3465.37 432.915
v -89.0205 -1 -10.9961
vt -3504.74 432.915
v -89.0205 -1 -9.97889
vt -3504.74 392.87
v -90.1105 -1 -9.97889
vt -3547.66 392.87
v -90.2764 -1 -10.2525
vt -3554.19 403.643
v -90.6583 -1 -10.3317
vt -3569.22 406.761
v -91.0121 -1 -10.5761
vt -3583.16 416.38
v -91.0121 -1 -10.9961
vt -3583.16 432.915
v -91.1121 -1 -10.9961
vt -3587.09 432.915
v -91.2487 -1 -11.229
vt -3592.47 442.085
v -91.6733 -1 -11.2967
vt -3609.19 444.752
v -91.9978 -1 -11.5634
vt -3621.96 455.25
v -91.9978 -1 -11.9834
vt -3621.96 471.786
v -92.1178 -1 -11.9834
vt -3626.69 471.786
v -92.2595 -1 -12.2364
vt -3632.26 481.749
v -92.6868 -1 -12.3412
vt -3649.09 485.872
v -93.1127 -1 -12.6566
vt -3665.86 498.291
v -93.4494 -1 -12.503
vt -3679.11 492.245
v -93.4494 -1 -12.283
vt -3679.11 483.584
v -93.5893 -1 -12.1545
vt -3684.62 478.524
v -93.9898 -1 -12.0666
vt -3700.38 475.063
v -94.0803 -1 -11.6873
vt -3703.95 460.128
v -94.4335 -1 -11.4995
vt -3717.85 452.735
v -94.4335 -1 -11.2895
vt -3717.85 444.467
v -94.5818 -1 -11.1409
vt -3723.69 438.617
v -94.8218 -1 -11.1409
vt -3733.14 438.617
v -94.9782 -1 -10.9861
vt -3739.3 432.524
v -95.1082 -1 -10.9861
vt -3744.42 432.524
v -95.251 -1 -11.2385
vt -3750.04 442.462
v -95.6751 -1 -11.3091
vt -3766.74 445.242
v -95.8317 -1 -11.5291
vt -3772.9 453.902
v -96.0017 -1 -11.5291
vt -3779.59 453.902
v -96.0017 -1 -31.9991
vt -3779.59 1259.81
vt -3859.52 1259.81
vt -3859.52 1180.28
vt -4919.35 1180.28
vt -4924.51 1167.93
vt -4937.37 1161.09
vt -4937.37 1152.82
vt -4944.45 1144.89
vt -4960.19 1144.89
vt -4960.19 -512.987
vt -4951.93 -512.987
vt -4936.77 -529.002
vt -4924.18 -529.002
vt -4924.18 -550.262
vt -4486.77 -550.262
f 2945/5313/479 2946/5314/479 2947/5315/479 2948/5316/479 2949/5317/479 2950/5318/479 2951/5319/479 2952/5320/479 2953/5321/479 2954/5322/479 2955/5323/479 2956/5324/479 2957/5325/479 2958/5326/479 2959/5327/479 2960/5328/479 2961/5329/479 2962/5330/479 2963/5331/479 2964/5332/479 2965/5333/479 2966/5334/479 2967/5335/479 2968/5336/479 2969/5337/479 2970/5338/479 2971/5339/479 2972/5340/479 2973/5341/479 2974/5342/479 2975/5343/479 2976/5344/479 2977/5345/479 2978/5346/479 2979/5347/479 2980/5348/479 2981/5349/479 2982/5350/479 2983/5351/479 2984/5352/479 2985/5353/479 2986/5354/479 2987/5355/479 2988/5356/479 2989/5357/479 2990/5358/479 2991/5359/479 2992/5360/479 2993/5361/479 2994/5362/479 2995/5363/479 2996/5364/479 2997/5365/479 2998/5366/479 2999/5367/479 3000/5368/479 3001/5369/479 3002/5370/479 3003/5371/479 3004/5372/479 3005/5373/479 3006/5374/479 3007/5375/479 3008/5376/479 3009/5377/479 3010/5378/479 3011/5379/479 3012/5380/479 3013/5381/479 3014/5382/479 3015/5383/479 3016/5384/479 3017/5385/479 3018/5386/479 3019/5387/479 3020/5388/479 3021/5389/479 3022/5390/479 3023/5391/479 3024/5392/479 3025/5393/479 3026/5394/479 3027/5395/479 3028/5396/479 3029/5397/479 3030/5398/479 3031/5399/479 3032/5400/479 3033/5401/479 3034/5402/479 3035/5403/479 2910/5404/479 2912/5405/479 2915/5406/479 2917/5407/479 2919/5408/479 2921/5409/479 2923/5410/479 2925/5411/479 2927/5412/479 2929/5413/479 2931/5414/479 2933/5415/479 2935/5416/479 2938/5417/479 

usemtl _5
v -98.0187 3 13.9766
vt 98.0187 3
vt 98.0187 -1
vt 113.044 -1
v -113.044 -2.43645e-15 13.9766
vt 113.044 -2.43645e-15
v -113.044 3 13.9766
vt 113.044 3
f 3036/5418/5 2946/5419/5 2945/5420/5 3037/5421/5 3038/5422/5 

v -98.0187 3 15.9995
vt -15.9995 3
v -98.0187 -2.16573e-15 15.9995
vt -15.9995 -2.16573e-15
vt -15.9995 -1
f 3039/5423/1 3040/5424/1 2947/5425/1 2946/5277/1 3036/5276/1 

v -111.999 3 15.9995
vt -111.999 3
v -111.999 -1 15.9995
vt -111.999 -1
vt -98.0187 -1
vt -98.0187 -2.16573e-15
vt -98.0187 3
f 3041/5426/7 3042/5427/7 2947/5428/7 3040/5429/7 3039/5430/7 

v -111.999 3 32.0095
vn 1 1.27223e-17 -0
v -111.999 -1 32.0095
f 3043/5290/480 3044/5291/480 3042/5425/480 3041/5423/480 

v -113.929 3 32.0095
vt -113.929 3
vn 0 1.22034e-17 1
v -113.929 -1 32.0095
vt -113.929 -1
f 3045/5431/481 3046/5432/481 3044/5427/481 3043/5426/481 

v -113.929 3 28.1295
vt 28.1295 3
vn -1 -1.27223e-17 -0
v -113.929 -1 28.1295
vt 28.1295 -1
f 3047/5433/482 3048/5434/482 3046/5225/482 3045/5226/482 

v -113.776 3 27.9859
vt 102.131 3
vn -0.684107 -1.76043e-17 -0.729381
v -113.776 -1 27.9859
vt 102.131 -1
vt 102.341 -1
vt 102.341 3
f 3049/5435/483 3050/5436/483 3048/5437/483 3047/5438/483 

v -113.044 3 27.9859
vn 0 -1.22034e-17 -1
v -113.044 -1 27.9859
vt 113.776 -1
vt 113.776 3
f 3051/5422/484 3052/5420/484 3050/5439/484 3049/5440/484 

v -113.044 3 21.0066
vt 21.0066 3
vn -1 -1.27223e-17 4.93485e-34
v -113.044 -1 21.0066
vt 21.0066 -1
vt 27.9859 -1
vt 27.9859 3
f 3053/5441/485 3054/5442/485 3052/5443/485 3051/5444/485 

vt 13.9766 3
vt 13.9766 -2.43645e-15
vt 13.9766 -1
f 3038/5445/3 3037/5446/3 2945/5447/3 3054/5442/3 3053/5441/3 

usemtl FrontColor
vt 4486.77 -9.59233e-14
vt 4450.55 -9.59233e-14
vt 4450.55 -39.3701
vt 4486.77 -39.3701
f 2937/5448/5 3037/5449/5 2945/5450/5 2938/5451/5 

usemtl _5
vt 113.044 -27.9859
vn 1.14371e-17 -1 2.98663e-17
vt 113.044 -21.0066
vt 113.044 -13.9766
vt 98.0187 -13.9766
vt 98.0187 -15.9995
vt 111.999 -15.9995
vt 111.999 -32.0095
vt 113.929 -32.0095
vt 113.929 -28.1295
vt 113.776 -27.9859
f 3052/5452/486 3054/5453/486 2945/5454/486 2946/5455/486 2947/5456/486 3042/5457/486 3044/5458/486 3046/5459/486 3048/5460/486 3050/5461/486 

vt -113.044 -21.0066
vn -1.27223e-17 1 -1.22034e-17
vt -113.044 -27.9859
vt -113.776 -27.9859
vt -113.929 -28.1295
vt -113.929 -32.0095
vt -111.999 -32.0095
vt -111.999 -15.9995
vt -98.0187 -15.9995
vt -98.0187 -13.9766
vt -113.044 -13.9766
f 3053/5462/487 3051/5463/487 3049/5464/487 3047/5465/487 3045/5466/487 3043/5467/487 3041/5468/487 3039/5469/487 3036/5470/487 3038/5471/487 

usemtl FrontColor
vt 3859 -8.52651e-14
v -96.0087 -2.16573e-15 15.9995
vt 3779.87 -8.52651e-14
vt 3779.87 -39.3701
vt 3859 -39.3701
f 3040/5472/5 3055/5473/5 2948/5474/5 2947/5475/5 

usemtl _4
v -96.0087 7 -5.24047
vt -5.24047 7
vt -5.24047 -1
vt 15.9995 -1
vt 15.9995 -2.16573e-15
v -96.0087 7 15.9995
vt 15.9995 7
f 3056/5476/3 2949/5477/3 2948/5478/3 3055/5479/3 3057/5480/3 

v -95.3834 7 -5.9153
vt 60.4913 7
vn -0.733508 0 -0.679681
vt 60.4913 -1
vt 61.4113 -1
vt 61.4113 7
f 3058/5481/488 2950/5482/488 2949/5483/488 3056/5484/488 

v -94.7134 7 -5.9153
vt 94.7134 7
vt 94.7134 -1
vt 95.3834 -1
vt 95.3834 7
f 3059/5485/5 2951/5486/5 2950/5487/5 3058/5488/5 

v -94.3964 7 -5.52857
vt 64.1103 7
vn 0.773447 0 -0.633861
vt 64.1103 -1
vt 64.6103 -1
vt 64.6103 7
f 3060/5489/489 2952/5490/489 2951/5491/489 3059/5492/489 

v -94.2064 7 -5.52857
vt 94.2064 7
vt 94.2064 -1
vt 94.3964 -1
vt 94.3964 7
f 3061/5493/5 2953/5494/5 2952/5495/5 3060/5496/5 

v -94.0534 7 -5.31837
vt 59.6525 7
vn 0.80848 0 -0.588524
vt 59.6525 -1
vt 59.9125 -1
vt 59.9125 7
f 3062/5497/490 2954/5498/490 2953/5499/490 3061/5500/490 

v -93.9705 7 -4.85574
vt 21.3596 7
vn 0.984312 -4.78855e-19 -0.176438
vt 21.3596 -1
vt 21.8296 -1
vt 21.8296 7
f 3063/5501/491 2955/5502/491 2954/5503/491 3062/5504/491 

v -93.6705 7 -4.85574
vt 93.6705 7
vt 93.6705 -1
vt 93.9705 -1
vt 93.9705 7
f 3064/5505/5 2956/5506/5 2955/5507/5 3063/5508/5 

v -92.9884 7 -4.31569
vt 75.5829 7
vn 0.620747 0 -0.784011
vt 75.5829 -1
vt 76.4529 -1
vt 76.4529 7
f 3065/5509/492 2957/5510/492 2956/5511/492 3064/5512/492 

v -92.9884 7 -1.98569
vt 1.98569 7
vt 1.98569 -1
vt 4.31569 -1
vt 4.31569 7
f 3066/5513/1 2958/5514/1 2957/5515/1 3065/5516/1 

v -82.9484 7 -1.98569
vt 82.9484 7
vt 82.9484 -1
vt 92.9884 -1
vt 92.9884 7
f 3067/5517/5 2959/5518/5 2958/5519/5 3066/5520/5 

v -82.9484 7 -6.29747
vt -6.29747 7
vt -6.29747 -1
vt -1.98569 -1
vt -1.98569 7
f 3068/5521/3 2960/5522/3 2959/5523/3 3067/5524/3 

v -82.3594 7 -6.89636
vt 52.833 7
vn -0.712971 0 -0.701193
vt 52.833 -1
vt 53.673 -1
vt 53.673 7
f 3069/5525/493 2961/5526/493 2960/5527/493 3068/5528/493 

v -78.6794 7 -6.89636
vt 78.6794 7
vt 78.6794 -1
vt 82.3594 -1
vt 82.3594 7
f 3070/5529/5 2962/5530/5 2961/5531/5 3069/5532/5 

v -78.01 7 -6.29479
vt 62.2305 7
vn 0.668415 2.02754e-18 -0.743788
vt 62.2305 -1
vt 63.1305 -1
vt 63.1305 7
f 3071/5533/494 2963/5534/494 2962/5535/494 3070/5536/494 

v -78.01 7 -1.98569
vt 6.29479 -1
vt 6.29479 7
f 3072/5513/1 2964/5514/1 2963/5537/1 3071/5538/1 

v -66 7 -1.98569
vt 66 7
vt 66 -1
vt 78.01 -1
vt 78.01 7
f 3073/5539/5 2965/5540/5 2964/5541/5 3072/5542/5 

v -66 7 -14.0057
vt -14.0057 7
vt -14.0057 -1
f 3074/5543/3 2966/5544/3 2965/5523/3 3073/5524/3 

vt -17.9857 1
v -66 -2.16573e-15 -17.9857
vt -17.9857 -2.16573e-15
v -66 -1 -17.9857
vt -17.9857 -1
v -66 7 -17.9857
vt -17.9857 7
f 65/5545/3 3075/5546/3 3076/5547/3 2966/5544/3 3074/5543/3 3077/5548/3 

usemtl FrontColor
v -67 -2.16573e-15 -17.9857
vt -2637.8 -8.52651e-14
vt -2598.42 -8.52651e-14
vt -2598.42 39.3701
vt -2637.8 39.3701
f 3078/5549/7 3075/5550/7 65/5551/7 62/5552/7 

usemtl _4
v -67 -2.16573e-15 -14.0057
vt 14.0057 -2.20447e-15
vt 17.9857 -2.20447e-15
vt 17.9857 1
v -67 13 -17.9857
vt 17.9857 13
v -67 13 -14.0057
vt 14.0057 13
f 3079/5553/164 3078/5554/164 62/5555/164 3080/5556/164 3081/5557/164 

vt 67 13
vt 67 1
vt 67.9599 1
v -67.9599 13 -17.9857
vt 67.9599 13
f 3080/5558/165 62/5559/165 155/5560/165 3082/5561/165 

vt 40.1769 13
vn 0.939502 -7.09423e-19 -0.342545
vt 40.1769 1
vt 40.853 1
v -68.1915 13 -18.6209
vt 40.853 13
f 3082/5562/495 155/5563/495 154/5564/495 3083/5565/495 

vt 68.1915 13
vt 68.1915 1
vt 68.4115 1
v -68.4115 13 -18.6209
vt 68.4115 13
f 3083/5566/165 154/5567/165 153/5568/165 3084/5569/165 

vt 58.0022 13
vn 0.769772 -7.54909e-19 -0.638319
vt 58.0022 1
vt 58.4322 1
v -68.686 13 -18.9519
vt 58.4322 13
f 3084/5570/496 153/5571/496 152/5572/496 3085/5573/496 

vt 68.686 13
vt 68.686 1
vt 68.986 1
v -68.986 13 -18.9519
vt 68.986 13
f 3085/5574/165 152/5575/165 151/5576/165 3086/5577/165 

vt 18.9519 13
vt 18.9519 1
vt 29.0219 1
v -68.986 13 -29.0219
vt 29.0219 13
f 3086/5578/164 151/5579/164 150/5580/164 3087/5581/164 

vt -61.4122 13
vn 0.208649 3.54216e-19 0.97799
vt -61.4122 1
vt -60.9922 1
v -68.5752 13 -29.1096
vt -60.9922 13
f 3087/5582/497 150/5583/497 149/5584/497 3088/5585/497 

vt -25.5462 13
vn 0.730697 -9.094e-20 0.682702
vt -25.5462 1
vt -25.3262 1
v -68.425 13 -29.2703
vt -25.3262 13
f 3088/5586/498 149/5587/498 148/5588/498 3089/5589/498 

vt 29.2703 13
vt 29.2703 1
vt 29.4903 1
v -68.425 13 -29.4903
vt 29.4903 13
f 3089/5590/164 148/5591/164 147/5592/164 3090/5593/164 

vt -52.9651 13
vn 0.364558 2.4136e-19 0.931181
vt -52.9651 1
vt -52.6551 1
v -68.1363 13 -29.6033
vt -52.6551 13
f 3090/5594/499 147/5595/499 146/5596/499 3091/5597/499 

vt -13.8829 13
vn 0.826549 -2.04534e-19 0.562864
vt -13.8829 1
vt -13.6229 1
v -67.99 13 -29.8182
vt -13.6229 13
f 3091/5598/500 146/5599/500 145/5600/500 3092/5601/500 

vt 29.8182 13
vt 29.8182 1
vt 29.9882 1
v -67.99 13 -29.9882
vt 29.9882 13
f 3092/5602/164 145/5603/164 144/5604/164 3093/5605/164 

vt -67.99 13
vn 5.02668e-35 4.85519e-19 1
vt -67.99 1
vt -61.0172 1
v -61.0172 13 -29.9882
vt -61.0172 13
f 3093/5606/501 144/5607/501 143/5608/501 3094/5609/501 

vt -29.9882 13
vt -29.9882 1
vt -29.5643 1
v -61.0172 13 -29.5643
vt -29.5643 13
f 3094/5610/169 143/5611/169 142/5612/169 3095/5613/169 

vt -66.7276 13
vn -0.588717 7.32792e-19 0.808339
vt -66.7276 1
vt -66.3176 1
v -60.6858 13 -29.3229
vt -66.3176 13
f 3095/5614/502 142/5615/502 141/5616/502 3096/5617/502 

vt -64.9438 13
vn -0.17842 5.8087e-19 0.983954
vt -64.9438 1
vt -64.5438 1
v -60.2922 13 -29.2516
vt -64.5438 13
f 3096/5618/503 141/5619/503 140/5620/503 3097/5621/503 

vt -62.3068 13
vn -0.737073 7.5421e-19 0.675814
vt -62.3068 1
vt -62.1768 1
v -60.2043 13 -29.1558
vt -62.1768 13
f 3097/5622/504 140/5623/504 139/5624/504 3098/5625/504 

vt -29.1558 13
vt -29.1558 1
vt -29.0658 1
v -60.2043 13 -29.0658
vt -29.0658 13
f 3098/5626/169 139/5627/169 138/5628/169 3099/5629/169 

vt -64.9841 13
vn -0.634078 7.41987e-19 0.773269
vt -64.9841 1
vt -64.8141 1
v -60.0729 13 -28.958
vt -64.8141 13
f 3099/5630/505 138/5631/505 137/5632/505 3100/5633/505 

vt -34.3205 13
vn 0.548881 8.85457e-20 0.8359
vt -34.3205 1
vt -34.0405 1
v -59.8388 13 -29.1117
vt -34.0405 13
f 3100/5634/506 137/5635/506 136/5636/506 3101/5637/506 

vt -59.8388 13
vt -59.8388 1
vt -59.5888 1
v -59.5888 13 -29.1117
vt -59.5888 13
f 3101/5638/185 136/5639/185 135/5640/185 3102/5641/185 

vt -17.9732 13
vn 0.745921 -1.07833e-19 0.666034
vt -17.9732 1
vt -17.7632 1
v -59.4489 13 -29.2683
vt -17.7632 13
f 3102/5642/507 135/5643/507 134/5644/507 3103/5645/507 

vt 29.2683 13
vt 29.2683 1
vt 29.4783 1
v -59.4489 13 -29.4783
vt 29.4783 13
f 3103/5646/164 134/5647/164 133/5648/164 3104/5649/164 

vt -37.0151 13
vn 0.495755 1.35066e-19 0.868462
vt -37.0151 1
vt -36.6051 1
v -59.0929 13 -29.6816
vt -36.6051 13
f 3104/5650/508 133/5651/508 132/5652/508 3105/5653/508 

vt -11.6598 13
vn 0.800467 -1.71728e-19 0.599377
vt -11.6598 1
vt -11.4698 1
v -58.979 13 -29.8336
vt -11.4698 13
f 3105/5654/509 132/5655/509 131/5656/509 3106/5657/509 

vt 29.8336 13
vt 29.8336 1
vt 29.9836 1
v -58.979 13 -29.9836
vt 29.9836 13
f 3106/5658/164 131/5659/164 130/5660/164 3107/5661/164 

vt -58.979 13
vt -58.979 1
vt -58.079 1
v -58.079 13 -29.9836
vt -58.079 13
f 3107/5662/185 130/5663/185 129/5664/185 3108/5665/185 

vt -38.0698 13
vn 0.455109 1.69232e-19 0.890436
vt -38.0698 1
vt -37.7798 1
v -57.8208 13 -30.1156
vt -37.7798 13
f 3108/5666/510 129/5667/510 128/5668/510 3109/5669/510 

vt -57.8208 13
vt -57.8208 1
vt -57.5808 1
v -57.5808 13 -30.1156
vt -57.5808 13
f 3109/5670/185 128/5671/185 127/5672/185 3110/5673/185 

vt -17.4772 13
vn 0.728818 -8.888e-20 0.684708
vt -17.4772 1
vt -17.2672 1
v -57.437 13 -30.2687
vt -17.2672 13
f 3110/5674/511 127/5675/511 126/5676/511 3111/5677/511 

vt 30.2687 13
vt 30.2687 1
vt 30.4757 1
v -57.437 13 -30.4757
vt 30.4757 13
f 3111/5678/164 126/5679/164 125/5680/164 3112/5681/164 

vt -30.5564 13
vn 0.55947 7.90014e-20 0.828851
vt -30.5564 1
vt -30.0564 1
v -57.0225 13 -30.7554
vt -30.0564 13
f 3112/5682/512 125/5683/512 124/5684/512 3113/5685/512 

vt -30.7554 13
vt -30.7554 1
vt -30.5654 1
v -57.0225 13 -30.5654
vt -30.5654 13
f 3113/5686/169 124/5687/169 123/5688/169 3114/5689/169 

vt -63.9624 13
vn -0.599581 7.35176e-19 0.800314
vt -63.9624 1
vt -63.5424 1
v -56.6864 13 -30.3136
vt -63.5424 13
f 3114/5690/513 123/5691/513 122/5692/513 3115/5693/513 

vt -59.6672 13
vn -0.109596 5.4595e-19 0.993976
vt -59.6672 1
vt -59.2572 1
v -56.2789 13 -30.2687
vt -59.2572 13
f 3115/5694/514 122/5695/514 121/5696/514 3116/5697/514 

vt -54.9032 13
vn -0.857606 7.45474e-19 0.514307
vt -54.9032 1
vt -54.5832 1
v -56.1143 13 -29.9942
vt -54.5832 13
f 3116/5698/515 121/5699/515 120/5700/515 3117/5701/515 

vt -56.1143 13
vt -56.1143 1
vt -54.0043 1
v -54.0043 13 -29.9942
vt -54.0043 13
f 3117/5702/185 120/5703/185 119/5704/185 3118/5705/185 

vt 29.9942 -2.19695e-15
vt 34.0142 -2.19695e-15
vt 34.0142 3
v -54.0043 13 -34.0142
vt 34.0142 13
vt 29.9942 13
vt 29.9942 1
f 504/5706/164 501/5707/164 661/5708/164 3119/5709/164 3118/5710/164 119/5711/164 

usemtl FrontColor
vt -2126.15 -8.52651e-14
vt -2086.78 -8.52651e-14
vt -2086.78 118.11
vt -2126.15 118.11
f 501/5712/7 502/5713/7 662/5714/7 661/5715/7 

usemtl _4
vt -34.0142 -2.16573e-15
vt -29.9942 -2.16573e-15
vt -29.9942 1
v -53.0043 7 -29.9942
vt -29.9942 7
v -53.0043 7 -34.0142
vt -34.0142 7
vt -34.0142 3
f 502/5716/3 503/5717/3 118/5718/3 3120/5719/3 3121/5720/3 662/5721/3 

usemtl FrontColor
vt 2086.78 -8.28979e-14
vn 0 -2.00461e-18 -1
vt 2126.15 -8.28979e-14
vt 2126.15 39.3701
vt 2086.78 39.3701
f 503/5722/516 504/5723/516 119/5724/516 118/5725/516 

usemtl _4
vt -53.0043 7
vn 0 -2.56409e-17 1
vt -53.0043 1
vt -52.0315 1
v -52.0315 7 -29.9942
vt -52.0315 7
f 3120/5726/517 118/5727/517 117/5728/517 3122/5729/517 

vt -28.7875 7
vn 0.520956 -2.3179e-17 0.853583
vt -28.7875 1
vt -28.5491 1
v -51.828 7 -30.1185
vt -28.5491 7
f 3122/5730/518 117/5731/518 116/5732/518 3123/5733/518 

vt -51.828 7
vt -51.828 1
vt -51.598 1
v -51.598 7 -30.1185
vt -51.598 7
f 3123/5734/517 116/5735/517 115/5736/517 3124/5737/517 

vt -14.8943 7
vn 0.710693 -1.98015e-17 0.703502
vt -14.8943 1
vt -14.6943 1
v -51.4573 7 -30.2606
vt -14.6943 7
f 3124/5738/519 115/5739/519 114/5740/519 3125/5741/519 

vt 30.2606 7
vn 1 -2.48082e-18 -0
vt 30.2606 1
vt 30.4706 1
v -51.4573 7 -30.4706
vt 30.4706 7
f 3125/5742/520 114/5743/520 113/5744/520 3126/5745/520 

vt -26.3107 7
vn 0.548534 -2.27999e-17 0.836128
vt -26.3107 1
vt -25.7807 1
v -51.0141 7 -30.7613
vt -25.7807 7
f 3126/5746/521 113/5747/521 112/5748/521 3127/5749/521 

vt -30.7613 7
vn -1 2.48082e-18 -0
vt -30.7613 1
vt -30.5713 1
v -51.0141 7 -30.5713
vt -30.5713 7
f 3127/5750/522 112/5751/522 111/5752/522 3128/5753/522 

vt -58.7395 7
vn -0.642004 -1.80662e-17 0.766702
vt -58.7395 1
vt -58.3295 1
v -50.6998 7 -30.3081
vt -58.3295 7
f 3128/5754/523 111/5755/523 110/5756/523 3129/5757/523 

vt -55.2086 7
vn -0.174402 -2.48153e-17 0.984674
vt -55.2086 1
vt -54.7886 1
v -50.2862 7 -30.2348
vt -54.7886 7
f 3129/5758/524 110/5759/524 109/5760/524 3130/5761/524 

vt -53.1588 7
vn -0.82964 -1.22571e-17 0.558298
vt -53.1588 1
vt -52.8688 1
v -50.1243 7 -29.9942
vt -52.8688 7
f 3130/5762/525 109/5763/525 108/5764/525 3131/5765/525 

vt -50.1243 7
vt -50.1243 1
vt -45.0143 1
v -45.0143 7 -29.9942
vt -45.0143 7
f 3131/5766/517 108/5767/517 107/5768/517 3132/5769/517 

vt 29.9942 -2.16573e-15
vt 34.0142 -2.16573e-15
v -45.0143 7 -34.0142
vt 34.0142 7
vt 29.9942 7
f 462/5770/1 459/5771/1 670/5708/1 3133/5772/1 3132/5773/1 107/5711/1 

usemtl FrontColor
vt -1772.22 -8.52651e-14
vt -1732.85 -8.52651e-14
vt -1732.85 118.11
vt -1772.22 118.11
f 459/5774/7 460/5775/7 671/5776/7 670/5777/7 

usemtl _4
v -44.0143 7 -29.9942
v -44.0143 7 -34.0142
f 460/5716/3 461/5717/3 106/5718/3 3134/5719/3 3135/5720/3 671/5721/3 

usemtl FrontColor
vt 1732.85 -8.28979e-14
vt 1772.22 -8.28979e-14
vt 1772.22 39.3701
vt 1732.85 39.3701
f 461/5778/516 462/5779/516 107/5780/516 106/5781/516 

usemtl _4
vt -44.0143 7
vn 0 -1.91008e-18 1
vt -44.0143 1
vt -42.0395 1
v -42.0395 7 -29.9942
vt -42.0395 7
f 3134/5782/526 106/5783/526 105/5784/526 3136/5785/526 

vt -17.666 7
vn 0.566252 5.52529e-18 0.824232
vt -17.666 1
vt -17.4332 1
v -41.8476 7 -30.1261
vt -17.4332 7
f 3136/5786/527 105/5787/527 104/5788/527 3137/5789/527 

vt -41.8476 7
vt -41.8476 1
v -41.5776 1 -30.1261
vt -41.5776 1
v -41.5776 7 -30.1261
vt -41.5776 7
f 3137/5790/526 104/5791/526 3138/5792/526 3139/5793/526 

vt -8.01568 7
vn 0.708246 7.5315e-18 0.705966
vt -8.01568 1
vt -7.81568 1
v -41.4364 7 -30.2678
vt -7.81568 7
f 3139/5794/528 3138/5795/528 102/5796/528 3140/5797/528 

vt 30.2678 7
vn 1 1.2538e-17 -0
vt 30.2678 1
vt 30.4778 1
v -41.4364 7 -30.4778
vt 30.4778 7
f 3140/5798/529 102/5799/529 101/5800/529 3141/5801/529 

vt -14.6186 7
vn 0.603951 6.04994e-18 0.797021
vt -14.6186 1
v -41.0057 1 -30.8041
vt -14.0783 1
v -41.0057 7 -30.8041
vt -14.0783 7
f 3141/5802/530 101/5803/530 3142/5804/530 3143/5805/530 

vt -30.8041 7
vn -1 -1.2538e-17 -0
vt -30.8041 1
v -41.0057 1 -30.5741
vt -30.5741 1
v -41.0057 7 -30.5741
vt -30.5741 7
f 3143/5806/531 3142/5807/531 3144/5808/531 3145/5809/531 

vt -45.3551 7
vn -0.900656 -1.21224e-17 0.434533
vt -45.3551 1
vt -45.2451 1
v -40.9579 7 -30.475
vt -45.2451 7
f 3145/5810/532 3144/5811/532 201/5812/532 3146/5813/532 

vt -40.9579 7
vt -40.9579 1
vt -40.8279 1
v -40.8279 7 -30.475
vt -40.8279 7
f 3146/5814/526 201/5815/526 200/5816/526 3147/5817/526 

vt -50.1501 7
vn -0.73003 -1.04585e-17 0.683415
vt -50.1501 1
vt -49.9401 1
v -40.6844 7 -30.3217
vt -49.9401 7
f 3147/5818/533 200/5819/533 199/5820/533 3148/5821/533 

vt -45.2895 7
vn -0.171832 -4.03609e-18 0.985126
vt -45.2895 1
vt -44.8995 1
v -40.3002 7 -30.2547
vt -44.8995 7
f 3148/5822/534 199/5823/534 198/5824/534 3149/5825/534 

vt -48.0387 7
vn -0.813907 -1.13145e-17 0.580995
vt -48.0387 1
vt -47.7187 1
v -40.1143 7 -29.9942
vt -47.7187 7
f 3149/5826/535 198/5827/535 197/5828/535 3150/5829/535 

vt -40.1143 7
vt -40.1143 1
vt -35.0143 1
v -35.0143 7 -29.9942
vt -35.0143 7
f 3150/5830/526 197/5831/526 196/5832/526 3151/5833/526 

v -35.0143 3 -34.0142
v -35.0143 7 -34.0142
f 486/5770/1 490/5771/1 3152/5708/1 3153/5772/1 3151/5773/1 196/5711/1 

usemtl FrontColor
vt -1378.52 -8.52651e-14
vt -1339.15 -1.13687e-13
vt -1339.15 118.11
vt -1378.52 118.11
f 490/5834/7 492/5835/7 699/5836/7 3152/5837/7 

usemtl _4
vt -34.0142 -2.88765e-15
v -34.0143 7 -29.9942
v -34.0143 7 -34.0142
f 492/5838/3 487/5717/3 195/5718/3 3154/5719/3 3155/5720/3 699/5721/3 

usemtl FrontColor
vt 1339.15 -8.28979e-14
vt 1378.52 -8.28979e-14
vt 1378.52 39.3701
vt 1339.15 39.3701
f 487/5839/516 486/5840/516 196/5841/516 195/5842/516 

usemtl _4
vn -1 -2.30042e-20 -0
vt -29.547 1
v -34.0143 7 -29.547
vt -29.547 7
f 3154/5719/536 195/5718/536 194/5843/536 3156/5844/536 

vt -44.8463 7
vn -0.58009 2.36119e-18 0.814553
vt -44.8463 1
v -33.6961 1 -29.3204
vt -44.4557 1
v -33.6961 7 -29.3204
vt -44.4557 7
f 3156/5845/537 194/5846/537 3157/5847/537 3158/5848/537 

vt -36.6864 7
vn -0.108808 2.89533e-18 0.994063
vt -36.6864 1
vt -36.2764 1
v -33.2886 7 -29.2758
vt -36.2764 7
f 3158/5849/538 3157/5850/538 192/5851/538 3159/5852/538 

vt -42.4904 7
vn -0.847092 1.52975e-18 0.531447
vt -42.4904 1
vt -42.1904 1
v -33.1291 7 -29.0217
vt -42.1904 7
f 3159/5853/539 192/5854/539 191/5855/539 3160/5856/539 

vt -33.1291 7
vn 0 2.91514e-18 1
vt -33.1291 1
vt -33.0191 1
v -33.0191 7 -29.0217
vt -33.0191 7
f 3160/5857/540 191/5858/540 190/5859/540 3161/5860/540 

vt -29.0217 7
vt -29.0217 1
vt -19.0317 1
v -33.0191 7 -19.0317
vt -19.0317 7
f 3161/5861/536 190/5862/536 189/5863/536 3162/5864/536 

vt 33.0191 7
vn 0 -2.91514e-18 -1
vt 33.0191 1
v -33.3566 1 -19.0317
vt 33.3566 1
v -33.3566 7 -19.0317
vt 33.3566 7
f 3162/5865/541 189/5866/541 3163/5867/541 3164/5868/541 

vt 10.2838 7
vn -0.704149 -2.0861e-18 -0.710052
vt 10.2838 1
vt 10.6638 1
v -33.6264 7 -18.7641
vt 10.6638 7
f 3164/5869/542 3163/5870/542 187/5871/542 3165/5872/542 

vt -6.87241 7
vn -0.946189 -9.65144e-19 -0.323613
vt -6.87241 1
vt -6.61241 1
v -33.7106 7 -18.5181
vt -6.61241 7
f 3165/5873/543 187/5874/543 186/5875/543 3166/5876/543 

vt 17.4182 7
vn -0.563396 -2.42141e-18 -0.826187
vt 17.4182 1
vt 17.6782 1
v -33.9254 7 -18.3716
vt 17.6782 7
f 3166/5877/544 186/5878/544 185/5879/544 3167/5880/544 

vt -11.1754 7
vn -0.979579 -6.08647e-19 -0.201058
vt -11.1754 1
vt -10.8154 1
v -33.9978 7 -18.0189
vt -10.8154 7
f 3167/5881/545 185/5882/545 184/5883/545 3168/5884/545 

vt 33.9978 7
vt 33.9978 1
vt 40.3078 1
v -40.3078 7 -18.0189
vt 40.3078 7
f 3168/5885/541 184/5886/541 183/5887/541 3169/5888/541 

vt 15.3473 7
vn -0.714143 -2.05702e-18 -0.7
vt 15.3473 1
vt 16.3073 1
v -40.9798 7 -17.3334
vt 16.3073 7
f 3169/5889/546 183/5890/546 182/5891/546 3170/5892/546 

vt 37.9923 7
vn 0.812014 -1.68271e-18 -0.583638
vt 37.9923 1
vt 38.2923 1
v -41.1549 7 -17.577
vt 38.2923 7
f 3170/5893/547 182/5894/547 181/5895/547 3171/5896/547 

vt 41.1549 7
vt 41.1549 1
v -41.3949 1 -17.577
vt 41.3949 1
v -41.3949 7 -17.577
vt 41.3949 7
f 3171/5897/541 181/5898/541 3172/5899/541 3173/5900/541 

vt 38.4634 7
vn 0.811235 -1.68588e-18 -0.58472
vt 38.4634 1
vt 39.0334 1
v -41.7281 7 -18.0394
vt 39.0334 7
f 3173/5901/548 3172/5902/548 179/5903/548 3174/5904/548 

vt 41.7281 7
vt 41.7281 1
vt 43.0181 1
v -43.0181 7 -18.0394
vt 43.0181 7
f 3174/5905/541 179/5906/541 178/5907/541 3175/5908/541 

vt -18.0394 -2.09173e-15
vn -1 -2.30042e-20 -3.0226e-36
vt -11.9894 -2.88666e-15
v -43.0181 7 -11.9894
vt -11.9894 7
vt -18.0394 7
vt -18.0394 1
f 57/5909/549 58/5910/549 3176/5911/549 3175/5912/549 178/5913/549 

vt -43.0181 -2.8527e-15
vt -42.0281 -2.8527e-15
v -42.0281 7 -11.9894
vt -42.0281 7
vt -43.0181 7
f 58/5914/540 365/5915/540 3177/5916/540 3176/5917/540 

vt -30.1632 -2.80778e-15
vn 0.506568 2.52509e-18 0.8622
vt -29.9432 -1.38749e-15
v -41.8385 7 -12.1008
vt -29.9432 7
vt -30.1632 7
f 365/5918/550 364/5919/550 3178/5920/550 3177/5921/550 

vt -41.8385 -1.43207e-15
vt -41.5785 -1.43207e-15
v -41.5785 7 -12.1008
vt -41.5785 7
vt -41.8385 7
f 364/5922/540 363/5923/540 3179/5924/540 3178/5925/540 

vt -21.1394 -1.38823e-15
vn 0.701568 2.09347e-18 0.712602
v -41.4146 -1.44372e-15 -12.2622
vt -20.9094 -1.3646e-15
v -41.4146 7 -12.2622
vt -20.9094 7
vt -21.1394 7
f 363/5926/551 3180/5927/551 3181/5928/551 3179/5929/551 

vt 12.2622 -1.44277e-15
vn 1 2.30042e-20 -0
v -41.4146 -1.44372e-15 -12.4922
vt 12.4922 -1.44277e-15
v -41.4146 7 -12.4922
vt 12.4922 7
vt 12.2622 7
f 3180/5930/552 3182/5931/552 3183/5932/552 3181/5933/552 

vt -30.9222 -1.36524e-15
vn 0.463061 2.59442e-18 0.886326
vt -30.4822 -1.36534e-15
v -41.0246 7 -12.6959
vt -30.4822 7
vt -30.9222 7
f 3182/5934/553 360/5935/553 3184/5936/553 3183/5937/553 

vt -12.6959 -1.44288e-15
vt -12.5559 -1.44288e-15
v -41.0246 7 -12.5559
vt -12.5559 7
vt -12.6959 7
f 360/5938/536 359/5939/536 3185/5940/536 3184/5941/536 

vt -42.5604 -1.45815e-15
vn -0.410921 2.64819e-18 0.911671
v -40.8331 -2.16831e-15 -12.4696
vt -42.3504 -2.18264e-15
v -40.8331 7 -12.4696
vt -42.3504 7
vt -42.5604 7
f 359/5942/554 3186/5943/554 3187/5944/554 3185/5945/554 

vt -37.413 -2.20978e-15
vn -0.716708 2.01645e-18 0.697373
vt -37.193 -2.20726e-15
v -40.6797 7 -12.3119
vt -37.193 7
vt -37.413 7
f 3186/5946/555 357/5947/555 3188/5948/555 3187/5949/555 

vt -42.4332 -2.17239e-15
vn -0.34366 2.72968e-18 0.939094
v -40.4919 -2.16573e-15 -12.2432
vt -42.2332 -2.17233e-15
v -40.4919 7 -12.2432
vt -42.2332 7
vt -42.4332 7
f 357/5950/556 3189/5951/556 3190/5952/556 3188/5953/556 

vt -40.4919 -2.13004e-15
vt -40.2685 -2.13004e-15
v -40.2685 7 -12.2432
vt -40.2685 7
vt -40.4919 7
f 3189/5954/540 355/5955/540 3191/5956/540 3190/5957/540 

vt -29.8689 -2.20611e-15
vn -0.880507 1.36162e-18 0.474034
vt -29.5689 -2.20611e-15
v -40.1263 7 -11.9791
vt -29.5689 7
vt -29.8689 7
f 355/5958/557 354/5959/557 3192/5960/557 3191/5961/557 

vt -40.1263 -2.13081e-15
v -37.0563 -2.16573e-15 -11.9791
vt -37.0563 -2.13081e-15
v -37.0563 7 -11.9791
vt -37.0563 7
vt -40.1263 7
f 354/5962/540 3193/5963/540 3194/5964/540 3192/5965/540 

vt -26.2142 -2.09253e-15
vn 0.496634 2.54165e-18 0.86796
vt -25.9542 -2.09253e-15
v -36.8306 7 -12.1082
vt -25.9542 7
vt -26.2142 7
f 3193/5966/558 352/5967/558 3195/5968/558 3194/5969/558 

vt -36.8306 -2.13044e-15
v -36.5706 -2.16573e-15 -12.1082
vt -36.5706 -2.13044e-15
v -36.5706 7 -12.1082
vt -36.5706 7
vt -36.8306 7
f 352/5970/540 3196/5971/540 3197/5972/540 3195/5973/540 

vt -10.2231 -2.10494e-15
vn 0.831872 1.63695e-18 0.554968
vt -10.0131 -2.10494e-15
v -36.4541 7 -12.2829
vt -10.0131 7
vt -10.2231 7
f 3196/5974/559 350/5975/559 3198/5976/559 3197/5977/559 

vt 12.2829 -2.1649e-15
vt 12.4746 -2.1649e-15
v -36.4541 7 -12.4746
vt 12.4746 7
vt 12.2829 7
f 350/5978/552 349/5979/552 3199/5980/552 3198/5981/552 

vt -25.1656 -2.09198e-15
vn 0.504967 2.52778e-18 0.863138
v -36.1088 -2.16573e-15 -12.6766
vt -24.7656 -2.09198e-15
v -36.1088 7 -12.6766
vt -24.7656 7
vt -25.1656 7
f 349/5982/560 3200/5983/560 3201/5984/560 3199/5985/560 

vt -7.45566 -2.10933e-15
vn 0.860931 1.5028e-18 0.508722
v -36.0122 -2.16573e-15 -12.8402
vt -7.26566 -2.10933e-15
v -36.0122 7 -12.8402
vt -7.26566 7
vt -7.45566 7
f 3200/5986/561 3202/5987/561 3203/5988/561 3201/5989/561 

vt -12.8402 -2.16491e-15
v -36.0122 -2.16573e-15 -12.5702
vt -12.5702 -2.16491e-15
v -36.0122 7 -12.5702
vt -12.5702 7
vt -12.8402 7
f 3202/5990/536 3204/5991/536 3205/5992/536 3203/5993/536 

vt -36.25 -2.19306e-15
vn -0.606936 2.30285e-18 0.794751
v -35.6704 -2.16573e-15 -12.3092
vt -35.82 -2.19306e-15
v -35.6704 7 -12.3092
vt -35.82 7
vt -36.25 7
f 3204/5994/562 3206/5995/562 3207/5996/562 3205/5997/562 

vt -37.3217 -2.1498e-15
vn -0.183176 2.8616e-18 0.98308
vt -36.9217 -2.1498e-15
v -35.2772 7 -12.236
vt -36.9217 7
vt -37.3217 7
f 3206/5998/563 344/5999/563 3208/6000/563 3207/6001/563 

vt -29.3043 -2.2016e-15
vn -0.842691 1.55012e-18 0.538397
v -35.1103 -2.16573e-15 -11.9747
vt -28.9943 -2.2016e-15
v -35.1103 7 -11.9747
vt -28.9943 7
vt -29.3043 7
f 344/6002/564 3209/6003/564 3210/6004/564 3208/6005/564 

vt -35.1103 -2.13083e-15
vt -33.0503 -2.13083e-15
v -33.0503 7 -11.9747
vt -33.0503 7
vt -35.1103 7
f 3209/6006/540 342/6007/540 3211/6008/540 3210/6009/540 

vt -22.3526 -2.09734e-15
vn 0.509028 2.52092e-18 0.86075
vt -22.0926 -2.09734e-15
v -32.8265 7 -12.1071
vt -22.0926 7
vt -22.3526 7
f 342/6010/565 341/6011/565 3212/6012/565 3211/6013/565 

vt -32.8265 -2.13044e-15
vt -32.5965 -2.13044e-15
v -32.5965 7 -12.1071
vt -32.5965 7
vt -32.8265 7
f 341/6014/540 340/6015/540 3213/6016/540 3212/6017/540 

vt -14.1988 -2.10039e-15
vn 0.713537 2.05881e-18 0.700618
vt -13.9788 -2.10039e-15
v -32.4424 7 -12.2641
vt -13.9788 7
vt -14.1988 7
f 340/6018/566 339/6019/566 3214/6020/566 3213/6021/566 

vt 12.2641 -2.16499e-15
vt 12.4741 -2.16499e-15
v -32.4424 7 -12.4741
vt 12.4741 7
vt 12.2641 7
f 339/6022/552 338/6023/552 3215/6024/552 3214/6025/552 

vt -22.7661 -2.09788e-15
vn 0.470233 2.58355e-18 0.882542
vt -22.2761 -2.09788e-15
v -32.0099 7 -12.7045
vt -22.2761 7
vt -22.7661 7
f 338/6026/567 337/6027/567 3216/6028/567 3215/6029/567 

vt -22.2068 -2.18951e-15
vn -0.9483 9.0338e-19 0.317376
vt -21.9668 -2.18951e-15
v -31.9338 7 -12.4769
vt -21.9668 7
vt -22.2068 7
f 337/6030/568 336/6031/568 3217/6032/568 3216/6033/568 

vt -31.9338 -2.12936e-15
v -31.8338 -2.16573e-15 -12.4769
vt -31.8338 -2.12936e-15
v -31.8338 7 -12.4769
vt -31.8338 7
vt -31.9338 7
f 336/6034/540 3218/6035/540 3219/6036/540 3217/6037/540 

vt -30.3934 -2.19562e-15
vn -0.750858 1.90807e-18 0.660464
vt -30.1534 -2.19562e-15
v -31.6752 7 -12.2967
vt -30.1534 7
vt -30.3934 7
f 3218/6038/569 334/6039/569 3220/6040/569 3219/6041/569 

vt -33.3245 -2.14671e-15
vn -0.172926 2.86724e-18 0.984935
vt -32.9145 -2.14671e-15
v -31.2714 7 -12.2258
vt -32.9145 7
vt -33.3245 7
f 334/6042/570 333/6043/570 3221/6044/570 3220/6045/570 

vt -26.072 -2.19576e-15
vn -0.869601 1.41936e-18 0.493755
vt -25.782 -2.19576e-15
v -31.1282 7 -11.9736
vt -25.782 7
vt -26.072 7
f 333/6046/571 332/6047/571 3222/6048/571 3221/6049/571 

vt -31.1282 -2.13083e-15
v -30.9882 -2.16573e-15 -11.9736
vt -30.9882 -2.13083e-15
v -30.9882 7 -11.9736
vt -30.9882 7
vt -31.1282 7
f 332/6050/540 3223/6051/540 3224/6052/540 3222/6053/540 

vt -16.0861 -2.10031e-15
vn 0.641623 2.25073e-18 0.76702
vt -15.8561 -2.10031e-15
v -30.8118 7 -12.1212
vt -15.8561 7
vt -16.0861 7
f 3223/6054/572 330/6055/572 3225/6056/572 3224/6057/572 

vt -30.8118 -2.1304e-15
vt -30.5818 -2.1304e-15
v -30.5818 7 -12.1212
vt -30.5818 7
vt -30.8118 7
f 330/6058/540 329/6059/540 3226/6060/540 3225/6061/540 

vt -14.7898 -2.10129e-15
vn 0.664731 2.19314e-18 0.747083
vt -14.5798 -2.10129e-15
v -30.4249 7 -12.2608
vt -14.5798 7
vt -14.7898 7
f 329/6062/573 328/6063/573 3227/6064/573 3226/6065/573 

vt 12.2608 -2.16503e-15
vt 12.4808 -2.16503e-15
v -30.4249 7 -12.4808
vt 12.4808 7
vt 12.2608 7
f 328/6066/552 327/6067/552 3228/6068/552 3227/6069/552 

vt -20.7329 -2.10013e-15
vn 0.478872 2.57017e-18 0.877885
vt -20.2929 -2.10013e-15
v -30.0387 7 -12.6915
vt -20.2929 7
vt -20.7329 7
f 327/6070/574 326/6071/574 3229/6072/574 3228/6073/574 

vt 12.6915 -2.16504e-15
vt 19.3615 -2.16504e-15
v -30.0387 7 -19.3615
vt 19.3615 7
vt 12.6915 7
f 326/6074/552 325/6075/552 3230/6076/552 3229/6077/552 

vt 33.2454 -2.18778e-15
vn 0.812376 -1.68123e-18 -0.583135
vt 33.5154 -1.46885e-15
v -30.1961 7 -19.5808
vt 33.5154 7
vt 33.2454 7
f 325/6078/575 324/6079/575 3231/6080/575 3230/6081/575 

vt 30.1961 -1.38973e-15
vt 30.4249 -1.38973e-15
v -30.4249 7 -19.5808
vt 30.4249 7
vt 30.1961 7
f 324/6082/541 323/6083/541 3232/6084/541 3231/6085/541 

vt 33.4267 -1.46955e-15
vn 0.82181 -1.64203e-18 -0.569762
vt 33.8867 -1.46656e-15
v -30.687 7 -19.9588
vt 33.8867 7
vt 33.4267 7
f 323/6086/576 322/6087/576 3233/6088/576 3232/6089/576 

vt 30.687 -1.38564e-15
vt 30.977 -1.38564e-15
v -30.977 7 -19.9588
vt 30.977 7
vt 30.687 7
f 322/6090/541 321/6091/541 3234/6092/541 3233/6093/541 

vt 19.9588 -1.44311e-15
vt 29.0388 -1.44311e-15
v -30.977 7 -29.0388
vt 29.0388 7
vt 19.9588 7
f 321/6094/552 320/6095/552 3235/6096/552 3234/6097/552 

vt -13.061 -1.3403e-15
vn 0.48381 2.56238e-18 0.875173
vt -12.911 -2.07591e-15
v -30.8457 7 -29.1114
vt -12.911 7
vt -13.061 7
f 320/6098/577 319/6099/577 3236/6100/577 3235/6101/577 

vt -30.8457 -2.09457e-15
vt -30.5557 -2.09457e-15
v -30.5557 7 -29.1114
vt -30.5557 7
vt -30.8457 7
f 319/6102/540 318/6103/540 3237/6104/540 3236/6105/540 

vt 0.934799 -2.09586e-15
vn 0.739112 1.98059e-18 0.673582
vt 1.1448 -2.08184e-15
v -30.4143 7 -29.2666
vt 1.1448 7
vt 0.934799 7
f 318/6106/578 317/6107/578 3238/6108/578 3237/6109/578 

vt 29.2666 -2.16471e-15
vt 29.4966 -2.16471e-15
v -30.4143 7 -29.4966
vt 29.4966 7
vt 29.2666 7
f 317/6110/552 316/6111/552 3239/6112/552 3238/6113/552 

vt -13.6425 -2.06089e-15
vn 0.455449 2.60571e-18 0.890262
vt -13.2425 -2.06121e-15
v -30.0582 7 -29.6788
vt -13.2425 7
vt -13.6425 7
f 316/6114/579 315/6115/579 3240/6116/579 3239/6117/579 

vt 19.5972 -2.13302e-15
vn 0.956332 8.74048e-19 0.292284
v -29.9647 -2.16573e-15 -29.9848
vt 19.9172 -2.13303e-15
v -29.9647 7 -29.9848
vt 19.9172 7
vt 19.5972 7
f 315/6118/580 3241/6119/580 3242/6120/580 3240/6121/580 

vt -29.9647 -2.07832e-15
v -27.0247 -2.16573e-15 -29.9848
vt -27.0247 -2.07832e-15
v -27.0247 7 -29.9848
vt -27.0247 7
vt -29.9647 7
f 3241/6122/540 3243/6123/540 3244/6124/540 3242/6125/540 

vt -29.9848 -2.16511e-15
v -27.0247 -2.16573e-15 -29.5548
vt -29.5548 -2.16511e-15
v -27.0247 7 -29.5548
vt -29.5548 7
vt -29.9848 7
f 3243/6126/536 3245/6127/536 3246/6128/536 3244/6129/536 

vt -39.541 -2.15132e-15
vn -0.621652 2.26911e-18 0.783294
v -26.915 -2.16573e-15 -29.4678
vt -39.401 -2.15133e-15
v -26.915 7 -29.4678
vt -39.401 7
vt -39.541 7
f 3245/6130/581 3247/6131/581 3248/6132/581 3246/6133/581 

vt -26.915 -2.07983e-15
vt -26.835 -2.07983e-15
v -26.835 7 -29.4678
vt -26.835 7
vt -26.915 7
f 3247/6134/540 310/6135/540 3249/6136/540 3248/6137/540 

vt -39.8292 -2.1628e-15
vn -0.714386 2.02344e-18 0.699752
vt -39.5992 -2.1628e-15
v -26.6741 7 -29.3035
vt -39.5992 7
vt -39.8292 7
f 310/6138/582 309/6139/582 3250/6140/582 3249/6141/582 

vt -31.9436 -2.09884e-15
vn -0.197816 2.85298e-18 0.980239
vt -31.5336 -2.09884e-15
v -26.2722 7 -29.2224
vt -31.5336 7
vt -31.9436 7
f 309/6142/583 308/6143/583 3251/6144/583 3250/6145/583 

vt -38.5619 -2.17689e-15
vn -0.858377 1.47578e-18 0.513019
vt -38.2719 -2.17689e-15
v -26.1234 7 -28.9734
vt -38.2719 7
vt -38.5619 7
f 308/6146/584 307/6147/584 3252/6148/584 3251/6149/584 

vt -26.1234 -2.08127e-15
v -26.0034 -2.16573e-15 -28.9734
vt -26.0034 -2.08127e-15
v -26.0034 7 -28.9734
vt -26.0034 7
vt -26.1234 7
f 307/6150/540 3253/6151/540 3254/6152/540 3252/6153/540 

vt -28.9734 -2.16514e-15
v -26.0034 -2.16573e-15 -28.5734
vt -28.5734 -2.16514e-15
v -26.0034 7 -28.5734
vt -28.5734 7
vt -28.9734 7
f 3253/6154/536 3255/6155/536 3256/6156/536 3254/6157/536 

vt -36.5107 -2.13354e-15
vn -0.478855 2.54817e-18 0.877894
vt -36.0807 -1.40892e-15
v -25.6259 7 -28.3675
vt -36.0807 7
vt -36.5107 7
f 3255/6158/585 304/6159/585 3257/6160/585 3256/6161/585 

vt -37.475 -1.4522e-15
vn -0.859851 1.46853e-18 0.510546
vt -37.035 -1.45492e-15
v -25.4012 7 -27.9892
vt -37.035 7
vt -37.475 7
f 304/6162/586 303/6163/586 3258/6164/586 3257/6165/586 

vt -25.4012 -1.36224e-15
v -25.0212 -1.44383e-15 -27.9892
vt -25.0212 -1.36224e-15
v -25.0212 7 -27.9892
vt -25.0212 7
vt -25.4012 7
f 303/6166/540 3259/6167/540 3260/6168/540 3258/6169/540 

vt -9.09409 -1.3495e-15
vn 0.466033 2.58994e-18 0.884767
v -24.8089 -2.15833e-15 -28.1011
vt -8.85409 -2.064e-15
v -24.8089 7 -28.1011
vt -8.85409 7
vt -9.09409 7
f 3259/6170/587 3261/6171/587 3262/6172/587 3260/6173/587 

vt -24.8089 -2.07641e-15
vt -24.5789 -2.07641e-15
v -24.5789 7 -28.1011
vt -24.5789 7
vt -24.8089 7
f 3261/6174/540 300/6175/540 3263/6176/540 3262/6177/540 

vt 4.56789 -2.08571e-15
vn 0.74551 1.96007e-18 0.666495
v -24.4323 -2.16575e-15 -28.2651
vt 4.78789 -2.09312e-15
v -24.4323 7 -28.2651
vt 4.78789 7
vt 4.56789 7
f 300/6178/588 3264/6179/588 3265/6180/588 3263/6181/588 

vt 28.2651 -2.16519e-15
v -24.4323 -2.16575e-15 -28.4851
vt 28.4851 -2.16519e-15
v -24.4323 7 -28.4851
vt 28.4851 7
vt 28.2651 7
f 3264/6182/552 3266/6183/552 3267/6184/552 3265/6185/552 

vt -7.69918 -2.0715e-15
vn 0.481472 2.56608e-18 0.876461
vt -7.26918 -2.07148e-15
v -24.0554 7 -28.6921
vt -7.26918 7
vt -7.69918 7
f 3266/6186/589 297/6187/589 3268/6188/589 3267/6189/589 

vt 20.9569 -2.14014e-15
vn 0.961322 8.25019e-19 0.275426
v -23.948 -2.16573e-15 -29.067
vt 21.3469 -2.14014e-15
v -23.948 7 -29.067
vt 21.3469 7
vt 20.9569 7
f 297/6190/590 3269/6191/590 3270/6192/590 3268/6193/590 

vt -17.4485 -2.07037e-15
vn 0.205943 2.85739e-18 0.978564
vt -17.0785 -2.07037e-15
v -23.5859 7 -29.1432
vt -17.0785 7
vt -17.4485 7
f 3269/6194/591 295/6195/591 3271/6196/591 3270/6197/591 

vt 0.690409 -2.08152e-15
vn 0.643306 2.24666e-18 0.765609
vt 0.900409 -2.08152e-15
v -23.4251 7 -29.2783
vt 0.900409 7
vt 0.690409 7
f 295/6198/592 294/6199/592 3272/6200/592 3271/6201/592 

vt 29.2783 -2.1652e-15
vt 29.5083 -2.1652e-15
v -23.4251 7 -29.5083
vt 29.5083 7
vt 29.2783 7
f 294/6202/552 293/6203/552 3273/6204/552 3272/6205/552 

vt -8.34686 -2.06882e-15
vn 0.432787 2.63794e-18 0.901496
v -23.0645 -2.52585e-15 -29.6814
vt -7.94686 -2.42893e-15
v -23.0645 7 -29.6814
vt -7.94686 7
vt -8.34686 7
f 293/6206/593 3274/6207/593 3275/6208/593 3273/6209/593 

vt 21.7087 -2.4992e-15
vn 0.956946 8.68179e-19 0.290266
vt 22.0187 -2.14108e-15
v -22.9745 7 -29.9781
vt 22.0187 7
vt 21.7087 7
f 3274/6210/594 291/6211/594 3276/6212/594 3275/6213/594 

vt -22.9745 -2.08033e-15
vt -22.0145 -2.08033e-15
v -22.0145 7 -29.9781
vt -22.0145 7
vt -22.9745 7
f 291/6214/540 290/6215/540 3277/6216/540 3276/6217/540 

vt -29.9781 -2.16722e-15
vt -28.5781 -2.16722e-15
v -22.0145 7 -28.5781
vt -28.5781 7
vt -29.9781 7
f 290/6218/536 289/6219/536 3278/6220/536 3277/6221/536 

vt -34.9283 -2.14711e-15
vn -0.614449 2.28578e-18 0.788957
vt -34.4783 -1.41657e-15
v -21.6595 7 -28.3016
vt -34.4783 7
vt -34.9283 7
f 289/6222/595 288/6223/595 3279/6224/595 3278/6225/595 

vt -27.6876 -1.37372e-15
vn -0.234299 2.82861e-18 0.972165
v -21.2318 -1.4439e-15 -28.1985
vt -27.2476 -1.38043e-15
v -21.2318 7 -28.1985
vt -27.2476 7
vt -27.6876 7
f 288/6226/596 3280/6227/596 3281/6228/596 3279/6229/596 

vt -35.1184 -1.4492e-15
vn -0.855395 1.4903e-18 0.517976
vt -34.8684 -1.44912e-15
v -21.1023 7 -27.9846
vt -34.8684 7
vt -35.1184 7
f 3280/6230/597 286/6231/597 3282/6232/597 3281/6233/597 

vt -21.1023 -1.36224e-15
vt -20.0423 -1.36224e-15
v -20.0423 7 -27.9846
vt -20.0423 7
vt -21.1023 7
f 286/6234/540 285/6235/540 3283/6236/540 3282/6237/540 

vt -4.18975 -1.35602e-15
vn 0.478975 2.57001e-18 0.877829
vt -3.92975 -2.07055e-15
v -19.814 7 -28.1092
vt -3.92975 7
vt -4.18975 7
f 285/6238/598 284/6239/598 3284/6240/598 3283/6241/598 

vt -19.814 -2.07641e-15
vt -19.554 -2.07641e-15
v -19.554 7 -28.1092
vt -19.554 7
vt -19.814 7
f 284/6242/540 283/6243/540 3285/6244/540 3284/6245/540 

vt 9.62667 -2.09768e-15
vn 0.778818 1.84644e-18 0.62725
vt 9.81667 -2.1051e-15
v -19.4349 7 -28.2571
vt 9.81667 7
vt 9.62667 7
f 283/6246/599 282/6247/599 3286/6248/599 3285/6249/599 

vt 28.2571 -2.16533e-15
vt 28.4658 -2.16533e-15
v -19.4349 7 -28.4658
vt 28.4658 7
vt 28.2571 7
f 282/6250/552 281/6251/552 3287/6252/552 3286/6253/552 

vt -2.79528 -2.07837e-15
vn 0.495024 2.54429e-18 0.868879
v -19.096 -2.16573e-15 -28.6589
vt -2.40528 -2.07833e-15
v -19.096 7 -28.6589
vt -2.40528 7
vt -2.79528 7
f 281/6254/600 3288/6255/600 3289/6256/600 3287/6257/600 

vt 14.4065 -2.11735e-15
vn 0.851778 1.54685e-18 0.523904
vt 14.5565 -2.11735e-15
v -19.0174 7 -28.7867
vt 14.5565 7
vt 14.4065 7
f 3288/6258/601 279/6259/601 3290/6260/601 3289/6261/601 

vt -28.7867 -2.1653e-15
vt -28.5667 -2.1653e-15
v -19.0174 7 -28.5667
vt -28.5667 7
vt -28.7867 7
f 279/6262/536 278/6263/536 3291/6264/536 3290/6265/536 

vt -32.1878 -2.13784e-15
vn -0.588553 2.34323e-18 0.808459
v -18.6698 -2.16573e-15 -28.3136
vt -31.7578 -2.13784e-15
v -18.6698 7 -28.3136
vt -31.7578 7
vt -32.1878 7
f 278/6266/602 3292/6267/602 3293/6268/602 3291/6269/602 

vt -23.7104 -2.09644e-15
vn -0.190046 2.85764e-18 0.981775
v -18.2574 -2.16573e-15 -28.2338
vt -23.2904 -2.09644e-15
v -18.2574 7 -28.2338
vt -23.2904 7
vt -23.7104 7
f 3292/6270/603 3294/6271/603 3295/6272/603 3293/6273/603 

vt -33.5167 -2.16937e-15
vn -0.880147 1.36358e-18 0.474702
v -18.115 -2.16573e-15 -27.9697
vt -33.2167 -2.16937e-15
v -18.115 7 -27.9697
vt -33.2167 7
vt -33.5167 7
f 3294/6274/604 3296/6275/604 3297/6276/604 3295/6277/604 

vt -18.115 -2.0842e-15
v -17.055 -2.16573e-15 -27.9697
vt -17.055 -2.0842e-15
v -17.055 7 -27.9697
vt -17.055 7
vt -18.115 7
f 3296/6278/540 3298/6279/540 3299/6280/540 3297/6281/540 

vt -0.401044 -2.08322e-15
vn 0.510123 2.51905e-18 0.860101
vt -0.151044 -2.08322e-15
v -16.84 7 -28.0972
vt -0.151044 7
vt -0.401044 7
f 3298/6282/605 273/6283/605 3300/6284/605 3299/6285/605 

vt -16.84 -2.08383e-15
vt -16.5553 -2.08383e-15
v -16.5553 7 -28.0972
vt -16.5553 7
vt -16.84 7
f 273/6286/540 272/6287/540 3301/6288/540 3300/6289/540 

vt 13.7465 -2.11627e-15
vn 0.82351 1.67271e-18 0.567302
v -16.4361 -2.16573e-15 -28.2702
vt 13.9565 -2.11627e-15
v -16.4361 7 -28.2702
vt 13.9565 7
vt 13.7465 7
f 272/6290/606 3302/6291/606 3303/6292/606 3301/6293/606 

vt 28.2702 -2.16536e-15
v -16.4361 -2.16573e-15 -28.488
vt 28.488 -2.16536e-15
v -16.4361 7 -28.488
vt 28.488 7
vt 28.2702 7
f 3302/6294/552 3304/6295/552 3305/6296/552 3303/6297/552 

vt -4.03167 -2.07781e-15
vn 0.389792 2.69353e-18 0.920903
v -16.0033 -2.16573e-15 -28.6712
vt -3.56167 -2.07781e-15
v -16.0033 7 -28.6712
vt -3.56167 7
vt -4.03167 7
f 3304/6298/607 3306/6299/607 3307/6300/607 3305/6301/607 

vt -32.1337 -2.17144e-15
vn -0.954738 8.4514e-19 0.297448
vt -31.9237 -2.17144e-15
v -15.9408 7 -28.4707
vt -31.9237 7
vt -32.1337 7
f 3306/6302/608 268/6303/608 3308/6304/608 3307/6305/608 

vt -15.9408 -2.08274e-15
v -15.8108 -2.16573e-15 -28.4707
vt -15.8108 -2.08274e-15
v -15.8108 7 -28.4707
vt -15.8108 7
vt -15.9408 7
f 268/6306/540 3309/6307/540 3310/6308/540 3308/6309/540 

vt -32.4766 -2.16191e-15
vn -0.835812 1.58123e-18 0.549016
v -15.6956 -2.16573e-15 -28.2952
vt -32.2666 -2.16191e-15
v -15.6956 7 -28.2952
vt -32.2666 7
vt -32.4766 7
f 3309/6310/609 3311/6311/609 3312/6312/609 3310/6313/609 

vt -19.6217 -2.09161e-15
vn -0.144584 2.88118e-18 0.989492
vt -19.1817 -2.09161e-15
v -15.2602 7 -28.2316
vt -19.1817 7
vt -19.6217 7
f 3311/6314/610 265/6315/610 3313/6316/610 3312/6317/610 

vt -32.0918 -2.1656e-15
vn -0.87828 1.37366e-18 0.478147
vt -31.8118 -2.1656e-15
v -15.1263 7 -27.9857
vt -31.8118 7
vt -32.0918 7
f 265/6318/611 264/6319/611 3314/6320/611 3313/6321/611 

vt -15.1263 -2.08415e-15
vt -14.0663 -2.08415e-15
v -14.0663 7 -27.9857
vt -14.0663 7
vt -15.1263 7
f 264/6322/540 263/6323/540 3315/6324/540 3314/6325/540 

vt 0.309922 -2.08424e-15
vn 0.457908 2.60209e-18 0.889
v -13.8529 -2.16573e-15 -28.0956
vt 0.549922 -2.08424e-15
v -13.8529 7 -28.0956
vt 0.549922 7
vt 0.309922 7
f 263/6326/612 3316/6327/612 3317/6328/612 3315/6329/612 

vt -13.8529 -2.08383e-15
vt -13.5678 -2.08383e-15
v -13.5678 7 -28.0956
vt -13.5678 7
vt -13.8529 7
f 3316/6330/540 261/6331/540 3318/6332/540 3317/6333/540 

vt 16.9919 -2.12568e-15
vn 0.855136 1.53089e-18 0.518404
vt 17.2119 -2.12568e-15
v -13.4537 7 -28.2837
vt 17.2119 7
vt 16.9919 7
f 261/6334/613 260/6335/613 3319/6336/613 3318/6337/613 

vt 28.2837 -2.16542e-15
vt 28.4803 -2.16542e-15
v -13.4537 7 -28.4803
vt 28.4803 7
vt 28.2837 7
f 260/6338/552 259/6339/552 3320/6340/552 3319/6341/552 

vt 0.38962 -2.08289e-15
vn 0.43828 2.63032e-18 0.898838
vt 0.87962 -2.08289e-15
v -13.0133 7 -28.6951
vt 0.87962 7
vt 0.38962 7
f 259/6342/614 258/6343/614 3321/6344/614 3320/6345/614 

vt -28.6951 -2.16543e-15
vt -28.5451 -2.16543e-15
v -13.0133 7 -28.5451
vt -28.5451 7
vt -28.6951 7
f 258/6346/536 257/6347/536 3322/6348/536 3321/6349/536 

vt -25.2786 -2.11866e-15
vn -0.487529 2.53401e-18 0.873107
vt -24.9886 -2.11866e-15
v -12.7601 7 -28.4037
vt -24.9886 7
vt -25.2786 7
f 257/6350/615 256/6351/615 3323/6352/615 3322/6353/615 

vt -30.7792 -2.15836e-15
vn -0.839614 1.56414e-18 0.543183
vt -30.6392 -2.15836e-15
v -12.6841 7 -28.2861
vt -30.6392 7
vt -30.7792 7
f 256/6354/616 255/6355/616 3324/6356/616 3323/6357/616 

vt -12.6841 -2.08328e-15
vt -12.4841 -2.08328e-15
v -12.4841 7 -28.2861
vt -12.4841 7
vt -12.6841 7
f 255/6358/540 254/6359/540 3325/6360/540 3324/6361/540 

vt -18.5537 -2.09563e-15
vn -0.225999 2.83452e-18 0.974128
vt -18.3037 -2.09563e-15
v -12.2405 7 -28.2296
vt -18.3037 7
vt -18.5537 7
f 254/6362/617 253/6363/617 3326/6364/617 3325/6365/617 

vt -30.7007 -2.16304e-15
vn -0.888887 1.31505e-18 0.458126
vt -30.4207 -2.16304e-15
v -12.1123 7 -27.9807
vt -30.4207 7
vt -30.7007 7
f 253/6366/618 252/6367/618 3327/6368/618 3326/6369/618 

vt -12.1123 -2.08417e-15
v -11.0623 -2.16573e-15 -27.9807
vt -11.0623 -2.08417e-15
v -11.0623 7 -27.9807
vt -11.0623 7
vt -12.1123 7
f 252/6370/540 3328/6371/540 3329/6372/540 3327/6373/540 

vt 4.26367 -2.08999e-15
vn 0.495732 2.54313e-18 0.868475
vt 4.51367 -2.08999e-15
v -10.8451 7 -28.1047
vt 4.51367 7
vt 4.26367 7
f 3328/6374/619 250/6375/619 3330/6376/619 3329/6377/619 

vt -10.8451 -2.08381e-15
vt -10.6051 -2.08381e-15
v -10.6051 7 -28.1047
vt -10.6051 7
vt -10.8451 7
f 250/6378/540 249/6379/540 3331/6380/540 3330/6381/540 

vt 13.9459 -2.11372e-15
vn 0.747055 1.95506e-18 0.664762
vt 14.1859 -2.11372e-15
v -10.4456 7 -28.284
vt 14.1859 7
vt 13.9459 7
f 249/6382/620 248/6383/620 3332/6384/620 3331/6385/620 

vt 26.2926 -2.15864e-15
vn 0.987592 4.80515e-19 0.157041
vt 26.5026 -2.15864e-15
v -10.4126 7 -28.4914
vt 26.5026 7
vt 26.2926 7
f 248/6386/621 247/6387/621 3333/6388/621 3332/6389/621 

vt 4.68942 -2.08897e-15
vn 0.484331 2.56155e-18 0.874885
vt 5.12505 -2.08897e-15
v -10.0315 7 -28.7024
vt 5.12505 7
vt 4.68942 7
f 247/6390/622 246/6391/622 3334/6392/622 3333/6393/622 

vt 28.7024 -2.16573e-15
v -10.0315 -2.16573e-15 -34.0233
vt 34.0233 -2.16573e-15
vt 34.0233 3
v -10.0315 7 -34.0233
vt 34.0233 7
vt 28.7024 7
f 246/6394/1 3335/6395/1 756/6396/1 3336/6397/1 3334/6398/1 

usemtl FrontColor
vt 1339.5 -8.52651e-14
vt 1613.96 -8.52651e-14
vt 1613.96 118.11
vt 1339.5 118.11
f 3335/6399/1 2624/6400/1 757/6401/1 756/6402/1 

usemtl _4
vt 10.0315 3
vn 0 1.41017e-16 -1
vt 17.0415 3
v -17.0415 7 -34.0233
vt 17.0415 7
vt 10.0315 7
f 756/6403/623 755/6404/623 3337/6405/623 3336/6406/623 

vn 1 -6.63975e-17 -0
vt 34.3633 3
v -17.0415 7 -34.3633
vt 34.3633 7
f 755/6396/624 754/6407/624 3338/6408/624 3337/6397/624 

vt 38.2137 3
vn 0.854188 1.66079e-17 -0.519964
vt 38.4737 3
v -17.1767 7 -34.5854
vt 38.4737 7
vt 38.2137 7
f 754/6409/625 753/6410/625 3339/6411/625 3338/6412/625 

vt 17.1767 3
vt 17.4167 3
v -17.4167 7 -34.5854
vt 17.4167 7
vt 17.1767 7
f 753/6413/623 752/6414/623 3340/6415/623 3339/6416/623 

vt 37.8605 3
vn 0.778826 3.67397e-17 -0.62724
v -17.6989 3 -34.9359
vt 38.3105 3
v -17.6989 7 -34.9359
vt 38.3105 7
vt 37.8605 7
f 752/6417/626 3341/6418/626 3342/6419/626 3340/6420/626 

vt 17.6989 3
vt 18.0589 3
v -18.0589 7 -34.9359
vt 18.0589 7
vt 17.6989 7
f 3341/6421/623 750/6422/623 3343/6423/623 3342/6424/623 

vt 34.9359 3
vt 35.3759 3
v -18.0589 7 -35.3759
vt 35.3759 7
vt 34.9359 7
f 750/6425/624 749/6426/624 3344/6427/624 3343/6428/624 

vt 39.5991 3
vn 0.852717 1.70453e-17 -0.522373
v -18.1843 3 -35.5806
vt 39.8391 3
v -18.1843 7 -35.5806
vt 39.8391 7
vt 39.5991 7
f 749/6429/627 3345/6430/627 3346/6431/627 3344/6432/627 

vt 18.1843 3
v -18.4243 3 -35.5806
vt 18.4243 3
v -18.4243 7 -35.5806
vt 18.4243 7
vt 18.1843 7
f 3345/6433/623 3347/6434/623 3348/6435/623 3346/6436/623 

vt 39.7029 3
vn 0.817999 2.6803e-17 -0.57522
vt 40.1929 3
v -18.7062 7 -35.9814
vt 40.1929 7
vt 39.7029 7
f 3347/6437/628 746/6438/628 3349/6439/628 3348/6440/628 

vt 18.7062 3
vt 19.0662 3
v -19.0662 7 -35.9814
vt 19.0662 7
vt 18.7062 7
f 746/6441/623 745/6442/623 3350/6443/623 3349/6444/623 

vt 35.9814 3
vt 36.3518 3
v -19.0662 7 -36.3518
vt 36.3518 7
vt 35.9814 7
f 745/6445/624 744/6446/624 3351/6447/624 3350/6448/624 

vt 41.0013 3
vn 0.906816 -7.6767e-19 -0.421527
vt 41.2613 3
v -19.1758 7 -36.5876
vt 41.2613 7
vt 41.0013 7
f 744/6449/629 743/6450/629 3352/6451/629 3351/6452/629 

vt 19.1758 3
v -19.4358 3 -36.5876
vt 19.4358 3
v -19.4358 7 -36.5876
vt 19.4358 7
vt 19.1758 7
f 743/6453/623 3353/6454/623 3354/6455/623 3352/6456/623 

vt 41.3031 3
vn 0.843832 1.96427e-17 -0.536608
vt 41.7431 3
v -19.6719 7 -36.9589
vt 41.7431 7
vt 41.3031 7
f 3353/6457/630 741/6458/630 3355/6459/630 3354/6460/630 

vt 19.6719 3
v -19.7719 3 -36.9589
vt 19.7719 3
v -19.7719 7 -36.9589
vt 19.7719 7
vt 19.6719 7
f 741/6461/623 3356/6462/623 3357/6463/623 3355/6464/623 

vt -9.33296 3
vn -0.656203 1.4998e-16 -0.754585
vt -9.05296 3
v -19.9831 7 -36.7751
vt -9.05296 7
vt -9.33296 7
f 3356/6465/631 739/6466/631 3358/6467/631 3357/6468/631 

vt 41.6722 3
vn 0.830418 2.34289e-17 -0.557141
v -20.1391 3 -37.0076
vt 41.9522 3
v -20.1391 7 -37.0076
vt 41.9522 7
vt 41.6722 7
f 739/6469/632 3359/6470/632 3360/6471/632 3358/6472/632 

vt 20.1391 3
vt 20.3691 3
v -20.3691 7 -37.0076
vt 20.3691 7
vt 20.1391 7
f 3359/6473/623 737/6474/623 3361/6475/623 3360/6476/623 

vt -13.5824 3
vn -0.738268 1.44136e-16 -0.674508
v -21.0099 3 -36.3063
vt -12.6324 3
v -21.0099 7 -36.3063
vt -12.6324 7
vt -13.5824 7
f 737/6477/633 3362/6478/633 3363/6479/633 3361/6480/633 

vt -36.3063 3
vn -1 6.63975e-17 -0
v -21.0099 3 -34.0263
vt -34.0263 3
v -21.0099 7 -34.0263
vt -34.0263 7
vt -36.3063 7
f 3362/6481/634 3364/6482/634 3365/6483/634 3363/6484/634 

vt 21.0099 3
vt 24.8499 3
v -24.8499 7 -34.0263
vt 24.8499 7
vt 21.0099 7
f 3364/6485/623 734/6486/623 3366/6487/623 3365/6488/623 

vt 20.0826 3
vn -0.133563 1.48622e-16 -0.99104
v -25.3157 3 -33.9635
vt 20.5526 3
v -25.3157 7 -33.9635
vt 20.5526 7
vt 20.0826 7
f 734/6489/635 3367/6490/635 3368/6491/635 3366/6492/635 

vt -2.3279 3
vn -0.640785 1.50808e-16 -0.767721
vt -2.0879 3
v -25.5 7 -33.8097
vt -2.0879 7
vt -2.3279 7
f 3367/6493/636 732/6494/636 3369/6495/636 3368/6496/636 

vt 42.2109 3
vn 0.844194 1.95382e-17 -0.536037
vt 42.4309 3
v -25.6179 7 -33.9955
vt 42.4309 7
vt 42.2109 7
f 732/6497/637 731/6498/637 3370/6499/637 3369/6500/637 

vt 25.6179 3
vt 26.0524 3
v -26.0524 7 -33.9955
vt 26.0524 7
vt 25.6179 7
f 731/6501/623 730/6502/623 3371/6503/623 3370/6504/623 

vt 33.9955 3
vt 34.3855 3
v -26.0524 7 -34.3855
vt 34.3855 7
vt 33.9955 7
f 730/6505/624 729/6506/624 3372/6507/624 3371/6508/624 

vt 42.9741 3
vn 0.846952 1.87392e-17 -0.53167
v -26.1853 3 -34.5972
vt 43.2241 3
v -26.1853 7 -34.5972
vt 43.2241 7
vt 42.9741 7
f 729/6509/638 3373/6510/638 3374/6511/638 3372/6512/638 

vt 26.1853 3
vt 26.4488 3
v -26.4488 7 -34.5972
vt 26.4488 7
vt 26.1853 7
f 3373/6513/623 727/6514/623 3375/6515/623 3374/6516/623 

vt 43.3522 3
vn 0.848514 1.82833e-17 -0.529173
vt 43.7622 3
v -26.6658 7 -34.9451
vt 43.7622 7
vt 43.3522 7
f 727/6517/639 726/6518/639 3376/6519/639 3375/6520/639 

vt 26.6658 3
v -26.7658 3 -34.9451
vt 26.7658 3
v -26.7658 7 -34.9451
vt 26.7658 7
vt 26.6658 7
f 726/6521/623 3377/6522/623 3378/6523/623 3376/6524/623 

vt 1.1314 3
vn -0.587461 1.53125e-16 -0.809252
vt 1.3914 3
v -26.9762 7 -34.7923
vt 1.3914 7
vt 1.1314 7
f 3377/6525/640 724/6526/640 3379/6527/640 3378/6528/640 

vt 44.0033 3
vn 0.809252 2.911e-17 -0.587461
v -27.1348 3 -35.0108
vt 44.2733 3
v -27.1348 7 -35.0108
vt 44.2733 7
vt 44.0033 7
f 724/6529/641 3380/6530/641 3381/6531/641 3379/6532/641 

vt 27.1348 3
v -27.3448 3 -35.0108
vt 27.3448 3
v -27.3448 7 -35.0108
vt 27.3448 7
vt 27.1348 7
f 3380/6533/623 3382/6534/623 3383/6535/623 3381/6536/623 

vt -7.85312 3
vn -0.745165 1.43519e-16 -0.66688
vt -7.00312 3
v -27.9117 7 -34.3774
vt -7.00312 7
vt -7.85312 7
f 3382/6537/642 721/6538/642 3384/6539/642 3383/6540/642 

vt -26.739 3
vn -0.971214 9.80778e-17 -0.238209
v -28.0022 3 -34.0084
vt -26.359 3
v -28.0022 7 -34.0084
vt -26.359 7
vt -26.739 7
f 721/6541/643 3385/6542/643 3386/6543/643 3384/6544/643 

vt 28.0022 3
vt 28.3648 3
v -28.3648 7 -34.0084
vt 28.3648 7
vt 28.0022 7
f 3385/6545/623 719/6546/623 3387/6547/623 3386/6548/623 

vt -9.86655 3
vn -0.795509 1.38268e-16 -0.605941
vt -9.27655 3
v -28.7224 7 -33.539
vt -9.27655 7
vt -9.86655 7
f 719/6549/644 718/6550/644 3388/6551/644 3387/6552/644 

vt 28.7224 3
v -29.4124 3 -33.539
vt 29.4124 3
v -29.4124 7 -33.539
vt 29.4124 7
vt 28.7224 7
f 718/6553/623 3389/6554/623 3390/6555/623 3388/6556/623 

vt 44.3133 3
vn 0.822639 2.55562e-17 -0.568564
vt 44.8333 3
v -29.708 7 -33.9668
vt 44.8333 7
vt 44.3133 7
f 3389/6557/645 716/6558/645 3391/6559/645 3390/6560/645 

vt 29.708 3
vt 30.078 3
v -30.078 7 -33.9668
vt 30.078 7
vt 29.708 7
f 716/6561/623 715/6562/623 3392/6563/623 3391/6564/623 

vt 33.9668 3
vt 34.3668 3
v -30.078 7 -34.3668
vt 34.3668 7
vt 33.9668 7
f 715/6565/624 714/6566/624 3393/6567/624 3392/6568/624 

vt 44.9141 3
vn 0.859386 1.50449e-17 -0.511327
v -30.1956 3 -34.5645
vt 45.1441 3
v -30.1956 7 -34.5645
vt 45.1441 7
vt 44.9141 7
f 714/6569/646 3394/6570/646 3395/6571/646 3393/6572/646 

vt 30.1956 3
vt 30.4156 3
v -30.4156 7 -34.5645
vt 30.4156 7
vt 30.1956 7
f 3394/6573/623 712/6574/623 3396/6575/623 3395/6576/623 

vt 45.7759 3
vn 0.817246 2.70038e-17 -0.576289
vt 46.2559 3
v -30.6922 7 -34.9567
vt 46.2559 7
vt 45.7759 7
f 712/6577/647 711/6578/647 3397/6579/647 3396/6580/647 

vt 30.6922 3
vt 30.8111 3
v -30.8111 7 -34.9567
vt 30.8111 7
vt 30.6922 7
f 711/6581/623 710/6582/623 3398/6583/623 3397/6584/623 

vt -5.39799 3
vn -0.743675 1.43654e-16 -0.668541
vt -5.15799 3
v -30.9715 7 -34.7783
vt -5.15799 7
vt -5.39799 7
f 710/6585/648 709/6586/648 3399/6587/648 3398/6588/648 

vt 46.0243 3
vn 0.839555 2.0867e-17 -0.543275
v -31.1237 3 -35.0133
vt 46.3043 3
v -31.1237 7 -35.0133
vt 46.3043 7
vt 46.0243 7
f 709/6589/649 3400/6590/649 3401/6591/649 3399/6592/649 

vt 31.1237 3
vt 31.3637 3
v -31.3637 7 -35.0133
vt 31.3637 7
vt 31.1237 7
f 3400/6593/623 707/6594/623 3402/6595/623 3401/6596/623 

vt -7.53219 3
vn -0.777952 1.40259e-16 -0.628323
v -31.8726 3 -34.3832
vt -6.72219 3
v -31.8726 7 -34.3832
vt -6.72219 7
vt -7.53219 7
f 707/6597/650 3403/6598/650 3404/6599/650 3402/6600/650 

vt 31.8726 3
vt 32.0626 3
v -32.0626 7 -34.3832
vt 32.0626 7
vt 31.8726 7
f 3403/6601/623 705/6602/623 3405/6603/623 3404/6604/623 

vt 46.9013 3
vn 0.77658 3.72805e-17 -0.630018
vt 47.1313 3
v -32.2075 7 -34.5618
vt 47.1313 7
vt 46.9013 7
f 705/6605/651 704/6606/651 3406/6607/651 3405/6608/651 

vt 32.2075 3
vt 32.4075 3
v -32.4075 7 -34.5618
vt 32.4075 7
vt 32.2075 7
f 704/6609/623 703/6610/623 3407/6611/623 3406/6612/623 

vt 47.1119 3
vn 0.797884 3.20294e-17 -0.602811
v -32.6908 3 -34.9368
vt 47.5819 3
v -32.6908 7 -34.9368
vt 47.5819 7
vt 47.1119 7
f 703/6613/652 3408/6614/652 3409/6615/652 3407/6616/652 

vt 37.4169 3
vn 0.14519 1.29883e-16 -0.989404
vt 38.0769 3
v -33.3438 7 -35.0326
vt 38.0769 7
vt 37.4169 7
f 3408/6617/653 701/6618/653 3410/6619/653 3409/6620/653 

vt -3.98201 3
vn -0.74673 1.43375e-16 -0.665128
vt -3.11201 3
v -33.9225 7 -34.383
vt -3.11201 7
vt -3.98201 7
f 701/6621/654 700/6622/654 3411/6623/654 3410/6624/654 

vt -25.1673 3
vn -0.970368 9.85044e-17 -0.241633
vt -24.7873 3
vt -24.7873 7
vt -25.1673 7
f 700/6625/655 699/6626/655 3155/6627/655 3411/6628/655 

vt -10.0315 28.7024
vn 6.63975e-17 1 1.41017e-16
vt -10.0315 34.0233
vt -17.0415 34.0233
vt -17.0415 34.3633
vt -17.1767 34.5854
vt -17.4167 34.5854
vt -17.6989 34.9359
vt -18.0589 34.9359
vt -18.0589 35.3759
vt -18.1843 35.5806
vt -18.4243 35.5806
vt -18.7062 35.9814
vt -19.0662 35.9814
vt -19.0662 36.3518
vt -19.1758 36.5876
vt -19.4358 36.5876
vt -19.6719 36.9589
vt -19.7719 36.9589
vt -19.9831 36.7751
vt -20.1391 37.0076
vt -20.3691 37.0076
vt -21.0099 36.3063
vt -21.0099 34.0263
vt -24.8499 34.0263
vt -25.3157 33.9635
vt -25.5 33.8097
vt -25.6179 33.9955
vt -26.0524 33.9955
vt -26.0524 34.3855
vt -26.1853 34.5972
vt -26.4488 34.5972
vt -26.6658 34.9451
vt -26.7658 34.9451
vt -26.9762 34.7923
vt -27.1348 35.0108
vt -27.3448 35.0108
vt -27.9117 34.3774
vt -28.0022 34.0084
vt -28.3648 34.0084
vt -28.7224 33.539
vt -29.4124 33.539
vt -29.708 33.9668
vt -30.078 33.9668
vt -30.078 34.3668
vt -30.1956 34.5645
vt -30.4156 34.5645
vt -30.6922 34.9567
vt -30.8111 34.9567
vt -30.9715 34.7783
vt -31.1237 35.0133
vt -31.3637 35.0133
vt -31.8726 34.3832
vt -32.0626 34.3832
vt -32.2075 34.5618
vt -32.4075 34.5618
vt -32.6908 34.9368
vt -33.3438 35.0326
vt -33.9225 34.383
vt -34.0143 34.0142
vt -34.0143 29.9942
vt -34.0143 29.547
vt -33.6961 29.3204
vt -33.2886 29.2758
vt -33.1291 29.0217
vt -33.0191 29.0217
vt -33.0191 19.0317
vt -33.3566 19.0317
vt -33.6264 18.7641
vt -33.7106 18.5181
vt -33.9254 18.3716
vt -33.9978 18.0189
vt -40.3078 18.0189
vt -40.9798 17.3334
vt -41.1549 17.577
vt -41.3949 17.577
vt -41.7281 18.0394
vt -43.0181 18.0394
vt -43.0181 11.9894
vt -42.0281 11.9894
vt -41.8385 12.1008
vt -41.5785 12.1008
vt -41.4146 12.2622
vt -41.4146 12.4922
vt -41.0246 12.6959
vt -41.0246 12.5559
vt -40.8331 12.4696
vt -40.6797 12.3119
vt -40.4919 12.2432
vt -40.2685 12.2432
vt -40.1263 11.9791
vt -37.0563 11.9791
vt -36.8306 12.1082
vt -36.5706 12.1082
vt -36.4541 12.2829
vt -36.4541 12.4746
vt -36.1088 12.6766
vt -36.0122 12.8402
vt -36.0122 12.5702
vt -35.6704 12.3092
vt -35.2772 12.236
vt -35.1103 11.9747
vt -33.0503 11.9747
vt -32.8265 12.1071
vt -32.5965 12.1071
vt -32.4424 12.2641
vt -32.4424 12.4741
vt -32.0099 12.7045
vt -31.9338 12.4769
vt -31.8338 12.4769
vt -31.6752 12.2967
vt -31.2714 12.2258
vt -31.1282 11.9736
vt -30.9882 11.9736
vt -30.8118 12.1212
vt -30.5818 12.1212
vt -30.4249 12.2608
vt -30.4249 12.4808
vt -30.0387 12.6915
vt -30.0387 19.3615
vt -30.1961 19.5808
vt -30.4249 19.5808
vt -30.687 19.9588
vt -30.977 19.9588
vt -30.977 29.0388
vt -30.8457 29.1114
vt -30.5557 29.1114
vt -30.4143 29.2666
vt -30.4143 29.4966
vt -30.0582 29.6788
vt -29.9647 29.9848
vt -27.0247 29.9848
vt -27.0247 29.5548
vt -26.915 29.4678
vt -26.835 29.4678
vt -26.6741 29.3035
vt -26.2722 29.2224
vt -26.1234 28.9734
vt -26.0034 28.9734
vt -26.0034 28.5734
vt -25.6259 28.3675
vt -25.4012 27.9892
vt -25.0212 27.9892
vt -24.8089 28.1011
vt -24.5789 28.1011
vt -24.4323 28.2651
vt -24.4323 28.4851
vt -24.0554 28.6921
vt -23.948 29.067
vt -23.5859 29.1432
vt -23.4251 29.2783
vt -23.4251 29.5083
vt -23.0645 29.6814
vt -22.9745 29.9781
vt -22.0145 29.9781
vt -22.0145 28.5781
vt -21.6595 28.3016
vt -21.2318 28.1985
vt -21.1023 27.9846
vt -20.0423 27.9846
vt -19.814 28.1092
vt -19.554 28.1092
vt -19.4349 28.2571
vt -19.4349 28.4658
vt -19.096 28.6589
vt -19.0174 28.7867
vt -19.0174 28.5667
vt -18.6698 28.3136
vt -18.2574 28.2338
vt -18.115 27.9697
vt -17.055 27.9697
vt -16.84 28.0972
vt -16.5553 28.0972
vt -16.4361 28.2702
vt -16.4361 28.488
vt -16.0033 28.6712
vt -15.9408 28.4707
vt -15.8108 28.4707
vt -15.6956 28.2952
vt -15.2602 28.2316
vt -15.1263 27.9857
vt -14.0663 27.9857
vt -13.8529 28.0956
vt -13.5678 28.0956
vt -13.4537 28.2837
vt -13.4537 28.4803
vt -13.0133 28.6951
vt -13.0133 28.5451
vt -12.7601 28.4037
vt -12.6841 28.2861
vt -12.4841 28.2861
vt -12.2405 28.2296
vt -12.1123 27.9807
vt -11.0623 27.9807
vt -10.8451 28.1047
vt -10.6051 28.1047
vt -10.4456 28.284
vt -10.4126 28.4914
f 3334/6629/656 3336/6630/656 3337/6631/656 3338/6632/656 3339/6633/656 3340/6634/656 3342/6635/656 3343/6636/656 3344/6637/656 3346/6638/656 3348/6639/656 3349/6640/656 3350/6641/656 3351/6642/656 3352/6643/656 3354/6644/656 3355/6645/656 3357/6646/656 3358/6647/656 3360/6648/656 3361/6649/656 3363/6650/656 3365/6651/656 3366/6652/656 3368/6653/656 3369/6654/656 3370/6655/656 3371/6656/656 3372/6657/656 3374/6658/656 3375/6659/656 3376/6660/656 3378/6661/656 3379/6662/656 3381/6663/656 3383/6664/656 3384/6665/656 3386/6666/656 3387/6667/656 3388/6668/656 3390/6669/656 3391/6670/656 3392/6671/656 3393/6672/656 3395/6673/656 3396/6674/656 3397/6675/656 3398/6676/656 3399/6677/656 3401/6678/656 3402/6679/656 3404/6680/656 3405/6681/656 3406/6682/656 3407/6683/656 3409/6684/656 3410/6685/656 3411/6686/656 3155/6687/656 3154/6688/656 3156/6689/656 3158/6690/656 3159/6691/656 3160/6692/656 3161/6693/656 3162/6694/656 3164/6695/656 3165/6696/656 3166/6697/656 3167/6698/656 3168/6699/656 3169/6700/656 3170/6701/656 3171/6702/656 3173/6703/656 3174/6704/656 3175/6705/656 3176/6706/656 3177/6707/656 3178/6708/656 3179/6709/656 3181/6710/656 3183/6711/656 3184/6712/656 3185/6713/656 3187/6714/656 3188/6715/656 3190/6716/656 3191/6717/656 3192/6718/656 3194/6719/656 3195/6720/656 3197/6721/656 3198/6722/656 3199/6723/656 3201/6724/656 3203/6725/656 3205/6726/656 3207/6727/656 3208/6728/656 3210/6729/656 3211/6730/656 3212/6731/656 3213/6732/656 3214/6733/656 3215/6734/656 3216/6735/656 3217/6736/656 3219/6737/656 3220/6738/656 3221/6739/656 3222/6740/656 3224/6741/656 3225/6742/656 3226/6743/656 3227/6744/656 3228/6745/656 3229/6746/656 3230/6747/656 3231/6748/656 3232/6749/656 3233/6750/656 3234/6751/656 3235/6752/656 3236/6753/656 3237/6754/656 3238/6755/656 3239/6756/656 3240/6757/656 3242/6758/656 3244/6759/656 3246/6760/656 3248/6761/656 3249/6762/656 3250/6763/656 3251/6764/656 3252/6765/656 3254/6766/656 3256/6767/656 3257/6768/656 3258/6769/656 3260/6770/656 3262/6771/656 3263/6772/656 3265/6773/656 3267/6774/656 3268/6775/656 3270/6776/656 3271/6777/656 3272/6778/656 3273/6779/656 3275/6780/656 3276/6781/656 3277/6782/656 3278/6783/656 3279/6784/656 3281/6785/656 3282/6786/656 3283/6787/656 3284/6788/656 3285/6789/656 3286/6790/656 3287/6791/656 3289/6792/656 3290/6793/656 3291/6794/656 3293/6795/656 3295/6796/656 3297/6797/656 3299/6798/656 3300/6799/656 3301/6800/656 3303/6801/656 3305/6802/656 3307/6803/656 3308/6804/656 3310/6805/656 3312/6806/656 3313/6807/656 3314/6808/656 3315/6809/656 3317/6810/656 3318/6811/656 3319/6812/656 3320/6813/656 3321/6814/656 3322/6815/656 3323/6816/656 3324/6817/656 3325/6818/656 3326/6819/656 3327/6820/656 3329/6821/656 3330/6822/656 3331/6823/656 3332/6824/656 3333/6825/656 

usemtl FrontColor
vt -1733 -8.23904e-14
vt -1693.63 -8.23904e-14
vt -1693.63 39.3701
vt -1733 39.3701
f 54/6826/7 57/6827/7 178/6828/7 177/6829/7 

usemtl _4
vt 11.9894 -2.88765e-15
v -44.0181 -1 -11.9894
vt 11.9894 -1
v -44.0181 -1 -18.0394
vt 18.0394 -1
vt 18.0394 -2.09272e-15
vt 18.0394 1
v -44.0181 7 -18.0394
vt 18.0394 7
v -44.0181 7 -11.9894
vt 11.9894 7
f 55/6830/1 3412/6831/1 3413/6832/1 54/6833/1 177/6834/1 3414/6835/1 3415/6836/1 

vt 8.03236 -1.44382e-15
v -44.0181 -1 -8.03236
vt 8.03236 -1
f 3412/6831/1 55/6830/1 366/6837/1 3416/6838/1 

v -44.0181 7 -8.03236
vt 8.03236 7
f 3417/6839/1 366/6837/1 55/6830/1 3415/6836/1 

v -49.0159 7 -8.03236
vt -49.0159 7
vn 0 -8.47667e-18 1
v -49.0159 -1 -8.03236
vt -49.0159 -1
vt -44.0181 -1
vt -44.0181 -1.51191e-15
vt -44.0181 7
f 3418/6840/657 3419/6841/657 3416/6842/657 366/6843/657 3417/6844/657 

v -49.0159 7 -11.9824
vt -11.9824 7
vn -1 9.92585e-18 -0
v -49.0159 -1 -11.9824
vt -11.9824 -1
vt -8.03236 -1
vt -8.03236 7
f 3420/6845/658 3421/6846/658 3419/6847/658 3418/6848/658 

v -49.1259 7 -11.9824
vt -49.1259 7
v -49.1259 -1 -11.9824
vt -49.1259 -1
f 3422/6849/657 3423/6850/657 3421/6841/657 3420/6840/657 

v -49.2641 7 -12.2373
vt -34.2353 7
vn -0.879146 4.68669e-18 0.476552
v -49.2641 -1 -12.2373
vt -34.2353 -1
vt -33.9453 -1
vt -33.9453 7
f 3424/6851/659 3425/6852/659 3423/6853/659 3422/6854/659 

v -49.6583 7 -12.3052
vt -51.0258 7
vn -0.169585 -6.67061e-18 0.985515
v -49.6583 -1 -12.3052
vt -51.0258 -1
vt -50.6258 -1
vt -50.6258 7
f 3426/6855/660 3427/6856/660 3425/6857/660 3424/6858/660 

v -50.0101 7 -12.5694
vt -47.5331 7
vn -0.600666 -8.14982e-19 0.7995
v -50.0101 -1 -12.5694
vt -47.5331 -1
vt -47.0931 -1
vt -47.0931 7
f 3428/6859/661 3429/6860/661 3427/6861/661 3426/6862/661 

v -50.0101 7 -13.9794
vt -13.9794 7
v -50.0101 -1 -13.9794
vt -13.9794 -1
vt -12.5694 -1
vt -12.5694 7
f 3430/6863/658 3431/6864/658 3429/6865/658 3428/6866/658 

v -62.0001 7 -13.9794
vt -62.0001 7
v -62.0001 -1 -13.9794
vt -62.0001 -1
vt -50.0101 -1
vt -50.0101 7
f 3432/6867/657 3433/6868/657 3431/6869/657 3430/6870/657 

v -62.0587 7 -13.7261
vt -0.623513 7
vn 0.974237 -1.15819e-17 0.225529
v -62.0587 -1 -13.7261
vt -0.623513 -1
vt -0.363513 -1
vt -0.363513 7
f 3434/6871/662 3435/6872/662 3433/6873/662 3432/6874/662 

v -62.4531 7 -13.4894
vt -46.6055 7
vn 0.514641 -1.23762e-17 0.857406
v -62.4531 -1 -13.4894
vt -46.6055 -1
vt -46.1455 -1
vt -46.1455 7
f 3436/6875/663 3437/6876/663 3435/6877/663 3434/6878/663 

v -62.4531 7 -13.2594
vt 13.2594 7
vn 1 -9.92585e-18 -0
v -62.4531 -1 -13.2594
vt 13.2594 -1
vt 13.4894 -1
vt 13.4894 7
f 3438/6879/664 3439/6880/664 3437/6881/664 3436/6882/664 

v -62.7431 7 -13.1824
vt -57.2566 7
vn 0.256702 -1.07406e-17 0.966491
v -62.7431 -1 -13.1824
vt -57.2566 -1
vt -56.9566 -1
vt -56.9566 7
f 3440/6883/665 3441/6884/665 3439/6885/665 3438/6886/665 

v -62.7431 7 -12.6924
vt 12.6924 7
v -62.7431 -1 -12.6924
vt 12.6924 -1
vt 13.1824 -1
vt 13.1824 7
f 3442/6887/664 3443/6888/664 3441/6889/664 3440/6890/664 

v -62.9964 7 -12.3574
vt -28.1392 7
vn 0.797633 -1.30298e-17 0.603143
v -62.9964 -1 -12.3574
vt -28.1392 -1
vt -27.7192 -1
vt -27.7192 7
f 3444/6891/666 3445/6892/666 3443/6893/666 3442/6894/666 

v -62.9964 7 -4.02739
vt 4.02739 7
v -62.9964 -1 -4.02739
vt 4.02739 -1
vt 12.3574 -1
vt 12.3574 7
f 3446/6895/664 3447/6896/664 3445/6897/664 3444/6898/664 

v -62.6864 7 -4.02739
vt 62.6864 7
vn 0 8.47667e-18 -1
v -62.6864 -1 -4.02739
vt 62.6864 -1
vt 62.9964 -1
vt 62.9964 7
f 3448/6899/667 3449/6900/667 3447/6901/667 3446/6902/667 

v -62.4046 7 -3.63881
vt 39.5818 7
vn 0.809534 -3.05888e-18 -0.587073
v -62.4046 -1 -3.63881
vt 39.5818 -1
vt 40.0618 -1
vt 40.0618 7
f 3450/6903/668 3451/6904/668 3449/6905/668 3448/6906/668 

v -62.2046 7 -3.63881
vt 62.2046 7
v -62.2046 -1 -3.63881
vt 62.2046 -1
vt 62.4046 -1
vt 62.4046 7
f 3452/6907/667 3453/6908/667 3451/6909/667 3450/6910/667 

v -62.0523 7 -3.44056
vt 40.5302 7
vn 0.793023 -2.70751e-18 -0.609192
v -62.0523 -1 -3.44056
vt 40.5302 -1
vt 40.7802 -1
vt 40.7802 7
f 3454/6911/669 3455/6912/669 3453/6913/669 3452/6914/669 

v -62.0523 7 -3.00056
vt 3.00056 7
v -62.0523 -1 -3.00056
vt 3.00056 -1
vt 3.44056 -1
vt 3.44056 7
f 3456/6915/664 3457/6916/664 3455/6917/664 3454/6918/664 

v -56.0162 7 -3.00056
vt 56.0162 7
v -56.0162 -1 -3.00056
vt 56.0162 -1
vt 62.0523 -1
vt 62.0523 7
f 3458/6919/667 3459/6920/667 3457/6921/667 3456/6922/667 

v -56.0162 7 1.99944
vt -1.99944 7
v -56.0162 -1 1.99944
vt -1.99944 -1
f 3460/6923/664 3461/6924/664 3459/6916/664 3458/6915/664 

v -61.9726 7 1.99944
vt -61.9726 7
v -61.9726 -1 1.99944
vt -61.9726 -1
vt -56.0162 -1
vt -56.0162 7
f 3462/6925/657 3463/6926/657 3461/6927/657 3460/6928/657 

v -62.0523 7 2.30935
vt -17.6938 7
vn 0.968478 -1.17245e-17 0.249101
v -62.0523 -1 2.30935
vt -17.6938 -1
vt -17.3738 -1
vt -17.3738 7
f 3464/6929/670 3465/6930/670 3463/6931/670 3462/6932/670 

v -62.4337 7 2.50784
vt -56.5421 7
vn 0.46159 -1.21013e-17 0.887093
v -62.4337 -1 2.50784
vt -56.5421 -1
vt -56.1121 -1
vt -56.1121 7
f 3466/6933/671 3467/6934/671 3465/6935/671 3464/6936/671 

v -62.4337 7 2.71784
vt -2.71784 7
v -62.4337 -1 2.71784
vt -2.71784 -1
vt -2.50784 -1
vt -2.50784 7
f 3468/6937/664 3469/6938/664 3467/6939/664 3466/6940/664 

v -62.5759 7 2.85854
vt -46.4817 7
vn 0.703528 -1.30072e-17 0.710667
v -62.5759 -1 2.85854
vt -46.4817 -1
vt -46.2817 -1
vt -46.2817 7
f 3470/6941/672 3471/6942/672 3469/6943/672 3468/6944/672 

v -62.9832 7 2.90553
vt -62.9012 7
vn 0.114604 -9.55836e-18 0.993411
v -62.9832 -1 2.90553
vt -62.9012 -1
vt -62.4912 -1
vt -62.4912 7
f 3472/6945/673 3473/6946/673 3471/6947/673 3470/6948/673 

v -62.9832 7 13.0255
vt -13.0255 7
v -62.9832 -1 13.0255
vt -13.0255 -1
vt -2.90553 -1
vt -2.90553 7
f 3474/6949/664 3475/6950/664 3473/6951/664 3472/6952/664 

v -62.7132 7 13.0255
vt 62.7132 7
v -62.7132 -1 13.0255
vt 62.7132 -1
vt 62.9832 -1
vt 62.9832 7
f 3476/6953/667 3477/6954/667 3475/6955/667 3474/6956/667 

v -62.397 7 13.4257
vt 28.1511 7
vn 0.784615 -2.53258e-18 -0.619983
v -62.397 -1 13.4257
vt 28.1511 -1
vt 28.6611 -1
vt 28.6611 7
f 3478/6957/674 3479/6958/674 3477/6959/674 3476/6960/674 

v -62.207 7 13.4257
vt 62.207 7
v -62.207 -1 13.4257
vt 62.207 -1
vt 62.397 -1
vt 62.397 7
f 3480/6961/667 3481/6962/667 3479/6963/667 3478/6964/667 

v -62.055 7 13.6242
vt 26.8979 7
vn 0.794093 -2.72996e-18 -0.607796
v -62.055 -1 13.6242
vt 26.8979 -1
vt 27.1479 -1
vt 27.1479 7
f 3482/6965/675 3483/6966/675 3481/6967/675 3480/6968/675 

v -62.055 7 14.0042
vt -14.0042 7
v -62.055 -1 14.0042
vt -14.0042 -1
vt -13.6242 -1
vt -13.6242 7
f 3484/6969/664 3485/6970/664 3483/6971/664 3482/6972/664 

v -57.005 7 14.0042
vt 57.005 7
v -57.005 -1 14.0042
vt 57.005 -1
vt 62.055 -1
vt 62.055 7
f 3486/6973/667 3487/6974/667 3485/6975/667 3484/6976/667 

v -57.005 7 15.9995
vt -15.9995 7
v -57.005 -1 15.9995
f 3488/6977/664 3489/5425/664 3487/6970/664 3486/6969/664 

v -70.995 7 15.9995
vt -70.995 7
v -70.995 -1 15.9995
vt -70.995 -1
vt -57.005 -1
vt -57.005 7
f 3490/6978/657 3491/6979/657 3489/6980/657 3488/6981/657 

v -70.995 7 14.0042
vt 14.0042 7
v -70.995 -1 14.0042
vt 14.0042 -1
f 3492/6982/658 3493/6983/658 3491/5478/658 3490/5480/658 

v -65.965 7 14.0042
vt 65.965 7
v -65.965 -1 14.0042
vt 65.965 -1
vt 70.995 -1
vt 70.995 7
f 3494/6984/667 3495/6985/667 3493/6986/667 3492/6987/667 

v -65.965 7 13.6442
vt 13.6442 7
v -65.965 -1 13.6442
vt 13.6442 -1
f 3496/6988/658 3497/6989/658 3495/6983/658 3494/6982/658 

v -65.8235 7 13.4758
vt 52.6596 7
vn -0.765644 1.30524e-17 -0.643264
v -65.8235 -1 13.4758
vt 52.6596 -1
vt 52.8796 -1
vt 52.8796 7
f 3498/6990/676 3499/6991/676 3497/6992/676 3496/6993/676 

v -65.7035 7 13.4758
vt 65.7035 7
v -65.7035 -1 13.4758
vt 65.7035 -1
vt 65.8235 -1
vt 65.8235 7
f 3500/6994/667 3501/6995/667 3499/6996/667 3498/6997/667 

v -65.633 7 13.2464
vt 31.9532 7
vn -0.955825 1.1979e-17 -0.293937
v -65.633 -1 13.2464
vt 31.9532 -1
vt 32.1932 -1
vt 32.1932 7
f 3502/6998/677 3503/6999/677 3501/7000/677 3500/7001/677 

v -65.3759 7 12.9944
vt 55.7886 7
vn -0.699906 1.30015e-17 -0.714235
v -65.3759 -1 12.9944
vt 55.7886 -1
vt 56.1486 -1
vt 56.1486 7
f 3504/7002/678 3505/7003/678 3503/7004/678 3502/7005/678 

v -65.0159 7 12.9944
vt 65.0159 7
v -65.0159 -1 12.9944
vt 65.0159 -1
vt 65.3759 -1
vt 65.3759 7
f 3506/7006/667 3507/7007/667 3505/7008/667 3504/7009/667 

v -65.0159 7 3.0044
vt 3.0044 7
v -65.0159 -1 3.0044
vt 3.0044 -1
vt 12.9944 -1
vt 12.9944 7
f 3508/7010/658 3509/7011/658 3507/7012/658 3506/7013/658 

v -65.1259 7 3.0044
vt -65.1259 7
v -65.1259 -1 3.0044
vt -65.1259 -1
vt -65.0159 -1
vt -65.0159 7
f 3510/7014/657 3511/7015/657 3509/7016/657 3508/7017/657 

v -65.2523 7 2.77724
vt -29.3168 7
vn -0.873698 4.54856e-18 0.486469
v -65.2523 -1 2.77724
vt -29.3168 -1
vt -29.0568 -1
vt -29.0568 7
f 3512/7018/679 3513/7019/679 3511/7020/679 3510/7021/679 

v -65.6854 7 2.6994
vt -64.1716 7
vn -0.176922 -6.58685e-18 0.984225
v -65.6854 -1 2.6994
vt -64.1716 -1
vt -63.7316 -1
vt -63.7316 7
f 3514/7022/680 3515/7023/680 3513/7024/680 3512/7025/680 

v -65.8351 7 2.52475
vt -40.9232 7
vn -0.759317 2.02091e-18 0.650721
v -65.8351 -1 2.52475
vt -40.9232 -1
vt -40.6932 -1
vt -40.6932 7
f 3516/7026/681 3517/7027/681 3515/7028/681 3514/7029/681 

v -65.9351 7 2.52475
vt -65.9351 7
v -65.9351 -1 2.52475
vt -65.9351 -1
vt -65.8351 -1
vt -65.8351 7
f 3518/7030/657 3519/7031/657 3517/7032/657 3516/7033/657 

v -66.0177 7 2.42438
vt -40.0805 7
vn -0.772123 2.27729e-18 0.635473
v -66.0177 -1 2.42438
vt -40.0805 -1
vt -39.9505 -1
vt -39.9505 7
f 3520/7034/682 3521/7035/682 3519/7036/682 3518/7037/682 

v -66.0177 7 2.02438
vt 2.02438 7
v -66.0177 -1 2.02438
vt 2.02438 -1
vt 2.42438 -1
vt 2.42438 7
f 3522/7038/658 3523/7039/658 3521/7040/658 3520/7041/658 

v -77.9677 7 2.02438
vt -77.9677 7
v -77.9677 -1 2.02438
vt -77.9677 -1
vt -66.0177 -1
vt -66.0177 7
f 3524/7042/657 3525/7043/657 3523/7044/657 3522/7045/657 

v -78.0672 7 2.29676
vt -28.9509 7
vn 0.939258 -1.22322e-17 0.343213
v -78.0672 -1 2.29676
vt -28.9509 -1
vt -28.6609 -1
vt -28.6609 7
f 3526/7046/683 3527/7047/683 3525/7048/683 3524/7049/683 

v -78.4391 7 2.51255
vt -69.1078 7
vn 0.501836 -1.23131e-17 0.864963
v -78.4391 -1 2.51255
vt -69.1078 -1
vt -68.6778 -1
vt -68.6778 7
f 3528/7050/684 3529/7051/684 3527/7052/684 3526/7053/684 

v -78.4391 7 2.73255
vt -2.73255 7
v -78.4391 -1 2.73255
vt -2.73255 -1
vt -2.51255 -1
vt -2.51255 7
f 3530/7054/664 3531/7055/664 3529/7056/664 3528/7057/664 

v -78.5739 7 2.86645
vt -57.7677 7
vn 0.704712 -1.3009e-17 0.709493
v -78.5739 -1 2.86645
vt -57.7677 -1
vt -57.5777 -1
vt -57.5777 7
f 3532/7058/685 3533/7059/685 3531/7060/685 3530/7061/685 

v -78.9898 7 2.92527
vt -78.6209 7
vn 0.140066 -9.78338e-18 0.990142
v -78.9898 -1 2.92527
vt -78.6209 -1
vt -78.2009 -1
vt -78.2009 7
f 3534/7062/686 3535/7063/686 3533/7064/686 3532/7065/686 

v -78.9898 7 13.0353
vt -13.0353 7
v -78.9898 -1 13.0353
vt -13.0353 -1
vt -2.92527 -1
vt -2.92527 7
f 3536/7066/664 3537/7067/664 3535/7068/664 3534/7069/664 

v -78.7098 7 13.0353
vt 78.7098 7
v -78.7098 -1 13.0353
vt 78.7098 -1
vt 78.9898 -1
vt 78.9898 7
f 3538/7070/667 3539/7071/667 3537/7072/667 3536/7073/667 

v -78.4027 7 13.4299
vt 37.5498 7
vn 0.789211 -2.62788e-18 -0.614122
v -78.4027 -1 13.4299
vt 37.5498 -1
vt 38.0498 -1
vt 38.0498 7
f 3540/7074/687 3541/7075/687 3539/7076/687 3538/7077/687 

v -78.1927 7 13.4299
vt 78.1927 7
v -78.1927 -1 13.4299
vt 78.1927 -1
vt 78.4027 -1
vt 78.4027 7
f 3542/7078/667 3543/7079/667 3541/7080/667 3540/7081/667 

v -78.0588 7 13.629
vt 32.2454 7
vn 0.829852 -3.50715e-18 -0.557983
v -78.0588 -1 13.629
vt 32.2454 -1
vt 32.4854 -1
vt 32.4854 7
f 3544/7082/688 3545/7083/688 3543/7084/688 3542/7085/688 

v -78.0588 7 13.979
vt -13.979 7
v -78.0588 -1 13.979
vt -13.979 -1
vt -13.629 -1
vt -13.629 7
f 3546/7086/664 3547/7087/664 3545/7088/664 3544/7089/664 

v -72.9888 7 13.979
vt 72.9888 7
v -72.9888 -1 13.979
vt 72.9888 -1
vt 78.0588 -1
vt 78.0588 7
f 3548/7090/667 3549/7091/667 3547/7092/667 3546/7093/667 

v -72.9888 7 15.9995
v -72.9888 -1 15.9995
f 3550/6977/664 3551/5425/664 3549/7087/664 3548/7086/664 

v -86.9988 7 15.9995
vt -86.9988 7
v -86.9988 -1 15.9995
vt -86.9988 -1
vt -72.9888 -1
vt -72.9888 7
f 3552/7094/657 3553/7095/657 3551/7096/657 3550/7097/657 

v -86.9988 7 13.979
vt 13.979 7
v -86.9988 -1 13.979
vt 13.979 -1
f 3554/7098/658 3555/7099/658 3553/5478/658 3552/5480/658 

v -82.0088 7 13.979
vt 82.0088 7
v -82.0088 -1 13.979
vt 82.0088 -1
vt 86.9988 -1
vt 86.9988 7
f 3556/7100/667 3557/7101/667 3555/7102/667 3554/7103/667 

v -81.9419 7 13.6457
vt 29.5026 7
vn -0.98045 1.13997e-17 -0.19677
v -81.9419 -1 13.6457
vt 29.5026 -1
vt 29.8426 -1
vt 29.8426 7
f 3558/7104/689 3559/7105/689 3557/7106/689 3556/7107/689 

v -81.8324 7 13.4904
vt 58.1741 7
vn -0.817344 1.29967e-17 -0.576151
v -81.8324 -1 13.4904
vt 58.1741 -1
vt 58.3641 -1
vt 58.3641 7
f 3560/7108/690 3561/7109/690 3559/7110/690 3558/7111/690 

v -81.7124 7 13.4904
vt 81.7124 7
v -81.7124 -1 13.4904
vt 81.7124 -1
vt 81.8324 -1
vt 81.8324 7
f 3562/7112/667 3563/7113/667 3561/7114/667 3560/7115/667 

v -81.6384 7 13.2621
vt 37.7761 7
vn -0.951327 1.20551e-17 -0.308183
v -81.6384 -1 13.2621
vt 37.7761 -1
vt 38.0161 -1
vt 38.0161 7
f 3564/7116/691 3565/7117/691 3563/7118/691 3562/7119/691 

v -81.3813 7 12.9823
vt 64.6283 7
vn -0.736268 1.30442e-17 -0.67669
v -81.3813 -1 12.9823
vt 64.6283 -1
vt 65.0083 -1
vt 65.0083 7
f 3566/7120/692 3567/7121/692 3565/7122/692 3564/7123/692 

v -81.0113 7 12.9823
vt 81.0113 7
v -81.0113 -1 12.9823
vt 81.0113 -1
vt 81.3813 -1
vt 81.3813 7
f 3568/7124/667 3569/7125/667 3567/7126/667 3566/7127/667 

v -81.0113 7 3.0123
vt 3.0123 7
v -81.0113 -1 3.0123
vt 3.0123 -1
vt 12.9823 -1
vt 12.9823 7
f 3570/7128/658 3571/7129/658 3569/7130/658 3568/7131/658 

v -81.1213 7 3.0123
vt -81.1213 7
v -81.1213 -1 3.0123
vt -81.1213 -1
vt -81.0113 -1
vt -81.0113 7
f 3572/7132/657 3573/7133/657 3571/7134/657 3570/7135/657 

v -81.2382 7 2.78009
vt -34.0645 7
vn -0.893089 5.05119e-18 0.449879
v -81.2382 -1 2.78009
vt -34.0645 -1
vt -33.8045 -1
vt -33.8045 7
f 3574/7136/693 3575/7137/693 3573/7138/693 3572/7139/693 

v -81.6756 7 2.67421
vt -78.7533 7
vn -0.235294 -5.90319e-18 0.971924
v -81.6756 -1 2.67421
vt -78.7533 -1
vt -78.3033 -1
vt -78.3033 7
f 3576/7140/694 3577/7141/694 3575/7142/694 3574/7143/694 

v -82.0185 7 2.4317
vt -65.5606 7
vn -0.577406 -1.1896e-18 0.816457
v -82.0185 -1 2.4317
vt -65.5606 -1
vt -65.1406 -1
vt -65.1406 7
f 3578/7144/695 3579/7145/695 3577/7146/695 3576/7147/695 

v -82.0185 7 2.0217
vt 2.0217 7
v -82.0185 -1 2.0217
vt 2.0217 -1
vt 2.4317 -1
vt 2.4317 7
f 3580/7148/658 3581/7149/658 3579/7150/658 3578/7151/658 

v -93.9785 7 2.0217
vt -93.9785 7
v -93.9785 -1 2.0217
vt -93.9785 -1
vt -82.0185 -1
vt -82.0185 7
f 3582/7152/657 3583/7153/657 3581/7154/657 3580/7155/657 

v -93.9785 7 2.1917
vt -2.1917 7
v -93.9785 -1 2.1917
vt -2.1917 -1
vt -2.0217 -1
vt -2.0217 7
f 3584/7156/664 3585/7157/664 3583/7158/664 3582/7159/664 

v -94.0668 7 2.27301
vt -70.7218 7
vn 0.677576 -1.29597e-17 0.735453
v -94.0668 -1 2.27301
vt -70.7218 -1
vt -70.6018 -1
vt -70.6018 7
f 3586/7160/696 3587/7161/696 3585/7162/696 3584/7163/696 

v -94.4354 7 2.47432
vt -84.0663 7
vn 0.47932 -1.21971e-17 0.87764
v -94.4354 -1 2.47432
vt -84.0663 -1
vt -83.6463 -1
vt -83.6463 7
f 3588/7164/697 3589/7165/697 3587/7166/697 3586/7167/697 

v -94.4354 7 2.72432
vt -2.72432 7
v -94.4354 -1 2.72432
vt -2.72432 -1
vt -2.47432 -1
vt -2.47432 7
f 3590/7168/664 3591/7169/664 3589/7170/664 3588/7171/664 

v -94.5843 7 2.88631
vt -66.1273 7
vn 0.736288 -1.30442e-17 0.676668
v -94.5843 -1 2.88631
vt -66.1273 -1
vt -65.9073 -1
vt -65.9073 7
f 3592/7172/698 3593/7173/698 3591/7174/698 3590/7175/698 

v -95.0143 7 2.88631
vt -95.0143 7
v -95.0143 -1 2.88631
vt -95.0143 -1
vt -94.5843 -1
vt -94.5843 7
f 3594/7176/657 3595/7177/657 3593/7178/657 3592/7179/657 

v -95.0143 7 13.0363
vt -13.0363 7
v -95.0143 -1 13.0363
vt -13.0363 -1
vt -2.88631 -1
vt -2.88631 7
f 3596/7180/664 3597/7181/664 3595/7182/664 3594/7183/664 

v -94.7143 7 13.0363
vt 94.7143 7
v -94.7143 -1 13.0363
vt 94.7143 -1
vt 95.0143 -1
vt 95.0143 7
f 3598/7184/667 3599/7185/667 3597/7186/667 3596/7187/667 

v -94.4205 7 13.4159
vt 47.1718 7
vn 0.790883 -2.66275e-18 -0.611967
v -94.4205 -1 13.4159
vt 47.1718 -1
vt 47.6518 -1
vt 47.6518 7
f 3600/7188/699 3601/7189/699 3599/7190/699 3598/7191/699 

v -94.2005 7 13.4159
vt 94.2005 7
v -94.2005 -1 13.4159
vt 94.2005 -1
vt 94.4205 -1
vt 94.4205 7
f 3602/7192/667 3603/7193/667 3601/7194/667 3600/7195/667 

v -94.0587 7 13.6095
vt 44.6098 7
vn 0.806675 -2.99726e-18 -0.590996
v -94.0587 -1 13.6095
vt 44.6098 -1
vt 44.8498 -1
vt 44.8498 7
f 3604/7196/700 3605/7197/700 3603/7198/700 3602/7199/700 

v -94.0587 7 14.0195
vt -14.0195 7
v -94.0587 -1 14.0195
vt -14.0195 -1
vt -13.6095 -1
vt -13.6095 7
f 3606/7200/664 3607/7201/664 3605/7202/664 3604/7203/664 

v -89.0187 7 14.0195
vt 89.0187 7
v -89.0187 -1 14.0195
vt 89.0187 -1
vt 94.0587 -1
vt 94.0587 7
f 3608/7204/667 3609/7205/667 3607/7206/667 3606/7207/667 

v -89.0187 7 15.9995
v -89.0187 -1 15.9995
f 3610/6977/664 3611/5425/664 3609/7201/664 3608/7200/664 

vt -96.0087 7
vt -96.0087 -2.16573e-15
vt -96.0087 -1
vt -89.0187 -1
vt -89.0187 7
f 3057/7208/7 3055/7209/7 2948/7210/7 3611/7211/7 3610/7212/7 

vt 44.0181 11.9894
vn -9.43487e-18 -1 -8.15085e-18
vt 44.0181 8.03236
vt 49.0159 8.03236
vt 49.0159 11.9824
vt 49.1259 11.9824
vt 49.2641 12.2373
vt 49.6583 12.3052
vt 50.0101 12.5694
vt 50.0101 13.9794
vt 62.0001 13.9794
vt 62.0587 13.7261
vt 62.4531 13.4894
vt 62.4531 13.2594
vt 62.7431 13.1824
vt 62.7431 12.6924
vt 62.9964 12.3574
vt 62.9964 4.02739
vt 62.6864 4.02739
vt 62.4046 3.63881
vt 62.2046 3.63881
vt 62.0523 3.44056
vt 62.0523 3.00056
vt 56.0162 3.00056
vt 56.0162 -1.99944
vt 61.9726 -1.99944
vt 62.0523 -2.30935
vt 62.4337 -2.50784
vt 62.4337 -2.71784
vt 62.5759 -2.85854
vt 62.9832 -2.90553
vt 62.9832 -13.0255
vt 62.7132 -13.0255
vt 62.397 -13.4257
vt 62.207 -13.4257
vt 62.055 -13.6242
vt 62.055 -14.0042
vt 57.005 -14.0042
vt 57.005 -15.9995
vt 70.995 -15.9995
vt 70.995 -14.0042
vt 65.965 -14.0042
vt 65.965 -13.6442
vt 65.8235 -13.4758
vt 65.7035 -13.4758
vt 65.633 -13.2464
vt 65.3759 -12.9944
vt 65.0159 -12.9944
vt 65.0159 -3.0044
vt 65.1259 -3.0044
vt 65.2523 -2.77724
vt 65.6854 -2.6994
vt 65.8351 -2.52475
vt 65.9351 -2.52475
vt 66.0177 -2.42438
vt 66.0177 -2.02438
vt 77.9677 -2.02438
vt 78.0672 -2.29676
vt 78.4391 -2.51255
vt 78.4391 -2.73255
vt 78.5739 -2.86645
vt 78.9898 -2.92527
vt 78.9898 -13.0353
vt 78.7098 -13.0353
vt 78.4027 -13.4299
vt 78.1927 -13.4299
vt 78.0588 -13.629
vt 78.0588 -13.979
vt 72.9888 -13.979
vt 72.9888 -15.9995
vt 86.9988 -15.9995
vt 86.9988 -13.979
vt 82.0088 -13.979
vt 81.9419 -13.6457
vt 81.8324 -13.4904
vt 81.7124 -13.4904
vt 81.6384 -13.2621
vt 81.3813 -12.9823
vt 81.0113 -12.9823
vt 81.0113 -3.0123
vt 81.1213 -3.0123
vt 81.2382 -2.78009
vt 81.6756 -2.67421
vt 82.0185 -2.4317
vt 82.0185 -2.0217
vt 93.9785 -2.0217
vt 93.9785 -2.1917
vt 94.0668 -2.27301
vt 94.4354 -2.47432
vt 94.4354 -2.72432
vt 94.5843 -2.88631
vt 95.0143 -2.88631
vt 95.0143 -13.0363
vt 94.7143 -13.0363
vt 94.4205 -13.4159
vt 94.2005 -13.4159
vt 94.0587 -13.6095
vt 94.0587 -14.0195
vt 89.0187 -14.0195
vt 89.0187 -15.9995
vt 96.0087 -15.9995
vt 96.0087 5.24047
vt 95.3834 5.9153
vt 94.7134 5.9153
vt 94.3964 5.52857
vt 94.2064 5.52857
vt 94.0534 5.31837
vt 93.9705 4.85574
vt 93.6705 4.85574
vt 92.9884 4.31569
vt 92.9884 1.98569
vt 82.9484 1.98569
vt 82.9484 6.29747
vt 82.3594 6.89636
vt 78.6794 6.89636
vt 78.01 6.29479
vt 78.01 1.98569
vt 66 1.98569
vt 66 14.0057
vt 66 17.9857
v -61 -1 -17.9857
vt 61 17.9857
v -60.9407 -1 -18.3712
vt 60.9407 18.3712
v -60.3718 -1 -19.0161
vt 60.3718 19.0161
v -59.6746 -1 -18.9535
vt 59.6746 18.9535
v -59.4142 -1 -18.5865
vt 59.4142 18.5865
v -59.1842 -1 -18.5865
vt 59.1842 18.5865
v -59.0552 -1 -18.3608
vt 59.0552 18.3608
v -59.0552 -1 -18.0196
vt 59.0552 18.0196
v -57.7067 -1 -17.9543
vt 57.7067 17.9543
v -57.4219 -1 -17.5931
vt 57.4219 17.5931
v -57.2019 -1 -17.5931
vt 57.2019 17.5931
v -57.002 -1 -17.3432
vt 57.002 17.3432
v -56.8224 -1 -17.4869
vt 56.8224 17.4869
v -56.7224 -1 -17.4869
vt 56.7224 17.4869
v -56.681 -1 -17.6414
vt 56.681 17.6414
v -56.377 -1 -17.9998
vt 56.377 17.9998
v -51.707 -1 -17.9998
vt 51.707 17.9998
v -51.4179 -1 -17.5796
vt 51.4179 17.5796
v -51.1779 -1 -17.5796
vt 51.1779 17.5796
v -50.9977 -1 -17.3274
vt 50.9977 17.3274
v -50.3672 -1 -18.0394
vt 50.3672 18.0394
vt 44.0181 18.0394
f 3412/7213/701 3416/7214/701 3419/7215/701 3421/7216/701 3423/7217/701 3425/7218/701 3427/7219/701 3429/7220/701 3431/7221/701 3433/7222/701 3435/7223/701 3437/7224/701 3439/7225/701 3441/7226/701 3443/7227/701 3445/7228/701 3447/7229/701 3449/7230/701 3451/7231/701 3453/7232/701 3455/7233/701 3457/7234/701 3459/7235/701 3461/7236/701 3463/7237/701 3465/7238/701 3467/7239/701 3469/7240/701 3471/7241/701 3473/7242/701 3475/7243/701 3477/7244/701 3479/7245/701 3481/7246/701 3483/7247/701 3485/7248/701 3487/7249/701 3489/7250/701 3491/7251/701 3493/7252/701 3495/7253/701 3497/7254/701 3499/7255/701 3501/7256/701 3503/7257/701 3505/7258/701 3507/7259/701 3509/7260/701 3511/7261/701 3513/7262/701 3515/7263/701 3517/7264/701 3519/7265/701 3521/7266/701 3523/7267/701 3525/7268/701 3527/7269/701 3529/7270/701 3531/7271/701 3533/7272/701 3535/7273/701 3537/7274/701 3539/7275/701 3541/7276/701 3543/7277/701 3545/7278/701 3547/7279/701 3549/7280/701 3551/7281/701 3553/7282/701 3555/7283/701 3557/7284/701 3559/7285/701 3561/7286/701 3563/7287/701 3565/7288/701 3567/7289/701 3569/7290/701 3571/7291/701 3573/7292/701 3575/7293/701 3577/7294/701 3579/7295/701 3581/7296/701 3583/7297/701 3585/7298/701 3587/7299/701 3589/7300/701 3591/7301/701 3593/7302/701 3595/7303/701 3597/7304/701 3599/7305/701 3601/7306/701 3603/7307/701 3605/7308/701 3607/7309/701 3609/7310/701 3611/7311/701 2948/7312/701 2949/7313/701 2950/7314/701 2951/7315/701 2952/7316/701 2953/7317/701 2954/7318/701 2955/7319/701 2956/7320/701 2957/7321/701 2958/7322/701 2959/7323/701 2960/7324/701 2961/7325/701 2962/7326/701 2963/7327/701 2964/7328/701 2965/7329/701 2966/7330/701 3076/7331/701 3612/7332/701 3613/7333/701 3614/7334/701 3615/7335/701 3616/7336/701 3617/7337/701 3618/7338/701 3619/7339/701 3620/7340/701 3621/7341/701 3622/7342/701 3623/7343/701 3624/7344/701 3625/7345/701 3626/7346/701 3627/7347/701 3628/7348/701 3629/7349/701 3630/7350/701 3631/7351/701 3632/7352/701 3413/7353/701 

vt 66 -2.16573e-15
v -61 -2.16573e-15 -17.9857
vt 61 -2.16573e-15
vt 61 -1
f 3075/7354/5 3633/7355/5 3612/7356/5 3076/5540/5 

vt -8.50366 -1.90253e-15
vn -0.988378 -4.17622e-18 -0.152016
v -60.9407 -1.80109e-15 -18.3712
vt -8.89366 -1.53789e-15
vt -8.89366 -1
vt -8.50366 -1
f 3633/7357/702 3634/7358/702 3613/7359/702 3612/7360/702 

vt 26.5403 -1.80109e-15
vn -0.749883 0 -0.66157
v -60.3718 -1.80476e-15 -19.0161
vt 25.6803 -1.80476e-15
vt 25.6803 -1
vt 26.5403 -1
f 3634/7361/703 3635/7362/703 3614/7363/703 3613/7364/703 

vt 61.8292 -1.76179e-15
vn 0.0893352 -3.17184e-18 -0.996002
v -59.6746 -2.16608e-15 -18.9535
vt 61.1292 -2.12311e-15
vt 61.1292 -1
vt 61.8292 -1
f 3635/7365/704 3636/7366/704 3615/7367/704 3614/7368/704 

vt 49.989 -2.16608e-15
vn 0.815572 0 -0.578655
v -59.4142 -2.16573e-15 -18.5865
vt 49.539 -2.16573e-15
vt 49.539 -1
vt 49.989 -1
f 3636/7369/705 3637/7370/705 3616/7371/705 3615/7372/705 

vt 59.4142 -2.16573e-15
v -59.1842 -2.16573e-15 -18.5865
vt 59.1842 -2.16573e-15
vt 59.1842 -1
vt 59.4142 -1
f 3637/7373/5 3638/7374/5 3617/7375/5 3616/7376/5 

vt 45.5009 -2.16573e-15
vn 0.868246 0 -0.496134
v -59.0552 -2.16573e-15 -18.3608
vt 45.2409 -2.16573e-15
vt 45.2409 -1
vt 45.5009 -1
f 3638/7377/706 3639/7378/706 3618/7379/706 3617/7380/706 

vt 18.3608 -2.16573e-15
v -59.0552 -2.16573e-15 -18.0196
vt 18.0196 -2.16573e-15
vt 18.0196 -1
vt 18.3608 -1
f 3639/7381/1 3640/7382/1 3619/7383/1 3618/7384/1 

vt 59.8573 -2.16573e-15
vn 0.0483475 0 -0.998831
v -57.7067 -2.16573e-15 -17.9543
vt 58.5073 -2.16573e-15
vt 58.5073 -1
vt 59.8573 -1
f 3640/7385/707 3641/7386/707 3620/7387/707 3619/7388/707 

vt 49.8319 -2.16573e-15
vn 0.785205 0 -0.619236
v -57.4219 -2.16573e-15 -17.5931
vt 49.3719 -2.16573e-15
vt 49.3719 -1
vt 49.8319 -1
f 3641/7389/708 3642/7390/708 3621/7391/708 3620/7392/708 

vt 57.4219 -2.16573e-15
v -57.2019 -2.16573e-15 -17.5931
vt 57.2019 -2.16573e-15
vt 57.2019 -1
vt 57.4219 -1
f 3642/7393/5 3643/7394/5 3622/7395/5 3621/7396/5 

vt 49.4668 -2.16573e-15
vn 0.78096 0 -0.624581
v -57.002 -2.16573e-15 -17.3432
vt 49.1468 -2.16573e-15
vt 49.1468 -1
vt 49.4668 -1
f 3643/7397/709 3644/7398/709 3623/7399/709 3622/7400/709 

vt 33.6841 -2.16573e-15
vn -0.624581 0 -0.78096
v -56.8224 -2.16573e-15 -17.4869
vt 33.4541 -2.16573e-15
vt 33.4541 -1
vt 33.6841 -1
f 3644/7401/710 3645/7402/710 3624/7403/710 3623/7404/710 

vt 56.8224 -2.16573e-15
v -56.7224 -2.16573e-15 -17.4869
vt 56.7224 -2.16573e-15
vt 56.7224 -1
vt 56.8224 -1
f 3645/7405/5 3646/7406/5 3625/7407/5 3624/7408/5 

vt -2.21642 -2.16573e-15
vn -0.965953 0 -0.258718
v -56.681 -2.16573e-15 -17.6414
vt -2.37642 -2.16573e-15
vt -2.37642 -1
vt -2.21642 -1
f 3646/7409/711 3647/7410/711 3626/7411/711 3625/7412/711 

vt 23.2159 -2.16573e-15
vn -0.762552 0 -0.646927
v -56.377 -2.16573e-15 -17.9998
vt 22.7459 -2.16573e-15
vt 22.7459 -1
vt 23.2159 -1
f 3647/7413/712 3648/7414/712 3627/7415/712 3626/7416/712 

vt 56.377 -2.16573e-15
v -51.707 -2.16573e-15 -17.9998
vt 51.707 -2.16573e-15
vt 51.707 -1
vt 56.377 -1
f 3648/7417/5 3649/7418/5 3628/7419/5 3627/7420/5 

vt 44.1325 -2.16345e-15
vn 0.82393 7.04209e-20 -0.566692
v -51.4179 -1.44609e-15 -17.5796
vt 43.6225 -1.4438e-15
vt 43.6225 -1
vt 44.1325 -1
f 3649/7421/713 3650/7422/713 3629/7423/713 3628/7424/713 

vt 51.4179 -1.44609e-15
v -51.1779 -1.44609e-15 -17.5796
vt 51.1779 -1.44609e-15
vt 51.1779 -1
vt 51.4179 -1
f 3650/7425/5 3651/7426/5 3630/7427/5 3629/7428/5 

vt 44.0606 -1.51503e-15
vn 0.813569 -2.19471e-18 -0.581468
v -50.9977 -2.15979e-15 -17.3274
vt 43.7506 -2.22873e-15
vt 43.7506 -1
vt 44.0606 -1
f 3651/7429/714 3652/7430/714 3631/7431/714 3630/7432/714 

vt 20.8397 -2.31574e-15
vn -0.748621 3.14006e-18 -0.662998
v -50.3672 -2.09272e-15 -18.0394
vt 19.8887 -2.24867e-15
vt 19.8887 -1
vt 20.8397 -1
f 3652/7433/715 3653/7434/715 3632/7435/715 3631/7436/715 

vt 50.3672 -2.09272e-15
vt 44.0181 -2.09272e-15
vt 44.0181 -1
vt 50.3672 -1
f 3653/7437/5 54/7438/5 3413/7439/5 3632/7440/5 

vt -44.0181 8.03236
vn -3.05402e-19 1 6.14252e-17
vt -44.0181 11.9894
vt -44.0181 18.0394
v -50.3672 7 -18.0394
vt -50.3672 18.0394
v -50.9977 7 -17.3274
vt -50.9977 17.3274
v -51.1779 7 -17.5796
vt -51.1779 17.5796
v -51.4179 7 -17.5796
vt -51.4179 17.5796
v -51.707 7 -17.9998
vt -51.707 17.9998
v -56.377 7 -17.9998
vt -56.377 17.9998
v -56.681 7 -17.6414
vt -56.681 17.6414
v -56.7224 7 -17.4869
vt -56.7224 17.4869
v -56.8224 7 -17.4869
vt -56.8224 17.4869
v -57.002 7 -17.3432
vt -57.002 17.3432
v -57.2019 7 -17.5931
vt -57.2019 17.5931
v -57.4219 7 -17.5931
vt -57.4219 17.5931
v -57.7067 7 -17.9543
vt -57.7067 17.9543
v -59.0552 7 -18.0196
vt -59.0552 18.0196
v -59.0552 7 -18.3608
vt -59.0552 18.3608
v -59.1842 7 -18.5865
vt -59.1842 18.5865
v -59.4142 7 -18.5865
vt -59.4142 18.5865
v -59.6746 7 -18.9535
vt -59.6746 18.9535
v -60.3718 7 -19.0161
vt -60.3718 19.0161
v -60.9407 7 -18.3712
vt -60.9407 18.3712
v -61 7 -17.9857
vt -61 17.9857
vt -66 17.9857
vt -66 14.0057
vt -66 1.98569
vt -78.01 1.98569
vt -78.01 6.29479
vt -78.6794 6.89636
vt -82.3594 6.89636
vt -82.9484 6.29747
vt -82.9484 1.98569
vt -92.9884 1.98569
vt -92.9884 4.31569
vt -93.6705 4.85574
vt -93.9705 4.85574
vt -94.0534 5.31837
vt -94.2064 5.52857
vt -94.3964 5.52857
vt -94.7134 5.9153
vt -95.3834 5.9153
vt -96.0087 5.24047
vt -96.0087 -15.9995
vt -89.0187 -15.9995
vt -89.0187 -14.0195
vt -94.0587 -14.0195
vt -94.0587 -13.6095
vt -94.2005 -13.4159
vt -94.4205 -13.4159
vt -94.7143 -13.0363
vt -95.0143 -13.0363
vt -95.0143 -2.88631
vt -94.5843 -2.88631
vt -94.4354 -2.72432
vt -94.4354 -2.47432
vt -94.0668 -2.27301
vt -93.9785 -2.1917
vt -93.9785 -2.0217
vt -82.0185 -2.0217
vt -82.0185 -2.4317
vt -81.6756 -2.67421
vt -81.2382 -2.78009
vt -81.1213 -3.0123
vt -81.0113 -3.0123
vt -81.0113 -12.9823
vt -81.3813 -12.9823
vt -81.6384 -13.2621
vt -81.7124 -13.4904
vt -81.8324 -13.4904
vt -81.9419 -13.6457
vt -82.0088 -13.979
vt -86.9988 -13.979
vt -86.9988 -15.9995
vt -72.9888 -15.9995
vt -72.9888 -13.979
vt -78.0588 -13.979
vt -78.0588 -13.629
vt -78.1927 -13.4299
vt -78.4027 -13.4299
vt -78.7098 -13.0353
vt -78.9898 -13.0353
vt -78.9898 -2.92527
vt -78.5739 -2.86645
vt -78.4391 -2.73255
vt -78.4391 -2.51255
vt -78.0672 -2.29676
vt -77.9677 -2.02438
vt -66.0177 -2.02438
vt -66.0177 -2.42438
vt -65.9351 -2.52475
vt -65.8351 -2.52475
vt -65.6854 -2.6994
vt -65.2523 -2.77724
vt -65.1259 -3.0044
vt -65.0159 -3.0044
vt -65.0159 -12.9944
vt -65.3759 -12.9944
vt -65.633 -13.2464
vt -65.7035 -13.4758
vt -65.8235 -13.4758
vt -65.965 -13.6442
vt -65.965 -14.0042
vt -70.995 -14.0042
vt -70.995 -15.9995
vt -57.005 -15.9995
vt -57.005 -14.0042
vt -62.055 -14.0042
vt -62.055 -13.6242
vt -62.207 -13.4257
vt -62.397 -13.4257
vt -62.7132 -13.0255
vt -62.9832 -13.0255
vt -62.9832 -2.90553
vt -62.5759 -2.85854
vt -62.4337 -2.71784
vt -62.4337 -2.50784
vt -62.0523 -2.30935
vt -61.9726 -1.99944
vt -56.0162 -1.99944
vt -56.0162 3.00056
vt -62.0523 3.00056
vt -62.0523 3.44056
vt -62.2046 3.63881
vt -62.4046 3.63881
vt -62.6864 4.02739
vt -62.9964 4.02739
vt -62.9964 12.3574
vt -62.7431 12.6924
vt -62.7431 13.1824
vt -62.4531 13.2594
vt -62.4531 13.4894
vt -62.0587 13.7261
vt -62.0001 13.9794
vt -50.0101 13.9794
vt -50.0101 12.5694
vt -49.6583 12.3052
vt -49.2641 12.2373
vt -49.1259 11.9824
vt -49.0159 11.9824
vt -49.0159 8.03236
f 3417/7441/716 3415/7442/716 3414/7443/716 3654/7444/716 3655/7445/716 3656/7446/716 3657/7447/716 3658/7448/716 3659/7449/716 3660/7450/716 3661/7451/716 3662/7452/716 3663/7453/716 3664/7454/716 3665/7455/716 3666/7456/716 3667/7457/716 3668/7458/716 3669/7459/716 3670/7460/716 3671/7461/716 3672/7462/716 3673/7463/716 3674/7464/716 3077/7465/716 3074/7466/716 3073/7467/716 3072/7468/716 3071/7469/716 3070/7470/716 3069/7471/716 3068/7472/716 3067/7473/716 3066/7474/716 3065/7475/716 3064/7476/716 3063/7477/716 3062/7478/716 3061/7479/716 3060/7480/716 3059/7481/716 3058/7482/716 3056/7483/716 3057/7484/716 3610/7485/716 3608/7486/716 3606/7487/716 3604/7488/716 3602/7489/716 3600/7490/716 3598/7491/716 3596/7492/716 3594/7493/716 3592/7494/716 3590/7495/716 3588/7496/716 3586/7497/716 3584/7498/716 3582/7499/716 3580/7500/716 3578/7501/716 3576/7502/716 3574/7503/716 3572/7504/716 3570/7505/716 3568/7506/716 3566/7507/716 3564/7508/716 3562/7509/716 3560/7510/716 3558/7511/716 3556/7512/716 3554/7513/716 3552/7514/716 3550/7515/716 3548/7516/716 3546/7517/716 3544/7518/716 3542/7519/716 3540/7520/716 3538/7521/716 3536/7522/716 3534/7523/716 3532/7524/716 3530/7525/716 3528/7526/716 3526/7527/716 3524/7528/716 3522/7529/716 3520/7530/716 3518/7531/716 3516/7532/716 3514/7533/716 3512/7534/716 3510/7535/716 3508/7536/716 3506/7537/716 3504/7538/716 3502/7539/716 3500/7540/716 3498/7541/716 3496/7542/716 3494/7543/716 3492/7544/716 3490/7545/716 3488/7546/716 3486/7547/716 3484/7548/716 3482/7549/716 3480/7550/716 3478/7551/716 3476/7552/716 3474/7553/716 3472/7554/716 3470/7555/716 3468/7556/716 3466/7557/716 3464/7558/716 3462/7559/716 3460/7560/716 3458/7561/716 3456/7562/716 3454/7563/716 3452/7564/716 3450/7565/716 3448/7566/716 3446/7567/716 3444/7568/716 3442/7569/716 3440/7570/716 3438/7571/716 3436/7572/716 3434/7573/716 3432/7574/716 3430/7575/716 3428/7576/716 3426/7577/716 3424/7578/716 3422/7579/716 3420/7580/716 3418/7581/716 

vt 44.0181 1
vt 50.3672 1
vt 50.3672 7
vt 44.0181 7
f 177/7582/5 176/7583/5 3654/7584/5 3414/7585/5 

vt 19.8887 1
vn -0.748621 8.66997e-32 -0.662998
vt 20.8397 1
vt 20.8397 7
vt 19.8887 7
f 176/7586/717 175/7587/717 3655/7588/717 3654/7589/717 

vt 43.7506 1
vn 0.813569 -8.28781e-19 -0.581468
vt 44.0606 1
vt 44.0606 7
vt 43.7506 7
f 175/7590/718 174/7591/718 3656/7592/718 3655/7593/718 

vt 51.1779 1
vt 51.4179 1
vt 51.4179 7
vt 51.1779 7
f 174/7594/5 173/7595/5 3657/7596/5 3656/7597/5 

vt 43.6225 1
vn 0.82393 -1.67867e-18 -0.566692
vt 44.1325 1
vt 44.1325 7
vt 43.6225 7
f 173/7598/719 172/7599/719 3658/7600/719 3657/7601/719 

vt 51.707 1
vt 56.377 1
vt 56.377 7
vt 51.707 7
f 172/7602/5 171/7603/5 3659/7604/5 3658/7605/5 

vt 22.7459 1
vn -0.762552 -3.74611e-32 -0.646927
vt 23.2159 1
vt 23.2159 7
vt 22.7459 7
f 171/7606/720 170/7607/720 3660/7608/720 3659/7609/720 

vt -2.37642 1
vt -2.21642 1
vt -2.21642 7
vt -2.37642 7
f 170/7610/711 169/7611/711 3661/7612/711 3660/7613/711 

vt 56.7224 1
vt 56.8224 1
vt 56.8224 7
vt 56.7224 7
f 169/7614/5 168/7615/5 3662/7616/5 3661/7617/5 

vt 33.4541 1
vn -0.624581 7.95562e-19 -0.78096
vt 33.6841 1
vt 33.6841 7
vt 33.4541 7
f 168/7618/721 167/7619/721 3663/7620/721 3662/7621/721 

vt 49.1468 1
vt 49.4668 1
vt 49.4668 7
vt 49.1468 7
f 167/7622/709 166/7623/709 3664/7624/709 3663/7625/709 

vt 57.2019 1
vt 57.4219 1
vt 57.4219 7
vt 57.2019 7
f 166/7626/5 165/7627/5 3665/7628/5 3664/7629/5 

vt 49.3719 1
vt 49.8319 1
vt 49.8319 7
vt 49.3719 7
f 165/7630/708 164/7631/708 3666/7632/708 3665/7633/708 

vt 58.5073 1
vn 0.0483475 1.14742e-19 -0.998831
vt 59.8573 1
vt 59.8573 7
vt 58.5073 7
f 164/7634/722 163/7635/722 3667/7636/722 3666/7637/722 

vt 18.0196 1
vt 18.3608 1
vt 18.3608 7
vt 18.0196 7
f 163/7638/1 162/7639/1 3668/7640/1 3667/7641/1 

vt 45.2409 1
vn 0.868246 8.8448e-19 -0.496134
vt 45.5009 1
vt 45.5009 7
vt 45.2409 7
f 162/7642/723 161/7643/723 3669/7644/723 3668/7645/723 

vt 59.1842 1
vt 59.4142 1
vt 59.4142 7
vt 59.1842 7
f 161/7646/5 160/7647/5 3670/7648/5 3669/7649/5 

vt 49.539 1
vn 0.815572 1.66164e-18 -0.578655
vt 49.989 1
vt 49.989 7
vt 49.539 7
f 160/7650/724 159/7651/724 3671/7652/724 3670/7653/724 

vt 61.1292 1
vn 0.0893352 5.76747e-32 -0.996002
vt 61.8292 1
vt 61.8292 7
vt 61.1292 7
f 159/7654/725 158/7655/725 3672/7656/725 3671/7657/725 

vt 25.6803 1
vn -0.749883 1.73692e-31 -0.66157
vt 26.5403 1
vt 26.5403 7
vt 25.6803 7
f 158/7658/726 157/7659/726 3673/7660/726 3672/7661/726 

vt -8.89366 1
vn -0.988378 0 -0.152016
vt -8.50366 1
vt -8.50366 7
vt -8.89366 7
f 157/7662/727 156/7663/727 3674/7664/727 3673/7665/727 

vt 61 1
vt 66 1
vt 61 7
f 156/7666/5 65/7667/5 3077/5539/5 3674/7668/5 

vt 35.0143 3
vn 0 4.2751e-16 -1
vt 35.3041 3
v -35.3041 7 -34.0142
vt 35.3041 7
vt 35.0143 7
f 3152/7669/728 697/7670/728 3675/7671/728 3153/7672/728 

vt -7.42256 3
vn -0.816888 2.27564e-16 -0.576796
vt -7.10883 3
v -35.4851 7 -33.758
vt -7.10883 7
vt -7.42256 7
f 697/7673/729 696/7674/729 3676/7675/729 3675/7676/729 

vt 47.9752 3
vn 0.820976 2.6321e-16 -0.570963
vt 48.2852 3
v -35.6621 7 -34.0125
vt 48.2852 7
vt 47.9752 7
f 696/7677/730 695/7678/730 3677/7679/730 3676/7680/730 

vt 35.6621 3
vt 36.0921 3
v -36.0921 7 -34.0125
vt 36.0921 7
vt 35.6621 7
f 695/7681/728 694/7682/728 3678/7683/728 3677/7684/728 

vt 34.0125 3
vn 1 2.32861e-17 -0
vt 34.3753 3
v -36.0921 7 -34.3753
vt 34.3753 7
vt 34.0125 7
f 694/7685/731 693/7686/731 3679/7687/731 3678/7688/731 

vt 45.9248 3
vn 0.916877 1.92e-16 -0.39917
vt 46.1348 3
v -36.1759 7 -34.5679
vt 46.1348 7
vt 45.9248 7
f 693/7689/732 692/7690/732 3680/7691/732 3679/7692/732 

vt 36.1759 3
vt 36.4259 3
v -36.4259 7 -34.5679
vt 36.4259 7
vt 36.1759 7
f 692/7693/728 691/7694/728 3681/7695/728 3680/7696/728 

vt 50.0802 3
vn 0.740069 3.04747e-16 -0.672531
vt 50.6002 3
v -36.7756 7 -34.9527
vt 50.6002 7
vt 50.0802 7
f 691/7697/733 690/7698/733 3682/7699/733 3681/7700/733 

vt 3.70973 3
vn -0.672531 3.00726e-16 -0.740069
vt 3.96973 3
v -36.9681 7 -34.7778
vt 3.96973 7
vt 3.70973 7
f 690/7701/734 689/7702/734 3683/7703/734 3682/7704/734 

vt 49.338 3
vn 0.837003 2.53423e-16 -0.547199
vt 49.628 3
v -37.1267 7 -35.0206
vt 49.628 7
vt 49.338 7
f 689/7705/735 688/7706/735 3684/7707/735 3683/7708/735 

vt 37.1267 3
vt 37.3567 3
v -37.3567 7 -35.0206
vt 37.3567 7
vt 37.1267 7
f 688/7709/728 687/7710/728 3685/7711/728 3684/7712/728 

vt -1.90652 3
vn -0.75451 2.63001e-16 -0.656289
vt -1.02652 3
v -37.9343 7 -34.3566
vt -1.02652 7
vt -1.90652 7
f 687/7713/736 686/7714/736 3686/7715/736 3685/7716/736 

vt -24.6394 3
vn -0.972824 7.63349e-17 -0.231546
vt -24.2694 3
v -38.02 7 -33.9966
vt -24.2694 7
vt -24.6394 7
f 686/7717/737 685/7718/737 3687/7719/737 3686/7720/737 

vt 38.02 3
vt 38.35 3
v -38.35 7 -33.9966
vt 38.35 7
vt 38.02 7
f 685/7721/728 684/7722/728 3688/7723/728 3687/7724/728 

vt 0.218354 3
vn -0.745469 2.67594e-16 -0.66654
vt 1.10595 3
v -38.9416 7 -33.335
vt 1.10595 7
vt 0.218354 7
f 684/7725/738 683/7726/738 3689/7727/738 3688/7728/738 

vt 51.2488 3
vn 0.66654 3.34217e-16 -0.745469
vt 51.5988 3
v -39.2025 7 -33.5683
vt 51.5988 7
vt 51.2488 7
f 683/7729/739 682/7730/739 3690/7731/739 3689/7732/739 

vt 39.2025 3
v -39.4025 3 -33.5683
vt 39.4025 3
v -39.4025 7 -33.5683
vt 39.4025 7
vt 39.2025 7
f 682/7733/728 3691/7734/728 3692/7735/728 3690/7736/728 

vt 50.3329 3
vn 0.808271 2.70544e-16 -0.58881
v -39.7146 3 -33.9966
vt 50.8629 3
v -39.7146 7 -33.9966
vt 50.8629 7
vt 50.3329 7
f 3691/7737/740 3693/7738/740 3694/7739/740 3692/7740/740 

vt 39.7146 3
v -41.0446 3 -33.9966
vt 41.0446 3
v -41.0446 7 -33.9966
vt 41.0446 7
vt 39.7146 7
f 3693/7741/728 3695/7742/728 3696/7743/728 3694/7744/728 

vt 33.9966 3
v -41.0446 3 -34.3666
vt 34.3666 3
v -41.0446 7 -34.3666
vt 34.3666 7
vt 33.9966 7
f 3695/7745/731 3697/7746/731 3698/7747/731 3696/7748/731 

vt 51.2086 3
vn 0.837561 2.53071e-16 -0.546344
vt 51.4686 3
v -41.1866 7 -34.5844
vt 51.4686 7
vt 51.2086 7
f 3697/7749/741 677/7750/741 3699/7751/741 3698/7752/741 

vt 41.1866 3
v -41.4066 3 -34.5844
vt 41.4066 3
v -41.4066 7 -34.5844
vt 41.4066 7
vt 41.1866 7
f 677/7753/728 3700/7754/728 3701/7755/728 3699/7756/728 

vt 52.9997 3
vn 0.773165 2.89133e-16 -0.634204
vt 53.4597 3
v -41.6983 7 -34.9401
vt 53.4597 7
vt 52.9997 7
f 3700/7757/742 675/7758/742 3702/7759/742 3701/7760/742 

vt 46.2696 3
vn 0.143118 4.26442e-16 -0.989706
v -42.3515 3 -35.0345
vt 46.9296 3
v -42.3515 7 -35.0345
vt 46.9296 7
vt 46.2696 7
f 675/7761/743 3703/7762/743 3704/7763/743 3702/7764/743 

vt 1.82309 3
vn -0.748963 2.65833e-16 -0.662612
vt 2.68309 3
v -42.9214 7 -34.3904
vt 2.68309 7
vt 1.82309 7
f 3703/7765/744 673/7766/744 3705/7767/744 3704/7768/744 

vt -21.8442 3
vn -0.96455 9.03601e-17 -0.263902
vt -21.4542 3
v -43.0243 7 -34.0142
vt -21.4542 7
vt -21.8442 7
f 673/7769/745 672/7770/745 3706/7771/745 3705/7772/745 

vt 43.0243 3
vt 44.0143 3
vt 44.0143 7
vt 43.0243 7
f 672/7773/728 671/7774/728 3135/7775/728 3706/7776/728 

vt -41.4364 30.4778
vn -2.32861e-17 1 4.2751e-16
vt -41.0057 30.8041
vt -41.0057 30.5741
vt -40.9579 30.475
vt -40.8279 30.475
vt -40.6844 30.3217
vt -40.3002 30.2547
vt -40.1143 29.9942
vt -35.0143 29.9942
vt -35.0143 34.0142
vt -35.3041 34.0142
vt -35.4851 33.758
vt -35.6621 34.0125
vt -36.0921 34.0125
vt -36.0921 34.3753
vt -36.1759 34.5679
vt -36.4259 34.5679
vt -36.7756 34.9527
vt -36.9681 34.7778
vt -37.1267 35.0206
vt -37.3567 35.0206
vt -37.9343 34.3566
vt -38.02 33.9966
vt -38.35 33.9966
vt -38.9416 33.335
vt -39.2025 33.5683
vt -39.4025 33.5683
vt -39.7146 33.9966
vt -41.0446 33.9966
vt -41.0446 34.3666
vt -41.1866 34.5844
vt -41.4066 34.5844
vt -41.6983 34.9401
vt -42.3515 35.0345
vt -42.9214 34.3904
vt -43.0243 34.0142
vt -44.0143 34.0142
vt -44.0143 29.9942
vt -42.0395 29.9942
vt -41.8476 30.1261
vt -41.5776 30.1261
vt -41.4364 30.2678
f 3141/7777/746 3143/7778/746 3145/7779/746 3146/7780/746 3147/7781/746 3148/7782/746 3149/7783/746 3150/7784/746 3151/7785/746 3153/7786/746 3675/7787/746 3676/7788/746 3677/7789/746 3678/7790/746 3679/7791/746 3680/7792/746 3681/7793/746 3682/7794/746 3683/7795/746 3684/7796/746 3685/7797/746 3686/7798/746 3687/7799/746 3688/7800/746 3689/7801/746 3690/7802/746 3692/7803/746 3694/7804/746 3696/7805/746 3698/7806/746 3699/7807/746 3701/7808/746 3702/7809/746 3704/7810/746 3705/7811/746 3706/7812/746 3135/7813/746 3134/7814/746 3136/7815/746 3137/7816/746 3139/7817/746 3140/7818/746 

vn 1 -5.13157e-18 -0
vt 34.3842 3
v -45.0143 7 -34.3842
vt 34.3842 7
f 670/5708/747 669/7819/747 3707/7820/747 3133/5772/747 

vt 56.3003 3
vn 0.690768 5.03605e-16 -0.723077
vt 56.5756 3
v -45.2133 7 -34.5744
vt 56.5756 7
vt 56.3003 7
f 669/7821/748 668/7822/748 3708/7823/748 3707/7824/748 

vt 45.2133 3
vn 0 7.01377e-16 -1
vt 45.4133 3
v -45.4133 7 -34.5744
vt 45.4133 7
vt 45.2133 7
f 668/7825/749 667/7826/749 3709/7827/749 3708/7828/749 

vt 55.0441 3
vn 0.794626 4.21728e-16 -0.6071
vt 55.5041 3
v -45.6926 7 -34.9399
vt 55.5041 7
vt 55.0441 7
f 667/7829/750 666/7830/750 3710/7831/750 3709/7832/750 

vt 50.6788 3
vn 0.159436 6.91587e-16 -0.987208
vt 51.3288 3
v -46.3343 7 -35.0435
vt 51.3288 7
vt 50.6788 7
f 666/7833/751 665/7834/751 3711/7835/751 3710/7836/751 

vt 8.44844 3
vn -0.70137 5.03539e-16 -0.712797
vt 9.38844 3
v -47.0043 7 -34.3842
vt 9.38844 7
vt 8.44844 7
f 665/7837/752 664/7838/752 3712/7839/752 3711/7840/752 

vt -34.3842 3
vn -1 5.13157e-18 -0
v -47.0043 7 -34.0142
vt -34.3842 7
f 664/7841/753 663/5721/753 3713/5720/753 3712/7842/753 

vt 47.0043 3
vt 53.0043 3
vt 53.0043 7
vt 47.0043 7
f 663/7843/749 662/7844/749 3121/7845/749 3713/7846/749 

vt -53.0043 29.9942
vn 5.13157e-18 1 7.01377e-16
vt -52.0315 29.9942
vt -51.828 30.1185
vt -51.598 30.1185
vt -51.4573 30.2606
vt -51.4573 30.4706
vt -51.0141 30.7613
vt -51.0141 30.5713
vt -50.6998 30.3081
vt -50.2862 30.2348
vt -50.1243 29.9942
vt -45.0143 29.9942
vt -45.0143 34.0142
vt -45.0143 34.3842
vt -45.2133 34.5744
vt -45.4133 34.5744
vt -45.6926 34.9399
vt -46.3343 35.0435
vt -47.0043 34.3842
vt -47.0043 34.0142
vt -53.0043 34.0142
f 3120/7847/754 3122/7848/754 3123/7849/754 3124/7850/754 3125/7851/754 3126/7852/754 3127/7853/754 3128/7854/754 3129/7855/754 3130/7856/754 3131/7857/754 3132/7858/754 3133/7859/754 3707/7860/754 3708/7861/754 3709/7862/754 3710/7863/754 3711/7864/754 3712/7865/754 3713/7866/754 3121/7867/754 

vt 54.0043 13
vt 54.0043 3
vt 61.3934 3
v -61.3934 13 -34.0142
vt 61.3934 13
f 3119/7868/165 661/7869/165 660/7870/165 3714/7871/165 

vt 13.5672 13
vn -0.764543 1.29018e-19 -0.644573
vt 13.5672 3
vt 14.4702 3
v -61.9755 13 -33.3238
vt 14.4702 13
f 3714/7872/755 660/7873/755 659/7874/755 3715/7875/755 

vt 63.7762 13
vn 0.801376 -7.53681e-19 -0.59816
vt 63.7762 3
vt 64.1362 3
v -62.1908 13 -33.6123
vt 64.1362 13
f 3715/7876/756 659/7877/756 658/7878/756 3716/7879/756 

vt 62.1908 13
vt 62.1908 3
vt 62.4108 3
v -62.4108 13 -33.6123
vt 62.4108 13
f 3716/7880/165 658/7881/165 657/7882/165 3717/7883/165 

vt 65.0011 13
vn 0.786048 -7.54533e-19 -0.618166
vt 65.0011 3
vt 65.5011 3
v -62.7199 13 -34.0054
vt 65.5011 13
f 3717/7884/757 657/7885/757 656/7886/757 3718/7887/757 

vt 62.7199 13
vt 62.7199 3
vt 94.0399 3
v -94.0399 13 -34.0054
vt 94.0399 13
f 3718/7888/165 656/7889/165 655/7890/165 3719/7891/165 

vt 34.0054 13
vt 34.0054 3
vt 34.3354 3
v -94.0399 13 -34.3354
vt 34.3354 13
f 3719/7892/164 655/7893/164 654/7894/164 3720/7895/164 

vt 77.071 13
vn 0.863552 -7.44034e-19 -0.504261
vt 77.071 3
vt 77.341 3
v -94.1761 13 -34.5685
vt 77.341 13
f 3720/7896/758 654/7897/758 653/7898/758 3721/7899/758 

vt 94.1761 13
vt 94.1761 3
vt 94.3961 3
v -94.3961 13 -34.5685
vt 94.3961 13
f 3721/7900/165 653/7901/165 652/7902/165 3722/7903/165 

vt 85.7186 13
vn 0.783769 -7.54617e-19 -0.621052
vt 85.7186 3
vt 86.2286 3
v -94.7128 13 -34.9682
vt 86.2286 13
f 3722/7904/759 652/7905/759 651/7906/759 3723/7907/759 

vt 94.7128 13
vt 94.7128 3
vt 95.0028 3
v -95.0028 13 -34.9682
vt 95.0028 13
f 3723/7908/165 651/7909/165 650/7910/165 3724/7911/165 

vt 34.9682 13
vt 34.9682 3
vt 42.1282 3
v -95.0028 13 -42.1282
vt 42.1282 13
f 3724/7912/164 650/7913/164 649/7914/164 3725/7915/164 

vt -95.0028 13
vt -95.0028 3
vt -94.5728 3
v -94.5728 13 -42.1282
vt -94.5728 13
f 3725/7916/185 649/7917/185 648/7918/185 3726/7919/185 

vt -40.9312 13
vn 0.678175 -3.5235e-20 0.7349
vt -40.9312 3
vt -40.7112 3
v -94.4111 13 -42.2774
vt -40.7112 13
f 3726/7920/760 648/7921/760 647/7922/760 3727/7923/760 

vt 42.2774 13
vt 42.2774 3
vt 42.4874 3
v -94.4111 13 -42.4874
vt 42.4874 13
f 3727/7924/164 647/7925/164 646/7926/164 3728/7927/164 

vt -53.5679 13
vn 0.568021 7.12245e-20 0.823014
vt -53.5679 3
vt -53.0179 3
v -93.9585 13 -42.7998
vt -53.0179 13
f 3728/7928/761 646/7929/761 645/7930/761 3729/7931/761 

vt 42.7998 13
vt 42.7998 3
v -93.9585 13 -42.9898
f 3729/7932/164 645/7933/164 644/3041/164 3730/3040/164 

vt -93.9585 13
vt -93.9585 3
vt -93.0285 3
vt -93.0285 13
f 3730/7934/185 644/7935/185 643/7936/185 2252/7937/185 

v -72.0074 13 -18.0091
vt -72.0074 18.0091
vn 3.63176e-19 1 6.47551e-18
v -72.9963 13 -18.0091
vt -72.9963 18.0091
v -72.9963 13 -14.0057
vt -72.9963 14.0057
vt -67 14.0057
vt -67 17.9857
vt -67.9599 17.9857
vt -68.1915 18.6209
vt -68.4115 18.6209
vt -68.686 18.9519
vt -68.986 18.9519
vt -68.986 29.0219
vt -68.5752 29.1096
vt -68.425 29.2703
vt -68.425 29.4903
vt -68.1363 29.6033
vt -67.99 29.8182
vt -67.99 29.9882
vt -61.0172 29.9882
vt -61.0172 29.5643
vt -60.6858 29.3229
vt -60.2922 29.2516
vt -60.2043 29.1558
vt -60.2043 29.0658
vt -60.0729 28.958
vt -59.8388 29.1117
vt -59.5888 29.1117
vt -59.4489 29.2683
vt -59.4489 29.4783
vt -59.0929 29.6816
vt -58.979 29.8336
vt -58.979 29.9836
vt -58.079 29.9836
vt -57.8208 30.1156
vt -57.5808 30.1156
vt -57.437 30.2687
vt -57.437 30.4757
vt -57.0225 30.7554
vt -57.0225 30.5654
vt -56.6864 30.3136
vt -56.2789 30.2687
vt -56.1143 29.9942
vt -54.0043 29.9942
vt -54.0043 34.0142
vt -61.3934 34.0142
vt -61.9755 33.3238
vt -62.1908 33.6123
vt -62.4108 33.6123
vt -62.7199 34.0054
vt -94.0399 34.0054
vt -94.0399 34.3354
vt -94.1761 34.5685
vt -94.3961 34.5685
vt -94.7128 34.9682
vt -95.0028 34.9682
vt -95.0028 42.1282
vt -94.5728 42.1282
vt -94.4111 42.2774
vt -94.4111 42.4874
vt -93.9585 42.7998
vt -93.9585 42.9898
vt -93.0285 42.9898
vt -93.0285 55.0098
vt -96.3785 55.0098
vt -96.9491 54.3799
vt -97.051 54.045
vt -97.3981 54.045
vt -97.9806 53.3459
vt -97.9806 51.9989
vt -98.4006 51.9989
vt -98.9422 51.3568
vt -99.1022 51.3568
vt -99.1773 51.5636
vt -99.4173 51.5636
vt -99.7147 51.953
vt -99.8647 51.953
vt -100.001 51.7932
vt -100.237 52.0032
vt -103.985 52.0032
vt -103.985 46.0032
v -98.0089 13 -46.0032
vt -98.0089 46.0032
v -98.0089 13 -45.5958
vt -98.0089 45.5958
v -97.483 13 -45.2867
vt -97.483 45.2867
v -97.263 13 -45.2867
vt -97.263 45.2867
v -97.021 13 -45.0068
vt -97.021 45.0068
v -97.021 13 -35.0168
vt -97.021 35.0168
v -97.351 13 -35.0168
vt -97.351 35.0168
v -97.9313 13 -34.3686
vt -97.9313 34.3686
v -98.0314 13 -33.9917
vt -98.0314 33.9917
v -125.041 13 -33.9917
vt -125.041 33.9917
v -125.041 13 -34.3617
vt -125.041 34.3617
v -125.193 13 -34.5728
vt -125.193 34.5728
v -125.423 13 -34.5728
vt -125.423 34.5728
v -125.677 13 -34.9444
vt -125.677 34.9444
v -126.047 13 -34.9444
vt -126.047 34.9444
v -126.047 13 -35.3544
vt -126.047 35.3544
v -126.204 13 -35.5619
vt -126.204 35.5619
v -126.404 13 -35.5619
vt -126.404 35.5619
v -126.705 13 -35.9485
vt -126.705 35.9485
v -127.005 13 -35.9485
vt -127.005 35.9485
v -127.005 13 -44.0185
vt -127.005 44.0185
v -126.605 13 -44.1117
vt -126.605 44.1117
v -126.45 13 -44.2675
vt -126.45 44.2675
v -126.45 13 -44.4775
vt -126.45 44.4775
v -126.003 13 -44.7237
vt -126.003 44.7237
v -126.003 13 -45.0189
vt -126.003 45.0189
v -125.402 13 -45.2366
vt -125.402 45.2366
v -125.402 13 -45.4566
vt -125.402 45.4566
v -124.987 13 -45.8027
vt -124.987 45.8027
v -124.987 13 -46.0027
vt -124.987 46.0027
vt -120.997 46.0027
vt -120.997 55.0027
vt -120.997 58.0627
vt -111.036 58.0627
vt -111.036 59.1527
vt -110.577 59.1527
vt -110.45 59.3443
vt -110.45 59.5643
vt -110.083 59.7879
vt -110.083 60.6578
vt -109.658 60.413
vt -109.28 60.3179
vt -109.114 60.0801
vt -109.014 60.0801
vt -109.014 58.6601
vt -108.674 58.3973
vt -108.228 58.2842
vt -108.117 58.0603
vt -108.017 58.0603
vt -107.834 58.1833
vt -107.585 58.1833
vt -107.443 58.3511
vt -107.443 58.5611
vt -107.065 58.7665
vt -106.918 58.5643
vt -106.808 58.5643
vt -106.676 58.3639
vt -106.259 58.3122
vt -106.115 58.0491
vt -104.085 58.0491
vt -103.814 58.2205
vt -103.594 58.2205
vt -103.464 58.3442
vt -103.464 58.5542
vt -103.03 58.783
vt -103.03 61.0923
vt -101.96 61.0923
vt -101.451 61.3487
vt -101.451 61.5887
vt -101.083 61.7682
vt -100.637 61.4124
vt -100.249 61.2817
vt -100.074 61.0626
vt -99.8553 61.2369
vt -99.5853 61.2369
vt -99.4295 61.3456
vt -99.4295 61.5456
vt -99.1022 61.7386
vt -98.6654 61.4042
vt -98.2698 61.2969
vt -98.1151 61.0635
vt -98.0051 61.0635
vt -98.0051 59.6335
vt -97.6756 59.3894
vt -97.2656 59.2983
vt -97.1212 59.0584
vt -97.0012 59.0584
vt -97.0012 58.6184
vt -96.8346 58.527
vt -96.6776 58.359
vt -96.2442 58.2831
vt -96.1235 58.0528
vt -87.0935 58.0528
vt -86.4742 58.3084
vt -86.4742 58.527
vt -86.0084 58.8726
vt -86.0084 60.1426
vt -85.5939 60.2106
vt -85.4522 60.3518
vt -85.4522 60.5518
vt -85.0913 60.7665
vt -84.9048 60.5712
vt -84.8248 60.5712
vt -84.6902 60.3848
vt -84.5102 60.3848
vt -84.1884 60.2233
vt -83.5756 59.433
vt -83.2966 59.3228
vt -83.1105 59.0625
vt -83.0205 59.0625
vt -83.0205 58.6625
vt -82.6681 58.3991
vt -82.2544 58.2818
vt -82.102 58.0469
vt -80.042 58.0469
vt -79.5836 58.1891
vt -79.4479 58.3361
vt -79.4479 58.5661
vt -79.0811 58.7706
vt -78.9825 58.8836
vt -78.9825 61.1236
vt -78.5684 61.1935
vt -78.4582 61.3483
vt -78.4582 61.5551
vt -78.0643 61.7726
vt -77.9249 61.5532
vt -77.8049 61.5532
vt -77.6776 61.3616
vt -77.2727 61.2969
vt -77.1227 61.0488
vt -77.0227 61.0488
vt -77.0227 60.6288
vt -76.4805 60.328
vt -76.2305 60.328
vt -76.1147 60.0512
vt -75.9847 60.0512
vt -75.9847 59.6512
vt -75.6781 59.3642
vt -75.2163 59.2764
vt -75.0979 59.0338
vt -74.9979 59.0338
vt -74.9979 58.6338
vt -74.9247 58.5387
vt -74.8147 58.5387
vt -74.6799 58.3649
vt -74.2392 58.2738
vt -74.1107 58.0363
vt -69.0033 58.0363
vt -69.0033 55.0098
vt -69.0033 42.9898
vt -68.0319 42.9898
vt -67.5801 43.1124
vt -67.4593 43.2591
vt -67.4593 43.4925
vt -66.9932 43.7447
vt -66.9932 43.9901
vt -66.8392 44.1177
vt -66.5692 44.1177
vt -66.4229 44.2389
vt -66.4229 44.4798
vt -66.0789 44.6841
vt -66.0789 45.0241
vt -65.6052 45.1014
vt -65.427 45.2468
vt -65.427 45.489
vt -65.0784 45.685
vt -64.9948 45.9939
vt -63.0848 45.9939
vt -62.8398 46.1294
vt -62.5798 46.1294
vt -62.4609 46.251
vt -62.4609 46.4659
vt -61.9989 46.7823
vt -61.9989 46.5723
vt -61.7092 46.3263
vt -61.2859 46.251
vt -61.0914 46.0096
vt -50.0414 46.0096
vt -50.0414 45.5596
vt -49.86 45.5596
vt -49.7018 45.3659
vt -49.2812 45.2766
vt -49.1256 44.9969
vt -49.0156 44.9969
vt -49.0156 43.5569
vt -48.6877 43.3459
vt -48.2855 43.266
vt -48.1172 42.9929
vt -47.0072 42.9929
vt -47.0072 42.5729
vt -46.6729 42.3355
vt -46.2978 42.2287
vt -46.0561 41.9756
vt -45.8557 42.1077
vt -45.5657 42.1077
vt -45.4427 42.2779
vt -45.4427 42.4879
vt -45.0864 42.6697
vt -44.9824 42.8166
vt -44.9824 42.9966
vt -43.0124 42.9966
vt -43.0124 42.5766
vt -42.6524 42.3414
vt -42.2903 42.2261
vt -42.0399 41.9816
vt -41.8536 42.1328
vt -41.5924 42.1328
vt -41.4329 42.2694
vt -41.4329 42.4794
vt -41.0085 42.7243
vt -41.0085 42.9643
vt -40.8206 43.1136
vt -40.5706 43.1136
vt -40.4411 43.2661
vt -40.4411 43.4761
vt -39.9766 43.7514
vt -39.9766 46.0414
vt -39.6062 46.1265
vt -39.4566 46.2739
vt -39.4566 46.4839
vt -39.0209 46.7857
vt -39.0209 46.5757
vt -38.9417 46.4855
vt -38.8417 46.4855
vt -38.4956 46.2477
vt -38.2756 46.2477
vt -38.1379 45.9924
vt -38.0079 45.9924
vt -38.0079 45.5724
vt -37.6985 45.335
vt -37.2774 45.2481
vt -37.1265 44.9888
vt -37.0565 44.9888
vt -36.8423 45.1177
vt -36.5923 45.1177
vt -36.4398 45.2762
vt -36.4398 45.4762
vt -36.0549 45.6895
vt -35.9946 45.9936
vt -34.0146 45.9936
vt -34.0146 45.5636
vt -33.6796 45.3273
vt -33.2793 45.2387
vt -33.0633 44.9891
vt -32.8348 45.133
vt -32.6048 45.133
vt -32.4415 45.2649
vt -32.4415 45.4649
vt -31.9969 45.7148
vt -31.9969 45.5248
vt -31.9165 45.5248
vt -31.6706 45.32
vt -31.5006 45.32
vt -31.2002 45.1834
vt -31.2002 45.0534
vt -31.0749 44.9709
vt -30.8405 45.124
vt -30.5905 45.124
vt -30.4456 45.276
vt -30.4456 45.4822
vt -30.0209 45.7059
vt -30.0209 45.9759
vt -29.8239 46.1129
vt -29.5939 46.1129
vt -29.4522 46.2395
vt -29.4522 46.4717
vt -29.0112 46.7472
vt -29.0112 46.5872
vt -28.7049 46.3299
vt -28.4826 46.2395
vt -28.2726 46.2395
vt -28.1381 46.0054
vt -28.0281 46.0054
vt -28.0281 45.5854
vt -27.6726 45.3261
vt -27.2714 45.2418
vt -27.077 44.9877
vt -26.8269 45.1136
vt -26.5869 45.1136
vt -26.4425 45.2796
vt -26.4425 45.4796
vt -26.0946 45.6558
vt -25.9889 45.8137
vt -25.9889 45.9937
vt -24.0289 45.9937
vt -24.0289 43.5737
vt -23.6883 43.3279
vt -23.2841 43.259
vt -23.1267 43.0037
vt -22.0894 43.0037
vt -21.5949 43.1286
vt -21.4439 43.2886
vt -21.4439 43.4786
vt -21.0183 43.741
vt -21.0183 43.5746
vt -20.6868 43.3333
vt -20.274 43.2563
vt -20.0577 42.994
vt -19.8206 43.1232
vt -19.5806 43.1232
vt -19.4568 43.2673
vt -19.4568 43.4773
vt -19.0426 43.739
vt -19.0426 44.0477
vt -18.6206 44.1304
vt -18.4236 44.2675
vt -18.4236 44.4888
vt -18.0335 44.7509
vt -18.0335 44.9709
vt -17.846 45.1208
vt -17.586 45.1208
vt -17.4489 45.2798
vt -17.4489 45.4798
vt -17.0035 45.8025
vt -17.0035 45.9825
vt -16.0635 45.9825
vt -15.8384 46.1127
vt -15.5884 46.1127
vt -15.4528 46.2597
vt -15.4528 46.505
vt -15.004 46.7019
vt -15.004 46.5819
vt -14.4979 46.2597
vt -14.2779 46.2597
vt -14.1244 46.0019
vt -14.0144 46.0019
vt -14.0144 45.5719
vt -13.6872 45.3248
vt -13.2802 45.2757
vt -13.1339 44.9911
vt -13.0239 44.9911
vt -13.0239 43.5911
vt -12.49 43.2567
vt -12.29 43.2567
vt -12.1528 43.0012
vt -11.9928 43.0012
vt -11.9928 54.0012
v -15.8784 13 -54.0012
vt -15.8784 54.0012
v -16.2938 13 -53.9554
vt -16.2938 53.9554
v -16.4717 13 -53.7798
vt -16.4717 53.7798
v -16.6253 13 -54.0139
vt -16.6253 54.0139
v -16.8553 13 -54.0139
vt -16.8553 54.0139
v -17.0369 13 -53.8729
vt -17.0369 53.8729
v -17.1031 13 -54.0185
vt -17.1031 54.0185
v -17.3631 13 -54.0185
vt -17.3631 54.0185
v -17.4967 13 -53.8979
vt -17.4967 53.8979
v -17.5342 13 -53.763
vt -17.5342 53.763
v -17.6442 13 -53.763
vt -17.6442 53.763
v -17.725 13 -53.5159
vt -17.725 53.5159
v -17.805 13 -53.5159
vt -17.805 53.5159
v -17.9241 13 -53.3809
vt -17.9241 53.3809
v -17.9958 13 -53.1414
vt -17.9958 53.1414
v -18.0779 13 -53.1414
vt -18.0779 53.1414
v -18.0779 13 -53.3814
vt -18.0779 53.3814
v -18.1603 13 -53.5961
vt -18.1603 53.5961
v -18.4203 13 -53.5961
vt -18.4203 53.5961
v -18.6775 13 -53.9654
vt -18.6775 53.9654
v -18.7875 13 -53.9654
vt -18.7875 53.9654
v -18.9661 13 -53.7629
vt -18.9661 53.7629
v -19.123 13 -54.0186
vt -19.123 54.0186
v -19.363 13 -54.0186
vt -19.363 54.0186
v -19.6314 13 -53.7639
vt -19.6314 53.7639
v -19.7151 13 -53.5177
vt -19.7151 53.5177
v -19.8151 13 -53.5177
vt -19.8151 53.5177
v -19.9206 13 -53.3719
vt -19.9206 53.3719
v -20.0801 13 -53.3719
vt -20.0801 53.3719
v -20.1911 13 -53.5846
vt -20.1911 53.5846
v -20.4111 13 -53.5846
vt -20.4111 53.5846
v -20.7102 13 -53.9472
vt -20.7102 53.9472
v -21.104 13 -54.0175
vt -21.104 54.0175
v -21.374 13 -54.0175
vt -21.374 54.0175
v -21.5208 13 -53.8817
vt -21.5208 53.8817
v -21.5208 13 -53.7817
vt -21.5208 53.7817
v -21.6408 13 -53.7817
vt -21.6408 53.7817
v -21.7162 13 -53.5163
vt -21.7162 53.5163
v -21.8262 13 -53.5163
vt -21.8262 53.5163
v -21.9439 13 -53.3672
vt -21.9439 53.3672
v -22.0206 13 -53.1083
vt -22.0206 53.1083
v -22.0206 13 -52.0083
vt -22.0206 52.0083
v -22.3606 13 -52.0083
vt -22.3606 52.0083
v -22.6251 13 -51.764
vt -22.6251 51.764
v -22.9398 13 -51.3885
vt -22.9398 51.3885
v -22.9763 13 -51.0203
vt -22.9763 51.0203
v -23.3512 13 -51.0203
vt -23.3512 51.0203
v -23.7184 13 -50.6382
vt -23.7184 50.6382
v -23.7184 13 -50.4945
vt -23.7184 50.4945
v -23.8184 13 -50.4945
vt -23.8184 50.4945
v -23.9327 13 -50.3555
vt -23.9327 50.3555
v -24.0527 13 -50.3555
vt -24.0527 50.3555
v -24.1655 13 -50.5898
vt -24.1655 50.5898
v -24.4155 13 -50.5898
vt -24.4155 50.5898
v -24.7119 13 -50.9545
vt -24.7119 50.9545
v -25.0419 13 -50.9545
vt -25.0419 50.9545
v -25.0419 13 -51.3745
vt -25.0419 51.3745
v -25.1747 13 -51.598
vt -25.1747 51.598
v -25.4247 13 -51.598
vt -25.4247 51.598
v -25.6982 13 -51.9554
vt -25.6982 51.9554
v -25.7982 13 -51.9554
vt -25.7982 51.9554
v -25.9739 13 -51.7918
vt -25.9739 51.7918
v -26.1295 13 -52.0125
vt -26.1295 52.0125
v -26.3695 13 -52.0125
vt -26.3695 52.0125
v -26.634 13 -51.7537
vt -26.634 51.7537
v -26.9325 13 -51.3279
vt -26.9325 51.3279
v -27.0425 13 -51.3279
vt -27.0425 51.3279
v -27.1967 13 -51.5735
vt -27.1967 51.5735
v -27.3993 13 -51.5735
vt -27.3993 51.5735
v -27.5575 13 -51.6958
vt -27.5575 51.6958
v -27.5575 13 -51.7958
vt -27.5575 51.7958
v -27.6968 13 -51.9661
vt -27.6968 51.9661
v -27.8069 13 -51.9661
vt -27.8069 51.9661
v -28.0031 13 -51.8666
vt -28.0031 51.8666
v -28.0665 13 -52.3727
vt -28.0665 52.3727
v -28.2069 13 -52.5915
vt -28.2069 52.5915
v -28.4172 13 -52.5915
vt -28.4172 52.5915
v -28.6824 13 -52.955
vt -28.6824 52.955
v -29.0507 13 -52.9909
vt -29.0507 52.9909
v -29.0507 13 -53.3809
vt -29.0507 53.3809
v -29.2025 13 -53.592
vt -29.2025 53.592
v -29.4093 13 -53.592
vt -29.4093 53.592
v -29.6763 13 -53.9665
vt -29.6763 53.9665
v -29.7963 13 -53.9665
vt -29.7963 53.9665
v -29.965 13 -53.7958
vt -29.965 53.7958
v -30.1123 13 -54.0221
vt -30.1123 54.0221
v -30.3623 13 -54.0221
vt -30.3623 54.0221
v -30.6384 13 -53.7758
vt -30.6384 53.7758
v -30.7136 13 -53.6346
vt -30.7136 53.6346
v -30.7136 13 -53.5046
vt -30.7136 53.5046
v -30.8136 13 -53.5046
vt -30.8136 53.5046
v -31.0542 13 -53.1603
vt -31.0542 53.1603
v -31.0542 13 -53.3703
vt -31.0542 53.3703
v -31.2078 13 -53.5924
vt -31.2078 53.5924
v -31.4263 13 -53.5924
vt -31.4263 53.5924
v -31.5586 13 -53.8045
vt -31.5586 53.8045
v -31.7176 13 -53.9565
vt -31.7176 53.9565
v -31.7991 13 -53.9565
vt -31.7991 53.9565
v -31.9949 13 -53.8178
vt -31.9949 53.8178
v -32.1336 13 -54.0137
vt -32.1336 54.0137
v -32.3826 13 -54.0137
vt -32.3826 54.0137
v -32.5466 13 -53.7625
vt -32.5466 53.7625
v -32.6366 13 -53.7625
vt -32.6366 53.7625
v -32.7181 13 -53.5051
vt -32.7181 53.5051
v -32.7981 13 -53.5051
vt -32.7981 53.5051
v -32.932 13 -53.3849
vt -32.932 53.3849
v -33.0244 13 -53.11
vt -33.0244 53.11
v -33.0244 13 -52.01
vt -33.0244 52.01
v -33.365 13 -52.01
vt -33.365 52.01
v -33.6347 13 -51.7566
vt -33.6347 51.7566
v -33.7127 13 -51.5191
vt -33.7127 51.5191
v -33.8027 13 -51.5191
vt -33.8027 51.5191
v -33.934 13 -51.3817
vt -33.934 51.3817
v -34.0223 13 -51.0121
vt -34.0223 51.0121
v -45.0623 13 -51.0121
vt -45.0623 51.0121
v -45.0623 13 -51.3721
vt -45.0623 51.3721
v -45.2119 13 -51.5848
vt -45.2119 51.5848
v -45.4019 13 -51.5848
vt -45.4019 51.5848
v -45.5688 13 -51.7122
vt -45.5688 51.7122
v -45.5688 13 -51.8022
vt -45.5688 51.8022
v -45.6886 13 -51.9623
vt -45.6886 51.9623
v -45.8186 13 -51.9623
vt -45.8186 51.9623
v -45.9656 13 -51.7855
vt -45.9656 51.7855
v -46.1401 13 -52.0171
vt -46.1401 52.0171
v -46.3601 13 -52.0171
vt -46.3601 52.0171
v -46.7083 13 -51.6308
vt -46.7083 51.6308
v -46.7083 13 -51.5008
vt -46.7083 51.5008
v -46.8183 13 -51.5008
vt -46.8183 51.5008
v -47.0656 13 -51.1369
vt -47.0656 51.1369
v -47.0656 13 -51.3869
vt -47.0656 51.3869
v -47.1821 13 -51.5736
vt -47.1821 51.5736
v -47.4021 13 -51.5736
vt -47.4021 51.5736
v -47.7084 13 -51.9431
vt -47.7084 51.9431
v -48.1443 13 -52.0036
vt -48.1443 52.0036
v -48.3743 13 -52.0036
vt -48.3743 52.0036
v -48.6304 13 -51.7651
vt -48.6304 51.7651
v -48.7061 13 -51.6356
vt -48.7061 51.6356
v -48.7061 13 -51.5156
vt -48.7061 51.5156
v -48.8061 13 -51.5156
vt -48.8061 51.5156
v -48.9448 13 -51.3715
vt -48.9448 51.3715
v -49.0029 13 -51.0162
vt -49.0029 51.0162
v -56.0829 13 -51.0162
vt -56.0829 51.0162
v -56.0829 13 -51.3736
vt -56.0829 51.3736
v -56.1728 13 -51.5744
vt -56.1728 51.5744
v -56.4128 13 -51.5744
vt -56.4128 51.5744
v -56.7347 13 -51.9305
vt -56.7347 51.9305
v -56.9709 13 -51.7996
vt -56.9709 51.7996
v -57.1383 13 -52.0115
vt -57.1383 52.0115
v -57.3583 13 -52.0115
vt -57.3583 52.0115
v -57.6264 13 -51.7565
vt -57.6264 51.7565
v -57.6907 13 -51.6321
vt -57.6907 51.6321
v -57.7385 13 -51.4899
vt -57.7385 51.4899
v -57.8085 13 -51.4899
vt -57.8085 51.4899
v -57.9366 13 -51.3781
vt -57.9366 51.3781
v -58.0198 13 -51.0176
vt -58.0198 51.0176
v -62.0198 13 -51.0176
vt -62.0198 51.0176
v -62.0198 13 -51.3542
vt -62.0198 51.3542
v -62.1573 13 -51.563
vt -62.1573 51.563
v -62.4173 13 -51.563
vt -62.4173 51.563
v -62.6578 13 -51.9434
vt -62.6578 51.9434
v -63.0078 13 -51.9434
vt -63.0078 51.9434
v -63.0078 13 -58.0734
vt -63.0078 58.0734
v -62.565 13 -58.1704
vt -62.565 58.1704
v -62.4379 13 -58.3248
vt -62.4379 58.3248
v -62.4379 13 -58.5348
vt -62.4379 58.5348
v -62.0779 13 -58.7311
vt -62.0779 58.7311
v -61.9854 13 -59.0375
vt -61.9854 59.0375
v -60.0854 13 -59.0375
vt -60.0854 59.0375
v -59.8354 13 -59.1635
vt -59.8354 59.1635
v -59.5954 13 -59.1635
vt -59.5954 59.1635
v -59.4599 13 -59.3106
vt -59.4599 59.3106
v -59.4599 13 -59.5406
vt -59.4599 59.5406
v -59.0586 13 -59.8389
vt -59.0586 59.8389
v -58.9572 13 -59.7025
vt -58.9572 59.7025
v -58.4272 13 -59.7025
vt -58.4272 59.7025
v -58.2092 13 -59.3913
vt -58.2092 59.3913
v -58.2092 13 -59.0613
vt -58.2092 59.0613
v -58.0132 13 -59.0613
vt -58.0132 59.0613
v -58.0132 13 -58.6213
vt -58.0132 58.6213
v -57.5068 13 -58.2995
vt -57.5068 58.2995
v -57.2868 13 -58.2995
vt -57.2868 58.2995
v -57.1515 13 -58.0544
vt -57.1515 58.0544
v -57.0115 13 -58.0544
vt -57.0115 58.0544
v -56.8436 13 -58.1805
vt -56.8436 58.1805
v -56.6136 13 -58.1805
vt -56.6136 58.1805
v -56.4455 13 -58.3375
vt -56.4455 58.3375
v -56.4455 13 -58.5213
vt -56.4455 58.5213
v -56.0287 13 -58.7385
vt -56.0287 58.7385
v -56.0287 13 -59.0385
vt -56.0287 59.0385
v -55.8398 13 -59.1696
vt -55.8398 59.1696
v -55.5998 13 -59.1696
vt -55.5998 59.1696
v -55.4264 13 -59.3356
vt -55.4264 59.3356
v -55.4264 13 -59.5265
vt -55.4264 59.5265
v -55.0669 13 -59.7436
vt -55.0669 59.7436
v -55.0001 13 -60.0361
vt -55.0001 60.0361
v -54.8323 13 -60.1624
vt -54.8323 60.1624
v -54.6023 13 -60.1624
vt -54.6023 60.1624
v -54.4186 13 -60.3169
vt -54.4186 60.3169
v -54.4186 13 -60.5323
vt -54.4186 60.5323
v -54.0626 13 -60.7551
vt -54.0626 60.7551
v -53.9862 13 -61.0452
vt -53.9862 61.0452
v -53.8516 13 -61.1647
vt -53.8516 61.1647
v -53.5816 13 -61.1647
vt -53.5816 61.1647
v -53.4246 13 -61.3042
vt -53.4246 61.3042
v -53.4246 13 -61.5442
vt -53.4246 61.5442
v -53.1285 13 -61.69
vt -53.1285 61.69
v -52.9849 13 -61.9186
vt -52.9849 61.9186
v -52.3649 13 -61.9186
vt -52.3649 61.9186
v -52.2312 13 -62.0536
vt -52.2312 62.0536
v -49.0112 13 -62.0536
vt -49.0112 62.0536
v -49.0112 13 -61.6536
vt -49.0112 61.6536
v -48.703 13 -61.3986
vt -48.703 61.3986
v -48.3141 13 -61.3052
vt -48.3141 61.3052
v -48.1488 13 -61.0312
vt -48.1488 61.0312
v -47.8238 13 -61.1612
vt -47.8238 61.1612
v -47.5838 13 -61.1612
vt -47.5838 61.1612
v -47.4293 13 -61.2718
vt -47.4293 61.2718
v -47.4293 13 -61.5259
vt -47.4293 61.5259
v -46.9963 13 -61.7953
vt -46.9963 61.7953
v -46.9963 13 -61.6253
vt -46.9963 61.6253
v -46.5317 13 -61.3127
vt -46.5317 61.3127
v -46.2817 13 -61.3127
vt -46.2817 61.3127
v -46.1354 13 -61.0394
vt -46.1354 61.0394
v -46.0154 13 -61.0394
vt -46.0154 61.0394
v -45.8472 13 -61.1812
vt -45.8472 61.1812
v -45.5972 13 -61.1812
vt -45.5972 61.1812
v -45.4277 13 -61.3215
vt -45.4277 61.3215
v -45.4277 13 -61.5515
vt -45.4277 61.5515
v -45.1087 13 -61.6955
vt -45.1087 61.6955
v -44.9781 13 -61.8848
vt -44.9781 61.8848
v -44.9781 13 -62.0648
vt -44.9781 62.0648
v -34.0281 13 -62.0648
vt -34.0281 62.0648
v -34.0281 13 -61.6555
vt -34.0281 61.6555
v -33.6847 13 -61.3803
vt -33.6847 61.3803
v -33.2884 13 -61.3266
vt -33.2884 61.3266
v -33.124 13 -61.0638
vt -33.124 61.0638
v -33.014 13 -61.0638
vt -33.014 61.0638
v -33.014 13 -59.6238
vt -33.014 59.6238
v -32.6874 13 -59.3928
vt -32.6874 59.3928
v -32.2946 13 -59.3169
vt -32.2946 59.3169
v -32.1237 13 -59.0464
vt -32.1237 59.0464
v -31.8314 13 -59.1767
vt -31.8314 59.1767
v -31.5514 13 -59.1767
vt -31.5514 59.1767
v -31.4443 13 -59.3087
vt -31.4443 59.3087
v -31.4443 13 -59.5338
vt -31.4443 59.5338
v -31.0144 13 -59.7892
vt -31.0144 59.7892
v -31.0144 13 -59.6292
vt -31.0144 59.6292
v -30.8685 13 -59.5637
vt -30.8685 59.5637
v -30.6894 13 -59.3893
vt -30.6894 59.3893
v -30.5263 13 -59.313
vt -30.5263 59.313
v -30.3163 13 -59.313
vt -30.3163 59.313
v -30.1377 13 -59.0355
vt -30.1377 59.0355
v -29.9877 13 -59.0355
vt -29.9877 59.0355
v -29.8536 13 -59.1701
vt -29.8536 59.1701
v -29.5736 13 -59.1701
vt -29.5736 59.1701
v -29.4319 13 -59.3251
vt -29.4319 59.3251
v -29.4319 13 -59.5438
vt -29.4319 59.5438
v -29.1555 13 -59.6315
vt -29.1555 59.6315
v -28.8231 13 -60.1666
vt -28.8231 60.1666
v -28.5831 13 -60.1666
vt -28.5831 60.1666
v -28.4335 13 -60.3141
vt -28.4335 60.3141
v -28.4335 13 -60.5341
vt -28.4335 60.5341
v -28.0544 13 -60.7147
vt -28.0544 60.7147
v -28.0251 13 -60.8924
vt -28.0251 60.8924
v -27.8705 13 -61.1725
vt -27.8705 61.1725
v -27.6205 13 -61.1725
vt -27.6205 61.1725
v -27.4745 13 -61.2941
vt -27.4745 61.2941
v -27.4745 13 -61.5176
vt -27.4745 61.5176
v -27.0221 13 -61.7936
vt -27.0221 61.7936
v -27.0221 13 -61.656
vt -27.0221 61.656
v -26.7001 13 -61.4023
vt -26.7001 61.4023
v -26.307 13 -61.328
vt -26.307 61.328
v -26.1288 13 -61.0503
vt -26.1288 61.0503
v -26.0088 13 -61.0503
vt -26.0088 61.0503
v -25.8451 13 -61.1819
vt -25.8451 61.1819
v -25.5751 13 -61.1819
vt -25.5751 61.1819
v -25.4511 13 -61.3123
vt -25.4511 61.3123
v -25.4511 13 -61.5323
vt -25.4511 61.5323
v -25.0488 13 -61.7554
vt -25.0488 61.7554
v -25.0488 13 -62.1554
vt -25.0488 62.1554
v -24.6728 13 -62.1554
vt -24.6728 62.1554
v -24.4204 13 -62.3521
vt -24.4204 62.3521
v -24.4204 13 -62.5492
vt -24.4204 62.5492
v -24.062 13 -62.7484
vt -24.062 62.7484
v -23.6952 13 -62.3521
vt -23.6952 62.3521
v -23.2912 13 -62.3521
vt -23.2912 62.3521
v -23.1318 13 -62.0518
vt -23.1318 62.0518
v -23.0118 13 -62.0518
vt -23.0118 62.0518
v -23.0118 13 -61.6118
vt -23.0118 61.6118
v -22.6779 13 -61.357
vt -22.6779 61.357
v -22.2879 13 -61.357
vt -22.2879 61.357
v -22.1401 13 -61.062
vt -22.1401 61.062
v -22.0101 13 -61.062
vt -22.0101 61.062
v -22.0101 13 -59.618
vt -22.0101 59.618
v -21.8624 13 -59.5563
vt -21.8624 59.5563
v -21.7111 13 -59.3831
vt -21.7111 59.3831
v -21.532 13 -59.3197
vt -21.532 59.3197
v -21.312 13 -59.3197
vt -21.312 59.3197
v -21.1529 13 -59.0421
vt -21.1529 59.0421
v -21.0129 13 -59.0421
vt -21.0129 59.0421
v -20.8565 13 -59.1667
vt -20.8565 59.1667
v -20.6065 13 -59.1667
vt -20.6065 59.1667
v -20.4422 13 -59.313
vt -20.4422 59.313
v -20.4422 13 -59.5538
vt -20.4422 59.5538
v -20.009 13 -59.7828
vt -20.009 59.7828
v -20.009 13 -59.6328
vt -20.009 59.6328
v -19.5252 13 -59.313
vt -19.5252 59.313
v -19.2952 13 -59.313
vt -19.2952 59.313
v -19.1647 13 -59.0652
vt -19.1647 59.0652
v -19.0047 13 -59.0652
vt -19.0047 59.0652
v -18.8275 13 -59.178
vt -18.8275 59.178
v -18.5775 13 -59.178
vt -18.5775 59.178
v -18.4448 13 -59.3277
vt -18.4448 59.3277
v -18.4448 13 -59.5467
vt -18.4448 59.5467
v -18.0107 13 -59.7947
vt -18.0107 59.7947
v -18.0107 13 -59.6447
vt -18.0107 59.6447
v -17.6843 13 -59.3803
vt -17.6843 59.3803
v -17.2777 13 -59.3277
vt -17.2777 59.3277
v -17.0898 13 -59.0811
vt -17.0898 59.0811
v -15.9998 13 -59.0811
vt -15.9998 59.0811
v -15.9998 13 -57.1711
vt -15.9998 57.1711
v -10.1398 13 -57.1711
vt -10.1398 57.1711
v -9.6236 13 -57.2912
vt -9.6236 57.2912
v -9.41858 13 -57.4343
vt -9.41858 57.4343
v -9.41858 13 -57.6743
vt -9.41858 57.6743
v -8.99651 13 -57.978
vt -8.99651 57.978
v -8.99651 13 -58.198
vt -8.99651 58.198
v -8.60588 13 -58.2841
vt -8.60588 58.2841
v -8.43565 13 -58.4234
vt -8.43565 58.4234
v -8.43565 13 -58.6534
vt -8.43565 58.6534
v -8.01519 13 -58.8635
vt -8.01519 58.8635
v -7.7039 13 -58.5385
vt -7.7039 58.5385
v -7.49984 13 -58.4563
vt -7.49984 58.4563
v -7.29984 13 -58.4563
vt -7.29984 58.4563
v -7.14087 13 -58.1901
vt -7.14087 58.1901
v -7.01087 13 -58.1901
vt -7.01087 58.1901
v -7.01087 13 -57.7901
vt -7.01087 57.7901
v -6.85067 13 -57.7081
vt -6.85067 57.7081
v -6.68307 13 -57.5226
vt -6.68307 57.5226
v -6.28808 13 -57.4595
vt -6.28808 57.4595
v -6.14543 13 -57.173
vt -6.14543 57.173
v -4.09543 13 -57.173
vt -4.09543 57.173
v -3.59974 13 -57.293
vt -3.59974 57.293
v -3.45949 13 -57.4493
vt -3.45949 57.4493
v -3.45949 13 -57.6626
vt -3.45949 57.6626
v -3.00641 13 -57.8968
vt -3.00641 57.8968
v -3.00641 13 -57.7568
vt -3.00641 57.7568
v -2.68303 13 -57.5213
vt -2.68303 57.5213
v -2.28957 13 -57.4493
vt -2.28957 57.4493
v -2.1409 13 -57.1659
vt -2.1409 57.1659
v 0.129102 13 -57.1659
vt 0.129102 57.1659
v 0.390895 13 -57.232
vt 0.390895 57.232
v 0.536159 13 -57.3836
vt 0.536159 57.3836
v 0.536159 13 -57.6248
vt 0.536159 57.6248
v 0.984932 13 -57.8875
vt 0.984932 57.8875
v 0.984932 13 -57.6175
vt 0.984932 57.6175
v 1.11493 13 -57.6175
vt 1.11493 57.6175
v 1.27043 13 -57.4763
vt 1.27043 57.4763
v 1.51335 13 -57.3836
vt 1.51335 57.3836
v 1.71335 13 -57.3836
vt 1.71335 57.3836
v 1.88172 13 -57.1115
vt 1.88172 57.1115
v 2.16517 13 -57.237
vt 2.16517 57.237
v 2.39517 13 -57.237
vt 2.39517 57.237
v 2.54224 13 -57.3869
vt 2.54224 57.3869
v 2.54224 13 -57.5976
vt 2.54224 57.5976
v 2.92893 13 -57.8278
vt 2.92893 57.8278
v 2.97965 13 -58.0929
vt 2.97965 58.0929
v 3.14295 13 -58.2404
vt 3.14295 58.2404
v 3.38295 13 -58.2404
vt 3.38295 58.2404
v 3.54882 13 -58.3849
vt 3.54882 58.3849
v 3.54882 13 -58.6149
vt 3.54882 58.6149
v 3.92072 13 -58.8101
vt 3.92072 58.8101
v 3.98784 13 -59.0716
vt 3.98784 59.0716
v 4.13475 13 -59.2354
vt 4.13475 59.2354
v 4.41475 13 -59.2354
vt 4.41475 59.2354
v 4.5656 13 -59.3814
vt 4.5656 59.3814
v 4.5656 13 -59.6025
vt 4.5656 59.6025
v 4.92113 13 -59.8617
vt 4.92113 59.8617
v 5.03262 13 -59.6379
vt 5.03262 59.6379
v 5.14262 13 -59.6379
vt 5.14262 59.6379
v 5.2954 13 -59.4528
vt 5.2954 59.4528
v 5.4929 13 -59.3814
vt 5.4929 59.3814
v 5.7029 13 -59.3814
vt 5.7029 59.3814
v 5.86876 13 -59.1078
vt 5.86876 59.1078
v 5.96876 13 -59.1078
vt 5.96876 59.1078
v 6.18016 13 -59.2412
vt 6.18016 59.2412
v 6.39016 13 -59.2412
vt 6.39016 59.2412
v 6.54391 13 -59.3692
vt 6.54391 59.3692
v 6.54391 13 -59.5992
vt 6.54391 59.5992
v 6.85324 13 -59.7403
vt 6.85324 59.7403
v 6.96423 13 -59.8256
vt 6.96423 59.8256
v 6.96423 13 -59.9605
vt 6.96423 59.9605
v 7.14193 13 -60.2266
vt 7.14193 60.2266
v 7.42193 13 -60.2266
vt 7.42193 60.2266
v 7.5555 13 -60.4014
vt 7.5555 60.4014
v 7.5555 13 -60.6124
vt 7.5555 60.6124
v 7.99395 13 -60.8312
vt 7.99395 60.8312
v 7.99395 13 -60.7012
vt 7.99395 60.7012
v 8.34284 13 -60.4014
vt 8.34284 60.4014
v 8.71261 13 -60.4014
vt 8.71261 60.4014
v 8.86156 13 -60.1296
vt 8.86156 60.1296
v 8.97156 13 -60.1296
vt 8.97156 60.1296
v 9.03426 13 -59.6134
vt 9.03426 59.6134
v 9.18426 13 -59.6134
vt 9.18426 59.6134
v 9.49056 13 -59.3884
vt 9.49056 59.3884
v 9.73056 13 -59.3884
vt 9.73056 59.3884
v 9.85278 13 -59.1145
vt 9.85278 59.1145
v 9.98278 13 -59.1145
vt 9.98278 59.1145
v 9.98278 13 -57.6845
vt 9.98278 57.6845
v 10.4812 13 -57.3504
vt 10.4812 57.3504
v 10.7112 13 -57.3504
vt 10.7112 57.3504
v 10.8451 13 -57.1045
vt 10.8451 57.1045
v 10.9451 13 -57.1045
vt 10.9451 57.1045
v 11.1593 13 -57.2518
vt 11.1593 57.2518
v 11.4193 13 -57.2518
vt 11.4193 57.2518
v 11.5707 13 -57.3973
vt 11.5707 57.3973
v 11.5707 13 -57.5973
vt 11.5707 57.5973
v 11.9929 13 -57.8461
vt 11.9929 57.8461
v 11.9929 13 -57.7061
vt 11.9929 57.7061
v 12.0671 13 -57.6249
vt 12.0671 57.6249
v 12.3112 13 -57.4504
vt 12.3112 57.4504
v 12.5103 13 -57.3568
vt 12.5103 57.3568
v 12.7203 13 -57.3568
vt 12.7203 57.3568
v 12.8413 13 -57.0933
vt 12.8413 57.0933
v 12.9513 13 -57.0933
vt 12.9513 57.0933
v 13.1423 13 -57.2388
vt 13.1423 57.2388
v 13.4223 13 -57.2388
vt 13.4223 57.2388
v 13.5748 13 -57.3681
vt 13.5748 57.3681
v 13.5748 13 -57.6081
vt 13.5748 57.6081
v 13.9998 13 -57.8519
vt 13.9998 57.8519
v 13.9998 13 -57.7119
vt 13.9998 57.7119
v 14.3017 13 -57.465
vt 14.3017 57.465
v 14.7159 13 -57.3958
vt 14.7159 57.3958
v 14.8775 13 -57.1195
vt 14.8775 57.1195
v 16.1275 13 -57.1195
vt 16.1275 57.1195
v 16.4316 13 -57.1794
vt 16.4316 57.1794
v 16.5667 13 -57.3269
vt 16.5667 57.3269
v 16.5667 13 -57.5369
vt 16.5667 57.5369
v 16.9404 13 -57.7496
vt 16.9404 57.7496
v 16.9404 13 -58.9896
vt 16.9404 58.9896
v 17.1596 13 -59.1796
vt 17.1596 59.1796
v 17.4096 13 -59.1796
vt 17.4096 59.1796
v 17.5421 13 -59.3294
vt 17.5421 59.3294
v 17.5421 13 -59.5481
vt 17.5421 59.5481
v 17.9975 13 -59.7991
vt 17.9975 59.7991
v 17.9975 13 -59.6291
vt 17.9975 59.6291
v 18.2997 13 -59.3988
vt 18.2997 59.3988
v 18.5085 13 -59.3294
vt 18.5085 59.3294
v 18.7085 13 -59.3294
vt 18.7085 59.3294
v 18.8497 13 -59.0534
vt 18.8497 59.0534
v 18.9497 13 -59.0534
vt 18.9497 59.0534
v 19.1645 13 -59.1814
vt 19.1645 59.1814
v 19.4145 13 -59.1814
vt 19.4145 59.1814
v 19.5673 13 -59.2943
vt 19.5673 59.2943
v 19.5673 13 -59.5223
vt 19.5673 59.5223
v 19.8623 13 -59.6702
vt 19.8623 59.6702
v 19.9678 13 -59.8632
vt 19.9678 59.8632
v 19.9678 13 -60.0332
vt 19.9678 60.0332
v 20.1539 13 -60.1848
vt 20.1539 60.1848
v 20.4139 13 -60.1848
vt 20.4139 60.1848
v 20.5813 13 -60.3276
vt 20.5813 60.3276
v 20.5813 13 -60.5379
vt 20.5813 60.5379
v 20.8812 13 -60.6755
vt 20.8812 60.6755
v 21.0095 13 -60.8664
vt 21.0095 60.8664
v 21.0095 13 -61.0564
vt 21.0095 61.0564
v 27.9795 13 -61.0564
vt 27.9795 61.0564
v 27.9795 13 -60.6264
vt 27.9795 60.6264
v 28.3098 13 -60.3836
vt 28.3098 60.3836
v 28.7157 13 -60.3257
vt 28.7157 60.3257
v 28.8686 13 -60.0676
vt 28.8686 60.0676
v 28.9986 13 -60.0676
vt 28.9986 60.0676
v 28.9986 13 -59.6276
vt 28.9986 59.6276
v 29.498 13 -59.3134
vt 29.498 59.3134
v 29.718 13 -59.3134
vt 29.718 59.3134
v 29.8633 13 -59.0625
vt 29.8633 59.0625
v 29.9886 13 -59.0625
vt 29.9886 59.0625
v 29.9886 13 -58.6325
vt 29.9886 58.6325
v 30.2364 13 -58.4461
vt 30.2364 58.4461
v 30.4064 13 -58.4461
vt 30.4064 58.4461
v 30.5083 13 -58.3227
vt 30.5083 58.3227
v 30.7283 13 -58.3227
vt 30.7283 58.3227
v 30.8619 13 -58.0654
vt 30.8619 58.0654
v 30.9919 13 -58.0654
vt 30.9919 58.0654
v 30.9919 13 -51.9954
vt 30.9919 51.9954
v 30.6419 13 -51.9954
vt 30.6419 51.9954
v 30.0829 13 -51.3955
vt 30.0829 51.3955
v 29.9964 13 -51.0049
vt 29.9964 51.0049
v 29.6325 13 -51.0049
vt 29.6325 51.0049
v 29.0647 13 -50.3859
vt 29.0647 50.3859
v 28.9884 13 -50.0239
vt 28.9884 50.0239
v 20.9584 13 -50.0239
vt 20.9584 50.0239
v 20.9584 13 -50.4139
vt 20.9584 50.4139
v 20.8425 13 -50.6354
vt 20.8425 50.6354
v 20.5725 13 -50.6354
vt 20.5725 50.6354
v 20.3028 13 -51.008
vt 20.3028 51.008
v 19.9528 13 -51.008
vt 19.9528 51.008
v 19.9528 13 -51.388
vt 19.9528 51.388
v 19.8418 13 -51.6008
vt 19.8418 51.6008
v 19.6118 13 -51.6008
vt 19.6118 51.6008
v 19.3158 13 -51.9398
vt 19.3158 51.9398
v 18.6306 13 -52.0209
vt 18.6306 52.0209
v 18.0449 13 -51.3507
vt 18.0449 51.3507
v 17.8357 13 -51.5795
vt 17.8357 51.5795
v 17.5957 13 -51.5795
vt 17.5957 51.5795
v 17.2844 13 -51.958
vt 17.2844 51.958
v 16.9484 13 -51.958
vt 16.9484 51.958
v 16.9484 13 -53.358
vt 16.9484 53.358
v 16.823 13 -53.5626
vt 16.823 53.5626
v 16.603 13 -53.5626
vt 16.603 53.5626
v 16.3055 13 -53.952
vt 16.3055 53.952
v 14.6169 13 -54.0203
vt 14.6169 54.0203
v 14.0289 13 -53.339
vt 14.0289 53.339
v 13.8222 13 -53.5701
vt 13.8222 53.5701
v 13.5922 13 -53.5701
vt 13.5922 53.5701
v 13.2949 13 -53.9469
vt 13.2949 53.9469
v 12.6381 13 -54.012
vt 12.6381 54.012
v 11.9825 13 -53.3384
vt 11.9825 53.3384
v 11.8075 13 -53.5943
vt 11.8075 53.5943
v 11.5782 13 -53.5943
vt 11.5782 53.5943
v 11.3259 13 -53.9547
vt 11.3259 53.9547
v 10.6286 13 -54.0159
vt 10.6286 54.0159
v 10.1888 13 -53.4972
vt 10.1888 53.4972
v 9.98443 13 -53.1418
vt 9.98443 53.1418
v 9.98443 13 -52.0118
vt 9.98443 52.0118
v 9.62443 13 -52.0118
vt 9.62443 52.0118
v 9.04317 13 -51.3644
vt 9.04317 51.3644
v 8.99778 13 -51.0174
vt 8.99778 51.0174
v 8.63778 13 -51.0174
vt 8.63778 51.0174
v 8.01189 13 -50.3568
vt 8.01189 50.3568
v 7.80811 13 -50.5904
vt 7.80811 50.5904
v 7.56811 13 -50.5904
vt 7.56811 50.5904
v 7.31958 13 -50.9413
vt 7.31958 50.9413
v 6.92171 13 -50.9826
vt 6.92171 50.9826
v 6.92171 13 -51.3789
vt 6.92171 51.3789
v 6.8207 13 -51.5855
vt 6.8207 51.5855
v 6.5807 13 -51.5855
vt 6.5807 51.5855
v 6.32288 13 -51.9543
vt 6.32288 51.9543
v 5.63553 13 -52.0148
vt 5.63553 52.0148
v 5.03722 13 -51.3425
vt 5.03722 51.3425
v 4.84489 13 -51.5856
vt 4.84489 51.5856
v 4.57489 13 -51.5856
vt 4.57489 51.5856
v 4.30952 13 -51.9735
vt 4.30952 51.9735
v 4.00952 13 -51.9735
vt 4.00952 51.9735
v 3.85328 13 -52.5838
vt 3.85328 52.5838
v 3.57328 13 -52.5838
vt 3.57328 52.5838
v 3.32251 13 -52.9695
vt 3.32251 52.9695
v 2.93251 13 -52.9695
vt 2.93251 52.9695
v 2.93251 13 -53.3663
vt 2.93251 53.3663
v 2.82073 13 -53.5786
vt 2.82073 53.5786
v 2.58073 13 -53.5786
vt 2.58073 53.5786
v 2.33456 13 -53.9553
vt 2.33456 53.9553
v 1.61784 13 -54.024
vt 1.61784 54.024
v 1.0578 13 -53.3452
vt 1.0578 53.3452
v 0.845704 13 -53.5981
vt 0.845704 53.5981
v 0.585704 13 -53.5981
vt 0.585704 53.5981
v 0.297767 13 -54.019
vt 0.297767 54.019
v -2.38182 13 -54.019
vt -2.38182 54.019
v -2.95702 13 -53.3268
vt -2.95702 53.3268
v -3.16763 13 -53.5937
vt -3.16763 53.5937
v -3.40763 13 -53.5937
vt -3.40763 53.5937
v -3.6938 13 -54.0279
vt -3.6938 54.0279
v -6.3638 13 -54.0279
vt -6.3638 54.0279
v -6.63828 13 -53.7798
vt -6.63828 53.7798
v -6.71643 13 -53.5213
vt -6.71643 53.5213
v -6.92859 13 -53.4091
vt -6.92859 53.4091
v -7.01256 13 -53.018
vt -7.01256 53.018
v -7.37041 13 -53.018
vt -7.37041 53.018
v -8.00301 13 -52.3363
vt -8.00301 52.3363
v -8.18994 13 -52.5836
vt -8.18994 52.5836
v -8.40994 13 -52.5836
vt -8.40994 52.5836
v -8.68645 13 -52.9637
vt -8.68645 52.9637
v -9.04888 13 -52.9637
vt -9.04888 52.9637
v -9.04888 13 -53.3637
vt -9.04888 53.3637
v -9.18107 13 -53.5876
vt -9.18107 53.5876
v -9.42107 13 -53.5876
vt -9.42107 53.5876
v -9.71944 13 -54.0012
vt -9.71944 54.0012
vt -10.9928 54.0012
vt -10.9928 43.0012
vt -10.0315 43.0012
vt -10.0315 40.9947
vt 37.9785 40.9947
v 37.9785 13 -49.9847
vt 37.9785 49.9847
v 33.9402 13 -49.9847
vt 33.9402 49.9847
v 33.9402 13 -50.3947
vt 33.9402 50.3947
v 33.8134 13 -50.5865
vt 33.8134 50.5865
v 33.6034 13 -50.5865
vt 33.6034 50.5865
v 33.2929 13 -50.9656
vt 33.2929 50.9656
v 33.0029 13 -50.9656
vt 33.0029 50.9656
v 33.0029 13 -61.1356
vt 33.0029 61.1356
v 33.4385 13 -61.1974
vt 33.4385 61.1974
v 33.5663 13 -61.3514
vt 33.5663 61.3514
v 33.5663 13 -61.5414
vt 33.5663 61.5414
v 33.9467 13 -61.7817
vt 33.9467 61.7817
v 34.0088 13 -61.8725
vt 34.0088 61.8725
v 34.0088 13 -62.0725
vt 34.0088 62.0725
v 45.9988 13 -62.0725
vt 45.9988 62.0725
v 45.9988 13 -61.6325
vt 45.9988 61.6325
v 46.3545 13 -61.3735
vt 46.3545 61.3735
v 46.7347 13 -61.2866
vt 46.7347 61.2866
v 46.8821 13 -61.0369
vt 46.8821 61.0369
v 47.0021 13 -61.0369
vt 47.0021 61.0369
v 47.0021 13 -51.0069
vt 47.0021 51.0069
v 46.6221 13 -51.0069
vt 46.6221 51.0069
v 46.0538 13 -50.3615
vt 46.0538 50.3615
vt 45.9909 50.0172
vt 45.9909 39.9972
vt 48.9309 39.9972
vt 49.4347 40.126
vt 49.5694 40.2738
vt 49.5694 40.5038
vt 49.9169 40.6808
vt 50.0263 40.7835
vt 50.0263 42.0535
vt 50.4411 42.1198
vt 50.5786 42.2508
vt 50.5786 42.5008
vt 50.9723 42.7188
vt 50.9723 43.0688
vt 51.3867 43.1371
vt 51.5057 43.2853
vt 51.5057 43.4853
vt 51.8872 43.7045
vt 51.9695 43.9826
vt 54.9745 43.9826
vt 54.9745 50.0172
v 50.9245 13 -50.0172
vt 50.9245 50.0172
v 50.9245 13 -50.5672
vt 50.9245 50.5672
v 50.5945 13 -50.5672
vt 50.5945 50.5672
v 50.284 13 -50.9462
vt 50.284 50.9462
v 49.944 13 -50.9462
vt 49.944 50.9462
v 49.944 13 -51.4062
vt 49.944 51.4062
v 49.7914 13 -51.5915
vt 49.7914 51.5915
v 49.5814 13 -51.5915
vt 49.5814 51.5915
v 49.2729 13 -51.9722
vt 49.2729 51.9722
v 49.0229 13 -51.9722
vt 49.0229 51.9722
v 49.0229 13 -60.1122
vt 49.0229 60.1122
v 49.434 13 -60.1981
vt 49.434 60.1981
v 49.5691 13 -60.3318
vt 49.5691 60.3318
v 49.5691 13 -60.5418
vt 49.5691 60.5418
v 49.9645 13 -60.7566
vt 49.9645 60.7566
v 49.9645 13 -61.1166
vt 49.9645 61.1166
v 50.4259 13 -61.2061
vt 50.4259 61.2061
v 50.5984 13 -61.3582
vt 50.5984 61.3582
v 50.5984 13 -61.5582
vt 50.5984 61.5582
v 50.9568 13 -61.7573
vt 50.9568 61.7573
v 50.9568 13 -62.0573
vt 50.9568 62.0573
v 59.9468 13 -62.0573
vt 59.9468 62.0573
v 60.4289 13 -62.1899
vt 60.4289 62.1899
v 60.5744 13 -62.3413
vt 60.5744 62.3413
v 60.5744 13 -62.5513
vt 60.5744 62.5513
v 60.9872 13 -62.7762
vt 60.9872 62.7762
v 60.9872 13 -62.6162
vt 60.9872 62.6162
v 61.339 13 -62.369
vt 61.339 62.369
v 61.7504 13 -62.2845
vt 61.7504 62.2845
v 61.8679 13 -62.0753
vt 61.8679 62.0753
v 62.027 13 -62.0753
vt 62.027 62.0753
v 62.027 13 -61.6453
vt 62.027 61.6453
v 62.4849 13 -61.3058
vt 62.4849 61.3058
v 62.7449 13 -61.3058
vt 62.7449 61.3058
v 62.8743 13 -61.0352
vt 62.8743 61.0352
v 63.0043 13 -61.0352
vt 63.0043 61.0352
v 63.0043 13 -51.0152
vt 63.0043 51.0152
v 62.6143 13 -51.0152
vt 62.6143 51.0152
v 62.3579 13 -50.7347
vt 62.3579 50.7347
v 62.2775 13 -50.5192
vt 62.2775 50.5192
v 62.1875 13 -50.5192
vt 62.1875 50.5192
v 62.0591 13 -50.3659
vt 62.0591 50.3659
v 62.0065 13 -50.0172
vt 62.0065 50.0172
vt 55.9745 50.0172
vt 55.9745 43.9826
vt 59.9795 43.9826
vt 59.9795 43.5626
vt 60.3639 43.3099
vt 60.7157 43.2335
vt 60.8765 42.9922
vt 60.9818 42.9922
vt 60.9818 42.5522
vt 61.3473 42.2897
vt 61.7313 42.2214
vt 61.8589 41.9834
vt 61.9889 41.9834
vt 61.9889 40.5434
vt 62.3313 40.3179
vt 62.7988 40.1709
vt 62.891 39.9822
vt 63.891 39.9822
vt 64.0016 40.1367
v 64.1122 13 -40.2912
vt 64.1122 40.2912
v 64.1122 13 -40.0982
vt 64.1122 40.0982
v 64.4222 13 -40.0982
vt 64.4222 40.0982
v 64.5742 13 -40.284
vt 64.5742 40.284
v 64.5742 13 -40.484
vt 64.5742 40.484
v 64.9521 13 -40.689
vt 64.9521 40.689
v 64.9521 13 -42.0355
vt 64.9521 42.0355
v 65.4442 13 -42.1241
vt 65.4442 42.1241
v 65.5601 13 -42.2746
vt 65.5601 42.2746
v 65.5601 13 -42.4946
vt 65.5601 42.4946
v 65.9597 13 -42.7015
vt 65.9597 42.7015
v 65.9597 13 -45.0411
vt 65.9597 45.0411
v 66.3622 13 -45.1193
vt 66.3622 45.1193
v 66.5218 13 -45.2557
vt 66.5218 45.2557
v 66.5218 13 -45.4957
vt 66.5218 45.4957
v 66.8581 13 -45.6499
vt 66.8581 45.6499
v 66.9879 13 -45.9848
vt 66.9879 45.9848
vt 68.9863 45.9848
vt 68.9863 56.0048
v 68.9863 13 -56.9948
vt 68.9863 56.9948
v 69.9463 13 -56.9948
vt 69.9463 56.9948
v 70.1516 13 -57.1191
vt 70.1516 57.1191
v 70.4616 13 -57.1191
vt 70.4616 57.1191
v 70.5743 13 -57.2721
vt 70.5743 57.2721
v 70.5743 13 -57.4721
vt 70.5743 57.4721
v 71.0086 13 -57.7395
vt 71.0086 57.7395
v 71.0086 13 -61.107
vt 71.0086 61.107
v 71.4404 13 -61.1915
vt 71.4404 61.1915
v 71.5696 13 -61.3442
vt 71.5696 61.3442
v 71.5696 13 -61.5642
vt 71.5696 61.5642
v 71.8932 13 -61.6974
vt 71.8932 61.6974
v 72.0076 13 -61.8853
vt 72.0076 61.8853
v 72.0076 13 -62.0553
vt 72.0076 62.0553
v 73.9476 13 -62.0553
vt 73.9476 62.0553
v 74.171 13 -62.1676
vt 74.171 62.1676
v 74.421 13 -62.1676
vt 74.421 62.1676
v 74.5889 13 -62.3097
vt 74.5889 62.3097
v 74.5889 13 -62.5397
vt 74.5889 62.5397
v 74.9817 13 -62.7593
vt 74.9817 62.7593
v 74.9817 13 -62.6093
vt 74.9817 62.6093
v 75.3161 13 -62.372
vt 75.3161 62.372
v 75.7293 13 -62.2971
vt 75.7293 62.2971
v 75.87 13 -62.0435
vt 75.87 62.0435
v 75.99 13 -62.0435
vt 75.99 62.0435
v 75.99 13 -60.6235
vt 75.99 60.6235
v 76.0786 13 -60.5426
vt 76.0786 60.5426
v 76.1708 13 -60.5426
vt 76.1708 60.5426
v 76.3073 13 -60.3575
vt 76.3073 60.3575
v 76.5392 13 -60.2956
vt 76.5392 60.2956
v 76.7392 13 -60.2956
vt 76.7392 60.2956
v 77.0011 13 -60.1118
vt 77.0011 60.1118
v 77.1511 13 -60.1118
vt 77.1511 60.1118
v 77.1511 13 -60.1718
vt 77.1511 60.1718
v 77.4311 13 -60.1718
vt 77.4311 60.1718
v 77.5745 13 -60.3253
vt 77.5745 60.3253
v 77.5745 13 -60.5513
vt 77.5745 60.5513
v 77.938 13 -60.741
vt 77.938 60.741
v 77.938 13 -61.1158
vt 77.938 61.1158
v 78.4431 13 -61.1861
vt 78.4431 61.1861
v 78.5723 13 -61.3388
vt 78.5723 61.3388
v 78.5723 13 -61.5488
vt 78.5723 61.5488
v 78.9486 13 -61.7569
vt 78.9486 61.7569
v 79.0211 13 -62.0273
vt 79.0211 62.0273
v 81.9811 13 -62.0273
vt 81.9811 62.0273
v 81.9811 13 -61.6273
vt 81.9811 61.6273
v 82.078 13 -61.5407
vt 82.078 61.5407
v 82.178 13 -61.5407
vt 82.178 61.5407
v 82.3142 13 -61.368
vt 82.3142 61.368
v 82.7366 13 -61.2872
vt 82.7366 61.2872
v 82.8678 13 -61.0512
vt 82.8678 61.0512
v 82.9878 13 -61.0512
vt 82.9878 61.0512
v 82.9878 13 -60.6212
vt 82.9878 60.6212
v 83.071 13 -60.5347
vt 83.071 60.5347
v 83.181 13 -60.5347
vt 83.181 60.5347
v 83.3041 13 -60.3646
vt 83.3041 60.3646
v 83.7183 13 -60.2951
vt 83.7183 60.2951
v 83.8797 13 -60.0422
vt 83.8797 60.0422
v 83.9997 13 -60.0422
vt 83.9997 60.0422
v 84.1761 13 -60.1737
vt 84.1761 60.1737
v 84.4437 13 -60.1737
vt 84.4437 60.1737
v 84.5875 13 -60.3127
vt 84.5875 60.3127
v 84.5875 13 -60.5427
vt 84.5875 60.5427
v 84.9283 13 -60.7521
vt 84.9283 60.7521
v 85.0097 13 -61.1131
vt 85.0097 61.1131
v 85.4449 13 -61.1783
vt 85.4449 61.1783
v 85.5774 13 -61.3144
vt 85.5774 61.3144
v 85.5774 13 -61.5444
vt 85.5774 61.5444
v 85.9469 13 -61.7441
vt 85.9469 61.7441
v 85.9469 13 -62.1441
vt 85.9469 62.1441
v 86.4343 13 -62.1949
vt 86.4343 62.1949
v 86.5676 13 -62.3302
vt 86.5676 62.3302
v 86.5676 13 -62.5402
vt 86.5676 62.5402
v 86.973 13 -62.7356
vt 86.973 62.7356
v 87.0671 13 -62.5402
vt 87.0671 62.5402
v 87.2218 13 -62.5402
vt 87.2218 62.5402
v 87.3129 13 -62.351
vt 87.3129 62.351
v 87.7377 13 -62.2845
vt 87.7377 62.2845
v 87.8925 13 -62.0392
vt 87.8925 62.0392
v 89.9825 13 -62.0392
vt 89.9825 62.0392
v 89.9825 13 -61.6092
vt 89.9825 61.6092
v 90.3139 13 -61.3678
vt 90.3139 61.3678
v 90.7186 13 -61.3022
vt 90.7186 61.3022
v 90.8592 13 -61.026
vt 90.8592 61.026
v 90.9892 13 -61.026
vt 90.9892 61.026
v 90.9892 13 -60.596
vt 90.9892 60.596
v 91.3069 13 -60.3697
vt 91.3069 60.3697
v 91.7321 13 -60.3058
vt 91.7321 60.3058
v 91.8603 13 -60.0457
vt 91.8603 60.0457
v 92.0903 13 -60.0457
vt 92.0903 60.0457
v 92.2664 13 -59.7666
vt 92.2664 59.7666
v 92.3464 13 -59.7666
vt 92.3464 59.7666
v 92.3464 13 -59.3766
vt 92.3464 59.3766
v 92.5108 13 -59.3032
vt 92.5108 59.3032
v 92.7208 13 -59.3032
vt 92.7208 59.3032
v 92.8773 13 -59.0357
vt 92.8773 59.0357
v 93.9673 13 -59.0357
vt 93.9673 59.0357
v 93.9673 13 -58.6157
vt 93.9673 58.6157
v 94.0593 13 -58.5386
vt 94.0593 58.5386
v 94.1793 13 -58.5386
vt 94.1793 58.5386
v 94.2831 13 -58.3795
vt 94.2831 58.3795
v 94.7259 13 -58.2995
vt 94.7259 58.2995
v 94.8732 13 -58.0496
vt 94.8732 58.0496
v 94.9816 13 -58.0496
vt 94.9816 58.0496
v 94.9816 13 -51.0296
vt 94.9816 51.0296
v 94.6316 13 -51.0296
vt 94.6316 51.0296
v 93.9859 13 -50.3939
vt 93.9859 50.3939
vt 93.9859 50.015
vt 93.9859 43.985
vt 101.004 43.985
vt 101.004 53.025
v 101.004 13 -55.9943
vt 101.004 55.9943
v 102.004 13 -55.9943
vt 102.004 55.9943
vt 102.004 53.025
vt 102.004 43.985
vt 103.034 43.985
vt 103.034 42.9975
vt 104.994 42.9975
vt 104.994 45.0476
vt 105.458 45.1248
vt 105.567 45.2683
vt 105.567 45.4983
vt 105.946 45.6782
vt 106.043 45.9935
vt 119.983 45.9935
vt 119.983 50.0335
v 113.993 13 -50.0335
vt 113.993 50.0335
v 113.993 13 -62.0935
vt 113.993 62.0935
v 126.013 13 -62.0935
vt 126.013 62.0935
v 126.013 13 -50.0335
vt 126.013 50.0335
vt 120.983 50.0335
vt 120.983 45.9935
vt 126.022 45.9935
vt 126.022 34.0235
vt 104.992 34.0235
vt 104.992 39.9735
vt 103.022 39.9735
vt 103.022 32.0035
vt 112.024 32.0035
vt 126.962 32.0035
vt 126.962 64
vt 113.022 64
vt 113.022 48
vt 105.982 48
vt 105.982 57.99
vt 96.0021 57.99
vt 96.0021 64
vt -128 64
vt -128 32
v -98.0317 13 -31.9991
vt -98.0317 31.9991
v -96.0017 13 -31.9991
vt -96.0017 31.9991
v -96.0017 13 -11.5291
vt -96.0017 11.5291
v -95.8317 13 -11.5291
vt -95.8317 11.5291
v -95.6751 13 -11.3091
vt -95.6751 11.3091
v -95.251 13 -11.2385
vt -95.251 11.2385
v -95.1082 13 -10.9861
vt -95.1082 10.9861
v -94.9782 13 -10.9861
vt -94.9782 10.9861
v -94.8218 13 -11.1409
vt -94.8218 11.1409
v -94.5818 13 -11.1409
vt -94.5818 11.1409
v -94.4335 13 -11.2895
vt -94.4335 11.2895
v -94.4335 13 -11.4995
vt -94.4335 11.4995
v -94.0803 13 -11.6873
vt -94.0803 11.6873
v -93.9898 13 -12.0666
vt -93.9898 12.0666
v -93.5893 13 -12.1545
vt -93.5893 12.1545
v -93.4494 13 -12.283
vt -93.4494 12.283
v -93.4494 13 -12.503
vt -93.4494 12.503
v -93.1127 13 -12.6566
vt -93.1127 12.6566
v -92.6868 13 -12.3412
vt -92.6868 12.3412
v -92.2595 13 -12.2364
vt -92.2595 12.2364
v -92.1178 13 -11.9834
vt -92.1178 11.9834
v -91.9978 13 -11.9834
vt -91.9978 11.9834
v -91.9978 13 -11.5634
vt -91.9978 11.5634
v -91.6733 13 -11.2967
vt -91.6733 11.2967
v -91.2487 13 -11.229
vt -91.2487 11.229
v -91.1121 13 -10.9961
vt -91.1121 10.9961
v -91.0121 13 -10.9961
vt -91.0121 10.9961
v -91.0121 13 -10.5761
vt -91.0121 10.5761
v -90.6583 13 -10.3317
vt -90.6583 10.3317
v -90.2764 13 -10.2525
vt -90.2764 10.2525
v -90.1105 13 -9.97889
vt -90.1105 9.97889
v -89.0205 13 -9.97889
vt -89.0205 9.97889
v -89.0205 13 -10.9961
vt -89.0205 10.9961
v -89.0205 13 -17.9885
vt -89.0205 17.9885
v -93.9894 13 -17.9885
vt -93.9894 17.9885
v -93.9894 13 -29.9985
vt -93.9894 29.9985
v -81.9894 13 -29.9985
vt -81.9894 29.9985
v -81.9894 13 -17.9885
vt -81.9894 17.9885
v -88.0205 13 -17.9885
vt -88.0205 17.9885
v -88.0205 13 -10.9961
vt -88.0205 10.9961
v -87.5904 13 -11.1283
vt -87.5904 11.1283
v -87.4248 13 -11.2732
vt -87.4248 11.2732
v -87.4248 13 -11.5132
vt -87.4248 11.5132
v -87.0636 13 -11.7071
vt -87.0636 11.7071
v -87.0636 13 -14.0641
vt -87.0636 14.0641
v -86.5602 13 -14.1456
vt -86.5602 14.1456
v -86.4304 13 -14.2704
vt -86.4304 14.2704
v -86.4304 13 -14.4904
vt -86.4304 14.4904
v -86.0663 13 -14.6996
vt -86.0663 14.6996
v -85.9027 13 -14.4975
vt -85.9027 14.4975
v -85.8227 13 -14.4975
vt -85.8227 14.4975
v -85.6609 13 -14.3069
vt -85.6609 14.3069
v -85.2487 13 -14.2267
vt -85.2487 14.2267
v -85.1087 13 -13.9842
vt -85.1087 13.9842
v -84.9887 13 -13.9842
vt -84.9887 13.9842
v -84.9887 13 -11.5742
vt -84.9887 11.5742
v -84.6533 13 -11.3051
vt -84.6533 11.3051
v -84.2341 13 -11.3051
vt -84.2341 11.3051
v -83.4467 13 -10.2581
vt -83.4467 10.2581
v -83.2467 13 -10.2581
vt -83.2467 10.2581
v -83.1107 13 -10.0134
vt -83.1107 10.0134
v -82.9907 13 -10.0134
vt -82.9907 10.0134
v -82.9907 13 -9.5734
vt -82.9907 9.5734
v -82.8077 13 -9.47029
vt -82.8077 9.47029
v -82.645 13 -9.29392
vt -82.645 9.29392
v -82.2314 13 -9.2205
vt -82.2314 9.2205
v -82.1209 13 -8.99627
vt -82.1209 8.99627
v -79.0609 13 -8.99627
vt -79.0609 8.99627
v -78.5736 13 -9.1466
vt -78.5736 9.1466
v -78.4488 13 -9.2621
vt -78.4488 9.2621
v -78.4488 13 -9.4921
vt -78.4488 9.4921
v -77.9863 13 -9.77084
vt -77.9863 9.77084
v -77.9863 13 -14.0057
vt -77.9863 14.0057
v -73.9963 13 -14.0057
vt -73.9963 14.0057
v -73.9963 13 -18.0091
vt -73.9963 18.0091
v -78.0774 13 -18.0091
vt -78.0774 18.0091
v -78.0774 13 -18.3648
vt -78.0774 18.3648
v -78.2012 13 -18.5704
vt -78.2012 18.5704
v -78.4312 13 -18.5704
vt -78.4312 18.5704
v -78.6997 13 -18.9562
vt -78.6997 18.9562
v -78.9997 13 -18.9562
vt -78.9997 18.9562
v -78.9997 13 -29.0462
vt -78.9997 29.0462
v -78.595 13 -29.1231
vt -78.595 29.1231
v -78.4766 13 -29.2451
vt -78.4766 29.2451
v -78.4766 13 -29.4648
vt -78.4766 29.4648
v -78.0823 13 -29.6815
vt -78.0823 29.6815
v -77.9827 13 -29.8193
vt -77.9827 29.8193
v -77.9827 13 -29.9893
vt -77.9827 29.9893
v -72.0227 13 -29.9893
vt -72.0227 29.9893
v -72.0227 13 -29.5893
vt -72.0227 29.5893
v -71.6896 13 -29.3501
vt -71.6896 29.3501
v -71.2875 13 -29.27
vt -71.2875 29.27
v -71.1312 13 -29.0023
vt -71.1312 29.0023
v -71.0112 13 -29.0023
vt -71.0112 29.0023
v -71.0112 13 -19.0123
vt -71.0112 19.0123
v -71.3581 13 -19.0123
vt -71.3581 19.0123
v -71.6255 13 -18.7566
vt -71.6255 18.7566
v -71.7067 13 -18.4991
vt -71.7067 18.4991
v -71.8067 13 -18.4991
vt -71.8067 18.4991
v -71.9387 13 -18.3624
vt -71.9387 18.3624
f 3731/7938/762 3732/7939/762 3733/7940/762 3081/7941/762 3080/7942/762 3082/7943/762 3083/7944/762 3084/7945/762 3085/7946/762 3086/7947/762 3087/7948/762 3088/7949/762 3089/7950/762 3090/7951/762 3091/7952/762 3092/7953/762 3093/7954/762 3094/7955/762 3095/7956/762 3096/7957/762 3097/7958/762 3098/7959/762 3099/7960/762 3100/7961/762 3101/7962/762 3102/7963/762 3103/7964/762 3104/7965/762 3105/7966/762 3106/7967/762 3107/7968/762 3108/7969/762 3109/7970/762 3110/7971/762 3111/7972/762 3112/7973/762 3113/7974/762 3114/7975/762 3115/7976/762 3116/7977/762 3117/7978/762 3118/7979/762 3119/7980/762 3714/7981/762 3715/7982/762 3716/7983/762 3717/7984/762 3718/7985/762 3719/7986/762 3720/7987/762 3721/7988/762 3722/7989/762 3723/7990/762 3724/7991/762 3725/7992/762 3726/7993/762 3727/7994/762 3728/7995/762 3729/7996/762 3730/7997/762 2252/7998/762 2251/7999/762 2253/8000/762 2254/8001/762 2255/8002/762 2256/8003/762 2257/8004/762 2258/8005/762 2259/8006/762 2260/8007/762 2261/8008/762 2262/8009/762 2263/8010/762 2264/8011/762 2265/8012/762 2266/8013/762 2267/8014/762 2268/8015/762 2269/8016/762 3734/8017/762 3735/8018/762 3736/8019/762 3737/8020/762 3738/8021/762 3739/8022/762 3740/8023/762 3741/8024/762 3742/8025/762 3743/8026/762 3744/8027/762 3745/8028/762 3746/8029/762 3747/8030/762 3748/8031/762 3749/8032/762 3750/8033/762 3751/8034/762 3752/8035/762 3753/8036/762 3754/8037/762 3755/8038/762 3756/8039/762 3757/8040/762 3758/8041/762 3759/8042/762 3760/8043/762 3761/8044/762 3762/8045/762 3763/8046/762 2283/8047/762 2282/8048/762 2284/8049/762 2285/8050/762 2286/8051/762 2287/8052/762 2288/8053/762 2289/8054/762 2290/8055/762 2291/8056/762 2292/8057/762 2293/8058/762 2294/8059/762 2295/8060/762 2296/8061/762 2297/8062/762 2298/8063/762 2299/8064/762 2300/8065/762 2301/8066/762 2302/8067/762 2303/8068/762 2304/8069/762 2305/8070/762 2306/8071/762 2307/8072/762 2308/8073/762 2309/8074/762 2310/8075/762 2311/8076/762 2312/8077/762 2313/8078/762 2314/8079/762 2315/8080/762 2316/8081/762 2317/8082/762 2318/8083/762 2319/8084/762 2320/8085/762 2321/8086/762 2322/8087/762 2323/8088/762 2324/8089/762 2325/8090/762 2326/8091/762 2327/8092/762 2328/8093/762 2329/8094/762 2330/8095/762 2331/8096/762 2332/8097/762 2333/8098/762 2334/8099/762 2335/8100/762 2336/8101/762 2337/8102/762 2338/8103/762 2339/8104/762 2340/8105/762 2341/8106/762 2342/8107/762 2343/8108/762 2344/8109/762 2345/8110/762 2346/8111/762 2347/8112/762 2348/8113/762 2349/8114/762 2350/8115/762 2351/8116/762 2352/8117/762 2353/8118/762 2354/8119/762 2355/8120/762 2356/8121/762 2357/8122/762 2358/8123/762 2359/8124/762 2360/8125/762 2361/8126/762 2362/8127/762 2363/8128/762 2364/8129/762 2365/8130/762 2366/8131/762 2367/8132/762 2368/8133/762 2369/8134/762 2370/8135/762 2371/8136/762 2372/8137/762 2373/8138/762 2374/8139/762 2375/8140/762 2376/8141/762 2377/8142/762 2378/8143/762 2379/8144/762 2380/8145/762 2381/8146/762 2382/8147/762 2383/8148/762 2384/8149/762 2385/8150/762 2386/8151/762 2387/8152/762 2388/8153/762 2389/8154/762 2390/8155/762 2391/8156/762 2392/8157/762 2393/8158/762 2394/8159/762 2395/8160/762 2396/8161/762 2397/8162/762 2398/8163/762 2399/8164/762 2400/8165/762 2401/8166/762 2402/8167/762 2403/8168/762 2404/8169/762 2405/8170/762 2406/8171/762 2407/8172/762 2408/8173/762 2409/8174/762 2410/8175/762 2411/8176/762 2412/8177/762 2413/8178/762 2414/8179/762 2415/8180/762 2416/8181/762 2417/8182/762 2418/8183/762 2419/8184/762 2420/8185/762 2421/8186/762 2422/8187/762 2423/8188/762 2424/8189/762 2425/8190/762 2426/8191/762 2427/8192/762 2428/8193/762 2429/8194/762 2430/8195/762 2431/8196/762 2432/8197/762 2433/8198/762 2434/8199/762 2435/8200/762 2436/8201/762 2437/8202/762 2438/8203/762 2439/8204/762 2440/8205/762 2441/8206/762 2442/8207/762 2443/8208/762 2444/8209/762 2445/8210/762 2446/8211/762 2447/8212/762 2448/8213/762 2449/8214/762 2450/8215/762 2451/8216/762 2452/8217/762 2453/8218/762 2454/8219/762 2455/8220/762 2456/8221/762 2457/8222/762 2458/8223/762 2459/8224/762 2460/8225/762 2461/8226/762 2462/8227/762 2464/8228/762 2466/8229/762 2467/8230/762 2468/8231/762 2469/8232/762 2470/8233/762 2471/8234/762 2472/8235/762 2473/8236/762 2474/8237/762 2475/8238/762 2476/8239/762 2477/8240/762 2479/8241/762 2480/8242/762 2481/8243/762 2482/8244/762 2483/8245/762 2484/8246/762 2486/8247/762 2487/8248/762 2489/8249/762 2490/8250/762 2491/8251/762 2492/8252/762 2493/8253/762 2495/8254/762 2496/8255/762 2497/8256/762 2498/8257/762 2499/8258/762 2500/8259/762 2502/8260/762 2503/8261/762 2504/8262/762 2506/8263/762 2508/8264/762 2509/8265/762 2510/8266/762 2511/8267/762 2512/8268/762 2513/8269/762 2514/8270/762 2515/8271/762 2517/8272/762 2519/8273/762 2520/8274/762 2521/8275/762 2522/8276/762 2523/8277/762 2524/8278/762 2525/8279/762 2526/8280/762 2527/8281/762 2528/8282/762 2529/8283/762 2530/8284/762 2531/8285/762 2532/8286/762 2533/8287/762 2535/8288/762 2537/8289/762 2539/8290/762 2540/8291/762 2541/8292/762 2542/8293/762 2544/8294/762 2545/8295/762 2546/8296/762 2547/8297/762 2549/8298/762 2550/8299/762 2551/8300/762 2552/8301/762 2553/8302/762 2554/8303/762 2555/8304/762 2556/8305/762 2557/8306/762 2558/8307/762 2559/8308/762 2560/8309/762 2561/8310/762 2562/8311/762 2563/8312/762 2564/8313/762 2565/8314/762 2566/8315/762 2567/8316/762 2568/8317/762 2569/8318/762 2571/8319/762 2573/8320/762 2574/8321/762 2575/8322/762 2576/8323/762 2578/8324/762 2580/8325/762 2581/8326/762 2582/8327/762 2583/8328/762 2584/8329/762 2586/8330/762 2588/8331/762 2590/8332/762 2591/8333/762 2592/8334/762 2593/8335/762 2594/8336/762 2595/8337/762 2596/8338/762 2598/8339/762 2599/8340/762 2601/8341/762 2602/8342/762 2603/8343/762 2605/8344/762 2606/8345/762 2608/8346/762 2609/8347/762 2610/8348/762 2612/8349/762 2614/8350/762 2615/8351/762 2616/8352/762 2617/8353/762 3764/8354/762 3765/8355/762 3766/8356/762 3767/8357/762 3768/8358/762 3769/8359/762 3770/8360/762 3771/8361/762 3772/8362/762 3773/8363/762 3774/8364/762 3775/8365/762 3776/8366/762 3777/8367/762 3778/8368/762 3779/8369/762 3780/8370/762 3781/8371/762 3782/8372/762 3783/8373/762 3784/8374/762 3785/8375/762 3786/8376/762 3787/8377/762 3788/8378/762 3789/8379/762 3790/8380/762 3791/8381/762 3792/8382/762 3793/8383/762 3794/8384/762 3795/8385/762 3796/8386/762 3797/8387/762 3798/8388/762 3799/8389/762 3800/8390/762 3801/8391/762 3802/8392/762 3803/8393/762 3804/8394/762 3805/8395/762 3806/8396/762 3807/8397/762 3808/8398/762 3809/8399/762 3810/8400/762 3811/8401/762 3812/8402/762 3813/8403/762 3814/8404/762 3815/8405/762 3816/8406/762 3817/8407/762 3818/8408/762 3819/8409/762 3820/8410/762 3821/8411/762 3822/8412/762 3823/8413/762 3824/8414/762 3825/8415/762 3826/8416/762 3827/8417/762 3828/8418/762 3829/8419/762 3830/8420/762 3831/8421/762 3832/8422/762 3833/8423/762 3834/8424/762 3835/8425/762 3836/8426/762 3837/8427/762 3838/8428/762 3839/8429/762 3840/8430/762 3841/8431/762 3842/8432/762 3843/8433/762 3844/8434/762 3845/8435/762 3846/8436/762 3847/8437/762 3848/8438/762 3849/8439/762 3850/8440/762 3851/8441/762 3852/8442/762 3853/8443/762 3854/8444/762 3855/8445/762 3856/8446/762 3857/8447/762 3858/8448/762 3859/8449/762 3860/8450/762 3861/8451/762 3862/8452/762 3863/8453/762 3864/8454/762 3865/8455/762 3866/8456/762 3867/8457/762 3868/8458/762 3869/8459/762 3870/8460/762 3871/8461/762 3872/8462/762 3873/8463/762 3874/8464/762 3875/8465/762 3876/8466/762 3877/8467/762 3878/8468/762 3879/8469/762 3880/8470/762 3881/8471/762 3882/8472/762 3883/8473/762 3884/8474/762 3885/8475/762 3886/8476/762 3887/8477/762 3888/8478/762 3889/8479/762 3890/8480/762 3891/8481/762 3892/8482/762 3893/8483/762 3894/8484/762 3895/8485/762 3896/8486/762 3897/8487/762 3898/8488/762 3899/8489/762 3900/8490/762 3901/8491/762 3902/8492/762 3903/8493/762 3904/8494/762 3905/8495/762 3906/8496/762 3907/8497/762 3908/8498/762 3909/8499/762 3910/8500/762 3911/8501/762 3912/8502/762 3913/8503/762 3914/8504/762 3915/8505/762 3916/8506/762 3917/8507/762 3918/8508/762 3919/8509/762 3920/8510/762 3921/8511/762 3922/8512/762 3923/8513/762 3924/8514/762 3925/8515/762 3926/8516/762 3927/8517/762 3928/8518/762 3929/8519/762 3930/8520/762 3931/8521/762 3932/8522/762 3933/8523/762 3934/8524/762 3935/8525/762 3936/8526/762 3937/8527/762 3938/8528/762 3939/8529/762 3940/8530/762 3941/8531/762 3942/8532/762 3943/8533/762 3944/8534/762 3945/8535/762 3946/8536/762 3947/8537/762 3948/8538/762 3949/8539/762 3950/8540/762 3951/8541/762 3952/8542/762 3953/8543/762 3954/8544/762 3955/8545/762 3956/8546/762 3957/8547/762 3958/8548/762 3959/8549/762 3960/8550/762 3961/8551/762 3962/8552/762 3963/8553/762 3964/8554/762 3965/8555/762 3966/8556/762 3967/8557/762 3968/8558/762 3969/8559/762 3970/8560/762 3971/8561/762 3972/8562/762 3973/8563/762 3974/8564/762 3975/8565/762 3976/8566/762 3977/8567/762 3978/8568/762 3979/8569/762 3980/8570/762 3981/8571/762 3982/8572/762 3983/8573/762 3984/8574/762 3985/8575/762 3986/8576/762 3987/8577/762 3988/8578/762 3989/8579/762 3990/8580/762 3991/8581/762 3992/8582/762 3993/8583/762 3994/8584/762 3995/8585/762 3996/8586/762 3997/8587/762 3998/8588/762 3999/8589/762 4000/8590/762 4001/8591/762 4002/8592/762 4003/8593/762 4004/8594/762 4005/8595/762 4006/8596/762 4007/8597/762 4008/8598/762 4009/8599/762 4010/8600/762 4011/8601/762 4012/8602/762 4013/8603/762 4014/8604/762 4015/8605/762 4016/8606/762 4017/8607/762 4018/8608/762 4019/8609/762 4020/8610/762 4021/8611/762 4022/8612/762 4023/8613/762 4024/8614/762 4025/8615/762 4026/8616/762 4027/8617/762 4028/8618/762 4029/8619/762 4030/8620/762 4031/8621/762 4032/8622/762 4033/8623/762 4034/8624/762 4035/8625/762 4036/8626/762 4037/8627/762 4038/8628/762 4039/8629/762 4040/8630/762 4041/8631/762 4042/8632/762 4043/8633/762 4044/8634/762 4045/8635/762 4046/8636/762 4047/8637/762 4048/8638/762 4049/8639/762 4050/8640/762 4051/8641/762 4052/8642/762 4053/8643/762 4054/8644/762 4055/8645/762 4056/8646/762 4057/8647/762 4058/8648/762 4059/8649/762 4060/8650/762 4061/8651/762 4062/8652/762 4063/8653/762 4064/8654/762 4065/8655/762 4066/8656/762 4067/8657/762 4068/8658/762 4069/8659/762 4070/8660/762 4071/8661/762 4072/8662/762 4073/8663/762 4074/8664/762 4075/8665/762 4076/8666/762 4077/8667/762 4078/8668/762 4079/8669/762 4080/8670/762 4081/8671/762 4082/8672/762 4083/8673/762 4084/8674/762 4085/8675/762 4086/8676/762 4087/8677/762 4088/8678/762 4089/8679/762 4090/8680/762 4091/8681/762 4092/8682/762 4093/8683/762 4094/8684/762 4095/8685/762 4096/8686/762 4097/8687/762 4098/8688/762 4099/8689/762 4100/8690/762 4101/8691/762 4102/8692/762 4103/8693/762 4104/8694/762 4105/8695/762 4106/8696/762 4107/8697/762 4108/8698/762 4109/8699/762 4110/8700/762 4111/8701/762 4112/8702/762 4113/8703/762 4114/8704/762 4115/8705/762 4116/8706/762 4117/8707/762 4118/8708/762 4119/8709/762 4120/8710/762 4121/8711/762 4122/8712/762 4123/8713/762 4124/8714/762 4125/8715/762 4126/8716/762 4127/8717/762 4128/8718/762 4129/8719/762 4130/8720/762 4131/8721/762 4132/8722/762 4133/8723/762 4134/8724/762 4135/8725/762 4136/8726/762 4137/8727/762 4138/8728/762 4139/8729/762 4140/8730/762 4141/8731/762 4142/8732/762 4143/8733/762 4144/8734/762 4145/8735/762 4146/8736/762 4147/8737/762 4148/8738/762 4149/8739/762 4150/8740/762 4151/8741/762 4152/8742/762 4153/8743/762 4154/8744/762 4155/8745/762 4156/8746/762 4157/8747/762 4158/8748/762 4159/8749/762 4160/8750/762 4161/8751/762 4162/8752/762 4163/8753/762 4164/8754/762 4165/8755/762 4166/8756/762 4167/8757/762 4168/8758/762 4169/8759/762 4170/8760/762 4171/8761/762 4172/8762/762 4173/8763/762 4174/8764/762 4175/8765/762 4176/8766/762 4177/8767/762 4178/8768/762 4179/8769/762 4180/8770/762 4181/8771/762 4182/8772/762 4183/8773/762 4184/8774/762 4185/8775/762 4186/8776/762 4187/8777/762 4188/8778/762 4189/8779/762 4190/8780/762 4191/8781/762 4192/8782/762 4193/8783/762 4194/8784/762 4195/8785/762 4196/8786/762 4197/8787/762 4198/8788/762 4199/8789/762 4200/8790/762 4201/8791/762 4202/8792/762 4203/8793/762 4204/8794/762 4205/8795/762 4206/8796/762 4207/8797/762 4208/8798/762 4209/8799/762 4210/8800/762 4211/8801/762 4212/8802/762 4213/8803/762 4214/8804/762 4215/8805/762 4216/8806/762 4217/8807/762 4218/8808/762 4219/8809/762 4220/8810/762 4221/8811/762 4222/8812/762 4223/8813/762 4224/8814/762 4225/8815/762 4226/8816/762 4227/8817/762 4228/8818/762 4229/8819/762 4230/8820/762 4231/8821/762 4232/8822/762 4233/8823/762 4234/8824/762 4235/8825/762 4236/8826/762 4237/8827/762 4238/8828/762 4239/8829/762 4240/8830/762 4241/8831/762 4242/8832/762 4243/8833/762 4244/8834/762 4245/8835/762 4246/8836/762 4247/8837/762 4248/8838/762 4249/8839/762 4250/8840/762 4251/8841/762 4252/8842/762 4253/8843/762 4254/8844/762 4255/8845/762 4256/8846/762 4257/8847/762 4258/8848/762 4259/8849/762 4260/8850/762 4261/8851/762 4262/8852/762 4263/8853/762 4264/8854/762 4265/8855/762 4266/8856/762 4267/8857/762 4268/8858/762 4269/8859/762 4270/8860/762 4271/8861/762 4272/8862/762 4273/8863/762 4274/8864/762 4275/8865/762 4276/8866/762 4277/8867/762 4278/8868/762 4279/8869/762 4280/8870/762 4281/8871/762 4282/8872/762 4283/8873/762 4284/8874/762 4285/8875/762 4286/8876/762 4287/8877/762 4288/8878/762 4289/8879/762 4290/8880/762 4291/8881/762 4292/8882/762 4293/8883/762 4294/8884/762 4295/8885/762 4296/8886/762 4297/8887/762 4298/8888/762 4299/8889/762 4300/8890/762 4301/8891/762 4302/8892/762 4303/8893/762 4304/8894/762 4305/8895/762 4306/8896/762 4307/8897/762 4308/8898/762 4309/8899/762 4310/8900/762 4311/8901/762 4312/8902/762 4313/8903/762 4314/8904/762 4315/8905/762 4316/8906/762 4317/8907/762 4318/8908/762 4319/8909/762 4320/8910/762 4321/8911/762 4322/8912/762 4323/8913/762 4324/8914/762 4325/8915/762 4326/8916/762 4327/8917/762 4328/8918/762 4329/8919/762 4330/8920/762 4331/8921/762 4332/8922/762 4333/8923/762 4334/8924/762 4335/8925/762 4336/8926/762 4337/8927/762 4338/8928/762 4339/8929/762 2621/8930/762 2620/8931/762 2622/8932/762 2623/8933/762 2626/8934/762 4340/8935/762 4341/8936/762 4342/8937/762 4343/8938/762 4344/8939/762 4345/8940/762 4346/8941/762 4347/8942/762 4348/8943/762 4349/8944/762 4350/8945/762 4351/8946/762 4352/8947/762 4353/8948/762 4354/8949/762 4355/8950/762 4356/8951/762 4357/8952/762 4358/8953/762 4359/8954/762 4360/8955/762 4361/8956/762 4362/8957/762 2634/8958/762 2633/8959/762 2636/8960/762 2638/8961/762 2640/8962/762 2642/8963/762 2644/8964/762 2646/8965/762 2648/8966/762 2650/8967/762 2652/8968/762 2654/8969/762 2656/8970/762 2658/8971/762 2660/8972/762 2662/8973/762 2664/8974/762 2666/8975/762 2668/8976/762 2669/8977/762 2670/8978/762 4363/8979/762 4364/8980/762 4365/8981/762 4366/8982/762 4367/8983/762 4368/8984/762 4369/8985/762 4370/8986/762 4371/8987/762 4372/8988/762 4373/8989/762 4374/8990/762 4375/8991/762 4376/8992/762 4377/8993/762 4378/8994/762 4379/8995/762 4380/8996/762 4381/8997/762 4382/8998/762 4383/8999/762 4384/9000/762 4385/9001/762 4386/9002/762 4387/9003/762 4388/9004/762 4389/9005/762 4390/9006/762 4391/9007/762 4392/9008/762 4393/9009/762 4394/9010/762 4395/9011/762 4396/9012/762 4397/9013/762 4398/9014/762 4399/9015/762 4400/9016/762 4401/9017/762 4402/9018/762 4403/9019/762 4404/9020/762 4405/9021/762 2672/9022/762 2671/9023/762 2674/9024/762 2676/9025/762 2678/9026/762 2680/9027/762 2682/9028/762 2684/9029/762 2686/9030/762 2688/9031/762 2690/9032/762 2692/9033/762 2694/9034/762 2696/9035/762 2698/9036/762 2700/9037/762 2702/9038/762 2704/9039/762 2706/9040/762 4406/9041/762 4407/9042/762 4408/9043/762 4409/9044/762 4410/9045/762 4411/9046/762 4412/9047/762 4413/9048/762 4414/9049/762 4415/9050/762 4416/9051/762 4417/9052/762 4418/9053/762 4419/9054/762 4420/9055/762 4421/9056/762 4422/9057/762 2745/9058/762 2744/9059/762 4423/9060/762 4424/9061/762 4425/9062/762 4426/9063/762 4427/9064/762 4428/9065/762 4429/9066/762 4430/9067/762 4431/9068/762 4432/9069/762 4433/9070/762 4434/9071/762 4435/9072/762 4436/9073/762 4437/9074/762 4438/9075/762 4439/9076/762 4440/9077/762 4441/9078/762 4442/9079/762 4443/9080/762 4444/9081/762 4445/9082/762 4446/9083/762 4447/9084/762 4448/9085/762 4449/9086/762 4450/9087/762 4451/9088/762 4452/9089/762 4453/9090/762 4454/9091/762 4455/9092/762 4456/9093/762 4457/9094/762 4458/9095/762 4459/9096/762 4460/9097/762 4461/9098/762 4462/9099/762 4463/9100/762 4464/9101/762 4465/9102/762 4466/9103/762 4467/9104/762 4468/9105/762 4469/9106/762 4470/9107/762 4471/9108/762 4472/9109/762 4473/9110/762 4474/9111/762 4475/9112/762 4476/9113/762 4477/9114/762 4478/9115/762 4479/9116/762 4480/9117/762 4481/9118/762 4482/9119/762 4483/9120/762 4484/9121/762 4485/9122/762 4486/9123/762 4487/9124/762 4488/9125/762 4489/9126/762 4490/9127/762 4491/9128/762 4492/9129/762 4493/9130/762 4494/9131/762 4495/9132/762 4496/9133/762 4497/9134/762 4498/9135/762 4499/9136/762 4500/9137/762 4501/9138/762 4502/9139/762 4503/9140/762 4504/9141/762 4505/9142/762 4506/9143/762 4507/9144/762 4508/9145/762 4509/9146/762 4510/9147/762 4511/9148/762 4512/9149/762 4513/9150/762 4514/9151/762 4515/9152/762 4516/9153/762 4517/9154/762 4518/9155/762 4519/9156/762 4520/9157/762 4521/9158/762 4522/9159/762 4523/9160/762 4524/9161/762 4525/9162/762 4526/9163/762 4527/9164/762 4528/9165/762 4529/9166/762 2822/9167/762 2821/9168/762 2823/9169/762 2825/9170/762 4530/9171/762 4531/9172/762 2828/9173/762 2827/9174/762 2830/9175/762 2832/9176/762 2834/9177/762 2836/9178/762 2838/9179/762 2840/9180/762 2842/9181/762 2844/9182/762 2846/9183/762 2847/9184/762 2848/9185/762 4532/9186/762 4533/9187/762 4534/9188/762 4535/9189/762 2850/9190/762 2849/9191/762 2852/9192/762 2854/9193/762 2856/9194/762 2858/9195/762 2860/9196/762 2862/9197/762 2865/9198/762 2888/9199/762 2887/9200/762 2890/9201/762 2892/9202/762 2894/9203/762 2896/9204/762 2898/9205/762 2900/9206/762 2902/9207/762 2905/9208/762 4536/9209/762 4537/9210/762 4538/9211/762 4539/9212/762 4540/9213/762 4541/9214/762 4542/9215/762 4543/9216/762 4544/9217/762 4545/9218/762 4546/9219/762 4547/9220/762 4548/9221/762 4549/9222/762 4550/9223/762 4551/9224/762 4552/9225/762 4553/9226/762 4554/9227/762 4555/9228/762 4556/9229/762 4557/9230/762 4558/9231/762 4559/9232/762 4560/9233/762 4561/9234/762 4562/9235/762 4563/9236/762 4564/9237/762 4565/9238/762 4566/9239/762 4567/9240/762 4568/9241/762 4569/9242/762 4570/9243/762 4571/9244/762 4572/9245/762 4573/9246/762 4574/9247/762 4575/9248/762 4576/9249/762 4577/9250/762 4578/9251/762 4579/9252/762 4580/9253/762 4581/9254/762 4582/9255/762 4583/9256/762 4584/9257/762 4585/9258/762 4586/9259/762 4587/9260/762 4588/9261/762 4589/9262/762 4590/9263/762 4591/9264/762 4592/9265/762 4593/9266/762 4594/9267/762 4595/9268/762 4596/9269/762 4597/9270/762 4598/9271/762 4599/9272/762 4600/9273/762 4601/9274/762 4602/9275/762 4603/9276/762 4604/9277/762 4605/9278/762 4606/9279/762 4607/9280/762 4608/9281/762 4609/9282/762 4610/9283/762 4611/9284/762 4612/9285/762 4613/9286/762 4614/9287/762 4615/9288/762 4616/9289/762 4617/9290/762 4618/9291/762 4619/9292/762 4620/9293/762 4621/9294/762 4622/9295/762 4623/9296/762 4624/9297/762 4625/9298/762 4626/9299/762 4627/9300/762 4628/9301/762 4629/9302/762 4630/9303/762 4631/9304/762 4632/9305/762 4633/9306/762 4634/9307/762 4635/9308/762 

vt 72.0074 1
vt 72.9963 1
vt 72.9963 13
vt 72.0074 13
f 74/9309/5 73/9310/5 3732/9311/5 3731/9312/5 

vt -14.0057 13
vt -18.0091 13
vt -18.0091 1
v -72.9963 -1 -18.0091
vt -18.0091 -1
v -72.9963 -1.89 -18.0091
vt -18.0091 -1.89
v -72.9963 -1.89 -14.0057
vt -14.0057 -1.89
f 3733/9313/3 3732/9314/3 73/9315/3 4636/9316/3 4637/9317/3 4638/9318/3 2968/5544/3 

usemtl FrontColor
vt -2873.87 39.3701
vt -2913.24 39.3701
v -73.9963 -1 -18.0091
vt -2913.24 -39.3701
vt -2873.87 -39.3701
f 73/9319/7 72/9320/7 4639/9321/7 4636/9322/7 

usemtl _4
vt 18.0091 13
vt 14.0057 -1
v -73.9963 -1.89 -14.0057
vt 14.0057 -1.89
v -73.9963 -1.89 -18.0091
vt 18.0091 -1.89
vt 18.0091 -1
vt 18.0091 1
f 4610/9323/1 4609/5557/1 2969/9324/1 4640/9325/1 4641/9326/1 4639/9327/1 72/9328/1 

vt -77.9863 13
vt -77.9863 -1
vt -73.9963 -1
vt -73.9963 13
f 4608/9329/7 2970/9330/7 2969/9331/7 4609/9332/7 

vt 9.77084 13
vt 9.77084 -1
f 4607/9333/164 2971/9334/164 2970/9324/164 4608/5557/164 

vt -62.2904 13
vn 0.516177 1.17444e-19 0.856482
vt -62.2904 -1
vt -61.7504 -1
vt -61.7504 13
f 4606/9335/763 2972/9336/763 2971/9337/763 4607/9338/763 

vt 9.2621 13
vt 9.2621 -1
vt 9.4921 -1
vt 9.4921 13
f 4605/9339/164 2973/9340/164 2972/9341/164 4606/9342/164 

vt -51.4387 13
vn 0.679422 -3.65154e-20 0.733747
vt -51.4387 -1
vt -51.2687 -1
vt -51.2687 13
f 4604/9343/764 2974/9344/764 2973/9345/764 4605/9346/764 

vt -72.8965 13
vn 0.294763 2.9355e-19 0.955571
vt -72.8965 -1
vt -72.3865 -1
vt -72.3865 13
f 4603/9347/765 2975/9348/765 2974/9349/765 4604/9350/765 

vt -82.1209 13
vt -82.1209 -1
vt -79.0609 -1
vt -79.0609 13
f 4602/9351/185 2976/9352/185 2975/9353/185 4603/9354/185 

vt -44.6323 13
vn -0.896919 7.33189e-19 0.442194
vt -44.6323 -1
vt -44.3823 -1
vt -44.3823 13
f 4601/9355/766 2977/9356/766 2976/9357/766 4602/9358/766 

vt -82.9971 13
vn -0.174801 5.79093e-19 0.984604
vt -82.9971 -1
vt -82.5771 -1
vt -82.5771 13
f 4600/9359/767 2978/9360/767 2977/9361/767 4601/9362/767 

vt -63.1197 13
vn -0.734878 7.541e-19 0.6782
vt -63.1197 -1
vt -62.8797 -1
vt -62.8797 13
f 4599/9363/768 2979/9364/768 2978/9365/768 4600/9366/768 

vt -76.9996 13
vn -0.490974 7.06796e-19 0.871174
vt -76.9996 -1
vt -76.7896 -1
vt -76.7896 13
f 4598/9367/769 2980/9368/769 2979/9369/769 4599/9370/769 

vt -10.0134 13
vt -10.0134 -1
vt -9.5734 -1
vt -9.5734 13
f 4597/9371/169 2981/9372/169 2980/9373/169 4598/9374/169 

vt -83.1107 13
vt -83.1107 -1
vt -82.9907 -1
vt -82.9907 13
f 4596/9375/185 2982/9376/185 2981/9377/185 4597/9378/185 

vt -49.4134 13
vn -0.874028 7.41163e-19 0.485875
vt -49.4134 -1
vt -49.1334 -1
vt -49.1334 13
f 4595/9379/770 2983/9380/770 2982/9381/770 4596/9382/770 

vt -83.4467 13
vt -83.4467 -1
vt -83.2467 -1
vt -83.2467 13
f 4594/9383/185 2984/9384/185 2983/9385/185 4595/9386/185 

vt -59.663 13
vn -0.799222 7.53832e-19 0.601035
vt -59.663 -1
vt -58.353 -1
vt -58.353 13
f 4593/9387/771 2985/9388/771 2984/9389/771 4594/9390/771 

vt -84.6533 13
vt -84.6533 -1
vt -84.2341 -1
vt -84.2341 13
f 4592/9391/185 2986/9392/185 2985/9393/185 4593/9394/185 

vt -73.5358 13
vn -0.625749 7.40452e-19 0.780025
vt -73.5358 -1
vt -73.1058 -1
vt -73.1058 13
f 4591/9395/772 2987/9396/772 2986/9397/772 4592/9398/772 

vt -13.9842 13
vt -13.9842 -1
vt -11.5742 -1
vt -11.5742 13
f 4590/9399/169 2988/9400/169 2987/9401/169 4591/9402/169 

vt -85.1087 13
vt -85.1087 -1
vt -84.9887 -1
vt -84.9887 13
f 4589/9403/185 2989/9404/185 2988/9405/185 4590/9406/185 

vt -54.9265 13
vn -0.866164 7.43359e-19 0.49976
vt -54.9265 -1
vt -54.6465 -1
vt -54.6465 13
f 4588/9407/773 2990/9408/773 2989/9409/773 4589/9410/773 

vt -86.8167 13
vn -0.190946 5.86968e-19 0.981601
vt -86.8167 -1
vt -86.3967 -1
vt -86.3967 13
f 4587/9411/774 2991/9412/774 2990/9413/774 4588/9414/774 

vt -66.5758 13
vn -0.762556 7.54915e-19 0.646923
vt -66.5758 -1
vt -66.3258 -1
vt -66.3258 13
f 4586/9415/775 2992/9416/775 2991/9417/775 4587/9418/775 

vt -85.9027 13
vt -85.9027 -1
vt -85.8227 -1
vt -85.8227 13
f 4585/9419/185 2993/9420/185 2992/9421/185 4586/9422/185 

vt -65.5821 13
vn -0.7772 7.54802e-19 0.629254
vt -65.5821 -1
vt -65.3221 -1
vt -65.3221 13
f 4584/9423/776 2994/9424/776 2993/9425/776 4585/9426/776 

vt -67.7253 13
vn 0.498141 1.33024e-19 0.867096
vt -67.7253 -1
vt -67.3053 -1
vt -67.3053 13
f 4583/9427/777 2995/9428/777 2994/9429/777 4584/9430/777 

vt 14.2704 13
vt 14.2704 -1
vt 14.4904 -1
vt 14.4904 13
f 4582/9431/164 2996/9432/164 2995/9433/164 4583/9434/164 

vt -52.5731 13
vn 0.693292 -5.08892e-20 0.720657
vt -52.5731 -1
vt -52.3931 -1
vt -52.3931 13
f 4581/9435/778 2997/9436/778 2996/9437/778 4582/9438/778 

vt -83.695 13
vn 0.159883 3.86847e-19 0.987136
vt -83.695 -1
vt -83.185 -1
vt -83.185 13
f 4580/9439/779 2998/9440/779 2997/9441/779 4581/9442/779 

vt 11.7071 13
vt 11.7071 -1
vt 14.0641 -1
vt 14.0641 13
f 4579/9443/164 2999/9444/164 2998/9445/164 4580/9446/164 

vt -71.5808 13
vn 0.473003 1.54336e-19 0.881061
vt -71.5808 -1
vt -71.1708 -1
vt -71.1708 13
f 4578/9447/780 3000/9448/780 2999/9449/780 4579/9450/780 

vt 11.2732 13
vt 11.2732 -1
vt 11.5132 -1
vt 11.5132 13
f 4577/9451/164 3001/9452/164 3000/9453/164 4578/9454/164 

vt -58.5801 13
vn 0.658623 -1.54002e-20 0.752473
vt -58.5801 -1
vt -58.3601 -1
vt -58.3601 13
f 4576/9455/781 3002/9456/781 3001/9457/781 4577/9458/781 

vt -80.9051 13
vn 0.293806 2.94246e-19 0.955865
vt -80.9051 -1
vt -80.4551 -1
vt -80.4551 13
f 4575/9459/782 3003/9460/782 3002/9461/782 4576/9462/782 

vt -10.9961 13
vt -17.9885 13
vt -17.9885 2.50259
v -88.0205 -1.75 -17.9885
vt -17.9885 -1.75
v -88.0205 -1.75 -10.9961
vt -10.9961 -1.75
vt -10.9961 -1
f 4575/9463/3 4574/9464/3 368/9465/3 4642/9466/3 4643/9467/3 3003/9468/3 

vt 81.9894 2.50259
vt 88.0205 2.50259
vt 88.0205 13
vt 81.9894 13
f 369/9469/5 368/9470/5 4574/9471/5 4573/9472/5 

vt -29.9985 2.50259
vt -29.9985 13
f 370/9473/169 369/9465/169 4573/9464/169 4572/9474/169 

vt -93.9894 2.50259
vt -81.9894 2.50259
vt -81.9894 13
vt -93.9894 13
f 371/9475/185 370/9476/185 4572/9477/185 4571/9478/185 

vt 17.9885 2.50259
vt 29.9985 2.50259
vt 29.9985 13
vt 17.9885 13
f 372/9479/164 371/9480/164 4571/9481/164 4570/9482/164 

vt 89.0205 13
vt 89.0205 2.50259
vt 93.9894 2.50259
vt 93.9894 13
f 4569/9483/5 367/9484/5 372/9485/5 4570/9486/5 

vt 10.9961 13
vt 10.9961 -1
v -89.0205 -1.75 -10.9961
vt 10.9961 -1.75
v -89.0205 -1.75 -17.9885
vt 17.9885 -1.75
f 4569/9482/1 4568/9487/1 3004/9488/1 4644/9489/1 4645/9490/1 367/9479/1 

vt 9.97889 13
vt 9.97889 -1
f 4567/9491/164 3005/9492/164 3004/9488/164 4568/9487/164 

vt -90.1105 13
vt -90.1105 -1
vt -89.0205 -1
vt -89.0205 13
f 4566/9493/185 3006/9494/185 3005/9495/185 4567/9496/185 

vt -55.5682 13
vn -0.855127 7.46037e-19 0.518419
vt -55.5682 -1
vt -55.2482 -1
vt -55.2482 13
f 4565/9497/783 3007/9498/783 3006/9499/783 4566/9500/783 

vt -90.8673 13
vn -0.203084 5.92801e-19 0.979161
vt -90.8673 -1
vt -90.4773 -1
vt -90.4773 13
f 4564/9501/784 3008/9502/784 3007/9503/784 4565/9504/784 

vt -80.9033 13
vn -0.568181 7.27992e-19 0.822904
vt -80.9033 -1
vt -80.4733 -1
vt -80.4733 13
f 4563/9505/785 3009/9506/785 3008/9507/785 4564/9508/785 

vt -10.5761 -1
vt -10.5761 13
f 4562/9463/169 3010/9468/169 3009/9509/169 4563/9510/169 

vt -91.1121 13
vt -91.1121 -1
vt -91.0121 -1
vt -91.0121 13
f 4561/9511/185 3011/9512/185 3010/9513/185 4562/9514/185 

vt -55.8402 13
vn -0.862652 7.4426e-19 0.505799
vt -55.8402 -1
vt -55.5702 -1
vt -55.5702 13
f 4560/9515/786 3012/9516/786 3011/9517/786 4561/9518/786 

vt -92.3083 13
vn -0.157538 5.70526e-19 0.987513
vt -92.3083 -1
vt -91.8783 -1
vt -91.8783 13
f 4559/9519/787 3013/9520/787 3012/9521/787 4560/9522/787 

vt -78.4207 13
vn -0.634866 7.42129e-19 0.772622
vt -78.4207 -1
vt -78.0007 -1
vt -78.0007 13
f 4558/9523/788 3014/9524/788 3013/9525/788 4559/9526/788 

vt -11.9834 13
vt -11.9834 -1
vt -11.5634 -1
vt -11.5634 13
f 4557/9527/169 3015/9528/169 3014/9529/169 4558/9530/169 

vt -92.1178 13
vt -92.1178 -1
vt -91.9978 -1
vt -91.9978 13
f 4556/9531/185 3016/9532/185 3015/9533/185 4557/9534/185 

vt -55.7356 13
vn -0.87263 7.41572e-19 0.488381
vt -55.7356 -1
vt -55.4456 -1
vt -55.4456 13
f 4555/9535/789 3017/9536/789 3016/9537/789 4556/9538/789 

vt -92.9602 13
vn -0.238049 6.09174e-19 0.971253
vt -92.9602 -1
vt -92.5202 -1
vt -92.5202 13
f 4554/9539/790 3018/9540/790 3017/9541/790 4555/9542/790 

vt -82.3594 13
vn -0.595148 7.34216e-19 0.803616
vt -82.3594 -1
vt -81.8294 -1
vt -81.8294 13
f 4553/9543/791 3019/9544/791 3018/9545/791 4554/9546/791 

vt -79.8329 13
vn 0.41501 2.01822e-19 0.909817
vt -79.8329 -1
vt -79.4629 -1
vt -79.4629 13
f 4552/9547/792 3020/9548/792 3019/9549/792 4553/9550/792 

vt 12.283 13
vt 12.283 -1
vt 12.503 -1
vt 12.503 13
f 4551/9551/164 3021/9552/164 3020/9553/164 4552/9554/164 

vt -60.7028 13
vn 0.676478 -3.34949e-20 0.736463
vt -60.7028 -1
vt -60.5128 -1
vt -60.5128 13
f 4550/9555/793 3022/9556/793 3021/9557/793 4551/9558/793 

vt -89.218 13
vn 0.214369 3.50308e-19 0.976753
vt -89.218 -1
vt -88.808 -1
vt -88.808 13
f 4549/9559/794 3023/9560/794 3022/9561/794 4550/9562/794 

vt -10.4669 13
vn 0.972694 -4.49616e-19 0.23209
vt -10.4669 -1
vt -10.0769 -1
vt -10.0769 13
f 4548/9563/795 3024/9564/795 3023/9565/795 4549/9566/795 

vt -77.9811 13
vn 0.469472 1.57293e-19 0.882948
vt -77.9811 -1
vt -77.5811 -1
vt -77.5811 13
f 4547/9567/796 3025/9568/796 3024/9569/796 4548/9570/796 

vt 11.2895 13
vt 11.2895 -1
vt 11.4995 -1
vt 11.4995 13
f 4546/9571/164 3026/9572/164 3025/9573/164 4547/9574/164 

vt -58.9427 13
vn 0.707665 -6.60475e-20 0.706548
vt -58.9427 -1
vt -58.7327 -1
vt -58.7327 13
f 4545/9575/797 3027/9576/797 3026/9577/797 4546/9578/797 

vt -94.8218 13
vt -94.8218 -1
vt -94.5818 -1
vt -94.5818 13
f 4544/9579/185 3028/9580/185 3027/9581/185 4545/9582/185 

vt -59.7813 13
vn 0.70341 -6.15316e-20 0.710784
vt -59.7813 -1
vt -59.5613 -1
vt -59.5613 13
f 4543/9583/798 3029/9584/798 3028/9585/798 4544/9586/798 

vt -95.1082 13
vt -95.1082 -1
vt -94.9782 -1
vt -94.9782 13
f 4542/9587/185 3030/9588/185 3029/9589/185 4543/9590/185 

vt -56.6683 13
vn -0.870464 7.4219e-19 0.492232
vt -56.6683 -1
vt -56.3783 -1
vt -56.3783 13
f 4541/9591/799 3031/9592/799 3030/9593/799 4542/9594/799 

vt -96.2336 13
vn -0.164182 5.73841e-19 0.98643
vt -96.2336 -1
vt -95.8036 -1
vt -95.8036 13
f 4540/9595/800 3032/9596/800 3031/9597/800 4541/9598/800 

vt -64.9692 13
vn -0.814657 7.52514e-19 0.579943
vt -64.9692 -1
vt -64.6992 -1
vt -64.6992 13
f 4539/9599/801 3033/9600/801 3032/9601/801 4540/9602/801 

vt -96.0017 13
vt -96.0017 -1
vt -95.8317 -1
vt -95.8317 13
f 4538/9603/185 3034/9604/185 3033/9605/185 4539/9606/185 

vt -31.9991 13
vt -31.9991 -1
vt -11.5291 -1
vt -11.5291 13
f 4537/9607/169 3035/9608/169 3034/9609/169 4538/9610/169 

vt -98.0317 -2.16581e-15
vt -98.0317 13
f 2913/5239/7 2909/9611/7 2910/5238/7 3035/9604/7 4537/9603/7 4536/9612/7 

vt -128.001 13
vn -3.00211e-05 4.85536e-19 1
vt -128.001 3
vt -98.0327 3
vt -98.0327 13
f 2905/9613/802 2904/9614/802 2913/9615/802 4536/9616/802 

usemtl _5
vn -2.09664e-18 1 2.99548e-18
vt -128 -32.0095
vt -125.994 -32.0095
vt -125.994 -21.0066
vt -113.964 -21.0066
vt -113.964 -13.9766
vt -125.074 -13.9766
vt -125.074 -13.4366
vt -125.394 -13.4366
vt -125.779 -13.0299
vt -125.989 -13.0299
vt -125.989 29.0801
vt -125.589 29.0801
vt -125.409 29.2816
vt -125.409 29.4916
vt -125.082 29.6653
vt -124.952 29.9791
vt -98.0317 29.9791
f 2904/9208/803 2908/9617/803 2943/9618/803 2941/9619/803 2939/9620/803 2936/9621/803 2934/9622/803 2932/9623/803 2930/9624/803 2928/9625/803 2926/9626/803 2924/9627/803 2922/9628/803 2920/9629/803 2918/9630/803 2916/9631/803 2914/9632/803 2911/9633/803 2913/9209/803 

usemtl _4
vt 89.0205 -1.75
vt 89.0205 -1
vt 88.0205 -1
vt 88.0205 -1.75
f 4644/9634/165 3004/9635/165 3003/9636/165 4643/9637/165 

vn 1.44382e-15 1 -2.06482e-16
f 4642/9247/804 4645/9242/804 4644/9241/804 4643/9248/804 

usemtl FrontColor
vt -3465.37 98.5273
vt -3504.74 98.5273
vt -3504.74 -68.8976
vt -3465.37 -68.8976
f 368/9638/7 367/9639/7 4645/9640/7 4642/9641/7 

usemtl _4
vt 73.9963 -1
vn 0 -3.60652e-16 -1
vt 72.9963 -1
vt 72.9963 -1.89
vt 73.9963 -1.89
f 2969/9642/805 2968/9643/805 4638/9644/805 4640/9645/805 

vn 0 1 -3.60652e-16
f 4640/9282/806 4638/7940/806 4637/7939/806 4641/9283/806 

vt -72.9963 -1
vn 0 3.60652e-16 1
vt -73.9963 -1.89
vt -72.9963 -1.89
f 4636/9646/807 4639/9331/807 4641/9647/807 4637/9648/807 

vt 73.9963 13
vt 73.9963 1
vt 78.0774 1
vt 78.0774 13
f 4610/9649/5 72/9650/5 99/9651/5 4611/9652/5 

vt 18.3648 1
vt 18.3648 13
f 99/9328/164 98/9653/164 4612/9654/164 4611/9323/164 

vt 55.9989 1
vn 0.85677 -7.45667e-19 -0.515699
vt 56.2389 1
vt 56.2389 13
vt 55.9989 13
f 98/9655/808 97/9656/808 4613/9657/808 4612/9658/808 

vt 78.2012 1
vt 78.4312 1
vt 78.4312 13
vt 78.2012 13
f 97/9659/165 96/9660/165 4614/9661/165 4613/9662/165 

vt 60.046 1
vn 0.820776 -7.5183e-19 -0.57125
vt 60.516 1
vt 60.516 13
vt 60.046 13
f 96/9663/809 95/9664/809 4615/9665/809 4614/9666/809 

vt 78.6997 1
vt 78.9997 1
vt 78.9997 13
vt 78.6997 13
f 95/9667/165 94/9668/165 4616/9669/165 4615/9670/165 

vt 18.9562 1
vt 29.0462 1
vt 29.0462 13
vt 18.9562 13
f 94/9671/164 93/9672/164 4617/9673/164 4616/9674/164 

vt -72.1886 1
vn 0.18668 3.69067e-19 0.982421
vt -71.7767 1
vt -71.7767 13
vt -72.1886 13
f 93/9675/810 92/9676/810 4618/9677/810 4617/9678/810 

vt -33.8241 1
vn 0.717737 -7.68394e-20 0.696314
vt -33.6541 1
vt -33.6541 13
vt -33.8241 13
f 92/9679/811 91/9680/811 4619/9681/811 4618/9682/811 

vt 29.2451 1
vt 29.4648 1
vt 29.4648 13
vt 29.2451 13
f 91/9683/164 90/9684/164 4620/9685/164 4619/9686/164 

vt -54.5881 1
vn 0.481571 1.47123e-19 0.876407
vt -54.1381 1
vt -54.1381 13
vt -54.5881 13
f 90/9687/812 89/9688/812 4621/9689/812 4620/9690/812 

vt -21.6963 1
vn 0.810374 -1.83993e-19 0.585913
vt -21.5263 1
vt -21.5263 13
vt -21.6963 13
f 89/9691/813 88/9692/813 4622/9693/813 4621/9694/813 

vt 29.8193 1
vt 29.9893 1
vt 29.9893 13
vt 29.8193 13
f 88/9695/164 87/9696/164 4623/9697/164 4622/9698/164 

vt -77.9827 1
vt -72.0227 1
vt -72.0227 13
vt -77.9827 13
f 87/9699/185 86/9700/185 4624/9701/185 4623/9702/185 

vt -29.9893 1
vt -29.5893 1
vt -29.5893 13
vt -29.9893 13
f 86/9703/169 85/9704/169 4625/9705/169 4624/9706/169 

vt -75.7617 1
vn -0.583236 7.31548e-19 0.812303
vt -75.3517 1
vt -75.3517 13
vt -75.7617 13
f 85/9707/814 84/9708/814 4626/9709/814 4625/9710/814 

vt -76.0424 1
vn -0.195382 5.89109e-19 0.980727
vt -75.6324 1
vt -75.6324 13
vt -76.0424 13
f 84/9711/815 83/9712/815 4627/9713/815 4626/9714/815 

vt -61.2297 1
vn -0.863486 7.4405e-19 0.504373
vt -60.9197 1
vt -60.9197 13
vt -61.2297 13
f 83/9715/816 82/9716/816 4628/9717/816 4627/9718/816 

vt -71.1312 1
vt -71.0112 1
vt -71.0112 13
vt -71.1312 13
f 82/9719/185 81/9720/185 4629/9721/185 4628/9722/185 

vt -29.0023 1
vt -19.0123 1
vt -19.0123 13
vt -29.0023 13
f 81/9723/169 80/9724/169 4630/9725/169 4629/9726/169 

vt 71.0112 1
vt 71.3581 1
vt 71.3581 13
vt 71.0112 13
f 80/9727/165 79/9728/165 4631/9729/165 4630/9730/165 

vt 38.4253 1
vn -0.691214 4.87204e-20 -0.72265
vt 38.7953 1
vt 38.7953 13
vt 38.4253 13
f 79/9731/817 78/9732/817 4632/9733/817 4631/9734/817 

vt 3.65039 1
vn -0.953714 4.05325e-19 -0.300714
vt 3.92039 1
vt 3.92039 13
vt 3.65039 13
f 78/9735/818 77/9736/818 4633/9737/818 4632/9738/818 

vt 71.7067 1
vt 71.8067 1
vt 71.8067 13
vt 71.7067 13
f 77/9739/165 76/9740/165 4634/9741/165 4633/9742/165 

vt 36.5796 1
vn -0.719279 7.85041e-20 -0.694721
vt 36.7696 1
vt 36.7696 13
vt 36.5796 13
f 76/9743/819 75/9744/819 4635/9745/819 4634/9746/819 

vt -4.2874 1
vn -0.981599 4.74734e-19 -0.190956
vt -3.9274 1
vt -3.9274 13
vt -4.2874 13
f 75/9747/820 74/9748/820 3731/9749/820 4635/9750/820 

vt -72.9963 13
vt -67 -1
vt -67 -2.16573e-15
vt -67 13
f 3733/9751/7 2968/9646/7 2967/9752/7 3079/9753/7 3081/9754/7 

vt -103.985 13
vn -2.99207e-45 4.85519e-19 1
vt -103.985 6
vt -98.0089 6
vt -98.0089 13
f 2269/9755/821 1416/9756/821 1415/9757/821 3734/9758/821 

vt -45.5958 6
vt -45.5958 13
f 3734/3109/169 1415/3108/169 1414/9759/169 3735/9760/169 

vt -107.599 13
vn -0.506712 7.11495e-19 0.862116
vt -107.599 6
vt -106.989 6
vt -106.989 13
f 3735/9761/822 1414/9762/822 1413/9763/822 3736/9764/822 

vt -97.483 13
vt -97.483 6
vt -97.263 6
vt -97.263 13
f 3736/9765/185 1413/9766/185 1412/9767/185 3737/9768/185 

vt -97.8703 13
vn -0.756477 7.54847e-19 0.65402
vt -97.8703 6
vt -97.5003 6
vt -97.5003 13
f 3737/9769/823 1412/9770/823 1411/9771/823 3738/9772/823 

vt -45.0068 13
vt -45.0068 6
vt -35.0168 6
vt -35.0168 13
f 3738/9773/169 1411/9774/169 1410/9775/169 3739/9776/169 

vt 97.021 13
vt 97.021 6
vt 97.351 6
vt 97.351 13
f 3739/9777/165 1410/9778/165 1409/9779/165 3740/9780/165 

vt 38.8506 13
vn -0.745009 1.06811e-19 -0.667055
vt 38.8506 6
vt 39.7206 6
vt 39.7206 13
f 3740/9781/824 1409/9782/824 1408/9783/824 3741/9784/824 

vt -8.08304 13
vn -0.966504 4.34111e-19 -0.256653
vt -8.08304 6
vt -7.69304 6
vt -7.69304 13
f 3741/9785/825 1408/9786/825 1407/9787/825 3742/9788/825 

vt 98.0314 13
vt 98.0314 6
vt 125.041 6
vt 125.041 13
f 3742/9789/165 1407/9790/165 1406/9791/165 3743/9792/165 

vt 33.9917 13
vt 33.9917 6
vt 34.3617 6
vt 34.3617 13
f 3743/9793/164 1406/9794/164 1405/9795/164 3744/9796/164 

vt 100.868 13
vn 0.812104 -7.52771e-19 -0.583512
vt 100.868 6
vt 101.128 6
vt 101.128 13
f 3744/9797/826 1405/9798/826 1404/9799/826 3745/9800/826 

vt 125.193 13
vt 125.193 6
vt 125.423 6
vt 125.423 13
f 3745/9801/165 1404/9802/165 1403/9803/165 3746/9804/165 

vt 99.2906 13
vn 0.825757 -7.51202e-19 -0.564026
vt 99.2906 6
vt 99.7406 6
vt 99.7406 13
f 3746/9805/827 1403/9806/827 1402/9807/827 3747/9808/827 

vt 125.677 13
vt 125.677 6
vt 126.047 6
vt 126.047 13
f 3747/9809/165 1402/9810/165 1401/9811/165 3748/9812/165 

vt 34.9444 13
vt 34.9444 6
vt 35.3544 6
vt 35.3544 13
f 3748/9813/164 1401/9814/164 1400/9815/164 3749/9816/164 

vt 104.168 13
vn 0.798057 -7.53909e-19 -0.602582
vt 104.168 6
vt 104.428 6
vt 104.428 13
f 3749/9817/828 1400/9818/828 1399/9819/828 3750/9820/828 

vt 126.204 13
vt 126.204 6
vt 126.404 6
vt 126.404 13
f 3750/9821/165 1399/9822/165 1398/9823/165 3751/9824/165 

vt 105.711 13
vn 0.789068 -7.54405e-19 -0.614305
vt 105.711 6
vt 106.201 6
vt 106.201 13
f 3751/9825/829 1398/9826/829 1397/9827/829 3752/9828/829 

vt 126.705 13
vt 126.705 6
vt 127.005 6
vt 127.005 13
f 3752/9829/165 1397/9830/165 1396/9831/165 3753/9832/165 

vt 35.9485 13
vt 35.9485 6
vt 44.0185 6
vt 44.0185 13
f 3753/9833/164 1396/9834/164 1395/9835/164 3754/9836/164 

vt -113.684 13
vn 0.227178 3.41496e-19 0.973853
vt -113.684 6
vt -113.274 6
vt -113.274 13
f 3754/9837/830 1395/9838/830 1394/9839/830 3755/9840/830 

vt -58.1436 13
vn 0.708208 -6.66262e-20 0.706004
vt -58.1436 6
vt -57.9236 6
vt -57.9236 13
f 3755/9841/831 1394/9842/831 1393/9843/831 3756/9844/831 

vt 44.2675 6
vt 44.4775 6
vt 44.4775 13
f 3756/4450/164 1393/9845/164 1392/9846/164 3757/9847/164 

vt -89.2646 13
vn 0.482781 1.46101e-19 0.875741
vt -89.2646 6
vt -88.7546 6
vt -88.7546 13
f 3757/9848/832 1392/9849/832 1391/9850/832 3758/9851/832 

vt 44.7237 13
vt 44.7237 6
vt 45.0189 6
vt 45.0189 13
f 3758/9852/164 1391/9853/164 1390/9854/164 3759/9855/164 

vt -103.177 13
vn 0.340151 2.59931e-19 0.940371
vt -103.177 6
vt -102.537 6
vt -102.537 13
f 3759/9856/833 1390/9857/833 1389/9858/833 3760/9859/833 

vt 45.2366 13
vt 45.2366 6
vt 45.4566 6
vt 45.4566 13
f 3760/9860/164 1389/9861/164 1388/9862/164 3761/9863/164 

vt -67.1295 13
vn 0.640891 2.21054e-21 0.767632
vt -67.1295 6
vt -66.5895 6
vt -66.5895 13
f 3761/9864/834 1388/9865/834 1387/9866/834 3762/9867/834 

vt 45.8027 13
vt 45.8027 6
f 3762/9868/164 1387/9869/164 1386/3170/164 3763/3169/164 

vt -124.987 13
vt -124.987 6
vt -120.997 6
f 3763/9870/185 1386/9871/185 1385/9872/185 2283/3176/185 

vt 11.9928 13
vt 11.9928 8.5
vt 15.8784 8.5
vt 15.8784 13
f 2617/9873/165 1580/9874/165 1579/9875/165 3764/9876/165 

vt 9.8677 13
vn -0.109537 -4.19275e-19 -0.993983
vt 9.8677 8.5
v -16.2938 8.5 -53.9554
vt 10.2856 8.5
vt 10.2856 13
f 3764/9877/835 1579/9878/835 4646/9879/835 3765/9880/835 

vt -26.3031 13
vn -0.702435 6.04993e-20 -0.711748
vt -26.3031 8.5
vt -26.0531 8.5
vt -26.0531 13
f 3765/9881/836 4646/9882/836 1577/9883/836 3766/9884/836 

vt 54.0026 13
vn 0.836146 -7.49673e-19 -0.548507
vt 54.0026 8.5
vt 54.2826 8.5
vt 54.2826 13
f 3766/9885/837 1577/9886/837 1576/9887/837 3767/9888/837 

vt 16.6253 13
vt 16.6253 8.5
v -16.8553 8.5 -54.0139
vt 16.8553 8.5
vt 16.8553 13
f 3767/9889/165 1576/9890/165 4647/9891/165 3768/9892/165 

vt -19.8184 13
vn -0.613371 -2.888e-20 -0.789795
vt -19.8184 8.5
vt -19.5884 8.5
vt -19.5884 13
f 3768/9893/838 4647/9894/838 1574/9895/838 3769/9896/838 

vt 56.0956 13
vn 0.910465 -7.27129e-19 -0.413585
vt 56.0956 8.5
vt 56.2556 8.5
vt 56.2556 13
f 3769/9897/839 1574/9898/839 1573/9899/839 3770/9900/839 

vt 17.1031 13
vt 17.1031 8.5
vt 17.3631 8.5
vt 17.3631 13
f 3770/9901/165 1573/9902/165 1572/9903/165 3771/9904/165 

vt -23.3013 13
vn -0.669979 2.6865e-20 -0.74238
vt -23.3013 8.5
vt -23.1213 8.5
vt -23.1213 13
f 3771/9905/840 1572/9906/840 1571/9907/840 3772/9908/840 

vt -47.2468 13
vn -0.963501 4.2701e-19 -0.267704
vt -47.2468 8.5
vt -47.1068 8.5
vt -47.1068 13
f 3772/9909/841 1571/9910/841 1570/9911/841 3773/9912/841 

vt 17.5342 13
vt 17.5342 8.5
v -17.6442 8.5 -53.763
vt 17.6442 8.5
vt 17.6442 13
f 3773/9913/165 1570/9914/165 4648/9915/165 3774/9916/165 

vt -45.6182 13
vn -0.95049 3.98585e-19 -0.310756
vt -45.6182 8.5
vt -45.3582 8.5
vt -45.3582 13
f 3774/9917/842 4648/9918/842 1568/9919/842 3775/9920/842 

vt 17.725 13
vt 17.725 8.5
vt 17.805 8.5
vt 17.805 13
f 3775/9921/165 1568/9922/165 1567/9923/165 3776/9924/165 

vt -28.365 13
vn -0.750067 1.12499e-19 -0.661362
vt -28.365 8.5
vt -28.185 8.5
vt -28.185 13
f 3776/9925/843 1567/9926/843 1566/9927/843 3777/9928/843 

vn -0.957953 4.14471e-19 -0.286925
vt -45.9936 8.5
vt -45.7436 8.5
vt -45.7436 13
f 3777/4186/844 1566/9929/844 1565/9930/844 3778/9931/844 

vt 17.9958 13
vt 17.9958 8.5
vt 18.0779 8.5
vt 18.0779 13
f 3778/9932/165 1565/9933/165 1564/9934/165 3779/9935/165 

vt 53.1414 13
vt 53.1414 8.5
vt 53.3814 8.5
vt 53.3814 13
f 3779/9936/164 1564/9937/164 1563/9938/164 3780/9939/164 

vt 56.3139 13
vn 0.933506 -7.13734e-19 -0.358562
vt 56.3139 8.5
vt 56.5439 8.5
vt 56.5439 13
f 3780/9940/845 1563/9941/845 1562/9942/845 3781/9943/845 

vt 18.1603 13
vt 18.1603 8.5
vt 18.4203 8.5
vt 18.4203 13
f 3781/9944/165 1562/9945/165 1561/9946/165 3782/9947/165 

vt 54.5083 13
vn 0.820603 -7.51851e-19 -0.571499
vt 54.5083 8.5
vt 54.9583 8.5
vt 54.9583 13
f 3782/9948/846 1561/9949/846 1560/9950/846 3783/9951/846 

vt 18.6775 13
vt 18.6775 8.5
vt 18.7875 8.5
vt 18.7875 13
f 3783/9952/165 1560/9953/165 1559/9954/165 3784/9955/165 

vt -28.0576 13
vn -0.750138 1.12578e-19 -0.661282
vt -28.0576 8.5
vt -27.7876 8.5
vt -27.7876 13
f 3784/9956/847 1559/9957/847 1558/9958/847 3785/9959/847 

vt 55.7423 13
vn 0.852299 -7.46654e-19 -0.523054
vt 55.7423 8.5
vt 56.0423 8.5
vt 56.0423 13
f 3785/9960/848 1558/9961/848 1557/9962/848 3786/9963/848 

vt 19.123 13
vt 19.123 8.5
vt 19.363 8.5
vt 19.363 13
f 3786/9964/165 1557/9965/165 1556/9966/165 3787/9967/165 

vt -23.1341 13
vn -0.688294 4.5681e-20 -0.725432
vt -23.1341 8.5
vt -22.7641 8.5
vt -22.7641 13
f 3787/9968/849 1556/9969/849 1555/9970/849 3788/9971/849 

vt -44.5826 13
vn -0.946771 3.91021e-19 -0.321908
vt -44.5826 8.5
vt -44.3226 8.5
vt -44.3226 13
f 3788/9972/850 1555/9973/850 1554/9974/850 3789/9975/850 

vt 19.7151 13
vt 19.7151 8.5
vt 19.8151 8.5
vt 19.8151 13
f 3789/9976/165 1554/9977/165 1553/9978/165 3790/9979/165 

vt -31.7514 13
vn -0.810274 1.83868e-19 -0.586051
vt -31.7514 8.5
vt -31.5714 8.5
vt -31.5714 13
f 3790/9980/851 1553/9981/851 1552/9982/851 3791/9983/851 

vt 19.9206 13
vt 19.9206 8.5
vt 20.0801 8.5
vt 20.0801 13
f 3791/9984/165 1552/9985/165 1551/9986/165 3792/9987/165 

vt 56.6064 13
vn 0.886537 -7.37122e-19 -0.462657
vt 56.6064 8.5
vt 56.8464 8.5
vt 56.8464 13
f 3792/9988/852 1551/9989/852 1550/9990/852 3793/9991/852 

vt 20.1911 13
vt 20.1911 8.5
vt 20.4111 8.5
vt 20.4111 13
f 3793/9992/165 1550/9993/165 1549/9994/165 3794/9995/165 

vt 54.3262 13
vn 0.771483 -7.54893e-19 -0.63625
vt 54.3262 8.5
vt 54.7962 8.5
vt 54.7962 13
f 3794/9996/853 1549/9997/853 1548/9998/853 3795/9999/853 

vt 29.8658 13
vn 0.175686 -5.79528e-19 -0.984446
vt 29.8658 8.5
v -21.104 8.5 -54.0175
vt 30.2658 8.5
vt 30.2658 13
f 3795/10000/854 1548/10001/854 4649/10002/854 3796/10003/854 

vt 21.104 13
vt 21.104 8.5
vt 21.374 8.5
vt 21.374 13
f 3796/10004/165 4649/10005/165 1546/10006/165 3797/10007/165 

vt -20.9728 13
vn -0.678815 3.5892e-20 -0.734309
vt -20.9728 8.5
vt -20.7728 8.5
vt -20.7728 13
f 3797/10008/855 1546/10009/855 1545/10010/855 3798/10011/855 

vt -53.8817 13
vt -53.8817 8.5
vt -53.7817 8.5
vt -53.7817 13
f 3798/10012/169 1545/10013/169 1544/10014/169 3799/10015/169 

vt 21.5208 13
vt 21.5208 8.5
vt 21.6408 8.5
vt 21.6408 13
f 3799/10016/165 1544/10017/165 1543/10018/165 3800/10019/165 

vt -45.8252 13
vn -0.96197 4.23479e-19 -0.273154
vt -45.8252 8.5
vt -45.5493 8.5
vt -45.5493 13
f 3800/10020/856 1543/10021/856 1542/10022/856 3801/10023/856 

vt 21.7162 13
vt 21.7162 8.5
vt 21.8262 8.5
vt 21.8262 13
f 3801/10024/165 1542/10025/165 1541/10026/165 3802/10027/165 

vt -28.478 13
vn -0.784863 1.52856e-19 -0.619669
vt -28.478 8.5
vt -28.288 8.5
vt -28.288 13
f 3802/10028/857 1541/10029/857 1540/10030/857 3803/10031/857 

vt -44.9369 13
vn -0.958818 4.1638e-19 -0.284021
vt -44.9369 8.5
vt -44.6669 8.5
vt -44.6669 13
f 3803/10032/858 1540/10033/858 1539/10034/858 3804/10035/858 

vt -53.1083 13
vt -53.1083 8.5
vt -52.0083 8.5
vt -52.0083 13
f 3804/10036/169 1539/10037/169 1538/10038/169 3805/10039/169 

vt 22.0206 13
vt 22.0206 8.5
vt 22.3606 8.5
vt 22.3606 13
f 3805/10040/165 1538/10041/165 1537/10042/165 3806/10043/165 

vt -18.864 13
vn -0.678534 3.56026e-20 -0.734569
vt -18.864 8.5
vt -18.504 8.5
vt -18.504 13
f 3806/10044/859 1537/10045/859 1536/10046/859 3807/10047/859 

vt -25.1389 13
vn -0.766405 1.31171e-19 -0.642357
vt -25.1389 8.5
vt -24.6489 8.5
vt -24.6489 13
f 3807/10048/860 1536/10049/860 1535/10050/860 3808/10051/860 

vt -48.8772 13
vn -0.995131 5.27414e-19 -0.0985659
vt -48.8772 8.5
vt -48.5072 8.5
vt -48.5072 13
f 3808/10052/861 1535/10053/861 1534/10054/861 3809/10055/861 

vt 22.9763 13
vt 22.9763 8.5
v -23.3512 8.5 -51.0203
vt 23.3512 8.5
vt 23.3512 13
f 3809/10056/165 1534/10057/165 4650/10058/165 3810/10059/165 

vt -20.6064 13
vn -0.721021 8.03886e-20 -0.692913
vt -20.6064 8.5
vt -20.0764 8.5
vt -20.0764 13
f 3810/10060/862 4650/10061/862 1532/10062/862 3811/10063/862 

vt -50.6382 13
vt -50.6382 8.5
vt -50.4945 8.5
vt -50.4945 13
f 3811/10064/169 1532/10065/169 1531/10066/169 3812/10067/169 

vt 23.7184 13
vt 23.7184 8.5
vt 23.8184 8.5
vt 23.8184 13
f 3812/10068/165 1531/10069/165 1530/10070/165 3813/10071/165 

vt -23.8667 13
vn -0.772308 1.38034e-19 -0.635249
vt -23.8667 8.5
vt -23.6867 8.5
vt -23.6867 13
f 3813/10072/863 1530/10073/863 1529/10074/863 3814/10075/863 

vt 23.9327 13
vt 23.9327 8.5
vt 24.0527 8.5
vt 24.0527 13
f 3814/10076/165 1529/10077/165 1528/10078/165 3815/10079/165 

vt 55.8049 13
vn 0.901074 -7.31449e-19 -0.433666
vt 55.8049 8.5
vt 56.0649 8.5
vt 56.0649 13
f 3815/10080/864 1528/10081/864 1527/10082/864 3816/10083/864 

vt 24.1655 13
vt 24.1655 8.5
vt 24.4155 8.5
vt 24.4155 13
f 3816/10084/165 1527/10085/165 1526/10086/165 3817/10087/165 

vt 54.6582 13
vn 0.776044 -7.54825e-19 -0.630679
vt 54.6582 8.5
vt 55.1282 8.5
vt 55.1282 13
f 3817/10088/865 1526/10089/865 1525/10090/865 3818/10091/865 

vt 24.7119 13
vt 24.7119 8.5
vt 25.0419 8.5
vt 25.0419 13
f 3818/10092/165 1525/10093/165 1524/10094/165 3819/10095/165 

vt 50.9545 13
vt 50.9545 8.5
vt 51.3745 8.5
vt 51.3745 13
f 3819/10096/164 1524/10097/164 1523/10098/164 3820/10099/164 

vt 56.9586 13
vn 0.859757 -7.44968e-19 -0.510703
vt 56.9586 8.5
vt 57.2186 8.5
vt 57.2186 13
f 3820/10100/866 1523/10101/866 1522/10102/866 3821/10103/866 

vt 25.1747 13
vt 25.1747 8.5
vt 25.4247 8.5
vt 25.4247 13
f 3821/10104/165 1522/10105/165 1521/10106/165 3822/10107/165 

vt 56.4261 13
vn 0.794061 -7.54151e-19 -0.607838
vt 56.4261 8.5
vt 56.8761 8.5
vt 56.8761 13
f 3822/10108/867 1521/10109/867 1520/10110/867 3823/10111/867 

vt 25.6982 13
vt 25.6982 8.5
vt 25.7982 8.5
vt 25.7982 13
f 3823/10112/165 1520/10113/165 1519/10114/165 3824/10115/165 

vt -16.5149 13
vn -0.681327 3.84753e-20 -0.731979
vt -16.5149 8.5
vt -16.2749 8.5
vt -16.2749 13
f 3824/10116/868 1519/10117/868 1518/10118/868 3825/10119/868 

vt 57.2943 13
vn 0.817193 -7.52242e-19 -0.576365
vt 57.2943 8.5
vt 57.5643 8.5
vt 57.5643 13
f 3825/10120/869 1518/10121/869 1517/10122/869 3826/10123/869 

vt 26.1295 13
vt 26.1295 8.5
vt 26.3695 8.5
vt 26.3695 13
f 3826/10124/165 1517/10125/165 1516/10126/165 3827/10127/165 

vt -17.5288 13
vn -0.699379 5.72756e-20 -0.714751
vt -17.5288 8.5
vt -17.1588 8.5
vt -17.1588 13
f 3827/10128/870 1516/10129/870 1515/10130/870 3828/10131/870 

vt -27.0902 13
vn -0.818847 1.9467e-19 -0.574011
vt -27.0902 8.5
vt -26.5702 8.5
vt -26.5702 13
f 3828/10132/871 1515/10133/871 1514/10134/871 3829/10135/871 

vt 26.9325 13
vt 26.9325 8.5
vt 27.0425 8.5
vt 27.0425 13
f 3829/10136/165 1514/10137/165 1513/10138/165 3830/10139/165 

vt 57.8488 13
vn 0.846816 -7.47772e-19 -0.531887
vt 57.8488 8.5
vt 58.1388 8.5
vt 58.1388 13
f 3830/10140/872 1513/10141/872 1512/10142/872 3831/10143/872 

vt 27.1967 13
vt 27.1967 8.5
vt 27.3993 8.5
vt 27.3993 13
f 3831/10144/165 1512/10145/165 1511/10146/165 3832/10147/165 

vt 53.2127 13
vn 0.611369 -7.37636e-19 -0.791346
vt 53.2127 8.5
vt 53.4127 8.5
vt 53.4127 13
f 3832/10148/873 1511/10149/873 1510/10150/873 3833/10151/873 

vt 51.6958 13
vt 51.6958 8.5
vt 51.7958 8.5
vt 51.7958 13
f 3833/10152/164 1510/10153/164 1509/10154/164 3834/10155/164 

vt 57.5428 13
vn 0.774211 -7.54857e-19 -0.632927
vt 57.5428 8.5
vt 57.7628 8.5
vt 57.7628 13
f 3834/10156/874 1509/10157/874 1508/10158/874 3835/10159/874 

vt 27.6968 13
vt 27.6968 8.5
vt 27.8069 8.5
vt 27.8069 13
f 3835/10160/165 1508/10161/165 1507/10162/165 3836/10163/165 

vt 1.30501 13
vn -0.45216 -1.71665e-19 -0.891937
vt 1.30501 8.5
vt 1.52501 8.5
vt 1.52501 13
f 3836/10164/875 1507/10165/875 1506/10166/875 3837/10167/875 

vt 54.9446 13
vn 0.992248 -6.33939e-19 -0.124272
vt 54.9446 8.5
vt 55.4546 8.5
vt 55.4546 13
f 3837/10168/876 1506/10169/876 1505/10170/876 3838/10171/876 

vt 59.2353 13
vn 0.841565 -7.48751e-19 -0.540155
vt 59.2353 8.5
vt 59.4953 8.5
vt 59.4953 13
f 3838/10172/877 1505/10173/877 1504/10174/877 3839/10175/877 

vt 28.2069 13
vt 28.2069 8.5
vt 28.4172 8.5
vt 28.4172 13
f 3839/10176/165 1504/10177/165 1503/10178/165 3840/10179/165 

vt 59.2345 13
vn 0.807834 -7.53166e-19 -0.589411
vt 59.2345 8.5
vt 59.6845 8.5
vt 59.6845 13
f 3840/10180/878 1503/10181/878 1502/10182/878 3841/10183/878 

vt 33.6852 13
vn 0.0970283 -5.39318e-19 -0.995282
vt 33.6852 8.5
vt 34.0552 8.5
vt 34.0552 13
f 3841/10184/879 1502/10185/879 1501/10186/879 3842/10187/879 

vt 52.9909 13
vt 52.9909 8.5
vt 53.3809 8.5
vt 53.3809 13
f 3842/10188/164 1501/10189/164 1500/10190/164 3843/10191/164 

vt 60.3001 13
vn 0.811934 -7.52787e-19 -0.583749
vt 60.3001 8.5
vt 60.5601 8.5
vt 60.5601 13
f 3843/10192/880 1500/10193/880 1499/10194/880 3844/10195/880 

vt 29.2025 13
vt 29.2025 8.5
vt 29.4093 8.5
vt 29.4093 13
f 3844/10196/165 1499/10197/165 1498/10198/165 3845/10199/165 

vt 60.7092 13
vn 0.814199 -7.52561e-19 -0.580586
vt 60.7092 8.5
vt 61.1692 8.5
vt 61.1692 13
f 3845/10200/881 1498/10201/881 1497/10202/881 3846/10203/881 

vt 29.6763 13
vt 29.6763 8.5
vt 29.7963 8.5
vt 29.7963 13
f 3846/10204/165 1497/10205/165 1496/10206/165 3847/10207/165 

vt -17.4434 13
vn -0.711306 6.99319e-20 -0.702883
vt -17.4434 8.5
vt -17.2034 8.5
vt -17.2034 13
f 3847/10208/882 1496/10209/882 1495/10210/882 3848/10211/882 

vt 61.4328 13
vn 0.838115 -7.49349e-19 -0.545494
vt 61.4328 8.5
vt 61.7028 8.5
vt 61.7028 13
f 3848/10212/883 1495/10213/883 1494/10214/883 3849/10215/883 

vt 30.1123 13
vt 30.1123 8.5
vt 30.3623 8.5
vt 30.3623 13
f 3849/10216/165 1494/10217/165 1493/10218/165 3850/10219/165 

vt -13.2956 13
vn -0.665577 2.24026e-20 -0.74633
vt -13.2956 8.5
vt -12.9256 8.5
vt -12.9256 13
f 3850/10220/884 1493/10221/884 1492/10222/884 3851/10223/884 

vt -33.0918 13
vn -0.882898 2.82407e-19 -0.469565
vt -33.0918 8.5
vt -32.9318 8.5
vt -32.9318 13
f 3851/10224/885 1492/10225/885 1491/10226/885 3852/10227/885 

vt -53.6346 13
vt -53.6346 8.5
vt -53.5046 8.5
vt -53.5046 13
f 3852/10228/169 1491/10229/169 1490/10230/169 3853/10231/169 

vt 30.7136 13
vt 30.7136 8.5
vt 30.8136 8.5
vt 30.8136 13
f 3853/10232/165 1490/10233/165 1489/10234/165 3854/10235/165 

vt -26.1987 13
vn -0.819606 1.95634e-19 -0.572928
vt -26.1987 8.5
vt -25.7787 8.5
vt -25.7787 13
f 3854/10236/886 1489/10237/886 1488/10238/886 3855/10239/886 

vt 53.1603 13
vt 53.1603 8.5
vt 53.3703 8.5
vt 53.3703 13
f 3855/10240/164 1488/10241/164 1487/10242/164 3856/10243/164 

vt 61.5581 13
vn 0.822311 -7.51644e-19 -0.569039
vt 61.5581 8.5
vt 61.8281 8.5
vt 61.8281 13
f 3856/10244/887 1487/10245/887 1486/10246/887 3857/10247/887 

vt 31.2078 13
vt 31.2078 8.5
vt 31.4263 8.5
vt 31.4263 13
f 3857/10248/165 1486/10249/165 1485/10250/165 3858/10251/165 

vt 62.1038 13
vn 0.84852 -7.47435e-19 -0.529164
vt 62.1038 8.5
vt 62.3538 8.5
vt 62.3538 13
f 3858/10252/888 1485/10253/888 1484/10254/888 3859/10255/888 

vt 59.99 13
vn 0.690953 -7.5041e-19 -0.7229
vt 59.99 8.5
vt 60.21 8.5
vt 60.21 13
f 3859/10256/889 1484/10257/889 1483/10258/889 3860/10259/889 

vt 31.7176 13
vt 31.7176 8.5
vt 31.7991 8.5
vt 31.7991 13
f 3860/10260/165 1483/10261/165 1482/10262/165 3861/10263/165 

vt -5.23153 13
vn -0.57792 -6.21421e-20 -0.816093
vt -5.23153 8.5
vt -4.99153 8.5
vt -4.99153 13
f 3861/10264/890 1482/10265/890 1481/10266/890 3862/10267/890 

vt 62.4109 13
vn 0.816093 -7.52362e-19 -0.57792
vt 62.4109 8.5
vt 62.6509 8.5
vt 62.6509 13
f 3862/10268/891 1481/10269/891 1480/10270/891 3863/10271/891 

vt 32.1336 13
vt 32.1336 8.5
vt 32.3826 8.5
vt 32.3826 13
f 3863/10272/165 1480/10273/165 1479/10274/165 3864/10275/165 

vt -27.5167 13
vn -0.837261 2.18524e-19 -0.546803
vt -27.5167 8.5
vt -27.2167 8.5
vt -27.2167 13
f 3864/10276/892 1479/10277/892 1478/10278/892 3865/10279/892 

vt 32.5466 13
vt 32.5466 8.5
vt 32.6366 8.5
vt 32.6366 13
f 3865/10280/165 1478/10281/165 1477/10282/165 3866/10283/165 

vt -41.4109 13
vn -0.953403 4.04667e-19 -0.3017
vt -41.4109 8.5
vt -41.1409 8.5
vt -41.1409 13
f 3866/10284/893 1477/10285/893 1476/10286/893 3867/10287/893 

vt 32.7181 13
vt 32.7181 8.5
vt 32.7981 8.5
vt 32.7981 13
f 3867/10288/165 1476/10289/165 1475/10290/165 3868/10291/165 

vt -11.324 13
vn -0.667875 2.47298e-20 -0.744273
vt -11.324 8.5
vt -11.144 8.5
vt -11.144 13
f 3868/10292/894 1475/10293/894 1474/10294/894 3869/10295/894 

vt -40.1069 13
vn -0.947864 3.93222e-19 -0.318676
vt -40.1069 8.5
vt -39.8169 8.5
vt -39.8169 13
f 3869/10296/895 1474/10297/895 1473/10298/895 3870/10299/895 

vt -53.11 13
vt -53.11 8.5
vt -52.01 8.5
vt -52.01 13
f 3870/10300/169 1473/10301/169 1472/10302/169 3871/10303/169 

vt 33.0244 13
vt 33.0244 8.5
vt 33.365 8.5
vt 33.365 13
f 3871/10304/165 1472/10305/165 1471/10306/165 3872/10307/165 

vt -11.3013 13
vn -0.684788 4.20476e-20 -0.728742
vt -11.3013 8.5
vt -10.9313 8.5
vt -10.9313 13
f 3872/10308/896 1471/10309/896 1470/10310/896 3873/10311/896 

vt -38.6731 13
vn -0.950044 3.97667e-19 -0.312117
vt -38.6731 8.5
vt -38.4231 8.5
vt -38.4231 13
f 3873/10312/897 1470/10313/897 1469/10314/897 3874/10315/897 

vt 33.7127 13
vt 33.7127 8.5
vt 33.8027 8.5
vt 33.8027 13
f 3874/10316/165 1469/10317/165 1468/10318/165 3875/10319/165 

vt -13.9007 13
vn -0.723057 8.25968e-20 -0.690789
vt -13.9007 8.5
vt -13.7107 8.5
vt -13.7107 13
f 3875/10320/898 1468/10321/898 1467/10322/898 3876/10323/898 

vt -42.0832 13
vn -0.972592 4.49349e-19 -0.232517
vt -42.0832 8.5
vt -41.7032 8.5
vt -41.7032 13
f 3876/10324/899 1467/10325/899 1466/10326/899 3877/10327/899 

vt 34.0223 13
vt 34.0223 8.5
vt 45.0623 8.5
vt 45.0623 13
f 3877/10328/165 1466/10329/165 1465/10330/165 3878/10331/165 

vt 51.0121 13
vt 51.0121 8.5
vt 51.3721 8.5
vt 51.3721 13
f 3878/10332/164 1465/10333/164 1464/10334/164 3879/10335/164 

vt 67.9429 13
vn 0.818015 -7.52151e-19 -0.575198
vt 67.9429 8.5
vt 68.2029 8.5
vt 68.2029 13
f 3879/10336/900 1464/10337/900 1463/10338/900 3880/10339/900 

vt 45.2119 13
vt 45.2119 8.5
vt 45.4019 8.5
vt 45.4019 13
f 3880/10340/165 1463/10341/165 1462/10342/165 3881/10343/165 

vt 67.3878 13
vn 0.606697 -7.36677e-19 -0.794933
vt 67.3878 8.5
vt 67.5978 8.5
vt 67.5978 13
f 3881/10344/901 1462/10345/901 1461/10346/901 3882/10347/901 

vt 51.7122 13
vt 51.7122 8.5
vt 51.8022 8.5
vt 51.8022 13
f 3882/10348/164 1461/10349/164 1460/10350/164 3883/10351/164 

vt 68.7772 13
vn 0.800646 -7.53733e-19 -0.599138
vt 68.7772 8.5
vt 68.9772 8.5
vt 68.9772 13
f 3883/10352/902 1460/10353/902 1459/10354/902 3884/10355/902 

vt 45.6886 13
vt 45.6886 8.5
vt 45.8186 8.5
vt 45.8186 13
f 3884/10356/165 1459/10357/165 1458/10358/165 3885/10359/165 

vt -10.6806 13
vn -0.769103 1.343e-19 -0.639124
vt -10.6806 8.5
vt -10.4506 8.5
vt -10.4506 13
f 3885/10360/903 1458/10361/903 1457/10362/903 3886/10363/903 

vt 69.0201 13
vn 0.79868 -7.53868e-19 -0.601757
vt 69.0201 8.5
vt 69.3101 8.5
vt 69.3101 13
f 3886/10364/904 1457/10365/904 1456/10366/904 3887/10367/904 

vt 46.1401 13
vt 46.1401 8.5
vt 46.3601 8.5
vt 46.3601 13
f 3887/10368/165 1456/10369/165 1455/10370/165 3888/10371/165 

vt -7.6049 13
vn -0.742852 1.04398e-19 -0.669456
vt -7.6049 8.5
vt -7.0849 8.5
vt -7.0849 13
f 3888/10372/905 1455/10373/905 1454/10374/905 3889/10375/905 

vt -51.6308 13
vt -51.6308 8.5
vt -51.5008 8.5
vt -51.5008 13
f 3889/10376/169 1454/10377/169 1453/10378/169 3890/10379/169 

vt 46.7083 13
vt 46.7083 8.5
vt 46.8183 8.5
vt 46.8183 13
f 3890/10380/165 1453/10381/165 1452/10382/165 3891/10383/165 

vt -16.2658 13
vn -0.826967 2.05073e-19 -0.562251
vt -16.2658 8.5
vt -15.8258 8.5
vt -15.8258 13
f 3891/10384/906 1452/10385/906 1451/10386/906 3892/10387/906 

vt 51.1369 13
vt 51.1369 8.5
vt 51.3869 8.5
vt 51.3869 13
f 3892/10388/164 1451/10389/164 1450/10390/164 3893/10391/164 

vt 68.5116 13
vn 0.84838 -7.47463e-19 -0.529388
vt 68.5116 8.5
vt 68.7316 8.5
vt 68.7316 13
f 3893/10392/907 1450/10393/907 1449/10394/907 3894/10395/907 

vt 47.1821 13
vt 47.1821 8.5
vt 47.4021 8.5
vt 47.4021 13
f 3894/10396/165 1449/10397/165 1448/10398/165 3895/10399/165 

vt 69.9568 13
vn 0.769901 -7.54908e-19 -0.638164
vt 69.9568 8.5
vt 70.4368 8.5
vt 70.4368 13
f 3895/10400/908 1448/10401/908 1447/10402/908 3896/10403/908 

vt 54.3912 13
vn 0.137361 -5.60323e-19 -0.990521
vt 54.3912 8.5
vt 54.8312 8.5
vt 54.8312 13
f 3896/10404/909 1447/10405/909 1446/10406/909 3897/10407/909 

vt 48.1443 13
vt 48.1443 8.5
vt 48.3743 8.5
vt 48.3743 13
f 3897/10408/165 1446/10409/165 1445/10410/165 3898/10411/165 

vt -0.0336715 13
vn -0.681442 3.85938e-20 -0.731872
vt -0.0336715 8.5
vt 0.316329 8.5
vt 0.316329 13
f 3898/10412/910 1445/10413/910 1444/10414/910 3899/10415/910 

vt -20.1491 13
vn -0.863327 2.54061e-19 -0.504645
vt -20.1491 8.5
vt -19.9991 8.5
vt -19.9991 13
f 3899/10416/911 1444/10417/911 1443/10418/911 3900/10419/911 

vt -51.6356 13
vt -51.6356 8.5
vt -51.5156 8.5
vt -51.5156 13
f 3900/10420/169 1443/10421/169 1442/10422/169 3901/10423/169 

vt 48.7061 13
vt 48.7061 8.5
vt 48.8061 8.5
vt 48.8061 13
f 3901/10424/165 1442/10425/165 1441/10426/165 3902/10427/165 

vt -3.26519 13
vn -0.720432 7.97512e-20 -0.693525
vt -3.26519 8.5
vt -3.06519 8.5
vt -3.06519 13
f 3902/10428/912 1441/10429/912 1440/10430/912 3903/10431/912 

vt -42.7956 13
vn -0.986882 4.92116e-19 -0.161446
vt -42.7956 8.5
vt -42.4356 8.5
vt -42.4356 13
f 3903/10432/913 1440/10433/913 1439/10434/913 3904/10435/913 

vt 49.0029 13
vt 49.0029 8.5
vt 56.0829 8.5
vt 56.0829 13
f 3904/10436/165 1439/10437/165 1438/10438/165 3905/10439/165 

vt 51.0162 13
vt 51.0162 8.5
vt 51.3736 8.5
vt 51.3736 13
f 3905/10440/164 1438/10441/164 1437/10442/164 3906/10443/164 

vt 69.8058 13
vn 0.9127 -7.26015e-19 -0.408631
vt 69.8058 8.5
vt 70.0258 8.5
vt 70.0258 13
f 3906/10444/914 1437/10445/914 1436/10446/914 3907/10447/914 

vt 56.1728 13
vt 56.1728 8.5
vt 56.4128 8.5
vt 56.4128 13
f 3907/10448/165 1436/10449/165 1435/10450/165 3908/10451/165 

vt 76.0885 13
vn 0.741889 -7.54426e-19 -0.670523
vt 76.0885 8.5
vt 76.5685 8.5
vt 76.5685 13
f 3908/10452/915 1435/10453/915 1434/10454/915 3909/10455/915 

vt 24.4653 13
vn -0.484565 -1.44591e-19 -0.874755
vt 24.4653 8.5
vt 24.7353 8.5
vt 24.7353 13
f 3909/10456/916 1434/10457/916 1433/10458/916 3910/10459/916 

vt 75.9655 13
vn 0.784527 -7.5459e-19 -0.620094
vt 75.9655 8.5
vt 76.2355 8.5
vt 76.2355 13
f 3910/10460/917 1433/10461/917 1432/10462/917 3911/10463/917 

vt 57.1383 13
vt 57.1383 8.5
vt 57.3583 8.5
vt 57.3583 13
f 3911/10464/165 1432/10465/165 1431/10466/165 3912/10467/165 

vt 5.72788 13
vn -0.689069 4.64863e-20 -0.724696
vt 5.72788 8.5
vt 6.09788 8.5
vt 6.09788 13
f 3912/10468/918 1431/10469/918 1430/10470/918 3913/10471/918 

vt -19.5362 13
vn -0.888463 2.90778e-19 -0.458949
vt -19.5362 8.5
vt -19.3962 8.5
vt -19.3962 13
f 3913/10472/919 1430/10473/919 1429/10474/919 3914/10475/919 

vt -30.5306 13
vn -0.947752 3.92996e-19 -0.319008
vt -30.5306 8.5
vt -30.3806 8.5
vt -30.3806 13
f 3914/10476/920 1429/10477/920 1428/10478/920 3915/10479/920 

vt 57.7385 13
vt 57.7385 8.5
vt 57.8085 8.5
vt 57.8085 13
f 3915/10480/165 1428/10481/165 1427/10482/165 3916/10483/165 

vt 9.66304 13
vn -0.657877 1.46519e-20 -0.753125
vt 9.66304 8.5
vt 9.83304 8.5
vt 9.83304 13
f 3916/10484/921 1427/10485/921 1426/10486/921 3917/10487/921 

vt -37.0312 13
vn -0.974379 4.54075e-19 -0.224911
vt -37.0312 8.5
vt -36.6612 8.5
vt -36.6612 13
f 3917/10488/922 1426/10489/922 1425/10490/922 3918/10491/922 

vt 58.0198 13
vt 58.0198 8.5
vt 62.0198 8.5
vt 62.0198 13
f 3918/10492/165 1425/10493/165 1424/10494/165 3919/10495/165 

vt 51.0176 13
vt 51.0176 8.5
vt 51.3542 8.5
vt 51.3542 13
f 3919/10496/164 1424/10497/164 1423/10498/164 3920/10499/164 

vt 76.9992 13
vn 0.835187 -7.49827e-19 -0.549967
vt 76.9992 8.5
vt 77.2492 8.5
vt 77.2492 13
f 3920/10500/923 1423/10501/923 1422/10502/923 3921/10503/923 

vt 62.1573 13
vt 62.1573 8.5
vt 62.4173 8.5
vt 62.4173 13
f 3921/10504/165 1422/10505/165 1421/10506/165 3922/10507/165 

vt 76.9428 13
vn 0.84514 -7.48094e-19 -0.534545
vt 76.9428 8.5
vt 77.3928 8.5
vt 77.3928 13
f 3922/10508/924 1421/10509/924 1420/10510/924 3923/10511/924 

vt 62.6578 13
vt 62.6578 8.5
vt 63.0078 8.5
vt 63.0078 13
f 3923/10512/165 1420/10513/165 1419/10514/165 3924/10515/165 

vt 51.9434 13
vt 51.9434 8.5
vt 58.0734 8.5
vt 58.0734 13
f 3924/10516/164 1419/10517/164 1418/10518/164 3925/10519/164 

vt -49.1139 13
vn 0.214091 3.50499e-19 0.976814
vt -49.1139 8.5
vt -48.6606 8.5
vt -48.6606 13
f 3925/10520/925 1418/10521/925 1417/10522/925 3926/10523/925 

vt 5.14935 13
vn 0.772071 -1.37757e-19 0.635537
vt 5.14935 8.5
vt 5.34935 8.5
vt 5.34935 13
f 3926/10524/926 1417/10525/926 1994/10526/926 3927/10527/926 

vt 58.3248 13
vt 58.3248 8.5
vt 58.5348 8.5
vt 58.5348 13
f 3927/10528/164 1994/10529/164 1993/10530/164 3928/10531/164 

vt -26.7894 13
vn 0.478798 1.49463e-19 0.877925
vt -26.7894 8.5
vt -26.3794 8.5
vt -26.3794 13
f 3928/10532/927 1993/10533/927 1992/10534/927 3929/10535/927 

vt 38.2759 13
vn 0.957296 -4.13031e-19 0.289108
vt 38.2759 8.5
vt 38.5959 8.5
vt 38.5959 13
f 3929/10536/928 1992/10537/928 1991/10538/928 3930/10539/928 

vt -61.9854 13
vt -61.9854 8.5
vt -60.0854 8.5
vt -60.0854 13
f 3930/10540/185 1991/10541/185 1990/10542/185 3931/10543/185 

vt -27.0788 13
vn 0.450138 1.73331e-19 0.892959
vt -27.0788 8.5
vt -26.7988 8.5
vt -26.7988 13
f 3931/10544/929 1990/10545/929 1989/10546/929 3932/10547/929 

vt -59.8354 13
vt -59.8354 8.5
vt -59.5954 8.5
vt -59.5954 13
f 3932/10548/185 1989/10549/185 1988/10550/185 3933/10551/185 

vt 3.15029 13
vn 0.735604 -9.63451e-20 0.677412
vt 3.15029 8.5
vt 3.35029 8.5
vt 3.35029 13
f 3933/10552/930 1988/10553/930 1987/10554/930 3934/10555/930 

vt 59.3106 13
vt 59.3106 8.5
vt 59.5406 8.5
vt 59.5406 13
f 3934/10556/164 1987/10557/164 1986/10558/164 3935/10559/164 

vt -12.1987 13
vn 0.596583 4.47787e-20 0.802552
vt -12.1987 8.5
vt -11.6987 8.5
vt -11.6987 13
f 3935/10560/931 1986/10561/931 1985/10562/931 3936/10563/931 

vt -83.2572 13
vn -0.802552 7.53595e-19 0.596583
vt -83.2572 8.5
vt -83.0872 8.5
vt -83.0872 13
f 3936/10564/932 1985/10565/932 1984/10566/932 3937/10567/932 

vt -58.9572 13
vt -58.9572 8.5
vt -58.4272 8.5
vt -58.4272 13
f 3937/10568/185 1984/10569/185 1983/10570/185 3938/10571/185 

vt -82.4211 13
vn -0.819018 7.52037e-19 0.573768
vt -82.4211 8.5
vt -82.0411 8.5
vt -82.0411 13
f 3938/10572/933 1983/10573/933 1982/10574/933 3939/10575/933 

vt -59.3913 13
vt -59.3913 8.5
vt -59.0613 8.5
vt -59.0613 13
f 3939/10576/169 1982/10577/169 1981/10578/169 3940/10579/169 

vt -58.2092 13
vt -58.2092 8.5
vt -58.0132 8.5
vt -58.0132 13
f 3940/10580/185 1981/10581/185 1980/10582/185 3941/10583/185 

vt -58.6213 8.5
vt -58.6213 13
f 3941/10579/169 1980/10578/169 1979/10584/169 3942/10585/169 

vt -80.4027 13
vn -0.536268 7.19809e-19 0.844048
vt -80.4027 8.5
vt -79.8027 8.5
vt -79.8027 13
f 3942/10586/934 1979/10587/934 1978/10588/934 3943/10589/934 

vt -57.5068 13
vt -57.5068 8.5
vt -57.2868 8.5
vt -57.2868 13
f 3943/10590/185 1978/10591/185 1977/10592/185 3944/10593/185 

vt -78.7248 13
vn -0.875466 7.40735e-19 0.48328
vt -78.7248 8.5
vt -78.4448 8.5
vt -78.4448 13
f 3944/10594/935 1977/10595/935 1976/10596/935 3945/10597/935 

vt -57.1515 13
vt -57.1515 8.5
vt -57.0115 8.5
vt -57.0115 13
f 3945/10598/185 1976/10599/185 1975/10600/185 3946/10601/185 

vt -10.7257 13
vn 0.600504 4.10891e-20 0.799622
vt -10.7257 8.5
vt -10.5157 8.5
vt -10.5157 13
f 3946/10602/936 1975/10603/936 1974/10604/936 3947/10605/936 

vt -56.8436 13
vt -56.8436 8.5
vt -56.6136 8.5
vt -56.6136 13
f 3947/10606/185 1974/10607/185 1973/10608/185 3948/10609/185 

vt -1.63461 13
vn 0.682817 -4.00115e-20 0.730589
vt -1.63461 8.5
vt -1.40461 8.5
vt -1.40461 13
f 3948/10610/937 1973/10611/937 1972/10612/937 3949/10613/937 

vt 58.3375 13
vt 58.3375 8.5
vt 58.5213 8.5
vt 58.5213 13
f 3949/10614/164 1972/10615/164 1971/10616/164 3950/10617/164 

vt -23.0233 13
vn 0.462003 1.63519e-19 0.886878
vt -23.0233 8.5
vt -22.5533 8.5
vt -22.5533 13
f 3950/10618/938 1971/10619/938 1970/10620/938 3951/10621/938 

vt 58.7385 13
vt 58.7385 8.5
vt 59.0385 8.5
vt 59.0385 13
f 3951/10622/164 1970/10623/164 1969/10624/164 3952/10625/164 

vt -12.37 13
vn 0.57014 6.92875e-20 0.821547
vt -12.37 8.5
vt -12.14 8.5
vt -12.14 13
f 3952/10626/939 1969/10627/939 1968/10628/939 3953/10629/939 

vt -55.8398 13
vt -55.8398 8.5
vt -55.5998 8.5
vt -55.5998 13
f 3953/10630/185 1968/10631/185 1967/10632/185 3954/10633/185 

vt 0.745378 13
vn 0.691443 -4.89583e-20 0.722431
vt 0.745378 8.5
vt 0.985378 8.5
vt 0.985378 13
f 3954/10634/940 1967/10635/940 1966/10636/940 3955/10637/940 

vt 59.3356 13
vt 59.3356 8.5
vt 59.5265 8.5
vt 59.5265 13
f 3955/10638/164 1966/10639/164 1965/10640/164 3956/10641/164 

vt -16.6584 13
vn 0.517113 1.16628e-19 0.855917
vt -16.6584 8.5
vt -16.2384 8.5
vt -16.2384 13
f 3956/10642/941 1965/10643/941 1964/10644/941 3957/10645/941 

vt 45.9752 13
vn 0.974871 -4.554e-19 0.222768
vt 45.9752 8.5
vt 46.2752 8.5
vt 46.2752 13
f 3957/10646/942 1964/10647/942 1963/10648/942 3958/10649/942 

vt -7.83021 13
vn 0.601462 4.01859e-20 0.798902
vt -7.83021 8.5
vt -7.62021 8.5
vt -7.62021 13
f 3958/10650/943 1963/10651/943 1962/10652/943 3959/10653/943 

vt -54.8323 13
vt -54.8323 8.5
vt -54.6023 8.5
vt -54.6023 13
f 3959/10654/185 1962/10655/185 1961/10656/185 3960/10657/185 

vt -3.04514 13
vn 0.643834 -6.88707e-22 0.765165
vt -3.04514 8.5
vt -2.80514 8.5
vt -2.80514 13
f 3960/10658/944 1961/10659/944 1960/10660/944 3961/10661/944 

vt 60.3169 13
vt 60.3169 8.5
vt 60.5323 8.5
vt 60.5323 13
f 3961/10662/164 1960/10663/164 1959/10664/164 3962/10665/164 

vt -14.0312 13
vn 0.530354 1.05022e-19 0.847776
vt -14.0312 8.5
vt -13.6112 8.5
vt -13.6112 13
f 3962/10666/945 1959/10667/945 1958/10668/945 3963/10669/945 

vt 44.9857 13
vn 0.967035 -4.35394e-19 0.254643
vt 44.9857 8.5
vt 45.2857 8.5
vt 45.2857 13
f 3963/10670/946 1958/10671/946 1957/10672/946 3964/10673/946 

vt 0.137578 13
vn 0.663732 -2.05395e-20 0.74797
vt 0.137578 8.5
vt 0.317578 8.5
vt 0.317578 13
f 3964/10674/947 1957/10675/947 1956/10676/947 3965/10677/947 

vt -53.8516 13
vt -53.8516 8.5
vt -53.5816 8.5
vt -53.5816 13
f 3965/10678/185 1956/10679/185 1955/10680/185 3966/10681/185 

vt 0.571091 13
vn 0.664206 -2.1018e-20 0.747549
vt 0.571091 8.5
vt 0.781091 8.5
vt 0.781091 13
f 3966/10682/948 1955/10683/948 1954/10684/948 3967/10685/948 

vt 61.3042 13
vt 61.3042 8.5
vt 61.5442 8.5
vt 61.5442 13
f 3967/10686/164 1954/10687/164 1953/10688/164 3968/10689/164 

vt -20.7302 13
vn 0.441885 1.80098e-19 0.897072
vt -20.7302 8.5
vt -20.4002 8.5
vt -20.4002 13
f 3968/10690/949 1953/10691/949 1952/10692/949 3969/10693/949 

vt 23.9706 13
vn 0.84674 -2.31187e-19 0.532007
vt 23.9706 8.5
vt 24.2406 8.5
vt 24.2406 13
f 3969/10694/950 1952/10695/950 1951/10696/950 3970/10697/950 

vt -52.9849 13
vt -52.9849 8.5
vt -52.3649 8.5
vt -52.3649 13
f 3970/10698/185 1951/10699/185 1950/10700/185 3971/10701/185 

vt 7.16407 13
vn 0.710674 -6.92564e-20 0.703522
vt 7.16407 8.5
vt 7.35407 8.5
vt 7.35407 13
f 3971/10702/951 1950/10703/951 1949/10704/951 3972/10705/951 

vt -52.2312 13
vt -52.2312 8.5
vt -49.0112 8.5
vt -49.0112 13
f 3972/10706/185 1949/10707/185 1948/10708/185 3973/10709/185 

vt -62.0536 13
vt -62.0536 8.5
vt -61.6536 8.5
vt -61.6536 13
f 3973/10710/169 1948/10711/169 1947/10712/169 3974/10713/169 

vt -77.0635 13
vn -0.637435 7.42585e-19 0.770504
vt -77.0635 8.5
vt -76.6635 8.5
vt -76.6635 13
f 3974/10714/952 1947/10715/952 1946/10716/952 3975/10717/952 

vt -61.6951 13
vn -0.233536 6.07097e-19 0.972348
vt -61.6951 8.5
vt -61.2951 8.5
vt -61.2951 13
f 3975/10718/953 1946/10719/953 1945/10720/953 3976/10721/953 

vt -77.4498 13
vn -0.856248 7.45785e-19 0.516564
vt -77.4498 8.5
vt -77.1298 8.5
vt -77.1298 13
f 3976/10722/954 1945/10723/954 1944/10724/954 3977/10725/954 

vt -22.0458 13
vn 0.371301 2.36166e-19 0.928512
vt -22.0458 8.5
vt -21.6958 8.5
vt -21.6958 13
f 3977/10726/955 1944/10727/955 1943/10728/955 3978/10729/955 

vt -47.8238 13
vt -47.8238 8.5
vt -47.5838 8.5
vt -47.5838 13
f 3978/10730/185 1943/10731/185 1942/10732/185 3979/10733/185 

vt -3.09216 13
vn 0.58207 5.83086e-20 0.813139
vt -3.09216 8.5
vt -2.90216 8.5
vt -2.90216 13
f 3979/10734/956 1942/10735/956 1941/10736/956 3980/10737/956 

vt 61.2718 13
vt 61.2718 8.5
vt 61.5259 8.5
vt 61.5259 13
f 3980/10738/164 1941/10739/164 1940/10740/164 3981/10741/164 

vt -7.76338 13
vn 0.52833 1.06805e-19 0.849039
vt -7.76338 8.5
vt -7.25338 8.5
vt -7.25338 13
f 3981/10742/957 1940/10743/957 1939/10744/957 3982/10745/957 

vt -61.7953 13
vt -61.7953 8.5
vt -61.6253 8.5
vt -61.6253 13
f 3982/10746/169 1939/10747/169 1938/10748/169 3983/10749/169 

vt -73.3934 13
vn -0.558235 7.25533e-19 0.829683
vt -73.3934 8.5
vt -72.8334 8.5
vt -72.8334 13
f 3983/10750/958 1938/10751/958 1937/10752/958 3984/10753/958 

vt -46.5317 13
vt -46.5317 8.5
vt -46.2817 8.5
vt -46.2817 13
f 3984/10754/185 1937/10755/185 1936/10756/185 3985/10757/185 

vt -75.8962 13
vn -0.881677 7.38777e-19 0.471853
vt -75.8962 8.5
vt -75.5862 8.5
vt -75.5862 13
f 3985/10758/959 1936/10759/959 1935/10760/959 3986/10761/959 

vt -46.1354 13
vt -46.1354 8.5
vt -46.0154 8.5
vt -46.0154 13
f 3986/10762/185 1935/10763/185 1934/10764/185 3987/10765/185 

vt 4.15257 13
vn 0.644462 -1.30865e-21 0.764636
vt 4.15257 8.5
vt 4.37257 8.5
vt 4.37257 13
f 3987/10766/960 1934/10767/960 1933/10768/960 3988/10769/960 

vt -45.8472 13
vt -45.8472 8.5
vt -45.5972 8.5
vt -45.5972 13
f 3988/10770/185 1933/10771/185 1932/10772/185 3989/10773/185 

vt 3.87761 13
vn 0.63755 5.49e-21 0.770409
vt 3.87761 8.5
vt 4.09761 8.5
vt 4.09761 13
f 3989/10774/961 1932/10775/961 1931/10776/961 3990/10777/961 

vt 61.3215 13
vt 61.3215 8.5
vt 61.5515 8.5
vt 61.5515 13
f 3990/10778/164 1931/10779/164 1930/10780/164 3991/10781/164 

vt -16.0621 13
vn 0.411654 2.04502e-19 0.91134
vt -16.0621 8.5
vt -15.7121 8.5
vt -15.7121 13
f 3991/10782/962 1930/10783/962 1929/10784/962 3992/10785/962 

vt 25.1668 13
vn 0.823118 -2.0012e-19 0.56787
vt 25.1668 8.5
vt 25.3968 8.5
vt 25.3968 13
f 3992/10786/963 1929/10787/963 1928/10788/963 3993/10789/963 

vt 61.8848 13
vt 61.8848 8.5
vt 62.0648 8.5
vt 62.0648 13
f 3993/10790/164 1928/10791/164 1927/10792/164 3994/10793/164 

vt -44.9781 13
vt -44.9781 8.5
vt -34.0281 8.5
vt -34.0281 13
f 3994/10794/185 1927/10795/185 1926/10796/185 3995/10797/185 

vt -62.0648 13
vt -62.0648 8.5
vt -61.6555 8.5
vt -61.6555 13
f 3995/10798/169 1926/10799/169 1925/10800/169 3996/10801/169 

vt -65.1073 13
vn -0.625275 7.40363e-19 0.780404
vt -65.1073 8.5
vt -64.6673 8.5
vt -64.6673 13
f 3996/10802/964 1925/10803/964 1924/10804/964 3997/10805/964 

vt -41.6271 13
vn -0.134372 5.58794e-19 0.990931
vt -41.6271 8.5
vt -41.2271 8.5
vt -41.2271 13
f 3997/10806/965 1924/10807/965 1923/10808/965 3998/10809/965 

vt -69.646 13
vn -0.847791 7.4758e-19 0.53033
vt -69.646 8.5
vt -69.336 8.5
vt -69.336 13
f 3998/10810/966 1923/10811/966 1922/10812/966 3999/10813/966 

vt -33.124 13
vt -33.124 8.5
vt -33.014 8.5
vt -33.014 13
f 3999/10814/185 1922/10815/185 1921/10816/185 4000/10817/185 

vt -61.0638 13
vt -61.0638 8.5
vt -59.6238 8.5
vt -59.6238 13
f 4000/10818/169 1921/10819/169 1920/10820/169 4001/10821/169 

vt -61.3799 13
vn -0.577359 7.30183e-19 0.81649
vt -61.3799 8.5
vt -60.9799 8.5
vt -60.9799 13
f 4001/10822/967 1920/10823/967 1919/10824/967 4002/10825/967 

vt -43.3695 13
vn -0.189867 5.86446e-19 0.98181
vt -43.3695 8.5
vt -42.9695 8.5
vt -42.9695 13
f 4002/10826/968 1919/10827/968 1918/10828/968 4003/10829/968 

vt -67.3951 13
vn -0.845275 7.48068e-19 0.534331
vt -67.3951 8.5
vt -67.0751 8.5
vt -67.0751 13
f 4003/10830/969 1918/10831/969 1917/10832/969 4004/10833/969 

vt -5.30188 13
vn 0.407121 2.0811e-19 0.913374
vt -5.30188 8.5
vt -4.98188 8.5
vt -4.98188 13
f 4004/10834/970 1917/10835/970 1916/10836/970 4005/10837/970 

vt -31.8314 13
vt -31.8314 8.5
vt -31.5514 8.5
vt -31.5514 13
f 4005/10838/185 1916/10839/185 1915/10840/185 4006/10841/185 

vt 26.0696 13
vn 0.7765 -1.42949e-19 0.630117
vt 26.0696 8.5
vt 26.2396 8.5
vt 26.2396 13
f 4006/10842/971 1915/10843/971 1914/10844/971 4007/10845/971 

vt 59.3087 13
vt 59.3087 8.5
vt 59.5338 8.5
vt 59.5338 13
f 4007/10846/164 1914/10847/164 1913/10848/164 4008/10849/164 

vt 3.38399 13
vn 0.510886 1.2204e-19 0.859648
vt 3.38399 8.5
vt 3.88399 8.5
vt 3.88399 13
f 4008/10850/972 1913/10851/972 1912/10852/972 4009/10853/972 

vt -59.7892 13
vt -59.7892 8.5
vt -59.6292 8.5
vt -59.6292 13
f 4009/10854/169 1912/10855/169 1911/10856/169 4010/10857/169 

vt -52.7146 13
vn -0.409537 6.79682e-19 0.912293
vt -52.7146 8.5
vt -52.5546 8.5
vt -52.5546 13
f 4010/10858/973 1911/10859/973 1910/10860/973 4011/10861/973 

vt -63.6712 13
vn -0.69769 7.51149e-19 0.7164
vt -63.6712 8.5
vt -63.4212 8.5
vt -63.4212 13
f 4011/10862/974 1910/10863/974 1909/10864/974 4012/10865/974 

vt -52.9757 13
vn -0.424009 6.84827e-19 0.905658
vt -52.9757 8.5
vt -52.7957 8.5
vt -52.7957 13
f 4012/10866/975 1909/10867/975 1908/10868/975 4013/10869/975 

vt -30.5263 13
vt -30.5263 8.5
vt -30.3163 8.5
vt -30.3163 13
f 4013/10870/185 1908/10871/185 1907/10872/185 4014/10873/185 

vt -66.2824 13
vn -0.840837 7.4888e-19 0.541289
vt -66.2824 8.5
vt -65.9524 8.5
vt -65.9524 13
f 4014/10874/976 1907/10875/976 1906/10876/976 4015/10877/976 

vt -30.1377 13
vt -30.1377 8.5
vt -29.9877 8.5
vt -29.9877 13
f 4015/10878/185 1906/10879/185 1905/10880/185 4016/10881/185 

vt 20.6624 13
vn 0.708483 -6.69187e-20 0.705728
vt 20.6624 8.5
vt 20.8524 8.5
vt 20.8524 13
f 4016/10882/977 1905/10883/977 1904/10884/977 4017/10885/977 

vt -29.8536 13
vt -29.8536 8.5
vt -29.5736 8.5
vt -29.5736 13
f 4017/10886/185 1904/10887/185 1903/10888/185 4018/10889/185 

vt 23.7109 13
vn 0.737996 -9.8994e-20 0.674805
vt 23.7109 8.5
vt 23.9209 8.5
vt 23.9209 13
f 4018/10890/978 1903/10891/978 1902/10892/978 4019/10893/978 

vt 59.3251 13
vt 59.3251 8.5
vt 59.5438 8.5
vt 59.5438 13
f 4019/10894/164 1902/10895/164 1901/10896/164 4020/10897/164 

vt -10.0635 13
vn 0.302173 2.88141e-19 0.953253
vt -10.0635 8.5
vt -9.77352 8.5
vt -9.77352 13
f 4020/10898/979 1901/10899/979 1900/10900/979 4021/10901/979 

vt 35.2705 13
vn 0.849459 -2.34873e-19 0.527654
vt 35.2705 8.5
vt 35.9005 8.5
vt 35.9005 13
f 4021/10902/980 1900/10903/980 1899/10904/980 4022/10905/980 

vt -28.8231 13
vt -28.8231 8.5
vt -28.5831 8.5
vt -28.5831 13
f 4022/10906/185 1899/10907/185 1898/10908/185 4023/10909/185 

vt 21.8889 13
vn 0.702092 -6.01372e-20 0.712086
vt 21.8889 8.5
vt 22.0989 8.5
vt 22.0989 13
f 4023/10910/981 1898/10911/981 1897/10912/981 4024/10913/981 

vt 60.3141 13
vt 60.3141 8.5
vt 60.5341 8.5
vt 60.5341 13
f 4024/10914/164 1897/10915/164 1896/10916/164 4025/10917/164 

vt 0.371897 13
vn 0.430173 1.89624e-19 0.902746
vt 0.371897 8.5
vt 0.791897 8.5
vt 0.791897 13
f 4025/10918/982 1896/10919/982 1895/10920/982 4026/10921/982 

vt 55.3554 13
vn 0.986737 -4.91603e-19 0.16233
vt 55.3554 8.5
vt 55.5354 8.5
vt 55.5354 13
f 4026/10922/983 1895/10923/983 1894/10924/983 4027/10925/983 

vt 39.7644 13
vn 0.875459 -2.71441e-19 0.483293
vt 39.7644 8.5
vt 40.0844 8.5
vt 40.0844 13
f 4027/10926/984 1894/10927/984 1893/10928/984 4028/10929/984 

vt -27.8705 13
vt -27.8705 8.5
vt -27.6205 8.5
vt -27.6205 13
f 4028/10930/185 1893/10931/185 1892/10932/185 4029/10933/185 

vt 17.9494 13
vn 0.64026 2.83047e-21 0.768158
vt 17.9494 8.5
vt 18.1394 8.5
vt 18.1394 13
f 4029/10934/985 1892/10935/985 1891/10936/985 4030/10937/985 

vt 61.2941 13
vt 61.2941 8.5
vt 61.5176 8.5
vt 61.5176 13
f 4030/10938/164 1891/10939/164 1890/10940/164 4031/10941/164 

vt 8.58278 13
vn 0.520785 1.13423e-19 0.853688
vt 8.58278 8.5
vt 9.11278 8.5
vt 9.11278 13
f 4031/10942/986 1890/10943/986 1889/10944/986 4032/10945/986 

vt -61.7936 13
vt -61.7936 8.5
vt -61.656 8.5
vt -61.656 13
f 4032/10946/169 1889/10947/169 1888/10948/169 4033/10949/169 

vt -59.386 13
vn -0.618951 7.39147e-19 0.78543
vt -59.386 8.5
vt -58.976 8.5
vt -58.976 13
f 4033/10950/987 1888/10951/987 1887/10952/987 4034/10953/987 

vt -37.6418 13
vn -0.185767 5.84456e-19 0.982594
vt -37.6418 8.5
vt -37.2418 8.5
vt -37.2418 13
f 4034/10954/988 1887/10955/988 1886/10956/988 4035/10957/988 

vt -65.821 13
vn -0.841546 7.48755e-19 0.540186
vt -65.821 8.5
vt -65.491 8.5
vt -65.491 13
f 4035/10958/989 1886/10959/989 1885/10960/989 4036/10961/989 

vt -26.1288 13
vt -26.1288 8.5
vt -26.0088 8.5
vt -26.0088 13
f 4036/10962/185 1885/10963/185 1884/10964/185 4037/10965/185 

vt 18.0034 13
vn 0.626832 1.59317e-20 0.779154
vt 18.0034 8.5
vt 18.2134 8.5
vt 18.2134 13
f 4037/10966/990 1884/10967/990 1883/10968/990 4038/10969/990 

vt -25.8451 13
vt -25.8451 8.5
vt -25.5751 8.5
vt -25.5751 13
f 4038/10970/185 1883/10971/185 1882/10972/185 4039/10973/185 

vt 26.7029 13
vn 0.724556 -8.42278e-20 0.689215
vt 26.7029 8.5
vt 26.8829 8.5
vt 26.8829 13
f 4039/10974/991 1882/10975/991 1881/10976/991 4040/10977/991 

vt 61.3123 13
vt 61.3123 8.5
vt 61.5323 8.5
vt 61.5323 13
f 4040/10978/164 1881/10979/164 1880/10980/164 4041/10981/164 

vt 7.5853 13
vn 0.484993 1.44228e-19 0.874518
vt 7.5853 8.5
vt 8.0453 8.5
vt 8.0453 13
f 4041/10982/992 1880/10983/992 1879/10984/992 4042/10985/992 

vt 61.7554 13
vt 61.7554 8.5
vt 62.1554 8.5
vt 62.1554 13
f 4042/10986/164 1879/10987/164 1878/10988/164 4043/10989/164 

vt -25.0488 13
vt -25.0488 8.5
vt -24.6728 8.5
vt -24.6728 13
f 4043/10990/185 1878/10991/185 1877/10992/185 4044/10993/185 

vt 18.7449 13
vn 0.614687 2.76224e-20 0.788771
vt 18.7449 8.5
vt 19.0649 8.5
vt 19.0649 13
f 4044/10994/993 1877/10995/993 1876/10996/993 4045/10997/993 

vt 62.3521 13
vt 62.3521 8.5
vt 62.5492 8.5
vt 62.5492 13
f 4045/10998/164 1876/10999/164 1875/11000/164 4046/11001/164 

vt 9.03213 13
vn 0.48568 1.43646e-19 0.874137
vt 9.03213 8.5
vt 9.44213 8.5
vt 9.44213 13
f 4046/11002/994 1875/11003/994 1874/11004/994 4047/11005/994 

vt -62.3932 13
vn -0.733841 7.54045e-19 0.679321
vt -62.3932 8.5
v -23.6952 8.5 -62.3521
vt -61.8532 8.5
vt -61.8532 13
f 4047/11006/995 1874/11007/995 4651/11008/995 4048/11009/995 

vt -23.6952 13
vt -23.6952 8.5
vt -23.2912 8.5
vt -23.2912 13
f 4048/11010/185 4651/11011/185 1872/11012/185 4049/11013/185 

vt -65.9938 13
vn -0.88325 7.38254e-19 0.468903
vt -65.9938 8.5
vt -65.6538 8.5
vt -65.6538 13
f 4049/11014/996 1872/11015/996 1871/11016/996 4050/11017/996 

vt -23.1318 13
vt -23.1318 8.5
vt -23.0118 8.5
vt -23.0118 13
f 4050/11018/185 1871/11019/185 1870/11020/185 4051/11021/185 

vt -62.0518 13
vt -62.0518 8.5
vt -61.6118 8.5
vt -61.6118 13
f 4051/11022/169 1870/11023/169 1869/11024/169 4052/11025/169 

vt -55.671 13
vn -0.606661 7.3667e-19 0.79496
vt -55.671 8.5
v -22.6779 8.5 -61.357
vt -55.251 8.5
vt -55.251 13
f 4052/11026/997 1869/11027/997 4652/11028/997 4053/11029/997 

vt -22.6779 13
vt -22.6779 8.5
vt -22.2879 8.5
vt -22.2879 13
f 4053/11030/185 4652/11031/185 1867/11032/185 4054/11033/185 

vt -64.8393 13
vn -0.893982 7.34359e-19 0.448102
vt -64.8393 8.5
vt -64.5093 8.5
vt -64.5093 13
f 4054/11034/998 1867/11035/998 1866/11036/998 4055/11037/998 

vt -22.1401 13
vt -22.1401 8.5
vt -22.0101 8.5
vt -22.0101 13
f 4055/11038/185 1866/11039/185 1865/11040/185 4056/11041/185 

vt -61.062 13
vt -61.062 8.5
vt -59.618 8.5
vt -59.618 13
f 4056/11042/169 1865/11043/169 1864/11044/169 4057/11045/169 

vt -43.2887 13
vn -0.385443 6.70822e-19 0.922732
vt -43.2887 8.5
vt -43.1287 8.5
vt -43.1287 13
f 4057/11046/999 1864/11047/999 1863/11048/999 4058/11049/999 

vt -59.2386 13
vn -0.753195 7.54783e-19 0.657797
vt -59.2386 8.5
vt -59.0086 8.5
vt -59.0086 13
f 4058/11050/1000 1863/11051/1000 1862/11052/1000 4059/11053/1000 

vt -40.2714 13
vn -0.333481 6.50506e-19 0.942757
vt -40.2714 8.5
vt -40.0814 8.5
vt -40.0814 13
f 4059/11054/1001 1862/11055/1001 1861/11056/1001 4060/11057/1001 

vt -21.532 13
vt -21.532 8.5
vt -21.312 8.5
vt -21.312 13
f 4060/11058/185 1861/11059/185 1860/11060/185 4061/11061/185 

vt -62.0651 13
vn -0.867675 7.42956e-19 0.497132
vt -62.0651 8.5
vt -61.7451 8.5
vt -61.7451 13
f 4061/11062/1002 1860/11063/1002 1859/11064/1002 4062/11065/1002 

vt -21.1529 13
vt -21.1529 8.5
vt -21.0129 8.5
vt -21.0129 13
f 4062/11066/185 1859/11067/185 1858/11068/185 4063/11069/185 

vt 20.3504 13
vn 0.623052 1.95861e-20 0.78218
vt 20.3504 8.5
vt 20.5504 8.5
vt 20.5504 13
f 4063/11070/1003 1858/11071/1003 1857/11072/1003 4064/11073/1003 

vt -20.8565 13
vt -20.8565 8.5
vt -20.6065 8.5
vt -20.6065 13
f 4064/11074/185 1857/11075/185 1856/11076/185 4065/11077/185 

vt 23.9467 13
vn 0.664879 -2.1698e-20 0.746951
vt 23.9467 8.5
vt 24.1667 8.5
vt 24.1667 13
f 4065/11078/1004 1856/11079/1004 1855/11080/1004 4066/11081/1004 

vt 59.313 13
vt 59.313 8.5
vt 59.5538 8.5
vt 59.5538 13
f 4066/11082/164 1855/11083/164 1854/11084/164 4067/11085/164 

vt 9.76526 13
vn 0.467423 1.59005e-19 0.884034
vt 9.76526 8.5
vt 10.2553 8.5
vt 10.2553 13
f 4067/11086/1005 1854/11087/1005 1853/11088/1005 4068/11089/1005 

vt -59.7828 13
vt -59.7828 8.5
vt -59.6328 8.5
vt -59.6328 13
f 4068/11090/169 1853/11091/169 1852/11092/169 4069/11093/169 

vt -49.5794 13
vn -0.55152 7.23826e-19 0.834162
vt -49.5794 8.5
vt -48.9994 8.5
vt -48.9994 13
f 4069/11094/1006 1852/11095/1006 1851/11096/1006 4070/11097/1006 

vt -19.5252 13
vt -19.5252 8.5
vt -19.2952 8.5
vt -19.2952 13
f 4070/11098/185 1851/11099/185 1850/11100/185 4071/11101/185 

vt -61.4697 13
vn -0.884738 7.37748e-19 0.466088
vt -61.4697 8.5
vt -61.1897 8.5
vt -61.1897 13
f 4071/11102/1007 1850/11103/1007 1849/11104/1007 4072/11105/1007 

vt -19.1647 13
vt -19.1647 8.5
vt -19.0047 8.5
vt -19.0047 13
f 4072/11106/185 1849/11107/185 1848/11108/185 4073/11109/185 

vt 15.6894 13
vn 0.537047 9.91017e-20 0.843552
vt 15.6894 8.5
vt 15.8994 8.5
vt 15.8994 13
f 4073/11110/1008 1848/11111/1008 1847/11112/1008 4074/11113/1008 

vt -18.8275 13
vt -18.8275 8.5
vt -18.5775 8.5
vt -18.5775 13
f 4074/11114/185 1847/11115/185 1846/11116/185 4075/11117/185 

vt 31.9621 13
vn 0.748334 -1.10545e-19 0.663322
vt 31.9621 8.5
vt 32.1621 8.5
vt 32.1621 13
f 4075/11118/1009 1846/11119/1009 1845/11120/1009 4076/11121/1009 

vt 59.3277 13
vt 59.3277 8.5
vt 59.5467 8.5
vt 59.5467 13
f 4076/11122/164 1845/11123/164 1844/11124/164 4077/11125/164 

vt 13.5181 13
vn 0.495986 1.34869e-19 0.868331
vt 13.5181 8.5
vt 14.0181 8.5
vt 14.0181 13
f 4077/11126/1010 1844/11127/1010 1843/11128/1010 4078/11129/1010 

vt -59.7947 13
vt -59.7947 8.5
vt -59.6447 8.5
vt -59.6447 13
f 4078/11130/169 1843/11131/169 1842/11132/169 4079/11133/169 

vt -51.5408 13
vn -0.629504 7.41153e-19 0.776997
vt -51.5408 8.5
vt -51.1208 8.5
vt -51.1208 13
f 4079/11134/1011 1842/11135/1011 1841/11136/1011 4080/11137/1011 

vt -25.1631 13
vn -0.128413 5.55732e-19 0.991721
vt -25.1631 8.5
vt -24.7531 8.5
vt -24.7531 13
f 4080/11138/1012 1841/11139/1012 1840/11140/1012 4081/11141/1012 

vt -57.6577 13
vn -0.79531 7.54079e-19 0.606203
vt -57.6577 8.5
vt -57.3477 8.5
vt -57.3477 13
f 4081/11142/1013 1840/11143/1013 1839/11144/1013 4082/11145/1013 

vt -17.0898 13
vt -17.0898 8.5
vt -15.9998 8.5
vt -15.9998 13
f 4082/11146/185 1839/11147/185 1838/11148/185 4083/11149/185 

vt -59.0811 13
vt -59.0811 8.5
vt -57.1711 8.5
vt -57.1711 13
f 4083/11150/169 1838/11151/169 1837/11152/169 4084/11153/169 

v -10.1398 8.5 -57.1711
vt -10.1398 8.5
vt -10.1398 13
f 4084/11149/185 1837/11148/185 4653/11154/185 4085/11155/185 

vt 3.07538 13
vn 0.226541 3.41936e-19 0.974002
vt 3.07538 8.5
v -9.6236 8.5 -57.2912
vt 3.60538 8.5
vt 3.60538 13
f 4085/11156/1014 4653/11157/1014 4654/11158/1014 4086/11159/1014 

vt 24.8926 13
vn 0.572247 6.73573e-20 0.820081
vt 24.8926 8.5
v -9.41858 8.5 -57.4343
vt 25.1426 8.5
vt 25.1426 13
f 4086/11160/1015 4654/11161/1015 4655/11162/1015 4087/11163/1015 

vt 57.4343 13
vt 57.4343 8.5
v -9.41858 8.5 -57.6743
vt 57.6743 8.5
vt 57.6743 13
f 4087/11164/164 4655/11165/164 4656/11166/164 4088/11167/164 

vt 26.0449 13
vn 0.584135 5.63949e-20 0.811656
vt 26.0449 8.5
v -8.99651 8.5 -57.978
vt 26.5649 8.5
vt 26.5649 13
f 4088/11168/1016 4656/11169/1016 4657/11170/1016 4089/11171/1016 

vt 57.978 13
vt 57.978 8.5
v -8.99651 8.5 -58.198
vt 58.198 8.5
vt 58.198 13
f 4089/11172/164 4657/11173/164 4658/11174/164 4090/11175/164 

vt 3.73412 13
vn 0.215127 3.49789e-19 0.976586
vt 3.73412 8.5
vt 4.13412 8.5
vt 4.13412 13
f 4090/11176/1017 4658/11177/1017 1830/11178/1017 4091/11179/1017 

vt 30.2603 13
vn 0.633441 9.5078e-21 0.773791
vt 30.2603 8.5
v -8.43565 8.5 -58.4234
vt 30.4803 8.5
vt 30.4803 13
f 4091/11180/1018 1830/11181/1018 4659/11182/1018 4092/11183/1018 

vt 58.4234 13
vt 58.4234 8.5
v -8.43565 8.5 -58.6534
vt 58.6534 8.5
vt 58.6534 13
f 4092/11184/164 4659/11185/164 4660/11186/164 4093/11187/164 

vt 18.6661 13
vn 0.446905 1.75987e-19 0.894581
vt 18.6661 8.5
v -8.01519 8.5 -58.8635
vt 19.1361 8.5
vt 19.1361 13
f 4093/11188/1019 4660/11189/1019 4661/11190/1019 4094/11191/1019 

vt -48.0511 13
vn -0.72212 7.53312e-19 0.691767
vt -48.0511 8.5
v -7.7039 8.5 -58.5385
vt -47.6011 8.5
vt -47.6011 13
f 4094/11192/1020 4661/11193/1020 4662/11194/1020 4095/11195/1020 

vt -29.0252 13
vn -0.373765 6.66398e-19 0.927524
vt -29.0252 8.5
v -7.49984 8.5 -58.4563
vt -28.8052 8.5
vt -28.8052 13
f 4095/11196/1021 4662/11197/1021 4663/11198/1021 4096/11199/1021 

vt -7.49984 13
vt -7.49984 8.5
v -7.29984 8.5 -58.4563
vt -7.29984 8.5
vt -7.29984 13
f 4096/11200/185 4663/11201/185 4664/11202/185 4097/11203/185 

vt -53.9279 13
vn -0.858495 7.45267e-19 0.512822
vt -53.9279 8.5
v -7.14087 8.5 -58.1901
vt -53.6179 8.5
vt -53.6179 13
f 4097/11204/1022 4664/11205/1022 4665/11206/1022 4098/11207/1022 

vt -7.14087 13
vt -7.14087 8.5
v -7.01087 8.5 -58.1901
vt -7.01087 8.5
vt -7.01087 13
f 4098/11208/185 4665/11209/185 4666/11210/185 4099/11211/185 

vt -58.1901 13
vt -58.1901 8.5
v -7.01087 8.5 -57.7901
vt -57.7901 8.5
vt -57.7901 13
f 4099/11212/169 4666/11213/169 4667/11214/169 4100/11215/169 

vt -32.5921 13
vn -0.456004 6.9571e-19 0.889977
vt -32.5921 8.5
v -6.85067 8.5 -57.7081
vt -32.4121 8.5
vt -32.4121 13
f 4100/11216/1023 4667/11217/1023 4668/11218/1023 4101/11219/1023 

vt -47.4115 13
vn -0.741989 7.5443e-19 0.670412
vt -47.4115 8.5
vt -47.1615 8.5
vt -47.1615 13
f 4101/11220/1024 4668/11221/1024 1819/11222/1024 4102/11223/1024 

vt -15.6741 13
vn -0.157759 5.70637e-19 0.987478
vt -15.6741 8.5
v -6.28808 8.5 -57.4595
vt -15.2741 8.5
vt -15.2741 13
f 4102/11224/1025 1819/11225/1025 4669/11226/1025 4103/11227/1025 

vt -54.2377 13
vn -0.895148 7.339e-19 0.44577
vt -54.2377 8.5
v -6.14543 8.5 -57.173
vt -53.9177 8.5
vt -53.9177 13
f 4103/11228/1026 4669/11229/1026 4670/11230/1026 4104/11231/1026 

vt -6.14543 13
vt -6.14543 8.5
v -4.09543 8.5 -57.173
vt -4.09543 8.5
vt -4.09543 13
f 4104/11232/185 4670/11233/185 4671/11234/185 4105/11235/185 

vt 9.46829 13
vn 0.23523 3.35912e-19 0.97194
vt 9.46829 8.5
v -3.59974 8.5 -57.293
vt 9.97829 8.5
vt 9.97829 13
f 4105/11236/1027 4671/11237/1027 4672/11238/1027 4106/11239/1027 

vt 40.2389 13
vn 0.744298 -1.06014e-19 0.667848
vt 40.2389 8.5
v -3.45949 8.5 -57.4493
vt 40.4489 8.5
vt 40.4489 13
f 4106/11240/1028 4672/11241/1028 4673/11242/1028 4107/11243/1028 

vt 57.4493 13
vt 57.4493 8.5
v -3.45949 8.5 -57.6626
vt 57.6626 8.5
vt 57.6626 13
f 4107/11244/164 4673/11245/164 4674/11246/164 4108/11247/164 

vt 23.3975 13
vn 0.459065 1.65957e-19 0.888402
vt 23.3975 8.5
v -3.00641 8.5 -57.8968
vt 23.9075 8.5
vt 23.9075 13
f 4108/11248/1029 4674/11249/1029 4675/11250/1029 4109/11251/1029 

vt -57.8968 13
vt -57.8968 8.5
v -3.00641 8.5 -57.7568
vt -57.7568 8.5
vt -57.7568 13
f 4109/11252/169 4675/11253/169 4676/11254/169 4110/11255/169 

vt -36.4242 13
vn -0.588567 7.32758e-19 0.808448
vt -36.4242 8.5
v -2.68303 8.5 -57.5213
vt -36.0242 8.5
vt -36.0242 13
f 4110/11256/1030 4676/11257/1030 4677/11258/1030 4111/11259/1030 

vt -12.9998 13
vn -0.180118 5.81701e-19 0.983645
vt -12.9998 8.5
v -2.28957 8.5 -57.4493
vt -12.5998 8.5
vt -12.5998 13
f 4111/11260/1031 4677/11261/1031 4678/11262/1031 4112/11263/1031 

vt -51.9361 13
vn -0.885519 7.37478e-19 0.464604
vt -51.9361 8.5
v -2.1409 8.5 -57.1659
vt -51.6161 8.5
vt -51.6161 13
f 4112/11264/1032 4678/11265/1032 4679/11266/1032 4113/11267/1032 

vt -2.1409 13
vt -2.1409 8.5
v 0.129102 8.5 -57.1659
vt 0.129102 8.5
vt 0.129102 13
f 4113/11268/185 4679/11269/185 4680/11270/185 4114/11271/185 

vt 14.1123 13
vn 0.244677 3.29317e-19 0.969605
vt 14.1123 8.5
v 0.390895 8.5 -57.232
vt 14.3823 8.5
vt 14.3823 13
f 4114/11272/1033 4680/11273/1033 4681/11274/1033 4115/11275/1033 

vt 41.6008 13
vn 0.722156 -8.16196e-20 0.69173
vt 41.6008 8.5
v 0.536159 8.5 -57.3836
vt 41.8108 8.5
vt 41.8108 13
f 4115/11276/1034 4681/11277/1034 4682/11278/1034 4116/11279/1034 

vt 57.3836 13
vt 57.3836 8.5
v 0.536159 8.5 -57.6248
vt 57.6248 8.5
vt 57.6248 13
f 4116/11280/164 4682/11281/164 4683/11282/164 4117/11283/164 

vt 29.5725 13
vn 0.50516 1.2699e-19 0.863025
vt 29.5725 8.5
v 0.984932 8.5 -57.8875
vt 30.0925 8.5
vt 30.0925 13
f 4117/11284/1035 4683/11285/1035 4684/11286/1035 4118/11287/1035 

vt -57.8875 13
vt -57.8875 8.5
v 0.984932 8.5 -57.6175
vt -57.6175 8.5
vt -57.6175 13
f 4118/11288/169 4684/11289/169 4685/11290/169 4119/11291/169 

vt 0.984932 13
vt 0.984932 8.5
v 1.11493 8.5 -57.6175
vt 1.11493 8.5
vt 1.11493 13
f 4119/11292/185 4685/11293/185 4686/11294/185 4120/11295/185 

vt -37.8984 13
vn -0.672087 7.48036e-19 0.740472
vt -37.8984 8.5
v 1.27043 8.5 -57.4763
vt -37.6884 8.5
vt -37.6884 13
f 4120/11296/1036 4686/11297/1036 4687/11298/1036 4121/11299/1036 

vt -19.3044 13
vn -0.356518 6.59712e-19 0.934288
vt -19.3044 8.5
v 1.51335 8.5 -57.3836
vt -19.0444 8.5
vt -19.0444 13
f 4121/11300/1037 4687/11301/1037 4688/11302/1037 4122/11303/1037 

vt 1.51335 13
vt 1.51335 8.5
v 1.71335 8.5 -57.3836
vt 1.71335 8.5
vt 1.71335 13
f 4122/11304/185 4688/11305/185 4689/11306/185 4123/11307/185 

vt -47.8967 13
vn -0.850385 7.47055e-19 0.526162
vt -47.8967 8.5
v 1.88172 8.5 -57.1115
vt -47.5767 8.5
vt -47.5767 13
f 4123/11308/1038 4689/11309/1038 4690/11310/1038 4124/11311/1038 

vt 24.8432 13
vn 0.404868 2.09899e-19 0.914375
vt 24.8432 8.5
v 2.16517 8.5 -57.237
vt 25.1532 8.5
vt 25.1532 13
f 4124/11312/1039 4690/11313/1039 4691/11314/1039 4125/11315/1039 

vt 2.16517 13
vt 2.16517 8.5
v 2.39517 8.5 -57.237
vt 2.39517 8.5
vt 2.39517 13
f 4125/11316/185 4691/11317/185 4692/11318/185 4126/11319/185 

vt 42.5346 13
vn 0.713825 -7.26302e-20 0.700325
vt 42.5346 8.5
v 2.54224 8.5 -57.3869
vt 42.7446 8.5
vt 42.7446 13
f 4126/11320/1040 4692/11321/1040 4693/11322/1040 4127/11323/1040 

vt 57.3869 13
vt 57.3869 8.5
v 2.54224 8.5 -57.5976
vt 57.5976 8.5
vt 57.5976 13
f 4127/11324/164 4693/11325/164 4694/11326/164 4128/11327/164 

vt 31.6439 13
vn 0.511468 1.21536e-19 0.859303
vt 31.6439 8.5
v 2.92893 8.5 -57.8278
vt 32.0939 8.5
vt 32.0939 13
f 4128/11328/1041 4694/11329/1041 4695/11330/1041 4129/11331/1041 

vt 57.3483 13
vn 0.982193 -4.76573e-19 0.187876
vt 57.3483 8.5
v 2.97965 8.5 -58.0929
vt 57.6183 8.5
vt 57.6183 13
f 4129/11332/1042 4695/11333/1042 4696/11334/1042 4130/11335/1042 

vt 41.1423 13
vn 0.670145 -2.70338e-20 0.74223
vt 41.1423 8.5
v 3.14295 8.5 -58.2404
vt 41.3623 8.5
vt 41.3623 13
f 4130/11336/1043 4696/11337/1043 4697/11338/1043 4131/11339/1043 

vt 3.14295 13
vt 3.14295 8.5
v 3.38295 8.5 -58.2404
vt 3.38295 8.5
vt 3.38295 13
f 4131/11340/185 4697/11341/185 4698/11342/185 4132/11343/185 

vt 40.8086 13
vn 0.656898 -1.36712e-20 0.75398
vt 40.8086 8.5
v 3.54882 8.5 -58.3849
vt 41.0286 8.5
vt 41.0286 13
f 4132/11344/1044 4698/11345/1044 4699/11346/1044 4133/11347/1044 

vt 58.3849 13
vt 58.3849 8.5
v 3.54882 8.5 -58.6149
vt 58.6149 8.5
vt 58.6149 13
f 4133/11348/164 4699/11349/164 4700/11350/164 4134/11351/164 

vt 30.3803 13
vn 0.464692 1.61282e-19 0.885472
vt 30.3803 8.5
v 3.92072 8.5 -58.8101
vt 30.8003 8.5
vt 30.8003 13
f 4134/11352/1045 4700/11353/1045 4701/11354/1045 4135/11355/1045 

vt 57.9384 13
vn 0.968605 -4.39234e-19 0.248603
vt 57.9384 8.5
v 3.98784 8.5 -59.0716
vt 58.2084 8.5
vt 58.2084 13
f 4135/11356/1046 4701/11357/1046 4702/11358/1046 4136/11359/1046 

vt 46.6351 13
vn 0.744388 -1.06116e-19 0.667747
vt 46.6351 8.5
v 4.13475 8.5 -59.2354
vt 46.8551 8.5
vt 46.8551 13
f 4136/11360/1047 4702/11361/1047 4703/11362/1047 4137/11363/1047 

vt 4.13475 13
vt 4.13475 8.5
vt 4.41475 8.5
vt 4.41475 13
f 4137/11364/185 4703/11365/185 1783/11366/185 4138/11367/185 

vt 44.3807 13
vn 0.695689 -5.33982e-20 0.718343
vt 44.3807 8.5
v 4.5656 8.5 -59.3814
vt 44.5907 8.5
vt 44.5907 13
f 4138/11368/1048 1783/11369/1048 4704/11370/1048 4139/11371/1048 

vt 59.3814 13
vt 59.3814 8.5
v 4.5656 8.5 -59.6025
vt 59.6025 8.5
vt 59.6025 13
f 4139/11372/164 4704/11373/164 4705/11374/164 4140/11375/164 

vt 38.8033 13
vn 0.58914 5.17416e-20 0.808031
vt 38.8033 8.5
v 4.92113 8.5 -59.8617
vt 39.2433 8.5
vt 39.2433 13
f 4140/11376/1049 4705/11377/1049 4706/11378/1049 4141/11379/1049 

vt -51.3851 13
vn -0.895058 7.33936e-19 0.44595
vt -51.3851 8.5
vt -51.1351 8.5
vt -51.1351 13
f 4141/11380/1050 4706/11381/1050 1779/11382/1050 4142/11383/1050 

vt 5.03262 13
vt 5.03262 8.5
v 5.14262 8.5 -59.6379
vt 5.14262 8.5
vt 5.14262 13
f 4142/11384/185 1779/11385/185 4707/11386/185 4143/11387/185 

vt -42.7195 13
vn -0.771207 7.54896e-19 0.636584
vt -42.7195 8.5
v 5.2954 8.5 -59.4528
vt -42.4795 8.5
vt -42.4795 13
f 4143/11388/1051 4707/11389/1051 4708/11390/1051 4144/11391/1051 

vt -15.2269 13
vn -0.339883 6.53096e-19 0.940468
vt -15.2269 8.5
v 5.4929 8.5 -59.3814
vt -15.0169 8.5
vt -15.0169 13
f 4144/11392/1052 4708/11393/1052 4709/11394/1052 4145/11395/1052 

vt 5.4929 13
vt 5.4929 8.5
v 5.7029 8.5 -59.3814
vt 5.7029 8.5
vt 5.7029 13
f 4145/11396/185 4709/11397/185 4710/11398/185 4146/11399/185 

vt -47.8263 13
vn -0.855186 7.46024e-19 0.518321
vt -47.8263 8.5
v 5.86876 8.5 -59.1078
vt -47.5063 8.5
vt -47.5063 13
f 4146/11400/1053 4710/11401/1053 4711/11402/1053 4147/11403/1053 

vt 5.86876 13
vt 5.86876 8.5
v 5.96876 8.5 -59.1078
vt 5.96876 8.5
vt 5.96876 13
f 4147/11404/185 4711/11405/185 4712/11406/185 4148/11407/185 

vt 36.6001 13
vn 0.533819 1.01961e-19 0.845599
vt 36.6001 8.5
v 6.18016 8.5 -59.2412
vt 36.8501 8.5
vt 36.8501 13
f 4148/11408/1054 4712/11409/1054 4713/11410/1054 4149/11411/1054 

vt 6.18016 13
vt 6.18016 8.5
v 6.39016 8.5 -59.2412
vt 6.39016 8.5
vt 6.39016 13
f 4149/11412/185 4713/11413/185 4714/11414/185 4150/11415/185 

vt 42.8005 13
vn 0.639557 3.52143e-21 0.768744
vt 42.8005 8.5
v 6.54391 8.5 -59.3692
vt 43.0005 8.5
vt 43.0005 13
f 4150/11416/1055 4714/11417/1055 4715/11418/1055 4151/11419/1055 

vt 59.3692 13
vt 59.3692 8.5
v 6.54391 8.5 -59.5992
vt 59.5992 8.5
vt 59.5992 13
f 4151/11420/164 4715/11421/164 4716/11422/164 4152/11423/164 

vt 30.6901 13
vn 0.415046 2.01793e-19 0.9098
vt 30.6901 8.5
v 6.85324 8.5 -59.7403
vt 31.0301 8.5
vt 31.0301 13
f 4152/11424/1056 4716/11425/1056 4717/11426/1056 4153/11427/1056 

vt 41.8476 13
vn 0.60955 3.2522e-20 0.792747
vt 41.8476 8.5
v 6.96423 8.5 -59.8256
vt 41.9876 8.5
vt 41.9876 13
f 4153/11428/1057 4717/11429/1057 4718/11430/1057 4154/11431/1057 

vt 59.8256 13
vt 59.8256 8.5
v 6.96423 8.5 -59.9605
vt 59.9605 8.5
vt 59.9605 13
f 4154/11432/164 4718/11433/164 4719/11434/164 4155/11435/164 

vt 53.7325 13
vn 0.831633 -2.11133e-19 0.555326
vt 53.7325 8.5
v 7.14193 8.5 -60.2266
vt 54.0525 8.5
vt 54.0525 13
f 4155/11436/1058 4719/11437/1058 4720/11438/1058 4156/11439/1058 

vt 7.14193 13
vt 7.14193 8.5
v 7.42193 8.5 -60.2266
vt 7.42193 8.5
vt 7.42193 13
f 4156/11440/185 4720/11441/185 4721/11442/185 4157/11443/185 

vt 52.3622 13
vn 0.7946 -1.64572e-19 0.607133
vt 52.3622 8.5
v 7.5555 8.5 -60.4014
vt 52.5822 8.5
vt 52.5822 13
f 4157/11444/1059 4721/11445/1059 4722/11446/1059 4158/11447/1059 

vt 60.4014 13
vt 60.4014 8.5
v 7.5555 8.5 -60.6124
vt 60.6124 8.5
vt 60.6124 13
f 4158/11448/164 4722/11449/164 4723/11450/164 4159/11451/164 

vt 33.8237 13
vn 0.446495 1.76324e-19 0.894786
vt 33.8237 8.5
v 7.99395 8.5 -60.8312
vt 34.3137 8.5
vt 34.3137 13
f 4159/11452/1060 4723/11453/1060 4724/11454/1060 4160/11455/1060 

vt -60.8312 13
vt -60.8312 8.5
v 7.99395 8.5 -60.7012
vt -60.7012 8.5
vt -60.7012 13
f 4160/11456/169 4724/11457/169 4725/11458/169 4161/11459/169 

vt -33.4957 13
vn -0.651699 7.44992e-19 0.758477
vt -33.4957 8.5
v 8.34284 8.5 -60.4014
vt -33.0357 8.5
vt -33.0357 13
f 4161/11460/1061 4725/11461/1061 4726/11462/1061 4162/11463/1061 

vt 8.34284 13
vt 8.34284 8.5
v 8.71261 8.5 -60.4014
vt 8.71261 8.5
vt 8.71261 13
f 4162/11464/185 4726/11465/185 4727/11466/185 4163/11467/185 

vt -48.785 13
vn -0.876991 7.4027e-19 0.480507
vt -48.785 8.5
v 8.86156 8.5 -60.1296
vt -48.475 8.5
vt -48.475 13
f 4163/11468/1062 4727/11469/1062 4728/11470/1062 4164/11471/1062 

vt 8.86156 13
vt 8.86156 8.5
v 8.97156 8.5 -60.1296
vt 8.97156 8.5
vt 8.97156 13
f 4164/11472/185 4728/11473/185 4729/11474/185 4165/11475/185 

vt -58.6091 13
vn -0.992704 6.32409e-19 0.120578
vt -58.6091 8.5
v 9.03426 8.5 -59.6134
vt -58.0891 8.5
vt -58.0891 13
f 4165/11476/1063 4729/11477/1063 4730/11478/1063 4166/11479/1063 

vt 9.03426 13
vt 9.03426 8.5
v 9.18426 8.5 -59.6134
vt 9.18426 8.5
vt 9.18426 13
f 4166/11480/185 4730/11481/185 4731/11482/185 4167/11483/185 

vt -27.8788 13
vn -0.591844 7.33489e-19 0.806053
vt -27.8788 8.5
v 9.49056 8.5 -59.3884
vt -27.4988 8.5
vt -27.4988 13
f 4167/11484/1064 4731/11485/1064 4732/11486/1064 4168/11487/1064 

vt 9.49056 13
vt 9.49056 8.5
v 9.73056 8.5 -59.3884
vt 9.73056 8.5
vt 9.73056 13
f 4168/11488/185 4732/11489/185 4733/11490/185 4169/11491/185 

vt -50.2729 13
vn -0.913257 7.25732e-19 0.407383
vt -50.2729 8.5
vt -49.9729 8.5
vt -49.9729 13
f 4169/11492/1065 4733/11493/1065 1751/11494/1065 4170/11495/1065 

vt 9.85278 13
vt 9.85278 8.5
v 9.98278 8.5 -59.1145
vt 9.98278 8.5
vt 9.98278 13
f 4170/11496/185 1751/11497/185 4734/11498/185 4171/11499/185 

vt -59.1145 13
vt -59.1145 8.5
v 9.98278 8.5 -57.6845
vt -57.6845 8.5
vt -57.6845 13
f 4171/11500/169 4734/11501/169 4735/11502/169 4172/11503/169 

vt -23.8218 13
vn -0.556727 7.25153e-19 0.830696
vt -23.8218 8.5
vt -23.2218 8.5
vt -23.2218 13
f 4172/11504/1066 4735/11505/1066 1748/11506/1066 4173/11507/1066 

vt 10.4812 13
vt 10.4812 8.5
vt 10.7112 8.5
vt 10.7112 13
f 4173/11508/185 1748/11509/185 1747/11510/185 4174/11511/185 

vt -45.2479 13
vn -0.878275 7.39871e-19 0.478155
vt -45.2479 8.5
vt -44.9679 8.5
vt -44.9679 13
f 4174/11512/1067 1747/11513/1067 1746/11514/1067 4175/11515/1067 

vt 10.8451 13
vt 10.8451 8.5
vt 10.9451 8.5
vt 10.9451 13
f 4175/11516/185 1746/11517/185 1745/11518/185 4176/11519/185 

vt 41.3697 13
vn 0.566512 7.26012e-20 0.824053
vt 41.3697 8.5
vt 41.6297 8.5
vt 41.6297 13
f 4176/11520/1068 1745/11521/1068 1744/11522/1068 4177/11523/1068 

vt 11.1593 13
vt 11.1593 8.5
vt 11.4193 8.5
vt 11.4193 13
f 4177/11524/185 1744/11525/185 1743/11526/185 4178/11527/185 

vt 47.906 13
vn 0.692953 -5.0535e-20 0.720983
vt 47.906 8.5
vt 48.116 8.5
vt 48.116 13
f 4178/11528/1069 1743/11529/1069 1742/11530/1069 4179/11531/1069 

vt 57.3973 13
vt 57.3973 8.5
vt 57.5973 8.5
vt 57.5973 13
f 4179/11532/164 1742/11533/164 1741/11534/164 4180/11535/164 

vt 39.2104 13
vn 0.507693 1.24803e-19 0.861538
vt 39.2104 8.5
vt 39.7004 8.5
vt 39.7004 13
f 4180/11536/1070 1741/11537/1070 1740/11538/1070 4181/11539/1070 

vt -57.8461 13
vt -57.8461 8.5
vt -57.7061 8.5
vt -57.7061 13
f 4181/11540/169 1740/11541/169 1739/11542/169 4182/11543/169 

vt -34.4862 13
vn -0.737886 7.54249e-19 0.674926
vt -34.4862 8.5
v 12.0671 8.5 -57.6249
vt -34.3762 8.5
vt -34.3762 13
f 4182/11544/1071 1739/11545/1071 4736/11546/1071 4183/11547/1071 

vt -23.7066 13
vn -0.581725 7.312e-19 0.813385
vt -23.7066 8.5
vt -23.4066 8.5
vt -23.4066 13
f 4183/11548/1072 4736/11549/1072 1737/11550/1072 4184/11551/1072 

vt -13.2953 13
vn -0.425361 6.853e-19 0.905024
vt -13.2953 8.5
v 12.5103 8.5 -57.3568
vt -13.0753 8.5
vt -13.0753 13
f 4184/11552/1073 1737/11553/1073 4737/11554/1073 4185/11555/1073 

vt 12.5103 13
vt 12.5103 8.5
v 12.7203 8.5 -57.3568
vt 12.7203 8.5
vt 12.7203 13
f 4185/11556/185 4737/11557/185 4738/11558/185 4186/11559/185 

vt -46.8061 13
vn -0.908653 7.28008e-19 0.417553
vt -46.8061 8.5
vt -46.5161 8.5
vt -46.5161 13
f 4186/11560/1074 4738/11561/1074 1734/11562/1074 4187/11563/1074 

vt 12.8413 13
vt 12.8413 8.5
vt 12.9513 8.5
vt 12.9513 13
f 4187/11564/185 1734/11565/185 1733/11566/185 4188/11567/185 

vt 44.9012 13
vn 0.606007 3.5887e-20 0.795459
vt 44.9012 8.5
vt 45.1412 8.5
vt 45.1412 13
f 4188/11568/1075 1733/11569/1075 1732/11570/1075 4189/11571/1075 

vt 13.1423 13
vt 13.1423 8.5
vt 13.4223 8.5
vt 13.4223 13
f 4189/11572/185 1732/11573/185 1731/11574/185 4190/11575/185 

vt 47.2465 13
vn 0.646535 -3.3571e-21 0.762884
vt 47.2465 8.5
v 13.5748 8.5 -57.3681
vt 47.4465 8.5
vt 47.4465 13
f 4190/11576/1076 1731/11577/1076 4739/11578/1076 4191/11579/1076 

vt 57.3681 13
vt 57.3681 8.5
v 13.5748 8.5 -57.6081
vt 57.6081 8.5
vt 57.6081 13
f 4191/11580/164 4739/11581/164 4740/11582/164 4192/11583/164 

vt 40.4454 13
vn 0.497696 1.33405e-19 0.867352
vt 40.4454 8.5
vt 40.9354 8.5
vt 40.9354 13
f 4192/11584/1077 4740/11585/1077 1728/11586/1077 4193/11587/1077 

vt -57.8519 13
vt -57.8519 8.5
vt -57.7119 8.5
vt -57.7119 13
f 4193/11588/169 1728/11589/169 1727/11590/169 4194/11591/169 

vt -25.7134 13
vn -0.633285 7.41844e-19 0.773918
vt -25.7134 8.5
v 14.3017 8.5 -57.465
vt -25.3234 8.5
vt -25.3234 13
f 4194/11592/1078 1727/11593/1078 4741/11594/1078 4195/11595/1078 

vt 4.63903 13
vn -0.164748 5.74122e-19 0.986336
vt 4.63903 8.5
vt 5.05903 8.5
vt 5.05903 13
f 4195/11596/1079 4741/11597/1079 1725/11598/1079 4196/11599/1079 

vt -42.1192 13
vn -0.863257 7.44108e-19 0.504765
vt -42.1192 8.5
v 14.8775 8.5 -57.1195
vt -41.7992 8.5
vt -41.7992 13
f 4196/11600/1080 1725/11601/1080 4742/11602/1080 4197/11603/1080 

vt 14.8775 13
vt 14.8775 8.5
vt 16.1275 8.5
vt 16.1275 13
f 4197/11604/185 4742/11605/185 1723/11606/185 4198/11607/185 

vt 26.8637 13
vn 0.193286 3.64628e-19 0.981143
vt 26.8637 8.5
vt 27.1737 8.5
vt 27.1737 13
f 4198/11608/1081 1723/11609/1081 1722/11610/1081 4199/11611/1081 

vt 53.2654 13
vn 0.737461 -9.84009e-20 0.675389
vt 53.2654 8.5
v 16.5667 8.5 -57.3269
vt 53.4654 8.5
vt 53.4654 13
f 4199/11612/1082 1722/11613/1082 4743/11614/1082 4200/11615/1082 

vt 57.3269 13
vt 57.3269 8.5
v 16.5667 8.5 -57.5369
vt 57.5369 8.5
vt 57.5369 13
f 4200/11616/164 4743/11617/164 4744/11618/164 4201/11619/164 

vt 42.859 13
vn 0.494658 1.36004e-19 0.869088
vt 42.859 8.5
v 16.9404 8.5 -57.7496
vt 43.289 8.5
vt 43.289 13
f 4201/11620/1083 4744/11621/1083 4745/11622/1083 4202/11623/1083 

vt 57.7496 13
vt 57.7496 8.5
v 16.9404 8.5 -58.9896
vt 58.9896 8.5
vt 58.9896 13
f 4202/11624/164 4745/11625/164 4746/11626/164 4203/11627/164 

vt 51.4333 13
vn 0.654874 -1.16474e-20 0.755738
vt 51.4333 8.5
vt 51.7233 8.5
vt 51.7233 13
f 4203/11628/1084 4746/11629/1084 1717/11630/1084 4204/11631/1084 

vt 17.1596 13
vt 17.1596 8.5
vt 17.4096 8.5
vt 17.4096 13
f 4204/11632/185 1717/11633/185 1716/11634/185 4205/11635/185 

vt 55.8632 13
vn 0.749068 -1.11371e-19 0.662494
vt 55.8632 8.5
vt 56.0632 8.5
vt 56.0632 13
f 4205/11636/1085 1716/11637/1085 1715/11638/1085 4206/11639/1085 

vt 59.3294 13
vt 59.3294 8.5
vt 59.5481 8.5
vt 59.5481 13
f 4206/11640/164 1715/11641/164 1714/11642/164 4207/11643/164 

vt 44.1069 13
vn 0.482698 1.4617e-19 0.875787
vt 44.1069 8.5
vt 44.6269 8.5
vt 44.6269 13
f 4207/11644/1086 1714/11645/1086 1713/11646/1086 4208/11647/1086 

vt -59.7991 13
vt -59.7991 8.5
vt -59.6291 8.5
vt -59.6291 13
f 4208/11648/169 1713/11649/169 1712/11650/169 4209/11651/169 

vt -21.8321 13
vn -0.606181 7.3657e-19 0.795327
vt -21.8321 8.5
v 18.2997 8.5 -59.3988
vt -21.4521 8.5
vt -21.4521 13
f 4209/11652/1087 1712/11653/1087 4747/11654/1087 4210/11655/1087 

vt -1.36643 13
vn -0.315365 6.4305e-19 0.94897
vt -1.36643 8.5
vt -1.14643 8.5
vt -1.14643 13
f 4210/11656/1088 4747/11657/1088 1710/11658/1088 4211/11659/1088 

vt 18.5085 13
vt 18.5085 8.5
vt 18.7085 8.5
vt 18.7085 13
f 4211/11660/185 1710/11661/185 1709/11662/185 4212/11663/185 

vt -44.2827 13
vn -0.890103 7.35834e-19 0.455759
vt -44.2827 8.5
vt -43.9727 8.5
vt -43.9727 13
f 4212/11664/1089 1709/11665/1089 1708/11666/1089 4213/11667/1089 

vt 18.8497 13
vt 18.8497 8.5
v 18.9497 8.5 -59.0534
vt 18.9497 8.5
vt 18.9497 13
f 4213/11668/185 1708/11669/185 4748/11670/185 4214/11671/185 

vt 46.5 13
vn 0.51173 1.21309e-19 0.859146
vt 46.5 8.5
vt 46.75 8.5
vt 46.75 13
f 4214/11672/1090 4748/11673/1090 1706/11674/1090 4215/11675/1090 

vt 19.1645 13
vt 19.1645 8.5
vt 19.4145 8.5
vt 19.4145 13
f 4215/11676/185 1706/11677/185 1705/11678/185 4216/11679/185 

vt 50.7952 13
vn 0.594517 4.67165e-20 0.804083
vt 50.7952 8.5
v 19.5673 8.5 -59.2943
vt 50.9852 8.5
vt 50.9852 13
f 4216/11680/1091 1705/11681/1091 4749/11682/1091 4217/11683/1091 

vt 59.2943 13
vt 59.2943 8.5
v 19.5673 8.5 -59.5223
vt 59.5223 8.5
vt 59.5223 13
f 4217/11684/164 4749/11685/164 4750/11686/164 4218/11687/164 

vt 44.1608 13
vn 0.448019 1.75072e-19 0.894024
vt 44.1608 8.5
vt 44.4908 8.5
vt 44.4908 13
f 4218/11688/1092 4750/11689/1092 1702/11690/1092 4219/11691/1092 

vt 61.8869 13
vn 0.877536 -2.74479e-19 0.47951
vt 61.8869 8.5
vt 62.1069 8.5
vt 62.1069 13
f 4219/11692/1093 1702/11693/1093 1701/11694/1093 4220/11695/1093 

vt 59.8632 13
vt 59.8632 8.5
vt 60.0332 8.5
vt 60.0332 13
f 4220/11696/164 1701/11697/164 1700/11698/164 4221/11699/164 

vt 53.393 13
vn 0.631487 1.14115e-20 0.775386
vt 53.393 8.5
vt 53.633 8.5
vt 53.633 13
f 4221/11700/1094 1700/11701/1094 1699/11702/1094 4222/11703/1094 

vt 20.1539 13
vt 20.1539 8.5
vt 20.4139 8.5
vt 20.4139 13
f 4222/11704/185 1699/11705/185 1698/11706/185 4223/11707/185 

vt 54.5932 13
vn 0.64906 -5.85962e-21 0.760737
vt 54.5932 8.5
v 20.5813 8.5 -60.3276
vt 54.8132 8.5
vt 54.8132 13
f 4223/11708/1095 1698/11709/1095 4751/11710/1095 4224/11711/1095 

vt 60.3276 13
vt 60.3276 8.5
v 20.5813 8.5 -60.5379
vt 60.5379 8.5
vt 60.5379 13
f 4224/11712/164 4751/11713/164 4752/11714/164 4225/11715/164 

vt 43.9443 13
vn 0.416874 2.00331e-19 0.908964
vt 43.9443 8.5
vt 44.2743 8.5
vt 44.2743 13
f 4225/11716/1096 4752/11717/1096 1695/11718/1096 4226/11719/1096 

vt 62.0124 13
vn 0.830169 -2.09225e-19 0.557512
vt 62.0124 8.5
vt 62.2424 8.5
vt 62.2424 13
f 4226/11720/1097 1695/11721/1097 1694/11722/1097 4227/11723/1097 

vt 60.8664 13
vt 60.8664 8.5
vt 61.0564 8.5
vt 61.0564 13
f 4227/11724/164 1694/11725/164 1693/11726/164 4228/11727/164 

vt 21.0095 13
vt 21.0095 8.5
vt 27.9795 8.5
vt 27.9795 13
f 4228/11728/185 1693/11729/185 1692/11730/185 4229/11731/185 

vt -61.0564 13
vt -61.0564 8.5
vt -60.6264 8.5
vt -60.6264 13
f 4229/11732/169 1692/11733/169 1691/11734/169 4230/11735/169 

vt -13.3582 13
vn -0.592211 7.33571e-19 0.805783
vt -13.3582 8.5
vt -12.9482 8.5
vt -12.9482 13
f 4230/11736/1098 1691/11737/1098 1690/11738/1098 4231/11739/1098 

vt 19.4976 13
vn -0.141237 5.62299e-19 0.989976
vt 19.4976 8.5
vt 19.9076 8.5
vt 19.9076 13
f 4231/11740/1099 1690/11741/1099 1689/11742/1099 4232/11743/1099 

vt -37.263 13
vn -0.860334 7.44829e-19 0.50973
vt -37.263 8.5
vt -36.963 8.5
vt -36.963 13
f 4232/11744/1100 1689/11745/1100 1688/11746/1100 4233/11747/1100 

vt 28.8686 13
vt 28.8686 8.5
vt 28.9986 8.5
vt 28.9986 13
f 4233/11748/185 1688/11749/185 1687/11750/185 4234/11751/185 

vt -60.0676 13
vt -60.0676 8.5
vt -59.6276 8.5
vt -59.6276 13
f 4234/11752/169 1687/11753/169 1686/11754/169 4235/11755/169 

vt -7.20528 13
vn -0.532486 7.18784e-19 0.846439
vt -7.20528 8.5
vt -6.61528 8.5
vt -6.61528 13
f 4235/11756/1101 1686/11757/1101 1685/11758/1101 4236/11759/1101 

vt 29.498 13
vt 29.498 8.5
v 29.718 8.5 -59.3134
vt 29.718 8.5
vt 29.718 13
f 4236/11760/185 1685/11761/185 4753/11762/185 4237/11763/185 

vt -36.4479 13
vn -0.865483 7.43537e-19 0.500938
vt -36.4479 8.5
v 29.8633 8.5 -59.0625
vt -36.1579 8.5
vt -36.1579 13
f 4237/11764/1102 4753/11765/1102 4754/11766/1102 4238/11767/1102 

vt 29.8633 13
vt 29.8633 8.5
vt 29.9886 8.5
vt 29.9886 13
f 4238/11768/185 4754/11769/185 1682/11770/185 4239/11771/185 

vt -59.0625 8.5
vt -58.6325 8.5
vt -58.6325 13
f 4239/3482/169 1682/11772/169 1681/11773/169 4240/11774/169 

vt -11.2827 13
vn -0.60116 7.35513e-19 0.799129
vt -11.2827 8.5
vt -10.9727 8.5
vt -10.9727 13
f 4240/11775/1103 1681/11776/1103 1680/11777/1103 4241/11778/1103 

vt 30.2364 13
vt 30.2364 8.5
v 30.4064 8.5 -58.4461
vt 30.4064 8.5
vt 30.4064 13
f 4241/11779/185 1680/11780/185 4755/11781/185 4242/11782/185 

vt -25.7014 13
vn -0.771035 7.54898e-19 0.636793
vt -25.7014 8.5
vt -25.5414 8.5
vt -25.5414 13
f 4242/11783/1104 4755/11784/1104 1678/11785/1104 4243/11786/1104 

vt 30.5083 13
vt 30.5083 8.5
v 30.7283 8.5 -58.3227
vt 30.7283 8.5
vt 30.7283 13
f 4243/11787/185 1678/11788/185 4756/11789/185 4244/11790/185 

vt -37.5985 13
vn -0.887474 7.3679e-19 0.460858
vt -37.5985 8.5
v 30.8619 8.5 -58.0654
vt -37.3085 8.5
vt -37.3085 13
f 4244/11791/1105 4756/11792/1105 4757/11793/1105 4245/11794/1105 

vt 30.8619 13
vt 30.8619 8.5
vt 30.9919 8.5
vt 30.9919 13
f 4245/11795/185 4757/11796/185 1675/11797/185 4246/11798/185 

vt -58.0654 13
vt -58.0654 8.5
vt -51.9954 8.5
vt -51.9954 13
f 4246/11799/169 1675/11800/169 1674/11801/169 4247/11802/169 

vt -30.9919 13
vt -30.9919 8.5
vt -30.6419 8.5
vt -30.6419 13
f 4247/11803/165 1674/11804/165 1673/11805/165 4248/11806/165 

vt -58.929 13
vn -0.731578 9.19082e-20 -0.681757
vt -58.929 8.5
vt -58.109 8.5
vt -58.109 13
f 4248/11807/1106 1673/11808/1106 1672/11809/1106 4249/11810/1106 

vt -56.6826 13
vn -0.976364 4.59483e-19 -0.216134
vt -56.6826 8.5
v 29.9964 8.5 -51.0049
vt -56.2826 8.5
vt -56.2826 13
f 4249/11811/1107 1672/11812/1107 4758/11813/1107 4250/11814/1107 

vt -29.9964 13
vt -29.9964 8.5
v 29.6325 8.5 -51.0049
vt -29.6325 8.5
vt -29.6325 13
f 4250/11815/165 4758/11816/165 4759/11817/165 4251/11818/165 

vt -57.6174 13
vn -0.736913 9.77934e-20 -0.675988
vt -57.6174 8.5
vt -56.7774 8.5
vt -56.7774 13
f 4251/11819/1108 4759/11820/1108 1669/11821/1108 4252/11822/1108 

vt -55.2925 13
vn -0.978553 4.65672e-19 -0.205995
vt -55.2925 8.5
vt -54.9225 8.5
vt -54.9225 13
f 4252/11823/1109 1669/11824/1109 1668/11825/1109 4253/11826/1109 

vt -28.9884 13
vt -28.9884 8.5
vt -20.9584 8.5
vt -20.9584 13
f 4253/11827/165 1668/11828/165 1667/11829/165 4254/11830/165 

vt 50.0239 13
vt 50.0239 8.5
vt 50.4139 8.5
vt 50.4139 13
f 4254/11831/164 1667/11832/164 1666/11833/164 4255/11834/164 

vt 34.9482 13
vn 0.885996 -7.37312e-19 -0.463693
vt 34.9482 8.5
vt 35.1982 8.5
vt 35.1982 13
f 4255/11835/1110 1666/11836/1110 1665/11837/1110 4256/11838/1110 

vt -20.8425 13
vt -20.8425 8.5
vt -20.5725 8.5
vt -20.5725 13
f 4256/11839/165 1665/11840/165 1664/11841/165 4257/11842/165 

vt 28.9594 13
vn 0.810115 -7.5296e-19 -0.586271
vt 28.9594 8.5
vt 29.4194 8.5
vt 29.4194 13
f 4257/11843/1111 1664/11844/1111 1663/11845/1111 4258/11846/1111 

vt -20.3028 13
vt -20.3028 8.5
vt -19.9528 8.5
vt -19.9528 13
f 4258/11847/165 1663/11848/165 1662/11849/165 4259/11850/165 

vt 51.008 13
vt 51.008 8.5
vt 51.388 8.5
vt 51.388 13
f 4259/11851/164 1662/11852/164 1661/11853/164 4260/11854/164 

vt 36.3183 13
vn 0.886451 -7.37153e-19 -0.462823
vt 36.3183 8.5
vt 36.5583 8.5
vt 36.5583 13
f 4260/11855/1112 1661/11856/1112 1660/11857/1112 4261/11858/1112 

vt -19.8418 13
vt -19.8418 8.5
vt -19.6118 8.5
vt -19.6118 13
f 4261/11859/165 1660/11860/165 1659/11861/165 4262/11862/165 

vt 25.9766 13
vn 0.753353 -7.54787e-19 -0.657616
vt 25.9766 8.5
vt 26.4266 8.5
vt 26.4266 13
f 4262/11863/1113 1659/11864/1113 1658/11865/1113 4263/11866/1113 

vt -13.0777 13
vn 0.117526 -5.50094e-19 -0.99307
vt -13.0777 8.5
v 18.6306 8.5 -52.0209
vt -12.3877 8.5
vt -12.3877 13
f 4263/11867/1114 1658/11868/1114 4760/11869/1114 4264/11870/1114 

vt -51.4288 13
vn -0.752927 1.15734e-19 -0.658104
vt -51.4288 8.5
vt -50.5388 8.5
vt -50.5388 13
f 4264/11871/1115 4760/11872/1115 1656/11873/1115 4265/11874/1115 

vt 25.7179 13
vn 0.737969 -7.54253e-19 -0.674834
vt 25.7179 8.5
vt 26.0279 8.5
vt 26.0279 13
f 4265/11875/1116 1656/11876/1116 1655/11877/1116 4266/11878/1116 

vt -17.8357 13
vt -17.8357 8.5
vt -17.5957 8.5
vt -17.5957 13
f 4266/11879/165 1655/11880/165 1654/11881/165 4267/11882/165 

vt 28.6589 13
vn 0.772325 -7.54884e-19 -0.635228
vt 28.6589 8.5
vt 29.1489 8.5
vt 29.1489 13
f 4267/11883/1117 1654/11884/1117 1653/11885/1117 4268/11886/1117 

vt -17.2844 13
vt -17.2844 8.5
vt -16.9484 8.5
vt -16.9484 13
f 4268/11887/165 1653/11888/165 1652/11889/165 4269/11890/165 

vt 51.958 13
vt 51.958 8.5
vt 53.358 8.5
vt 53.358 13
f 4269/11891/164 1652/11892/164 1651/11893/164 4270/11894/164 

vt 36.6286 13
vn 0.852504 -7.4661e-19 -0.522721
vt 36.6286 8.5
vt 36.8686 8.5
vt 36.8686 13
f 4270/11895/1118 1651/11896/1118 1650/11897/1118 4271/11898/1118 

vt -16.823 13
vt -16.823 8.5
vt -16.603 8.5
vt -16.603 13
f 4271/11899/165 1650/11900/165 1649/11901/165 4272/11902/165 

vt 32.4897 13
vn 0.794721 -7.54113e-19 -0.606974
vt 32.4897 8.5
vt 32.9797 8.5
vt 32.9797 13
f 4272/11903/1119 1649/11904/1119 1648/11905/1119 4273/11906/1119 

vt -14.1095 13
vn 0.0404569 -5.08509e-19 -0.999181
vt -14.1095 8.5
vt -12.4195 8.5
vt -12.4195 13
f 4273/11907/1120 1648/11908/1120 1647/11909/1120 4274/11910/1120 

vt -50.4454 13
vn -0.757029 1.20397e-19 -0.653382
vt -50.4454 8.5
vt -49.5454 8.5
vt -49.5454 13
f 4274/11911/1121 1647/11912/1121 1646/11913/1121 4275/11914/1121 

vt 30.4052 13
vn 0.745374 -7.54558e-19 -0.666647
vt 30.4052 8.5
v 13.8222 8.5 -53.5701
vt 30.7152 8.5
vt 30.7152 13
f 4275/11915/1122 1646/11916/1122 4761/11917/1122 4276/11918/1122 

vt -13.8222 13
vt -13.8222 8.5
vt -13.5922 8.5
vt -13.5922 13
f 4276/11919/165 4761/11920/165 1644/11921/165 4277/11922/165 

vt 33.6381 13
vn 0.785083 -7.5457e-19 -0.61939
vt 33.6381 8.5
vt 34.1181 8.5
vt 34.1181 13
f 4277/11923/1123 1644/11924/1123 1643/11925/1123 4278/11926/1123 

vt -7.91269 13
vn 0.0985689 -5.40135e-19 -0.99513
vt -7.91269 8.5
v 12.6381 8.5 -54.012
vt -7.25269 8.5
vt -7.25269 13
f 4278/11927/1124 1643/11928/1124 4762/11929/1124 4279/11930/1124 

vt -47.5185 13
vn -0.716566 7.5577e-20 -0.697519
vt -47.5185 8.5
v 11.9825 8.5 -53.3384
vt -46.5785 8.5
vt -46.5785 13
f 4279/11931/1125 4762/11932/1125 4763/11933/1125 4280/11934/1125 

vt 37.2627 13
vn 0.825426 -7.51246e-19 -0.56451
vt 37.2627 8.5
v 11.8075 8.5 -53.5943
vt 37.5727 8.5
vt 37.5727 13
f 4280/11935/1126 4763/11936/1126 4764/11937/1126 4281/11938/1126 

vt -11.8075 13
vt -11.8075 8.5
v 11.5782 8.5 -53.5943
vt -11.5782 8.5
vt -11.5782 13
f 4281/11939/165 4764/11940/165 4765/11941/165 4282/11942/165 

vt 37.2657 13
vn 0.819221 -7.52013e-19 -0.573477
vt 37.2657 8.5
vt 37.7057 8.5
vt 37.7057 13
f 4282/11943/1127 4765/11944/1127 1638/11945/1127 4283/11946/1127 

vt -6.57241 13
vn 0.0873003 -5.34132e-19 -0.996182
vt -6.57241 8.5
vt -5.87241 8.5
vt -5.87241 13
f 4283/11947/1128 1638/11948/1128 1637/11949/1128 4284/11950/1128 

vt -48.073 13
vn -0.762726 1.26924e-19 -0.646722
vt -48.073 8.5
v 10.1888 8.5 -53.4972
vt -47.393 8.5
vt -47.393 13
f 4284/11951/1129 1637/11952/1129 4766/11953/1129 4285/11954/1129 

vt -51.4554 13
vn -0.866892 2.59108e-19 -0.498496
vt -51.4554 8.5
v 9.98443 8.5 -53.1418
vt -51.0454 8.5
vt -51.0454 13
f 4285/11955/1130 4766/11956/1130 4767/11957/1130 4286/11958/1130 

vt -53.1418 13
vt -53.1418 8.5
v 9.98443 8.5 -52.0118
vt -52.0118 8.5
vt -52.0118 13
f 4286/11959/169 4767/11960/169 4768/11961/169 4287/11962/169 

vt -9.98443 13
vt -9.98443 8.5
v 9.62443 8.5 -52.0118
vt -9.62443 8.5
vt -9.62443 13
f 4287/11963/165 4768/11964/165 4769/11965/165 4288/11966/165 

vt -45.13 13
vn -0.744057 1.05745e-19 -0.668116
vt -45.13 8.5
v 9.04317 8.5 -51.3644
vt -44.26 8.5
vt -44.26 13
f 4288/11967/1131 4769/11968/1131 4770/11969/1131 4289/11970/1131 

vt -52.1035 13
vn -0.991554 5.10234e-19 -0.129693
vt -52.1035 8.5
v 8.99778 8.5 -51.0174
vt -51.7535 8.5
vt -51.7535 13
f 4289/11971/1132 4770/11972/1132 4771/11973/1132 4290/11974/1132 

vt -8.99778 13
vt -8.99778 8.5
v 8.63778 8.5 -51.0174
vt -8.63778 8.5
vt -8.63778 13
f 4290/11975/165 4771/11976/165 4772/11977/165 4291/11978/165 

vt -42.9751 13
vn -0.725911 8.57039e-20 -0.687788
vt -42.9751 8.5
v 8.01189 8.5 -50.3568
vt -42.0651 8.5
vt -42.0651 13
f 4291/11979/1133 4772/11980/1133 4773/11981/1133 4292/11982/1133 

vt 32.6814 13
vn 0.753582 -7.54792e-19 -0.657354
vt 32.6814 8.5
v 7.80811 8.5 -50.5904
vt 32.9914 8.5
vt 32.9914 13
f 4292/11983/1134 4773/11984/1134 4774/11985/1134 4293/11986/1134 

vt -7.80811 13
vt -7.80811 8.5
v 7.56811 8.5 -50.5904
vt -7.56811 8.5
vt -7.56811 13
f 4293/11987/165 4774/11988/165 4775/11989/165 4294/11990/165 

vt 36.9095 13
vn 0.81604 -7.52368e-19 -0.577995
vt 36.9095 8.5
v 7.31958 8.5 -50.9413
vt 37.3395 8.5
vt 37.3395 13
f 4294/11991/1135 4775/11992/1135 4776/11993/1135 4295/11994/1135 

vt -2.02119 13
vn 0.103242 -5.42607e-19 -0.994656
vt -2.02119 8.5
v 6.92171 8.5 -50.9826
vt -1.62119 8.5
vt -1.62119 13
f 4295/11995/1136 4776/11996/1136 4777/11997/1136 4296/11998/1136 

vt 50.9826 13
vt 50.9826 8.5
v 6.92171 8.5 -51.3789
vt 51.3789 8.5
vt 51.3789 13
f 4296/11999/164 4777/12000/164 4778/12001/164 4297/12002/164 

vt 43.1191 13
vn 0.898402 -7.32579e-19 -0.439173
vt 43.1191 8.5
v 6.8207 8.5 -51.5855
vt 43.3491 8.5
vt 43.3491 13
f 4297/12003/1137 4778/12004/1137 4779/12005/1137 4298/12006/1137 

vt -6.8207 13
vt -6.8207 8.5
v 6.5807 8.5 -51.5855
vt -6.5807 8.5
vt -6.5807 13
f 4298/12007/165 4779/12008/165 4780/12009/165 4299/12010/165 

vt 38.5084 13
vn 0.819588 -7.51971e-19 -0.572954
vt 38.5084 8.5
vt 38.9584 8.5
vt 38.9584 13
f 4299/12011/1138 4780/12012/1138 1621/12013/1138 4300/12014/1138 

vt -1.74333 13
vn 0.087677 -5.34334e-19 -0.996149
vt -1.74333 8.5
v 5.63553 8.5 -52.0148
vt -1.05333 8.5
vt -1.05333 13
f 4300/12015/1139 1621/12016/1139 4781/12017/1139 4301/12018/1139 

vt -42.6032 13
vn -0.747032 1.09081e-19 -0.664788
vt -42.6032 8.5
v 5.03722 8.5 -51.3425
f 4301/12019/1140 4781/12020/1140 4782/10326/1140 4302/10327/1140 

vt 37.1412 13
vn 0.78427 -7.546e-19 -0.62042
vt 37.1412 8.5
v 4.84489 8.5 -51.5856
vt 37.4512 8.5
vt 37.4512 13
f 4302/12021/1141 4782/12022/1141 4783/12023/1141 4303/12024/1141 

vt -4.84489 13
vt -4.84489 8.5
v 4.57489 8.5 -51.5856
vt -4.57489 8.5
vt -4.57489 13
f 4303/12025/165 4783/12026/165 4784/12027/165 4304/12028/165 

vt 39.9927 13
vn 0.825343 -7.51257e-19 -0.564632
vt 39.9927 8.5
v 4.30952 8.5 -51.9735
vt 40.4627 8.5
vt 40.4627 13
f 4304/12029/1142 4784/12030/1142 4785/12031/1142 4305/12032/1142 

vt -4.30952 13
vt -4.30952 8.5
v 4.00952 8.5 -51.9735
vt -4.00952 8.5
vt -4.00952 13
f 4305/12033/165 4785/12034/165 4786/12035/165 4306/12036/165 

vt 49.3556 13
vn 0.968761 -6.80432e-19 -0.247996
vt 49.3556 8.5
v 3.85328 8.5 -52.5838
vt 49.9856 8.5
vt 49.9856 13
f 4306/12037/1143 4786/12038/1143 4787/12039/1143 4307/12040/1143 

vt -3.85328 13
vt -3.85328 8.5
v 3.57328 8.5 -52.5838
vt -3.57328 8.5
vt -3.57328 13
f 4307/12041/165 4787/12042/165 4788/12043/165 4308/12044/165 

vt 42.1347 13
vn 0.838333 -7.49312e-19 -0.545159
vt 42.1347 8.5
v 3.32251 8.5 -52.9695
vt 42.5947 8.5
vt 42.5947 13
f 4308/12045/1144 4788/12046/1144 4789/12047/1144 4309/12048/1144 

vt -3.32251 13
vt -3.32251 8.5
v 2.93251 8.5 -52.9695
vt -2.93251 8.5
vt -2.93251 13
f 4309/12049/165 4789/12050/165 4790/12051/165 4310/12052/165 

vt 52.9695 13
vt 52.9695 8.5
v 2.93251 8.5 -53.3663
vt 53.3663 8.5
vt 53.3663 13
f 4310/12053/164 4790/12054/164 4791/12055/164 4311/12056/164 

vt 45.8592 13
vn 0.884922 -7.37685e-19 -0.46574
vt 45.8592 8.5
v 2.82073 8.5 -53.5786
vt 46.0992 8.5
vt 46.0992 13
f 4311/12057/1145 4791/12058/1145 4792/12059/1145 4312/12060/1145 

vt -2.82073 13
vt -2.82073 8.5
v 2.58073 8.5 -53.5786
vt -2.58073 8.5
vt -2.58073 13
f 4312/12061/165 4792/12062/165 4793/12063/165 4313/12064/165 

vt 43.439 13
vn 0.837102 -7.49517e-19 -0.547047
vt 43.439 8.5
v 2.33456 8.5 -53.9553
vt 43.889 8.5
vt 43.889 13
f 4313/12065/1146 4793/12066/1146 4794/12067/1146 4314/12068/1146 

vt 2.82331 13
vn 0.0953978 -5.38452e-19 -0.995439
vt 2.82331 8.5
v 1.61784 8.5 -54.024
vt 3.54331 8.5
vt 3.54331 13
f 4314/12069/1147 4794/12070/1147 4795/12071/1147 4315/12072/1147 

vt -42.701 13
vn -0.77135 1.36916e-19 -0.636411
vt -42.701 8.5
v 1.0578 8.5 -53.3452
vt -41.821 8.5
vt -41.821 13
f 4315/12073/1148 4795/12074/1148 4796/12075/1148 4316/12076/1148 

vt 40.1883 13
vn 0.766107 -7.54924e-19 -0.642713
vt 40.1883 8.5
v 0.845704 8.5 -53.5981
vt 40.5183 8.5
vt 40.5183 13
f 4316/12077/1149 4796/12078/1149 4797/12079/1149 4317/12080/1149 

vt -0.845704 13
vt -0.845704 8.5
v 0.585704 8.5 -53.5981
vt -0.585704 8.5
vt -0.585704 13
f 4317/12081/165 4797/12082/165 4798/12083/165 4318/12084/165 

vt 43.908 13
vn 0.825378 -7.51253e-19 -0.564581
vt 43.908 8.5
v 0.297767 8.5 -54.019
vt 44.418 8.5
vt 44.418 13
f 4318/12085/1150 4798/12086/1150 4799/12087/1150 4319/12088/1150 

vt -0.297767 13
vt -0.297767 8.5
v -2.38182 8.5 -54.019
vt 2.38182 8.5
vt 2.38182 13
f 4319/12089/165 4799/12090/165 4800/12091/165 4320/12092/165 

vt -40.0249 13
vn -0.76912 1.34319e-19 -0.639104
vt -40.0249 8.5
v -2.95702 8.5 -53.3268
vt -39.1249 8.5
vt -39.1249 13
f 4320/12093/1151 4800/12094/1151 4801/12095/1151 4321/12096/1151 

vt 43.6954 13
vn 0.78504 -7.54572e-19 -0.619445
vt 43.6954 8.5
v -3.16763 8.5 -53.5937
vt 44.0354 8.5
vt 44.0354 13
f 4321/12097/1152 4801/12098/1152 4802/12099/1152 4322/12100/1152 

vt 3.16763 13
vt 3.16763 8.5
v -3.40763 8.5 -53.5937
vt 3.40763 8.5
vt 3.40763 13
f 4322/12101/165 4802/12102/165 4803/12103/165 4323/12104/165 

vt 46.6234 13
vn 0.83495 -7.49865e-19 -0.550326
vt 46.6234 8.5
v -3.6938 8.5 -54.0279
vt 47.1434 8.5
vt 47.1434 13
f 4323/12105/1153 4803/12106/1153 4804/12107/1153 4324/12108/1153 

vt 3.6938 13
vt 3.6938 8.5
v -6.3638 8.5 -54.0279
vt 6.3638 8.5
vt 6.3638 13
f 4324/12109/165 4804/12110/165 4805/12111/165 4325/12112/165 

vt -31.509 13
vn -0.670577 2.74734e-20 -0.74184
vt -31.509 8.5
v -6.63828 8.5 -53.7798
vt -31.139 8.5
vt -31.139 13
f 4325/12113/1154 4805/12114/1154 4806/12115/1154 4326/12116/1154 

vt -49.5563 13
vn -0.957194 4.12808e-19 -0.289446
vt -49.5563 8.5
v -6.71643 8.5 -53.5213
vt -49.2863 8.5
vt -49.2863 13
f 4326/12117/1155 4806/12118/1155 4807/12119/1155 4327/12120/1155 

vt -19.082 13
vn -0.467467 -1.58969e-19 -0.884011
vt -19.082 8.5
v -6.92859 8.5 -53.4091
vt -18.842 8.5
vt -18.842 13
f 4327/12121/1156 4807/12122/1156 4808/12123/1156 4328/12124/1156 

vt -50.7646 13
vn -0.977718 4.63281e-19 -0.209925
vt -50.7646 8.5
v -7.01256 8.5 -53.018
vt -50.3646 8.5
vt -50.3646 13
f 4328/12125/1157 4808/12126/1157 4809/12127/1157 4329/12128/1157 

vt 7.01256 13
vt 7.01256 8.5
v -7.37041 8.5 -53.018
vt 7.37041 8.5
vt 7.37041 13
f 4329/12129/165 4809/12130/165 4810/12131/165 4330/12132/165 

vt -33.8493 13
vn -0.733011 9.34842e-20 -0.680217
vt -33.8493 8.5
v -8.00301 8.5 -52.3363
vt -32.9193 8.5
vt -32.9193 13
f 4330/12133/1158 4810/12134/1158 4811/12135/1158 4331/12136/1158 

vt 46.5764 13
vn 0.797734 -7.5393e-19 -0.60301
vt 46.5764 8.5
v -8.18994 8.5 -52.5836
vt 46.8864 8.5
vt 46.8864 13
f 4331/12137/1159 4811/12138/1159 4812/12139/1159 4332/12140/1159 

vt 8.18994 13
vt 8.18994 8.5
vt 8.40994 8.5
vt 8.40994 13
f 4332/12141/165 4812/12142/165 1588/12143/165 4333/12144/165 

vt 47.4685 13
vn 0.808633 -7.53095e-19 -0.588314
vt 47.4685 8.5
v -8.68645 8.5 -52.9637
vt 47.9385 8.5
vt 47.9385 13
f 4333/12145/1160 1588/12146/1160 4813/12147/1160 4334/12148/1160 

vt 8.68645 13
vt 8.68645 8.5
v -9.04888 8.5 -52.9637
vt 9.04888 8.5
vt 9.04888 13
f 4334/12149/165 4813/12150/165 4814/12151/165 4335/12152/165 

vt 52.9637 13
vt 52.9637 8.5
v -9.04888 8.5 -53.3637
vt 53.3637 8.5
vt 53.3637 13
f 4335/12153/164 4814/12154/164 4815/12155/164 4336/12156/164 

vt 50.5519 13
vn 0.861092 -7.44645e-19 -0.50845
vt 50.5519 8.5
v -9.18107 8.5 -53.5876
vt 50.8119 8.5
vt 50.8119 13
f 4336/12157/1161 4815/12158/1161 4816/12159/1161 4337/12160/1161 

vt 9.18107 13
vt 9.18107 8.5
v -9.42107 8.5 -53.5876
vt 9.42107 8.5
vt 9.42107 13
f 4337/12161/165 4816/12162/165 4817/12163/165 4338/12164/165 

vt 48.9718 13
vn 0.811013 -7.52876e-19 -0.585028
vt 48.9718 8.5
v -9.71944 8.5 -54.0012
vt 49.4818 8.5
vt 49.4818 13
f 4338/12165/1162 4817/12166/1162 4818/12167/1162 4339/12168/1162 

vt 9.71944 13
vt 9.71944 8.5
vt 10.9928 8.5
vt 10.9928 13
f 4339/12169/165 4818/12170/165 2618/12171/165 2621/12172/165 

vt 40.9947 13
vt 40.9947 5
vt 49.9847 5
vt 49.9847 13
f 2626/12173/164 1996/12174/164 1995/12175/164 4340/12176/164 

vt -37.9785 13
vt -37.9785 5
vt -33.9402 5
vt -33.9402 13
f 4340/12177/165 1995/12178/165 2020/12179/165 4341/12180/165 

vt 50.3947 5
vt 50.3947 13
f 4341/12176/164 2020/12175/164 2019/12181/164 4342/12182/164 

vt 23.329 13
vn 0.834264 -7.49973e-19 -0.551366
vt 23.329 5
vt 23.559 5
vt 23.559 13
f 4342/12183/1163 2019/12184/1163 2018/12185/1163 4343/12186/1163 

vt -33.8134 13
vt -33.8134 5
vt -33.6034 5
vt -33.6034 13
f 4343/12187/165 2018/12188/165 2017/12189/165 4344/12190/165 

vt 17.8408 13
vn 0.773607 -7.54867e-19 -0.633665
vt 17.8408 5
vt 18.3308 5
vt 18.3308 13
f 4344/12191/1164 2017/12192/1164 2016/12193/1164 4345/12194/1164 

vt -33.2929 13
vt -33.2929 5
vt -33.0029 5
vt -33.0029 13
f 4345/12195/165 2016/12196/165 2015/12197/165 4346/12198/165 

vt 50.9656 13
vt 50.9656 5
vt 61.1356 5
vt 61.1356 13
f 4346/12199/164 2015/12200/164 2014/12201/164 4347/12202/164 

vt 41.2691 13
vn 0.140572 3.99435e-19 0.990071
vt 41.2691 5
vt 41.7091 5
vt 41.7091 13
f 4347/12203/1165 2014/12204/1165 2013/12205/1165 4348/12206/1165 

vt 68.4469 13
vn 0.769503 -1.34765e-19 0.638643
vt 68.4469 5
vt 68.6469 5
vt 68.6469 13
f 4348/12207/1166 2013/12208/1166 2012/12209/1166 4349/12210/1166 

vt 61.3514 13
vt 61.3514 5
vt 61.5414 5
vt 61.5414 13
f 4349/12211/164 2012/12212/164 2011/12213/164 4350/12214/164 

vt 61.2464 13
vn 0.534088 1.01724e-19 0.845429
vt 61.2464 5
vt 61.6964 5
vt 61.6964 13
f 4350/12215/1167 2011/12216/1167 2010/12217/1167 4351/12218/1167 

vt 70.1612 13
vn 0.825565 -2.03265e-19 0.564306
vt 70.1612 5
vt 70.2712 5
vt 70.2712 13
f 4351/12219/1168 2010/12220/1168 2009/12221/1168 4352/12222/1168 

vt 61.8725 13
vt 61.8725 5
vt 62.0725 5
vt 62.0725 13
f 4352/12223/164 2009/12224/164 2008/12225/164 4353/12226/164 

vt 34.0088 13
vt 34.0088 5
vt 45.9988 5
vt 45.9988 13
f 4353/12227/185 2008/12228/185 2007/12229/185 4354/12230/185 

vt -62.0725 13
vt -62.0725 5
vt -61.6325 5
vt -61.6325 13
f 4354/12231/169 2007/12232/169 2006/12233/169 4355/12234/169 

vt 0.902918 13
vn -0.588671 7.32781e-19 0.808373
vt 0.902918 5
vt 1.34292 5
vt 1.34292 13
f 4355/12235/1169 2006/12236/1169 2005/12237/1169 4356/12238/1169 

vt 31.524 13
vn -0.222679 6.02056e-19 0.974892
vt 31.524 5
vt 31.914 5
vt 31.914 13
f 4356/12239/1170 2005/12240/1170 2004/12241/1170 4357/12242/1170 

vt -29.0079 13
vn -0.861068 7.44651e-19 0.50849
vt -29.0079 5
vt -28.7179 5
vt -28.7179 13
f 4357/12243/1171 2004/12244/1171 2003/12245/1171 4358/12246/1171 

vt 46.8821 13
vt 46.8821 5
vt 47.0021 5
vt 47.0021 13
f 4358/12247/185 2003/12248/185 2002/12249/185 4359/12250/185 

vt -61.0369 13
vt -61.0369 5
vt -51.0069 5
vt -51.0069 13
f 4359/12251/169 2002/12252/169 2001/12253/169 4360/12254/169 

vt -47.0021 13
vt -47.0021 5
vt -46.6221 5
vt -46.6221 13
f 4360/12255/165 2001/12256/165 2000/12257/165 4361/12258/165 

vt -69.0918 13
vn -0.75056 1.13055e-19 -0.660803
vt -69.0918 5
vt -68.2318 5
vt -68.2318 13
f 4361/12259/1172 2000/12260/1172 1999/12261/1172 4362/12262/1172 

vt -57.8265 13
vn -0.983677 4.81282e-19 -0.179944
vt -57.8265 5
vt -57.4765 5
vt -57.4765 13
f 4362/12263/1173 1999/12264/1173 3/12265/1173 2634/12266/1173 

vt -54.9745 13
vt -54.9745 3
vt -50.9245 3
vt -50.9245 13
f 2670/12267/165 1150/12268/165 1149/12269/165 4363/12270/165 

vt 50.5672 3
vt 50.5672 13
f 4363/4624/164 1149/4709/164 1148/12271/164 4364/12272/164 

vt -50.5945 3
vt -50.5945 13
f 4364/12270/165 1148/12269/165 1147/12273/165 4365/12274/165 

vt 7.06167 13
vn 0.77363 -7.54866e-19 -0.633638
vt 7.06167 3
vt 7.55167 3
vt 7.55167 13
f 4365/12275/1174 1147/12276/1174 1146/12277/1174 4366/12278/1174 

vt -50.284 13
vt -50.284 3
vt -49.944 3
vt -49.944 13
f 4366/12279/165 1146/12280/165 1145/12281/165 4367/12282/165 

vt 50.9462 13
vt 50.9462 3
vt 51.4062 3
vt 51.4062 13
f 4367/12283/164 1145/12284/164 1144/12285/164 4368/12286/164 

vt 7.91907 13
vn 0.771813 -7.5489e-19 -0.63585
vt 7.91907 3
vt 8.15907 3
vt 8.15907 13
f 4368/12287/1175 1144/12288/1175 1143/12289/1175 4369/12290/1175 

vt -49.7914 13
vt -49.7914 3
vt -49.5814 3
vt -49.5814 13
f 4369/12291/165 1143/12292/165 1142/12293/165 4370/12294/165 

vt 8.86645 13
vn 0.776924 -7.54807e-19 -0.629595
vt 8.86645 3
vt 9.35645 3
vt 9.35645 13
f 4370/12295/1176 1142/12296/1176 1141/12297/1176 4371/12298/1176 

vt -49.2729 13
vt -49.2729 3
vt -49.0229 3
vt -49.0229 13
f 4371/12299/165 1141/12300/165 1140/12301/165 4372/12302/165 

vt 51.9722 13
vt 51.9722 3
vt 60.1122 3
vt 60.1122 13
f 4372/12303/164 1140/12304/164 1139/12305/164 4373/12306/164 

vt 60.2904 13
vn 0.204712 3.56896e-19 0.978822
vt 60.2904 3
vt 60.7104 3
vt 60.7104 13
f 4373/12307/1177 1139/12308/1177 1138/12309/1177 4374/12310/1177 

vt 77.4796 13
vn 0.703295 -6.14092e-20 0.710899
vt 77.4796 3
vt 77.6696 3
vt 77.6696 13
f 4374/12311/1178 1138/12312/1178 1137/12313/1178 4375/12314/1178 

vt 60.3318 13
vt 60.3318 3
vt 60.5418 3
vt 60.5418 13
f 4375/12315/164 1137/12316/164 1136/12317/164 4376/12318/164 

vt 72.4614 13
vn 0.47749 1.50565e-19 0.878637
vt 72.4614 3
vt 72.9114 3
vt 72.9114 13
f 4376/12319/1179 1136/12320/1179 1135/12321/1179 4377/12322/1179 

vt 60.7566 13
vt 60.7566 3
vt 61.1166 3
vt 61.1166 13
f 4377/12323/164 1135/12324/164 1134/12325/164 4378/12326/164 

vt 60.6866 13
vn 0.190391 3.66576e-19 0.981708
vt 60.6866 3
vt 61.1566 3
vt 61.1566 13
f 4378/12327/1180 1134/12328/1180 1133/12329/1180 4379/12330/1180 

vt 78.3006 13
vn 0.661266 -1.80553e-20 0.750151
vt 78.3006 3
vt 78.5306 3
vt 78.5306 13
f 4379/12331/1181 1133/12332/1181 1132/12333/1181 4380/12334/1181 

vt 61.3582 13
vt 61.3582 3
vt 61.5582 3
vt 61.5582 13
f 4380/12335/164 1132/12336/164 1131/12337/164 4381/12338/164 

vt 74.1247 13
vn 0.485595 1.43718e-19 0.874184
vt 74.1247 3
vt 74.5347 3
vt 74.5347 13
f 4381/12339/1182 1131/12340/1182 1130/12341/1182 4382/12342/1182 

vt 61.7573 13
vt 61.7573 3
vt 62.0573 3
vt 62.0573 13
f 4382/12343/164 1130/12344/164 1129/12345/164 4383/12346/164 

vt 50.9568 13
vt 50.9568 3
vt 59.9468 3
vt 59.9468 13
f 4383/12347/185 1129/12348/185 1128/12349/185 4384/12350/185 

vt 74.2581 13
vn 0.265204 3.14823e-19 0.964192
vt 74.2581 3
vt 74.7581 3
vt 74.7581 13
f 4384/12351/1183 1128/12352/1183 1127/12353/1183 4385/12354/1183 

vt 86.7122 13
vn 0.721093 -8.04667e-20 0.692838
vt 86.7122 3
vt 86.9222 3
vt 86.9222 13
f 4385/12355/1184 1127/12356/1184 1126/12357/1184 4386/12358/1184 

vt 62.3413 13
vt 62.3413 3
vt 62.5513 3
vt 62.5513 13
f 4386/12359/164 1126/12360/164 1125/12361/164 4387/12362/164 

vt 83.1182 13
vn 0.478422 1.4978e-19 0.87813
vt 83.1182 3
vt 83.5882 3
vt 83.5882 13
f 4387/12363/1185 1125/12364/1185 1124/12365/1185 4388/12366/1185 

vt -62.7762 13
vt -62.7762 3
vt -62.6162 3
vt -62.6162 13
f 4388/12367/169 1124/12368/169 1123/12369/169 4389/12370/169 

vt 13.8941 13
vn -0.574985 7.29624e-19 0.818164
vt 13.8941 3
vt 14.3241 3
vt 14.3241 13
f 4389/12371/1186 1123/12372/1186 1122/12373/1186 4390/12374/1186 

vt 47.5507 13
vn -0.201003 5.91806e-19 0.979591
vt 47.5507 3
vt 47.9707 3
vt 47.9707 13
f 4390/12375/1187 1122/12376/1187 1121/12377/1187 4391/12378/1187 

vt -24.0674 13
vn -0.871898 7.41783e-19 0.489687
vt -24.0674 3
vt -23.8274 3
vt -23.8274 13
f 4391/12379/1188 1121/12380/1188 1120/12381/1188 4392/12382/1188 

vt 61.8679 13
vt 61.8679 3
vt 62.027 3
vt 62.027 13
f 4392/12383/185 1120/12384/185 1119/12385/185 4393/12386/185 

vt -62.0753 13
vt -62.0753 3
vt -61.6453 3
vt -61.6453 13
f 4393/12387/169 1119/12388/169 1118/12389/169 4394/12390/169 

vt 13.1099 13
vn -0.595593 7.34314e-19 0.803286
vt 13.1099 3
vt 13.6799 3
vt 13.6799 13
f 4394/12391/1189 1118/12392/1189 1117/12393/1189 4395/12394/1189 

vt 62.4849 13
vt 62.4849 3
vt 62.7449 3
vt 62.7449 13
f 4395/12395/185 1117/12396/185 1116/12397/185 4396/12398/185 

vt -28.233 13
vn -0.902127 7.30993e-19 0.431471
vt -28.233 3
vt -27.933 3
vt -27.933 13
f 4396/12399/1190 1116/12400/1190 1115/12401/1190 4397/12402/1190 

vt 62.8743 13
vt 62.8743 3
vt 63.0043 3
vt 63.0043 13
f 4397/12403/185 1115/12404/185 1114/12405/185 4398/12406/185 

vt -61.0352 13
vt -61.0352 3
vt -51.0152 3
vt -51.0152 13
f 4398/12407/169 1114/12408/169 1113/12409/169 4399/12410/169 

vt -63.0043 13
vt -63.0043 3
vt -62.6143 3
vt -62.6143 13
f 4399/12411/165 1113/12412/165 1112/12413/165 4400/12414/165 

vt -79.902 13
vn -0.737963 9.89574e-20 -0.674841
vt -79.902 3
vt -79.522 3
vt -79.522 13
f 4400/12415/1191 1112/12416/1191 1111/12417/1191 4401/12418/1191 

vt -69.3243 13
vn -0.936979 3.7202e-19 -0.349385
vt -69.3243 3
vt -69.0943 3
vt -69.0943 13
f 4401/12419/1192 1111/12420/1192 1110/12421/1192 4402/12422/1192 

vt -62.2775 13
vt -62.2775 3
vt -62.1875 3
vt -62.1875 13
f 4402/12423/165 1110/12424/165 1109/12425/165 4403/12426/165 

vt -78.6621 13
vn -0.766519 1.31302e-19 -0.642222
vt -78.6621 3
vt -78.4621 3
vt -78.4621 13
f 4403/12427/1193 1109/12428/1193 1108/12429/1193 4404/12430/1193 

vt -59.0601 13
vn -0.988811 4.99188e-19 -0.149176
vt -59.0601 3
vt -58.7074 3
vt -58.7074 13
f 4404/12431/1194 1108/12432/1194 1107/12433/1194 4405/12434/1194 

vt -62.0065 13
vt -62.0065 3
vt -55.9745 3
vt -55.9745 13
f 4405/12435/165 1107/12436/165 1106/12437/165 2672/12438/165 

vt 70.0823 1
vt 70.0823 13
f 2706/4785/416 403/4784/416 446/12439/416 4406/12440/416 

vt -40.2912 13
vt -40.2912 1
vt -40.0982 1
vt -40.0982 13
f 4406/12441/169 446/12442/169 445/12443/169 4407/12444/169 

vt 64.1122 13
vt 64.1122 1
vt 64.4222 1
vt 64.4222 13
f 4407/12445/185 445/12446/185 444/12447/185 4408/12448/185 

vt 71.8197 13
vn 0.774195 -1.40242e-19 0.632947
vt 71.8197 1
vt 72.0597 1
vt 72.0597 13
f 4408/12449/1195 444/12450/1195 443/12451/1195 4409/12452/1195 

vt 40.284 13
vt 40.284 1
vt 40.484 1
vt 40.484 13
f 4409/12453/164 443/12454/164 442/12455/164 4410/12456/164 

vt 76.0648 13
vn 0.476908 1.51055e-19 0.878953
vt 76.0648 1
vt 76.4948 1
vt 76.4948 13
f 4410/12457/1196 442/12458/1196 441/12459/1196 4411/12460/1196 

vt 40.689 13
vt 40.689 1
vt 42.0355 1
vt 42.0355 13
f 4411/12461/164 441/12462/164 440/12463/164 4412/12464/164 

vt 71.3677 13
vn 0.177029 3.75513e-19 0.984206
vt 71.3677 1
vt 71.8677 1
vt 71.8677 13
f 4412/12465/1197 440/12466/1197 439/12467/1197 4413/12468/1197 

vt 73.2948 13
vn 0.792525 -1.62058e-19 0.609839
vt 73.2948 1
vt 73.4848 1
vt 73.4848 13
f 4413/12469/1198 439/12470/1198 438/12471/1198 4414/12472/1198 

vt 42.2746 13
vt 42.2746 1
vt 42.4946 1
vt 42.4946 13
f 4414/12473/164 438/12474/164 437/12475/164 4415/12476/164 

vt 77.7575 13
vn 0.459761 1.6538e-19 0.888042
vt 77.7575 1
vt 78.2075 1
vt 78.2075 13
f 4415/12477/1199 437/12478/1199 436/12479/1199 4416/12480/1199 

vt 42.7015 13
vt 42.7015 1
vt 45.0411 1
vt 45.0411 13
f 4416/12481/164 436/12482/164 435/12483/164 4417/12484/164 

vt 73.3403 13
vn 0.190753 3.66332e-19 0.981638
vt 73.3403 1
vt 73.7503 1
vt 73.7503 13
f 4417/12485/1200 435/12486/1200 434/12487/1200 4418/12488/1200 

vt 79.7622 13
vn 0.649674 -6.4687e-21 0.760213
vt 79.7622 1
vt 79.9722 1
vt 79.9722 13
f 4418/12489/1201 434/12490/1201 433/12491/1201 4419/12492/1201 

vt 45.2557 13
vt 45.2557 1
vt 45.4957 1
vt 45.4957 13
f 4419/12493/164 433/12494/164 432/12495/164 4420/12496/164 

vt 79.4301 13
vn 0.416749 2.00431e-19 0.909022
vt 79.4301 1
vt 79.8001 1
vt 79.8001 13
f 4420/12497/1202 432/12498/1202 431/12499/1202 4421/12500/1202 

vt 66.7217 13
vn 0.932452 -3.63622e-19 0.361293
vt 66.7217 1
vt 67.0809 1
vt 67.0809 13
f 4421/12501/1203 431/12502/1203 430/12503/1203 4422/12504/1203 

vt 66.9879 13
vt 66.9879 1
vt 68.9863 1
vt 68.9863 13
f 4422/12505/185 430/12506/185 429/12507/185 2745/12508/185 

vt 56.9948 3
vt 56.9948 13
f 2744/4842/164 1305/4841/164 1304/12509/164 4423/12510/164 

vt 68.9863 3
vt 69.9463 3
vt 69.9463 13
f 4423/12508/185 1304/12511/185 1303/12512/185 4424/12513/185 

vt 89.3496 13
vn 0.517698 1.16119e-19 0.855564
vt 89.3496 3
vt 89.5896 3
vt 89.5896 13
f 4424/12514/1204 1303/12515/1204 1302/12516/1204 4425/12517/1204 

vt 70.1516 13
vt 70.1516 3
vt 70.4616 3
vt 70.4616 13
f 4425/12518/185 1302/12519/185 1301/12520/185 4426/12521/185 

vt 87.7741 13
vn 0.805256 -1.77629e-19 0.592927
vt 87.7741 3
vt 87.9641 3
vt 87.9641 13
f 4426/12522/1205 1301/12523/1205 1300/12524/1205 4427/12525/1205 

vt 57.2721 13
vt 57.2721 3
vt 57.4721 3
vt 57.4721 13
f 4427/12526/164 1300/12527/164 1299/12528/164 4428/12529/164 

vt 90.2285 13
vn 0.524263 1.10379e-19 0.851557
vt 90.2285 3
vt 90.7385 3
vt 90.7385 13
f 4428/12530/1206 1299/12531/1206 1298/12532/1206 4429/12533/1206 

vt 57.7395 13
vt 57.7395 3
vt 61.107 3
vt 61.107 13
f 4429/12534/164 1298/12535/164 1297/12536/164 4430/12537/164 

vt 81.4266 13
vn 0.192139 3.654e-19 0.981368
vt 81.4266 3
vt 81.8666 3
vt 81.8666 13
f 4430/12538/1207 1297/12539/1207 1296/12540/1207 4431/12541/1207 

vt 92.8587 13
vn 0.763403 -1.27704e-19 0.645922
vt 92.8587 3
vt 93.0587 3
vt 93.0587 13
f 4431/12542/1208 1296/12543/1208 1295/12544/1208 4432/12545/1208 

vt 61.3442 13
vt 61.3442 3
vt 61.5642 3
vt 61.5642 13
f 4432/12546/164 1295/12547/164 1294/12548/164 4433/12549/164 

vt 89.6151 13
vn 0.380616 2.28947e-19 0.924733
vt 89.6151 3
vt 89.9651 3
vt 89.9651 13
f 4433/12550/1209 1294/12551/1209 1293/12552/1209 4434/12553/1209 

vt 90.0879 13
vn 0.854103 -2.41224e-19 0.520103
vt 90.0879 3
vt 90.3079 3
vt 90.3079 13
f 4434/12554/1210 1293/12555/1210 1292/12556/1210 4435/12557/1210 

vt 61.8853 13
vt 61.8853 3
vt 62.0553 3
vt 62.0553 13
f 4435/12558/164 1292/12559/164 1291/12560/164 4436/12561/164 

vt 72.0076 13
vt 72.0076 3
vt 73.9476 3
vt 73.9476 13
f 4436/12562/185 1291/12563/185 1290/12564/185 4437/12565/185 

vt 93.9368 13
vn 0.448976 1.74287e-19 0.893544
vt 93.9368 3
vt 94.1868 3
vt 94.1868 13
f 4437/12566/1211 1290/12567/1211 1289/12568/1211 4438/12569/1211 

vt 74.171 13
vt 74.171 3
vt 74.421 3
vt 74.421 13
f 4438/12570/185 1289/12571/185 1288/12572/185 4439/12573/185 

vt 96.9685 13
vn 0.646145 -2.97132e-21 0.763215
vt 96.9685 3
vt 97.1885 3
vt 97.1885 13
f 4439/12574/1212 1288/12575/1212 1287/12576/1212 4440/12577/1212 

vt 62.3097 13
vt 62.3097 3
vt 62.5397 3
vt 62.5397 13
f 4440/12578/164 1287/12579/164 1286/12580/164 4441/12581/164 

vt 95.6236 13
vn 0.487989 1.41686e-19 0.87285
vt 95.6236 3
vt 96.0736 3
vt 96.0736 13
f 4441/12582/1213 1286/12583/1213 1285/12584/1213 4442/12585/1213 

vt -62.7593 13
vt -62.7593 3
vt -62.6093 3
vt -62.6093 13
f 4442/12586/169 1285/12587/169 1284/12588/169 4443/12589/169 

vt 24.9128 13
vn -0.57875 7.30509e-19 0.815505
vt 24.9128 3
vt 25.3228 3
vt 25.3228 13
f 4443/12590/1214 1284/12591/1214 1283/12592/1214 4444/12593/1214 

vt 62.9831 13
vn -0.178368 5.80844e-19 0.983964
vt 62.9831 3
vt 63.4031 3
vt 63.4031 13
f 4444/12594/1215 1283/12595/1215 1282/12596/1215 4445/12597/1215 

vt -17.7474 13
vn -0.874496 7.41025e-19 0.485032
vt -17.7474 3
vt -17.4574 3
vt -17.4574 13
f 4445/12598/1216 1282/12599/1216 1281/12600/1216 4446/12601/1216 

vt 75.87 13
vt 75.87 3
vt 75.99 3
vt 75.99 13
f 4446/12602/185 1281/12603/185 1280/12604/185 4447/12605/185 

vt -62.0435 13
vt -62.0435 3
vt -60.6235 3
vt -60.6235 13
f 4447/12606/169 1280/12607/169 1279/12608/169 4448/12609/169 

vt 15.2785 13
vn -0.67398 7.48294e-19 0.738749
vt 15.2785 3
vt 15.3985 3
vt 15.3985 13
f 4448/12610/1217 1279/12611/1217 1278/12612/1217 4449/12613/1217 

vt 76.0786 13
vt 76.0786 3
vt 76.1708 3
vt 76.1708 13
f 4449/12614/185 1278/12615/185 1277/12616/185 4450/12617/185 

vt -3.52642 13
vn -0.804877 7.53414e-19 0.593442
vt -3.52642 3
vt -3.29642 3
vt -3.29642 13
f 4450/12618/1218 1277/12619/1218 1276/12620/1218 4451/12621/1218 

vt 58.1614 13
vn -0.25788 6.18173e-19 0.966177
vt 58.1614 3
vt 58.4014 3
vt 58.4014 13
f 4451/12622/1219 1276/12623/1219 1275/12624/1219 4452/12625/1219 

vt 76.5392 13
vt 76.5392 3
vt 76.7392 3
vt 76.7392 13
f 4452/12626/185 1275/12627/185 1274/12628/185 4453/12629/185 

vt 28.182 13
vn -0.574408 7.29487e-19 0.818569
vt 28.182 3
vt 28.502 3
vt 28.502 13
f 4453/12630/1220 1274/12631/1220 1273/12632/1220 4454/12633/1220 

vt 77.0011 13
vt 77.0011 3
vt 77.1511 3
vt 77.1511 13
f 4454/12634/185 1273/12635/185 1272/12636/185 4455/12637/185 

vt 60.1118 13
vt 60.1118 3
vt 60.1718 3
vt 60.1718 13
f 4455/12638/164 1272/12639/164 1271/12640/164 4456/12641/164 

vt 77.4311 3
vt 77.4311 13
f 4456/12637/185 1271/12636/185 1270/12642/185 4457/12643/185 

vt 96.8273 13
vn 0.730805 -9.10591e-20 0.682586
vt 96.8273 3
vt 97.0373 3
vt 97.0373 13
f 4457/12644/1221 1270/12645/1221 1269/12646/1221 4458/12647/1221 

vt 60.3253 13
vt 60.3253 3
vt 60.5513 3
vt 60.5513 13
f 4458/12648/164 1269/12649/164 1268/12650/164 4459/12651/164 

vt 96.7852 13
vn 0.46256 1.63056e-19 0.886588
vt 96.7852 3
vt 97.1952 3
vt 97.1952 13
f 4459/12652/1222 1268/12653/1222 1267/12654/1222 4460/12655/1222 

vt 60.741 13
vt 60.741 3
vt 61.1158 3
vt 61.1158 13
f 4460/12656/164 1267/12657/164 1266/12658/164 4461/12659/164 

vt 85.6221 13
vn 0.137916 4.01152e-19 0.990444
vt 85.6221 3
vt 86.1321 3
vt 86.1321 13
f 4461/12660/1223 1266/12661/1223 1265/12662/1223 4462/12663/1223 

vt 97.3809 13
vn 0.763305 -1.27592e-19 0.646038
vt 97.3809 3
vt 97.5809 3
vt 97.5809 13
f 4462/12664/1224 1265/12665/1224 1264/12666/1224 4463/12667/1224 

vt 61.3388 13
vt 61.3388 3
vt 61.5488 3
vt 61.5488 13
f 4463/12668/164 1264/12669/164 1263/12670/164 4464/12671/164 

vt 98.5436 13
vn 0.483884 1.45167e-19 0.875132
vt 98.5436 3
vt 98.9736 3
vt 98.9736 13
f 4464/12672/1225 1263/12673/1225 1262/12674/1225 4465/12675/1225 

vt 80.0817 13
vn 0.965944 -4.32769e-19 0.258751
vt 80.0817 3
vt 80.3617 3
vt 80.3617 13
f 4465/12676/1226 1262/12677/1226 1261/12678/1226 4466/12679/1226 

vt 79.0211 13
vt 79.0211 3
vt 81.9811 3
vt 81.9811 13
f 4466/12680/185 1261/12681/185 1260/12682/185 4467/12683/185 

vt -62.0273 13
vt -62.0273 3
vt -61.6273 3
vt -61.6273 13
f 4467/12684/169 1260/12685/169 1259/12686/169 4468/12687/169 

vt 20.0853 13
vn -0.666184 7.47204e-19 0.745787
vt 20.0853 3
vt 20.2153 3
vt 20.2153 13
f 4468/12688/1227 1259/12689/1227 1258/12690/1227 4469/12691/1227 

vt 82.078 13
vt 82.078 3
vt 82.178 3
vt 82.178 13
f 4469/12692/185 1258/12693/185 1257/12694/185 4470/12695/185 

vt 2.55925 13
vn -0.785243 7.54564e-19 0.619188
vt 2.55925 3
vt 2.77925 3
vt 2.77925 13
f 4470/12696/1228 1257/12697/1228 1256/12698/1228 4471/12699/1228 

vt 69.3187 13
vn -0.187879 5.85482e-19 0.982192
vt 69.3187 3
vt 69.7487 3
vt 69.7487 13
f 4471/12700/1229 1256/12701/1229 1255/12702/1229 4472/12703/1229 

vt -13.3632 13
vn -0.87401 7.41169e-19 0.485908
vt -13.3632 3
vt -13.0932 3
vt -13.0932 13
f 4472/12704/1230 1255/12705/1230 1254/12706/1230 4473/12707/1230 

vt 82.8678 13
vt 82.8678 3
vt 82.9878 3
vt 82.9878 13
f 4473/12708/185 1254/12709/185 1253/12710/185 4474/12711/185 

vt -61.0512 13
vt -61.0512 3
vt -60.6212 3
vt -60.6212 13
f 4474/12712/169 1253/12713/169 1252/12714/169 4475/12715/169 

vt 13.8496 13
vn -0.720644 7.53206e-19 0.693306
vt 13.8496 3
vt 13.9696 3
vt 13.9696 13
f 4475/12716/1231 1252/12717/1231 1251/12718/1231 4476/12719/1231 

vt 83.071 13
vt 83.071 3
vt 83.181 3
vt 83.181 13
f 4476/12720/185 1251/12721/185 1250/12722/185 4477/12723/185 

vt -0.275867 13
vn -0.810129 7.52959e-19 0.586252
vt -0.275867 3
vt -0.0658668 3
vt -0.0658668 13
f 4477/12724/1232 1250/12725/1232 1249/12726/1232 4478/12727/1232 

vt 72.1762 13
vn -0.165349 5.74421e-19 0.986235
vt 72.1762 3
vt 72.5962 3
vt 72.5962 13
f 4478/12728/1233 1249/12729/1233 1248/12730/1233 4479/12731/1233 

vt -5.79535 13
vn -0.842999 7.48492e-19 0.537916
vt -5.79535 3
vt -5.49535 3
vt -5.49535 13
f 4479/12732/1234 1248/12733/1234 1247/12734/1234 4480/12735/1234 

vt 83.8797 13
vt 83.8797 3
vt 83.9997 3
vt 83.9997 13
f 4480/12736/185 1247/12737/185 1246/12738/185 4481/12739/185 

vt 103.232 13
vn 0.597478 4.39375e-20 0.801885
vt 103.232 3
vt 103.452 3
vt 103.452 13
f 4481/12740/1235 1246/12741/1235 1245/12742/1235 4482/12743/1235 

vt 84.1761 13
vt 84.1761 3
vt 84.4437 3
vt 84.4437 13
f 4482/12744/185 1245/12745/185 1244/12746/185 4483/12747/185 

vt 102.535 13
vn 0.695088 -5.27684e-20 0.718924
vt 102.535 3
vt 102.735 3
vt 102.735 13
f 4483/12748/1236 1244/12749/1236 1243/12750/1236 4484/12751/1236 

vt 60.3127 13
vt 60.3127 3
vt 60.5427 3
vt 60.5427 13
f 4484/12752/164 1243/12753/164 1242/12754/164 4485/12755/164 

vt 103.766 13
vn 0.523582 1.10975e-19 0.851975
vt 103.766 3
vt 104.166 3
vt 104.166 13
f 4485/12756/1237 1242/12757/1237 1241/12758/1237 4486/12759/1237 

vt 77.9464 13
vn 0.975505 -4.5712e-19 0.219979
vt 77.9464 3
vt 78.3164 3
vt 78.3164 13
f 4486/12760/1238 1241/12761/1238 1240/12762/1238 4487/12763/1238 

vt 93.1318 13
vn 0.148279 3.94434e-19 0.988946
vt 93.1318 3
vt 93.5718 3
vt 93.5718 13
f 4487/12764/1239 1240/12765/1239 1239/12766/1239 4488/12767/1239 

vt 103.441 13
vn 0.71645 -7.54521e-20 0.697638
vt 103.441 3
vt 103.631 3
vt 103.631 13
f 4488/12768/1240 1239/12769/1240 1238/12770/1240 4489/12771/1240 

vt 61.3144 13
vt 61.3144 3
vt 61.5444 3
vt 61.5444 13
f 4489/12772/164 1238/12773/164 1237/12774/164 4490/12775/164 

vt 104.547 13
vn 0.475413 1.52312e-19 0.879763
vt 104.547 3
vt 104.967 3
vt 104.967 13
f 4490/12776/1241 1237/12777/1241 1236/12778/1241 4491/12779/1241 

vt 61.7441 13
vt 61.7441 3
vt 62.1441 3
vt 62.1441 13
f 4491/12780/164 1236/12781/164 1235/12782/164 4492/12783/164 

vt 91.9245 13
vn 0.103636 4.22994e-19 0.994615
vt 91.9245 3
vt 92.4145 3
vt 92.4145 13
f 4492/12784/1242 1235/12785/1242 1234/12786/1242 4493/12787/1242 

vt 104.966 13
vn 0.71236 -7.10607e-20 0.701814
vt 104.966 3
vt 105.156 3
vt 105.156 13
f 4493/12788/1243 1234/12789/1243 1233/12790/1243 4494/12791/1243 

vt 62.3302 13
vt 62.3302 3
vt 62.5402 3
vt 62.5402 13
f 4494/12792/164 1233/12793/164 1232/12794/164 4495/12795/164 

vt 105.136 13
vn 0.434164 1.86388e-19 0.900834
vt 105.136 3
vt 105.586 3
vt 105.586 13
f 4495/12796/1244 1232/12797/1244 1231/12798/1244 4496/12799/1244 

vt -18.7538 13
vn -0.900834 7.31553e-19 0.434164
vt -18.7538 3
vt -18.5369 3
vt -18.5369 13
f 4496/12800/1245 1231/12801/1245 1230/12802/1245 4497/12803/1245 

vt 87.0671 13
vt 87.0671 3
vt 87.2218 3
vt 87.2218 13
f 4497/12804/185 1230/12805/185 1229/12806/185 4498/12807/185 

vt -18.5374 13
vn -0.901111 7.31433e-19 0.433588
vt -18.5374 3
vt -18.3274 3
vt -18.3274 13
f 4498/12808/1246 1229/12809/1246 1228/12810/1246 4499/12811/1246 

vt 76.6168 13
vn -0.15469 5.69098e-19 0.987963
vt 76.6168 3
vt 77.0468 3
vt 77.0468 13
f 4499/12812/1247 1228/12813/1247 1227/12814/1247 4500/12815/1247 

vt -5.85657 13
vn -0.845723 7.47983e-19 0.533623
vt -5.85657 3
vt -5.56657 3
vt -5.56657 13
f 4500/12816/1248 1227/12817/1248 1226/12818/1248 4501/12819/1248 

vt 87.8925 13
vt 87.8925 3
vt 89.9825 3
vt 89.9825 13
f 4501/12820/185 1226/12821/185 1225/12822/185 4502/12823/185 

vt -62.0392 13
vt -62.0392 3
vt -61.6092 3
vt -61.6092 13
f 4502/12824/169 1225/12825/169 1224/12826/169 4503/12827/169 

vt 36.4622 13
vn -0.588746 7.32798e-19 0.808318
vt 36.4622 3
vt 36.8722 3
vt 36.8722 13
f 4503/12828/1249 1224/12829/1249 1223/12830/1249 4504/12831/1249 

vt 79.3295 13
vn -0.160026 5.7177e-19 0.987113
vt 79.3295 3
vt 79.7395 3
vt 79.7395 13
f 4504/12832/1250 1223/12833/1250 1222/12834/1250 4505/12835/1250 

vt -13.4905 13
vn -0.891237 7.35411e-19 0.453538
vt -13.4905 3
vt -13.1805 3
vt -13.1805 13
f 4505/12836/1251 1222/12837/1251 1221/12838/1251 4506/12839/1251 

vt 90.8592 13
vt 90.8592 3
vt 90.9892 3
vt 90.9892 13
f 4506/12840/185 1221/12841/185 1220/12842/185 4507/12843/185 

vt -61.026 13
vt -61.026 3
vt -60.596 3
vt -60.596 13
f 4507/12844/169 1220/12845/169 1219/12846/169 4508/12847/169 

vt 38.9678 13
vn -0.580062 7.30815e-19 0.814572
vt 38.9678 3
vt 39.3578 3
vt 39.3578 13
f 4508/12848/1252 1219/12849/1252 1218/12850/1252 4509/12851/1252 

vt 81.3103 13
vn -0.148761 5.66113e-19 0.988873
vt 81.3103 3
vt 81.7403 3
vt 81.7403 13
f 4509/12852/1253 1218/12853/1253 1217/12854/1253 4510/12855/1253 

vt -13.5292 13
vn -0.896932 7.33183e-19 0.442168
vt -13.5292 3
vt -13.2392 3
vt -13.2392 13
f 4510/12856/1254 1217/12857/1254 1216/12858/1254 4511/12859/1254 

vt 91.8603 13
vt 91.8603 3
vt 92.0903 3
vt 92.0903 13
f 4511/12860/185 1216/12861/185 1215/12862/185 4512/12863/185 

vt -1.6318 13
vn -0.84568 7.47991e-19 0.53369
vt -1.6318 3
vt -1.3018 3
vt -1.3018 13
f 4512/12864/1255 1215/12865/1255 1214/12866/1255 4513/12867/1255 

vt 92.2664 13
vt 92.2664 3
vt 92.3464 3
vt 92.3464 13
f 4513/12868/185 1214/12869/185 1213/12870/185 4514/12871/185 

vt -59.7666 13
vt -59.7666 3
vt -59.3766 3
vt -59.3766 13
f 4514/12872/169 1213/12873/169 1212/12874/169 4515/12875/169 

vt 60.1477 13
vn -0.407377 6.78903e-19 0.91326
vt 60.1477 3
vt 60.3277 3
vt 60.3277 13
f 4515/12876/1256 1212/12877/1256 1211/12878/1256 4516/12879/1256 

vt 92.5108 13
vt 92.5108 3
vt 92.7208 3
vt 92.7208 13
f 4516/12880/185 1211/12881/185 1210/12882/185 4517/12883/185 

vt -4.37599 13
vn -0.863185 7.44126e-19 0.504888
vt -4.37599 3
vt -4.06599 3
vt -4.06599 13
f 4517/12884/1257 1210/12885/1257 1209/12886/1257 4518/12887/1257 

vt 92.8773 13
vt 92.8773 3
vt 93.9673 3
vt 93.9673 13
f 4518/12888/185 1209/12889/185 1208/12890/185 4519/12891/185 

vt -59.0357 13
vt -59.0357 3
vt -58.6157 3
vt -58.6157 13
f 4519/12892/169 1208/12893/169 1207/12894/169 4520/12895/169 

vt 34.4333 13
vn -0.641859 7.43355e-19 0.766822
vt 34.4333 3
vt 34.5533 3
vt 34.5533 13
f 4520/12896/1258 1207/12897/1258 1206/12898/1258 4521/12899/1258 

vt 94.0593 13
vt 94.0593 3
vt 94.1793 3
vt 94.1793 13
f 4521/12900/185 1206/12901/185 1205/12902/185 4522/12903/185 

vt 2.38826 13
vn -0.83774 7.49411e-19 0.546069
vt 2.38826 3
vt 2.57826 3
vt 2.57826 13
f 4522/12904/1259 1205/12905/1259 1204/12906/1259 4523/12907/1259 

vt 82.4032 13
vn -0.177771 5.80552e-19 0.984072
vt 82.4032 3
vt 82.8532 3
vt 82.8532 13
f 4523/12908/1260 1204/12909/1260 1203/12910/1260 4524/12911/1260 

vt -2.13271 13
vn -0.861525 7.44539e-19 0.507715
vt -2.13271 3
vt -1.84271 3
vt -1.84271 13
f 4524/12912/1261 1203/12913/1261 1202/12914/1261 4525/12915/1261 

vt 94.8732 13
vt 94.8732 3
vt 94.9816 3
vt 94.9816 13
f 4525/12916/185 1202/12917/185 1201/12918/185 4526/12919/185 

vt -58.0496 13
vt -58.0496 3
vt -51.0296 3
vt -51.0296 13
f 4526/12920/169 1201/12921/169 1200/12922/169 4527/12923/169 

vt -94.9816 13
vt -94.9816 3
vt -94.6316 3
vt -94.6316 13
f 4527/12924/165 1200/12925/165 1199/12926/165 4528/12927/165 

vt -103.235 13
vn -0.701575 5.95916e-20 -0.712595
vt -103.235 3
vt -102.329 3
vt -102.329 13
f 4528/12928/1262 1199/12929/1262 1198/12930/1262 4529/12931/1262 

vt -50.3939 13
vt -50.3939 3
f 4529/12932/169 1198/12933/169 1197/5033/169 2822/5032/169 

v 101.004 4.5 -55.9943
vt 55.9943 4.5
vt 55.9943 13
f 2825/5041/164 2824/5040/164 4819/12934/164 4530/12935/164 

usemtl FrontColor
vt 4015.92 2087.6
v 102.004 4.5 -55.9943
vt 4015.92 2204.5
vt 3976.55 2204.5
vt 3976.55 2087.6
f 2826/12936/32 4820/12937/32 4819/12938/32 2824/12939/32 

usemtl _4
vt -55.9943 13
vt -55.9943 4.5
f 4531/12940/169 4820/12941/169 2826/5049/169 2828/5048/169 

vt 101.004 4.5
vt 102.004 4.5
f 4530/5036/185 4819/12942/185 4820/12943/185 4531/5053/185 

vt -119.983 13
vt -119.983 2
vt -113.993 2
vt -113.993 13
f 2848/12944/165 1311/12945/165 1310/12946/165 4532/12947/165 

vt 62.0935 2
vt 62.0935 13
f 4532/5091/164 1310/5090/164 1309/12948/164 4533/12949/164 

vt 113.993 13
vt 113.993 2
vt 126.013 2
vt 126.013 13
f 4533/12950/185 1309/12951/185 1308/12952/185 4534/12953/185 

vt -62.0935 13
vt -62.0935 2
f 4534/12954/169 1308/12955/169 1307/5101/169 4535/5100/169 

vt -126.013 13
vt -126.013 2
vt -120.983 2
vt -120.983 13
f 4535/12956/165 1307/12957/165 1306/12958/165 2850/12959/165 

vn 0 1.49449e-18 1
vt 126.962 4
vt 126.962 13
f 2864/5126/1263 2885/12960/1263 2888/12961/1263 2865/5127/1263 

usemtl _5
vt 128 32.0035
vt 112.024 16.0046
vt 117.974 16.0046
vt 117.974 18.0046
vt 113.014 18.0046
vt 113.014 29.9846
vt 124.984 29.9846
vt 124.984 18.0046
vt 118.974 18.0046
vt 118.974 16.0046
vt 128 16.0046
f 2883/12962/32 2885/9199/32 2864/9198/32 2867/12963/32 2869/12964/32 2871/12965/32 2874/12966/32 2875/12967/32 2876/12968/32 2877/12969/32 2878/12970/32 2879/12971/32 2881/12972/32 

usemtl _4
vt -92.9859 13
vt -92.9859 3
vt -85.9659 3
v 85.9659 13 -50.015
vt -85.9659 13
f 2820/12973/426 1196/12974/426 1195/12975/426 4821/12976/426 

vt 50.555 3
v 85.9659 13 -50.555
vt 50.555 13
f 4821/5023/431 1195/5022/431 1194/12977/431 4822/12978/431 

vt -85.5659 3
v 85.5659 13 -50.555
vt -85.5659 13
f 4822/12976/426 1194/12975/426 1193/12979/426 4823/12980/426 

vt -9.72814 13
vn 0.80703 -2.72425e-17 -0.59051
vt -9.72814 3
vt -9.21814 3
v 85.2647 13 -50.9666
vt -9.21814 13
f 4823/12981/1264 1193/12982/1264 1192/12983/1264 4824/12984/1264 

vt -85.2647 13
vt -85.2647 3
vt -84.9547 3
v 84.9547 13 -50.9666
vt -84.9547 13
f 4824/12985/426 1192/12986/426 1191/12987/426 4825/12988/426 

vt 50.9666 13
vt 50.9666 3
vt 51.4066 3
v 84.9547 13 -51.4066
vt 51.4066 13
f 4825/12989/431 1191/12990/431 1190/12991/431 4826/12992/431 

vt -6.922 13
vn 0.81739 -2.76336e-17 -0.576085
vt -6.922 3
vt -6.692 3
v 84.8222 13 -51.5946
vt -6.692 13
f 4826/12993/1265 1190/12994/1265 1189/12995/1265 4827/12996/1265 

vt -84.8222 13
vt -84.8222 3
vt -84.6022 3
v 84.6022 13 -51.5946
vt -84.6022 13
f 4827/12997/426 1189/12998/426 1188/12999/426 4828/13000/426 

vt -9.75302 13
vn 0.798371 -2.69163e-17 -0.602166
vt -9.75302 3
vt -9.23302 3
v 84.2891 13 -52.0097
vt -9.23302 13
f 4828/13001/1266 1188/13002/1266 1187/13003/1266 4829/13004/1266 

vt -84.2891 13
vt -84.2891 3
vt -83.6191 3
v 83.6191 13 -52.0097
vt -83.6191 13
f 4829/13005/426 1187/13006/426 1186/13007/426 4830/13008/426 

vt -94.5024 13
vn -0.745584 2.74506e-17 -0.666412
vt -94.5024 3
vt -93.6424 3
v 83.046 13 -51.3685
vt -93.6424 13
f 4830/13009/1267 1186/13010/1267 1185/13011/1267 4831/13012/1267 

vt -51.3685 13
vt -51.3685 3
vt -51.0885 3
v 83.046 13 -51.0885
vt -51.0885 13
f 4831/13013/422 1185/13014/422 1184/13015/422 4832/13016/422 

vt -83.046 13
vt -83.046 3
vt -82.6124 3
v 82.6124 13 -51.0885
vt -82.6124 13
f 4832/13017/426 1184/13018/426 1183/13019/426 4833/13020/426 

vt -89.9139 13
vn -0.808632 2.95187e-17 -0.588315
vt -89.9139 3
vt -88.9839 3
v 82.0653 13 -50.3365
vt -88.9839 13
f 4833/13021/1268 1183/13022/1268 1182/13023/1268 4834/13024/1268 

vt -50.3365 13
vt -50.3365 3
vt -49.9985 3
v 82.0653 13 -49.9985
vt -49.9985 13
f 4834/13025/422 1182/13026/422 1181/13027/422 4835/13028/422 

vt -82.0653 13
vt -82.0653 3
vt -79.0053 3
v 79.0053 13 -49.9985
vt -79.0053 13
f 4835/13029/426 1181/13030/426 1180/13031/426 4836/13032/426 

vt 49.9985 13
vt 49.9985 3
vt 50.4195 3
v 79.0053 13 -50.4195
vt 50.4195 13
f 4836/13033/431 1180/13034/431 1179/13035/431 4837/13036/431 

vt -32.8722 13
vn 0.600733 -1.96009e-17 -0.79945
vt -32.8722 3
vt -32.5922 3
v 78.7815 13 -50.5877
vt -32.5922 13
f 4837/13037/1269 1179/13038/1269 1178/13039/1269 4838/13040/1269 

vt -78.7815 13
vt -78.7815 3
vt -78.5915 3
v 78.5915 13 -50.5877
vt -78.5915 13
f 4838/13041/426 1178/13042/426 1177/13043/426 4839/13044/426 

vt -6.14902 13
vn 0.803434 -2.7107e-17 -0.595394
vt -6.14902 3
vt -5.66902 3
v 78.3057 13 -50.9733
vt -5.66902 13
f 4839/13045/1270 1177/13046/1270 1176/13047/1270 4840/13048/1270 

vt -78.3057 13
vt -78.3057 3
vt -77.9657 3
v 77.9657 13 -50.9733
vt -77.9657 13
f 4840/13049/426 1176/13050/426 1175/13051/426 4841/13052/426 

vt 50.9733 13
vt 50.9733 3
vt 51.3833 3
v 77.9657 13 -51.3833
vt 51.3833 13
f 4841/13053/431 1175/13054/431 1174/13055/431 4842/13056/431 

vt -21.4343 13
vn 0.686358 -2.27452e-17 -0.727264
vt -21.4343 3
vt -21.1443 3
v 77.7548 13 -51.5824
vt -21.1443 13
f 4842/13057/1271 1174/13058/1271 1173/13059/1271 4843/13060/1271 

vt -77.7548 13
vt -77.7548 3
vt -77.5948 3
v 77.5948 13 -51.5824
vt -77.5948 13
f 4843/13061/426 1173/13062/426 1172/13063/426 4844/13064/426 

vt -12.4556 13
vn 0.751301 -2.51537e-17 -0.65996
vt -12.4556 3
vt -11.9056 3
v 77.2318 13 -51.9956
vt -11.9056 13
f 4844/13065/1272 1172/13066/1272 1171/13067/1272 4845/13068/1272 

vt -77.2318 13
vt -77.2318 3
vt -76.6118 3
v 76.6118 13 -51.9956
vt -76.6118 13
f 4845/13069/426 1171/13070/426 1170/13071/426 4846/13072/426 

vt -89.5869 13
vn -0.752379 2.76749e-17 -0.658731
vt -89.5869 3
vt -88.7269 3
v 76.0453 13 -51.3485
vt -88.7269 13
f 4846/13073/1273 1170/13074/1273 1169/13075/1273 4847/13076/1273 

vt -51.3485 13
vt -51.3485 3
vt -50.0454 3
v 76.0453 13 -50.0454
vt -50.0454 13
f 4847/13077/422 1169/13078/422 1168/13079/422 4848/13080/422 

vt -76.0453 13
vt -76.0453 3
vt -75.6001 3
v 75.6001 13 -50.0454
vt -75.6001 13
f 4848/13081/426 1168/13082/426 1167/13083/426 4849/13084/426 

vt -85.4833 13
vn -0.798277 2.91812e-17 -0.60229
vt -85.4833 3
vt -84.6333 3
v 75.0882 13 -49.3669
vt -84.6333 13
f 4849/13085/1274 1167/13086/1274 1166/13087/1274 4850/13088/1274 

vt -75.0882 13
vt -75.0882 3
vt -74.8782 3
v 74.8782 13 -49.3669
vt -74.8782 13
f 4850/13089/426 1166/13090/426 1165/13091/426 4851/13092/426 

vt 4.39697 13
vn 0.860861 -2.92876e-17 -0.508841
vt 4.39697 3
vt 4.65697 3
v 74.7459 13 -49.5907
vt 4.65697 13
f 4851/13093/1275 1165/13094/1275 1164/13095/1275 4852/13096/1275 

vt -74.7459 13
vt -74.7459 3
vt -74.5359 3
v 74.5359 13 -49.5907
vt -74.5359 13
f 4852/13097/426 1164/13098/426 1163/13099/426 4853/13100/426 

vt -4.30305 13
vn 0.804978 -2.71651e-17 -0.593305
vt -4.30305 3
vt -3.84305 3
v 74.263 13 -49.961
vt -3.84305 13
f 4853/13101/1276 1163/13102/1276 1162/13103/1276 4854/13104/1276 

vt -74.263 13
vt -74.263 3
vt -71.953 3
v 71.953 13 -49.961
vt -71.953 13
f 4854/13105/426 1162/13106/426 1161/13107/426 4855/13108/426 

vt 49.961 13
vt 49.961 3
vt 50.401 3
v 71.953 13 -50.401
vt 50.401 13
f 4855/13109/431 1161/13110/431 1160/13111/431 4856/13112/431 

vt -14.9351 13
vn 0.70959 -2.36041e-17 -0.704615
vt -14.9351 3
vt -14.6851 3
v 71.7768 13 -50.5784
vt -14.6851 13
f 4856/13113/1277 1160/13114/1277 1159/13115/1277 4857/13116/1277 

vt -71.7768 13
vt -71.7768 3
vt -71.5568 3
v 71.5568 13 -50.5784
vt -71.5568 13
f 4857/13117/426 1159/13118/426 1158/13119/426 4858/13120/426 

vt 0.995597 13
vn 0.823109 -2.785e-17 -0.567884
vt 0.995597 3
vt 1.4856 3
v 71.2785 13 -50.9817
vt 1.4856 13
f 4858/13121/1278 1158/13122/1278 1157/13123/1278 4859/13124/1278 

vt -71.2785 13
vt -71.2785 3
vt -70.9785 3
v 70.9785 13 -50.9817
vt -70.9785 13
f 4859/13125/426 1157/13126/426 1156/13127/426 4860/13128/426 

vt 50.9817 13
vt 50.9817 3
vt 55.3517 3
v 70.9785 13 -55.3517
vt 55.3517 13
f 4860/13129/431 1156/13130/431 1155/13131/431 4861/13132/431 

vt -8.37951 13
vn 0.727891 -2.42827e-17 -0.685693
vt -8.37951 3
vt -8.08951 3
v 70.7797 13 -55.5628
vt -8.08951 13
f 4861/13133/1279 1155/13134/1279 1154/13135/1279 4862/13136/1279 

vt -70.7797 13
vt -70.7797 3
vt -70.5997 3
v 70.5997 13 -55.5628
vt -70.5997 13
f 4862/13137/426 1154/13138/426 1153/13139/426 4863/13140/426 

vt 7.01753 13
vn 0.831729 -2.81768e-17 -0.555182
vt 7.01753 3
vt 7.54897 3
v 70.3046 13 -56.0048
vt 7.54897 13
f 4863/13141/1280 1153/13142/1280 1152/13143/1280 4864/13144/1280 

vt -70.3046 13
vt -70.3046 3
vt -69.9863 3
vt -69.9863 13
f 4864/13145/426 1152/13146/426 1151/13147/426 2747/13148/426 

vt 70.3046 56.0048
vn 3.51344e-17 1 1.88316e-18
vt 69.9863 56.0048
vt 69.9863 45.9848
vt 83.9963 45.9848
vt 83.9963 45.5848
vt 84.3393 45.3255
vt 84.7856 45.2142
vt 84.9803 44.9477
vt 84.9803 35.0177
vt 84.6203 35.0177
vt 84.0718 34.3424
vt 84.0718 34.0087
vt 83.0195 34.0087
vt 83.0195 26.9887
vt 83.5642 27.2849
vt 83.5642 27.4949
vt 83.9461 27.6925
vt 83.9461 29.9952
vt 86.0161 29.9952
vt 86.431 30.1418
vt 86.5837 30.286
vt 86.5837 30.616
vt 86.9621 30.8405
vt 86.9621 34.3405
vt 86.803 34.583
vt 86.5837 34.583
vt 86.2826 34.9569
vt 86.0226 34.9569
vt 86.0226 42.0569
vt 86.4352 42.1357
vt 86.5599 42.2655
vt 86.5599 42.5055
vt 86.9516 42.7058
vt 87.0222 42.9768
vt 89.9922 42.9768
vt 89.9922 44.0512
vt 90.4437 44.1392
vt 90.5891 44.2765
vt 90.5891 44.5065
vt 91.0061 44.7007
vt 91.0061 44.5507
vt 91.3256 44.31
vt 91.7441 44.2114
vt 91.86 43.985
vt 92.9859 43.985
vt 92.9859 50.015
vt 85.9659 50.015
vt 85.9659 50.555
vt 85.5659 50.555
vt 85.2647 50.9666
vt 84.9547 50.9666
vt 84.9547 51.4066
vt 84.8222 51.5946
vt 84.6022 51.5946
vt 84.2891 52.0097
vt 83.6191 52.0097
vt 83.046 51.3685
vt 83.046 51.0885
vt 82.6124 51.0885
vt 82.0653 50.3365
vt 82.0653 49.9985
vt 79.0053 49.9985
vt 79.0053 50.4195
vt 78.7815 50.5877
vt 78.5915 50.5877
vt 78.3057 50.9733
vt 77.9657 50.9733
vt 77.9657 51.3833
vt 77.7548 51.5824
vt 77.5948 51.5824
vt 77.2318 51.9956
vt 76.6118 51.9956
vt 76.0453 51.3485
vt 76.0453 50.0454
vt 75.6001 50.0454
vt 75.0882 49.3669
vt 74.8782 49.3669
vt 74.7459 49.5907
vt 74.5359 49.5907
vt 74.263 49.961
vt 71.953 49.961
vt 71.953 50.401
vt 71.7768 50.5784
vt 71.5568 50.5784
vt 71.2785 50.9817
vt 70.9785 50.9817
vt 70.9785 55.3517
vt 70.7797 55.5628
vt 70.5997 55.5628
f 4864/13149/1281 2747/13150/1281 2746/13151/1281 2748/13152/1281 2749/13153/1281 2750/13154/1281 2751/13155/1281 2752/13156/1281 2753/13157/1281 2754/13158/1281 2755/13159/1281 2756/13160/1281 2757/13161/1281 2758/13162/1281 2760/13163/1281 2762/13164/1281 2764/13165/1281 2766/13166/1281 2768/13167/1281 2770/13168/1281 2772/13169/1281 2774/13170/1281 2776/13171/1281 2778/13172/1281 2780/13173/1281 2782/13174/1281 2784/13175/1281 2786/13176/1281 2788/13177/1281 2790/13178/1281 2792/13179/1281 2794/13180/1281 2796/13181/1281 2798/13182/1281 2800/13183/1281 2802/13184/1281 2804/13185/1281 2806/13186/1281 2808/13187/1281 2810/13188/1281 2812/13189/1281 2814/13190/1281 2816/13191/1281 2818/13192/1281 2819/13193/1281 2820/13194/1281 4821/13195/1281 4822/13196/1281 4823/13197/1281 4824/13198/1281 4825/13199/1281 4826/13200/1281 4827/13201/1281 4828/13202/1281 4829/13203/1281 4830/13204/1281 4831/13205/1281 4832/13206/1281 4833/13207/1281 4834/13208/1281 4835/13209/1281 4836/13210/1281 4837/13211/1281 4838/13212/1281 4839/13213/1281 4840/13214/1281 4841/13215/1281 4842/13216/1281 4843/13217/1281 4844/13218/1281 4845/13219/1281 4846/13220/1281 4847/13221/1281 4848/13222/1281 4849/13223/1281 4850/13224/1281 4851/13225/1281 4852/13226/1281 4853/13227/1281 4854/13228/1281 4855/13229/1281 4856/13230/1281 4857/13231/1281 4858/13232/1281 4859/13233/1281 4860/13234/1281 4861/13235/1281 4862/13236/1281 4863/13237/1281 

usemtl FrontColor
vt 3229.12 -8.23904e-14
vt 3268.49 -8.52651e-14
vt 3268.49 39.3701
vt 3229.12 39.3701
f 484/13238/7 483/13239/7 418/13240/7 417/13241/7 

vt -3229.12 -8.23904e-14
vt -2677.29 -8.52651e-14
vt -2677.29 39.3701
vt -3229.12 39.3701
f 484/13242/5 477/13243/5 416/13244/5 417/13245/5 

usemtl _4
v 76.8795 -1.44382e-15 -26.9887
vt -76.8795 26.9887
vn 5.22578e-17 -1 1.52987e-17
v 76.7602 -2.1657e-15 -27.2082
vt -76.7602 27.2082
v 76.3308 -2.16891e-15 -27.3042
vt -76.3308 27.3042
v 76.0132 -2.88765e-15 -27.6087
vt -76.0132 27.6087
v 76.0132 -2.88765e-15 -30.0087
vt -76.0132 30.0087
vt -68.0032 30.0087
vt -68.0032 34.0087
vt -82.0195 34.0087
vt -82.0195 26.9887
f 4865/13246/1282 4866/13247/1282 4867/13248/1282 4868/13249/1282 4869/13250/1282 476/13251/1282 477/13252/1282 484/13253/1282 481/13254/1282 

vt 12.7678 -5.27042e-15
vn -0.878508 -3.86003e-17 0.477728
vt 13.0177 -4.54855e-15
v 76.8795 5 -26.9887
vt 13.0177 5
v 76.7602 5 -27.2082
vt 12.7678 5
f 4866/13255/1283 4865/13256/1283 4870/13257/1283 4871/13258/1283 

vt 76.8795 -1.03093e-15
vn 0 1.52987e-17 1
vt 82.0195 -1.03093e-15
v 82.0195 5 -26.9887
vt 82.0195 5
vt 76.8795 5
f 4865/13259/1284 481/13260/1284 4872/13261/1284 4870/13262/1284 

vt 26.9887 -1.44382e-15
vt 34.0087 -2.09272e-15
vt 34.0087 1
v 82.0195 5 -34.0087
vt 34.0087 5
vt 26.9887 5
f 481/13263/1 484/13264/1 417/13265/1 4873/13266/1 4872/13267/1 

vt -82.0195 5
vt -82.0195 1
vt -68.0032 1
v 68.0032 5 -34.0087
vt -68.0032 5
f 4873/13268/5 417/13269/5 416/13270/5 4874/13271/5 

vt -34.0087 -2.16573e-15
vt -30.0087 -2.88765e-15
v 68.0032 5 -30.0087
vt -30.0087 5
vt -34.0087 5
f 477/13272/3 476/13273/3 4875/13274/3 4874/13275/3 416/4887/3 

vt 68.0032 -2.42855e-15
vt 76.0132 -2.42855e-15
v 76.0132 5 -30.0087
vt 76.0132 5
vt 68.0032 5
f 476/13276/1284 4869/13277/1284 4876/13278/1284 4875/13279/1284 

vt -30.0087 -6.85993e-15
vn -1 -5.22578e-17 -0
vt -27.6087 -6.85993e-15
v 76.0132 5 -27.6087
vt -27.6087 5
f 4869/13280/1285 4868/13281/1285 4877/13282/1285 4876/13274/1285 

vt 35.7647 -4.70976e-15
vn -0.692038 -2.51209e-17 0.721861
vt 36.2047 -3.99102e-15
v 76.3308 5 -27.3042
vt 36.2047 5
vt 35.7647 5
f 4868/13283/1286 4867/13284/1286 4878/13285/1286 4877/13286/1286 

vt 68.5354 -2.01609e-15
vn -0.218163 3.52941e-18 0.975912
vt 68.9754 -2.01288e-15
vt 68.9754 5
vt 68.5354 5
f 4867/13287/1287 4866/13288/1287 4871/13289/1287 4878/13290/1287 

vt 76.7602 27.2082
vn -5.22578e-17 1 -1.52987e-17
vt 76.8795 26.9887
vt 82.0195 26.9887
vt 82.0195 34.0087
vt 68.0032 34.0087
vt 68.0032 30.0087
vt 76.0132 30.0087
vt 76.0132 27.6087
vt 76.3308 27.3042
f 4871/13291/1288 4870/13292/1288 4872/13293/1288 4873/13294/1288 4874/13295/1288 4875/13296/1288 4876/13297/1288 4877/13298/1288 4878/13299/1288 

usemtl FrontColor
vt 2637.92 -8.17124e-14
vt 2677.29 -8.52651e-14
vt 2677.29 39.3701
vt 2637.92 39.3701
f 478/13300/7 477/13301/7 416/13302/7 415/13303/7 

vt -2637.92 -8.17124e-14
vt -2598.55 -8.17124e-14
vt -2598.55 39.3701
vt -2637.92 39.3701
f 478/13304/5 2734/13305/5 414/13306/5 415/13307/5 

usemtl _4
v 61.0007 -2.0755e-15 -34.033
vt -61.0007 34.033
vn -7.63492e-19 -1 -2.18544e-17
v 61.0628 -2.16673e-15 -34.3679
vt -61.0628 34.3679
v 61.5877 -2.89518e-15 -35.0365
vt -61.5877 35.0365
v 62.0077 -2.89518e-15 -35.0365
vt -62.0077 35.0365
v 62.0077 -2.89518e-15 -36.3365
vt -62.0077 36.3365
v 62.6082 -1.4366e-15 -36.9522
vt -62.6082 36.9522
vt -64.0016 36.9522
vt -64.2917 36.9522
vt -64.5916 36.5774
vt -64.8216 36.5774
vt -64.9982 36.3731
vt -64.9982 34.9388
vt -65.3082 34.9388
vt -65.6097 34.5654
vt -65.7997 34.5654
vt -66.0032 34.3587
vt -66.0032 34.0087
vt -67.0032 34.0087
vt -67.0032 30.0087
v 16.006 -2.88765e-15 -30.0087
vt -16.006 30.0087
v 16.006 -2.16573e-15 -32.0053
vt -16.006 32.0053
v 0.00595797 -2.16573e-15 -32.0053
vt -0.00595797 32.0053
v 0.00595797 -2.16573e-15 -30.0053
vt -0.00595797 30.0053
v -2.01404 -2.16573e-15 -30.0053
vt 2.01404 30.0053
v -2.01404 -2.16573e-15 -28.7453
vt 2.01404 28.7453
v -2.41933 -2.16573e-15 -28.4881
vt 2.41933 28.4881
v -2.41933 -2.16573e-15 -28.2881
vt 2.41933 28.2881
v -2.55922 -2.16573e-15 -28.1183
vt 2.55922 28.1183
v -3.06902 -2.16571e-15 -27.9734
vt 3.06902 27.9734
v -4.11902 -2.16571e-15 -27.9734
vt 4.11902 27.9734
v -4.29002 -2.17011e-15 -28.232
vt 4.29002 28.232
v -4.65067 -2.88328e-15 -28.3146
vt 4.65067 28.3146
v -5.00456 -2.16573e-15 -28.6085
vt 5.00456 28.6085
v -5.00456 -2.16573e-15 -34.0385
vt 5.00456 34.0385
v 8.05351 -2.16573e-15 -34.0385
vt -8.05351 34.0385
v 8.05351 -2.16573e-15 -35.9869
vt -8.05351 35.9869
v 38.7835 -2.16573e-15 -35.9869
vt -38.7835 35.9869
v 39.0153 -2.16567e-15 -35.6985
vt -39.0153 35.6985
v 39.0153 -2.16567e-15 -34.0385
vt -39.0153 34.0385
v 46.9853 -2.16567e-15 -34.0385
vt -46.9853 34.0385
v 46.9853 -2.16567e-15 -36.8385
vt -46.9853 36.8385
v 47.1194 -2.16092e-15 -37.0129
vt -47.1194 37.0129
v 49.2894 -2.16092e-15 -37.0129
vt -49.2894 37.0129
v 49.627 -2.87862e-15 -36.5915
vt -49.627 36.5915
v 49.827 -2.87862e-15 -36.5915
vt -49.827 36.5915
v 50.0259 -2.16573e-15 -36.3804
vt -50.0259 36.3804
v 50.0259 -2.16573e-15 -34.9484
vt -50.0259 34.9484
v 50.3359 -2.16573e-15 -34.9484
vt -50.3359 34.9484
v 50.6014 -2.16688e-15 -34.5606
vt -50.6014 34.5606
v 50.8114 -2.16688e-15 -34.5606
vt -50.8114 34.5606
v 50.9545 -2.0755e-15 -34.3679
vt -50.9545 34.3679
v 50.9545 -2.0755e-15 -34.033
vt -50.9545 34.033
vt -54.9745 34.033
v 54.9745 1.44382e-15 -32.0035
vt -54.9745 32.0035
v 55.9745 -1.44382e-15 -32.0035
vt -55.9745 32.0035
vt -55.9745 34.033
f 4879/13308/1289 4880/13309/1289 4881/13310/1289 4882/13311/1289 4883/13312/1289 4884/13313/1289 2707/13314/1289 2743/13315/1289 2742/13316/1289 2741/13317/1289 2740/13318/1289 2739/13319/1289 2738/13320/1289 2737/13321/1289 2736/13322/1289 2735/13323/1289 2734/13324/1289 478/13325/1289 475/13326/1289 4885/13327/1289 4886/13328/1289 4887/13329/1289 4888/13330/1289 4889/13331/1289 4890/13332/1289 4891/13333/1289 4892/13334/1289 4893/13335/1289 4894/13336/1289 4895/13337/1289 4896/13338/1289 4897/13339/1289 4898/13340/1289 4899/13341/1289 4900/13342/1289 4901/13343/1289 4902/13344/1289 4903/13345/1289 4904/13346/1289 4905/13347/1289 4906/13348/1289 4907/13349/1289 4908/13350/1289 4909/13351/1289 4910/13352/1289 4911/13353/1289 4912/13354/1289 4913/13355/1289 4914/13356/1289 4915/13357/1289 4916/13358/1289 4917/13359/1289 450/13360/1289 4918/13361/1289 4919/13362/1289 449/13363/1289 

vt -44.9285 -1.87657e-15
vn -0.983227 5.39628e-18 -0.182387
vt -44.5879 -1.78534e-15
v 61.0007 5 -34.033
vt -44.5879 5
v 61.0628 5 -34.3679
vt -44.9285 5
f 4880/13364/1290 4879/13365/1290 4920/13366/1290 4921/13367/1290 

vt -61.0007 -2.0755e-15
vt -55.9745 -1.44382e-15
v 55.9745 5 -34.033
vt -55.9745 5
vt -61.0007 5
f 4879/13368/5 449/13369/5 4922/13370/5 4920/13371/5 

v 55.9745 5 -32.0035
vt -32.0035 5
vt -34.033 5
vt -34.033 -1.44382e-15
vt -32.0035 -1.44382e-15
f 4923/13372/3 4922/13373/3 449/13374/3 4919/13375/3 

vt 61.0007 34.033
vn 4.13936e-18 1 2.64419e-17
vt 55.9745 34.033
vt 55.9745 32.0035
v 54.9745 5 -32.0035
vt 54.9745 32.0035
v 54.9745 5 -34.033
vt 54.9745 34.033
v 50.9545 5 -34.033
vt 50.9545 34.033
v 50.9545 5 -34.3679
vt 50.9545 34.3679
v 50.8114 5 -34.5606
vt 50.8114 34.5606
v 50.6014 5 -34.5606
vt 50.6014 34.5606
v 50.3359 5 -34.9484
vt 50.3359 34.9484
v 50.0259 5 -34.9484
vt 50.0259 34.9484
v 50.0259 5 -36.3804
vt 50.0259 36.3804
v 49.827 5 -36.5915
vt 49.827 36.5915
v 49.627 5 -36.5915
vt 49.627 36.5915
v 49.2894 5 -37.0129
vt 49.2894 37.0129
v 47.1194 5 -37.0129
vt 47.1194 37.0129
v 46.9853 5 -36.8385
vt 46.9853 36.8385
v 46.9853 5 -34.0385
vt 46.9853 34.0385
v 39.0153 5 -34.0385
vt 39.0153 34.0385
v 39.0153 5 -35.6985
vt 39.0153 35.6985
v 38.7835 5 -35.9869
vt 38.7835 35.9869
v 8.05351 5 -35.9869
vt 8.05351 35.9869
v 8.05351 5 -34.0385
vt 8.05351 34.0385
v -5.00456 5 -34.0385
vt -5.00456 34.0385
v -5.00456 5 -28.6085
vt -5.00456 28.6085
v -4.65067 5 -28.3146
vt -4.65067 28.3146
v -4.29002 5 -28.232
vt -4.29002 28.232
v -4.11902 5 -27.9734
vt -4.11902 27.9734
v -3.06902 5 -27.9734
vt -3.06902 27.9734
v -2.55922 5 -28.1183
vt -2.55922 28.1183
v -2.41933 5 -28.2881
vt -2.41933 28.2881
v -2.41933 5 -28.4881
vt -2.41933 28.4881
v -2.01404 5 -28.7453
vt -2.01404 28.7453
v -2.01404 5 -30.0053
vt -2.01404 30.0053
v 0.00595797 5 -30.0053
vt 0.00595797 30.0053
v 0.00595797 5 -32.0053
vt 0.00595797 32.0053
v 16.006 5 -32.0053
vt 16.006 32.0053
v 16.006 5 -30.0087
vt 16.006 30.0087
v 67.0032 5 -30.0087
vt 67.0032 30.0087
v 67.0032 5 -34.0087
vt 67.0032 34.0087
v 66.0032 5 -34.0087
vt 66.0032 34.0087
v 66.0032 5 -34.3587
vt 66.0032 34.3587
v 65.7997 5 -34.5654
vt 65.7997 34.5654
v 65.6097 5 -34.5654
vt 65.6097 34.5654
v 65.3082 5 -34.9388
vt 65.3082 34.9388
v 64.9982 5 -34.9388
vt 64.9982 34.9388
v 64.9982 5 -36.3731
vt 64.9982 36.3731
v 64.8216 5 -36.5774
vt 64.8216 36.5774
v 64.5916 5 -36.5774
vt 64.5916 36.5774
v 64.2917 5 -36.9522
vt 64.2917 36.9522
v 64.0016 5 -36.9522
vt 64.0016 36.9522
v 62.6082 5 -36.9522
vt 62.6082 36.9522
v 62.0077 5 -36.3365
vt 62.0077 36.3365
v 62.0077 5 -35.0365
vt 62.0077 35.0365
v 61.5877 5 -35.0365
vt 61.5877 35.0365
vt 61.0628 34.3679
f 4920/13376/1291 4922/13377/1291 4923/13378/1291 4924/13379/1291 4925/13380/1291 4926/13381/1291 4927/13382/1291 4928/13383/1291 4929/13384/1291 4930/13385/1291 4931/13386/1291 4932/13387/1291 4933/13388/1291 4934/13389/1291 4935/13390/1291 4936/13391/1291 4937/13392/1291 4938/13393/1291 4939/13394/1291 4940/13395/1291 4941/13396/1291 4942/13397/1291 4943/13398/1291 4944/13399/1291 4945/13400/1291 4946/13401/1291 4947/13402/1291 4948/13403/1291 4949/13404/1291 4950/13405/1291 4951/13406/1291 4952/13407/1291 4953/13408/1291 4954/13409/1291 4955/13410/1291 4956/13411/1291 4957/13412/1291 4958/13413/1291 4959/13414/1291 4960/13415/1291 4961/13416/1291 4962/13417/1291 4963/13418/1291 4964/13419/1291 4965/13420/1291 4966/13421/1291 4967/13422/1291 4968/13423/1291 4969/13424/1291 4970/13425/1291 4971/13426/1291 4972/13427/1291 4973/13428/1291 4974/13429/1291 4975/13430/1291 4921/13431/1291 

vt -54.9745 5
vn -1.15555e-30 -5.33562e-16 -1
vt -55.9745 1.5632e-14
vt -54.9745 1.85197e-14
f 4924/13432/1292 4923/13370/1292 4919/13433/1292 4918/13434/1292 

vt 34.033 5
vt 32.0035 5
vt 32.0035 1.44382e-15
vt 34.033 -1.44382e-15
f 4925/13435/1 4924/13436/1 4918/13437/1 450/13438/1 

vt -54.9745 -1.44382e-15
vt -50.9545 -2.0755e-15
vt -50.9545 5
f 4925/13432/5 450/13439/5 4917/13440/5 4926/13441/5 

vt 34.033 -2.00257e-15
vn 1 -1.43116e-18 -0
vt 34.3679 -2.00257e-15
vt 34.3679 5
f 4917/13442/1293 4916/13443/1293 4927/13444/1293 4926/13435/1293 

vt -2.80372 -2.80587e-15
vn 0.802676 1.18959e-17 -0.596415
vt -2.56372 -2.89726e-15
vt -2.56372 5
vt -2.80372 5
f 4916/13445/1294 4915/13446/1294 4928/13447/1294 4927/13448/1294 

vt -50.8114 -2.92278e-15
vn 0 2.18718e-17 -1
vt -50.6014 -2.92278e-15
vt -50.6014 5
vt -50.8114 5
f 4915/13449/1295 4914/13450/1295 4929/13451/1295 4928/13452/1295 

vt -0.0648979 -2.85159e-15
vn 0.825176 1.11739e-17 -0.564875
vt 0.405102 -2.85044e-15
vt 0.405102 5
vt -0.0648979 5
f 4914/13453/1296 4913/13454/1296 4930/13455/1296 4929/13456/1296 

vt -50.3359 -2.93011e-15
vt -50.0259 -2.93011e-15
vt -50.0259 5
vt -50.3359 5
f 4913/13457/1295 4912/13458/1295 4931/13459/1295 4930/13460/1295 

vt 34.9484 -2.09413e-15
vt 36.3804 -2.09413e-15
vt 36.3804 5
vt 34.9484 5
f 4912/13461/1293 4911/13462/1293 4932/13463/1293 4931/13464/1293 

vt -7.81645 -3.02196e-15
vn 0.727947 1.39542e-17 -0.685634
vt -7.52645 -3.73484e-15
vt -7.52645 5
vt -7.81645 5
f 4911/13465/1297 4910/13466/1297 4933/13467/1297 4932/13468/1297 

vt -49.827 -3.67894e-15
vt -49.627 -3.67894e-15
vt -49.627 5
vt -49.827 5
f 4910/13469/1295 4909/13470/1295 4934/13471/1295 4933/13472/1295 

vt -2.47152 -3.65231e-15
vn 0.780434 1.25582e-17 -0.625239
vt -1.93152 -2.93462e-15
vt -1.93152 5
vt -2.47152 5
f 4909/13473/1298 4908/13474/1298 4935/13475/1298 4934/13476/1298 

vt -49.2894 -2.97046e-15
vt -47.1194 -2.97046e-15
vt -47.1194 5
vt -49.2894 5
f 4908/13477/1295 4907/13478/1295 4936/13479/1295 4935/13480/1295 

vt -58.0655 -1.94701e-15
vn -0.792665 1.44687e-17 -0.609658
vt -57.8455 -1.95175e-15
vt -57.8455 5
vt -58.0655 5
f 4907/13481/1299 4906/13482/1299 4937/13483/1299 4936/13484/1299 

vt -36.8385 -2.09843e-15
vn -1 1.43116e-18 -0
vt -34.0385 -2.09843e-15
vt -34.0385 5
vt -36.8385 5
f 4906/13485/1300 4905/13486/1300 4938/13487/1300 4937/13488/1300 

vt -46.9853 -2.91015e-15
vt -39.0153 -2.91015e-15
vt -39.0153 5
vt -46.9853 5
f 4905/13489/1295 4904/13490/1295 4939/13491/1295 4938/13492/1295 

vt 34.0385 -2.10983e-15
vt 35.6985 -2.10983e-15
vt 35.6985 5
vt 34.0385 5
f 4904/13493/1293 4903/13494/1293 4940/13495/1293 4939/13496/1293 

vt 3.38441 -2.82989e-15
vn 0.779461 1.25861e-17 -0.626451
vt 3.75441 -2.82996e-15
vt 3.75441 5
vt 3.38441 5
f 4903/13497/1301 4902/13498/1301 4941/13499/1301 4940/13500/1301 

vt -38.7835 -2.95283e-15
vt -8.05351 -2.95283e-15
vt -8.05351 5
vt -38.7835 5
f 4902/13501/1295 4901/13502/1295 4942/13503/1295 4941/13504/1295 

vt -35.9869 -2.15421e-15
vt -34.0385 -2.15421e-15
vt -35.9869 5
f 4901/13505/1300 4900/13506/1300 4943/13487/1300 4942/13507/1300 

vt -8.05351 -2.91022e-15
vt 5.00456 -2.91022e-15
vt 5.00456 5
f 4900/13508/1295 4899/13509/1295 4944/13510/1295 4943/13503/1295 

vt -34.0385 -2.1729e-15
vt -28.6085 -2.1729e-15
vt -28.6085 5
f 4899/13511/1300 4898/13512/1300 4945/13513/1300 4944/13487/1300 

vt -22.1272 -2.46507e-15
vn -0.638869 -1.5912e-17 0.769316
vt -21.6672 -3.18261e-15
vt -21.6672 5
vt -22.1272 5
f 4898/13514/1302 4897/13515/1302 4946/13516/1302 4945/13517/1302 

vt -10.8587 -3.44102e-15
vn -0.223402 -2.09993e-17 0.974726
vt -10.4887 -2.72785e-15
vt -10.4887 5
vt -10.8587 5
f 4897/13518/1303 4896/13519/1303 4947/13520/1303 4946/13521/1303 

vt -25.9146 -2.30051e-15
vn -0.834096 -1.08712e-17 0.551619
vt -25.6046 -2.29611e-15
vt -25.6046 5
vt -25.9146 5
f 4896/13522/1304 4895/13523/1304 4948/13524/1304 4947/13525/1304 

vt -4.11902 -2.77754e-15
vn 0 -2.18718e-17 1
vt -3.06902 -2.77754e-15
vt -3.06902 5
vt -4.11902 5
f 4895/13526/1305 4894/13527/1305 4949/13528/1305 4948/13529/1305 

vt 4.6976 -2.7603e-15
vn 0.273461 -2.14295e-17 0.961883
vt 5.2276 -2.76033e-15
vt 5.2276 5
vt 4.6976 5
f 4894/13530/1306 4893/13531/1306 4950/13532/1306 4949/13533/1306 

vt 20.074 -2.46381e-15
vn 0.771785 -1.50125e-17 0.635883
vt 20.294 -2.46381e-15
vt 20.294 5
vt 20.074 5
f 4893/13534/1307 4892/13535/1307 4951/13536/1307 4950/13537/1307 

vt 28.2881 -2.1692e-15
vt 28.4881 -2.1692e-15
vt 28.4881 5
vt 28.2881 5
f 4892/13538/1293 4891/13539/1293 4952/13540/1293 4951/13541/1293 

vt 13.2211 -2.65332e-15
vn 0.535796 -1.92342e-17 0.844348
vt 13.7011 -2.65332e-15
vt 13.7011 5
vt 13.2211 5
f 4891/13542/1308 4890/13543/1308 4953/13544/1308 4952/13545/1308 

vt 28.7453 -2.16862e-15
vt 30.0053 -2.16862e-15
vt 30.0053 5
vt 28.7453 5
f 4890/13546/1293 4889/13547/1293 4954/13548/1293 4953/13549/1293 

vt -2.01404 -2.822e-15
vt 0.00595797 -2.822e-15
vt 0.00595797 5
vt -2.01404 5
f 4889/13550/1305 4888/13551/1305 4955/13552/1305 4954/13553/1305 

vt 30.0053 -2.16573e-15
vt 32.0053 -2.16573e-15
vt 32.0053 5
f 4888/13554/1293 4887/13555/1293 4956/13556/1293 4955/13548/1293 

vt 0.00595797 -2.86575e-15
vt 16.006 -2.86575e-15
vt 16.006 5
f 4887/13557/1305 4886/13558/1305 4957/13559/1305 4956/13552/1305 

vt -32.0053 -2.14283e-15
vn -1 1.43116e-18 5.17457e-34
vt -30.0087 -2.86474e-15
vt -32.0053 5
f 4886/13560/1309 4885/13561/1309 4958/13274/1309 4957/13562/1309 

vt 16.006 -3.54399e-15
vt 67.0032 -3.54399e-15
vt 67.0032 5
f 4885/13563/1305 475/13564/1305 4959/13565/1305 4958/13559/1305 

vt 30.0087 -2.88765e-15
vt 34.0087 -2.0755e-15
vt 30.0087 5
f 475/13566/1 478/13567/1 415/13265/1 4960/13266/1 4959/13568/1 

vt -67.0032 5
vt -67.0032 1
vt -66.0032 1
vt -66.0032 5
f 4960/13569/5 415/13570/5 414/13571/5 4961/13572/5 

vt 34.3587 1
vt 34.3587 5
f 4961/13266/1 414/13265/1 413/13573/1 4962/13574/1 

usemtl FrontColor
vt 1338.92 -8.17124e-14
vt 1352.7 -8.17124e-14
vt 1352.7 39.3701
vt 1338.92 39.3701
f 2734/13575/1 2735/13576/1 413/13577/1 414/13578/1 

vt -858.827 -8.14253e-14
vn 0.712675 -1.02516e-19 -0.701494
vt -847.41 -8.50232e-14
vt -847.41 39.3701
vt -858.827 39.3701
f 2735/13579/1310 2736/13580/1310 412/13581/1310 413/13582/1310 

vt -2590.54 -8.53103e-14
vt -2583.06 -8.53103e-14
vt -2583.06 39.3701
vt -2590.54 39.3701
f 2736/13583/5 2737/13584/5 411/13585/5 412/13586/5 

vt -564.02 -8.53103e-14
vn 0.77802 0 -0.62824
vt -545.122 -8.52647e-14
vt -545.122 39.3701
vt -564.02 39.3701
f 2737/13587/1311 2738/13588/1311 410/13589/1311 411/13590/1311 

vt -2571.19 -8.52647e-14
vt -2558.98 -8.52647e-14
vt -2558.98 39.3701
vt -2571.19 39.3701
f 2738/13591/5 2739/13592/5 409/13593/5 410/13594/5 

vt 1375.54 -8.52647e-14
vt 1432.01 -8.52647e-14
vt 1432.01 39.3701
vt 1375.54 39.3701
f 2739/13595/1 2740/13596/1 408/13597/1 409/13598/1 

vt -590.412 -8.52647e-14
vn 0.756461 0 -0.654039
vt -579.782 -8.52651e-14
vt -579.782 39.3701
vt -590.412 39.3701
f 2740/13599/1312 2741/13600/1312 407/13601/1312 408/13602/1312 

vt -2552.03 -8.52651e-14
vt -2542.98 -8.52651e-14
vt -2542.98 39.3701
vt -2552.03 39.3701
f 2741/13603/5 2742/13604/5 406/13605/5 407/13606/5 

vt -464.232 -1.18268e-13
vn 0.780838 1.14381e-17 -0.624733
vt -445.334 -8.95616e-14
vt -445.334 39.3701
vt -464.232 39.3701
f 2742/13607/1313 2743/13608/1313 405/13609/1313 406/13610/1313 

vt -2531.17 -5.65591e-14
vt -2519.75 -7.09121e-14
vt -2519.75 39.3701
vt -2531.17 39.3701
f 2743/13611/5 2707/13612/5 404/13613/5 405/13614/5 

usemtl _4
vt -64.0016 -1.80117e-15
vt -62.6082 -1.4366e-15
vt -62.6082 5
vt -64.0016 5
vt -64.0016 1
f 2707/13615/5 4884/13616/5 4972/13617/5 4971/13618/5 404/13619/5 

vt -70.1667 -1.12662e-15
vn -0.715922 1.62951e-17 -0.69818
vt -69.3067 -2.58519e-15
vt -69.3067 5
vt -70.1667 5
f 4884/13620/1314 4883/13621/1314 4973/13622/1314 4972/13623/1314 

vt -36.3365 -2.80643e-15
vt -35.0365 -2.80643e-15
vt -35.0365 5
vt -36.3365 5
f 4883/13624/1300 4882/13625/1300 4974/13626/1300 4973/13627/1300 

vt -62.0077 -3.66149e-15
vt -61.5877 -3.66149e-15
vt -61.5877 5
vt -62.0077 5
f 4882/13628/1295 4881/13629/1295 4975/13630/1295 4974/13631/1295 

vt -65.5905 -2.50296e-15
vn -0.78654 1.46324e-17 -0.61754
vt -64.7405 -1.77452e-15
vt -64.7405 5
vt -65.5905 5
f 4881/13632/1315 4880/13633/1315 4921/13634/1315 4975/13635/1315 

vt -64.2917 5
vt -64.2917 1
f 4970/13636/5 405/13637/5 404/13619/5 4971/13618/5 

vt -11.7915 5
vn 0.780838 1.22675e-18 -0.624733
vt -11.7915 1
vt -11.3115 1
vt -11.3115 5
f 4969/13638/1316 406/13639/1316 405/13640/1316 4970/13641/1316 

vt -64.8216 5
vt -64.8216 1
vt -64.5916 1
vt -64.5916 5
f 4968/13642/5 407/13643/5 406/13644/5 4969/13645/5 

vt -14.9965 5
vn 0.756461 4.95389e-19 -0.654039
vt -14.9965 1
vt -14.7265 1
vt -14.7265 5
f 4967/13646/1317 408/13647/1317 407/13648/1317 4968/13649/1317 

vt 34.9388 5
vt 34.9388 1
vt 36.3731 1
vt 36.3731 5
f 4966/13650/1 409/13651/1 408/13652/1 4967/13653/1 

vt -65.3082 5
vt -65.3082 1
vt -64.9982 1
vt -64.9982 5
f 4965/13654/5 410/13655/5 409/13656/5 4966/13657/5 

vt -14.3261 5
vn 0.77802 -1.17157e-19 -0.62824
vt -14.3261 1
vt -13.8461 1
vt -13.8461 5
f 4964/13658/1318 411/13659/1318 410/13660/1318 4965/13661/1318 

vt -65.7997 5
vt -65.7997 1
vt -65.6097 1
vt -65.6097 5
f 4963/13662/5 412/13663/5 411/13664/5 4964/13665/5 

vt -21.8142 5
vn 0.712675 4.59392e-19 -0.701494
vt -21.8142 1
vt -21.5242 1
vt -21.5242 5
f 4962/13666/1319 413/13667/1319 412/13668/1319 4963/13669/1319 

vt 44.9909 50.0172
vn -6.78168e-18 1 4.04058e-18
vt 39.0209 50.0172
v 39.0209 13 -39.9972
vt 39.0209 39.9972
vt 44.9909 39.9972
f 2630/13670/1320 2631/13671/1320 4976/13672/1320 2632/13673/1320 

vt -40.9947 5
vt -40.9947 -2.16573e-15
vt -39.9972 -2.15647e-15
f 2631/4633/3 1998/4634/3 1997/13674/3 2627/13675/3 2629/13676/3 4976/4632/3 

vt 39.0209 -2.31808e-15
vn 0 -4.04058e-18 1
vt 44.9909 -2.31808e-15
vt 44.9909 13
vt 39.0209 13
f 2629/13677/1321 4/13678/1321 2632/13679/1321 4976/13680/1321 

vt -119.997 13
vn 0 -8.7187e-17 1
vt -119.997 6
vt -104.985 6
vt -104.985 13
f 2281/13681/1322 1383/13682/1322 1382/13683/1322 2271/13684/1322 

vt -104.985 52.0032
vn 9.38807e-18 1 8.7187e-17
vt -109.973 52.0032
vt -109.973 53.3498
vt -110.15 53.5925
vt -110.38 53.5925
vt -110.642 53.9583
vt -110.952 53.9583
vt -110.952 54.6883
vt -111.147 55.0027
vt -119.997 55.0027
vt -119.997 46.0032
vt -104.985 46.0032
f 2270/13685/1323 2272/13686/1323 2273/13687/1323 2274/13688/1323 2275/13689/1323 2276/13690/1323 2277/13691/1323 2278/13692/1323 2279/13693/1323 2280/13694/1323 2281/13695/1323 2271/13696/1323 

g Mesh43 Model

vt 28.0014 12.5669
vn 5.74331e-17 -1 3.5284e-17
vt 28.0014 20.0021
vt 26.9914 20.0021
vt 26.9424 20.3688
v -26.3714 -2.16574e-15 -21.0252
vt 26.3714 21.0252
v -26.0114 -2.16574e-15 -21.0252
vt 26.0114 21.0252
vt 25.9408 21.368
vt 25.379 22.0058
vt 24.6969 22.0058
vt 24.3887 21.5747
vt 24.1787 21.5747
v -24.0375 -2.16573e-15 -21.3563
vt 24.0375 21.3563
v -24.0375 -2.16573e-15 -20.9163
vt 24.0375 20.9163
vt 23.6675 20.9163
v -23.4213 -2.16573e-15 -20.5639
vt 23.4213 20.5639
vt 23.2113 20.5639
v -22.9975 -1.44304e-15 -20.214
vt 22.9975 20.214
v -22.9975 -1.44304e-15 -12.704
vt 22.9975 12.704
vt 23.4428 12.4765
vt 23.4428 12.2665
v -23.5886 -1.44382e-15 -12.1153
vt 23.5886 12.1153
vt 23.8186 12.1153
vt 24.0214 11.9871
v -24.1114 -1.44382e-15 -11.9871
vt 24.1114 11.9871
vt 24.2863 12.2669
vt 24.4963 12.2669
vt 24.8364 12.4959
v -24.9364 -1.44382e-15 -12.4959
vt 24.9364 12.4959
v -25.0205 -2.14297e-15 -12.6079
vt 25.0205 12.6079
v -25.0205 -2.14297e-15 -12.7379
vt 25.0205 12.7379
v -25.4315 -2.16579e-15 -12.49
vt 25.4315 12.49
v -25.4315 -2.16579e-15 -12.2669
vt 25.4315 12.2669
vt 25.5782 12.1309
vt 26.06 11.9975
vt 27.13 11.9975
vt 27.2951 12.2599
vt 27.5051 12.2599
f 224/13697/1324 225/13698/1324 226/13699/1324 227/13700/1324 4977/13701/1324 4978/13702/1324 230/13703/1324 231/13704/1324 232/13705/1324 233/13706/1324 234/13707/1324 4979/13708/1324 4980/13709/1324 237/13710/1324 4981/13711/1324 239/13712/1324 4982/13713/1324 4983/13714/1324 205/13715/1324 206/13716/1324 4984/13717/1324 208/13718/1324 209/13719/1324 4985/13720/1324 211/13721/1324 212/13722/1324 213/13723/1324 4986/13724/1324 4987/13725/1324 4988/13726/1324 4989/13727/1324 4990/13728/1324 219/13729/1324 220/13730/1324 221/13731/1324 222/13732/1324 223/13733/1324 

vt -20.0021 1.64381e-16
vn -1 -5.74331e-17 -0
vt -12.5669 1.64381e-16
v -28.0014 4 -12.5669
vt -12.5669 4
v -28.0014 4 -20.0021
vt -20.0021 4
f 225/13734/1325 224/13735/1325 4991/13736/1325 4992/13737/1325 

vt -30.4245 -1.44298e-15
vn -0.526091 -2.08557e-19 0.850428
vt -29.8409 -2.16489e-15
v -27.5051 4 -12.2599
vt -29.8409 4
vt -30.4245 4
f 224/13738/1326 223/13739/1326 4993/13740/1326 4991/13741/1326 

vt -27.5051 -1.73316e-15
vn 0 3.5284e-17 1
vt -27.2951 -1.73316e-15
v -27.2951 4 -12.2599
vt -27.2951 4
vt -27.5051 4
f 223/13742/1327 222/13743/1327 4994/13744/1327 4993/13745/1327 

vt -24.9074 -1.67094e-15
vn -0.84657 -2.98402e-17 0.532278
vt -24.5974 -1.67094e-15
v -27.13 4 -11.9975
vt -24.5974 4
vt -24.9074 4
f 222/13746/1328 221/13747/1328 4995/13748/1328 4994/13749/1328 

vt -27.13 -1.74242e-15
vt -26.06 -1.74242e-15
v -26.06 4 -11.9975
vt -26.06 4
vt -27.13 4
f 221/13750/1327 220/13751/1327 4996/13752/1327 4995/13753/1327 

vt -21.9132 -1.25227e-15
vn 0.266869 4.93314e-17 0.963733
vt -21.4132 -1.25227e-15
v -25.5782 4 -12.1309
vt -21.4132 4
vt -21.9132 4
f 220/13754/1329 219/13755/1329 4997/13756/1329 4996/13757/1329 

vt -10.5053 -4.59007e-16
vn 0.679997 6.49251e-17 0.733215
vt -10.3053 -4.59059e-16
v -25.4315 4 -12.2669
vt -10.3053 4
vt -10.5053 4
f 219/13758/1330 4990/13759/1330 4998/13760/1330 4997/13761/1330 

vt 12.2669 -7.05175e-16
vn 1 5.74331e-17 -0
vt 12.49 -7.05175e-16
v -25.4315 4 -12.49
vt 12.49 4
vt 12.2669 4
f 4990/13762/1331 4989/13763/1331 4999/13764/1331 4998/13765/1331 

vt -15.3308 -7.39241e-16
vn 0.516314 5.98707e-17 0.856399
vt -14.8508 -7.16423e-16
v -25.0205 4 -12.7379
vt -14.8508 4
vt -15.3308 4
f 4989/13766/1332 4988/13767/1332 5000/13768/1332 4999/13769/1332 

vt -12.7379 -7.05966e-16
vt -12.6079 -7.05966e-16
v -25.0205 4 -12.6079
vt -12.6079 4
vt -12.7379 4
f 4988/13770/1325 4987/13771/1325 5001/13772/1325 5000/13773/1325 

vt -25.1031 -1.83497e-15
vn -0.799782 -2.47533e-17 0.60029
vt -24.9631 -1.13583e-15
v -24.9364 4 -12.4959
vt -24.9631 4
vt -25.1031 4
f 4987/13774/1333 4986/13775/1333 5002/13776/1333 5001/13777/1333 

vt -24.9364 -1.00292e-15
vt -24.8364 -1.00292e-15
v -24.8364 4 -12.4959
vt -24.8364 4
vt -24.9364 4
f 4986/13778/1327 213/13779/1327 5003/13780/1327 5002/13781/1327 

vt -27.581 -1.43399e-15
vn -0.558471 -2.80582e-18 0.829524
vt -27.171 -1.43399e-15
v -24.4963 4 -12.2669
vt -27.171 4
vt -27.581 4
f 213/13782/1334 212/13783/1334 5004/13784/1334 5003/13785/1334 

vt -24.4963 -1.011e-15
vt -24.2863 -1.011e-15
v -24.2863 4 -12.2669
vt -24.2863 4
vt -24.4963 4
f 212/13786/1327 211/13787/1327 5005/13788/1327 5004/13789/1327 

vt -23.2734 -1.02091e-15
vn -0.848024 -3.00056e-17 0.529958
vt -22.9434 -1.02091e-15
v -24.1114 4 -11.9871
vt -22.9434 4
vt -23.2734 4
f 211/13790/1335 4985/13791/1335 5006/13792/1335 5005/13793/1335 

vt -24.1114 -1.02087e-15
vt -24.0214 -1.02087e-15
v -24.0214 4 -11.9871
vt -24.0214 4
vt -24.1114 4
f 4985/13794/1327 209/13795/1327 5007/13796/1327 5006/13797/1327 

vt -13.8968 -5.37858e-17
vn 0.534436 6.05166e-17 0.845209
vt -13.6568 -5.37858e-17
v -23.8186 4 -12.1153
vt -13.6568 4
vt -13.8968 4
f 209/13798/1336 208/13799/1336 5008/13800/1336 5007/13801/1336 

vt -23.8186 -1.01635e-15
vt -23.5886 -1.01635e-15
v -23.5886 4 -12.1153
vt -23.5886 4
vt -23.8186 4
f 208/13802/1327 4984/13803/1327 5009/13804/1327 5008/13805/1327 

vt -7.65512 2.27618e-16
vn 0.719773 6.58333e-17 0.694209
vt -7.44512 2.27618e-16
v -23.4428 4 -12.2665
vt -7.44512 4
vt -7.65512 4
f 4984/13806/1337 206/13807/1337 5010/13808/1337 5009/13809/1337 

vt 12.2665 -9.74304e-17
vt 12.4765 -9.74304e-17
v -23.4428 4 -12.4765
vt 12.4765 4
vt 12.2665 4
f 206/13810/1331 205/13811/1331 5011/13812/1331 5010/13813/1331 

vt -15.1999 -1.90613e-16
vn 0.454954 5.75503e-17 0.890515
vt -14.6999 -1.89833e-16
v -22.9975 4 -12.704
vt -14.6999 4
vt -15.1999 4
f 205/13814/1338 4983/13815/1338 5012/13816/1338 5011/13817/1338 

vt 12.704 -1.22223e-16
vt 20.214 -1.22223e-16
v -22.9975 4 -20.214
vt 20.214 4
vt 12.704 4
f 4983/13818/1331 4982/13819/1331 5013/13820/1331 5012/13821/1331 

vt 29.2382 -1.16471e-15
vn 0.853401 3.06214e-17 -0.521256
vt 29.6482 -1.8874e-15
v -23.2113 4 -20.5639
vt 29.6482 4
vt 29.2382 4
f 4982/13822/1339 239/13823/1339 5014/13824/1339 5013/13825/1339 

vt 23.2113 -1.44016e-15
vn 0 -3.5284e-17 -1
vt 23.4213 -1.44016e-15
v -23.4213 4 -20.5639
vt 23.4213 4
vt 23.2113 4
f 239/13826/1340 4981/13827/1340 5015/13828/1340 5014/13829/1340 

vt 30.2711 -1.96628e-15
vn 0.819751 2.6873e-17 -0.57272
vt 30.7011 -1.96628e-15
v -23.6675 4 -20.9163
vt 30.7011 4
vt 30.2711 4
f 4981/13830/1341 237/13831/1341 5016/13832/1341 5015/13833/1341 

vt 23.6675 -1.42772e-15
vt 24.0375 -1.42772e-15
v -24.0375 4 -20.9163
vt 24.0375 4
vt 23.6675 4
f 237/13834/1340 4980/13835/1340 5017/13836/1340 5016/13837/1340 

vt 20.9163 -7.85185e-16
vt 21.3563 -7.85185e-16
v -24.0375 4 -21.3563
vt 21.3563 4
vt 20.9163 4
f 4980/13838/1331 4979/13839/1331 5018/13840/1331 5017/13841/1331 

vt 30.9873 -1.91629e-15
vn 0.839648 2.90598e-17 -0.543131
vt 31.2473 -1.91629e-15
v -24.1787 4 -21.5747
vt 31.2473 4
vt 30.9873 4
f 4979/13842/1342 234/13843/1342 5019/13844/1342 5018/13845/1342 

vt 24.1787 -1.40449e-15
vt 24.3887 -1.40449e-15
v -24.3887 4 -21.5747
vt 24.3887 4
vt 24.1787 4
f 234/13846/1340 233/13847/1340 5020/13848/1340 5019/13849/1340 

vt 31.7337 -1.97447e-15
vn 0.813576 2.62099e-17 -0.581459
vt 32.2637 -1.97447e-15
v -24.6969 4 -22.0058
vt 32.2637 4
vt 31.7337 4
f 233/13850/1343 232/13851/1343 5021/13852/1343 5020/13853/1343 

vt 24.6969 -1.38928e-15
vt 25.379 -1.38928e-15
v -25.379 4 -22.0058
vt 25.379 4
vt 24.6969 4
f 232/13854/1340 231/13855/1340 5022/13856/1340 5021/13857/1340 

vt 0.259826 6.53333e-17
vn -0.750442 -6.64206e-17 -0.660936
vt 1.10983 6.53333e-17
v -25.9408 4 -21.368
vt 1.10983 4
vt 0.259826 4
f 231/13858/1344 230/13859/1344 5023/13860/1344 5022/13861/1344 

vt -15.7031 -2.82919e-16
vn -0.979492 -6.33643e-17 -0.201482
vt -15.3531 -2.82923e-16
v -26.0114 4 -21.0252
vt -15.3531 4
vt -15.7031 4
f 230/13862/1345 4978/13863/1345 5024/13864/1345 5023/13865/1345 

vt 26.0114 -1.42389e-15
vt 26.3714 -1.42389e-15
v -26.3714 4 -21.0252
vt 26.3714 4
vt 26.0114 4
f 4978/13866/1340 4977/13867/1340 5025/13868/1340 5024/13869/1340 

vt 1.449 7.46437e-17
vn -0.754404 -6.64885e-17 -0.656411
vt 2.319 8.36366e-17
v -26.9424 4 -20.3688
vt 2.319 4
vt 1.449 4
f 4977/13870/1346 227/13871/1346 5026/13872/1346 5025/13873/1346 

vt -16.6282 -3.45971e-16
vn -0.991223 -6.15936e-17 -0.132202
vt -16.2582 3.66953e-16
v -26.9914 4 -20.0021
vt -16.2582 4
vt -16.6282 4
f 227/13874/1347 226/13875/1347 5027/13876/1347 5026/13877/1347 

vt 26.9914 -7.3807e-16
vt 28.0014 -7.3807e-16
vt 28.0014 4
vt 26.9914 4
f 226/13878/1340 225/13879/1340 4992/13880/1340 5027/13881/1340 

vt -28.0014 20.0021
vn -5.74331e-17 1 -3.5284e-17
vt -28.0014 12.5669
vt -27.5051 12.2599
vt -27.2951 12.2599
vt -27.13 11.9975
vt -26.06 11.9975
vt -25.5782 12.1309
vt -25.4315 12.2669
vt -25.4315 12.49
vt -25.0205 12.7379
vt -25.0205 12.6079
vt -24.9364 12.4959
vt -24.8364 12.4959
vt -24.4963 12.2669
vt -24.2863 12.2669
vt -24.1114 11.9871
vt -24.0214 11.9871
vt -23.8186 12.1153
vt -23.5886 12.1153
vt -23.4428 12.2665
vt -23.4428 12.4765
vt -22.9975 12.704
vt -22.9975 20.214
vt -23.2113 20.5639
vt -23.4213 20.5639
vt -23.6675 20.9163
vt -24.0375 20.9163
vt -24.0375 21.3563
vt -24.1787 21.5747
vt -24.3887 21.5747
vt -24.6969 22.0058
vt -25.379 22.0058
vt -25.9408 21.368
vt -26.0114 21.0252
vt -26.3714 21.0252
vt -26.9424 20.3688
vt -26.9914 20.0021
f 4992/13882/1348 4991/13883/1348 4993/13884/1348 4994/13885/1348 4995/13886/1348 4996/13887/1348 4997/13888/1348 4998/13889/1348 4999/13890/1348 5000/13891/1348 5001/13892/1348 5002/13893/1348 5003/13894/1348 5004/13895/1348 5005/13896/1348 5006/13897/1348 5007/13898/1348 5008/13899/1348 5009/13900/1348 5010/13901/1348 5011/13902/1348 5012/13903/1348 5013/13904/1348 5014/13905/1348 5015/13906/1348 5016/13907/1348 5017/13908/1348 5018/13909/1348 5019/13910/1348 5020/13911/1348 5021/13912/1348 5022/13913/1348 5023/13914/1348 5024/13915/1348 5025/13916/1348 5026/13917/1348 5027/13918/1348 

g Mesh44 Model

usemtl _1
v -63.9996 -2.09272e-15 36.4892
vt 63.9996 -36.4892
vn -1.19357e-17 -1 7.96418e-19
v -63.9996 -2.16573e-15 31.9991
vt 63.9996 -31.9991
v -61.0161 -2.16573e-15 31.9991
vt 61.0161 -31.9991
v -61.0161 -2.16573e-15 35.2691
vt 61.0161 -35.2691
v -61.4389 -2.16573e-15 35.5167
vt 61.4389 -35.5167
v -61.4389 -2.16573e-15 35.7467
vt 61.4389 -35.7467
v -61.5626 -2.16573e-15 35.8633
vt 61.5626 -35.8633
v -62.0556 -2.16573e-15 35.9466
vt 62.0556 -35.9466
v -62.0556 -2.16573e-15 36.3166
vt 62.0556 -36.3166
v -62.4401 -2.16573e-15 36.5092
vt 62.4401 -36.5092
v -62.4401 -2.16573e-15 36.7292
vt 62.4401 -36.7292
v -62.5774 -2.16573e-15 36.8746
vt 62.5774 -36.8746
v -62.8682 -2.16573e-15 36.9483
vt 62.8682 -36.9483
v -63.1882 -2.16573e-15 36.9483
vt 63.1882 -36.9483
v -63.2741 -2.16573e-15 36.7567
vt 63.2741 -36.7567
v -63.6793 -2.16453e-15 36.6939
vt 63.6793 -36.6939
v -63.8396 -2.09272e-15 36.4892
vt 63.8396 -36.4892
f 5028/13919/1349 5029/13920/1349 5030/13921/1349 5031/13922/1349 5032/13923/1349 5033/13924/1349 5034/13925/1349 5035/13926/1349 5036/13927/1349 5037/13928/1349 5038/13929/1349 5039/13930/1349 5040/13931/1349 5041/13932/1349 5042/13933/1349 5043/13934/1349 5044/13935/1349 

vt 31.9991 -2.92962e-15
vn -1 1.19357e-17 -1.94079e-34
vt 36.4892 -2.85661e-15
v -63.9996 4 36.4892
vt 36.4892 4
v -63.9996 4 31.9991
vt 31.9991 4
f 5029/13936/1350 5028/13937/1350 5045/13938/1350 5046/13939/1350 

vt -63.9996 -2.12178e-15
vn 0 7.96418e-19 1
vt -63.8396 -2.12178e-15
v -63.8396 4 36.4892
vt -63.8396 4
f 5028/13940/1351 5044/13941/1351 5047/13942/1351 5045/2867/1351 

vt -10.6364 -2.81215e-15
vn -0.787277 9.88779e-18 0.6166
vt -10.3764 -2.88395e-15
v -63.6793 4 36.6939
vt -10.3764 4
vt -10.6364 4
f 5044/13943/1352 5043/13944/1352 5048/13945/1352 5047/13946/1352 

vt -57.3063 -2.28489e-15
vn -0.153195 2.61551e-18 0.988196
vt -56.8963 -2.28608e-15
v -63.2741 4 36.7567
vt -56.8963 4
vt -57.3063 4
f 5043/13947/1353 5042/13948/1353 5049/13949/1353 5048/13950/1353 

vt 7.64706 -2.98202e-15
vn -0.912447 1.12166e-17 0.409195
vt 7.85706 -2.98202e-15
v -63.1882 4 36.9483
vt 7.85706 4
vt 7.64706 4
f 5042/13951/1354 5041/13952/1354 5050/13953/1354 5049/13954/1354 

vt -63.1882 -2.19516e-15
vt -62.8682 -2.19516e-15
v -62.8682 4 36.9483
vt -62.8682 4
vt -63.1882 4
f 5041/13955/1351 5040/13956/1351 5051/13957/1351 5050/13958/1351 

vt -70.0218 -2.12171e-15
vn 0.245821 -2.16208e-18 0.969315
vt -69.7218 -2.12171e-15
v -62.5774 4 36.8746
vt -69.7218 4
vt -70.0218 4
f 5040/13959/1355 5039/13960/1355 5052/13961/1355 5051/13962/1355 

vt -69.7725 -2.32988e-15
vn 0.727113 -8.13186e-18 0.686518
vt -69.5725 -2.32988e-15
v -62.4401 4 36.7292
vt -69.5725 4
vt -69.7725 4
f 5039/13963/1356 5038/13964/1356 5053/13965/1356 5052/13966/1356 

vt -36.7292 -2.911e-15
vn 1 -1.19357e-17 -0
vt -36.5092 -2.911e-15
v -62.4401 4 36.5092
vt -36.5092 4
vt -36.7292 4
f 5038/13967/1357 5037/13968/1357 5054/13969/1357 5053/13970/1357 

vt -72.1785 -2.14403e-15
vn 0.447772 -4.63237e-18 0.894148
vt -71.7485 -2.14403e-15
v -62.0556 4 36.3166
vt -71.7485 4
vt -72.1785 4
f 5037/13971/1358 5036/13972/1358 5055/13973/1358 5054/13974/1358 

vt -36.3166 -2.90641e-15
vt -35.9466 -2.90641e-15
v -62.0556 4 35.9466
vt -35.9466 4
vt -36.3166 4
f 5036/13975/1357 5035/13976/1357 5056/13977/1357 5055/13978/1357 

vt -67.1774 -2.13552e-15
vn 0.166612 -1.20335e-18 0.986023
vt -66.6774 -2.13552e-15
v -61.5626 4 35.8633
vt -66.6774 4
vt -67.1774 4
f 5035/13979/1359 5034/13980/1359 5057/13981/1359 5056/13982/1359 

vt -69.3972 -2.28844e-15
vn 0.685914 -7.60734e-18 0.727682
vt -69.2272 -2.28844e-15
v -61.4389 4 35.7467
vt -69.2272 4
vt -69.3972 4
f 5034/13983/1360 5033/13984/1360 5058/13985/1360 5057/13986/1360 

vt -35.7467 -2.89905e-15
vt -35.5167 -2.89905e-15
v -61.4389 4 35.5167
vt -35.5167 4
vt -35.7467 4
f 5033/13987/1357 5032/13988/1357 5059/13989/1357 5058/13990/1357 

vt -70.9649 -2.16783e-15
vn 0.505257 -5.34333e-18 0.862969
vt -70.4749 -2.16783e-15
v -61.0161 4 35.2691
vt -70.4749 4
vt -70.9649 4
f 5032/13991/1361 5031/13992/1361 5060/13993/1361 5059/13994/1361 

vt -35.2691 -2.89401e-15
vt -31.9991 -2.89401e-15
v -61.0161 4 31.9991
vt -31.9991 4
vt -35.2691 4
f 5031/13995/1357 5030/13996/1357 5061/13997/1357 5060/13998/1357 

vt 61.0161 -2.19122e-15
vn 0 -7.96418e-19 -1
vt 63.9996 -2.19122e-15
vt 63.9996 4
vt 61.0161 4
f 5030/13999/1362 5029/14000/1362 5046/14001/1362 5061/14002/1362 

vt -63.9996 -31.9991
vn 1.19357e-17 1 -7.96418e-19
vt -63.9996 -36.4892
vt -63.8396 -36.4892
vt -63.6793 -36.6939
vt -63.2741 -36.7567
vt -63.1882 -36.9483
vt -62.8682 -36.9483
vt -62.5774 -36.8746
vt -62.4401 -36.7292
vt -62.4401 -36.5092
vt -62.0556 -36.3166
vt -62.0556 -35.9466
vt -61.5626 -35.8633
vt -61.4389 -35.7467
vt -61.4389 -35.5167
vt -61.0161 -35.2691
vt -61.0161 -31.9991
f 5046/14003/1363 5045/14004/1363 5047/14005/1363 5048/14006/1363 5049/14007/1363 5050/14008/1363 5051/14009/1363 5052/14010/1363 5053/14011/1363 5054/14012/1363 5055/14013/1363 5056/14014/1363 5057/14015/1363 5058/14016/1363 5059/14017/1363 5060/14018/1363 5061/14019/1363 

g Mesh45 Model

v -59.0165 -2.16573e-15 31.9991
vt 59.0165 -31.9991
v -55.0609 -2.16573e-15 31.9991
vt 55.0609 -31.9991
v -55.0609 -2.16573e-15 33.3078
vt 55.0609 -33.3078
v -55.4418 -2.16573e-15 33.5282
vt 55.4418 -33.5282
v -55.4418 -2.16573e-15 33.7482
vt 55.4418 -33.7482
v -55.5855 -2.16573e-15 33.8873
vt 55.5855 -33.8873
v -55.8455 -2.16573e-15 33.8873
vt 55.8455 -33.8873
v -56.0055 -2.16573e-15 34.0232
vt 56.0055 -34.0232
v -58.1255 -2.16573e-15 34.0232
vt 58.1255 -34.0232
v -58.274 -2.16573e-15 33.7625
vt 58.274 -33.7625
v -58.6893 -2.16573e-15 33.6998
vt 58.6893 -33.6998
v -58.8287 -2.16573e-15 33.5169
vt 58.8287 -33.5169
v -58.9387 -2.16573e-15 33.5169
vt 58.9387 -33.5169
v -59.0165 -2.16573e-15 33.4391
vt 59.0165 -33.4391
f 5062/14020/9 5063/14021/9 5064/14022/9 5065/14023/9 5066/14024/9 5067/14025/9 5068/14026/9 5069/14027/9 5070/14028/9 5071/14029/9 5072/14030/9 5073/14031/9 5074/14032/9 5075/14033/9 

vt 55.0609 -2.16573e-15
vt 59.0165 -2.16573e-15
v -59.0165 4 31.9991
vt 59.0165 4
v -55.0609 4 31.9991
vt 55.0609 4
f 5063/14034/5 5062/14035/5 5076/14036/5 5077/14037/5 

vt 31.9991 -2.16573e-15
vt 33.4391 -2.16573e-15
v -59.0165 4 33.4391
vt 33.4391 4
f 5062/14038/3 5075/14039/3 5078/14040/3 5076/13939/3 

vt -18.1091 -2.16573e-15
vn -0.706856 0 0.707358
vt -17.9991 -2.16573e-15
v -58.9387 4 33.5169
vt -17.9991 4
vt -18.1091 4
f 5075/14041/1364 5074/14042/1364 5079/14043/1364 5078/14044/1364 

vt -58.9387 -2.16573e-15
vt -58.8287 -2.16573e-15
v -58.8287 4 33.5169
vt -58.8287 4
vt -58.9387 4
f 5074/14045/7 5073/14046/7 5080/14047/7 5079/14048/7 

vt -8.98647 -2.16573e-15
vn -0.795485 0 0.605974
vt -8.75647 -2.16573e-15
v -58.6893 4 33.6998
vt -8.75647 4
vt -8.98647 4
f 5073/14049/1365 5072/14050/1365 5081/14051/1365 5080/14052/1365 

vt -53.0061 -2.16573e-15
vn -0.149161 0 0.988813
vt -52.5861 -2.16573e-15
v -58.274 4 33.7625
vt -52.5861 4
vt -53.0061 4
f 5072/14053/1366 5071/14054/1366 5082/14055/1366 5081/14056/1366 

vt 0.502266 -2.16573e-15
vn -0.86898 0 0.494846
vt 0.802266 -2.16573e-15
v -58.1255 4 34.0232
vt 0.802266 4
vt 0.502266 4
f 5071/14057/1367 5070/14058/1367 5083/14059/1367 5082/14060/1367 

vt -58.1255 -2.16573e-15
vt -56.0055 -2.16573e-15
v -56.0055 4 34.0232
vt -56.0055 4
vt -58.1255 4
f 5070/14061/7 5069/14062/7 5084/14063/7 5083/14064/7 

vt -64.7146 -2.16573e-15
vn 0.647152 0 0.762361
vt -64.5046 -2.16573e-15
v -55.8455 4 33.8873
vt -64.5046 4
vt -64.7146 4
f 5069/14065/1368 5068/14066/1368 5085/14067/1368 5084/14068/1368 

vt -55.8455 -2.16573e-15
vt -55.5855 -2.16573e-15
v -55.5855 4 33.8873
vt -55.5855 4
vt -55.8455 4
f 5068/14069/7 5067/14070/7 5086/14071/7 5085/14072/7 

vt -63.5076 -2.16573e-15
vn 0.69553 0 0.718497
vt -63.3076 -2.16573e-15
v -55.4418 4 33.7482
vt -63.3076 4
vt -63.5076 4
f 5067/14073/1369 5066/14074/1369 5087/14075/1369 5086/14076/1369 

vt -33.7482 -2.16573e-15
vt -33.5282 -2.16573e-15
v -55.4418 4 33.5282
vt -33.5282 4
vt -33.7482 4
f 5066/14077/1 5065/14078/1 5088/14079/1 5087/14080/1 

vt -64.7794 -2.16573e-15
vn 0.500884 0 0.865514
vt -64.3394 -2.16573e-15
v -55.0609 4 33.3078
vt -64.3394 4
vt -64.7794 4
f 5065/14081/1370 5064/14082/1370 5089/14083/1370 5088/14084/1370 

vt -33.3078 -2.16573e-15
vt -31.9991 -2.16573e-15
vt -33.3078 4
f 5064/14085/1 5063/14086/1 5077/13997/1 5089/14087/1 

vt -55.0609 -31.9991
vt -59.0165 -31.9991
vt -59.0165 -33.4391
vt -58.9387 -33.5169
vt -58.8287 -33.5169
vt -58.6893 -33.6998
vt -58.274 -33.7625
vt -58.1255 -34.0232
vt -56.0055 -34.0232
vt -55.8455 -33.8873
vt -55.5855 -33.8873
vt -55.4418 -33.7482
vt -55.4418 -33.5282
vt -55.0609 -33.3078
f 5077/14088/32 5076/14089/32 5078/14090/32 5079/14091/32 5080/14092/32 5081/14093/32 5082/14094/32 5083/14095/32 5084/14096/32 5085/14097/32 5086/14098/32 5087/14099/32 5088/14100/32 5089/14101/32 

g Mesh46 Model

v -49.9987 -1.44382e-15 27.1538
vt 49.9987 -27.1538
vn -1.88588e-16 -1 -3.35867e-17
v -49.8495 -1.45663e-15 27.008
vt 49.8495 -27.008
v -46.2295 -1.45663e-15 27.008
vt 46.2295 -27.008
v -46.0391 -2.52942e-15 27.3017
vt 46.0391 -27.3017
v -46.0391 -2.52942e-15 33.3017
vt 46.0391 -33.3017
v -46.4219 -2.16573e-15 33.4974
vt 46.4219 -33.4974
v -46.4219 -2.16573e-15 33.7474
vt 46.4219 -33.7474
v -46.5733 -2.16553e-15 33.8782
vt 46.5733 -33.8782
v -46.8133 -2.16553e-15 33.8782
vt 46.8133 -33.8782
v -47.0442 -2.17871e-15 34.0182
vt 47.0442 -34.0182
v -49.1242 -2.17871e-15 34.0182
vt 49.1242 -34.0182
v -49.2334 -1.44382e-15 33.7822
vt 49.2334 -33.7822
v -49.6627 -1.44382e-15 33.6857
vt 49.6627 -33.6857
v -49.9987 -1.44382e-15 33.4338
vt 49.9987 -33.4338
f 5090/14102/1371 5091/14103/1371 5092/14104/1371 5093/14105/1371 5094/14106/1371 5095/14107/1371 5096/14108/1371 5097/14109/1371 5098/14110/1371 5099/14111/1371 5100/14112/1371 5101/14113/1371 5102/14114/1371 5103/14115/1371 

vt 54.5306 -3.87458e-15
vn -0.698832 1.55816e-16 -0.715285
vt 54.7393 -3.86177e-15
v -49.9987 4 27.1538
vt 54.7393 4
v -49.8495 4 27.008
vt 54.5306 4
f 5091/14116/1372 5090/14117/1372 5104/14118/1372 5105/14119/1372 

vt 27.1538 -1.0873e-14
vn -1 1.88588e-16 -0
vt 33.4338 -1.0873e-14
v -49.9987 4 33.4338
vt 33.4338 4
vt 27.1538 4
f 5090/14120/1373 5103/14121/1373 5106/14122/1373 5104/14123/1373 

vt -19.9438 -6.33907e-15
vn -0.599928 8.62683e-17 0.800054
vt -19.5238 -6.33907e-15
v -49.6627 4 33.6857
vt -19.5238 4
vt -19.9438 4
f 5103/14124/1374 5102/14125/1374 5107/14126/1374 5106/14127/1374 

vt -41.0713 -1.81866e-15
vn -0.219192 8.56722e-18 0.975682
vt -40.6313 -1.81866e-15
v -49.2334 4 33.7822
vt -40.6313 4
vt -41.0713 4
f 5102/14128/1375 5101/14129/1375 5108/14130/1375 5107/14131/1375 

vt 9.98213 -1.06889e-14
vn -0.907538 1.57046e-16 0.419969
vt 10.2421 -1.14238e-14
v -49.1242 4 34.0182
vt 10.2421 4
vt 9.98213 4
f 5101/14132/1376 5100/14133/1376 5109/14134/1376 5108/14135/1376 

vt -49.1242 -1.03615e-15
vn 0 -3.35867e-17 1
vt -47.0442 -1.03615e-15
v -47.0442 4 34.0182
vt -47.0442 4
vt -49.1242 4
f 5100/14136/1377 5099/14137/1377 5110/14138/1377 5109/14139/1377 

vt -57.8643 -1.58396e-15
vn 0.518407 -1.26487e-16 0.855134
vt -57.5943 -1.57078e-15
v -46.8133 4 33.8782
vt -57.5943 4
vt -57.8643 4
f 5099/14140/1378 5098/14141/1378 5111/14142/1378 5110/14143/1378 

vt -46.8133 -1.02768e-15
vt -46.5733 -1.02768e-15
v -46.5733 4 33.8782
vt -46.5733 4
vt -46.8133 4
f 5098/14144/1377 5097/14145/1377 5112/14146/1377 5111/14147/1377 

vt -57.3903 -2.88103e-15
vn 0.653752 -1.48706e-16 0.756708
vt -57.1903 -2.88123e-15
v -46.4219 4 33.7474
vt -57.1903 4
vt -57.3903 4
f 5097/14148/1379 5096/14149/1379 5113/14150/1379 5112/14151/1379 

vt -33.7474 -1.09204e-14
vn 1 -1.88588e-16 -0
vt -33.4974 -1.09204e-14
v -46.4219 4 33.4974
vt -33.4974 4
vt -33.7474 4
f 5096/14152/1380 5095/14153/1380 5114/14154/1380 5113/14155/1380 

vt -56.5819 -1.15953e-15
vn 0.455233 -1.15756e-16 0.890372
vt -56.1519 -1.52322e-15
v -46.0391 4 33.3017
vt -56.1519 4
vt -56.5819 4
f 5095/14156/1381 5094/14157/1381 5115/14158/1381 5114/14159/1381 

vt -33.3017 -1.12119e-14
vt -27.3017 -1.12119e-14
v -46.0391 4 27.3017
vt -27.3017 4
vt -33.3017 4
f 5094/14160/1380 5093/14161/1380 5116/14162/1380 5115/14163/1380 

vt 2.13389 -1.00158e-14
vn 0.839115 -1.39978e-16 -0.543954
vt 2.48389 -8.94306e-15
v -46.2295 4 27.008
vt 2.48389 4
vt 2.13389 4
f 5093/14164/1382 5092/14165/1382 5117/14166/1382 5116/14167/1382 

vt 46.2295 -5.49523e-16
vn 0 3.35867e-17 -1
vt 49.8495 -5.49523e-16
vt 49.8495 4
vt 46.2295 4
f 5092/14168/1383 5091/14169/1383 5105/14170/1383 5117/14171/1383 

vt -49.8495 -27.008
vn 1.88588e-16 1 3.35867e-17
vt -49.9987 -27.1538
vt -49.9987 -33.4338
vt -49.6627 -33.6857
vt -49.2334 -33.7822
vt -49.1242 -34.0182
vt -47.0442 -34.0182
vt -46.8133 -33.8782
vt -46.5733 -33.8782
vt -46.4219 -33.7474
vt -46.4219 -33.4974
vt -46.0391 -33.3017
vt -46.0391 -27.3017
vt -46.2295 -27.008
f 5105/14172/1384 5104/14173/1384 5106/14174/1384 5107/14175/1384 5108/14176/1384 5109/14177/1384 5110/14178/1384 5111/14179/1384 5112/14180/1384 5113/14181/1384 5114/14182/1384 5115/14183/1384 5116/14184/1384 5117/14185/1384 

g Mesh47 Model

v -53.0121 -2.16573e-15 31.9991
vt 53.0121 -31.9991
v -51.0167 -2.16573e-15 31.9991
vt 51.0167 -31.9991
v -51.0167 -2.16573e-15 33.2703
vt 51.0167 -33.2703
v -51.4192 -2.16573e-15 33.513
vt 51.4192 -33.513
v -51.4192 -2.16573e-15 33.733
vt 51.4192 -33.733
v -51.5546 -2.16573e-15 33.8935
vt 51.5546 -33.8935
v -51.8246 -2.16573e-15 33.8935
vt 51.8246 -33.8935
v -51.9727 -2.16573e-15 34.028
vt 51.9727 -34.028
v -52.1227 -2.16573e-15 34.028
vt 52.1227 -34.028
v -52.262 -2.16573e-15 33.7623
vt 52.262 -33.7623
v -52.6764 -2.16573e-15 33.6939
vt 52.6764 -33.6939
v -52.826 -2.16573e-15 33.5193
vt 52.826 -33.5193
v -52.946 -2.16573e-15 33.5193
vt 52.946 -33.5193
v -53.0121 -2.16573e-15 33.4191
vt 53.0121 -33.4191
f 5118/14186/9 5119/14187/9 5120/14188/9 5121/14189/9 5122/14190/9 5123/14191/9 5124/14192/9 5125/14193/9 5126/14194/9 5127/14195/9 5128/14196/9 5129/14197/9 5130/14198/9 5131/14199/9 

vt 51.0167 -2.16573e-15
vt 53.0121 -2.16573e-15
v -53.0121 4 31.9991
vt 53.0121 4
v -51.0167 4 31.9991
vt 51.0167 4
f 5119/14200/5 5118/14201/5 5132/14202/5 5133/14203/5 

vt 33.4191 -2.16573e-15
v -53.0121 4 33.4191
vt 33.4191 4
f 5118/14038/3 5131/14204/3 5134/14205/3 5132/13939/3 

vt -1.31745 -2.16573e-15
vn -0.834539 0 0.55095
vt -1.19745 -2.16573e-15
v -52.946 4 33.5193
vt -1.19745 4
vt -1.31745 4
f 5131/14206/1385 5130/14207/1385 5135/14208/1385 5134/14209/1385 

vt -52.946 -2.16573e-15
vt -52.826 -2.16573e-15
v -52.826 4 33.5193
vt -52.826 4
vt -52.946 4
f 5130/14210/7 5129/14211/7 5136/14212/7 5135/14213/7 

vt -8.9093 -2.16573e-15
vn -0.759463 0 0.65055
vt -8.6793 -2.16573e-15
v -52.6764 4 33.6939
vt -8.6793 4
vt -8.9093 4
f 5129/14214/1386 5128/14215/1386 5137/14216/1386 5136/14217/1386 

vt -46.4913 -2.16573e-15
vn -0.162729 0 0.986671
vt -46.0713 -2.16573e-15
v -52.262 4 33.7623
vt -46.0713 4
vt -46.4913 4
f 5128/14218/1387 5127/14219/1387 5138/14220/1387 5137/14221/1387 

vt 5.6336 -2.16573e-15
vn -0.88565 0 0.464353
vt 5.9336 -2.16573e-15
v -52.1227 4 34.028
vt 5.9336 4
vt 5.6336 4
f 5127/14222/1388 5126/14223/1388 5139/14224/1388 5138/14225/1388 

vt -52.1227 -2.16573e-15
vt -51.9727 -2.16573e-15
v -51.9727 4 34.028
vt -51.9727 4
vt -52.1227 4
f 5126/14226/7 5125/14227/7 5140/14228/7 5139/14229/7 

vt -61.3498 -2.16573e-15
vn 0.672411 0 0.740178
vt -61.1498 -2.16573e-15
v -51.8246 4 33.8935
vt -61.1498 4
vt -61.3498 4
f 5125/14230/1389 5124/14231/1389 5141/14232/1389 5140/14233/1389 

vt -51.8246 -2.16573e-15
vt -51.5546 -2.16573e-15
v -51.5546 4 33.8935
vt -51.5546 4
vt -51.8246 4
f 5124/14234/7 5123/14235/7 5142/14236/7 5141/14237/7 

vt -59.1485 -2.16573e-15
vn 0.764368 0 0.64478
vt -58.9385 -2.16573e-15
v -51.4192 4 33.733
vt -58.9385 4
vt -59.1485 4
f 5123/14238/1390 5122/14239/1390 5143/14240/1390 5142/14241/1390 

vt -33.733 -2.16573e-15
vt -33.513 -2.16573e-15
v -51.4192 4 33.513
vt -33.513 4
vt -33.733 4
f 5122/14242/1 5121/14243/1 5144/14244/1 5143/14245/1 

vt -61.3389 -2.16573e-15
vn 0.516414 0 0.856339
vt -60.8689 -2.16573e-15
v -51.0167 4 33.2703
vt -60.8689 4
vt -61.3389 4
f 5121/14246/1391 5120/14247/1391 5145/14248/1391 5144/14249/1391 

vt -33.2703 -2.16573e-15
vt -33.2703 4
f 5120/14250/1 5119/14086/1 5133/13997/1 5145/14251/1 

vt -51.0167 -31.9991
vt -53.0121 -31.9991
vt -53.0121 -33.4191
vt -52.946 -33.5193
vt -52.826 -33.5193
vt -52.6764 -33.6939
vt -52.262 -33.7623
vt -52.1227 -34.028
vt -51.9727 -34.028
vt -51.8246 -33.8935
vt -51.5546 -33.8935
vt -51.4192 -33.733
vt -51.4192 -33.513
vt -51.0167 -33.2703
f 5133/14252/32 5132/14253/32 5134/14254/32 5135/14255/32 5136/14256/32 5137/14257/32 5138/14258/32 5139/14259/32 5140/14260/32 5141/14261/32 5142/14262/32 5143/14263/32 5144/14264/32 5145/14265/32 

g Mesh48 Model

v 31.9958 -2.16572e-15 12.7616
vt -31.9958 -12.7616
vn -1.95338e-18 -1 3.23892e-17
v 32.1765 -2.16573e-15 12.4873
vt -32.1765 -12.4873
v 32.2865 -2.16573e-15 12.4873
vt -32.2865 -12.4873
v 32.361 -2.16573e-15 12.2486
vt -32.361 -12.2486
v 32.6214 -2.16573e-15 11.9857
vt -32.6214 -11.9857
v 33.2599 -2.16573e-15 12.029
vt -33.2599 -12.029
v 33.5961 -2.16573e-15 12.4258
vt -33.5961 -12.4258
v 33.7961 -2.16573e-15 12.4258
vt -33.7961 -12.4258
v 33.9311 -2.16573e-15 12.6479
vt -33.9311 -12.6479
v 33.9311 -2.16573e-15 13.0379
vt -33.9311 -13.0379
v 34.3125 -2.16573e-15 13.0379
vt -34.3125 -13.0379
v 34.5945 -2.16573e-15 13.4139
vt -34.5945 -13.4139
v 34.8045 -2.16573e-15 13.4139
vt -34.8045 -13.4139
v 34.9273 -2.16573e-15 13.6317
vt -34.9273 -13.6317
v 35.022 -2.16573e-15 14.0306
vt -35.022 -14.0306
v 35.272 -2.16573e-15 14.0306
vt -35.272 -14.0306
v 35.6001 -2.16573e-15 14.434
vt -35.6001 -14.434
v 35.8001 -2.16573e-15 14.434
vt -35.8001 -14.434
v 35.9299 -2.16558e-15 14.6359
vt -35.9299 -14.6359
v 36.0599 -2.16558e-15 14.6359
vt -36.0599 -14.6359
v 36.1694 -2.15647e-15 14.4685
vt -36.1694 -14.4685
v 36.3073 -2.15647e-15 14.4685
vt -36.3073 -14.4685
v 36.3653 -1.45296e-15 14.2563
vt -36.3653 -14.2563
v 36.6323 -2.16573e-15 14.0149
vt -36.6323 -14.0149
v 43.9423 -2.16573e-15 14.0149
vt -43.9423 -14.0149
v 44.0373 -2.16573e-15 13.6366
vt -44.0373 -13.6366
v 44.1812 -2.16573e-15 13.4836
vt -44.1812 -13.4836
v 44.3012 -2.16573e-15 13.4836
vt -44.3012 -13.4836
v 44.3012 -2.16573e-15 13.3836
vt -44.3012 -13.3836
v 44.6185 -2.16573e-15 12.9716
vt -44.6185 -12.9716
v 44.9853 -2.16573e-15 12.9716
vt -44.9853 -12.9716
v 44.9853 -2.16573e-15 11.9116
vt -44.9853 -11.9116
v 45.0458 -2.16573e-15 11.6383
vt -45.0458 -11.6383
v 45.1706 -2.16573e-15 11.495
vt -45.1706 -11.495
v 45.2506 -2.16573e-15 11.495
vt -45.2506 -11.495
v 45.362 -2.16571e-15 11.2381
vt -45.362 -11.2381
v 45.472 -2.16571e-15 11.2381
vt -45.472 -11.2381
v 45.472 -2.16571e-15 11.1281
vt -45.472 -11.1281
v 45.6144 -2.16683e-15 10.9604
vt -45.6144 -10.9604
v 45.9814 -2.16683e-15 10.9604
vt -45.9814 -10.9604
v 46.0475 -1.40724e-15 10.6269
vt -46.0475 -10.6269
v 46.1754 -2.88767e-15 10.4731
vt -46.1754 -10.4731
v 46.2854 -2.88767e-15 10.4731
vt -46.2854 -10.4731
v 46.3692 -2.8844e-15 10.2589
vt -46.3692 -10.2589
v 46.6126 -2.16573e-15 10.0361
vt -46.6126 -10.0361
v 47.3026 -2.16573e-15 10.0361
vt -47.3026 -10.0361
v 47.5972 -2.16573e-15 10.4277
vt -47.5972 -10.4277
v 47.7972 -2.16573e-15 10.4277
vt -47.7972 -10.4277
v 47.9968 -2.16572e-15 10.6516
vt -47.9968 -10.6516
v 47.9968 -2.16572e-15 16.0016
vt -47.9968 -16.0016
v 31.9958 -2.16572e-15 16.0016
vt -31.9958 -16.0016
f 5146/14266/1392 5147/14267/1392 5148/14268/1392 5149/14269/1392 5150/14270/1392 5151/14271/1392 5152/14272/1392 5153/14273/1392 5154/14274/1392 5155/14275/1392 5156/14276/1392 5157/14277/1392 5158/14278/1392 5159/14279/1392 5160/14280/1392 5161/14281/1392 5162/14282/1392 5163/14283/1392 5164/14284/1392 5165/14285/1392 5166/14286/1392 5167/14287/1392 5168/14288/1392 5169/14289/1392 5170/14290/1392 5171/14291/1392 5172/14292/1392 5173/14293/1392 5174/14294/1392 5175/14295/1392 5176/14296/1392 5177/14297/1392 5178/14298/1392 5179/14299/1392 5180/14300/1392 5181/14301/1392 5182/14302/1392 5183/14303/1392 5184/14304/1392 5185/14305/1392 5186/14306/1392 5187/14307/1392 5188/14308/1392 5189/14309/1392 5190/14310/1392 5191/14311/1392 5192/14312/1392 5193/14313/1392 5194/14314/1392 5195/14315/1392 5196/14316/1392 

vt -7.27437 -2.7119e-15
vn -0.835063 -1.61879e-17 -0.550154
vt -6.94591 -2.71189e-15
v 31.9958 4 12.7616
vt -6.94591 4
v 32.1765 4 12.4873
vt -7.27437 4
f 5147/14317/1393 5146/14318/1393 5197/14319/1393 5198/14320/1393 

vt 12.7616 -2.10322e-15
vn -1 1.95338e-18 -0
vt 16.0016 -2.10322e-15
v 31.9958 4 16.0016
vt 16.0016 4
vt 12.7616 4
f 5146/14321/1394 5196/14322/1394 5199/14323/1394 5197/14324/1394 

vt 31.9958 -2.684e-15
vn 0 3.23892e-17 1
vt 47.9968 -2.684e-15
v 47.9968 4 16.0016
f 5196/14325/1395 5195/14326/1395 5200/481/1395 5199/778/1395 

vt -16.0016 -2.07197e-15
vn 1 -1.95338e-18 -0
vt -10.6516 -2.07197e-15
v 47.9968 4 10.6516
vt -10.6516 4
vt -16.0016 4
f 5195/14327/1396 5194/14328/1396 5201/14329/1396 5200/14330/1396 

vt -39.8971 -1.50446e-15
vn 0.746285 -2.30169e-17 -0.665626
vt -39.5971 -1.50447e-15
v 47.7972 4 10.4277
vt -39.5971 4
vt -39.8971 4
f 5194/14331/1397 5193/14332/1397 5202/14333/1397 5201/14334/1397 

vt -47.7972 -2.50348e-15
vn 0 -3.23892e-17 -1
vt -47.5972 -2.50348e-15
v 47.5972 4 10.4277
vt -47.5972 4
vt -47.7972 4
f 5193/14335/1398 5192/14336/1398 5203/14337/1398 5202/14338/1398 

vt -36.9449 -1.4976e-15
vn 0.79916 -2.10308e-17 -0.601118
vt -36.4549 -1.4976e-15
v 47.3026 4 10.0361
vt -36.4549 4
vt -36.9449 4
f 5192/14339/1399 5191/14340/1399 5204/14341/1399 5203/14342/1399 

vt -47.3026 -2.4908e-15
vt -46.6126 -2.4908e-15
v 46.6126 4 10.0361
vt -46.6126 4
vt -47.3026 4
f 5191/14343/1398 5190/14344/1398 5205/14345/1398 5204/14346/1398 

vt -27.6034 -3.04323e-15
vn -0.675264 -2.25705e-17 -0.737576
vt -27.2734 -3.7619e-15
v 46.3692 4 10.2589
vt -27.2734 4
vt -27.6034 4
f 5190/14347/1400 5189/14348/1400 5206/14349/1400 5205/14350/1400 

vt -7.3485 -3.35297e-15
vn -0.931203 -9.98693e-18 -0.364501
vt -7.1185 -3.35624e-15
v 46.2854 4 10.4731
vt -7.1185 4
vt -7.3485 4
f 5189/14351/1401 5188/14352/1401 5207/14353/1401 5206/14354/1401 

vt -46.2854 -3.22689e-15
vt -46.1754 -3.22689e-15
v 46.1754 4 10.4731
vt -46.1754 4
vt -46.2854 4
f 5188/14355/1398 5187/14356/1398 5208/14357/1398 5207/14358/1398 

vt -21.4726 -3.69824e-15
vn -0.768865 -1.92082e-17 -0.639411
vt -21.2726 -2.21781e-15
v 46.0475 4 10.6269
vt -21.2726 4
vt -21.4726 4
f 5187/14359/1402 5186/14360/1402 5209/14361/1402 5208/14362/1402 

vt 1.47597 -1.61404e-15
vn -0.980937 -4.378e-18 -0.194328
vt 1.81597 -2.37362e-15
v 45.9814 4 10.9604
vt 1.81597 4
vt 1.47597 4
f 5186/14363/1403 5185/14364/1403 5210/14365/1403 5209/14366/1403 

vt -45.9814 -2.52183e-15
vt -45.6144 -2.52183e-15
v 45.6144 4 10.9604
vt -45.6144 4
vt -45.9814 4
f 5185/14367/1398 5184/14368/1398 5211/14369/1398 5210/14370/1398 

vt -21.1575 -2.98196e-15
vn -0.762456 -1.94678e-17 -0.64704
vt -20.9375 -2.98084e-15
v 45.472 4 11.1281
vt -20.9375 4
vt -21.1575 4
f 5184/14371/1404 5183/14372/1404 5212/14373/1404 5211/14374/1404 

vt 11.1281 -2.07689e-15
vt 11.2381 -2.07689e-15
v 45.472 4 11.2381
vt 11.2381 4
vt 11.1281 4
f 5183/14375/1394 5182/14376/1394 5213/14377/1394 5212/14378/1394 

vt -45.472 -2.52971e-15
vt -45.362 -2.52971e-15
v 45.362 4 11.2381
vt -45.362 4
vt -45.472 4
f 5182/14379/1398 5181/14380/1398 5214/14381/1398 5213/14382/1398 

vt -7.74026 -2.67711e-15
vn -0.917421 -1.10962e-17 -0.397918
vt -7.46026 -2.67713e-15
v 45.2506 4 11.495
vt -7.46026 4
vt -7.74026 4
f 5181/14383/1405 5180/14384/1405 5215/14385/1405 5214/14386/1405 

vt -45.2506 -2.53805e-15
vt -45.1706 -2.53805e-15
v 45.1706 4 11.495
vt -45.1706 4
vt -45.2506 4
f 5180/14387/1398 5179/14388/1398 5216/14389/1398 5215/14390/1398 

vt -21.0031 -2.9897e-15
vn -0.754017 -1.98021e-17 -0.656855
vt -20.8131 -2.9897e-15
v 45.0458 4 11.6383
vt -20.8131 4
vt -21.0031 4
f 5179/14391/1406 5178/14392/1406 5217/14393/1406 5216/14394/1406 

vt 1.62178 -2.40273e-15
vn -0.976338 -5.09698e-18 -0.216249
vt 1.90178 -2.40273e-15
v 44.9853 4 11.9116
vt 1.90178 4
vt 1.62178 4
f 5178/14395/1407 5177/14396/1407 5218/14397/1407 5217/14398/1407 

vt 11.9116 -2.07786e-15
vt 12.9716 -2.07786e-15
v 44.9853 4 12.9716
vt 12.9716 4
vt 11.9116 4
f 5177/14399/1394 5176/14400/1394 5219/14401/1394 5218/14402/1394 

vt -44.9853 -2.58588e-15
vt -44.6185 -2.58588e-15
v 44.6185 4 12.9716
vt -44.6185 4
vt -44.9853 4
f 5176/14403/1398 5175/14404/1398 5220/14405/1398 5219/14406/1398 

vt -16.9494 -2.95385e-15
vn -0.792249 -1.82163e-17 -0.610198
vt -16.4294 -2.95385e-15
v 44.3012 4 13.3836
vt -16.4294 4
vt -16.9494 4
f 5175/14407/1408 5174/14408/1408 5221/14409/1408 5220/14410/1408 

vt 13.3836 -2.0792e-15
vt 13.4836 -2.0792e-15
v 44.3012 4 13.4836
vt 13.4836 4
vt 13.3836 4
f 5174/14411/1394 5173/14412/1394 5222/14413/1394 5221/14414/1394 

vt -44.3012 -2.60246e-15
vt -44.1812 -2.60246e-15
v 44.1812 4 13.4836
vt -44.1812 4
vt -44.3012 4
f 5173/14415/1398 5172/14416/1398 5223/14417/1398 5222/14418/1398 

vt -20.4373 -3.02579e-15
vn -0.7286 -2.07614e-17 -0.684939
vt -20.2273 -3.02579e-15
v 44.0373 4 13.6366
vt -20.2273 4
vt -20.4373 4
f 5172/14419/1409 5171/14420/1409 5224/14421/1409 5223/14422/1409 

vt 2.4986 -2.44171e-15
vn -0.969877 -5.9953e-18 -0.243594
vt 2.8886 -2.44171e-15
v 43.9423 4 14.0149
vt 2.8886 4
vt 2.4986 4
f 5171/14423/1410 5170/14424/1410 5225/14425/1410 5224/14426/1410 

vt -43.9423 -2.61967e-15
vt -36.6323 -2.61967e-15
v 36.6323 4 14.0149
vt -36.6323 4
vt -43.9423 4
f 5170/14427/1398 5169/14428/1398 5226/14429/1398 5225/14430/1398 

vt -17.7717 -2.95992e-15
vn -0.670695 -2.27141e-17 -0.741734
vt -17.4117 -2.24714e-15
v 36.3653 4 14.2563
vt -17.4117 4
vt -17.7717 4
f 5169/14431/1411 5168/14432/1411 5227/14433/1411 5226/14434/1411 

vt 4.15633 -1.71168e-15
vn -0.964565 -6.66159e-18 -0.263845
vt 4.37633 -2.41519e-15
v 36.3073 4 14.4685
vt 4.37633 4
vt 4.15633 4
f 5168/14435/1412 5167/14436/1412 5228/14437/1412 5227/14438/1412 

vt -36.3073 -2.6251e-15
vt -36.1694 -2.6251e-15
v 36.1694 4 14.4685
vt -36.1694 4
vt -36.3073 4
f 5167/14439/1398 5166/14440/1398 5229/14441/1398 5228/14442/1398 

vt -7.69816 -2.77131e-15
vn -0.836766 -1.61005e-17 -0.54756
vt -7.49816 -2.78042e-15
v 36.0599 4 14.6359
vt -7.49816 4
vt -7.69816 4
f 5166/14443/1413 5165/14444/1413 5230/14445/1413 5229/14446/1413 

vt -36.0599 -2.63963e-15
vt -35.9299 -2.63963e-15
v 35.9299 4 14.6359
vt -35.9299 4
vt -36.0599 4
f 5165/14447/1398 5164/14448/1398 5231/14449/1398 5230/14450/1398 

vt -31.7484 -1.73819e-15
vn 0.840994 -1.91668e-17 -0.541045
vt -31.5084 -1.73835e-15
v 35.8001 4 14.434
vt -31.5084 4
vt -31.7484 4
f 5164/14451/1414 5163/14452/1414 5232/14453/1414 5231/14454/1414 

vt -35.8001 -2.63324e-15
vt -35.6001 -2.63324e-15
v 35.6001 4 14.434
vt -35.6001 4
vt -35.8001 4
f 5163/14455/1398 5162/14456/1398 5233/14457/1398 5232/14458/1398 

vt -33.6585 -1.75934e-15
vn 0.775878 -2.19494e-17 -0.630883
vt -33.1385 -1.75934e-15
v 35.272 4 14.0306
vt -33.1385 4
vt -33.6585 4
f 5162/14459/1415 5161/14460/1415 5234/14461/1415 5233/14462/1415 

vt -35.272 -2.62017e-15
vt -35.022 -2.62017e-15
v 35.022 4 14.0306
vt -35.022 4
vt -35.272 4
f 5161/14463/1398 5160/14464/1398 5235/14465/1398 5234/14466/1398 

vt -21.7404 -1.87646e-15
vn 0.97296 -9.38165e-18 -0.230974
vt -21.3304 -1.87646e-15
v 34.9273 4 13.6317
vt -21.3304 4
vt -21.7404 4
f 5160/14467/1416 5159/14468/1416 5236/14469/1416 5235/14470/1416 

vt -29.0319 -1.74786e-15
vn 0.87101 -1.76131e-17 -0.491265
vt -28.7819 -1.74786e-15
v 34.8045 4 13.4139
vt -28.7819 4
vt -29.0319 4
f 5159/14471/1417 5158/14472/1417 5237/14473/1417 5236/14474/1417 

vt -34.8045 -2.6002e-15
vt -34.5945 -2.6002e-15
v 34.5945 4 13.4139
vt -34.5945 4
vt -34.8045 4
f 5158/14475/1398 5157/14476/1398 5238/14477/1398 5237/14478/1398 

vt -31.4873 -1.75363e-15
vn 0.800015 -2.09956e-17 -0.59998
vt -31.0173 -1.75363e-15
v 34.3125 4 13.0379
vt -31.0173 4
vt -31.4873 4
f 5157/14479/1418 5156/14480/1418 5239/14481/1418 5238/14482/1418 

vt -34.3125 -2.58802e-15
vt -33.9311 -2.58802e-15
v 33.9311 4 13.0379
vt -33.9311 4
vt -34.3125 4
f 5156/14483/1398 5155/14484/1398 5240/14485/1398 5239/14486/1398 

vt -13.0379 -2.09945e-15
vt -12.6479 -2.09945e-15
v 33.9311 4 12.6479
vt -12.6479 4
vt -13.0379 4
f 5155/14487/1396 5154/14488/1396 5241/14489/1396 5240/14490/1396 

vt -28.4364 -1.75102e-15
vn 0.854426 -1.84976e-17 -0.519572
vt -28.1764 -1.75102e-15
v 33.7961 4 12.4258
vt -28.1764 4
vt -28.4364 4
f 5154/14491/1419 5153/14492/1419 5242/14493/1419 5241/14494/1419 

vt -33.7961 -2.5682e-15
vt -33.5961 -2.5682e-15
v 33.5961 4 12.4258
vt -33.5961 4
vt -33.7961 4
f 5153/14495/1398 5152/14496/1398 5243/14497/1398 5242/14498/1398 

vt -31.1991 -1.77101e-15
vn 0.762933 -2.24292e-17 -0.646477
vt -30.6791 -1.77101e-15
v 33.2599 4 12.029
vt -30.6791 4
vt -31.1991 4
f 5152/14499/1420 5151/14500/1420 5244/14501/1420 5243/14502/1420 

vt -33.998 -2.48208e-15
vn 0.0677033 -3.24472e-17 -0.997706
vt -33.358 -2.48208e-15
v 32.6214 4 11.9857
vt -33.358 4
vt -33.998 4
f 5151/14503/1421 5150/14504/1421 5245/14505/1421 5244/14506/1421 

vt -14.4352 -2.8423e-15
vn -0.7106 -2.14009e-17 -0.703596
vt -14.0652 -2.8423e-15
v 32.361 4 12.2486
vt -14.0652 4
vt -14.4352 4
f 5150/14507/1422 5149/14508/1422 5246/14509/1422 5245/14510/1422 

vt 2.05111 -2.43463e-15
vn -0.954588 -7.78502e-18 -0.297929
vt 2.30111 -2.43463e-15
v 32.2865 4 12.4873
vt 2.30111 4
vt 2.05111 4
f 5149/14511/1423 5148/14512/1423 5247/14513/1423 5246/14514/1423 

vt -32.2865 -2.57019e-15
vt -32.1765 -2.57019e-15
vt -32.1765 4
vt -32.2865 4
f 5148/14515/1398 5147/14516/1398 5198/14517/1398 5247/14518/1398 

vt 32.1765 -12.4873
vn 1.95338e-18 1 -3.23892e-17
vt 31.9958 -12.7616
vt 31.9958 -16.0016
vt 47.9968 -16.0016
vt 47.9968 -10.6516
vt 47.7972 -10.4277
vt 47.5972 -10.4277
vt 47.3026 -10.0361
vt 46.6126 -10.0361
vt 46.3692 -10.2589
vt 46.2854 -10.4731
vt 46.1754 -10.4731
vt 46.0475 -10.6269
vt 45.9814 -10.9604
vt 45.6144 -10.9604
vt 45.472 -11.1281
vt 45.472 -11.2381
vt 45.362 -11.2381
vt 45.2506 -11.495
vt 45.1706 -11.495
vt 45.0458 -11.6383
vt 44.9853 -11.9116
vt 44.9853 -12.9716
vt 44.6185 -12.9716
vt 44.3012 -13.3836
vt 44.3012 -13.4836
vt 44.1812 -13.4836
vt 44.0373 -13.6366
vt 43.9423 -14.0149
vt 36.6323 -14.0149
vt 36.3653 -14.2563
vt 36.3073 -14.4685
vt 36.1694 -14.4685
vt 36.0599 -14.6359
vt 35.9299 -14.6359
vt 35.8001 -14.434
vt 35.6001 -14.434
vt 35.272 -14.0306
vt 35.022 -14.0306
vt 34.9273 -13.6317
vt 34.8045 -13.4139
vt 34.5945 -13.4139
vt 34.3125 -13.0379
vt 33.9311 -13.0379
vt 33.9311 -12.6479
vt 33.7961 -12.4258
vt 33.5961 -12.4258
vt 33.2599 -12.029
vt 32.6214 -11.9857
vt 32.361 -12.2486
vt 32.2865 -12.4873
f 5198/14519/1424 5197/14520/1424 5199/14521/1424 5200/14522/1424 5201/14523/1424 5202/14524/1424 5203/14525/1424 5204/14526/1424 5205/14527/1424 5206/14528/1424 5207/14529/1424 5208/14530/1424 5209/14531/1424 5210/14532/1424 5211/14533/1424 5212/14534/1424 5213/14535/1424 5214/14536/1424 5215/14537/1424 5216/14538/1424 5217/14539/1424 5218/14540/1424 5219/14541/1424 5220/14542/1424 5221/14543/1424 5222/14544/1424 5223/14545/1424 5224/14546/1424 5225/14547/1424 5226/14548/1424 5227/14549/1424 5228/14550/1424 5229/14551/1424 5230/14552/1424 5231/14553/1424 5232/14554/1424 5233/14555/1424 5234/14556/1424 5235/14557/1424 5236/14558/1424 5237/14559/1424 5238/14560/1424 5239/14561/1424 5240/14562/1424 5241/14563/1424 5242/14564/1424 5243/14565/1424 5244/14566/1424 5245/14567/1424 5246/14568/1424 5247/14569/1424 

g Mesh49 Model

usemtl _4
v -1.00454 -2.88765e-15 -14.0269
vt 1.00454 14.0269
v -1.00454 -2.88765e-15 -6.98693
vt 1.00454 6.98693
v -2.01454 -2.88765e-15 -6.98693
vt 2.01454 6.98693
v -2.01454 -2.88765e-15 -12.1269
vt 2.01454 12.1269
v -14.0145 -2.88765e-15 -12.1269
vt 14.0145 12.1269
v -14.0145 -2.88765e-15 -3.13693
vt 14.0145 3.13693
v -2.01454 -2.88765e-15 -3.13693
vt 2.01454 3.13693
v -2.01454 -2.88765e-15 -6.07693
vt 2.01454 6.07693
v -1.00454 -2.88765e-15 -6.07693
vt 1.00454 6.07693
v -1.00454 -2.88765e-15 -1.19693
vt 1.00454 1.19693
v -14.9745 -2.88765e-15 -1.19693
vt 14.9745 1.19693
v -14.9745 -2.88765e-15 -14.0269
vt 14.9745 14.0269
f 5248/14570/9 5249/14571/9 5250/14572/9 5251/14573/9 5252/14574/9 5253/14575/9 5254/14576/9 5255/14577/9 5256/14578/9 5257/14579/9 5258/14580/9 5259/14581/9 

vt 6.98693 -2.88765e-15
vt 14.0269 -2.88765e-15
v -1.00454 4 -14.0269
vt 14.0269 4
v -1.00454 4 -6.98693
vt 6.98693 4
f 5249/14582/1 5248/14583/1 5260/14584/1 5261/14585/1 

vt 1.00454 -2.88765e-15
vt 14.9745 -2.88765e-15
v -14.9745 4 -14.0269
vt 14.9745 4
vt 1.00454 4
f 5248/14586/5 5259/14587/5 5262/14588/5 5260/14589/5 

vt -14.0269 -2.88765e-15
vt -1.19693 -2.88765e-15
v -14.9745 4 -1.19693
vt -1.19693 4
vt -14.0269 4
f 5259/14590/3 5258/14591/3 5263/14592/3 5262/14593/3 

vt -14.9745 -2.88765e-15
vt -1.00454 -2.88765e-15
v -1.00454 4 -1.19693
vt -1.00454 4
vt -14.9745 4
f 5258/14594/7 5257/14595/7 5264/14596/7 5263/14597/7 

vt 1.19693 -2.88765e-15
vt 6.07693 -2.88765e-15
v -1.00454 4 -6.07693
vt 6.07693 4
vt 1.19693 4
f 5257/14598/1 5256/14599/1 5265/14600/1 5264/14601/1 

vt 2.01454 -2.88765e-15
v -2.01454 4 -6.07693
vt 2.01454 4
f 5256/14586/5 5255/14602/5 5266/14603/5 5265/14589/5 

vt -6.07693 -2.88765e-15
vt -3.13693 -2.88765e-15
v -2.01454 4 -3.13693
vt -3.13693 4
vt -6.07693 4
f 5255/14604/3 5254/14605/3 5267/14606/3 5266/14607/3 

vt 14.0145 -2.88765e-15
v -14.0145 4 -3.13693
vt 14.0145 4
f 5254/14602/5 5253/14608/5 5268/14609/5 5267/14603/5 

vt 3.13693 -2.88765e-15
vt 12.1269 -2.88765e-15
v -14.0145 4 -12.1269
vt 12.1269 4
vt 3.13693 4
f 5253/14610/1 5252/14611/1 5269/14612/1 5268/14613/1 

vt -14.0145 -2.88765e-15
vt -2.01454 -2.88765e-15
v -2.01454 4 -12.1269
vt -2.01454 4
vt -14.0145 4
f 5252/14614/7 5251/14615/7 5270/14616/7 5269/14617/7 

vt -12.1269 -2.88765e-15
vt -6.98693 -2.88765e-15
v -2.01454 4 -6.98693
vt -6.98693 4
vt -12.1269 4
f 5251/14618/3 5250/14619/3 5271/14620/3 5270/14621/3 

f 5250/14615/7 5249/14595/7 5261/14596/7 5271/14616/7 

vt -1.00454 6.98693
vt -1.00454 14.0269
vt -14.9745 14.0269
vt -14.9745 1.19693
vt -1.00454 1.19693
vt -1.00454 6.07693
vt -2.01454 6.07693
vt -2.01454 3.13693
vt -14.0145 3.13693
vt -14.0145 12.1269
vt -2.01454 12.1269
vt -2.01454 6.98693
f 5261/14622/32 5260/14623/32 5262/14624/32 5263/14625/32 5264/14626/32 5265/14627/32 5266/14628/32 5267/14629/32 5268/14630/32 5269/14631/32 5270/14632/32 5271/14633/32 

g Mesh50 Model

v 61.9928 -1.44382e-15 -18.065
vt -61.9928 18.065
v 87.0021 -1.44382e-15 -18.065
vt -87.0021 18.065
v 87.0021 -1.44382e-15 -16.0017
vt -87.0021 16.0017
v 80.0055 -2.16573e-15 -16.0017
vt -80.0055 16.0017
v 64.0021 -1.44382e-15 -16.0017
vt -64.0021 16.0017
v 64.0021 -1.44382e-15 0.00828118
vt -64.0021 -0.00828118
v 61.9928 -1.44382e-15 0.00828118
vt -61.9928 -0.00828118
f 5272/14634/9 5273/14635/9 5274/14636/9 5275/14637/9 5276/14638/9 5277/14639/9 5278/14640/9 

vt -87.0021 -1.44382e-15
vt -61.9928 -1.44382e-15
v 61.9928 4 -18.065
vt -61.9928 4
v 87.0021 4 -18.065
vt -87.0021 4
f 5273/14641/5 5272/14642/5 5279/14643/5 5280/14644/5 

vt -18.065 -1.44382e-15
vt 0.00828118 -1.44382e-15
v 61.9928 4 0.00828118
vt -18.065 4
f 5272/14645/3 5278/14646/3 5281/471/3 5279/14647/3 

vt 61.9928 -1.44382e-15
vt 64.0021 -1.44382e-15
v 64.0021 4 0.00828118
vt 64.0021 4
vt 61.9928 4
f 5278/14648/7 5277/14649/7 5282/14650/7 5281/14651/7 

vt -0.00828118 -1.44382e-15
vt 16.0017 -1.44382e-15
v 64.0021 4 -16.0017
vt 16.0017 4
f 5277/14652/1 5276/14653/1 5283/14654/1 5282/485/1 

vt 80.0055 -2.16573e-15
v 80.0055 4 -16.0017
vt 80.0055 4
f 5276/14649/7 5275/14655/7 5284/14656/7 5283/14650/7 

vt 87.0021 -1.44382e-15
v 87.0021 4 -16.0017
vt 87.0021 4
f 5275/14655/7 5274/14657/7 5285/14658/7 5284/14656/7 

vt 18.065 -1.44382e-15
vt 18.065 4
f 5274/14653/1 5273/14659/1 5280/14660/1 5285/14654/1 

vt 87.0021 18.065
vn 5.58581e-18 1 -2.83999e-18
vt 61.9928 18.065
vt 61.9928 -0.00828118
vt 64.0021 -0.00828118
vt 64.0021 16.0017
vt 80.0055 16.0017
vt 87.0021 16.0017
f 5280/14661/1425 5279/14662/1425 5281/14663/1425 5282/14664/1425 5283/14665/1425 5284/14666/1425 5285/14667/1425 

usemtl _1
vt -16.0017 4
vn -1 8.52768e-17 -0
v 64.0021 7.5 0.00828118
vt 0.00828118 7.5
v 64.0021 7.5 -16.0017
vt -16.0017 7.5
f 5283/14668/1426 5282/471/1426 5286/14669/1426 5287/14670/1426 

vn -1.19535e-33 -1.16139e-17 1
v 71.0161 4 0.00828118
vt 71.0161 4
v 71.0161 7.5 0.00828118
vt 71.0161 7.5
vt 64.0021 7.5
f 5282/14650/1427 5288/14671/1427 5289/14672/1427 5286/14673/1427 

v 71.0161 4 5.02758
vt 71.0161 -5.02758
vn -6.95084e-18 1 1.39046e-17
vt 71.0161 -0.00828118
v 64.0021 4 16.0083
vt 64.0021 -16.0083
v 80.0021 4 16.0083
vt 80.0021 -16.0083
v 80.0021 4 9.70828
vt 80.0021 -9.70828
v 79.8227 4 9.4804
vt 79.8227 -9.4804
v 79.6127 4 9.4804
vt 79.6127 -9.4804
v 79.2897 4 9.09873
vt 79.2897 -9.09873
v 77.5997 4 9.09873
vt 77.5997 -9.09873
v 77.0273 4 9.68586
vt 77.0273 -9.68586
v 77.0273 4 13.9659
vt 77.0273 -13.9659
v 76.6173 4 13.9659
vt 76.6173 -13.9659
v 76.0799 4 14.6115
vt 76.0799 -14.6115
v 75.9599 4 14.6115
vt 75.9599 -14.6115
v 75.8065 4 14.4269
vt 75.8065 -14.4269
v 75.6165 4 14.4269
vt 75.6165 -14.4269
v 75.285 4 14.0393
vt 75.285 -14.0393
v 69.595 4 14.0393
vt 69.595 -14.0393
v 69.0631 4 14.6099
vt 69.0631 -14.6099
v 68.9131 4 14.6099
vt 68.9131 -14.6099
v 68.7866 4 14.4178
vt 68.7866 -14.4178
v 68.5866 4 14.4178
vt 68.5866 -14.4178
v 68.2381 4 14.0185
vt 68.2381 -14.0185
v 66.0181 4 14.0185
vt 66.0181 -14.0185
v 66.0181 4 13.0194
vt 66.0181 -13.0194
v 65.9533 4 12.6247
vt 65.9533 -12.6247
v 65.7953 4 12.4182
vt 65.7953 -12.4182
v 65.6053 4 12.4182
vt 65.6053 -12.4182
v 65.2656 4 12.0513
vt 65.2656 -12.0513
v 65.0156 4 12.0513
vt 65.0156 -12.0513
v 65.0156 4 3.94129
vt 65.0156 -3.94129
v 65.4376 4 3.85881
vt 65.4376 -3.85881
v 65.5787 4 3.71699
vt 65.5787 -3.71699
v 65.5787 4 3.50699
vt 65.5787 -3.50699
v 66.0072 4 3.24948
vt 66.0072 -3.24948
v 66.0072 4 1.93948
vt 66.0072 -1.93948
v 66.4436 4 1.88304
vt 66.4436 -1.88304
v 66.5817 4 1.75249
vt 66.5817 -1.75249
v 66.5817 4 1.51249
vt 66.5817 -1.51249
v 66.9763 4 1.27622
vt 66.9763 -1.27622
v 66.9763 4 1.43622
vt 66.9763 -1.43622
v 67.3388 4 1.68566
vt 67.3388 -1.68566
v 67.763 4 1.75581
vt 67.763 -1.75581
v 67.9036 4 2.00945
vt 67.9036 -2.00945
v 68.0136 4 2.00945
vt 68.0136 -2.00945
v 68.1638 4 1.86261
vt 68.1638 -1.86261
v 68.4338 4 1.86261
vt 68.4338 -1.86261
v 68.5882 4 1.73552
vt 68.5882 -1.73552
v 68.5882 4 1.51552
vt 68.5882 -1.51552
v 68.9673 4 1.2731
vt 68.9673 -1.2731
v 68.9673 4 1.4231
vt 68.9673 -1.4231
v 69.3305 4 1.67144
vt 69.3305 -1.67144
v 69.7585 4 1.77379
vt 69.7585 -1.77379
v 69.8817 4 2.014
vt 69.8817 -2.014
v 69.9917 4 2.014
vt 69.9917 -2.014
v 69.9917 4 4.434
vt 69.9917 -4.434
v 70.1698 4 4.52498
vt 70.1698 -4.52498
v 70.3304 4 4.7034
vt 70.3304 -4.7034
v 70.7625 4 4.78599
vt 70.7625 -4.78599
v 70.8831 4 5.02758
vt 70.8831 -5.02758
f 5290/14674/1428 5288/14675/1428 5282/14664/1428 5291/14676/1428 5292/14677/1428 5293/14678/1428 5294/14679/1428 5295/14680/1428 5296/14681/1428 5297/14682/1428 5298/14683/1428 5299/14684/1428 5300/14685/1428 5301/14686/1428 5302/14687/1428 5303/14688/1428 5304/14689/1428 5305/14690/1428 5306/14691/1428 5307/14692/1428 5308/14693/1428 5309/14694/1428 5310/14695/1428 5311/14696/1428 5312/14697/1428 5313/14698/1428 5314/14699/1428 5315/14700/1428 5316/14701/1428 5317/14702/1428 5318/14703/1428 5319/14704/1428 5320/14705/1428 5321/14706/1428 5322/14707/1428 5323/14708/1428 5324/14709/1428 5325/14710/1428 5326/14711/1428 5327/14712/1428 5328/14713/1428 5329/14714/1428 5330/14715/1428 5331/14716/1428 5332/14717/1428 5333/14718/1428 5334/14719/1428 5335/14720/1428 5336/14721/1428 5337/14722/1428 5338/14723/1428 5339/14724/1428 5340/14725/1428 5341/14726/1428 5342/14727/1428 5343/14728/1428 5344/14729/1428 5345/14730/1428 5346/14731/1428 5347/14732/1428 5348/14733/1428 

vt -5.02758 4
v 71.0161 -2.16573e-15 5.02758
vt -5.02758 -2.16573e-15
v 71.0161 3.5 -2.04242
vt 2.04242 3.5
v 71.0161 7.5 -2.04242
vt 2.04242 7.5
vt -0.00828118 7.5
f 5290/14734/1 5349/14735/1 5350/14736/1 5351/14737/1 5289/14738/1 5288/485/1 

v 70.8831 -2.16573e-15 5.02758
vt 70.8831 -2.14961e-15
vn 0 -3.20651e-18 1
vt 71.0161 -2.14961e-15
vt 70.8831 4
f 5352/14739/1429 5349/14740/1429 5290/14671/1429 5348/14741/1429 

v 70.7625 -2.16573e-15 4.78599
vt 35.8788 -1.13001e-15
vn -0.894777 1.69292e-17 0.446513
vt 36.1488 -1.13001e-15
vt 36.1488 4
vt 35.8788 4
f 5353/14742/1430 5352/14743/1430 5348/14744/1430 5347/14745/1430 

v 70.3304 -2.16573e-15 4.7034
vt 69.9632 -2.15971e-15
vn -0.187696 7.02039e-19 0.982227
vt 70.4032 -2.15971e-15
vt 70.4032 4
vt 69.9632 4
f 5354/14746/1431 5353/14747/1431 5347/14748/1431 5346/14749/1431 

v 70.1698 -2.16573e-15 4.52498
vt 50.2946 -1.52147e-15
vn -0.74343 1.31108e-17 0.668814
vt 50.5346 -1.52147e-15
vt 50.5346 4
vt 50.2946 4
f 5355/14750/1432 5354/14751/1432 5346/14752/1432 5345/14753/1432 

v 69.9917 -2.16573e-15 4.434
vt 64.3475 -1.98503e-15
vn -0.454903 6.47916e-18 0.890541
vt 64.5475 -1.98503e-15
vt 64.5475 4
vt 64.3475 4
f 5356/14754/1433 5355/14755/1433 5345/14756/1433 5344/14757/1433 

v 69.9917 -2.16573e-15 2.014
vt 2.014 -7.29491e-16
vn -1 2.05202e-17 -0
vt 4.434 -7.29491e-16
vt 4.434 4
vt 2.014 4
f 5357/14758/1434 5356/14759/1434 5344/14760/1434 5343/14761/1434 

v 69.8817 -2.16573e-15 2.014
vt 69.8817 -2.15928e-15
vt 69.9917 -2.15928e-15
vt 69.9917 4
vt 69.8817 4
f 5358/14762/1429 5357/14763/1429 5343/14764/1429 5342/14765/1429 

v 69.7585 -2.16573e-15 1.77379
vt 33.429 -1.13716e-15
vn -0.889678 1.67923e-17 0.456588
vt 33.699 -1.13716e-15
vt 33.699 4
vt 33.429 4
f 5359/14766/1435 5358/14767/1435 5342/14768/1435 5341/14769/1435 

v 69.3305 -2.16573e-15 1.67144
vt 67.8176 -2.14174e-15
vn -0.232606 1.65456e-18 0.972571
vt 68.2576 -2.14174e-15
vt 68.2576 4
vt 67.8176 4
f 5360/14770/1436 5359/14771/1436 5341/14772/1436 5340/14773/1436 

v 68.9673 -2.16573e-15 1.4231
vt 57.7354 -1.82844e-15
vn -0.564408 8.9348e-18 0.825496
vt 58.1754 -1.82844e-15
vt 58.1754 4
vt 57.7354 4
f 5361/14774/1437 5360/14775/1437 5340/14776/1437 5339/14777/1437 

v 68.9673 -2.16573e-15 1.2731
vt 1.2731 -7.50512e-16
vt 1.4231 -7.50512e-16
vt 1.4231 4
vt 1.2731 4
f 5362/14778/1434 5361/14779/1434 5339/14780/1434 5338/14781/1434 

v 68.5882 -2.16573e-15 1.51552
vt 56.9686 -1.63991e-15
vn 0.538707 -1.37558e-17 0.842493
vt 57.4186 -1.63991e-15
vt 57.4186 4
vt 56.9686 4
f 5363/14782/1438 5362/14783/1438 5338/14784/1438 5337/14785/1438 

v 68.5882 -2.16573e-15 1.73552
vt -1.73552 -7.58292e-16
vn 1 -2.05202e-17 -0
vt -1.51552 -7.58292e-16
vt -1.51552 4
vt -1.73552 4
f 5364/14786/1439 5363/14787/1439 5337/14788/1439 5336/14789/1439 

v 68.4338 -2.16573e-15 1.86261
vt 51.6573 -1.46872e-15
vn 0.635444 -1.55153e-17 0.772147
vt 51.8573 -1.46872e-15
vt 51.8573 4
vt 51.6573 4
f 5365/14790/1440 5364/14791/1440 5336/14792/1440 5335/14793/1440 

v 68.1638 -2.16573e-15 1.86261
vt 68.1638 -2.15976e-15
vt 68.4338 -2.15976e-15
vt 68.4338 4
vt 68.1638 4
f 5366/14794/1429 5365/14795/1429 5335/14796/1429 5334/14797/1429 

v 68.0136 -2.16573e-15 2.00945
vt 47.2151 -1.35037e-15
vn 0.699268 -1.66413e-17 0.71486
vt 47.4251 -1.35037e-15
vt 47.4251 4
vt 47.2151 4
f 5367/14798/1441 5366/14799/1441 5334/14800/1441 5333/14801/1441 

v 67.9036 -2.16573e-15 2.00945
vt 67.9036 -2.15929e-15
vt 68.0136 -2.15929e-15
vt 68.0136 4
vt 67.9036 4
f 5368/14802/1429 5367/14803/1429 5333/14804/1429 5332/14805/1429 

v 67.763 -2.16573e-15 1.75581
vt 34.3858 -1.20809e-15
vn -0.874636 1.63932e-17 0.48478
vt 34.6758 -1.20809e-15
vt 34.6758 4
vt 34.3858 4
f 5369/14806/1442 5368/14807/1442 5332/14808/1442 5331/14809/1442 

v 67.3388 -2.16573e-15 1.68566
vt 66.7116 -2.16402e-15
vn -0.163151 1.84341e-19 0.986601
vt 67.1416 -2.16402e-15
vt 67.1416 4
vt 66.7116 4
f 5370/14810/1443 5369/14811/1443 5331/14812/1443 5330/14813/1443 

v 66.9763 -2.16573e-15 1.43622
vt 55.9881 -1.83497e-15
vn -0.566906 8.99154e-18 0.823783
vt 56.4281 -1.83497e-15
vt 56.4281 4
vt 55.9881 4
f 5371/14814/1444 5370/14815/1444 5330/14816/1444 5329/14817/1444 

v 66.9763 -2.16573e-15 1.27622
vt 1.27622 -7.91367e-16
vt 1.43622 -7.91367e-16
vt 1.43622 4
vt 1.27622 4
f 5372/14818/1434 5371/14819/1434 5329/14820/1434 5328/14821/1434 

v 66.5817 -2.16573e-15 1.51249
vt 56.3511 -1.69396e-15
vn 0.513628 -1.3291e-17 0.858013
vt 56.8111 -1.69396e-15
vt 56.8111 4
vt 56.3511 4
f 5373/14822/1445 5372/14823/1445 5328/14824/1445 5327/14825/1445 

v 66.5817 -2.16573e-15 1.75249
vt -1.75249 -7.99466e-16
vt -1.51249 -7.99466e-16
vt -1.51249 4
vt -1.75249 4
f 5374/14826/1439 5373/14827/1439 5327/14828/1439 5326/14829/1439 

v 66.4436 -2.16573e-15 1.88304
vt 46.981 -1.39319e-15
vn 0.68711 -1.64293e-17 0.726553
vt 47.171 -1.39319e-15
vt 47.171 4
vt 46.981 4
f 5375/14830/1446 5374/14831/1446 5326/14832/1446 5325/14833/1446 

v 66.0072 -2.16573e-15 1.93948
vt 65.2132 -2.10534e-15
vn 0.128271 -5.81217e-18 0.991739
vt 65.6532 -2.10534e-15
vt 65.6532 4
vt 65.2132 4
f 5376/14834/1447 5375/14835/1447 5325/14836/1447 5324/14837/1447 

v 66.0072 -2.16573e-15 3.24948
vt -3.24948 -8.11253e-16
vt -1.93948 -8.11253e-16
vt -1.93948 4
vt -3.24948 4
f 5377/14838/1439 5376/14839/1439 5324/14840/1439 5323/14841/1439 

v 65.5787 -2.16573e-15 3.50699
vt 54.4059 -1.67592e-15
vn 0.515031 -1.33171e-17 0.857171
vt 54.9059 -1.67592e-15
vt 54.9059 4
vt 54.4059 4
f 5378/14842/1448 5377/14843/1448 5323/14844/1448 5322/14845/1448 

v 65.5787 -2.16573e-15 3.71699
vt -3.71699 -8.20048e-16
vt -3.50699 -8.20048e-16
vt -3.50699 4
vt -3.71699 4
f 5379/14846/1439 5378/14847/1439 5322/14848/1439 5321/14849/1439 

v 65.4376 -2.16573e-15 3.85881
vt 43.4034 -1.33987e-15
vn 0.709114 -1.6812e-17 0.705094
vt 43.6034 -1.33987e-15
vt 43.6034 4
vt 43.4034 4
f 5380/14850/1449 5379/14851/1449 5321/14852/1449 5320/14853/1449 

v 65.0156 -2.16573e-15 3.94129
vt 63.0526 -2.05002e-15
vn 0.191798 -7.08272e-18 0.981434
vt 63.4826 -2.05002e-15
vt 63.4826 4
vt 63.0526 4
f 5381/14854/1450 5380/14855/1450 5320/14856/1450 5319/14857/1450 

v 65.0156 -2.16573e-15 12.0513
vt -12.0513 -8.31602e-16
vt -3.94129 -8.31602e-16
vt -3.94129 4
vt -12.0513 4
f 5382/14858/1439 5381/14859/1439 5319/14860/1439 5318/14861/1439 

v 65.2656 -2.16573e-15 12.0513
vt -65.2656 -2.12709e-15
vn 0 3.20651e-18 -1
vt -65.0156 -2.12709e-15
vt -65.0156 4
vt -65.2656 4
f 5383/14862/1451 5382/14863/1451 5318/14864/1451 5317/14865/1451 

v 65.6053 -2.16577e-15 12.4182
vt -53.6817 -1.65438e-15
vn 0.733813 -1.28796e-17 -0.679351
vt -53.1817 -1.65434e-15
vt -53.1817 4
vt -53.6817 4
f 5384/14866/1452 5383/14867/1452 5317/14868/1452 5316/14869/1452 

v 65.7953 -2.16577e-15 12.4182
vt -65.7953 -2.12595e-15
vt -65.6053 -2.12595e-15
vt -65.6053 4
vt -65.7953 4
f 5385/14870/1451 5384/14871/1451 5316/14872/1451 5315/14873/1451 

v 65.9533 -2.16142e-15 12.6247
vt -50.1026 -1.51989e-15
vn 0.794211 -1.4349e-17 -0.607642
vt -49.8426 -1.52424e-15
vt -49.8426 4
vt -50.1026 4
f 5386/14874/1453 5385/14875/1453 5315/14876/1453 5314/14877/1453 

v 66.0181 -1.80512e-15 13.0194
vt -23.5441 -5.61448e-16
vn 0.986786 -1.97295e-17 -0.162027
vt -23.1441 -9.17748e-16
vt -23.1441 4
vt -23.5441 4
f 5387/14878/1454 5386/14879/1454 5314/14880/1454 5313/14881/1454 

v 66.0181 -1.80512e-15 14.0185
vt -14.0185 -4.50419e-16
vt -13.0194 -4.50419e-16
vt -13.0194 4
vt -14.0185 4
f 5388/14882/1439 5387/14883/1439 5313/14884/1439 5312/14885/1439 

v 68.2381 -1.80512e-15 14.0185
vt -68.2381 -1.76017e-15
vt -66.0181 -1.76017e-15
vt -66.0181 4
vt -68.2381 4
f 5389/14886/1451 5388/14887/1451 5312/14888/1451 5311/14889/1451 

v 68.5866 -2.53671e-15 14.4178
vt -55.9621 -1.97337e-15
vn 0.753404 -1.33515e-17 -0.657558
vt -55.4321 -1.24178e-15
vt -55.4321 4
vt -55.9621 4
f 5390/14890/1455 5389/14891/1455 5311/14892/1455 5310/14893/1455 

v 68.7866 -2.53671e-15 14.4178
vt -68.7866 -2.49048e-15
vt -68.5866 -2.49048e-15
vt -68.5866 4
vt -68.7866 4
f 5391/14894/1451 5390/14895/1451 5310/14896/1451 5309/14897/1451 

v 68.9131 -1.80249e-15 14.6099
vt -50.105 -1.04122e-15
vn 0.835152 -1.53738e-17 -0.550019
vt -49.875 -1.77544e-15
vt -49.875 4
vt -50.105 4
f 5392/14898/1456 5391/14899/1456 5309/14900/1456 5308/14901/1456 

v 69.0631 -1.80249e-15 14.6099
vt -69.0631 -1.75564e-15
vt -68.9131 -1.75564e-15
vt -68.9131 4
vt -69.0631 4
f 5393/14902/1451 5392/14903/1451 5308/14904/1451 5307/14905/1451 

v 69.595 -2.16347e-15 14.0393
vt -37.185 -1.12342e-15
vn -0.731477 1.71965e-17 -0.681866
vt -36.405 -7.62448e-16
vt -36.405 4
vt -37.185 4
f 5394/14906/1457 5393/14907/1457 5307/14908/1457 5306/14909/1457 

v 75.285 -2.16347e-15 14.0393
vt -75.285 -2.11845e-15
vt -69.595 -2.11845e-15
vt -69.595 4
vt -75.285 4
f 5395/14910/1451 5394/14911/1451 5306/14912/1451 5305/14913/1451 

v 75.6165 -2.5378e-15 14.4269
vt -60.121 -1.88839e-15
vn 0.759843 -1.35075e-17 -0.650107
vt -59.611 -1.51406e-15
vt -59.611 4
vt -60.121 4
f 5396/14914/1458 5395/14915/1458 5305/14916/1458 5304/14917/1458 

v 75.8065 -2.5378e-15 14.4269
vt -75.8065 -2.49154e-15
vt -75.6165 -2.49154e-15
vt -75.6165 4
vt -75.8065 4
f 5397/14918/1451 5396/14919/1451 5304/14920/1451 5303/14921/1451 

v 75.9599 -1.44663e-15 14.6115
vt -59.7853 -7.72577e-16
vn 0.769107 -1.37329e-17 -0.63912
vt -59.5453 -1.86375e-15
vt -59.5453 4
vt -59.7853 4
f 5398/14922/1459 5397/14923/1459 5303/14924/1459 5302/14925/1459 

v 76.0799 -1.44663e-15 14.6115
vt -76.0799 -1.39977e-15
vt -75.9599 -1.39977e-15
vt -75.9599 4
vt -76.0799 4
f 5399/14926/1451 5398/14927/1451 5302/14928/1451 5301/14929/1451 

v 76.6173 -2.16573e-15 13.9659
vt -38.2843 -9.57012e-16
vn -0.768562 1.78225e-17 -0.639776
vt -37.4443 -2.37903e-16
vt -37.4443 4
vt -38.2843 4
f 5400/14930/1460 5399/14931/1460 5301/14932/1460 5300/14933/1460 

v 77.0273 -2.16573e-15 13.9659
vt -77.0273 -2.12095e-15
vt -76.6173 -2.12095e-15
vt -76.6173 4
vt -77.0273 4
f 5401/14934/1451 5400/14935/1451 5300/14936/1451 5299/14937/1451 

v 77.0273 -2.16573e-15 9.68586
vt 9.68586 -5.8512e-16
vt 13.9659 -5.8512e-16
vt 13.9659 4
vt 9.68586 4
f 5402/14938/1434 5401/14939/1434 5299/14940/1434 5298/14941/1434 

v 77.5997 -2.16579e-15 9.09873
vt -47.6561 -1.11751e-15
vn -0.716018 1.69312e-17 -0.698082
vt -46.8361 -1.11745e-15
vt -46.8361 4
vt -47.6561 4
f 5403/14942/1461 5402/14943/1461 5298/14944/1461 5297/14945/1461 

v 79.2897 -2.16579e-15 9.09873
vt -79.2897 -2.13662e-15
vt -77.5997 -2.13662e-15
vt -77.5997 4
vt -79.2897 4
f 5404/14946/1451 5403/14947/1451 5297/14948/1451 5296/14949/1451 

v 79.6127 -2.17369e-15 9.4804
vt -58.6662 -1.4309e-15
vn 0.763342 -1.35925e-17 -0.645995
vt -58.1662 -1.423e-15
vt -58.1662 4
vt -58.6662 4
f 5405/14950/1462 5404/14951/1462 5296/14952/1462 5295/14953/1462 

v 79.8227 -2.17369e-15 9.4804
vt -79.8227 -2.1433e-15
vt -79.6127 -2.1433e-15
vt -79.6127 4
vt -79.8227 4
f 5406/14954/1451 5405/14955/1451 5295/14956/1451 5294/14957/1451 

v 80.0021 -1.44382e-15 9.70828
vt -57.1088 -6.39722e-16
vn 0.785797 -1.41415e-17 -0.618484
vt -56.8188 -1.36959e-15
vt -56.8188 4
vt -57.1088 4
f 5407/14958/1463 5406/14959/1463 5294/14960/1463 5293/14961/1463 

v 80.0021 -1.44382e-15 16.0083
vt -16.0083 1.97835e-16
vt -9.70828 1.97835e-16
vt -9.70828 4
vt -16.0083 4
f 5408/14962/1439 5407/14963/1439 5293/14964/1439 5292/14965/1439 

v 64.0021 -1.44382e-15 16.0083
vt 64.0021 -1.39249e-15
vt 80.0021 -1.39249e-15
vt 80.0021 4
f 5409/14966/1429 5408/14967/1429 5292/14968/1429 5291/14650/1429 

vt 16.0083 -1.44382e-15
vt 16.0083 4
f 5277/14646/3 5409/14969/3 5291/14970/3 5282/471/3 

usemtl _7
vt 71.0161 3.38322
vt 71.0161 -4.50569
v 72.0161 -2.16573e-15 5.02758
vt 72.0161 -4.50569
v 72.0161 3.5 -2.04242
vt 72.0161 3.38322
f 5350/14971/43 5349/14972/43 5410/14973/43 5411/14974/43 

usemtl FrontColor
vt -197.936 -8.52651e-14
v 71.0161 -2.16573e-15 -2.04242
vt 80.4102 -8.52651e-14
vt 80.4102 137.795
f 5349/14975/1 5412/14976/1 5350/14977/1

vt -2795.91 80.4102
v 72.0161 -2.16573e-15 -2.04242
vt -2835.28 80.4102
vt -2835.28 -197.936
vt -2795.91 -197.936
f 5412/14978/9 5413/14979/9 5410/14980/9 5349/14981/9 

vt 2795.91 -8.52651e-14
vt 2835.28 -8.52651e-14
vt 2835.28 137.795
vt 2795.91 137.795
f 5412/14982/7 5413/14983/7 5411/14984/7 5350/14985/7 

vt -80.4102 -8.52651e-14
vt 197.936 -8.52651e-14
vt -80.4102 137.795
f 5413/14986/3 5410/14987/3 5411/14988/3

usemtl _1
v 72.0161 4 5.02758
vt 5.02758 4
v 72.0161 4 0.00828118
v 72.0161 7.5 0.00828118
v 72.0161 7.5 -2.04242
vt -2.04242 7.5
vt -2.04242 3.5
vt 5.02758 -2.16573e-15
f 5414/14989/3 5415/471/3 5416/14669/3 5417/14990/3 5411/14991/3 5410/14992/3 

v 80.0055 4 6.26959
vt 80.0055 -6.26959
vn 9.58719e-19 1 -1.10138e-17
v 80.0055 4 0.00828118
vt 80.0055 -0.00828118
vt 72.0161 -0.00828118
vt 72.0161 -5.02758
v 73.9428 4 5.02758
vt 73.9428 -5.02758
v 74.1274 4 4.95061
vt 74.1274 -4.95061
v 74.4215 4 4.89168
vt 74.4215 -4.89168
v 74.5668 4 4.74002
vt 74.5668 -4.74002
v 74.5668 4 4.51002
vt 74.5668 -4.51002
v 74.9742 4 4.29655
vt 74.9742 -4.29655
v 74.9742 4 1.95655
vt 74.9742 -1.95655
v 75.4464 4 1.8701
vt 75.4464 -1.8701
v 75.5781 4 1.73317
vt 75.5781 -1.73317
v 75.5781 4 1.53317
vt 75.5781 -1.53317
v 75.9679 4 1.28887
vt 75.9679 -1.28887
v 75.9679 4 1.42887
vt 75.9679 -1.42887
v 76.3181 4 1.67835
vt 76.3181 -1.67835
v 76.7472 4 1.77557
vt 76.7472 -1.77557
v 76.8737 4 2.00276
vt 76.8737 -2.00276
v 76.9937 4 2.00276
vt 76.9937 -2.00276
v 76.9937 4 6.42276
vt 76.9937 -6.42276
v 77.3235 4 6.68276
vt 77.3235 -6.68276
v 77.7884 4 6.80219
vt 77.7884 -6.80219
v 78.0567 4 6.83256
vt 78.0567 -6.83256
v 78.1083 4 7.00499
vt 78.1083 -7.00499
v 78.9559 4 7.00499
vt 78.9559 -7.00499
v 79.161 4 6.9008
vt 79.161 -6.9008
v 79.4446 4 6.9008
vt 79.4446 -6.9008
v 79.5812 4 6.75465
vt 79.5812 -6.75465
v 79.5812 4 6.51465
vt 79.5812 -6.51465
f 5418/14993/1464 5419/14994/1464 5415/14995/1464 5414/14996/1464 5420/14997/1464 5421/14998/1464 5422/14999/1464 5423/15000/1464 5424/15001/1464 5425/15002/1464 5426/15003/1464 5427/15004/1464 5428/15005/1464 5429/15006/1464 5430/15007/1464 5431/15008/1464 5432/15009/1464 5433/15010/1464 5434/15011/1464 5435/15012/1464 5436/15013/1464 5437/15014/1464 5438/15015/1464 5439/15016/1464 5440/15017/1464 5441/15018/1464 5442/15019/1464 5443/15020/1464 5444/15021/1464 5445/15022/1464 

v 80.0055 -2.16573e-15 6.26959
vt -6.26959 -2.16573e-15
vt 16.0017 -2.16573e-15
v 80.0055 7.5 -16.0017
vt 16.0017 7.5
v 80.0055 7.5 0.00828118
vt -6.26959 4
f 5446/15023/1 5275/15024/1 5284/14654/1 5447/15025/1 5448/14738/1 5419/485/1 5418/15026/1 

vt -80.0055 4
vn 5.23902e-34 1.16139e-17 -1
vt -64.0021 4
vt -64.0021 7.5
vt -80.0055 7.5
f 5284/15027/1465 5283/15028/1465 5287/15029/1465 5447/15030/1465 

vt 72.0161 2.04242
vn 8.52768e-17 1 1.16139e-17
vt 71.0161 2.04242
v 66.9742 7.5 -2.04242
vt 66.9742 2.04242
v 66.9742 7.5 -2.36435
vt 66.9742 2.36435
v 66.8128 7.5 -2.56814
vt 66.8128 2.56814
v 66.6128 7.5 -2.56814
vt 66.6128 2.56814
v 66.2819 7.5 -2.96933
vt 66.2819 2.96933
v 65.9519 7.5 -2.96933
vt 65.9519 2.96933
v 65.9519 7.5 -3.36663
vt 65.9519 3.36663
v 65.8234 7.5 -3.59261
vt 65.8234 3.59261
v 65.5734 7.5 -3.59261
vt 65.5734 3.59261
v 65.3218 7.5 -3.96573
vt 65.3218 3.96573
v 65.0118 7.5 -3.96573
vt 65.0118 3.96573
v 65.0118 7.5 -12.0457
vt 65.0118 12.0457
v 65.4239 7.5 -12.1255
vt 65.4239 12.1255
v 65.5682 7.5 -12.2491
vt 65.5682 12.2491
v 65.5682 7.5 -12.4791
vt 65.5682 12.4791
v 65.8762 7.5 -12.623
vt 65.8762 12.623
v 65.9852 7.5 -12.8025
vt 65.9852 12.8025
v 65.9852 7.5 -12.9725
vt 65.9852 12.9725
v 66.1585 7.5 -13.108
vt 66.1585 13.108
v 66.4285 7.5 -13.108
vt 66.4285 13.108
v 66.5672 7.5 -13.2227
vt 66.5672 13.2227
v 66.5672 7.5 -13.4827
vt 66.5672 13.4827
v 66.8839 7.5 -13.6318
vt 66.8839 13.6318
v 67.0161 7.5 -13.82
vt 67.0161 13.82
v 67.0161 7.5 -13.98
vt 67.0161 13.98
v 75.9061 7.5 -13.98
vt 75.9061 13.98
v 76.1673 7.5 -14.1061
vt 76.1673 14.1061
v 76.4173 7.5 -14.1061
vt 76.4173 14.1061
v 76.5645 7.5 -14.2558
vt 76.5645 14.2558
v 76.5645 7.5 -14.4705
vt 76.5645 14.4705
v 76.9972 7.5 -14.7766
vt 76.9972 14.7766
v 76.9972 7.5 -14.5702
vt 76.9972 14.5702
v 77.5082 7.5 -14.2558
vt 77.5082 14.2558
v 77.7182 7.5 -14.2558
vt 77.7182 14.2558
v 77.8676 7.5 -14.0072
vt 77.8676 14.0072
v 77.9976 7.5 -14.0072
vt 77.9976 14.0072
v 77.9976 7.5 -13.5672
vt 77.9976 13.5672
v 78.3022 7.5 -13.3236
vt 78.3022 13.3236
v 78.496 7.5 -13.2428
vt 78.496 13.2428
v 78.736 7.5 -13.2428
vt 78.736 13.2428
v 78.8682 7.5 -12.996
vt 78.8682 12.996
v 78.9782 7.5 -12.996
vt 78.9782 12.996
v 78.9782 7.5 -3.00598
vt 78.9782 3.00598
v 78.6361 7.5 -3.00598
vt 78.6361 3.00598
v 78.2972 7.5 -2.63839
vt 78.2972 2.63839
v 78.2972 7.5 -2.50839
vt 78.2972 2.50839
v 78.2072 7.5 -2.50839
vt 78.2072 2.50839
v 78.0575 7.5 -2.33381
vt 78.0575 2.33381
v 77.9861 7.5 -2.04242
vt 77.9861 2.04242
f 5417/15031/1466 5416/14995/1466 5448/14994/1466 5447/14666/1466 5287/14665/1466 5286/14664/1466 5289/14675/1466 5351/15032/1466 5449/15033/1466 5450/15034/1466 5451/15035/1466 5452/15036/1466 5453/15037/1466 5454/15038/1466 5455/15039/1466 5456/15040/1466 5457/15041/1466 5458/15042/1466 5459/15043/1466 5460/15044/1466 5461/15045/1466 5462/15046/1466 5463/15047/1466 5464/15048/1466 5465/15049/1466 5466/15050/1466 5467/15051/1466 5468/15052/1466 5469/15053/1466 5470/15054/1466 5471/15055/1466 5472/15056/1466 5473/15057/1466 5474/15058/1466 5475/15059/1466 5476/15060/1466 5477/15061/1466 5478/15062/1466 5479/15063/1466 5480/15064/1466 5481/15065/1466 5482/15066/1466 5483/15067/1466 5484/15068/1466 5485/15069/1466 5486/15070/1466 5487/15071/1466 5488/15072/1466 5489/15073/1466 5490/15074/1466 5491/15075/1466 5492/15076/1466 5493/15077/1466 5494/15078/1466 5495/15079/1466 5496/15080/1466 5497/15081/1466 

vt 72.0161 4
vn 0 -1.16139e-17 1
vt 80.0055 7.5
vt 72.0161 7.5
f 5415/15082/1467 5419/14656/1467 5448/15083/1467 5416/15084/1467 

vt -71.0161 3.5
vn 3.35697e-33 1.87953e-17 -1
v 66.9742 3.5 -2.04242
vt -66.9742 3.5
vt -66.9742 7.5
vt -71.0161 7.5
f 5350/15085/1468 5498/15086/1468 5449/15087/1468 5351/15088/1468 

usemtl Color_C02
v 65.4239 3.5 -12.1255
vt 2575.74 477.382
vn 4.13653e-17 1 1.91878e-18
v 65.0118 3.5 -12.0457
vt 2559.52 474.241
v 65.0118 3.5 -3.96573
vt 2559.52 156.131
v 65.3218 3.5 -3.96573
vt 2571.72 156.131
v 65.5734 3.5 -3.59261
vt 2581.63 141.441
v 65.8234 3.5 -3.59261
vt 2591.47 141.441
v 65.9519 3.5 -3.36663
vt 2596.53 132.544
v 65.9519 3.5 -2.96933
vt 2596.53 116.903
v 66.2819 3.5 -2.96933
vt 2609.52 116.903
v 66.6128 3.5 -2.56814
vt 2622.55 101.108
v 66.8128 3.5 -2.56814
vt 2630.42 101.108
v 66.9742 3.5 -2.36435
vt 2636.78 93.0847
vt 2636.78 80.4102
vt 2795.91 80.4102
vt 2835.28 80.4102
v 77.9861 3.5 -2.04242
vt 3070.32 80.4102
v 78.0575 3.5 -2.33381
vt 3073.13 91.8823
v 78.2072 3.5 -2.50839
vt 3079.02 98.7557
v 78.2972 3.5 -2.50839
vt 3082.57 98.7557
v 78.2972 3.5 -2.63839
vt 3082.57 103.874
v 78.6361 3.5 -3.00598
vt 3095.91 118.346
v 78.9782 3.5 -3.00598
vt 3109.38 118.346
v 78.9782 3.5 -12.996
vt 3109.38 511.653
v 78.8682 3.5 -12.996
vt 3105.05 511.653
v 78.736 3.5 -13.2428
vt 3099.84 521.37
v 78.496 3.5 -13.2428
vt 3090.39 521.37
v 78.3022 3.5 -13.3236
vt 3082.76 524.553
v 77.9976 3.5 -13.5672
vt 3070.77 534.143
v 77.9976 3.5 -14.0072
vt 3070.77 551.466
v 77.8676 3.5 -14.0072
vt 3065.66 551.466
v 77.7182 3.5 -14.2558
vt 3059.77 561.251
v 77.5082 3.5 -14.2558
vt 3051.51 561.251
v 76.9972 3.5 -14.5702
vt 3031.39 573.63
v 76.9972 3.5 -14.7766
vt 3031.39 581.757
v 76.5645 3.5 -14.4705
vt 3014.35 569.706
v 76.5645 3.5 -14.2558
vt 3014.35 561.251
v 76.4173 3.5 -14.1061
vt 3008.55 555.357
v 76.1673 3.5 -14.1061
vt 2998.71 555.357
v 75.9061 3.5 -13.98
vt 2988.43 550.392
v 67.0161 3.5 -13.98
vt 2638.43 550.392
v 67.0161 3.5 -13.82
vt 2638.43 544.093
v 66.8839 3.5 -13.6318
vt 2633.23 536.683
v 66.5672 3.5 -13.4827
vt 2620.76 530.816
v 66.5672 3.5 -13.2227
vt 2620.76 520.579
v 66.4285 3.5 -13.108
vt 2615.3 516.063
v 66.1585 3.5 -13.108
vt 2604.67 516.063
v 65.9852 3.5 -12.9725
vt 2597.84 510.728
v 65.9852 3.5 -12.8025
vt 2597.84 504.035
v 65.8762 3.5 -12.623
vt 2593.55 496.968
v 65.5682 3.5 -12.4791
vt 2581.42 491.303
v 65.5682 3.5 -12.2491
vt 2581.42 482.248
f 5499/15089/1469 5500/15090/1469 5501/15091/1469 5502/15092/1469 5503/15093/1469 5504/15094/1469 5505/15095/1469 5506/15096/1469 5507/15097/1469 5508/15098/1469 5509/15099/1469 5510/15100/1469 5498/15101/1469 5350/15102/1469 5411/15103/1469 5511/15104/1469 5512/15105/1469 5513/15106/1469 5514/15107/1469 5515/15108/1469 5516/15109/1469 5517/15110/1469 5518/15111/1469 5519/15112/1469 5520/15113/1469 5521/15114/1469 5522/15115/1469 5523/15116/1469 5524/15117/1469 5525/15118/1469 5526/15119/1469 5527/15120/1469 5528/15121/1469 5529/15122/1469 5530/15123/1469 5531/15124/1469 5532/15125/1469 5533/15126/1469 5534/15127/1469 5535/15128/1469 5536/15129/1469 5537/15130/1469 5538/15131/1469 5539/15132/1469 5540/15133/1469 5541/15134/1469 5542/15135/1469 5543/15136/1469 5544/15137/1469 5545/15138/1469 5546/15139/1469 

usemtl _1
vt 66.1162 3.5
vn 0.190035 -2.7959e-17 0.981777
vt 66.5359 3.5
vt 66.5359 7.5
vt 66.1162 7.5
f 5500/15140/1470 5499/15141/1470 5461/15142/1470 5460/15143/1470 

vt 57.5762 3.5
vn 0.650529 -4.68164e-17 0.759482
vt 57.7662 3.5
vt 57.7662 7.5
vt 57.5762 7.5
f 5499/15144/1471 5546/15145/1471 5462/15146/1471 5461/15147/1471 

vt 12.2491 3.5
vn 1 -5.00235e-17 -0
vt 12.4791 3.5
vt 12.4791 7.5
vt 12.2491 7.5
f 5546/15148/1472 5545/15149/1472 5463/15150/1472 5462/15151/1472 

vt 64.6876 3.5
vn 0.42324 -3.82008e-17 0.906018
vt 65.0276 3.5
vt 65.0276 7.5
vt 64.6876 7.5
f 5545/15152/1473 5544/15153/1473 5464/15154/1473 5463/15155/1473 

vt 44.982 3.5
vn 0.854749 -5.2513e-17 0.519041
vt 45.192 3.5
vt 45.192 7.5
vt 44.982 7.5
f 5544/15156/1474 5543/15157/1474 5465/15158/1474 5464/15159/1474 

vt 12.8025 3.5
vt 12.9725 3.5
vt 12.9725 7.5
vt 12.8025 7.5
f 5543/15160/1472 5542/15161/1472 5466/15162/1472 5465/15163/1472 

vt 59.9732 3.5
vn 0.615934 -4.5618e-17 0.787798
vt 60.1932 3.5
vt 60.1932 7.5
vt 59.9732 7.5
f 5542/15164/1475 5541/15165/1475 5467/15166/1475 5466/15167/1475 

vt 66.1585 3.5
vn 0 -1.87953e-17 1
vt 66.4285 3.5
vt 66.4285 7.5
vt 66.1585 7.5
f 5541/15168/1476 5540/15169/1476 5468/15170/1476 5467/15171/1476 

vt 59.5438 3.5
vn 0.637319 -4.63645e-17 0.7706
vt 59.7238 3.5
vt 59.7238 7.5
vt 59.5438 7.5
f 5540/15172/1477 5539/15173/1477 5469/15174/1477 5468/15175/1477 

vt 13.2227 3.5
vt 13.4827 3.5
vt 13.4827 7.5
vt 13.2227 7.5
f 5539/15176/1472 5538/15177/1472 5470/15178/1472 5469/15179/1472 

vt 65.9716 3.5
vn 0.425828 -3.83074e-17 0.904804
vt 66.3216 3.5
vt 66.3216 7.5
vt 65.9716 7.5
f 5538/15180/1478 5537/15181/1478 5471/15182/1478 5470/15183/1478 

vt 49.6024 3.5
vn 0.81826 -5.17367e-17 0.574848
vt 49.8324 3.5
vt 49.8324 7.5
vt 49.6024 7.5
f 5537/15184/1479 5536/15185/1479 5472/15186/1479 5471/15187/1479 

vt 13.82 3.5
vt 13.98 3.5
vt 13.98 7.5
vt 13.82 7.5
f 5536/15188/1472 5535/15189/1472 5473/15190/1472 5472/15191/1472 

vt 67.0161 3.5
vt 75.9061 3.5
vt 75.9061 7.5
vt 67.0161 7.5
f 5535/15192/1476 5534/15193/1476 5474/15194/1476 5473/15195/1476 

vt 74.4327 3.5
vn 0.434856 -3.86782e-17 0.9005
vt 74.7227 3.5
vt 74.7227 7.5
vt 74.4327 7.5
f 5534/15196/1480 5533/15197/1480 5475/15198/1480 5474/15199/1480 

vt 76.1673 3.5
vt 76.4173 3.5
vt 76.4173 7.5
vt 76.1673 7.5
f 5533/15200/1476 5532/15201/1476 5476/15202/1476 5475/15203/1476 

vt 63.6425 3.5
vn 0.71294 -4.88434e-17 0.701225
vt 63.8525 3.5
vt 63.8525 7.5
vt 63.6425 7.5
f 5532/15204/1481 5531/15205/1481 5477/15206/1481 5476/15207/1481 

vt 14.2558 3.5
vt 14.4705 3.5
vt 14.4705 7.5
vt 14.2558 7.5
f 5531/15208/1472 5530/15209/1472 5478/15210/1472 5477/15211/1472 

vt 70.8622 3.5
vn 0.577527 -4.42338e-17 0.816372
vt 71.3922 3.5
vt 71.3922 7.5
vt 70.8622 7.5
f 5530/15212/1482 5529/15213/1482 5479/15214/1482 5478/15215/1482 

vt -14.7766 3.5
vn -1 5.00235e-17 -0
vt -14.5702 3.5
vt -14.5702 7.5
vt -14.7766 7.5
f 5529/15216/1483 5528/15217/1483 5480/15218/1483 5479/15219/1483 

vt 57.9426 3.5
vn -0.524041 1.02066e-17 0.851693
vt 58.5426 3.5
vt 58.5426 7.5
vt 57.9426 7.5
f 5528/15220/1484 5527/15221/1484 5481/15222/1484 5480/15223/1484 

vt 77.5082 3.5
vt 77.7182 3.5
vt 77.7182 7.5
vt 77.5082 7.5
f 5527/15224/1476 5526/15225/1476 5482/15226/1476 5481/15227/1476 

vt 27.8232 3.5
vn -0.857063 3.31898e-17 0.515211
vt 28.1132 3.5
vt 28.1132 7.5
vt 27.8232 7.5
f 5526/15228/1485 5525/15229/1485 5483/15230/1485 5482/15231/1485 

vt 77.8676 3.5
vt 77.9976 3.5
vt 77.9976 7.5
vt 77.8676 7.5
f 5525/15232/1476 5524/15233/1476 5484/15234/1476 5483/15235/1476 

vt -14.0072 3.5
vt -13.5672 3.5
vt -13.5672 7.5
vt -14.0072 7.5
f 5524/15236/1483 5523/15237/1483 5485/15238/1483 5484/15239/1483 

vt 52.4375 3.5
vn -0.624604 1.65669e-17 0.780942
vt 52.8275 3.5
vt 52.8275 7.5
vt 52.4375 7.5
f 5523/15240/1486 5522/15241/1486 5486/15242/1486 5485/15243/1486 

vt 67.1415 3.5
vn -0.384898 1.90664e-18 0.922959
vt 67.3515 3.5
vt 67.3515 7.5
vt 67.1415 7.5
f 5522/15244/1487 5521/15245/1487 5487/15246/1487 5486/15247/1487 

vt 78.496 3.5
vt 78.736 3.5
vt 78.736 7.5
vt 78.496 7.5
f 5521/15248/1476 5520/15249/1476 5488/15250/1476 5487/15251/1476 

vt 25.5005 3.5
vn -0.881524 3.52229e-17 0.472139
vt 25.7805 3.5
vt 25.7805 7.5
vt 25.5005 7.5
f 5520/15252/1488 5519/15253/1488 5489/15254/1488 5488/15255/1488 

vt 78.8682 3.5
vt 78.9782 3.5
vt 78.9782 7.5
vt 78.8682 7.5
f 5519/15256/1476 5518/15257/1476 5490/15258/1476 5489/15259/1476 

vt -12.996 3.5
vt -3.00598 3.5
vt -3.00598 7.5
vt -12.996 7.5
f 5518/15260/1483 5517/15261/1483 5491/15262/1483 5490/15263/1483 

vt -78.9782 3.5
vn 0 1.87953e-17 -1
vt -78.6361 3.5
vt -78.6361 7.5
vt -78.9782 7.5
f 5517/15264/1489 5516/15265/1489 5492/15266/1489 5491/15267/1489 

vt -55.5152 3.5
vn -0.73518 4.9517e-17 -0.677872
vt -55.0152 3.5
vt -55.0152 7.5
vt -55.5152 7.5
f 5516/15268/1490 5515/15269/1490 5493/15270/1490 5492/15271/1490 

vt -2.63839 3.5
vt -2.50839 3.5
vt -2.50839 7.5
vt -2.63839 7.5
f 5515/15272/1483 5514/15273/1483 5494/15274/1483 5493/15275/1483 

vt -78.2972 3.5
vt -78.2072 3.5
vt -78.2072 7.5
vt -78.2972 7.5
f 5514/15276/1489 5513/15277/1489 5495/15278/1489 5494/15279/1489 

vt -52.8183 3.5
vn -0.759063 5.0207e-17 -0.651018
vt -52.5883 3.5
vt -52.5883 7.5
vt -52.8183 7.5
f 5513/15280/1491 5512/15281/1491 5496/15282/1491 5495/15283/1491 

vt -20.8328 3.5
vn -0.971302 5.30584e-17 -0.237851
vt -20.5328 3.5
vt -20.5328 7.5
vt -20.8328 7.5
f 5512/15284/1492 5511/15285/1492 5497/15286/1492 5496/15287/1492 

vt -77.9861 3.5
vn -2.27278e-33 1.87953e-17 -1
vt -72.0161 3.5
vt -72.0161 7.5
vt -77.9861 7.5
f 5511/15288/1493 5411/15289/1493 5417/15290/1493 5497/15291/1493 

vt 3.96573 3.5
vt 12.0457 3.5
vt 12.0457 7.5
vt 3.96573 7.5
f 5501/15292/1472 5500/15293/1472 5460/15294/1472 5459/15295/1472 

vt -65.3218 3.5
vt -65.0118 3.5
vt -65.0118 7.5
vt -65.3218 7.5
f 5502/15296/1489 5501/15297/1489 5459/15298/1489 5458/15299/1489 

vt -33.6779 3.5
vn 0.829155 -3.09703e-17 -0.559019
vt -33.2279 3.5
vt -33.2279 7.5
vt -33.6779 7.5
f 5503/15300/1494 5502/15301/1494 5458/15302/1494 5457/15303/1494 

vt -65.8234 3.5
vt -65.5734 3.5
vt -65.5734 7.5
vt -65.8234 7.5
f 5504/15304/1489 5503/15305/1489 5457/15306/1489 5456/15307/1489 

vt -29.6869 3.5
vn 0.869178 -3.41851e-17 -0.494499
vt -29.4269 3.5
vt -29.4269 7.5
vt -29.6869 7.5
f 5505/15308/1495 5504/15309/1495 5456/15310/1495 5455/15311/1495 

vt 2.96933 3.5
vt 3.36663 3.5
vt 3.36663 7.5
vt 2.96933 7.5
f 5506/15312/1472 5505/15313/1472 5455/15314/1472 5454/15315/1472 

vt -66.2819 3.5
vt -65.9519 3.5
vt -65.9519 7.5
vt -66.2819 7.5
f 5507/15316/1489 5506/15317/1489 5454/15318/1489 5453/15319/1489 

vt -40.3985 3.5
vn 0.771513 -2.6636e-17 -0.636213
vt -39.8785 3.5
vt -39.8785 7.5
vt -40.3985 7.5
f 5508/15320/1496 5507/15321/1496 5453/15322/1496 5452/15323/1496 

vt -66.8128 3.5
vt -66.6128 3.5
vt -66.6128 7.5
vt -66.8128 7.5
f 5509/15324/1489 5508/15325/1489 5452/15326/1489 5451/15327/1489 

vt -39.7381 3.5
vn 0.783807 -2.75368e-17 -0.621004
vt -39.4781 3.5
vt -39.4781 7.5
vt -39.7381 7.5
f 5510/15328/1497 5509/15329/1497 5451/15330/1497 5450/15331/1497 

vn 1 -5.00235e-17 -1.12174e-31
vt 2.36435 3.5
vt 2.36435 7.5
f 5498/14736/1498 5510/15332/1498 5450/15333/1498 5449/14737/1498 

v 79.5812 -2.16575e-15 6.51465
vt 65.6555 -1.57322e-15
vn 0.500123 -1.30393e-17 0.865954
vt 66.1455 -1.5732e-15
vt 66.1455 4
vt 65.6555 4
f 5547/15334/1499 5446/15335/1499 5418/15336/1499 5445/15337/1499 

v 79.5812 -2.16575e-15 6.75465
vt -6.75465 -5.3273e-16
vt -6.51465 -5.3273e-16
vt -6.51465 4
vt -6.75465 4
f 5548/15338/1439 5547/15339/1439 5445/15340/1439 5444/15341/1439 

v 79.4446 -2.16213e-15 6.9008
vt 49.1889 -1.08356e-15
vn 0.730759 -1.71842e-17 0.682636
vt 49.3889 -1.08717e-15
vt 49.3889 4
vt 49.1889 4
f 5549/15342/1500 5548/15343/1500 5444/15344/1500 5443/15345/1500 

v 79.161 -2.16213e-15 6.9008
vt 79.161 -2.14001e-15
vt 79.4446 -2.14001e-15
vt 79.4446 4
vt 79.161 4
f 5550/15346/1429 5549/15347/1429 5443/15348/1429 5442/15349/1429 

v 78.9559 -2.34145e-15 7.00499
vt 67.2167 -1.83082e-15
vn 0.453002 -1.21543e-17 0.891509
vt 67.4467 -1.6515e-15
vt 67.4467 4
vt 67.2167 4
f 5551/15350/1501 5550/15351/1501 5442/15352/1501 5441/15353/1501 

v 78.1083 -2.34145e-15 7.00499
vt 78.1083 -2.31899e-15
vt 78.9559 -2.31899e-15
vt 78.9559 4
vt 78.1083 4
f 5552/15354/1429 5551/15355/1429 5441/15356/1429 5440/15357/1429 

v 78.0567 -2.16582e-15 6.83256
vt 28.9395 -8.01439e-16
vn -0.957962 1.87376e-17 0.286896
vt 29.1195 -9.77068e-16
vt 29.1195 4
vt 28.9395 4
f 5553/15358/1502 5552/15359/1502 5440/15360/1502 5439/15361/1502 

v 77.7884 -2.17337e-15 6.80219
vt 78.0599 -2.17512e-15
vn -0.112459 -8.78504e-19 0.993656
vt 78.3299 -2.16757e-15
vt 78.3299 4
vt 78.0599 4
f 5554/15362/1503 5553/15363/1503 5439/15364/1503 5438/15365/1503 

v 77.3235 -1.43878e-15 6.68276
vt 76.5545 -1.41325e-15
vn -0.24882 2.00016e-18 0.96855
vt 77.0345 -2.14784e-15
vt 77.0345 4
vt 76.5545 4
f 5555/15366/1504 5554/15367/1504 5438/15368/1504 5437/15369/1504 

v 76.9937 -2.16573e-15 6.42276
vt 64.4425 -1.73165e-15
vn -0.619062 1.0185e-17 0.785342
vt 64.8625 -1.0047e-15
vt 64.8625 4
vt 64.4425 4
f 5556/15370/1505 5555/15371/1505 5437/15372/1505 5436/15373/1505 

v 76.9937 -2.16573e-15 2.00276
vt 2.00276 -5.8581e-16
vt 6.42276 -5.8581e-16
vt 6.42276 4
vt 2.00276 4
f 5557/15374/1434 5556/15375/1434 5436/15376/1434 5435/15377/1434 

v 76.8737 -2.16573e-15 2.00276
vt 76.8737 -2.15931e-15
vt 76.9937 -2.15931e-15
vt 76.9937 4
vt 76.8737 4
f 5558/15378/1429 5557/15379/1429 5435/15380/1429 5434/15381/1429 

v 76.7472 -2.16573e-15 1.77557
vt 38.8737 -1.08201e-15
vn -0.873792 1.6371e-17 0.4863
vt 39.1337 -1.08201e-15
vt 39.1337 4
vt 38.8737 4
f 5559/15382/1506 5558/15383/1506 5434/15384/1506 5433/15385/1506 

v 76.3181 -2.16573e-15 1.67835
vt 74.8027 -2.14432e-15
vn -0.22095 1.40666e-18 0.975285
vt 75.2427 -2.14432e-15
vt 75.2427 4
vt 74.8027 4
f 5560/15386/1507 5559/15387/1507 5433/15388/1507 5432/15389/1507 

v 75.9679 -2.16573e-15 1.42887
vt 62.7033 -1.76691e-15
vn -0.580192 9.29402e-18 0.814479
vt 63.1333 -1.76691e-15
vt 63.1333 4
vt 62.7033 4
f 5561/15390/1508 5560/15391/1508 5432/15392/1508 5431/15393/1508 

v 75.9679 -2.16573e-15 1.28887
vt 1.28887 -6.0686e-16
vt 1.42887 -6.0686e-16
vt 1.42887 4
vt 1.28887 4
f 5562/15394/1434 5561/15395/1434 5431/15396/1434 5430/15397/1434 

v 75.5781 -2.16573e-15 1.53317
vt 63.2243 -1.60156e-15
vn 0.531089 -1.3615e-17 0.847316
vt 63.6843 -1.60156e-15
vt 63.6843 4
vt 63.2243 4
f 5563/15398/1509 5562/15399/1509 5430/15400/1509 5429/15401/1509 

v 75.5781 -2.16573e-15 1.73317
vt -1.73317 -6.14858e-16
vt -1.53317 -6.14858e-16
vt -1.53317 4
vt -1.73317 4
f 5564/15402/1439 5563/15403/1439 5429/15404/1439 5428/15405/1439 

v 75.4464 -2.16573e-15 1.8701
vt 50.957 -1.21873e-15
vn 0.720677 -1.70114e-17 0.693271
vt 51.147 -1.21873e-15
vt 51.147 4
vt 50.957 4
f 5565/15406/1510 5564/15407/1510 5428/15408/1510 5427/15409/1510 

v 74.9742 -2.16573e-15 1.95655
vt 73.3959 -2.06006e-15
vn 0.180101 -6.84978e-18 0.983648
vt 73.8759 -2.06006e-15
vt 73.8759 4
vt 73.3959 4
f 5566/15410/1511 5565/15411/1511 5427/15412/1511 5426/15413/1511 

v 74.9742 -2.16573e-15 4.29655
vt -4.29655 -6.27249e-16
vt -1.95655 -6.27249e-16
vt -1.95655 4
vt -4.29655 4
f 5567/15414/1439 5566/15415/1439 5426/15416/1439 5425/15417/1439 

v 74.5668 -2.16573e-15 4.51002
vt 63.9584 -1.68854e-15
vn 0.464065 -1.2363e-17 0.885801
vt 64.4184 -1.68854e-15
vt 64.4184 4
vt 63.9584 4
f 5568/15418/1512 5567/15419/1512 5425/15420/1512 5424/15421/1512 

v 74.5668 -2.16573e-15 4.74002
vt -4.74002 -6.3561e-16
vt -4.51002 -6.3561e-16
vt -4.51002 4
vt -4.74002 4
f 5569/15422/1439 5568/15423/1439 5424/15424/1439 5423/15425/1439 

v 74.4215 -2.16573e-15 4.89168
vt 47.9417 -1.19232e-15
vn 0.722221 -1.70379e-17 0.691662
vt 48.1517 -1.19232e-15
vt 48.1517 4
vt 47.9417 4
f 5570/15426/1513 5569/15427/1513 5423/15428/1513 5422/15429/1513 

v 74.1274 -2.16573e-15 4.95061
vt 71.7111 -2.02645e-15
vn 0.196411 -7.17444e-18 0.980522
vt 72.0111 -2.02645e-15
vt 72.0111 4
vt 71.7111 4
f 5571/15430/1514 5570/15431/1514 5422/15432/1514 5421/15433/1514 

v 73.9428 -2.16573e-15 5.02758
vt 66.3119 -1.80637e-15
vn 0.384875 -1.08572e-17 0.922969
vt 66.5119 -1.80637e-15
vt 66.5119 4
vt 66.3119 4
f 5572/15434/1515 5571/15435/1515 5421/15436/1515 5420/15437/1515 

vt 72.0161 -2.14961e-15
vt 73.9428 -2.14961e-15
vt 73.9428 4
f 5410/15438/1429 5572/15439/1429 5420/15440/1429 5414/15082/1429 

g Mesh51 Model

usemtl _4
v 89.0081 -1.44382e-15 -18.065
vt -89.0081 18.065
vn -1.93158e-17 -1 -4.86881e-18
v 98.0255 -1.44388e-15 -18.065
vt -98.0255 18.065
v 98.0255 -1.44388e-15 -2.95814
vt -98.0255 2.95814
v 98.3255 -1.44388e-15 -2.95814
vt -98.3255 2.95814
v 98.6067 -1.43796e-15 -2.58153
vt -98.6067 2.58153
v 98.8267 -1.43796e-15 -2.58153
vt -98.8267 2.58153
v 98.9722 -2.16573e-15 -2.39066
vt -98.9722 2.39066
v 98.9722 -2.16573e-15 -2.04066
vt -98.9722 2.04066
v 117.002 -2.16573e-15 -2.04066
vt -117.002 2.04066
v 117.002 -2.16573e-15 1.26934
vt -117.002 -1.26934
v 116.577 -2.16573e-15 1.51278
vt -116.577 -1.51278
v 116.577 -2.16573e-15 1.72278
vt -116.577 -1.72278
v 116.445 -2.16573e-15 1.87288
vt -116.445 -1.87288
v 116.002 -2.16573e-15 1.95384
vt -116.002 -1.95384
v 116.002 -2.16573e-15 4.25317
vt -116.002 -4.25317
v 115.568 -2.16573e-15 4.5211
vt -115.568 -4.5211
v 115.568 -2.16573e-15 4.7411
vt -115.568 -4.7411
v 115.441 -2.16573e-15 4.86808
vt -115.441 -4.86808
v 115.022 -2.16573e-15 4.96704
vt -115.022 -4.96704
v 114.952 -2.16573e-15 5.29964
vt -114.952 -5.29964
v 114.571 -2.16589e-15 5.52094
vt -114.571 -5.52094
v 114.571 -2.16589e-15 5.73094
vt -114.571 -5.73094
v 114.429 -2.15745e-15 5.87098
vt -114.429 -5.87098
v 114.014 -1.44382e-15 5.94141
vt -114.014 -5.94141
v 114.014 -1.44382e-15 12.0514
vt -114.014 -12.0514
v 114.294 -1.44382e-15 12.0514
vt -114.294 -12.0514
v 114.591 -1.44382e-15 12.4161
vt -114.591 -12.4161
v 114.771 -1.44382e-15 12.4161
vt -114.771 -12.4161
v 114.988 -1.44381e-15 12.6235
vt -114.988 -12.6235
v 114.988 -1.44381e-15 12.9335
vt -114.988 -12.9335
v 115.758 -1.44381e-15 12.9335
vt -115.758 -12.9335
v 116.039 -1.44775e-15 13.2449
vt -116.039 -13.2449
v 116.039 -1.44775e-15 14.0749
vt -116.039 -14.0749
v 116.309 -1.44775e-15 14.0749
vt -116.309 -14.0749
v 116.654 -2.16573e-15 14.451
vt -116.654 -14.451
v 116.954 -2.16573e-15 14.451
vt -116.954 -14.451
v 116.954 -2.16573e-15 17.2902
vt -116.954 -17.2902
v 116.563 -2.16573e-15 17.5133
vt -116.563 -17.5133
v 116.563 -2.16573e-15 17.7433
vt -116.563 -17.7433
v 116.447 -2.16573e-15 17.8679
vt -116.447 -17.8679
v 116.004 -2.16573e-15 17.9417
vt -116.004 -17.9417
v 116.004 -2.16573e-15 20.2617
vt -116.004 -20.2617
v 115.584 -2.16573e-15 20.4941
vt -115.584 -20.4941
v 115.584 -2.16573e-15 20.7341
vt -115.584 -20.7341
v 115.456 -2.16573e-15 20.8745
vt -115.456 -20.8745
v 115.012 -2.16573e-15 20.9476
vt -115.012 -20.9476
v 114.941 -2.16573e-15 21.2904
vt -114.941 -21.2904
v 114.568 -2.16573e-15 21.5051
vt -114.568 -21.5051
v 114.568 -2.16573e-15 21.7251
vt -114.568 -21.7251
v 114.434 -2.16573e-15 21.8735
vt -114.434 -21.8735
v 114.032 -2.16573e-15 21.9543
vt -114.032 -21.9543
v 114.032 -2.16573e-15 27.0543
vt -114.032 -27.0543
v 114.202 -2.16573e-15 27.0543
vt -114.202 -27.0543
v 114.56 -2.16573e-15 27.4453
vt -114.56 -27.4453
v 114.76 -2.16573e-15 27.4453
vt -114.76 -27.4453
v 114.91 -2.16573e-15 28.0469
vt -114.91 -28.0469
v 115.22 -2.16573e-15 28.0469
vt -115.22 -28.0469
v 115.496 -2.16573e-15 28.4392
vt -115.496 -28.4392
v 115.736 -2.16573e-15 28.4392
vt -115.736 -28.4392
v 115.862 -2.16573e-15 28.632
vt -115.862 -28.632
v 115.862 -2.16573e-15 28.932
vt -115.862 -28.932
v 115.986 -2.16573e-15 29.0335
vt -115.986 -29.0335
v 115.986 -2.16573e-15 30.1235
vt -115.986 -30.1235
v 116.133 -2.16573e-15 30.004
vt -116.133 -30.004
v 116.353 -2.16573e-15 30.004
vt -116.353 -30.004
v 116.616 -2.16573e-15 30.4412
vt -116.616 -30.4412
v 116.796 -2.16573e-15 30.4412
vt -116.796 -30.4412
v 116.989 -2.16573e-15 30.6837
vt -116.989 -30.6837
v 117.242 -2.16573e-15 30.7455
vt -117.242 -30.7455
v 117.242 -2.16573e-15 31.2855
vt -117.242 -31.2855
v 117.107 -2.16573e-15 31.4339
vt -117.107 -31.4339
v 116.997 -2.16573e-15 31.4339
vt -116.997 -31.4339
v 116.997 -2.16573e-15 33.2637
vt -116.997 -33.2637
v 116.565 -2.16573e-15 33.5333
vt -116.565 -33.5333
v 116.565 -2.16573e-15 33.7433
vt -116.565 -33.7433
v 116.423 -2.16573e-15 33.8845
vt -116.423 -33.8845
v 116.026 -2.16573e-15 34.0222
vt -116.026 -34.0222
v 112.876 -2.16573e-15 34.0222
vt -112.876 -34.0222
v 112.749 -2.1657e-15 33.7617
vt -112.749 -33.7617
v 112.539 -2.1657e-15 33.7617
vt -112.539 -33.7617
v 112.318 -2.1567e-15 33.6974
vt -112.318 -33.6974
v 112.158 -1.44382e-15 33.5183
vt -112.158 -33.5183
v 111.998 -1.44382e-15 33.5183
vt -111.998 -33.5183
v 111.998 -2.16573e-15 32.0138
vt -111.998 -32.0138
v 111.998 -1.94483e-15 25.7408
vt -111.998 -25.7408
v 111.998 -1.80478e-15 21.7638
vt -111.998 -21.7638
v 111.998 -2.16573e-15 16.0181
vt -111.998 -16.0181
v 111.998 -1.44382e-15 0.00828118
vt -111.998 -0.00828118
v 95.9981 -1.44382e-15 0.00828118
vt -95.9981 -0.00828118
v 95.9981 -1.44382e-15 -16.0017
vt -95.9981 16.0017
v 89.0081 -1.44382e-15 -16.0017
vt -89.0081 16.0017
f 5573/15441/1516 5574/15442/1516 5575/15443/1516 5576/15444/1516 5577/15445/1516 5578/15446/1516 5579/15447/1516 5580/15448/1516 5581/15449/1516 5582/15450/1516 5583/15451/1516 5584/15452/1516 5585/15453/1516 5586/15454/1516 5587/15455/1516 5588/15456/1516 5589/15457/1516 5590/15458/1516 5591/15459/1516 5592/15460/1516 5593/15461/1516 5594/15462/1516 5595/15463/1516 5596/15464/1516 5597/15465/1516 5598/15466/1516 5599/15467/1516 5600/15468/1516 5601/15469/1516 5602/15470/1516 5603/15471/1516 5604/15472/1516 5605/15473/1516 5606/15474/1516 5607/15475/1516 5608/15476/1516 5609/15477/1516 5610/15478/1516 5611/15479/1516 5612/15480/1516 5613/15481/1516 5614/15482/1516 5615/15483/1516 5616/15484/1516 5617/15485/1516 5618/15486/1516 5619/15487/1516 5620/15488/1516 5621/15489/1516 5622/15490/1516 5623/15491/1516 5624/15492/1516 5625/15493/1516 5626/15494/1516 5627/15495/1516 5628/15496/1516 5629/15497/1516 5630/15498/1516 5631/15499/1516 5632/15500/1516 5633/15501/1516 5634/15502/1516 5635/15503/1516 5636/15504/1516 5637/15505/1516 5638/15506/1516 5639/15507/1516 5640/15508/1516 5641/15509/1516 5642/15510/1516 5643/15511/1516 5644/15512/1516 5645/15513/1516 5646/15514/1516 5647/15515/1516 5648/15516/1516 5649/15517/1516 5650/15518/1516 5651/15519/1516 5652/15520/1516 5653/15521/1516 5654/15522/1516 5655/15523/1516 5656/15524/1516 5657/15525/1516 5658/15526/1516 5659/15527/1516 5660/15528/1516 5661/15529/1516 5662/15530/1516 5663/15531/1516 

vt -98.0255 -1.53183e-15
vn 6.40457e-16 4.86881e-18 -1
vt -89.0081 -1.53178e-15
v 89.0081 4 -18.065
vt -89.0081 4
v 98.0255 4 -18.065
vt -98.0255 4
f 5574/15532/1517 5573/15533/1517 5664/15534/1517 5665/15535/1517 

vt -18.065 2.75439e-16
vn -1 1.93158e-17 -0
vt -16.0017 2.75439e-16
v 89.0081 4 -16.0017
f 5573/15536/1518 5663/15537/1518 5666/14668/1518 5664/14647/1518 

vt 89.0081 -1.52173e-15
vn 0 -4.86881e-18 1
vt 95.9981 -1.52173e-15
v 95.9981 4 -16.0017
vt 95.9981 4
vt 89.0081 4
f 5663/15538/1519 5662/15539/1519 5667/15540/1519 5666/15541/1519 

vt -16.0017 4.10457e-16
vt 0.00828118 4.10457e-16
v 95.9981 4 0.00828118
f 5662/15542/1518 5661/15543/1518 5668/471/1518 5667/14668/1518 

vt 95.9981 -1.44378e-15
vt 111.998 -1.44378e-15
v 111.998 4 0.00828118
vt 111.998 4
f 5661/15544/1519 5660/15545/1519 5669/15546/1519 5668/15540/1519 

vt 16.0181 -2.16573e-15
v 111.998 4 16.0181
vt 16.0181 4
f 5660/14646/3 5659/15547/3 5670/15548/3 5669/471/3 

vt 21.7638 -1.80478e-15
v 111.998 4 21.7638
vt 21.7638 4
f 5659/15547/3 5658/15549/3 5671/15550/3 5670/15548/3 

usemtl _1
v 96.0015 -2.16573e-15 16.0181
vt -96.0015 -16.0181
vn -1.42594e-18 -1 2.43991e-17
v 110.998 -2.16573e-15 21.7638
vt -110.998 -21.7638
v 110.998 -2.16573e-15 19.0138
vt -110.998 -19.0138
v 110.868 -2.16573e-15 19.0138
vt -110.868 -19.0138
v 110.77 -2.16573e-15 18.8056
vt -110.77 -18.8056
v 110.312 -2.16573e-15 18.6985
vt -110.312 -18.6985
v 110.148 -2.16573e-15 18.5099
vt -110.148 -18.5099
v 110.068 -2.16573e-15 18.5099
vt -110.068 -18.5099
v 109.986 -2.16573e-15 18.4222
vt -109.986 -18.4222
v 109.986 -2.16573e-15 17.9922
vt -109.986 -17.9922
v 107.956 -2.16573e-15 17.9922
vt -107.956 -17.9922
v 107.956 -2.16573e-15 18.2949
vt -107.956 -18.2949
v 107.578 -2.16573e-15 18.4998
vt -107.578 -18.4998
v 107.578 -2.16573e-15 18.7198
vt -107.578 -18.7198
v 107.432 -2.16573e-15 18.8702
vt -107.432 -18.8702
v 106.945 -2.16573e-15 18.9866
vt -106.945 -18.9866
v 106.945 -2.16573e-15 19.303
vt -106.945 -19.303
v 106.564 -2.16573e-15 19.501
vt -106.564 -19.501
v 106.564 -2.16573e-15 19.731
vt -106.564 -19.731
v 106.352 -2.16573e-15 19.9578
vt -106.352 -19.9578
v 106.031 -2.16573e-15 19.9578
vt -106.031 -19.9578
v 106.009 -2.16573e-15 20.0137
vt -106.009 -20.0137
v 105.879 -2.16573e-15 20.0137
vt -105.879 -20.0137
v 105.748 -2.16573e-15 19.766
vt -105.748 -19.766
v 105.303 -2.16573e-15 19.701
vt -105.303 -19.701
v 105.165 -2.16573e-15 19.5169
vt -105.165 -19.5169
v 105.065 -2.16573e-15 19.5169
vt -105.065 -19.5169
v 104.989 -2.16573e-15 19.4523
vt -104.989 -19.4523
v 104.989 -2.16573e-15 19.0223
vt -104.989 -19.0223
v 104.869 -2.16573e-15 19.0223
vt -104.869 -19.0223
v 104.742 -2.16573e-15 18.7725
vt -104.742 -18.7725
v 104.309 -2.16588e-15 18.6926
vt -104.309 -18.6926
v 104.163 -2.1732e-15 18.5152
vt -104.163 -18.5152
v 104.082 -2.1732e-15 18.5152
vt -104.082 -18.5152
v 103.993 -1.81258e-15 18.4346
vt -103.993 -18.4346
v 103.993 -1.81258e-15 17.9846
vt -103.993 -17.9846
v 102.883 -1.81258e-15 17.9846
vt -102.883 -17.9846
v 102.739 -2.5279e-15 17.7687
vt -102.739 -17.7687
v 102.323 -2.16573e-15 17.7049
vt -102.323 -17.7049
v 102.188 -2.16573e-15 17.5188
vt -102.188 -17.5188
v 102.078 -2.16573e-15 17.5188
vt -102.078 -17.5188
v 101.977 -2.16573e-15 17.4222
vt -101.977 -17.4222
v 101.977 -2.16573e-15 17.3022
vt -101.977 -17.3022
v 101.56 -2.16573e-15 17.4957
vt -101.56 -17.4957
v 101.56 -2.16573e-15 17.747
vt -101.56 -17.747
v 101.406 -2.16573e-15 17.9312
vt -101.406 -17.9312
v 100.859 -2.16573e-15 18.1523
vt -100.859 -18.1523
v 100.859 -2.16573e-15 18.2964
vt -100.859 -18.2964
v 100.514 -2.16573e-15 18.4991
vt -100.514 -18.4991
v 100.514 -2.16573e-15 18.7191
vt -100.514 -18.7191
v 100.371 -2.16573e-15 18.8864
vt -100.371 -18.8864
v 100.111 -2.16573e-15 18.8864
vt -100.111 -18.8864
v 99.9062 -2.16573e-15 19.0116
vt -99.9062 -19.0116
v 98.0362 -2.16573e-15 19.0116
vt -98.0362 -19.0116
v 97.9387 -2.16573e-15 19.3059
vt -97.9387 -19.3059
v 97.5758 -2.16573e-15 19.5172
vt -97.5758 -19.5172
v 97.5758 -2.16573e-15 19.7165
vt -97.5758 -19.7165
v 97.4466 -2.16573e-15 19.8692
vt -97.4466 -19.8692
v 97.0243 -2.16573e-15 19.9502
vt -97.0243 -19.9502
v 96.9419 -2.16568e-15 20.3109
vt -96.9419 -20.3109
v 96.5713 -2.15917e-15 20.5289
vt -96.5713 -20.5289
v 96.5713 -2.15917e-15 20.7389
vt -96.5713 -20.7389
v 96.4335 -1.43925e-15 20.8548
vt -96.4335 -20.8548
v 96.0015 -2.16573e-15 20.9381
vt -96.0015 -20.9381
f 5672/15551/1520 5659/15527/1520 5658/15526/1520 5673/15552/1520 5674/15553/1520 5675/15554/1520 5676/15555/1520 5677/15556/1520 5678/15557/1520 5679/15558/1520 5680/15559/1520 5681/15560/1520 5682/15561/1520 5683/15562/1520 5684/15563/1520 5685/15564/1520 5686/15565/1520 5687/15566/1520 5688/15567/1520 5689/15568/1520 5690/15569/1520 5691/15570/1520 5692/15571/1520 5693/15572/1520 5694/15573/1520 5695/15574/1520 5696/15575/1520 5697/15576/1520 5698/15577/1520 5699/15578/1520 5700/15579/1520 5701/15580/1520 5702/15581/1520 5703/15582/1520 5704/15583/1520 5705/15584/1520 5706/15585/1520 5707/15586/1520 5708/15587/1520 5709/15588/1520 5710/15589/1520 5711/15590/1520 5712/15591/1520 5713/15592/1520 5714/15593/1520 5715/15594/1520 5716/15595/1520 5717/15596/1520 5718/15597/1520 5719/15598/1520 5720/15599/1520 5721/15600/1520 5722/15601/1520 5723/15602/1520 5724/15603/1520 5725/15604/1520 5726/15605/1520 5727/15606/1520 5728/15607/1520 5729/15608/1520 5730/15609/1520 5731/15610/1520 5732/15611/1520 5733/15612/1520 5734/15613/1520 5735/15614/1520 

vt -111.998 -2.16573e-15
vt -96.0015 -2.16573e-15
v 96.0015 4 16.0181
vt -96.0015 4
vt -111.998 4
f 5659/15615/5 5672/15616/5 5736/15617/5 5670/15618/5 

vt 16.0181 -2.02884e-15
vn -1 1.42594e-18 -0
vt 20.9381 -2.02884e-15
v 96.0015 4 20.9381
vt 20.9381 4
f 5672/15619/1521 5735/15620/1521 5737/15621/1521 5736/15548/1521 

vt 90.2972 -3.08348e-15
vn 0.189425 2.36873e-17 0.981895
vt 90.7372 -2.35699e-15
v 96.4335 4 20.8548
vt 90.7372 4
vt 90.2972 4
f 5735/15622/1522 5734/15623/1522 5738/15624/1522 5737/15625/1522 

vt 60.3845 -2.82471e-15
vn 0.643599 1.77564e-17 0.765363
vt 60.5645 -3.54464e-15
v 96.5713 4 20.7389
vt 60.5645 4
vt 60.3845 4
f 5734/15626/1523 5733/15627/1523 5739/15628/1523 5738/15629/1523 

vt -20.7389 -2.02147e-15
vn 1 -1.42594e-18 -0
vt -20.5289 -2.02147e-15
v 96.5713 4 20.5289
vt -20.5289 4
vt -20.7389 4
f 5733/15630/1524 5732/15631/1524 5740/15632/1524 5739/15633/1524 

vt 72.8199 -3.51291e-15
vn 0.507144 2.03055e-17 0.861862
vt 73.2499 -3.51942e-15
v 96.9419 4 20.3109
vt 73.2499 4
vt 72.8199 4
f 5732/15634/1525 5731/15635/1525 5741/15636/1525 5740/15637/1525 

vt 1.78808 -2.56611e-15
vn 0.974887 4.04354e-18 0.222699
vt 2.15808 -2.56617e-15
v 97.0243 4 19.9502
vt 2.15808 4
vt 1.78808 4
f 5731/15638/1526 5730/15639/1526 5742/15640/1526 5741/15641/1526 

vt 91.5354 -3.06269e-15
vn 0.188213 2.36947e-17 0.982128
vt 91.9654 -3.06269e-15
v 97.4466 4 19.8692
vt 91.9654 4
vt 91.5354 4
f 5730/15642/1527 5729/15643/1527 5743/15644/1527 5742/15645/1527 

vt 47.7715 -3.44541e-15
vn 0.763426 1.46707e-17 0.645895
vt 47.9715 -3.44541e-15
v 97.5758 4 19.7165
vt 47.9715 4
vt 47.7715 4
f 5729/15646/1528 5728/15647/1528 5744/15648/1528 5743/15649/1528 

vt -19.7165 -2.0266e-15
vt -19.5172 -2.0266e-15
v 97.5758 4 19.5172
vt -19.5172 4
vt -19.7165 4
f 5728/15650/1524 5727/15651/1524 5745/15652/1524 5744/15653/1524 

vt 74.5053 -3.50926e-15
vn 0.503144 2.03683e-17 0.864203
vt 74.9253 -3.50926e-15
v 97.9387 4 19.3059
vt 74.9253 4
vt 74.5053 4
f 5727/15654/1529 5726/15655/1529 5746/15656/1529 5745/15657/1529 

vt 12.4733 -2.79161e-15
vn 0.949265 6.3194e-18 0.314478
vt 12.7833 -2.79161e-15
v 98.0362 4 19.0116
vt 12.7833 4
vt 12.4733 4
f 5726/15658/1530 5725/15659/1530 5747/15660/1530 5746/15661/1530 

vt 98.0362 -2.6296e-15
vn 0 2.43991e-17 1
vt 99.9062 -2.6296e-15
v 99.9062 4 19.0116
vt 99.9062 4
vt 98.0362 4
f 5725/15662/1531 5724/15663/1531 5748/15664/1531 5747/15665/1531 

vt 75.3347 -3.53728e-15
vn 0.521448 2.00758e-17 0.853283
vt 75.5747 -3.53728e-15
v 100.111 4 18.8864
vt 75.5747 4
vt 75.3347 4
f 5724/15666/1532 5723/15667/1532 5749/15668/1532 5748/15669/1532 

vt 100.111 -2.62655e-15
vt 100.371 -2.62655e-15
v 100.371 4 18.8864
vt 100.371 4
vt 100.111 4
f 5723/15670/1531 5722/15671/1531 5750/15672/1531 5749/15673/1531 

vt 50.8258 -3.47346e-15
vn 0.760396 1.4762e-17 0.64946
vt 51.0458 -3.47346e-15
v 100.514 4 18.7191
vt 51.0458 4
vt 50.8258 4
f 5722/15674/1533 5721/15675/1533 5751/15676/1533 5750/15677/1533 

vt -18.7191 -2.02241e-15
vt -18.4991 -2.02241e-15
v 100.514 4 18.4991
vt -18.4991 4
vt -18.7191 4
f 5721/15678/1524 5720/15679/1524 5752/15680/1524 5751/15681/1524 

vt 77.2676 -3.52435e-15
vn 0.506882 2.03096e-17 0.862015
vt 77.6676 -3.52435e-15
v 100.859 4 18.2964
vt 77.6676 4
vt 77.2676 4
f 5720/15682/1534 5719/15683/1534 5753/15684/1534 5752/15685/1534 

vt -18.2964 -2.02192e-15
vt -18.1523 -2.02192e-15
v 100.859 4 18.1523
vt -18.1523 4
vt -18.2964 4
f 5719/15686/1524 5718/15687/1524 5754/15688/1524 5753/15689/1524 

vt 86.7045 -3.37229e-15
vn 0.374778 2.20864e-17 0.927115
vt 87.2945 -3.37229e-15
v 101.406 4 17.9312
vt 87.2945 4
vt 86.7045 4
f 5718/15690/1535 5717/15691/1535 5755/15692/1535 5754/15693/1535 

vt 51.2736 -3.46543e-15
vn 0.767286 1.45532e-17 0.641305
vt 51.5136 -3.46543e-15
v 101.56 4 17.747
vt 51.5136 4
vt 51.2736 4
f 5717/15694/1536 5716/15695/1536 5756/15696/1536 5755/15697/1536 

vt -17.747 -2.02092e-15
vt -17.4957 -2.02092e-15
v 101.56 4 17.4957
vt -17.4957 4
vt -17.747 4
f 5716/15698/1524 5715/15699/1524 5757/15700/1524 5756/15701/1524 

vt 84.7778 -3.42758e-15
vn 0.420647 2.15357e-17 0.907224
vt 85.2378 -3.42758e-15
v 101.977 4 17.3022
vt 85.2378 4
vt 84.7778 4
f 5715/15702/1537 5714/15703/1537 5758/15704/1537 5757/15705/1537 

vt 17.3022 -2.02032e-15
vt 17.4222 -2.02032e-15
v 101.977 4 17.4222
vt 17.4222 4
vt 17.3022 4
f 5714/15706/1521 5713/15707/1521 5759/15708/1521 5758/15709/1521 

vt 85.8225 -1.08883e-15
vn -0.690134 1.86413e-17 0.723682
vt 85.9625 -1.08883e-15
v 102.078 4 17.5188
vt 85.9625 4
vt 85.8225 4
f 5713/15710/1538 5712/15711/1538 5760/15712/1538 5759/15713/1538 

vt 102.078 -2.59318e-15
vt 102.188 -2.59318e-15
v 102.188 4 17.5188
vt 102.188 4
vt 102.078 4
f 5712/15714/1531 5711/15715/1531 5761/15716/1531 5760/15717/1531 

vt 74.2263 -1.04432e-15
vn -0.80911 1.54921e-17 0.587657
vt 74.4563 -1.04432e-15
v 102.323 4 17.7049
vt 74.4563 4
vt 74.2263 4
f 5711/15718/1539 5710/15719/1539 5762/15720/1539 5761/15721/1539 

vt 103.825 -2.21335e-15
vn -0.151899 2.43326e-17 0.988396
vt 104.245 -2.57551e-15
v 102.739 4 17.7687
vt 104.245 4
vt 103.825 4
f 5710/15722/1540 5709/15723/1540 5763/15724/1540 5762/15725/1540 

vt 72.011 -1.41333e-15
vn -0.830302 1.47819e-17 0.557314
vt 72.271 -6.98006e-16
v 102.883 4 17.9846
vt 72.271 4
vt 72.011 4
f 5709/15726/1541 5708/15727/1541 5764/15728/1541 5763/15729/1541 

vt 102.883 -2.25139e-15
vt 103.993 -2.25139e-15
v 103.993 4 17.9846
vt 103.993 4
vt 102.883 4
f 5708/15730/1531 5707/15731/1531 5765/15732/1531 5764/15733/1531 

vt 17.9846 -1.66429e-15
vt 18.4346 -1.66429e-15
v 103.993 4 18.4346
vt 18.4346 4
vt 17.9846 4
f 5707/15734/1521 5706/15735/1521 5766/15736/1521 5765/15737/1521 

vt 89.4272 -7.43057e-16
vn -0.671648 1.90343e-17 0.740871
vt 89.5472 -1.10367e-15
v 104.082 4 18.5152
vt 89.5472 4
vt 89.4272 4
f 5706/15738/1542 5705/15739/1542 5767/15740/1542 5766/15741/1542 

vt 104.082 -2.62495e-15
vt 104.163 -2.62495e-15
v 104.163 4 18.5152
vt 104.163 4
vt 104.082 4
f 5705/15742/1531 5704/15743/1531 5768/15744/1531 5767/15745/1531 

vt 80.555 -1.03312e-15
vn -0.77151 1.66233e-17 0.636217
vt 80.785 -1.0258e-15
v 104.309 4 18.6926
vt 80.785 4
vt 80.555 4
f 5704/15746/1543 5703/15747/1543 5769/15748/1543 5768/15749/1543 

vt 105.97 -2.15234e-15
vn -0.181574 2.42525e-17 0.983377
vt 106.41 -2.1522e-15
v 104.742 4 18.7725
vt 106.41 4
vt 105.97 4
f 5703/15750/1544 5702/15751/1544 5770/15752/1544 5769/15753/1544 

vt 64.0835 -1.12092e-15
vn -0.892047 1.2299e-17 0.451943
vt 64.3635 -1.12092e-15
v 104.869 4 19.0223
vt 64.3635 4
vt 64.0835 4
f 5702/15754/1545 5701/15755/1545 5771/15756/1545 5770/15757/1545 

vt 104.869 -2.62986e-15
vt 104.989 -2.62986e-15
v 104.989 4 19.0223
vt 104.989 4
vt 104.869 4
f 5701/15758/1531 5700/15759/1531 5772/15760/1531 5771/15761/1531 

vt 19.0223 -2.01603e-15
vt 19.4523 -2.01603e-15
v 104.989 4 19.4523
vt 19.4523 4
vt 19.0223 4
f 5700/15762/1521 5699/15763/1521 5773/15764/1521 5772/15765/1521 

vt 92.7149 -1.13044e-15
vn -0.6459 1.95478e-17 0.763422
vt 92.8149 -1.13044e-15
v 105.065 4 19.5169
vt 92.8149 4
vt 92.7149 4
f 5699/15766/1546 5698/15767/1546 5774/15768/1546 5773/15769/1546 

vt 105.065 -2.64193e-15
vt 105.165 -2.64193e-15
v 105.165 4 19.5169
vt 105.165 4
vt 105.065 4
f 5698/15770/1531 5697/15771/1531 5775/15772/1531 5774/15773/1531 

vt 78.6578 -1.02298e-15
vn -0.800453 1.57661e-17 0.599395
vt 78.8878 -1.02298e-15
v 105.303 4 19.701
vt 78.8878 4
vt 78.6578 4
f 5697/15774/1547 5696/15775/1547 5776/15776/1547 5775/15777/1547 

vt 107.045 -2.26965e-15
vn -0.144595 2.43489e-17 0.989491
vt 107.495 -2.26965e-15
v 105.748 4 19.766
vt 107.495 4
vt 107.045 4
f 5696/15778/1548 5695/15779/1548 5777/15780/1548 5776/15781/1548 

vt 66.8205 -1.09963e-15
vn -0.884491 1.26448e-17 0.466557
vt 67.1005 -1.09963e-15
v 105.879 4 20.0137
vt 67.1005 4
vt 66.8205 4
f 5695/15782/1549 5694/15783/1549 5778/15784/1549 5777/15785/1549 

vt 105.879 -2.65405e-15
vt 106.009 -2.65405e-15
v 106.009 4 20.0137
vt 106.009 4
vt 105.879 4
f 5694/15786/1531 5693/15787/1531 5779/15788/1531 5778/15789/1531 

vt 20.1247 -2.97042e-15
vn 0.930786 7.59222e-18 0.365565
vt 20.1847 -2.97042e-15
v 106.031 4 19.9578
vt 20.1847 4
vt 20.1247 4
f 5693/15790/1550 5692/15791/1550 5780/15792/1550 5779/15793/1550 

vt 106.031 -2.65269e-15
vt 106.352 -2.65269e-15
v 106.352 4 19.9578
vt 106.352 4
vt 106.031 4
f 5692/15794/1531 5691/15795/1531 5781/15796/1531 5780/15797/1531 

vt 57.8843 -3.59075e-15
vn 0.731739 1.55867e-17 0.681585
vt 58.1943 -3.59075e-15
v 106.564 4 19.731
vt 58.1943 4
vt 57.8843 4
f 5691/15798/1551 5690/15799/1551 5782/15800/1551 5781/15801/1551 

vt -19.731 -2.01378e-15
vt -19.501 -2.01378e-15
v 106.564 4 19.501
vt -19.501 4
vt -19.731 4
f 5690/15802/1524 5689/15803/1524 5783/15804/1524 5782/15805/1524 

vt 85.6187 -3.55978e-15
vn 0.460412 2.10027e-17 0.887705
vt 86.0487 -3.55978e-15
v 106.945 4 19.303
vt 86.0487 4
vt 85.6187 4
f 5689/15806/1552 5688/15807/1552 5784/15808/1552 5783/15809/1552 

vt -19.303 -2.01324e-15
vt -18.9866 -2.01324e-15
v 106.945 4 18.9866
vt -18.9866 4
vt -19.303 4
f 5688/15810/1524 5687/15811/1524 5785/15812/1524 5784/15813/1524 

vt 99.5821 -3.18049e-15
vn 0.23291 2.3396e-17 0.972498
vt 100.082 -3.18049e-15
v 107.432 4 18.8702
vt 100.082 4
vt 99.5821 4
f 5687/15814/1553 5686/15815/1553 5786/15816/1553 5785/15817/1553 

vt 61.4967 -3.6084e-15
vn 0.715925 1.6014e-17 0.698177
vt 61.7067 -3.6084e-15
v 107.578 4 18.7198
vt 61.7067 4
vt 61.4967 4
f 5686/15818/1554 5685/15819/1554 5787/15820/1554 5786/15821/1554 

vt -18.7198 -2.01233e-15
vt -18.4998 -2.01233e-15
v 107.578 4 18.4998
vt -18.4998 4
vt -18.7198 4
f 5685/15822/1524 5684/15823/1524 5788/15824/1524 5787/15825/1524 

vt 85.7654 -3.56835e-15
vn 0.476494 2.07717e-17 0.879178
vt 86.1954 -3.56835e-15
v 107.956 4 18.2949
vt 86.1954 4
vt 85.7654 4
f 5684/15826/1555 5683/15827/1555 5789/15828/1555 5788/15829/1555 

vt -18.2949 -2.01179e-15
vt -17.9922 -2.01179e-15
v 107.956 4 17.9922
vt -17.9922 4
vt -18.2949 4
f 5683/15830/1524 5682/15831/1524 5790/15832/1524 5789/15833/1524 

vt 107.956 -2.60473e-15
vt 109.986 -2.60473e-15
v 109.986 4 17.9922
vt 109.986 4
vt 107.956 4
f 5682/15834/1531 5681/15835/1531 5791/15836/1531 5790/15837/1531 

vt 17.9922 -2.0089e-15
vt 18.4222 -2.0089e-15
v 109.986 4 18.4222
vt 18.4222 4
vt 17.9922 4
f 5681/15838/1521 5680/15839/1521 5792/15840/1521 5791/15841/1521 

vt 88.5976 -9.66211e-16
vn -0.730207 1.77114e-17 0.683226
vt 88.7176 -9.66211e-16
v 110.068 4 18.5099
vt 88.7176 4
vt 88.5976 4
f 5680/15842/1556 5679/15843/1556 5793/15844/1556 5792/15845/1556 

vt 110.068 -2.61736e-15
vt 110.148 -2.61736e-15
v 110.148 4 18.5099
vt 110.148 4
vt 110.068 4
f 5679/15846/1531 5678/15847/1531 5794/15848/1531 5793/15849/1531 

vt 86.2558 -9.53115e-16
vn -0.754502 1.7089e-17 0.656298
vt 86.5058 -9.53115e-16
v 110.312 4 18.6985
vt 86.5058 4
vt 86.2558 4
f 5678/15850/1557 5677/15851/1557 5795/15852/1557 5794/15853/1557 

vt 111.671 -1.99865e-15
vn -0.227939 2.40819e-17 0.973675
vt 112.141 -1.99865e-15
v 110.77 4 18.8056
vt 112.141 4
vt 111.671 4
f 5677/15854/1558 5676/15855/1558 5796/15856/1558 5795/15857/1558 

vt 64.1052 -1.08969e-15
vn -0.905169 1.16616e-17 0.425051
vt 64.3352 -1.08969e-15
v 110.868 4 19.0138
vt 64.3352 4
vt 64.1052 4
f 5676/15858/1559 5675/15859/1559 5797/15860/1559 5796/15861/1559 

vt 110.868 -2.62965e-15
vt 110.998 -2.62965e-15
v 110.998 4 19.0138
vt 110.998 4
vt 110.868 4
f 5675/15862/1531 5674/15863/1531 5798/15864/1531 5797/15865/1531 

vt 19.0138 -2.00746e-15
vt 21.7638 -2.00746e-15
v 110.998 4 21.7638
vt 19.0138 4
f 5674/15866/1521 5673/15867/1521 5799/15550/1521 5798/15868/1521 

vt 110.998 -2.16573e-15
vt 111.998 -1.80478e-15
f 5673/15869/7 5658/15870/7 5671/15546/7 5799/15864/7 

usemtl _4
vt 25.7408 -1.94483e-15
v 111.998 4 25.7408
vt 25.7408 4
f 5658/15549/3 5657/15871/3 5800/15872/3 5671/15550/3 

usemtl _1
vt 32.0138 -2.16573e-15
v 111.998 4 32.0138
vt 32.0138 4
f 5657/15871/3 5656/15873/3 5801/15874/3 5800/15872/3 

v 96.0015 -2.16573e-15 26.2838
vt -96.0015 -26.2838
vn 1.05665e-17 -1 -1.34599e-17
v 96.1749 -2.16573e-15 26.0979
vt -96.1749 -26.0979
v 96.3049 -2.16573e-15 26.0979
vt -96.3049 -26.0979
v 96.5647 -2.16573e-15 26.4775
vt -96.5647 -26.4775
v 96.8047 -2.16573e-15 26.4775
vt -96.8047 -26.4775
v 96.989 -2.16573e-15 26.6883
vt -96.989 -26.6883
v 96.989 -2.16573e-15 27.1083
vt -96.989 -27.1083
v 97.309 -2.16573e-15 27.1083
vt -97.309 -27.1083
v 97.566 -2.16573e-15 27.4655
vt -97.566 -27.4655
v 97.786 -2.16573e-15 27.4655
vt -97.786 -27.4655
v 97.9407 -2.16573e-15 27.6867
vt -97.9407 -27.6867
v 97.9407 -2.16573e-15 28.0367
vt -97.9407 -28.0367
v 98.2407 -2.16573e-15 28.0367
vt -98.2407 -28.0367
v 98.5232 -2.16573e-15 28.4124
vt -98.5232 -28.4124
v 98.7432 -2.16573e-15 28.4124
vt -98.7432 -28.4124
v 98.9039 -2.16573e-15 28.6294
vt -98.9039 -28.6294
v 98.9039 -2.16573e-15 28.9994
vt -98.9039 -28.9994
v 101.256 -2.16573e-15 28.9994
vt -101.256 -28.9994
v 101.589 -2.16573e-15 29.4248
vt -101.589 -29.4248
v 101.809 -2.16573e-15 29.4248
vt -101.809 -29.4248
v 101.936 -2.16573e-15 29.6167
vt -101.936 -29.6167
v 102.076 -2.16573e-15 29.6167
vt -102.076 -29.6167
v 102.617 -2.16573e-15 28.9744
vt -102.617 -28.9744
v 103.967 -2.16573e-15 28.9744
vt -103.967 -28.9744
v 104.045 -2.16573e-15 28.6331
vt -104.045 -28.6331
v 104.622 -2.16573e-15 27.9554
vt -104.622 -27.9554
v 104.959 -2.16573e-15 27.9554
vt -104.959 -27.9554
v 105.049 -2.16573e-15 27.638
vt -105.049 -27.638
v 105.611 -2.16573e-15 27.0004
vt -105.611 -27.0004
v 106.291 -2.16573e-15 27.0004
vt -106.291 -27.0004
v 106.588 -2.16573e-15 27.4153
vt -106.588 -27.4153
v 106.818 -2.16573e-15 27.4153
vt -106.818 -27.4153
v 106.925 -2.16573e-15 27.6302
vt -106.925 -27.6302
v 106.987 -2.16573e-15 28.0456
vt -106.987 -28.0456
v 107.317 -2.16573e-15 28.0456
vt -107.317 -28.0456
v 107.58 -2.16566e-15 28.423
vt -107.58 -28.423
v 107.81 -2.16566e-15 28.423
vt -107.81 -28.423
v 107.965 -2.1571e-15 28.6312
vt -107.965 -28.6312
v 107.965 -2.1571e-15 28.9744
vt -107.965 -28.9744
v 109.995 -2.1571e-15 28.9744
vt -109.995 -28.9744
v 110.064 -1.4428e-15 28.6312
vt -110.064 -28.6312
v 110.638 -1.94483e-15 27.9908
vt -110.638 -27.9908
v 110.988 -1.94483e-15 27.9908
vt -110.988 -27.9908
v 110.988 -1.94483e-15 25.7408
vt -110.988 -25.7408
v 96.0015 -2.16573e-15 32.0138
vt -96.0015 -32.0138
f 5802/15875/1560 5803/15876/1560 5804/15877/1560 5805/15878/1560 5806/15879/1560 5807/15880/1560 5808/15881/1560 5809/15882/1560 5810/15883/1560 5811/15884/1560 5812/15885/1560 5813/15886/1560 5814/15887/1560 5815/15888/1560 5816/15889/1560 5817/15890/1560 5818/15891/1560 5819/15892/1560 5820/15893/1560 5821/15894/1560 5822/15895/1560 5823/15896/1560 5824/15897/1560 5825/15898/1560 5826/15899/1560 5827/15900/1560 5828/15901/1560 5829/15902/1560 5830/15903/1560 5831/15904/1560 5832/15905/1560 5833/15906/1560 5834/15907/1560 5835/15908/1560 5836/15909/1560 5837/15910/1560 5838/15911/1560 5839/15912/1560 5840/15913/1560 5841/15914/1560 5842/15915/1560 5843/15916/1560 5844/15917/1560 5845/15918/1560 5657/15525/1560 5656/15524/1560 5846/15919/1560 

vt -46.5266 -2.03742e-15
vn -0.731182 1.45605e-18 -0.682183
vt -46.2723 -2.03742e-15
v 96.0015 4 26.2838
vt -46.2723 4
v 96.1749 4 26.0979
vt -46.5266 4
f 5803/15920/1561 5802/15921/1561 5847/15922/1561 5848/15923/1561 

vt 26.2838 -3.18014e-15
vn -1 -1.05665e-17 -0
vt 32.0138 -3.18014e-15
v 96.0015 4 32.0138
vt 26.2838 4
f 5802/15924/1562 5846/15925/1562 5849/15874/1562 5847/15926/1562 

vt 96.0015 -2.16573e-15
vt 111.998 -2.16573e-15
vt 96.0015 4
f 5846/15927/7 5656/15928/7 5801/15546/7 5849/15929/7 

usemtl _4
vt 33.5183 -1.44382e-15
v 111.998 4 33.5183
vt 33.5183 4
f 5656/15873/3 5655/15930/3 5850/15931/3 5801/15874/3 

vt 111.998 -1.28063e-15
vt 112.158 -1.28063e-15
v 112.158 4 33.5183
vt 112.158 4
f 5655/15932/1519 5654/15933/1519 5851/15934/1519 5850/15546/1519 

vt 99.6506 -7.57163e-16
vn -0.74649 1.11794e-17 0.665396
vt 99.8906 -1.47004e-15
v 112.318 4 33.6974
vt 99.8906 4
vt 99.6506 4
f 5654/15935/1563 5653/15936/1563 5852/15937/1563 5851/15938/1563 

vt 117.26 -2.15739e-15
vn -0.279579 7.25646e-19 0.960123
vt 117.49 -2.16639e-15
v 112.539 4 33.7617
vt 117.49 4
vt 117.26 4
f 5653/15939/1564 5652/15940/1564 5853/15941/1564 5852/15942/1564 

vt 112.539 -2.00132e-15
vt 112.749 -2.00132e-15
v 112.749 4 33.7617
vt 112.749 4
vt 112.539 4
f 5652/15943/1519 5651/15944/1519 5854/15945/1519 5853/15946/1519 

vt 79.916 -8.51945e-16
vn -0.898055 1.5205e-17 0.439882
vt 80.206 -8.51977e-16
v 112.876 4 34.0222
vt 80.206 4
vt 79.916 4
f 5651/15947/1565 5650/15948/1565 5855/15949/1565 5854/15950/1565 

vt 112.876 -2.00009e-15
vt 116.026 -2.00009e-15
v 116.026 4 34.0222
vt 116.026 4
vt 112.876 4
f 5650/15951/1519 5649/15952/1519 5856/15953/1519 5855/15954/1519 

vt 98.4701 -1.39884e-15
vn 0.327703 -1.09298e-17 0.944781
vt 98.8901 -1.39884e-15
v 116.423 4 33.8845
vt 98.8901 4
vt 98.4701 4
f 5649/15955/1566 5648/15956/1566 5857/15957/1566 5856/15958/1566 

vt 58.4723 -3.50306e-16
vn 0.706382 -1.70906e-17 0.707831
vt 58.6723 -3.50306e-16
v 116.565 4 33.7433
vt 58.6723 4
vt 58.4723 4
f 5648/15959/1567 5647/15960/1567 5858/15961/1567 5857/15962/1567 

vt -33.7433 8.58031e-17
vn 1 -1.93158e-17 -0
vt -33.5333 8.58031e-17
v 116.565 4 33.5333
vt -33.5333 4
vt -33.7433 4
f 5647/15963/1568 5646/15964/1568 5859/15965/1568 5858/15966/1568 

vt 81.2195 -8.73585e-16
vn 0.528629 -1.43438e-17 0.848853
vt 81.7295 -8.73585e-16
v 116.997 4 33.2637
vt 81.7295 4
vt 81.2195 4
f 5646/15967/1569 5645/15968/1569 5860/15969/1569 5859/15970/1569 

vt -33.2637 9.41652e-17
vt -31.4339 9.41652e-17
v 116.997 4 31.4339
vt -31.4339 4
vt -33.2637 4
f 5645/15971/1568 5644/15972/1568 5861/15973/1568 5860/15974/1568 

vt 116.997 -2.01269e-15
vt 117.107 -2.01269e-15
v 117.107 4 31.4339
vt 117.107 4
vt 116.997 4
f 5644/15975/1519 5643/15976/1519 5862/15977/1519 5861/15978/1519 

vt 55.2287 -2.6671e-16
vn 0.741728 -1.75926e-17 0.670701
vt 55.4287 -2.6671e-16
v 117.242 4 31.2855
vt 55.4287 4
vt 55.2287 4
f 5643/15979/1570 5642/15980/1570 5863/15981/1570 5862/15982/1570 

vt -31.2855 9.8881e-17
vt -30.7455 9.8881e-17
v 117.242 4 30.7455
vt -30.7455 4
vt -31.2855 4
f 5642/15983/1568 5641/15984/1568 5864/15985/1568 5863/15986/1568 

vt -121.19 -2.16547e-15
vn 0.237968 1.3241e-19 -0.971273
vt -120.93 -2.16547e-15
v 116.989 4 30.6837
vt -120.93 4
vt -121.19 4
f 5641/15987/1571 5640/15988/1571 5865/15989/1571 5864/15990/1571 

vt -96.8997 -1.29194e-15
vn 0.782101 -1.20729e-17 -0.623152
vt -96.5897 -1.29194e-15
v 116.796 4 30.4412
vt -96.5897 4
vt -96.8997 4
f 5640/15991/1572 5639/15992/1572 5866/15993/1572 5865/15994/1572 

vt -116.796 -2.01752e-15
vn 0 4.86881e-18 -1
vt -116.616 -2.01752e-15
v 116.616 4 30.4412
vt -116.616 4
vt -116.796 4
f 5639/15995/1573 5638/15996/1573 5867/15997/1573 5866/15998/1573 

vt -86.1387 -9.81192e-16
vn 0.857266 -1.40519e-17 -0.514874
vt -85.6287 -9.81192e-16
v 116.353 4 30.004
vt -85.6287 4
vt -86.1387 4
f 5638/15999/1574 5637/16000/1574 5868/16001/1574 5867/16002/1574 

vt -116.353 -2.01965e-15
vt -116.133 -2.01965e-15
v 116.133 4 30.004
vt -116.133 4
vt -116.353 4
f 5637/16003/1573 5636/16004/1573 5869/16005/1573 5868/16006/1573 

vt -71.4016 -6.29857e-16
vn -0.629069 1.59357e-17 -0.77735
vt -71.2116 -6.29857e-16
v 115.986 4 30.1235
vt -71.2116 4
vt -71.4016 4
f 5636/16007/1575 5635/16008/1575 5870/16009/1575 5869/16010/1575 

vt -30.1235 7.46205e-17
vt -29.0335 7.46205e-17
v 115.986 4 29.0335
vt -29.0335 4
vt -30.1235 4
f 5635/16011/1568 5634/16012/1568 5871/16013/1568 5870/16014/1568 

vt -108.045 -1.73044e-15
vn 0.634866 -8.5012e-18 -0.772622
vt -107.885 -1.73044e-15
v 115.862 4 28.932
vt -107.885 4
vt -108.045 4
f 5634/16015/1576 5633/16016/1576 5872/16017/1576 5871/16018/1576 

vt -28.932 7.22327e-17
vt -28.632 7.22327e-17
v 115.862 4 28.632
vt -28.632 4
vt -28.932 4
f 5633/16019/1568 5632/16020/1568 5873/16021/1568 5872/16022/1568 

vt -87.2225 -1.06366e-15
vn 0.837957 -1.35287e-17 -0.545737
vt -86.9925 -1.06366e-15
v 115.736 4 28.4392
vt -86.9925 4
vt -87.2225 4
f 5632/16023/1577 5631/16024/1577 5874/16025/1577 5873/16026/1577 

vt -115.736 -2.02727e-15
vt -115.496 -2.02727e-15
v 115.496 4 28.4392
vt -115.496 4
vt -115.736 4
f 5631/16027/1573 5630/16028/1573 5875/16029/1573 5874/16030/1573 

vt -89.7789 -1.15263e-15
vn 0.81741 -1.29842e-17 -0.576056
vt -89.2989 -1.15263e-15
v 115.22 4 28.0469
vt -89.2989 4
vt -89.7789 4
f 5630/16031/1578 5629/16032/1578 5876/16033/1578 5875/16034/1578 

vt -115.22 -2.02918e-15
vt -114.91 -2.02918e-15
v 114.91 4 28.0469
vt -114.91 4
vt -115.22 4
f 5629/16035/1573 5628/16036/1573 5877/16037/1573 5876/16038/1573 

vt -54.983 -3.26006e-16
vn 0.970365 -1.75669e-17 -0.241644
vt -54.363 -3.26006e-16
v 114.76 4 27.4453
vt -54.363 4
vt -54.983 4
f 5628/16039/1579 5627/16040/1579 5878/16041/1579 5877/16042/1579 

vt -114.76 -2.03211e-15
vt -114.56 -2.03211e-15
v 114.56 4 27.4453
vt -114.56 4
vt -114.76 4
f 5627/16043/1573 5626/16044/1573 5879/16045/1573 5878/16046/1573 

vt -97.5864 -1.44234e-15
vn 0.737728 -1.09629e-17 -0.675098
vt -97.0564 -1.44234e-15
v 114.202 4 27.0543
vt -97.0564 4
vt -97.5864 4
f 5626/16047/1580 5625/16048/1580 5880/16049/1580 5879/16050/1580 

vt -114.202 -2.03401e-15
vt -114.032 -2.03401e-15
v 114.032 4 27.0543
vt -114.032 4
vt -114.202 4
f 5625/16051/1573 5624/16052/1573 5881/16053/1573 5880/16054/1573 

vt -27.0543 3.68916e-17
vt -21.9543 3.68916e-17
v 114.032 4 21.9543
vt -21.9543 4
vt -27.0543 4
f 5624/16055/1568 5623/16056/1568 5882/16057/1568 5881/16058/1568 

vt 107.476 -1.78852e-15
vn 0.196917 -8.57709e-18 0.98042
vt 107.886 -1.78852e-15
v 114.434 4 21.8735
vt 107.886 4
vt 107.476 4
f 5623/16059/1581 5622/16060/1581 5883/16061/1581 5882/16062/1581 

vt 60.4642 -4.13139e-16
vn 0.742151 -1.75985e-17 0.670233
vt 60.6642 -4.13139e-16
v 114.568 4 21.7251
vt 60.6642 4
vt 60.4642 4
f 5622/16063/1582 5621/16064/1582 5884/16065/1582 5883/16066/1582 

vt -21.7251 4.72452e-17
vt -21.5051 4.72452e-17
v 114.568 4 21.5051
vt -21.5051 4
vt -21.7251 4
f 5621/16067/1568 5620/16068/1568 5885/16069/1568 5884/16070/1568 

vt 88.5313 -1.11453e-15
vn 0.499261 -1.38622e-17 0.866452
vt 88.9613 -1.11453e-15
v 114.941 4 21.2904
vt 88.9613 4
vt 88.5313 4
f 5620/16071/1583 5619/16072/1583 5886/16073/1583 5885/16074/1583 

vt 2.33406 1.60137e-16
vn 0.979442 -1.99009e-17 0.201728
vt 2.68406 1.60137e-16
v 115.012 4 20.9476
vt 2.68406 4
vt 2.33406 4
f 5619/16075/1584 5618/16076/1584 5887/16077/1584 5886/16078/1584 

vt 110.078 -1.85306e-15
vn 0.162533 -7.94352e-18 0.986703
vt 110.528 -1.85306e-15
v 115.456 4 20.8745
vt 110.528 4
vt 110.078 4
f 5618/16079/1585 5617/16080/1585 5888/16081/1585 5887/16082/1585 

vt 62.3631 -4.21209e-16
vn 0.738957 -1.75539e-17 0.673752
vt 62.5531 -4.21209e-16
v 115.584 4 20.7341
vt 62.5531 4
vt 62.3631 4
f 5617/16083/1586 5616/16084/1586 5889/16085/1586 5888/16086/1586 

vt -20.7341 6.68548e-17
vt -20.4941 6.68548e-17
v 115.584 4 20.4941
vt -20.4941 4
vt -20.7341 4
f 5616/16087/1568 5615/16088/1568 5890/16089/1568 5889/16090/1568 

vt 91.2253 -1.16036e-15
vn 0.483988 -1.36092e-17 0.875075
vt 91.7053 -1.16036e-15
v 116.004 4 20.2617
vt 91.7053 4
vt 91.2253 4
f 5615/16091/1587 5614/16092/1587 5891/16093/1587 5890/16094/1587 

vt -20.2617 7.49681e-17
vt -17.9417 7.49681e-17
v 116.004 4 17.9417
vt -17.9417 4
vt -20.2617 4
f 5614/16095/1568 5613/16096/1568 5892/16097/1568 5891/16098/1568 

vt 111.487 -1.87289e-15
vn 0.164083 -7.97223e-18 0.986446
vt 111.937 -1.87289e-15
v 116.447 4 17.8679
vt 111.937 4
vt 111.487 4
f 5613/16099/1588 5612/16100/1588 5893/16101/1588 5892/16102/1588 

vt 66.1483 -4.62933e-16
vn 0.732759 -1.7467e-17 0.680489
vt 66.3183 -4.62933e-16
v 116.563 4 17.7433
vt 66.3183 4
vt 66.1483 4
f 5612/16103/1589 5611/16104/1589 5894/16105/1589 5893/16106/1589 

vt -17.7433 8.57769e-17
vt -17.5133 8.57769e-17
v 116.563 4 17.5133
vt -17.5133 4
vt -17.7433 4
f 5611/16107/1568 5610/16108/1568 5895/16109/1568 5894/16110/1568 

vt 92.5398 -1.1578e-15
vn 0.495857 -1.3806e-17 0.868404
vt 92.9898 -1.1578e-15
v 116.954 4 17.2902
vt 92.9898 4
vt 92.5398 4
f 5610/16111/1590 5609/16112/1590 5896/16113/1590 5895/16114/1590 

vt -17.2902 9.33252e-17
vt -14.451 9.33252e-17
v 116.954 4 14.451
vt -14.451 4
vt -17.2902 4
f 5609/16115/1568 5608/16116/1568 5897/16117/1568 5896/16118/1568 

vt -116.954 -2.09537e-15
vt -116.654 -2.09537e-15
v 116.654 4 14.451
vt -116.654 4
vt -116.954 4
f 5608/16119/1573 5607/16120/1573 5898/16121/1573 5897/16122/1573 

vt -89.4455 -1.33017e-15
vn 0.737447 -1.0956e-17 -0.675405
vt -88.9355 -6.12189e-16
v 116.309 4 14.0749
vt -88.9355 4
vt -89.4455 4
f 5607/16123/1591 5606/16124/1591 5899/16125/1591 5898/16126/1591 

vt -116.309 -1.37923e-15
vt -116.039 -1.37923e-15
v 116.039 4 14.0749
vt -116.039 4
vt -116.309 4
f 5606/16127/1573 5605/16128/1573 5900/16129/1573 5899/16130/1573 

vt -14.0749 7.93642e-16
vt -13.2449 7.93642e-16
v 116.039 4 13.2449
vt -13.2449 4
vt -14.0749 4
f 5605/16131/1568 5604/16132/1568 5901/16133/1568 5900/16134/1568 

vt -87.6717 -5.9453e-16
vn 0.741556 -1.10573e-17 -0.670891
vt -87.2517 -5.90584e-16
v 115.758 4 12.9335
vt -87.2517 4
vt -87.6717 4
f 5604/16135/1592 5603/16136/1592 5902/16137/1592 5901/16138/1592 

vt -115.758 -1.38084e-15
vt -114.988 -1.38084e-15
v 114.988 4 12.9335
vt -114.988 4
vt -115.758 4
f 5603/16139/1573 5602/16140/1573 5903/16141/1573 5902/16142/1573 

vt -12.9335 7.77273e-16
vt -12.6235 7.77273e-16
v 114.988 4 12.6235
vt -12.6235 4
vt -12.9335 4
f 5602/16143/1568 5601/16144/1568 5904/16145/1568 5903/16146/1568 

vt -91.8206 -7.51953e-16
vn 0.691222 -9.83309e-18 -0.722643
vt -91.5206 -7.51969e-16
v 114.771 4 12.4161
vt -91.5206 4
vt -91.8206 4
f 5601/16147/1593 5600/16148/1593 5905/16149/1593 5904/16150/1593 

vt -114.771 -1.38337e-15
vt -114.591 -1.38337e-15
v 114.591 4 12.4161
vt -114.591 4
vt -114.771 4
f 5600/16151/1573 5599/16152/1573 5906/16153/1573 5905/16154/1573 

vt -81.9178 -4.7755e-16
vn 0.775949 -1.19168e-17 -0.630796
vt -81.4478 -4.7755e-16
v 114.294 4 12.0514
vt -81.4478 4
vt -81.9178 4
f 5599/16155/1594 5598/16156/1594 5907/16157/1594 5906/16158/1594 

vt -114.294 -1.38515e-15
vt -114.014 -1.38515e-15
v 114.014 4 12.0514
vt -114.014 4
vt -114.294 4
f 5598/16159/1573 5597/16160/1573 5908/16161/1573 5907/16162/1573 

vt -12.0514 7.58458e-16
vt -5.94141 7.58458e-16
v 114.014 4 5.94141
vt -5.94141 4
vt -12.0514 4
f 5597/16163/1568 5596/16164/1568 5909/16165/1568 5908/16166/1568 

vt 111.404 -1.24307e-15
vn 0.16767 -8.03856e-18 0.985843
vt 111.824 -1.9567e-15
v 114.429 4 5.87098
vt 111.824 4
vt 111.404 4
f 5596/16167/1595 5595/16168/1595 5910/16169/1595 5909/16170/1595 

vt 77.5852 -7.24029e-16
vn 0.700198 -1.7001e-17 0.713949
vt 77.7852 -7.32471e-16
v 114.571 4 5.73094
vt 77.7852 4
vt 77.5852 4
f 5595/16171/1596 5594/16172/1596 5911/16173/1596 5910/16174/1596 

vt -5.73094 4.71425e-17
vt -5.52094 4.71425e-17
v 114.571 4 5.52094
vt -5.52094 4
vt -5.73094 4
f 5594/16175/1568 5593/16176/1568 5912/16177/1568 5911/16178/1568 

vt 96.2482 -1.29713e-15
vn 0.502961 -1.39233e-17 0.864309
vt 96.6882 -1.29697e-15
v 114.952 4 5.29964
vt 96.6882 4
vt 96.2482 4
f 5593/16179/1597 5592/16180/1597 5913/16181/1597 5912/16182/1597 

vt 18.6615 9.45592e-17
vn 0.978247 -1.99056e-17 0.207443
vt 19.0015 9.45587e-17
v 115.022 4 4.96704
vt 19.0015 4
vt 18.6615 4
f 5592/16183/1598 5591/16184/1598 5914/16185/1598 5913/16186/1598 

vt 110.792 -1.87827e-15
vn 0.230128 -9.18323e-18 0.97316
vt 111.222 -1.87827e-15
v 115.441 4 4.86808
vt 111.222 4
vt 110.792 4
f 5591/16187/1599 5590/16188/1599 5915/16189/1599 5914/16190/1599 

vt 78.3851 -7.16082e-16
vn 0.705453 -1.70772e-17 0.708757
vt 78.5651 -7.16082e-16
v 115.568 4 4.7411
vt 78.5651 4
vt 78.3851 4
f 5590/16191/1600 5589/16192/1600 5916/16193/1600 5915/16194/1600 

vt -4.7411 6.65575e-17
vt -4.5211 6.65575e-17
v 115.568 4 4.5211
vt -4.5211 4
vt -4.7411 4
f 5589/16195/1568 5588/16196/1568 5917/16197/1568 5916/16198/1568 

vt 95.9593 -1.24311e-15
vn 0.525362 -1.42906e-17 0.850879
vt 96.4693 -1.24311e-15
v 116.002 4 4.25317
vt 96.4693 4
vt 95.9593 4
f 5588/16199/1601 5587/16200/1601 5918/16201/1601 5917/16202/1601 

vt -4.25317 7.49396e-17
vt -1.95384 7.49396e-17
v 116.002 4 1.95384
vt -1.95384 4
vt -4.25317 4
f 5587/16203/1568 5586/16204/1568 5919/16205/1568 5918/16206/1568 

vt 113.758 -1.97739e-15
vn 0.179897 -8.26423e-18 0.983685
vt 114.208 -1.97739e-15
v 116.445 4 1.87288
vt 114.208 4
vt 113.758 4
f 5586/16207/1602 5585/16208/1602 5920/16209/1602 5919/16210/1602 

vt 75.5512 -5.95782e-16
vn 0.750486 -1.7714e-17 0.660887
vt 75.7512 -5.95782e-16
v 116.577 4 1.72278
vt 75.7512 4
vt 75.5512 4
f 5585/16211/1603 5584/16212/1603 5921/16213/1603 5920/16214/1603 

vt -1.72278 8.6043e-17
vt -1.51278 8.6043e-17
v 116.577 4 1.51278
vt -1.51278 4
vt -1.72278 4
f 5584/16215/1568 5583/16216/1568 5922/16217/1568 5921/16218/1568 

vt 100.42 -1.34707e-15
vn 0.496815 -1.38218e-17 0.867856
vt 100.91 -1.34707e-15
v 117.002 4 1.26934
vt 100.91 4
vt 100.42 4
f 5583/16219/1604 5582/16220/1604 5923/16221/1604 5922/16222/1604 

vt -1.26934 9.4257e-17
vt 2.04066 9.4257e-17
v 117.002 4 -2.04066
vt 2.04066 4
vt -1.26934 4
f 5582/16223/1568 5581/16224/1568 5924/16225/1568 5923/16226/1568 

vt -117.002 -2.17567e-15
vt -98.9722 -2.17567e-15
v 98.9722 4 -2.04066
vt -98.9722 4
vt -117.002 4
f 5581/16227/1573 5580/16228/1573 5925/16229/1573 5924/16230/1573 

vt 2.04066 -2.54007e-16
vt 2.39066 -2.54007e-16
v 98.9722 4 -2.39066
vt 2.39066 4
f 5580/16231/1568 5579/16232/1568 5926/16233/1568 5925/16225/1568 

vt -58.096 -1.17087e-15
vn 0.795309 -1.24105e-17 -0.606204
vt -57.856 -4.43099e-16
v 98.8267 4 -2.58153
vt -57.856 4
vt -58.096 4
f 5579/16234/1605 5578/16235/1605 5927/16236/1605 5926/16237/1605 

vt -98.8267 -1.45053e-15
vt -98.6067 -1.45053e-15
v 98.6067 4 -2.58153
vt -98.6067 4
vt -98.8267 4
f 5578/16238/1573 5577/16239/1573 5928/16240/1573 5927/16241/1573 

vt -56.9255 -4.25789e-16
vn 0.80129 -1.25647e-17 -0.598276
vt -56.4555 -4.31706e-16
v 98.3255 4 -2.95814
vt -56.4555 4
vt -56.9255 4
f 5577/16242/1606 5576/16243/1606 5929/16244/1606 5928/16245/1606 

vt -98.3255 -1.45828e-15
vt -98.0255 -1.45828e-15
v 98.0255 4 -2.95814
vt -98.3255 4
f 5576/16246/1573 5575/16247/1573 5930/15535/1573 5929/16248/1573 

vt 2.95814 4.49564e-16
vt 18.065 4.49564e-16
vt 2.95814 4
f 5575/16249/1568 5574/16250/1568 5665/14660/1568 5930/16251/1568 

vt 98.0255 18.065
vn 1.8392e-17 1 5.38336e-18
vt 89.0081 18.065
vt 89.0081 16.0017
vt 95.9981 16.0017
vt 95.9981 -0.00828118
vt 111.998 -0.00828118
vt 111.998 -16.0181
vt 111.998 -21.7638
vt 111.998 -25.7408
vt 111.998 -32.0138
vt 111.998 -33.5183
vt 112.158 -33.5183
vt 112.318 -33.6974
vt 112.539 -33.7617
vt 112.749 -33.7617
vt 112.876 -34.0222
vt 116.026 -34.0222
vt 116.423 -33.8845
vt 116.565 -33.7433
vt 116.565 -33.5333
vt 116.997 -33.2637
vt 116.997 -31.4339
vt 117.107 -31.4339
vt 117.242 -31.2855
vt 117.242 -30.7455
vt 116.989 -30.6837
vt 116.796 -30.4412
vt 116.616 -30.4412
vt 116.353 -30.004
vt 116.133 -30.004
vt 115.986 -30.1235
vt 115.986 -29.0335
vt 115.862 -28.932
vt 115.862 -28.632
vt 115.736 -28.4392
vt 115.496 -28.4392
vt 115.22 -28.0469
vt 114.91 -28.0469
vt 114.76 -27.4453
vt 114.56 -27.4453
vt 114.202 -27.0543
vt 114.032 -27.0543
vt 114.032 -21.9543
vt 114.434 -21.8735
vt 114.568 -21.7251
vt 114.568 -21.5051
vt 114.941 -21.2904
vt 115.012 -20.9476
vt 115.456 -20.8745
vt 115.584 -20.7341
vt 115.584 -20.4941
vt 116.004 -20.2617
vt 116.004 -17.9417
vt 116.447 -17.8679
vt 116.563 -17.7433
vt 116.563 -17.5133
vt 116.954 -17.2902
vt 116.954 -14.451
vt 116.654 -14.451
vt 116.309 -14.0749
vt 116.039 -14.0749
vt 116.039 -13.2449
vt 115.758 -12.9335
vt 114.988 -12.9335
vt 114.988 -12.6235
vt 114.771 -12.4161
vt 114.591 -12.4161
vt 114.294 -12.0514
vt 114.014 -12.0514
vt 114.014 -5.94141
vt 114.429 -5.87098
vt 114.571 -5.73094
vt 114.571 -5.52094
vt 114.952 -5.29964
vt 115.022 -4.96704
vt 115.441 -4.86808
vt 115.568 -4.7411
vt 115.568 -4.5211
vt 116.002 -4.25317
vt 116.002 -1.95384
vt 116.445 -1.87288
vt 116.577 -1.72278
vt 116.577 -1.51278
vt 117.002 -1.26934
vt 117.002 2.04066
vt 98.9722 2.04066
vt 98.9722 2.39066
vt 98.8267 2.58153
vt 98.6067 2.58153
vt 98.3255 2.95814
vt 98.0255 2.95814
f 5665/16252/1607 5664/16253/1607 5666/16254/1607 5667/16255/1607 5668/16256/1607 5669/16257/1607 5670/16258/1607 5671/16259/1607 5800/16260/1607 5801/16261/1607 5850/16262/1607 5851/16263/1607 5852/16264/1607 5853/16265/1607 5854/16266/1607 5855/16267/1607 5856/16268/1607 5857/16269/1607 5858/16270/1607 5859/16271/1607 5860/16272/1607 5861/16273/1607 5862/16274/1607 5863/16275/1607 5864/16276/1607 5865/16277/1607 5866/16278/1607 5867/16279/1607 5868/16280/1607 5869/16281/1607 5870/16282/1607 5871/16283/1607 5872/16284/1607 5873/16285/1607 5874/16286/1607 5875/16287/1607 5876/16288/1607 5877/16289/1607 5878/16290/1607 5879/16291/1607 5880/16292/1607 5881/16293/1607 5882/16294/1607 5883/16295/1607 5884/16296/1607 5885/16297/1607 5886/16298/1607 5887/16299/1607 5888/16300/1607 5889/16301/1607 5890/16302/1607 5891/16303/1607 5892/16304/1607 5893/16305/1607 5894/16306/1607 5895/16307/1607 5896/16308/1607 5897/16309/1607 5898/16310/1607 5899/16311/1607 5900/16312/1607 5901/16313/1607 5902/16314/1607 5903/16315/1607 5904/16316/1607 5905/16317/1607 5906/16318/1607 5907/16319/1607 5908/16320/1607 5909/16321/1607 5910/16322/1607 5911/16323/1607 5912/16324/1607 5913/16325/1607 5914/16326/1607 5915/16327/1607 5916/16328/1607 5917/16329/1607 5918/16330/1607 5919/16331/1607 5920/16332/1607 5921/16333/1607 5922/16334/1607 5923/16335/1607 5924/16336/1607 5925/16337/1607 5926/16338/1607 5927/16339/1607 5928/16340/1607 5929/16341/1607 5930/16342/1607 

usemtl _1
vn -2.23234e-17 1 -1.07162e-17
vt 96.0015 -16.0181
vt 96.0015 -20.9381
vt 96.4335 -20.8548
vt 96.5713 -20.7389
vt 96.5713 -20.5289
vt 96.9419 -20.3109
vt 97.0243 -19.9502
vt 97.4466 -19.8692
vt 97.5758 -19.7165
vt 97.5758 -19.5172
vt 97.9387 -19.3059
vt 98.0362 -19.0116
vt 99.9062 -19.0116
vt 100.111 -18.8864
vt 100.371 -18.8864
vt 100.514 -18.7191
vt 100.514 -18.4991
vt 100.859 -18.2964
vt 100.859 -18.1523
vt 101.406 -17.9312
vt 101.56 -17.747
vt 101.56 -17.4957
vt 101.977 -17.3022
vt 101.977 -17.4222
vt 102.078 -17.5188
vt 102.188 -17.5188
vt 102.323 -17.7049
vt 102.739 -17.7687
vt 102.883 -17.9846
vt 103.993 -17.9846
vt 103.993 -18.4346
vt 104.082 -18.5152
vt 104.163 -18.5152
vt 104.309 -18.6926
vt 104.742 -18.7725
vt 104.869 -19.0223
vt 104.989 -19.0223
vt 104.989 -19.4523
vt 105.065 -19.5169
vt 105.165 -19.5169
vt 105.303 -19.701
vt 105.748 -19.766
vt 105.879 -20.0137
vt 106.009 -20.0137
vt 106.031 -19.9578
vt 106.352 -19.9578
vt 106.564 -19.731
vt 106.564 -19.501
vt 106.945 -19.303
vt 106.945 -18.9866
vt 107.432 -18.8702
vt 107.578 -18.7198
vt 107.578 -18.4998
vt 107.956 -18.2949
vt 107.956 -17.9922
vt 109.986 -17.9922
vt 109.986 -18.4222
vt 110.068 -18.5099
vt 110.148 -18.5099
vt 110.312 -18.6985
vt 110.77 -18.8056
vt 110.868 -19.0138
vt 110.998 -19.0138
vt 110.998 -21.7638
f 5670/16258/1608 5736/16343/1608 5737/16344/1608 5738/16345/1608 5739/16346/1608 5740/16347/1608 5741/16348/1608 5742/16349/1608 5743/16350/1608 5744/16351/1608 5745/16352/1608 5746/16353/1608 5747/16354/1608 5748/16355/1608 5749/16356/1608 5750/16357/1608 5751/16358/1608 5752/16359/1608 5753/16360/1608 5754/16361/1608 5755/16362/1608 5756/16363/1608 5757/16364/1608 5758/16365/1608 5759/16366/1608 5760/16367/1608 5761/16368/1608 5762/16369/1608 5763/16370/1608 5764/16371/1608 5765/16372/1608 5766/16373/1608 5767/16374/1608 5768/16375/1608 5769/16376/1608 5770/16377/1608 5771/16378/1608 5772/16379/1608 5773/16380/1608 5774/16381/1608 5775/16382/1608 5776/16383/1608 5777/16384/1608 5778/16385/1608 5779/16386/1608 5780/16387/1608 5781/16388/1608 5782/16389/1608 5783/16390/1608 5784/16391/1608 5785/16392/1608 5786/16393/1608 5787/16394/1608 5788/16395/1608 5789/16396/1608 5790/16397/1608 5791/16398/1608 5792/16399/1608 5793/16400/1608 5794/16401/1608 5795/16402/1608 5796/16403/1608 5797/16404/1608 5798/16405/1608 5799/16406/1608 5671/16259/1608 

vt 96.1749 -26.0979
vn -6.11318e-17 1 -5.32854e-17
vt 96.0015 -26.2838
vt 96.0015 -32.0138
v 110.988 4 25.7408
vt 110.988 -25.7408
v 110.988 4 27.9908
vt 110.988 -27.9908
v 110.638 4 27.9908
vt 110.638 -27.9908
v 110.064 4 28.6312
vt 110.064 -28.6312
v 109.995 4 28.9744
vt 109.995 -28.9744
v 107.965 4 28.9744
vt 107.965 -28.9744
v 107.965 4 28.6312
vt 107.965 -28.6312
v 107.81 4 28.423
vt 107.81 -28.423
v 107.58 4 28.423
vt 107.58 -28.423
v 107.317 4 28.0456
vt 107.317 -28.0456
v 106.987 4 28.0456
vt 106.987 -28.0456
v 106.925 4 27.6302
vt 106.925 -27.6302
v 106.818 4 27.4153
vt 106.818 -27.4153
v 106.588 4 27.4153
vt 106.588 -27.4153
v 106.291 4 27.0004
vt 106.291 -27.0004
v 105.611 4 27.0004
vt 105.611 -27.0004
v 105.049 4 27.638
vt 105.049 -27.638
v 104.959 4 27.9554
vt 104.959 -27.9554
v 104.622 4 27.9554
vt 104.622 -27.9554
v 104.045 4 28.6331
vt 104.045 -28.6331
v 103.967 4 28.9744
vt 103.967 -28.9744
v 102.617 4 28.9744
vt 102.617 -28.9744
v 102.076 4 29.6167
vt 102.076 -29.6167
v 101.936 4 29.6167
vt 101.936 -29.6167
v 101.809 4 29.4248
vt 101.809 -29.4248
v 101.589 4 29.4248
vt 101.589 -29.4248
v 101.256 4 28.9994
vt 101.256 -28.9994
v 98.9039 4 28.9994
vt 98.9039 -28.9994
v 98.9039 4 28.6294
vt 98.9039 -28.6294
v 98.7432 4 28.4124
vt 98.7432 -28.4124
v 98.5232 4 28.4124
vt 98.5232 -28.4124
v 98.2407 4 28.0367
vt 98.2407 -28.0367
v 97.9407 4 28.0367
vt 97.9407 -28.0367
v 97.9407 4 27.6867
vt 97.9407 -27.6867
v 97.786 4 27.4655
vt 97.786 -27.4655
v 97.566 4 27.4655
vt 97.566 -27.4655
v 97.309 4 27.1083
vt 97.309 -27.1083
v 96.989 4 27.1083
vt 96.989 -27.1083
v 96.989 4 26.6883
vt 96.989 -26.6883
v 96.8047 4 26.4775
vt 96.8047 -26.4775
v 96.5647 4 26.4775
vt 96.5647 -26.4775
v 96.3049 4 26.0979
vt 96.3049 -26.0979
f 5848/16407/1609 5847/16408/1609 5849/16409/1609 5801/16261/1609 5800/16260/1609 5931/16410/1609 5932/16411/1609 5933/16412/1609 5934/16413/1609 5935/16414/1609 5936/16415/1609 5937/16416/1609 5938/16417/1609 5939/16418/1609 5940/16419/1609 5941/16420/1609 5942/16421/1609 5943/16422/1609 5944/16423/1609 5945/16424/1609 5946/16425/1609 5947/16426/1609 5948/16427/1609 5949/16428/1609 5950/16429/1609 5951/16430/1609 5952/16431/1609 5953/16432/1609 5954/16433/1609 5955/16434/1609 5956/16435/1609 5957/16436/1609 5958/16437/1609 5959/16438/1609 5960/16439/1609 5961/16440/1609 5962/16441/1609 5963/16442/1609 5964/16443/1609 5965/16444/1609 5966/16445/1609 5967/16446/1609 5968/16447/1609 5969/16448/1609 5970/16449/1609 5971/16450/1609 5972/16451/1609 

vt -111.998 -1.94483e-15
vt -110.988 -1.94483e-15
vt -110.988 4
f 5657/16452/5 5845/16453/5 5931/16454/5 5800/15618/5 

vt 25.7408 -3.11759e-15
vt 27.9908 -3.11759e-15
vt 27.9908 4
f 5845/16455/1562 5844/16456/1562 5932/16457/1562 5931/15872/1562 

vt -110.988 -1.56808e-15
vn 0 1.34599e-17 -1
vt -110.638 -1.56808e-15
vt -110.638 4
f 5844/16458/1610 5843/16459/1610 5933/16460/1610 5932/16454/1610 

vt -53.0008 -1.83212e-15
vn -0.744662 1.11519e-18 -0.667442
vt -52.1408 -1.33009e-15
vt -52.1408 4
vt -53.0008 4
f 5843/16461/1611 5842/16462/1611 5934/16463/1611 5933/16464/1611 

vt 6.50198 -2.31971e-15
vn -0.980602 -7.72326e-18 -0.196012
vt 6.85198 -3.03401e-15
vt 6.85198 4
vt 6.50198 4
f 5842/16465/1612 5841/16466/1612 5935/16467/1612 5934/16468/1612 

vt -109.995 -1.76711e-15
vt -107.965 -1.76711e-15
vt -107.965 4
vt -109.995 4
f 5841/16469/1610 5840/16470/1610 5936/16471/1610 5935/16472/1610 

vt -28.9744 -3.29792e-15
vn 1 1.05665e-17 -0
vt -28.6312 -3.29792e-15
vt -28.6312 4
vt -28.9744 4
f 5840/16473/1613 5839/16474/1613 5937/16475/1613 5936/16476/1613 

vt -87.6018 -3.30217e-15
vn 0.800714 1.65239e-17 -0.599047
vt -87.3418 -3.31073e-15
vt -87.3418 4
vt -87.6018 4
f 5839/16477/1614 5838/16478/1614 5938/16479/1614 5937/16480/1614 

vt -107.81 -1.78308e-15
vt -107.58 -1.78308e-15
vt -107.58 4
vt -107.81 4
f 5838/16481/1610 5837/16482/1610 5939/16483/1610 5938/16484/1610 

vt -84.8078 -3.34437e-15
vn 0.820586 1.63634e-17 -0.571523
vt -84.3478 -3.34445e-15
vt -84.3478 4
vt -84.8078 4
f 5837/16485/1615 5836/16486/1615 5940/16487/1615 5939/16488/1615 

vt -107.317 -1.78825e-15
vt -106.987 -1.78825e-15
vt -106.987 4
vt -107.317 4
f 5836/16489/1610 5835/16490/1610 5941/16491/1610 5940/16492/1610 

vt -43.5628 -3.43053e-15
vn 0.988999 1.24413e-17 -0.147922
vt -43.1428 -3.43053e-15
vt -43.1428 4
vt -43.5628 4
f 5835/16493/1616 5834/16494/1616 5942/16495/1616 5941/16496/1616 

vt -72.3607 -3.45515e-15
vn 0.895341 1.54554e-17 -0.445382
vt -72.1207 -3.45515e-15
vt -72.1207 4
vt -72.3607 4
f 5834/16497/1617 5833/16498/1617 5943/16499/1617 5942/16500/1617 

vt -106.818 -1.79673e-15
vt -106.588 -1.79673e-15
vt -106.588 4
vt -106.818 4
f 5833/16501/1610 5832/16502/1610 5944/16503/1610 5943/16504/1610 

vt -84.2951 -3.32789e-15
vn 0.813459 1.6424e-17 -0.581622
vt -83.7851 -3.32789e-15
vt -83.7851 4
vt -84.2951 4
f 5832/16505/1618 5831/16506/1618 5945/16507/1618 5944/16508/1618 

vt -106.291 -1.80231e-15
vt -105.611 -1.80231e-15
vt -105.611 4
vt -106.291 4
f 5831/16509/1610 5830/16510/1610 5946/16511/1610 5945/16512/1610 

vt -49.5927 -2.07101e-15
vn -0.750083 9.7583e-19 -0.661344
vt -48.7427 -2.07101e-15
vt -48.7427 4
vt -49.5927 4
f 5830/16513/1619 5829/16514/1619 5947/16515/1619 5946/16516/1619 

vt -2.22973 -2.86841e-15
vn -0.961663 -6.47026e-18 -0.274235
vt -1.89973 -2.86841e-15
vt -1.89973 4
vt -2.22973 4
f 5829/16517/1620 5828/16518/1620 5948/16519/1620 5947/16520/1620 

vt -104.959 -1.78946e-15
vt -104.622 -1.78946e-15
vt -104.622 4
vt -104.959 4
f 5828/16521/1610 5827/16522/1610 5949/16523/1610 5948/16524/1610 

vt -46.5165 -2.09958e-15
vn -0.76155 6.76491e-19 -0.648106
vt -45.6265 -2.09958e-15
vt -45.6265 4
vt -46.5165 4
f 5827/16525/1621 5826/16526/1621 5950/16527/1621 5949/16528/1621 

vt 4.81052 -2.95415e-15
vn -0.975026 -7.3133e-18 -0.222092
vt 5.16052 -2.95415e-15
vt 5.16052 4
vt 4.81052 4
f 5826/16529/1622 5825/16530/1622 5951/16531/1622 5950/16532/1622 

vt -103.967 -1.77574e-15
vt -102.617 -1.77574e-15
vt -102.617 4
vt -103.967 4
f 5825/16533/1610 5824/16534/1610 5952/16535/1610 5951/16536/1610 

vt -43.9782 -2.10795e-15
vn -0.764634 5.94875e-19 -0.644464
vt -43.1382 -2.10795e-15
vt -43.1382 4
vt -43.9782 4
f 5824/16537/1623 5823/16538/1623 5953/16539/1623 5952/16540/1623 

vt -102.076 -1.7671e-15
vt -101.936 -1.7671e-15
vt -101.936 4
vt -102.076 4
f 5823/16541/1610 5822/16542/1610 5954/16543/1610 5953/16544/1610 

vt -80.9267 -3.28117e-15
vn 0.834145 1.62377e-17 -0.551545
vt -80.6967 -3.28117e-15
vt -80.6967 4
vt -80.9267 4
f 5822/16545/1624 5821/16546/1624 5955/16547/1624 5954/16548/1624 

vt -101.809 -1.76968e-15
vt -101.589 -1.76968e-15
vt -101.589 4
vt -101.809 4
f 5821/16549/1610 5820/16550/1610 5956/16551/1610 5955/16552/1610 

vt -85.7436 -3.19449e-15
vn 0.78789 1.66141e-17 -0.615817
vt -85.2036 -3.19449e-15
vt -85.2036 4
vt -85.7436 4
f 5820/16553/1625 5819/16554/1625 5957/16555/1625 5956/16556/1625 

vt -101.256 -1.77541e-15
vt -98.9039 -1.77541e-15
vt -98.9039 4
vt -101.256 4
f 5819/16557/1610 5818/16558/1610 5958/16559/1610 5957/16560/1610 

vt -28.9994 -3.2108e-15
vt -28.6294 -3.2108e-15
vt -28.6294 4
vt -28.9994 4
f 5818/16561/1613 5817/16562/1613 5959/16563/1613 5958/16564/1613 

vt -81.8784 -3.196e-15
vn 0.803531 1.65027e-17 -0.595262
vt -81.6084 -3.196e-15
vt -81.6084 4
vt -81.8784 4
f 5817/16565/1626 5816/16566/1626 5960/16567/1626 5959/16568/1626 

vt -98.7432 -1.78331e-15
vt -98.5232 -1.78331e-15
vt -98.5232 4
vt -98.7432 4
f 5816/16569/1610 5815/16570/1610 5961/16571/1610 5960/16572/1610 

vt -81.9161 -3.18549e-15
vn 0.799297 1.65343e-17 -0.600937
vt -81.4461 -3.18549e-15
vt -81.4461 4
vt -81.9161 4
f 5815/16573/1627 5814/16574/1627 5962/16575/1627 5961/16576/1627 

vt -98.2407 -1.78836e-15
vt -97.9407 -1.78836e-15
vt -97.9407 4
vt -98.2407 4
f 5814/16577/1610 5813/16578/1610 5963/16579/1610 5962/16580/1610 

vt -28.0367 -3.20063e-15
vt -27.6867 -3.20063e-15
vt -27.6867 4
vt -28.0367 4
f 5813/16581/1613 5812/16582/1613 5964/16583/1613 5963/16584/1613 

vt -78.823 -3.21999e-15
vn 0.819448 1.63733e-17 -0.573154
vt -78.553 -3.21999e-15
vt -78.553 4
vt -78.823 4
f 5812/16585/1628 5811/16586/1628 5965/16587/1628 5964/16588/1628 

vt -97.786 -1.79605e-15
vt -97.566 -1.79605e-15
vt -97.566 4
vt -97.786 4
f 5811/16589/1610 5810/16590/1610 5966/16591/1610 5965/16592/1610 

vt -79.2728 -3.20397e-15
vn 0.811763 1.64379e-17 -0.583987
vt -78.8328 -3.20397e-15
vt -78.8328 4
vt -79.2728 4
f 5810/16593/1629 5809/16594/1629 5967/16595/1629 5966/16596/1629 

vt -97.309 -1.80086e-15
vt -96.989 -1.80086e-15
vt -96.989 4
vt -97.309 4
f 5809/16597/1610 5808/16598/1610 5968/16599/1610 5967/16600/1610 

vt -27.1083 -3.19057e-15
vt -26.6883 -3.19057e-15
vt -26.6883 4
vt -27.1083 4
f 5808/16601/1613 5807/16602/1613 5969/16603/1613 5968/16604/1613 

vt -83.9267 -3.09818e-15
vn 0.752885 1.6814e-17 -0.658152
vt -83.6467 -3.09818e-15
vt -83.6467 4
vt -83.9267 4
f 5807/16605/1630 5806/16606/1630 5970/16607/1630 5969/16608/1630 

vt -96.8047 -1.80935e-15
vt -96.5647 -1.80935e-15
vt -96.5647 4
vt -96.8047 4
f 5806/16609/1610 5805/16610/1610 5971/16611/1610 5970/16612/1610 

vt -76.3933 -3.22226e-15
vn 0.825197 1.63222e-17 -0.564845
vt -75.9333 -3.22226e-15
vt -75.9333 4
vt -76.3933 4
f 5805/16613/1631 5804/16614/1631 5972/16615/1631 5971/16616/1631 

vt -96.3049 -1.81446e-15
vt -96.1749 -1.81446e-15
vt -96.1749 4
vt -96.3049 4
f 5804/16617/1610 5803/16618/1610 5848/16619/1610 5972/16620/1610 

g Mesh52 Model

usemtl _4
v 111.994 -2.16573e-15 48.0182
vt 111.994 -48.0182
vn 9.84925e-19 1 -1.65309e-18
v 62.0525 -2.16573e-15 48.0182
vt 62.0525 -48.0182
v 62.0525 -2.16573e-15 49.9754
vt 62.0525 -49.9754
v 98.0025 -2.16573e-15 49.9754
vt 98.0025 -49.9754
v 98.0025 -2.16573e-15 51.4154
vt 98.0025 -51.4154
v 98.3682 -1.45178e-15 51.66
vt 98.3682 -51.66
v 98.736 -2.17423e-15 51.7553
vt 98.736 -51.7553
v 98.8851 -2.16574e-15 52.0157
vt 98.8851 -52.0157
v 99.9451 -2.16574e-15 52.0157
vt 99.9451 -52.0157
v 99.9451 -2.16574e-15 51.9557
vt 99.9451 -51.9557
v 100.437 -2.16573e-15 51.8686
vt 100.437 -51.8686
v 100.558 -2.16573e-15 51.7353
vt 100.558 -51.7353
v 100.558 -2.16573e-15 51.5153
vt 100.558 -51.5153
v 100.987 -2.16573e-15 51.2573
vt 100.987 -51.2573
v 100.987 -2.16573e-15 51.4473
vt 100.987 -51.4473
v 101.342 -2.16573e-15 51.689
vt 101.342 -51.689
v 101.751 -2.16573e-15 51.7858
vt 101.751 -51.7858
v 101.89 -2.16573e-15 52.0174
vt 101.89 -52.0174
v 104.95 -2.16573e-15 52.0174
vt 104.95 -52.0174
v 105.185 -2.16573e-15 51.8853
vt 105.185 -51.8853
v 105.435 -2.16573e-15 51.8853
vt 105.435 -51.8853
v 105.561 -2.16573e-15 51.7569
vt 105.561 -51.7569
v 105.58 -2.16573e-15 51.5076
vt 105.58 -51.5076
v 105.981 -2.16573e-15 51.3024
vt 105.981 -51.3024
v 105.981 -2.16573e-15 51.4424
vt 105.981 -51.4424
v 106.312 -2.16573e-15 51.6999
vt 106.312 -51.6999
v 106.728 -2.16573e-15 51.7619
vt 106.728 -51.7619
v 106.864 -2.16573e-15 52.0067
vt 106.864 -52.0067
v 107.947 -2.16573e-15 52.0067
vt 107.947 -52.0067
v 108.151 -2.16573e-15 51.88
vt 108.151 -51.88
v 108.441 -2.16573e-15 51.88
vt 108.441 -51.88
v 108.571 -2.16573e-15 51.7421
vt 108.571 -51.7421
v 108.571 -2.16573e-15 51.5221
vt 108.571 -51.5221
v 108.974 -2.16573e-15 51.2988
vt 108.974 -51.2988
v 108.974 -2.16573e-15 51.4388
vt 108.974 -51.4388
v 109.321 -2.16573e-15 51.6921
vt 109.321 -51.6921
v 109.788 -2.16573e-15 51.8039
vt 109.788 -51.8039
v 109.788 -2.16573e-15 51.9475
vt 109.788 -51.9475
v 109.91 -2.16573e-15 52.0166
vt 109.91 -52.0166
v 110.02 -2.16573e-15 52.0166
vt 110.02 -52.0166
v 110.175 -2.16573e-15 51.8907
vt 110.175 -51.8907
v 110.415 -2.16573e-15 51.8907
vt 110.415 -51.8907
v 110.576 -2.16573e-15 51.7409
vt 110.576 -51.7409
v 110.576 -2.16573e-15 51.5109
vt 110.576 -51.5109
v 110.991 -2.16573e-15 51.2907
vt 110.991 -51.2907
v 110.991 -2.16573e-15 51.4507
vt 110.991 -51.4507
v 111.304 -2.16573e-15 51.6833
vt 111.304 -51.6833
v 111.717 -2.16573e-15 51.7619
vt 111.717 -51.7619
v 111.86 -2.16573e-15 52.0029
vt 111.86 -52.0029
v 112.08 -2.16573e-15 52.0029
vt 112.08 -52.0029
v 112.191 -2.16573e-15 51.8884
vt 112.191 -51.8884
v 112.421 -2.16573e-15 51.8884
vt 112.421 -51.8884
v 112.57 -2.16573e-15 51.7545
vt 112.57 -51.7545
v 112.57 -2.16573e-15 51.5212
vt 112.57 -51.5212
v 112.989 -2.16573e-15 51.2479
vt 112.989 -51.2479
v 112.989 -2.16573e-15 51.4396
vt 112.989 -51.4396
v 113.348 -2.16573e-15 51.694
vt 113.348 -51.694
v 113.746 -2.16573e-15 51.7925
vt 113.746 -51.7925
v 113.867 -2.16573e-15 52.0225
vt 113.867 -52.0225
v 115.937 -2.16573e-15 52.0225
vt 115.937 -52.0225
v 116.137 -2.16573e-15 51.9318
vt 116.137 -51.9318
v 116.421 -2.16573e-15 51.8712
vt 116.421 -51.8712
v 116.572 -2.16573e-15 51.7565
vt 116.572 -51.7565
v 116.572 -2.16573e-15 51.5165
vt 116.572 -51.5165
v 116.993 -2.16573e-15 51.2858
vt 116.993 -51.2858
v 116.993 -2.16573e-15 46.6258
vt 116.993 -46.6258
v 116.809 -2.16573e-15 46.4148
vt 116.809 -46.4148
v 116.599 -2.16573e-15 46.4148
vt 116.599 -46.4148
v 116.307 -2.16573e-15 46.034
vt 116.307 -46.034
v 112.607 -2.16573e-15 46.034
vt 112.607 -46.034
v 112.492 -2.16573e-15 46.1301
vt 112.492 -46.1301
v 112.492 -2.16573e-15 46.2201
vt 112.492 -46.2201
v 112.375 -2.16573e-15 46.2201
vt 112.375 -46.2201
v 112.276 -2.16573e-15 46.4712
vt 112.276 -46.4712
v 112.186 -2.16573e-15 46.4712
vt 112.186 -46.4712
v 111.994 -2.16573e-15 46.6614
vt 111.994 -46.6614
f 5973/16621/1632 5974/16622/1632 5975/16623/1632 5976/16624/1632 5977/16625/1632 5978/16626/1632 5979/16627/1632 5980/16628/1632 5981/16629/1632 5982/16630/1632 5983/16631/1632 5984/16632/1632 5985/16633/1632 5986/16634/1632 5987/16635/1632 5988/16636/1632 5989/16637/1632 5990/16638/1632 5991/16639/1632 5992/16640/1632 5993/16641/1632 5994/16642/1632 5995/16643/1632 5996/16644/1632 5997/16645/1632 5998/16646/1632 5999/16647/1632 6000/16648/1632 6001/16649/1632 6002/16650/1632 6003/16651/1632 6004/16652/1632 6005/16653/1632 6006/16654/1632 6007/16655/1632 6008/16656/1632 6009/16657/1632 6010/16658/1632 6011/16659/1632 6012/16660/1632 6013/16661/1632 6014/16662/1632 6015/16663/1632 6016/16664/1632 6017/16665/1632 6018/16666/1632 6019/16667/1632 6020/16668/1632 6021/16669/1632 6022/16670/1632 6023/16671/1632 6024/16672/1632 6025/16673/1632 6026/16674/1632 6027/16675/1632 6028/16676/1632 6029/16677/1632 6030/16678/1632 6031/16679/1632 6032/16680/1632 6033/16681/1632 6034/16682/1632 6035/16683/1632 6036/16684/1632 6037/16685/1632 6038/16686/1632 6039/16687/1632 6040/16688/1632 6041/16689/1632 6042/16690/1632 6043/16691/1632 6044/16692/1632 6045/16693/1632 6046/16694/1632 6047/16695/1632 6048/16696/1632 

g Mesh53 Model

usemtl FrontColor
v -40.0093 -1.44382e-15 14.9334
vt -587.928 -5.68434e-14
v -40.0093 -2.0755e-15 12.9634
vt -510.369 -8.17124e-14
v -40.0093 1 12.9634
vt -510.369 39.3701
f 6049/16697/1 6050/16698/1 6051/16699/1

usemtl _4
v -32.9693 -1.44382e-15 14.9334
vt 32.9693 -14.9334
vn 3.75194e-20 -1 3.28462e-18
v -39.0093 -1.44382e-15 14.9334
vt 39.0093 -14.9334
v -39.0093 -2.0755e-15 12.9634
vt 39.0093 -12.9634
v -33.9993 -2.0755e-15 12.9634
vt 33.9993 -12.9634
v -33.9993 -2.0755e-15 2.98336
vt 33.9993 -2.98336
v -46.0093 -2.0755e-15 2.98336
vt 46.0093 -2.98336
v -46.0093 -2.0755e-15 12.9634
vt 46.0093 -12.9634
vt 40.0093 -12.9634
vt 40.0093 -14.9334
v -46.9793 -1.44382e-15 14.9334
vt 46.9793 -14.9334
v -46.9793 -1.44382e-15 1.07336
vt 46.9793 -1.07336
v -32.9693 -1.44382e-15 1.07336
vt 32.9693 -1.07336
f 6052/16700/1633 6053/16701/1633 6054/16702/1633 6055/16703/1633 6056/16704/1633 6057/16705/1633 6058/16706/1633 6050/16707/1633 6049/16708/1633 6059/16709/1633 6060/16710/1633 6061/16711/1633 

vt -39.0093 -1.49287e-15
vn 0 3.28462e-18 1
vt -32.9693 -1.49287e-15
v -32.9693 4 14.9334
vt -32.9693 4
v -39.0093 4 14.9334
vt -39.0093 4
f 6053/16712/1634 6052/16713/1634 6062/16714/1634 6063/16715/1634 

vt -14.9334 -1.44259e-15
vn 1 3.75194e-20 -0
vt -1.07336 -1.44259e-15
v -32.9693 4 1.07336
vt -1.07336 4
vt -14.9334 4
f 6052/16716/1635 6061/16717/1635 6064/16718/1635 6062/16719/1635 

vt 32.9693 -1.44735e-15
vn 0 -3.28462e-18 -1
vt 46.9793 -1.44735e-15
v -46.9793 4 1.07336
vt 46.9793 4
vt 32.9693 4
f 6061/16720/1636 6060/16721/1636 6065/16722/1636 6064/16723/1636 

vt 1.07336 -1.44206e-15
vn -1 -3.75194e-20 -0
vt 14.9334 -1.44206e-15
v -46.9793 4 14.9334
vt 14.9334 4
vt 1.07336 4
f 6060/16724/1637 6059/16725/1637 6066/16726/1637 6065/16727/1637 

vt -46.9793 -1.49287e-15
vt -40.0093 -1.49287e-15
v -40.0093 4 14.9334
vt -40.0093 4
vt -46.9793 4
f 6059/16728/1634 6049/16729/1634 6067/16730/1634 6066/16731/1634 

vt -14.9334 -1.44382e-15
vt -12.9634 1
v -40.0093 4 12.9634
vt -12.9634 4
f 6067/16719/1 6049/16732/1 6051/16733/1 6068/16734/1 

usemtl _7
vt -40.0093 -13.316
vn 7.54862e-30 0.891695 0.452637
vt -39.0093 -13.316
v -39.0093 1 12.9634
vt -39.0093 -11.1067
vt -40.0093 -11.1067
f 6049/16735/1638 6053/16736/1638 6069/16737/1638 6051/16738/1638 

usemtl FrontColor
vt 1575.17 -510.369
vn 5.34741e-45 -1 3.20646e-16
vt 1535.8 -510.369
vt 1535.8 -587.928
vt 1575.17 -587.928
f 6050/16739/1639 6054/16740/1639 6053/16741/1639 6049/16742/1639 

vt -1575.17 -8.17124e-14
vt -1535.8 -8.17124e-14
vt -1535.8 39.3701
vt -1575.17 39.3701
f 6050/16743/7 6054/16744/7 6069/16745/7 6051/16746/7 

vt 510.369 -8.17124e-14
vt 587.928 -5.68434e-14
vt 510.369 39.3701
f 6054/16747/3 6053/16748/3 6069/16749/3

usemtl _4
v -39.0093 4 12.9634
vt 12.9634 4
vt 12.9634 1
vt 14.9334 -1.44382e-15
f 6070/16750/3 6069/16751/3 6053/16752/3 6063/16726/3 

v -33.9993 4 12.9634
vt 33.9993 4
v -33.9993 1 12.9634
vt 33.9993 1
vt 39.0093 1
vt 39.0093 4
f 6071/16753/5 6072/16754/5 6069/16755/5 6070/16756/5 

v -33.9993 4 2.98336
vt 2.98336 4
v -33.9993 1 2.98336
vt 2.98336 1
f 6073/16757/3 6074/16758/3 6072/16751/3 6071/16750/3 

v -46.0093 4 2.98336
vt -46.0093 4
v -46.0093 1 2.98336
vt -46.0093 1
vt -33.9993 1
vt -33.9993 4
f 6075/16759/7 6076/16760/7 6074/16761/7 6073/16762/7 

v -46.0093 4 12.9634
v -46.0093 1 12.9634
vt -2.98336 1
vt -2.98336 4
f 6077/16734/1 6078/16733/1 6076/16763/1 6075/16764/1 

vt 40.0093 4
vt 40.0093 1
vt 46.0093 1
vt 46.0093 4
f 6068/16765/5 6051/16766/5 6078/16767/5 6077/16768/5 

usemtl Color_C02
vt -1535.8 -510.369
vn -1.23235e-18 1 -1.80534e-17
vt -1338.55 -510.369
vt -1338.55 -117.455
vt -1811.39 -117.455
vt -1811.39 -510.369
vt -1575.17 -510.369
f 6069/16769/1640 6072/16770/1640 6074/16771/1640 6076/16772/1640 6078/16773/1640 6051/16774/1640 

usemtl FrontColor
vt 1338.55 -8.17124e-14
vt 1535.8 -8.17124e-14
vt 1535.8 39.3701
vt 1338.55 39.3701
f 6055/16775/5 6054/16776/5 6069/16777/5 6072/16778/5 

vt 117.455 -8.17124e-14
vt 117.455 39.3701
f 6056/16779/3 6055/16747/3 6072/16749/3 6074/16780/3 

vt -1811.39 -8.17124e-14
vt -1338.55 -8.17124e-14
vt -1338.55 39.3701
vt -1811.39 39.3701
f 6057/16781/7 6056/16782/7 6074/16783/7 6076/16784/7 

vt -117.455 -8.17124e-14
vt -117.455 39.3701
f 6058/16698/1 6057/16785/1 6076/16786/1 6078/16699/1 

vt 1575.17 -8.17124e-14
vt 1811.39 -8.17124e-14
vt 1811.39 39.3701
vt 1575.17 39.3701
f 6050/16787/5 6058/16788/5 6078/16789/5 6051/16790/5 

usemtl _4
vt -39.0093 -14.9334
vn -3.75194e-20 1 -3.28462e-18
vt -32.9693 -14.9334
vt -32.9693 -1.07336
vt -46.9793 -1.07336
vt -46.9793 -14.9334
vt -40.0093 -14.9334
vt -40.0093 -12.9634
vt -46.0093 -12.9634
vt -46.0093 -2.98336
vt -33.9993 -2.98336
vt -33.9993 -12.9634
vt -39.0093 -12.9634
f 6063/16791/1641 6062/16792/1641 6064/16793/1641 6065/16794/1641 6066/16795/1641 6067/16796/1641 6068/16797/1641 6077/16798/1641 6075/16799/1641 6073/16800/1641 6071/16801/1641 6070/16802/1641 

g Mesh54 Model

v -128 -2.09272e-15 48.0038
vt 128 -48.0038
vn -1.47666e-19 -1 2.39928e-19
v -101.984 -2.16573e-15 48.0038
vt 101.984 -48.0038
v -101.984 -2.16573e-15 49.1638
vt 101.984 -49.1638
v -102.08 -2.16573e-15 49.3161
vt 102.08 -49.3161
v -102.445 -2.16573e-15 49.5241
vt 102.445 -49.5241
v -102.445 -2.16573e-15 49.7541
vt 102.445 -49.7541
v -102.575 -2.16573e-15 49.8788
vt 102.575 -49.8788
v -102.835 -2.16573e-15 49.8788
vt 102.835 -49.8788
v -103.069 -2.16573e-15 50.0129
vt 103.069 -50.0129
v -107.129 -2.16573e-15 50.0129
vt 107.129 -50.0129
v -107.276 -2.16573e-15 49.74
vt 107.276 -49.74
v -107.486 -2.16573e-15 49.74
vt 107.486 -49.74
v -107.695 -2.16573e-15 49.6712
vt 107.695 -49.6712
v -107.989 -2.16573e-15 49.4469
vt 107.989 -49.4469
v -107.989 -2.16573e-15 49.2769
vt 107.989 -49.2769
v -108.443 -2.16573e-15 49.5303
vt 108.443 -49.5303
v -108.443 -2.16573e-15 49.74
vt 108.443 -49.74
v -108.587 -2.16573e-15 49.8789
vt 108.587 -49.8789
v -108.827 -2.16573e-15 49.8789
vt 108.827 -49.8789
v -109.077 -2.16573e-15 50.0049
vt 109.077 -50.0049
v -123.967 -2.16573e-15 50.0049
vt 123.967 -50.0049
v -123.967 -2.16573e-15 50.1849
vt 123.967 -50.1849
v -124.089 -2.16573e-15 50.3307
vt 124.089 -50.3307
v -124.442 -2.16573e-15 50.5188
vt 124.442 -50.5188
v -124.442 -2.16573e-15 50.7388
vt 124.442 -50.7388
v -124.558 -2.16573e-15 50.8894
vt 124.558 -50.8894
v -124.868 -2.16573e-15 50.8894
vt 124.868 -50.8894
v -125.006 -2.16573e-15 51.0338
vt 125.006 -51.0338
v -125.07 -2.16573e-15 51.3167
vt 125.07 -51.3167
v -125.441 -2.16573e-15 51.5349
vt 125.441 -51.5349
v -125.441 -2.16573e-15 51.7649
vt 125.441 -51.7649
v -125.591 -2.16573e-15 51.8969
vt 125.591 -51.8969
v -125.841 -2.16573e-15 51.8969
vt 125.841 -51.8969
v -126.027 -2.16573e-15 52.0486
vt 126.027 -52.0486
v -126.027 -2.16573e-15 52.3186
vt 126.027 -52.3186
v -126.435 -2.16573e-15 52.5302
vt 126.435 -52.5302
v -126.435 -2.16573e-15 52.7394
vt 126.435 -52.7394
v -126.575 -2.16573e-15 52.8826
vt 126.575 -52.8826
v -126.988 -2.16573e-15 52.9608
vt 126.988 -52.9608
v -126.988 -2.16573e-15 58.9908
vt 126.988 -58.9908
v -126.699 -2.16573e-15 59.0721
vt 126.699 -59.0721
v -126.417 -2.16573e-15 59.4234
vt 126.417 -59.4234
v -126.197 -2.16573e-15 59.4234
vt 126.197 -59.4234
v -126.063 -2.16573e-15 59.6577
vt 126.063 -59.6577
v -126.063 -2.16573e-15 59.9577
vt 126.063 -59.9577
v -125.698 -2.16573e-15 60.0628
vt 125.698 -60.0628
v -125.388 -2.16573e-15 60.4548
vt 125.388 -60.4548
v -125.198 -2.16573e-15 60.4548
vt 125.198 -60.4548
v -125.04 -2.16573e-15 60.6358
vt 125.04 -60.6358
v -125.04 -2.16573e-15 61.0758
vt 125.04 -61.0758
v -124.67 -2.16573e-15 61.0758
vt 124.67 -61.0758
v -124.389 -2.16573e-15 61.4646
vt 124.389 -61.4646
v -124.199 -2.16573e-15 61.4646
vt 124.199 -61.4646
v -124.073 -2.16573e-15 61.6573
vt 124.073 -61.6573
v -124.073 -2.16573e-15 61.9873
vt 124.073 -61.9873
v -100.003 -2.16573e-15 61.9873
vt 100.003 -61.9873
v -99.9258 -2.16573e-15 61.646
vt 99.9258 -61.646
v -99.3653 -2.16573e-15 60.9938
vt 99.3653 -60.9938
v -99.0161 -2.16573e-15 60.9938
vt 99.0161 -60.9938
v -98.935 -2.16573e-15 60.643
vt 98.935 -60.643
v -98.8193 -2.16573e-15 60.5052
vt 98.8193 -60.5052
v -98.6693 -2.16573e-15 60.5052
vt 98.6693 -60.5052
v -98.6693 -2.16573e-15 60.3552
vt 98.6693 -60.3552
v -98.3631 -2.16573e-15 59.9986
vt 98.3631 -59.9986
v -98.0041 -2.16573e-15 59.9986
vt 98.0041 -59.9986
v -97.9192 -2.16573e-15 59.618
vt 97.9192 -59.618
v -97.8198 -2.16573e-15 59.5194
vt 97.8198 -59.5194
v -97.6998 -2.16573e-15 59.5194
vt 97.6998 -59.5194
v -97.6998 -2.16573e-15 59.3694
vt 97.6998 -59.3694
v -97.3702 -2.16573e-15 59.0068
vt 97.3702 -59.0068
v -97.1102 -2.16573e-15 59.0068
vt 97.1102 -59.0068
v -96.9774 -2.16573e-15 59.1946
vt 96.9774 -59.1946
v -96.9174 -2.16573e-15 59.1946
vt 96.9174 -59.1946
v -96.8068 -2.16573e-15 59.0526
vt 96.8068 -59.0526
v -96.7168 -2.16573e-15 59.0526
vt 96.7168 -59.0526
v -96.4268 -2.16573e-15 59.4097
vt 96.4268 -59.4097
v -96.2185 -2.16573e-15 59.4097
vt 96.2185 -59.4097
v -96.004 -2.16573e-15 59.6734
vt 96.004 -59.6734
v -96.004 -2.12923e-15 64
vt 96.004 -64
v -128 -2.09272e-15 64
vt 128 -64
f 6079/16803/1642 6080/16804/1642 6081/16805/1642 6082/16806/1642 6083/16807/1642 6084/16808/1642 6085/16809/1642 6086/16810/1642 6087/16811/1642 6088/16812/1642 6089/16813/1642 6090/16814/1642 6091/16815/1642 6092/16816/1642 6093/16817/1642 6094/16818/1642 6095/16819/1642 6096/16820/1642 6097/16821/1642 6098/16822/1642 6099/16823/1642 6100/16824/1642 6101/16825/1642 6102/16826/1642 6103/16827/1642 6104/16828/1642 6105/16829/1642 6106/16830/1642 6107/16831/1642 6108/16832/1642 6109/16833/1642 6110/16834/1642 6111/16835/1642 6112/16836/1642 6113/16837/1642 6114/16838/1642 6115/16839/1642 6116/16840/1642 6117/16841/1642 6118/16842/1642 6119/16843/1642 6120/16844/1642 6121/16845/1642 6122/16846/1642 6123/16847/1642 6124/16848/1642 6125/16849/1642 6126/16850/1642 6127/16851/1642 6128/16852/1642 6129/16853/1642 6130/16854/1642 6131/16855/1642 6132/16856/1642 6133/16857/1642 6134/16858/1642 6135/16859/1642 6136/16860/1642 6137/16861/1642 6138/16862/1642 6139/16863/1642 6140/16864/1642 6141/16865/1642 6142/16866/1642 6143/16867/1642 6144/16868/1642 6145/16869/1642 6146/16870/1642 6147/16871/1642 6148/16872/1642 6149/16873/1642 6150/16874/1642 6151/16875/1642 6152/16876/1642 6153/16877/1642 6154/16878/1642 6155/16879/1642 6156/16880/1642 6157/16881/1642 6158/16882/1642 

vt 101.984 -2.17725e-15
vn -6.734e-37 -2.39928e-19 -1
vt 128 -2.10423e-15
v -128 4 48.0038
v -101.984 4 48.0038
vt 101.984 4
f 6080/16883/1643 6079/16884/1643 6159/5183/1643 6160/16885/1643 

vt 48.0038 -2.11162e-15
vn -1 1.47666e-19 -0
vt 64 -2.11162e-15
v -128 4 64
vt 48.0038 4
f 6079/16886/1644 6158/16887/1644 6161/2862/1644 6159/16888/1644 

vt -128 -2.10807e-15
vn 2.73772e-37 2.39928e-19 1
vt -96.004 -2.14458e-15
v -96.004 4 64
vt -96.004 4
f 6158/16889/1645 6157/16890/1645 6162/16891/1645 6161/5191/1645 

vt -64 -2.1434e-15
vn 1 -1.47666e-19 1.24607e-36
vt -59.6734 -2.17991e-15
v -96.004 4 59.6734
vt -59.6734 4
f 6157/16892/1646 6156/16893/1646 6163/16894/1646 6162/2871/1646 

vt 14.2774 -2.19556e-15
vn 0.775825 -2.65946e-19 -0.630948
vt 14.6174 -2.19556e-15
v -96.2185 4 59.4097
vt 14.6174 4
vt 14.2774 4
f 6156/16895/1647 6155/16896/1647 6164/16897/1647 6163/16898/1647 

vt 96.2185 -2.17999e-15
vn 0 -2.39928e-19 -1
vt 96.4268 -2.17999e-15
v -96.4268 4 59.4097
vt 96.4268 4
vt 96.2185 4
f 6155/16899/1648 6154/16900/1648 6165/16901/1648 6164/16902/1648 

vt 14.6851 -2.19559e-15
vn 0.776183 -2.65893e-19 -0.630508
vt 15.1451 -2.19559e-15
v -96.7168 4 59.0526
vt 15.1451 4
vt 14.6851 4
f 6154/16903/1649 6153/16904/1649 6166/16905/1649 6165/16906/1649 

vt 96.7168 -2.1799e-15
vt 96.8068 -2.1799e-15
v -96.8068 4 59.0526
vt 96.8068 4
vt 96.7168 4
f 6153/16907/1648 6152/16908/1648 6167/16909/1648 6166/16910/1648 

vt 106.089 -2.16449e-15
vn -0.78871 -3.10342e-20 -0.614766
vt 106.269 -2.16449e-15
v -96.9174 4 59.1946
vt 106.269 4
vt 106.089 4
f 6152/16911/1650 6151/16912/1650 6168/16913/1650 6167/16914/1650 

vt 96.9174 -2.17994e-15
vt 96.9774 -2.17994e-15
v -96.9774 4 59.1946
vt 96.9774 4
vt 96.9174 4
f 6151/16915/1648 6150/16916/1648 6169/16917/1648 6168/16918/1648 

vt 7.66109 -2.1951e-15
vn 0.81648 -2.59095e-19 -0.577374
vt 7.89109 -2.1951e-15
v -97.1102 4 59.0068
vt 7.89109 4
vt 7.66109 4
f 6150/16919/1651 6149/16920/1651 6170/16921/1651 6169/16922/1651 

vt 97.1102 -2.17989e-15
vt 97.3702 -2.17989e-15
v -97.3702 4 59.0068
vt 97.3702 4
vt 97.1102 4
f 6149/16923/1648 6148/16924/1648 6171/16925/1648 6170/16926/1648 

vt 109.157 -2.16405e-15
vn -0.740007 -5.21019e-20 -0.6726
vt 109.647 -2.16405e-15
v -97.6998 4 59.3694
vt 109.647 4
vt 109.157 4
f 6148/16927/1652 6147/16928/1652 6172/16929/1652 6171/16930/1652 

vt 59.3694 -2.18016e-15
vt 59.5194 -2.18016e-15
v -97.6998 4 59.5194
vt 59.5194 4
vt 59.3694 4
f 6147/16931/1644 6146/16932/1644 6173/16933/1644 6172/16934/1644 

vt 97.6998 -2.18001e-15
vt 97.8198 -2.18001e-15
v -97.8198 4 59.5194
vt 97.8198 4
vt 97.6998 4
f 6146/16935/1648 6145/16936/1648 6174/16937/1648 6173/16938/1648 

vt 111.363 -2.16397e-15
vn -0.704276 -6.63338e-20 -0.709926
vt 111.503 -2.16397e-15
v -97.9192 4 59.618
vt 111.503 4
vt 111.363 4
f 6145/16939/1653 6144/16940/1653 6175/16941/1653 6174/16942/1653 

vt 79.5088 -2.17332e-15
vn -0.976006 9.18802e-20 -0.217743
vt 79.8988 -2.17332e-15
v -98.0041 4 59.9986
vt 79.8988 4
vt 79.5088 4
f 6144/16943/1654 6143/16944/1654 6176/16945/1654 6175/16946/1654 

vt 98.0041 -2.18013e-15
vt 98.3631 -2.18013e-15
v -98.3631 4 59.9986
vt 98.3631 4
vt 98.0041 4
f 6143/16947/1648 6142/16948/1648 6177/16949/1648 6176/16950/1648 

vt 109.607 -2.16416e-15
vn -0.758554 -4.43272e-20 -0.65161
vt 110.077 -2.16416e-15
v -98.6693 4 60.3552
vt 110.077 4
vt 109.607 4
f 6142/16951/1655 6141/16952/1655 6178/16953/1655 6177/16954/1655 

vt 60.3552 -2.1803e-15
vt 60.5052 -2.1803e-15
v -98.6693 4 60.5052
vt 60.5052 4
vt 60.3552 4
f 6141/16955/1644 6140/16956/1644 6179/16957/1644 6178/16958/1644 

vt 98.6693 -2.18025e-15
vt 98.8193 -2.18025e-15
v -98.8193 4 60.5052
vt 98.8193 4
vt 98.6693 4
f 6140/16959/1648 6139/16960/1648 6180/16961/1648 6179/16962/1648 

vt 109.877 -2.16422e-15
vn -0.765921 -4.11579e-20 -0.642935
vt 110.057 -2.16422e-15
v -98.935 4 60.643
vt 110.057 4
vt 109.877 4
f 6139/16963/1656 6138/16964/1656 6181/16965/1656 6180/16966/1656 

vt 81.3554 -2.17317e-15
vn -0.97434 8.98736e-20 -0.225081
vt 81.7154 -2.17317e-15
v -99.0161 4 60.9938
vt 81.7154 4
vt 81.3554 4
f 6138/16967/1657 6137/16968/1657 6182/16969/1657 6181/16970/1657 

vt 99.0161 -2.18037e-15
vt 99.3653 -2.18037e-15
v -99.3653 4 60.9938
vt 99.3653 4
vt 99.0161 4
f 6137/16971/1648 6136/16972/1648 6183/16973/1648 6182/16974/1648 

vt 111.022 -2.16415e-15
vn -0.758412 -4.43878e-20 -0.651776
vt 111.882 -2.16415e-15
v -99.9258 4 61.646
vt 111.882 4
vt 111.022 4
f 6136/16975/1658 6135/16976/1658 6184/16977/1658 6183/16978/1658 

vt 82.2471 -2.17335e-15
vn -0.975164 9.08578e-20 -0.221486
vt 82.5971 -2.17335e-15
v -100.003 4 61.9873
vt 82.5971 4
vt 82.2471 4
f 6135/16979/1659 6134/16980/1659 6185/16981/1659 6184/16982/1659 

vt 100.003 -2.18061e-15
vt 124.073 -2.18061e-15
v -124.073 4 61.9873
vt 124.073 4
vt 100.003 4
f 6134/16983/1648 6133/16984/1648 6186/16985/1648 6185/16986/1648 

vt -61.9873 -2.18406e-15
vn 1 -1.47666e-19 -0
vt -61.6573 -2.18406e-15
v -124.073 4 61.6573
vt -61.6573 4
vt -61.9873 4
f 6133/16987/1660 6132/16988/1660 6187/16989/1660 6186/16990/1660 

vt 16.0667 -2.20078e-15
vn 0.837871 -2.54694e-19 -0.545868
vt 16.2967 -2.20078e-15
v -124.199 4 61.4646
vt 16.2967 4
vt 16.0667 4
f 6132/16991/1661 6131/16992/1661 6188/16993/1661 6187/16994/1661 

vt 124.199 -2.18048e-15
vt 124.389 -2.18048e-15
v -124.389 4 61.4646
vt 124.389 4
vt 124.199 4
f 6131/16995/1648 6130/16996/1648 6189/16997/1648 6188/16998/1648 

vt 23.1298 -2.20134e-15
vn 0.810125 -2.60288e-19 -0.586257
vt 23.6098 -2.20134e-15
v -124.67 4 61.0758
vt 23.6098 4
vt 23.1298 4
f 6130/16999/1662 6129/17000/1662 6190/17001/1662 6189/17002/1662 

vt 124.67 -2.18039e-15
vt 125.04 -2.18039e-15
v -125.04 4 61.0758
vt 125.04 4
vt 124.67 4
f 6129/17003/1648 6128/17004/1648 6191/17005/1648 6190/17006/1648 

vt -61.0758 -2.1842e-15
vt -60.6358 -2.1842e-15
v -125.04 4 60.6358
vt -60.6358 4
vt -61.0758 4
f 6128/17007/1660 6127/17008/1660 6192/17009/1660 6191/17010/1660 

vt 36.3989 -2.2018e-15
vn 0.754086 -2.68932e-19 -0.656776
vt 36.6389 -2.2018e-15
v -125.198 4 60.4548
vt 36.6389 4
vt 36.3989 4
f 6127/17011/1663 6126/17012/1663 6193/17013/1663 6192/17014/1663 

vt 125.198 -2.18024e-15
vt 125.388 -2.18024e-15
v -125.388 4 60.4548
vt 125.388 4
vt 125.198 4
f 6126/17015/1648 6125/17016/1648 6194/17017/1648 6193/17018/1648 

vt 30.4324 -2.20169e-15
vn 0.784032 -2.64704e-19 -0.620721
vt 30.9324 -2.20169e-15
v -125.698 4 60.0628
vt 30.9324 4
vt 30.4324 4
f 6125/17019/1664 6124/17020/1664 6195/17021/1664 6194/17022/1664 

vt 104.203 -2.19083e-15
vn 0.276369 -2.71394e-19 -0.961052
vt 104.583 -2.19083e-15
v -126.063 4 59.9577
vt 104.583 4
vt 104.203 4
f 6124/17023/1665 6123/17024/1665 6196/17025/1665 6195/17026/1665 

vt -59.9577 -2.18435e-15
vt -59.6577 -2.18435e-15
v -126.063 4 59.6577
vt -59.6577 4
vt -59.9577 4
f 6123/17027/1660 6122/17028/1660 6197/17029/1660 6196/17030/1660 

vt 10.7827 -2.20012e-15
vn 0.868118 -2.47282e-19 -0.496358
vt 11.0527 -2.20012e-15
v -126.197 4 59.4234
vt 11.0527 4
vt 10.7827 4
f 6122/17031/1666 6121/17032/1666 6198/17033/1666 6197/17034/1666 

vt 126.197 -2.17999e-15
vt 126.417 -2.17999e-15
v -126.417 4 59.4234
vt 126.417 4
vt 126.197 4
f 6121/17035/1648 6120/17036/1648 6199/17037/1648 6198/17038/1648 

vt 32.6571 -2.20176e-15
vn 0.780471 -2.65251e-19 -0.625193
vt 33.1071 -2.20176e-15
v -126.699 4 59.0721
vt 33.1071 4
vt 32.6571 4
f 6120/17039/1667 6119/17040/1667 6200/17041/1667 6199/17042/1667 

vt 105.921 -2.19046e-15
vn 0.271296 -2.70991e-19 -0.962496
vt 106.221 -2.19046e-15
v -126.988 4 58.9908
vt 106.221 4
vt 105.921 4
f 6119/17043/1668 6118/17044/1668 6201/17045/1668 6200/17046/1668 

vt -58.9908 -2.18449e-15
vt -52.9608 -2.18449e-15
v -126.988 4 52.9608
vt -52.9608 4
vt -58.9908 4
f 6118/17047/1660 6117/17048/1660 6202/17049/1660 6201/17050/1660 

vt -134.624 -2.17165e-15
vn 0.186066 2.08263e-19 0.982537
vt -134.204 -2.17165e-15
v -126.575 4 52.8826
vt -134.204 4
vt -134.624 4
f 6117/17051/1669 6116/17052/1669 6203/17053/1669 6202/17054/1669 

vt -126.214 -2.16242e-15
vn 0.716154 6.17046e-20 0.697942
vt -126.014 -2.16242e-15
v -126.435 4 52.7394
vt -126.014 4
vt -126.214 4
f 6116/17055/1670 6115/17056/1670 6204/17057/1670 6203/17058/1670 

vt -52.7394 -2.1844e-15
vt -52.5302 -2.1844e-15
v -126.435 4 52.5302
vt -52.5302 4
vt -52.7394 4
f 6115/17059/1660 6114/17060/1660 6205/17061/1660 6204/17062/1660 

vt -136.43 -2.16407e-15
vn 0.459831 1.45156e-19 0.888006
vt -135.97 -2.16407e-15
v -126.027 4 52.3186
vt -135.97 4
vt -136.43 4
f 6114/17063/1671 6113/17064/1671 6206/17065/1671 6205/17066/1671 

vt -52.3186 -2.18434e-15
vt -52.0486 -2.18434e-15
v -126.027 4 52.0486
vt -52.0486 4
vt -52.3186 4
f 6113/17067/1660 6112/17068/1660 6207/17069/1660 6206/17070/1660 

vt -130.541 -2.16209e-15
vn 0.632411 9.24709e-20 0.774633
vt -130.301 -2.16209e-15
v -125.841 4 51.8969
vt -130.301 4
vt -130.541 4
f 6112/17071/1672 6111/17072/1672 6208/17073/1672 6207/17074/1672 

vt -125.841 -2.17819e-15
vn 0 2.39928e-19 1
vt -125.591 -2.17819e-15
v -125.591 4 51.8969
vt -125.591 4
vt -125.841 4
f 6111/17075/1673 6110/17076/1673 6209/17077/1673 6208/17078/1673 

vt -128.621 -2.1621e-15
vn 0.659712 8.28935e-20 0.751518
vt -128.421 -2.1621e-15
v -125.441 4 51.7649
vt -128.421 4
vt -128.621 4
f 6110/17079/1674 6109/17080/1674 6210/17081/1674 6209/17082/1674 

vt -51.7649 -2.18426e-15
vt -51.5349 -2.18426e-15
v -125.441 4 51.5349
vt -51.5349 4
vt -51.7649 4
f 6109/17083/1660 6108/17084/1660 6211/17085/1660 6210/17086/1660 

vt -134.242 -2.1632e-15
vn 0.507407 1.31821e-19 0.861707
vt -133.812 -2.1632e-15
v -125.07 4 51.3167
vt -133.812 4
vt -134.242 4
f 6108/17087/1675 6107/17088/1675 6212/17089/1675 6211/17090/1675 

vt -77.555 -2.17585e-15
vn 0.975539 -9.13118e-20 0.219825
vt -77.265 -2.17585e-15
v -125.006 4 51.0338
vt -77.265 4
vt -77.555 4
f 6107/17091/1676 6106/17092/1676 6213/17093/1676 6212/17094/1676 

vt -123.327 -2.16247e-15
vn 0.722136 5.93359e-20 0.691751
vt -123.127 -2.16247e-15
v -124.868 4 50.8894
vt -123.127 4
vt -123.327 4
f 6106/17095/1677 6105/17096/1677 6214/17097/1677 6213/17098/1677 

vt -124.868 -2.17794e-15
vt -124.558 -2.17794e-15
v -124.558 4 50.8894
vt -124.558 4
vt -124.868 4
f 6105/17099/1673 6104/17100/1673 6215/17101/1673 6214/17102/1673 

vt -116.289 -2.16375e-15
vn 0.792548 2.92782e-20 0.609809
vt -116.099 -2.16375e-15
v -124.442 4 50.7388
vt -116.099 4
vt -116.289 4
f 6104/17103/1678 6103/17104/1678 6216/17105/1678 6215/17106/1678 

vt -50.7388 -2.18411e-15
vt -50.5188 -2.18411e-15
v -124.442 4 50.5188
vt -50.5188 4
vt -50.7388 4
f 6103/17107/1660 6102/17108/1660 6217/17109/1660 6216/17110/1660 

vt -133.58 -2.16375e-15
vn 0.470269 1.423e-19 0.882523
vt -133.18 -2.16375e-15
v -124.089 4 50.3307
vt -133.18 4
vt -133.58 4
f 6102/17111/1679 6101/17112/1679 6218/17113/1679 6217/17114/1679 

vt -118.18 -2.16318e-15
vn 0.767461 4.04892e-20 0.641096
vt -117.99 -2.16318e-15
v -123.967 4 50.1849
vt -117.99 4
vt -118.18 4
f 6101/17115/1680 6100/17116/1680 6219/17117/1680 6218/17118/1680 

vt -50.1849 -2.18404e-15
vt -50.0049 -2.18404e-15
v -123.967 4 50.0049
vt -50.0049 4
vt -50.1849 4
f 6100/17119/1660 6099/17120/1660 6220/17121/1660 6219/17122/1660 

vt -123.967 -2.17773e-15
vt -109.077 -2.17773e-15
v -109.077 4 50.0049
vt -109.077 4
vt -123.967 4
f 6099/17123/1673 6098/17124/1673 6221/17125/1673 6220/17126/1673 

vt -119.912 -2.16508e-15
vn 0.449778 1.47873e-19 0.89314
vt -119.632 -2.16508e-15
v -108.827 4 49.8789
vt -119.632 4
vt -119.912 4
f 6098/17127/1681 6097/17128/1681 6222/17129/1681 6221/17130/1681 

vt -108.827 -2.1777e-15
vt -108.587 -2.1777e-15
v -108.587 4 49.8789
vt -108.587 4
vt -108.827 4
f 6097/17131/1673 6096/17132/1673 6223/17133/1673 6222/17134/1673 

vt -112.756 -2.16297e-15
vn 0.694737 6.99829e-20 0.719264
vt -112.556 -2.16297e-15
v -108.443 4 49.74
vt -112.556 4
vt -112.756 4
f 6096/17135/1682 6095/17136/1682 6224/17137/1682 6223/17138/1682 

vt -49.74 -2.18175e-15
vt -49.5303 -2.18175e-15
v -108.443 4 49.5303
vt -49.5303 4
vt -49.74 4
f 6095/17139/1660 6094/17140/1660 6225/17141/1660 6224/17142/1660 

vt -118.832 -2.16441e-15
vn 0.487367 1.37537e-19 0.873197
vt -118.312 -2.16441e-15
v -107.989 4 49.2769
vt -118.312 4
vt -118.832 4
f 6094/17143/1683 6093/17144/1683 6226/17145/1683 6225/17146/1683 

vt 49.2769 -2.18168e-15
vt 49.4469 -2.18168e-15
v -107.989 4 49.4469
vt 49.4469 4
vt 49.2769 4
f 6093/17147/1644 6092/17148/1644 6227/17149/1644 6226/17150/1644 

vt -55.9232 -2.19511e-15
vn -0.606103 2.80337e-19 0.795386
vt -55.5532 -2.19511e-15
v -107.695 4 49.6712
vt -55.5532 4
vt -55.9232 4
f 6092/17151/1684 6091/17152/1684 6228/17153/1684 6227/17154/1684 

vt -86.7449 -2.1879e-15
vn -0.312902 2.74086e-19 0.949785
vt -86.5249 -2.1879e-15
v -107.486 4 49.74
vt -86.5249 4
vt -86.7449 4
f 6091/17155/1685 6090/17156/1685 6229/17157/1685 6228/17158/1685 

vt -107.486 -2.17767e-15
vt -107.276 -2.17767e-15
v -107.276 4 49.74
vt -107.276 4
vt -107.486 4
f 6090/17159/1673 6089/17160/1673 6230/17161/1673 6229/17162/1673 

vt -7.08853 -2.19451e-15
vn -0.880376 2.43794e-19 0.474276
vt -6.77853 -2.19451e-15
v -107.129 4 50.0129
vt -6.77853 4
vt -7.08853 4
f 6089/17163/1686 6088/17164/1686 6231/17165/1686 6230/17166/1686 

vt -107.129 -2.17773e-15
vt -103.069 -2.17773e-15
v -103.069 4 50.0129
vt -103.069 4
vt -107.129 4
f 6088/17167/1673 6087/17168/1673 6232/17169/1673 6231/17170/1673 

vt -114.297 -2.16468e-15
vn 0.496691 1.34896e-19 0.867927
vt -114.027 -2.16468e-15
v -102.835 4 49.8788
vt -114.027 4
vt -114.297 4
f 6087/17171/1687 6086/17172/1687 6233/17173/1687 6232/17174/1687 

vt -102.835 -2.1777e-15
vt -102.575 -2.1777e-15
v -102.575 4 49.8788
vt -102.575 4
vt -102.835 4
f 6086/17175/1673 6085/17176/1673 6234/17177/1673 6233/17178/1673 

vt -108.538 -2.16325e-15
vn 0.692552 7.08104e-20 0.721368
vt -108.358 -2.16325e-15
v -102.445 4 49.7541
vt -108.358 4
vt -108.538 4
f 6085/17179/1688 6084/17180/1688 6235/17181/1688 6234/17182/1688 

vt -49.7541 -2.18086e-15
vt -49.5241 -2.18086e-15
v -102.445 4 49.5241
vt -49.5241 4
vt -49.7541 4
f 6084/17183/1660 6083/17184/1660 6236/17185/1660 6235/17186/1660 

vt -113.524 -2.16469e-15
vn 0.495444 1.35251e-19 0.86864
vt -113.104 -2.16469e-15
v -102.08 4 49.3161
vt -113.104 4
vt -113.524 4
f 6083/17187/1689 6082/17188/1689 6237/17189/1689 6236/17190/1689 

vt -96.1755 -2.16555e-15
vn 0.845762 3.126e-21 0.533561
vt -95.9955 -2.16555e-15
v -101.984 4 49.1638
vt -95.9955 4
vt -96.1755 4
f 6082/17191/1690 6081/17192/1690 6238/17193/1690 6237/17194/1690 

vt -49.1638 -2.18079e-15
vt -48.0038 -2.18079e-15
vt -48.0038 4
vt -49.1638 4
f 6081/17195/1660 6080/17196/1660 6160/17197/1660 6238/17198/1660 

vt -101.984 -48.0038
vn 1.47666e-19 1 -2.39928e-19
vt -128 -48.0038
vt -128 -64
vt -96.004 -64
vt -96.004 -59.6734
vt -96.2185 -59.4097
vt -96.4268 -59.4097
vt -96.7168 -59.0526
vt -96.8068 -59.0526
vt -96.9174 -59.1946
vt -96.9774 -59.1946
vt -97.1102 -59.0068
vt -97.3702 -59.0068
vt -97.6998 -59.3694
vt -97.6998 -59.5194
vt -97.8198 -59.5194
vt -97.9192 -59.618
vt -98.0041 -59.9986
vt -98.3631 -59.9986
vt -98.6693 -60.3552
vt -98.6693 -60.5052
vt -98.8193 -60.5052
vt -98.935 -60.643
vt -99.0161 -60.9938
vt -99.3653 -60.9938
vt -99.9258 -61.646
vt -100.003 -61.9873
vt -124.073 -61.9873
vt -124.073 -61.6573
vt -124.199 -61.4646
vt -124.389 -61.4646
vt -124.67 -61.0758
vt -125.04 -61.0758
vt -125.04 -60.6358
vt -125.198 -60.4548
vt -125.388 -60.4548
vt -125.698 -60.0628
vt -126.063 -59.9577
vt -126.063 -59.6577
vt -126.197 -59.4234
vt -126.417 -59.4234
vt -126.699 -59.0721
vt -126.988 -58.9908
vt -126.988 -52.9608
vt -126.575 -52.8826
vt -126.435 -52.7394
vt -126.435 -52.5302
vt -126.027 -52.3186
vt -126.027 -52.0486
vt -125.841 -51.8969
vt -125.591 -51.8969
vt -125.441 -51.7649
vt -125.441 -51.5349
vt -125.07 -51.3167
vt -125.006 -51.0338
vt -124.868 -50.8894
vt -124.558 -50.8894
vt -124.442 -50.7388
vt -124.442 -50.5188
vt -124.089 -50.3307
vt -123.967 -50.1849
vt -123.967 -50.0049
vt -109.077 -50.0049
vt -108.827 -49.8789
vt -108.587 -49.8789
vt -108.443 -49.74
vt -108.443 -49.5303
vt -107.989 -49.2769
vt -107.989 -49.4469
vt -107.695 -49.6712
vt -107.486 -49.74
vt -107.276 -49.74
vt -107.129 -50.0129
vt -103.069 -50.0129
vt -102.835 -49.8788
vt -102.575 -49.8788
vt -102.445 -49.7541
vt -102.445 -49.5241
vt -102.08 -49.3161
vt -101.984 -49.1638
f 6160/17199/1691 6159/17200/1691 6161/17201/1691 6162/17202/1691 6163/17203/1691 6164/17204/1691 6165/17205/1691 6166/17206/1691 6167/17207/1691 6168/17208/1691 6169/17209/1691 6170/17210/1691 6171/17211/1691 6172/17212/1691 6173/17213/1691 6174/17214/1691 6175/17215/1691 6176/17216/1691 6177/17217/1691 6178/17218/1691 6179/17219/1691 6180/17220/1691 6181/17221/1691 6182/17222/1691 6183/17223/1691 6184/17224/1691 6185/17225/1691 6186/17226/1691 6187/17227/1691 6188/17228/1691 6189/17229/1691 6190/17230/1691 6191/17231/1691 6192/17232/1691 6193/17233/1691 6194/17234/1691 6195/17235/1691 6196/17236/1691 6197/17237/1691 6198/17238/1691 6199/17239/1691 6200/17240/1691 6201/17241/1691 6202/17242/1691 6203/17243/1691 6204/17244/1691 6205/17245/1691 6206/17246/1691 6207/17247/1691 6208/17248/1691 6209/17249/1691 6210/17250/1691 6211/17251/1691 6212/17252/1691 6213/17253/1691 6214/17254/1691 6215/17255/1691 6216/17256/1691 6217/17257/1691 6218/17258/1691 6219/17259/1691 6220/17260/1691 6221/17261/1691 6222/17262/1691 6223/17263/1691 6224/17264/1691 6225/17265/1691 6226/17266/1691 6227/17267/1691 6228/17268/1691 6229/17269/1691 6230/17270/1691 6231/17271/1691 6232/17272/1691 6233/17273/1691 6234/17274/1691 6235/17275/1691 6236/17276/1691 6237/17277/1691 6238/17278/1691 

g Mesh55 Model

v -99.9788 -2.16573e-15 48.0038
vt 99.9788 -48.0038
vn -1.80938e-17 -1 1.77187e-17
v -96.004 -2.16573e-15 48.0038
vt 96.004 -48.0038
v -96.004 -2.16573e-15 52.1907
vt 96.004 -52.1907
v -96.4338 -2.16573e-15 52.4559
vt 96.4338 -52.4559
v -96.4338 -2.16573e-15 52.6859
vt 96.4338 -52.6859
v -96.5995 -2.16573e-15 52.8307
vt 96.5995 -52.8307
v -96.8295 -2.16573e-15 52.8307
vt 96.8295 -52.8307
v -96.9833 -2.16573e-15 52.9423
vt 96.9833 -52.9423
v -97.1333 -2.16573e-15 52.9423
vt 97.1333 -52.9423
v -97.2711 -2.16497e-15 52.7101
vt 97.2711 -52.7101
v -97.675 -1.80649e-15 52.6392
vt 97.675 -52.6392
v -98.0082 -2.16573e-15 52.3836
vt 98.0082 -52.3836
v -98.0082 -2.16573e-15 51.9536
vt 98.0082 -51.9536
v -98.1282 -2.16573e-15 51.9536
vt 98.1282 -51.9536
v -98.2739 -2.16586e-15 51.7145
vt 98.2739 -51.7145
v -98.7053 -2.1506e-15 51.628
vt 98.7053 -51.628
v -98.8438 -1.43308e-15 51.4571
vt 98.8438 -51.4571
v -99.001 -2.16573e-15 51.3504
vt 99.001 -51.3504
v -99.001 -2.16573e-15 50.9504
vt 99.001 -50.9504
v -99.121 -2.16573e-15 50.9504
vt 99.121 -50.9504
v -99.2575 -2.16573e-15 50.7059
vt 99.2575 -50.7059
v -99.6734 -2.16573e-15 50.647
vt 99.6734 -50.647
v -99.8184 -2.16573e-15 50.4558
vt 99.8184 -50.4558
v -99.9184 -2.16573e-15 50.4558
vt 99.9184 -50.4558
v -99.9788 -2.16573e-15 50.3638
vt 99.9788 -50.3638
f 6239/17279/1692 6240/17280/1692 6241/17281/1692 6242/17282/1692 6243/17283/1692 6244/17284/1692 6245/17285/1692 6246/17286/1692 6247/17287/1692 6248/17288/1692 6249/17289/1692 6250/17290/1692 6251/17291/1692 6252/17292/1692 6253/17293/1692 6254/17294/1692 6255/17295/1692 6256/17296/1692 6257/17297/1692 6258/17298/1692 6259/17299/1692 6260/17300/1692 6261/17301/1692 6262/17302/1692 6263/17303/1692 

vt 96.004 -3.0163e-15
vn 0 -1.77187e-17 -1
vt 99.9788 -3.0163e-15
v -99.9788 4 48.0038
vt 99.9788 4
v -96.004 4 48.0038
vt 96.004 4
f 6240/17304/1693 6239/17305/1693 6264/17306/1693 6265/17307/1693 

vt 48.0038 -3.97473e-15
vn -1 1.80938e-17 -0
vt 50.3638 -3.97473e-15
v -99.9788 4 50.3638
vt 50.3638 4
f 6239/17308/1694 6263/17309/1694 6266/17310/1694 6264/16888/1694 

vt -12.8139 -4.92954e-15
vn -0.83572 2.48517e-17 0.549156
vt -12.7039 -4.92954e-15
v -99.9184 4 50.4558
vt -12.7039 4
vt -12.8139 4
f 6263/17311/1695 6262/17312/1695 6267/17313/1695 6266/17314/1695 

vt -99.9184 -3.05975e-15
vn 0 1.77187e-17 1
vt -99.8184 -3.05975e-15
v -99.8184 4 50.4558
vt -99.8184 4
vt -99.9184 4
f 6262/17315/1696 6261/17316/1696 6268/17317/1696 6267/17318/1696 

vt -20.1044 -4.92991e-15
vn -0.796839 2.51234e-17 0.604192
vt -19.8644 -4.92991e-15
v -99.6734 4 50.647
vt -19.8644 4
vt -20.1044 4
f 6261/17319/1697 6260/17320/1697 6269/17321/1697 6268/17322/1697 

vt -91.5866 -3.45339e-15
vn -0.140225 2.00809e-17 0.99012
vt -91.1666 -3.45339e-15
v -99.2575 4 50.7059
vt -91.1666 4
vt -91.5866 4
f 6260/17323/1698 6259/17324/1698 6270/17325/1698 6269/17326/1698 

vt -4.1117 -4.88747e-15
vn -0.87314 2.44358e-17 0.48747
vt -3.8317 -4.88747e-15
v -99.121 4 50.9504
vt -3.8317 4
vt -4.1117 4
f 6259/17327/1699 6258/17328/1699 6271/17329/1699 6270/17330/1699 

vt -99.121 -3.06851e-15
vt -99.001 -3.06851e-15
v -99.001 4 50.9504
vt -99.001 4
vt -99.121 4
f 6258/17331/1696 6257/17332/1696 6272/17333/1696 6271/17334/1696 

vt 50.9504 -3.95704e-15
vt 51.3504 -3.95704e-15
v -99.001 4 51.3504
vt 51.3504 4
vt 50.9504 4
f 6257/17335/1694 6256/17336/1694 6273/17337/1694 6272/17338/1694 

vt -53.0858 -4.60027e-15
vn -0.561517 2.48216e-17 0.827465
vt -52.8958 -3.86762e-15
v -98.8438 4 51.4571
vt -52.8958 4
vt -53.0858 4
f 6256/17339/1700 6255/17340/1700 6274/17341/1700 6273/17342/1700 

vt -22.2592 -4.18612e-15
vn -0.77689 2.52132e-17 0.629636
vt -22.0392 -4.90364e-15
v -98.7053 4 51.628
vt -22.0392 4
vt -22.2592 4
f 6255/17343/1701 6254/17344/1701 6275/17345/1701 6274/17346/1701 

vt -86.6302 -3.6162e-15
vn -0.196582 2.09299e-17 0.980487
vt -86.1902 -3.63146e-15
v -98.2739 4 51.7145
vt -86.1902 4
vt -86.6302 4
f 6254/17347/1702 6253/17348/1702 6276/17349/1702 6275/17350/1702 

vt -6.97068 -4.90017e-15
vn -0.853974 2.4671e-17 0.520316
vt -6.69068 -4.90005e-15
v -98.1282 4 51.9536
vt -6.69068 4
vt -6.97068 4
f 6253/17351/1703 6252/17352/1703 6277/17353/1703 6276/17354/1703 

vt -98.1282 -3.08629e-15
vt -98.0082 -3.08629e-15
v -98.0082 4 51.9536
vt -98.0082 4
vt -98.1282 4
f 6252/17355/1696 6251/17356/1696 6278/17357/1696 6277/17358/1696 

vt 51.9536 -3.93907e-15
vt 52.3836 -3.93907e-15
v -98.0082 4 52.3836
vt 52.3836 4
vt 51.9536 4
f 6251/17359/1694 6250/17360/1694 6279/17361/1694 6278/17362/1694 

vt -45.8744 -4.70346e-15
vn -0.608696 2.50717e-17 0.793404
vt -45.4544 -4.34421e-15
v -97.675 4 52.6392
vt -45.4544 4
vt -45.8744 4
f 6250/17363/1704 6249/17364/1704 6280/17365/1704 6279/17366/1704 

vt -87.0993 -3.2212e-15
vn -0.172947 2.0581e-17 0.984931
vt -86.6893 -3.57968e-15
v -97.2711 4 52.7101
vt -86.6893 4
vt -87.0993 4
f 6249/17367/1705 6248/17368/1705 6281/17369/1705 6280/17370/1705 

vt -4.35696 -4.88504e-15
vn -0.859765 2.46052e-17 0.510689
vt -4.08696 -4.88581e-15
v -97.1333 4 52.9423
vt -4.08696 4
vt -4.35696 4
f 6248/17371/1706 6247/17372/1706 6282/17373/1706 6281/17374/1706 

vt -97.1333 -3.1038e-15
vt -96.9833 -3.1038e-15
v -96.9833 4 52.9423
vt -96.9833 4
vt -97.1333 4
f 6247/17375/1696 6246/17376/1696 6283/17377/1696 6282/17378/1696 

vt -109.59 -2.11334e-15
vn 0.587174 3.71841e-18 0.809461
vt -109.4 -2.11334e-15
v -96.8295 4 52.8307
vt -109.4 4
vt -109.59 4
f 6246/17379/1707 6245/17380/1707 6284/17381/1707 6283/17382/1707 

vt -96.8295 -3.10183e-15
vt -96.5995 -3.10183e-15
v -96.5995 4 52.8307
vt -96.5995 4
vt -96.8295 4
f 6245/17383/1696 6244/17384/1696 6285/17385/1696 6284/17386/1696 

vt -107.499 -2.13167e-15
vn 0.658165 1.43126e-18 0.752874
vt -107.279 -2.13167e-15
v -96.4338 4 52.6859
vt -107.279 4
vt -107.499 4
f 6244/17387/1708 6243/17388/1708 6286/17389/1708 6285/17390/1708 

vt -52.6859 -3.91059e-15
vn 1 -1.80938e-17 -0
vt -52.4559 -3.91059e-15
v -96.4338 4 52.4559
vt -52.4559 4
vt -52.6859 4
f 6243/17391/1709 6242/17392/1709 6287/17393/1709 6286/17394/1709 

vt -109.613 -2.13224e-15
vn 0.525201 5.57536e-18 0.850978
vt -109.108 -2.13224e-15
v -96.004 4 52.1907
vt -109.108 4
vt -109.613 4
f 6242/17395/1710 6241/17396/1710 6288/17397/1710 6287/17398/1710 

vt -52.1907 -3.90281e-15
vt -48.0038 -3.90281e-15
vt -52.1907 4
f 6241/17399/1709 6240/17400/1709 6265/17197/1709 6288/17401/1709 

vt -96.004 -48.0038
vn 1.80938e-17 1 -1.77187e-17
vt -99.9788 -48.0038
vt -99.9788 -50.3638
vt -99.9184 -50.4558
vt -99.8184 -50.4558
vt -99.6734 -50.647
vt -99.2575 -50.7059
vt -99.121 -50.9504
vt -99.001 -50.9504
vt -99.001 -51.3504
vt -98.8438 -51.4571
vt -98.7053 -51.628
vt -98.2739 -51.7145
vt -98.1282 -51.9536
vt -98.0082 -51.9536
vt -98.0082 -52.3836
vt -97.675 -52.6392
vt -97.2711 -52.7101
vt -97.1333 -52.9423
vt -96.9833 -52.9423
vt -96.8295 -52.8307
vt -96.5995 -52.8307
vt -96.4338 -52.6859
vt -96.4338 -52.4559
vt -96.004 -52.1907
f 6265/17402/1711 6264/17403/1711 6266/17404/1711 6267/17405/1711 6268/17406/1711 6269/17407/1711 6270/17408/1711 6271/17409/1711 6272/17410/1711 6273/17411/1711 6274/17412/1711 6275/17413/1711 6276/17414/1711 6277/17415/1711 6278/17416/1711 6279/17417/1711 6280/17418/1711 6281/17419/1711 6282/17420/1711 6283/17421/1711 6284/17422/1711 6285/17423/1711 6286/17424/1711 6287/17425/1711 6288/17426/1711 

g Mesh56 Model

usemtl ForegroundColor
v -128 -1.44382e-15 64
vn 0 0.0254 -0
v 128 -1.44382e-15 64
vt 1 0
v 128 -1.44382e-15 -64
vt 1 1
v -128 -1.44382e-15 -64
vt 0 1
f 6289/22/1712 6290/17427/1712 6291/17428/1712 6292/17429/1712 

