# Alias OBJ Model File
# Exported from SketchUp, (c) 2000-2012 Trimble Navigation Limited
# File units = meters

mtllib Zelda Map Raised.mtl

g Mesh1 Group1 Model

usemtl FrontColor
v 45.9909 -2.15647e-15 -39.9972
vt 0 3.64789e-16
vn 1 0 -0
v 45.9909 -2.16573e-15 -50.0172
vt 394.488 0
v 45.9909 5 -50.0172
vt 394.488 196.85
f 1/1/1 2/2/1 3/3/1

v 44.9909 -2.15647e-15 -39.9972
vt 1.64591e-32 1.3053e-33
vn -4.51195e-17 -1 -3.57823e-18
v 44.9909 -2.0755e-15 -50.0172
vt 1.60297e-31 394.488
vt -39.3701 394.488
vt -39.3701 7.6615e-33
f 4/4/2 5/5/2 2/6/2 1/7/2 

vt -394.488 3.55271e-15
vn -1 0 -0
v 44.9909 5 -50.0172
vt -394.488 196.85
f 5/8/3 4/1/3 6/9/3

usemtl _7
vt 44.9909 35.7888
vn -2.97851e-29 0.894784 0.446499
vt 45.9909 35.7888
vt 45.9909 46.9871
vt 44.9909 46.9871
f 4/10/4 1/11/4 3/12/4 6/13/4 

usemtl FrontColor
vt -39.3701 0
vn 0 0 -1
vt 0 3.55271e-15
vt 0 196.85
vt -39.3701 196.85
f 2/14/5 5/15/5 6/16/5 3/17/5 

g Mesh2 Group2 Model

usemtl _7
v 68.9863 1 -45.9848
vt 68.9863 45.291
vn 0 0.980656 0.19574
v 69.9863 1 -45.9848
vt 69.9863 45.291
v 69.9863 3 -56.0048
vt 69.9863 55.5087
v 68.9863 3 -56.0048
vt 68.9863 55.5087
f 7/18/6 8/19/6 9/20/6 10/21/6 

usemtl FrontColor
v 68.9863 -2.16573e-15 -45.9848
vt 0 0
vn 0 0 1
v 69.9863 -2.16573e-15 -45.9848
vt 39.3701 0
vt 39.3701 39.3701
vt 0 39.3701
f 11/22/7 12/23/7 8/24/7 7/25/7 

v 69.9863 -2.09272e-15 -56.0048
vn 3.65092e-17 -1 -3.64363e-18
vt -39.3701 -5.23725e-33
v 68.9863 -2.16573e-15 -56.0048
vt 0 394.488
f 13/6/8 12/26/8 11/22/8 14/27/8 

vt 394.488 2.87474e-15
vt 394.488 118.11
f 12/22/1 13/28/1 9/29/1 8/25/1 

vt -39.3701 2.87474e-15
vt 0 118.11
vt -39.3701 118.11
f 13/30/5 14/22/5 10/31/5 9/32/5 

vt -394.488 118.11
vt -394.488 0
f 11/22/3 7/25/3 10/33/3 14/34/3 

g Mesh3 Group3 Model

v 55.9745 -2.16573e-15 -43.9826
v 55.9745 -2.16573e-15 -50.0172
vt 237.582 0
v 55.9745 3 -50.0172
vt 237.582 118.11
f 15/22/1 16/35/1 17/36/1

v 54.9745 -2.16573e-15 -50.0172
vt 0 237.582
vn 0 -1 -0
vt -39.3701 237.582
v 54.9745 -2.16573e-15 -43.9826
f 18/37/9 16/38/9 15/14/9 19/22/9 

v 54.9745 3 -50.0172
f 16/14/5 18/22/5 20/31/5 17/32/5 

vt -237.582 0
vt -237.582 118.11
f 18/39/3 19/22/3 20/40/3

usemtl _7
vt 54.9745 46.1234
vn 0 0.895451 0.44516
vt 54.9745 39.3843
vt 55.9745 39.3843
vt 55.9745 46.1234
f 20/41/10 19/42/10 15/43/10 17/44/10 

g Mesh4 Group4 Model

v -69.0033 9 -55.0098
vt -69.0033 53.2382
vn 0 0.894725 0.446618
v -70.0033 9 -55.0098
vt -70.0033 53.2382
v -70.0033 3 -42.9898
vt -70.0033 39.8039
v -69.0033 3 -42.9898
vt -69.0033 39.8039
f 21/45/11 22/46/11 23/47/11 24/48/11 

usemtl FrontColor
v -70.0033 -2.16573e-15 -55.0098
vt 0 354.331
vt -39.3701 354.331
v -69.0033 -2.16573e-15 -55.0098
f 25/22/5 22/49/5 21/50/5 26/14/5 

vt -473.228 354.331
vt -473.228 0
v -70.0033 -2.16573e-15 -42.9898
f 22/51/3 25/52/3 27/22/3 23/31/3 

vt -39.3701 473.228
v -69.0033 -2.16573e-15 -42.9898
vt 0 473.228
f 26/53/9 28/14/9 27/22/9 25/54/9 

vt 473.228 0
vt 473.228 354.331
f 28/22/1 26/55/1 21/56/1 24/31/1 

vt 39.3701 118.11
f 23/31/7 27/22/7 28/23/7 24/57/7 

g Mesh5 Group5 Model

usemtl _7
v -92.0285 9 -55.0098
vt -92.0285 53.2382
vn -1.11813e-16 0.894725 0.446618
v -93.0285 9 -55.0098
vt -93.0285 53.2382
v -93.0285 3 -42.9898
vt -93.0285 39.8039
v -92.0285 3 -42.9898
vt -92.0285 39.8039
f 29/58/12 30/59/12 31/60/12 32/61/12 

usemtl FrontColor
v -92.0285 -2.16573e-15 -55.0098
v -93.0285 -2.16573e-15 -55.0098
vt -1.81899e-12 0
f 33/14/5 34/62/5 30/49/5 29/50/5 

vt -1.81899e-12 473.228
v -92.0285 -2.16573e-15 -42.9898
v -93.0285 -2.16573e-15 -42.9898
f 34/63/9 33/53/9 35/14/9 36/62/9 

vt -9.07981e-14 118.11
vn 1 -1.54008e-15 -2.30627e-15
vt -9.07981e-14 6.0633e-14
vt 473.228 6.0633e-14
f 32/64/13 35/65/13 33/66/13 29/56/13 

vt 1.81899e-12 118.11
vt 1.81899e-12 0
f 31/67/7 36/68/7 35/23/7 32/57/7 

vt 1.39836e-27 -8.40416e-27
vn -1 -4.62023e-15 7.68758e-16
vt 1.39836e-27 118.11
vt -473.228 -1.0085e-26
f 36/69/14 31/70/14 30/51/14 34/71/14 

g Mesh6 Group6 Model

usemtl _7
v -119.997 9 -55.0027
vt -119.997 55.0262
vn 0 0.948683 0.316228
v -120.997 9 -55.0027
vt -120.997 55.0262
v -120.997 6 -46.0027
vt -120.997 45.5393
v -119.997 6 -46.0027
vt -119.997 45.5393
f 37/72/15 38/73/15 39/74/15 40/75/15 

usemtl FrontColor
v -119.997 -1.44382e-15 -55.0027
vt -39.3701 2.84217e-14
v -120.997 -1.44382e-15 -55.0027
vt 0 2.84217e-14
f 41/76/5 42/77/5 38/49/5 37/50/5 

v -119.997 -2.16573e-15 -46.0027
vt -39.3701 5.69943e-31
vn -3.60956e-16 -1 -4.01062e-17
v -120.997 -1.44382e-15 -46.0027
vt 1.0259e-29 1.13989e-30
vt 1.0259e-29 354.331
v -119.997 -2.16573e-15 -46.0032
vt -39.3701 0.0211826
f 43/78/16 44/79/16 42/80/16 41/50/16 45/81/16 

vt 39.3701 236.22
vt 0 236.22
f 44/77/7 43/23/7 40/82/7 39/83/7 

vt 0.0211826 0
vt 354.331 2.84217e-14
vt 354.331 354.331
f 43/22/1 45/84/1 41/85/1 37/86/1 40/83/1 

vt -354.331 354.331
vt -354.331 2.84217e-14
f 44/77/3 39/83/3 38/87/3 42/88/3 

g Mesh7 Group7 Model

usemtl _7
v -103.985 9 -52.0032
vt -103.985 50.538
vn 0 0.894427 0.447214
v -104.985 9 -52.0032
vt -104.985 50.538
v -104.985 6 -46.0032
vt -104.985 43.8298
v -103.985 6 -46.0032
vt -103.985 43.8298
f 46/89/17 47/90/17 48/91/17 49/92/17 

usemtl FrontColor
v -103.985 -2.16573e-15 -52.0032
v -104.985 -2.16573e-15 -52.0032
f 50/14/5 51/22/5 47/49/5 46/50/5 

vt -39.3701 236.22
v -103.985 -2.16573e-15 -46.0032
v -104.985 -2.16573e-15 -46.0032
f 51/83/9 50/93/9 52/14/9 53/22/9 

vt 236.22 0
vt 236.22 354.331
f 49/83/1 52/22/1 50/94/1 46/95/1 

f 52/23/7 49/82/7 48/83/7 53/22/7 

vt -236.22 354.331
vt -236.22 0
f 53/22/3 48/83/3 47/96/3 51/97/3 

g Mesh8 Group8 Model

v -44.0181 -2.09272e-15 -18.0394
vt -238.189 3.12965e-14
v -44.0181 -2.88765e-15 -11.9894
v -44.0181 1 -18.0394
vt -238.189 39.3701
f 54/98/3 55/22/3 56/99/3

v -43.0181 -2.09272e-15 -18.0394
vt -39.3701 238.189
vn 7.11211e-32 -1 -1.31393e-16
v -43.0181 -2.88765e-15 -11.9894
vt -39.3701 -3.67907e-46
vt -2.22584e-45 238.189
f 57/100/18 58/101/18 55/22/18 54/102/18 

vt 238.189 3.12965e-14
v -43.0181 1 -18.0394
vt 238.189 39.3701
f 57/103/1 59/104/1 58/22/1

vt -39.3701 39.3701
vt -39.3701 3.12965e-14
vt 0 3.12965e-14
f 59/105/5 57/106/5 54/107/5 56/25/5 

usemtl _7
vt -44.0181 11.8289
vn -4.78442e-17 0.986613 0.163077
vt -43.0181 11.8289
vt -43.0181 17.961
vt -44.0181 17.961
f 55/108/19 58/109/19 59/110/19 56/111/19 

g Mesh9 Group9 Model

usemtl FrontColor
v -67 -1 -17.9857
vt -156.693 0
v -67 -1 -14.0057
v -67 1 -17.9857
vt -156.693 78.7402
f 60/112/3 61/22/3 62/113/3

vt 0 156.693
v -66 -1 -17.9857
vt -39.3701 156.693
v -66 -1 -14.0057
f 60/114/9 63/115/9 64/14/9 61/22/9 

v -66 1 -17.9857
vt -39.3701 78.7402
vt 0 78.7402
f 65/116/5 63/14/5 60/22/5 62/117/5 

vt 156.693 0
vt 156.693 78.7402
f 63/118/1 65/119/1 64/22/1

usemtl _7
vt -66 16.9687
vn 0 0.893527 0.449009
vt -67 16.9687
vt -67 12.5145
vt -66 12.5145
f 65/120/20 62/121/20 61/122/20 64/123/20 

g Mesh10 Group10 Model

usemtl FrontColor
v -113.964 -1 13.9766
vt -276.772 0
vn -1 0 3.28608e-15
v -113.964 -1 21.0066
vt 2.98868e-27 1.42109e-14
v -113.964 -1.80478e-15 21.0066
vt 2.98868e-27 39.3701
f 66/124/21 67/125/21 68/126/21

v -113.044 -1 21.0066
vt -36.2205 -1.82414e-31
vn -1.96172e-16 -1 2.56725e-17
vt -9.09495e-13 -3.64829e-31
vt 0 276.772
v -113.044 -1 13.9766
vt -36.2205 276.772
f 69/127/22 67/128/22 66/129/22 70/130/22 

vt 9.09495e-13 1.42109e-14
vt 36.2205 0
v -113.044 -1.80478e-15 21.0066
vt 36.2205 39.3701
vt 9.09495e-13 39.3701
f 67/131/7 69/132/7 71/133/7 68/134/7 

vt -1.21121e-29 39.3701
vn 1 -2.31012e-14 -3.344e-31
vt -1.21121e-29 8.36735e-13
vt 276.772 8.36735e-13
f 71/135/23 69/136/23 70/137/23

usemtl _7
vt 113.964 13.8374
vn 1.8916e-17 0.990034 -0.14083
vt 113.964 20.9381
vt 113.044 20.9381
vt 113.044 13.8374
f 66/138/24 68/139/24 71/140/24 70/141/24 

g Mesh11 Group11 Model

v -88.0205 -1 -11.0184
vn 8.73824e-17 0.893527 0.449009
v -88.0205 2.50259 -17.9885
vt -66 20.3152
v -89.0205 2.50259 -17.9885
vt -67 20.3152
v -89.0205 -1 -11.0184
f 72/123/25 73/142/25 74/143/25 75/122/25 

usemtl FrontColor
v -88.0205 -1 -14.9984
v -88.0205 -1 -17.9885
vt 274.416 1.56319e-13
vt 274.416 137.897
f 72/22/1 76/118/1 77/144/1 73/145/1 

v -89.0205 -1 -17.9885
vt -3.09025e-45 274.416
vn 1.97688e-32 -1 -5.39055e-16
vt -39.3701 274.416
vt -39.3701 -4.19547e-46
v -89.0205 -1 -14.9984
f 78/146/26 77/147/26 76/115/26 72/148/26 75/22/26 79/114/26 

vt -39.3701 1.56319e-13
vt 0 1.56319e-13
vt 0 137.897
vt -39.3701 137.897
f 77/149/5 78/150/5 74/151/5 73/152/5 

vt -274.416 137.897
vt -274.416 1.56319e-13
f 79/112/3 75/22/3 74/153/3 78/154/3 

g Mesh12 Group12 Model

v -73.9963 -1 -17.9857
v -73.9963 -1 -14.0057
v -73.9963 1 -17.9857
f 80/112/3 81/22/3 82/113/3

v -72.9963 -1 -17.9857
v -72.9963 -1 -14.0057
f 80/114/9 83/115/9 84/14/9 81/22/9 

v -72.9963 1 -17.9857
f 85/116/5 83/14/5 80/22/5 82/117/5 

f 83/118/1 85/119/1 84/22/1

usemtl _7
f 85/120/20 82/121/20 81/122/20 84/123/20 

g Mesh13 Group13 Model

v 54.9745 -1 -32.0035
vt 54.9745 28.7078
vn -1.28378e-18 0.89702 0.44199
v 55.9745 -1 -32.0035
vt 55.9745 28.7078
v 55.9745 -1.44382e-15 -34.033
vt 55.9745 30.9703
v 54.9745 -1.44382e-15 -34.033
vt 54.9745 30.9703
f 86/155/27 87/156/27 88/157/27 89/158/27 

usemtl FrontColor
v 54.9745 -1 -34.033
vt 1.15012e-31 79.9017
vn 1.43116e-18 -1 -4.44635e-17
v 55.9745 -1 -34.033
vt -39.3701 79.9017
vt -39.3701 -3.65346e-30
vt 1.17595e-31 -3.65346e-30
f 90/159/28 91/160/28 87/161/28 86/162/28 

vt -39.3701 -7.85585e-14
vn 0 -2.18718e-17 -1
vt 0 -7.86149e-14
f 91/163/29 90/164/29 89/25/29 88/105/29 

vt -79.9017 -8.03625e-14
vn -1 -1.43116e-18 -0
vt 0 -8.21676e-14
vt -79.9017 39.3701
f 90/165/30 86/166/30 89/167/30

vn 1 1.43116e-18 -0
vt 79.9017 -8.03625e-14
vt 79.9017 39.3701
f 87/166/31 91/168/31 88/169/31

g Mesh14 Group14 Model

v 102.004 -2.88765e-15 -43.985
v 102.004 -2.16573e-15 -53.025
vt 355.906 2.84217e-14
v 102.004 4.5 -53.025
vt 355.906 177.165
f 92/22/1 93/170/1 94/171/1

v 101.004 -2.16573e-15 -53.025
vt 0 355.906
vn 0 -1 -7.98575e-17
vt -39.3701 355.906
v 101.004 -2.88765e-15 -43.985
f 95/172/32 93/173/32 92/14/32 96/22/32 

v 101.004 4.5 -53.025
vt 0 177.165
vt -39.3701 177.165
f 93/76/5 95/77/5 97/174/5 94/175/5 

vt -355.906 2.84217e-14
vt -355.906 177.165
f 95/176/3 96/22/3 97/177/3

usemtl _7
vt 101.004 39.3761
vn 0 0.895218 0.445628
vt 102.004 39.3761
vt 102.004 49.4742
vt 101.004 49.4742
f 96/178/33 92/179/33 94/180/33 97/181/33 

g Mesh15 Group15 Model

usemtl FrontColor
v -45.0143 -2.16573e-15 -34.0142
vt 0 158.268
v -44.0143 -2.16573e-15 -34.0142
vt -39.3701 158.268
v -44.0143 -2.16573e-15 -29.9942
v -45.0143 -2.16573e-15 -29.9942
f 98/182/9 99/183/9 100/14/9 101/22/9 

v -44.0143 3 -34.0142
v -45.0143 3 -34.0142
f 102/32/5 99/14/5 98/22/5 103/31/5 

vt 158.268 0
vt 158.268 118.11
v -44.0143 1 -29.9942
f 99/184/1 102/185/1 104/25/1 100/22/1 

usemtl _7
vt -44.0143 31.7898
vn 0 0.895316 0.445431
vt -45.0143 31.7898
v -45.0143 1 -29.9942
vt -45.0143 27.2998
vt -44.0143 27.2998
f 102/186/34 103/187/34 105/188/34 104/189/34 

usemtl FrontColor
vt -158.268 118.11
vt -158.268 0
f 101/22/3 105/25/3 103/190/3 98/191/3 

f 105/25/7 101/22/7 100/23/7 104/24/7 

g Mesh16 Group16 Model

v 120.983 -2.16573e-15 -50.0335
vt -39.3701 8.13124e-24
v 119.983 -2.16573e-15 -50.0335
vt 0 8.13124e-24
v 119.983 2 -50.0335
v 120.983 2 -50.0335
f 106/192/5 107/193/5 108/117/5 109/116/5 

vt 0 159.055
vn 0 -1 -5.11221e-26
vt -39.3701 159.055
v 120.983 -2.16573e-15 -45.9935
v 119.983 -2.16573e-15 -45.9935
f 107/194/35 106/195/35 110/14/35 111/22/35 

vt 159.055 8.13124e-24
vt 159.055 78.7402
f 110/22/1 106/196/1 109/197/1

usemtl _7
vt 119.983 45.7271
vn 0 0.896195 0.443661
vt 119.983 41.2192
vt 120.983 41.2192
vt 120.983 45.7271
f 108/198/36 111/199/36 110/200/36 109/201/36 

usemtl FrontColor
vt -159.055 8.13124e-24
vt -159.055 78.7402
f 107/202/3 111/22/3 108/203/3

g Mesh17 Group17 Model

usemtl _7
v 68.0032 1 -34.0087
vt 68.0032 33.2358
vn 0 0.970143 0.242536
v 67.0032 1 -34.0087
vt 67.0032 33.2358
v 67.0032 -2.88765e-15 -30.0087
vt 67.0032 29.1127
v 68.0032 -2.88765e-15 -30.0087
vt 68.0032 29.1127
f 112/204/37 113/205/37 114/206/37 115/207/37 

usemtl FrontColor
v 68.0032 -2.16573e-15 -34.0087
v 67.0032 -2.0755e-15 -34.0087
vt 0 3.19744e-14
f 116/76/5 117/208/5 113/25/5 112/105/5 

vn -4.51195e-17 -1 -1.91758e-16
vt 1.44267e-30 157.48
vt -39.3701 157.48
vt -39.3701 3.4063e-31
f 114/22/38 117/209/38 116/210/38 115/211/38 

vt -157.48 3.19744e-14
vt -157.48 39.3701
f 117/212/3 114/22/3 113/213/3

vt 157.48 2.84217e-14
vt 157.48 39.3701
f 115/22/1 116/214/1 112/215/1

g Mesh18 Group18 Model

usemtl _7
v 83.0195 1 -34.0087
vt 83.0195 33.8098
vn 0 0.990006 0.141026
v 82.0195 1 -34.0087
vt 82.0195 33.8098
v 82.0195 -1.44382e-15 -26.9887
vt 82.0195 26.719
v 83.0195 -1.44382e-15 -26.9887
vt 83.0195 26.719
f 118/216/39 119/217/39 120/218/39 121/219/39 

usemtl FrontColor
v 83.0195 -2.16573e-15 -34.0087
v 82.0195 -2.09272e-15 -34.0087
vt 0 2.87474e-15
f 122/14/5 123/220/5 119/25/5 118/105/5 

vt 1.03765e-30 -2.77497e-30
vn -3.65092e-17 -1 9.76356e-17
vt 1.04955e-31 276.378
vt -39.3701 276.378
vt -39.3701 -2.91531e-30
f 120/221/40 123/222/40 122/223/40 121/224/40 

vt -276.378 2.87474e-15
vt -276.378 39.3701
f 123/225/3 120/77/3 119/226/3

vt 276.378 0
vt 276.378 39.3701
f 121/77/1 122/227/1 118/228/1

g Mesh19 Group19 Model

v -35.0143 1 -29.9942
v -35.0143 -2.16573e-15 -29.9942
v -34.0143 -2.16573e-15 -29.9942
vt 39.3701 2.84217e-14
v -34.0143 1 -29.9942
f 124/25/7 125/77/7 126/229/7 127/24/7 

v -35.0143 3 -34.0142
v -35.0143 -2.16573e-15 -34.0142
vt -158.268 2.84217e-14
f 125/77/3 124/25/3 128/190/3 129/230/3 

usemtl _7
v -34.0143 3 -34.0142
vt -34.0143 31.7898
vt -35.0143 31.7898
vt -35.0143 27.2998
vt -34.0143 27.2998
f 130/231/34 128/232/34 124/233/34 127/234/34 

usemtl FrontColor
v -34.0143 -2.88765e-15 -34.0142
f 131/14/5 129/77/5 128/31/5 130/32/5 

vt 1.0259e-29 158.268
vn -3.60956e-16 -1 8.979e-17
vt -39.3701 -3.82798e-30
vt 1.0259e-29 -2.55198e-30
f 129/235/41 131/183/41 126/236/41 125/237/41 

f 127/25/1 126/77/1 131/184/1 130/185/1 

g Mesh20 Group20 Model

usemtl _7
v -10.9928 8.5 -54.0012
vt -10.9928 52.1015
vn 2.60612e-30 0.894427 0.447214
v -11.9928 8.5 -54.0012
vt -11.9928 52.1015
v -11.9928 3 -43.0012
vt -11.9928 39.8031
v -10.9928 3 -43.0012
vt -10.9928 39.8031
f 132/238/42 133/239/42 134/240/42 135/241/42 

usemtl FrontColor
v -11.9928 -2.16573e-15 -54.0012
vt -1.13687e-13 0
vt 0 334.646
vt -39.3701 334.646
v -10.9928 -2.16573e-15 -54.0012
f 136/242/5 133/243/5 132/244/5 137/14/5 

vt -433.071 334.646
vn -1 -3.02092e-16 5.57336e-17
vt -433.071 -4.16354e-29
v -11.9928 -2.16573e-15 -43.0012
vt 6.33617e-30 -3.43439e-29
vt 6.33617e-30 118.11
f 133/245/43 136/246/43 138/247/43 134/248/43 

v -10.9928 -2.16573e-15 -43.0012
vt -1.13687e-13 433.071
vt -39.3701 433.071
f 139/14/9 138/242/9 136/249/9 137/250/9 

vt 1.13687e-13 0
vt 1.13687e-13 118.11
f 138/251/7 139/23/7 135/57/7 134/252/7 

vt 433.071 0
vt 433.071 334.646
f 137/253/1 132/254/1 135/31/1 139/22/1 

g Mesh21 Group21 Model

v -54.0043 -2.16573e-15 -34.0142
v -53.0043 -2.16573e-15 -34.0142
v -53.0043 -2.16573e-15 -29.9942
v -54.0043 -2.16573e-15 -29.9942
f 140/182/9 141/183/9 142/14/9 143/22/9 

v -54.0043 3 -34.0142
v -53.0043 3 -34.0142
f 140/22/5 144/31/5 145/32/5 141/14/5 

v -54.0043 1 -29.9942
f 143/22/3 146/25/3 144/190/3 140/191/3 

v -53.0043 1 -29.9942
f 146/25/7 143/22/7 142/23/7 147/24/7 

f 147/25/1 142/22/1 141/184/1 145/185/1 

usemtl _7
vt -53.0043 31.7898
vt -54.0043 31.7898
vt -54.0043 27.2998
vt -53.0043 27.2998
f 145/255/34 144/256/34 146/257/34 147/258/34 

g Mesh22 Group22 Model

v 92.9859 -2.88765e-15 -43.985
vt 92.9859 39.3805
v 93.9859 -2.88765e-15 -43.985
vt 93.9859 39.3805
v 93.9859 3 -50.015
vt 93.9859 46.1155
v 92.9859 3 -50.015
vt 92.9859 46.1155
f 148/259/34 149/260/34 150/261/34 151/262/34 

usemtl FrontColor
vn 0 -1 -1.1972e-16
v 92.9859 -2.16573e-15 -50.015
vt 0 237.402
v 93.9859 -2.16573e-15 -50.015
vt -39.3701 237.402
f 148/22/44 152/263/44 153/264/44 149/14/44 

vt -237.402 2.84217e-14
vt -237.402 118.11
f 152/265/3 148/22/3 151/266/3

f 153/76/5 152/77/5 151/31/5 150/32/5 

vt 237.402 2.84217e-14
vt 237.402 118.11
f 149/22/1 153/267/1 150/268/1

g Mesh23 Group23 Model

usemtl _1
v 39.0008 4 2.02629
vt 39.0008 -2.02629
vn 0 1 -0
v 39.0008 4 0.00828118
vt 39.0008 -0.00828118
v 31.9958 4 0.00828118
vt 31.9958 -0.00828118
v 31.9958 4 3.49828
vt 31.9958 -3.49828
v 32.1558 4 3.49828
vt 32.1558 -3.49828
v 32.3483 4 3.70165
vt 32.3483 -3.70165
v 32.7473 4 3.70165
vt 32.7473 -3.70165
v 32.8959 4 4.00744
vt 32.8959 -4.00744
v 33.0159 4 4.00744
vt 33.0159 -4.00744
v 33.2129 4 3.88862
vt 33.2129 -3.88862
v 33.4229 4 3.88862
vt 33.4229 -3.88862
v 33.5601 4 3.70402
vt 33.5601 -3.70402
v 33.5601 4 3.52402
vt 33.5601 -3.52402
v 33.9641 4 3.28384
vt 33.9641 -3.28384
v 33.9641 4 2.94851
vt 33.9641 -2.94851
v 34.4277 4 2.87115
vt 34.4277 -2.87115
v 34.5872 4 2.75057
vt 34.5872 -2.75057
v 34.5872 4 2.52057
vt 34.5872 -2.52057
v 34.9704 4 2.26606
vt 34.9704 -2.26606
v 34.9704 4 1.96606
vt 34.9704 -1.96606
v 35.4416 4 1.87463
vt 35.4416 -1.87463
v 35.5684 4 1.7331
vt 35.5684 -1.7331
v 35.5684 4 1.5331
vt 35.5684 -1.5331
v 35.9759 4 1.31973
vt 35.9759 -1.31973
v 35.9759 4 1.44973
vt 35.9759 -1.44973
v 36.3491 4 1.6828
vt 36.3491 -1.6828
v 36.7614 4 1.80503
vt 36.7614 -1.80503
v 36.8777 4 2.02629
vt 36.8777 -2.02629
f 154/269/45 155/270/45 156/271/45 157/272/45 158/273/45 159/274/45 160/275/45 161/276/45 162/277/45 163/278/45 164/279/45 165/280/45 166/281/45 167/282/45 168/283/45 169/284/45 170/285/45 171/286/45 172/287/45 173/288/45 174/289/45 175/290/45 176/291/45 177/292/45 178/293/45 179/294/45 180/295/45 181/296/45 

v 39.0008 -2.16573e-15 2.02629
vt -2.02629 -2.16573e-15
v 39.0008 -2.16572e-15 0.00828118
vt -0.00828118 -2.16572e-15
vt -0.00828118 4
vt -2.02629 4
f 182/297/1 183/298/1 155/299/1 154/300/1 

v 36.8777 -2.16573e-15 2.02629
vt 36.8777 -2.28538e-15
vn 0 5.90458e-17 1
vt 39.0008 -2.28538e-15
vt 39.0008 4
vt 36.8777 4
f 184/301/46 182/302/46 154/303/46 181/304/46 

v 36.7614 -2.16573e-15 1.80503
vt 18.7111 -6.14226e-16
vn -0.885032 4.89517e-17 0.465531
vt 18.9611 -6.14226e-16
vt 18.9611 4
vt 18.7111 4
f 185/305/47 184/306/47 181/307/47 180/308/47 

v 36.3491 -2.16573e-15 1.6828
vt 35.3279 -1.61201e-15
vn -0.284269 6.35041e-17 0.958744
vt 35.7579 -1.61201e-15
vt 35.7579 4
vt 35.3279 4
f 186/309/48 185/310/48 180/311/48 179/312/48 

v 35.9759 -2.16573e-15 1.44973
vt 31.2822 -1.04393e-15
vn -0.529698 6.29283e-17 0.848186
vt 31.7222 -1.04393e-15
vt 31.7222 4
vt 31.2822 4
f 187/313/49 186/314/49 179/315/49 178/316/49 

v 35.9759 -2.16573e-15 1.31973
vt 1.31973 -1.29324e-15
vn -1 2.42523e-17 -0
vt 1.44973 -1.29324e-15
vt 1.44973 4
vt 1.31973 4
f 188/317/50 187/318/50 178/319/50 177/320/50 

v 35.5684 -2.16573e-15 1.5331
vt 30.7994 -2.89893e-15
vn 0.463851 4.10601e-17 0.885913
vt 31.2594 -2.89893e-15
vt 31.2594 4
vt 30.7994 4
f 189/321/51 188/322/51 177/323/51 176/324/51 

v 35.5684 -2.16573e-15 1.7331
vt -1.7331 -1.30312e-15
vn 1 -2.42523e-17 -0
vt -1.5331 -1.30312e-15
vt -1.5331 4
vt -1.7331 4
f 190/325/52 189/326/52 176/327/52 175/328/52 

v 35.4416 -2.16573e-15 1.87463
vt 22.2501 -2.75552e-15
vn 0.744883 2.133e-17 0.667195
vt 22.4401 -2.75552e-15
vt 22.4401 4
vt 22.2501 4
f 191/329/53 190/330/53 175/331/53 174/332/53 

v 34.9704 -2.16573e-15 1.96606
vt 33.9556 -2.62403e-15
vn 0.190477 5.33453e-17 0.981692
vt 34.4356 -2.62403e-15
vt 34.4356 4
vt 33.9556 4
f 192/333/54 191/334/54 174/335/54 173/336/54 

v 34.9704 -2.16573e-15 2.26606
vt -2.26606 -1.31762e-15
vt -1.96606 -1.31762e-15
vt -1.96606 4
vt -2.26606 4
f 193/337/52 192/338/52 173/339/52 172/340/52 

v 34.5872 -2.16573e-15 2.52057
vt 27.4164 -2.92528e-15
vn 0.55328 3.57666e-17 0.832995
vt 27.8764 -2.92528e-15
vt 27.8764 4
vt 27.4164 4
f 194/341/55 193/342/55 172/343/55 171/344/55 

v 34.5872 -2.16573e-15 2.75057
vt -2.75057 -1.32691e-15
vt -2.52057 -1.32691e-15
vt -2.52057 4
vt -2.75057 4
f 195/345/52 194/346/52 171/347/52 170/348/52 

v 34.4277 -2.16574e-15 2.87115
vt 25.735 -2.91443e-15
vn 0.602933 3.24838e-17 0.797792
vt 25.935 -2.91443e-15
vt 25.935 4
vt 25.735 4
f 196/349/56 195/350/56 170/351/56 169/352/56 

v 33.9641 -2.16672e-15 2.94851
vt 33.0156 -2.62774e-15
vn 0.164582 5.42492e-17 0.986363
vt 33.4856 -2.62676e-15
vt 33.4856 4
vt 33.0156 4
f 197/353/57 196/354/57 169/355/57 168/356/57 

v 33.9641 -2.16672e-15 3.28384
vt -3.28384 -1.34301e-15
vt -2.94851 -1.34301e-15
vt -2.94851 4
vt -3.28384 4
f 198/357/52 197/358/52 168/359/52 167/360/52 

v 33.5601 -2.53344e-15 3.52402
vt 27.0462 -3.30752e-15
vn 0.511025 3.83603e-17 0.859566
vt 27.5162 -2.9408e-15
vt 27.5162 4
vt 27.0462 4
f 199/361/58 198/362/58 167/363/58 166/364/58 

v 33.5601 -2.53344e-15 3.70402
vt -3.70402 -1.71953e-15
vt -3.52402 -1.71953e-15
vt -3.52402 4
vt -3.70402 4
f 200/365/52 199/366/52 166/367/52 165/368/52 

v 33.4229 -2.15104e-15 3.88862
vt 16.8157 -2.61024e-15
vn 0.802613 1.57557e-17 0.5965
vt 17.0457 -2.99264e-15
vt 17.0457 4
vt 16.8157 4
f 201/369/59 200/370/59 165/371/59 164/372/59 

v 33.2129 -2.15104e-15 3.88862
vt 33.2129 -2.38065e-15
vt 33.4229 -2.38065e-15
vt 33.4229 4
vt 33.2129 4
f 202/373/46 201/374/46 164/375/46 163/376/46 

v 33.0159 -1.44381e-15 4.00744
vt 26.1985 -2.2229e-15
vn 0.516616 3.8027e-17 0.856217
vt 26.4285 -2.93013e-15
vt 26.4285 4
vt 26.1985 4
f 203/377/60 202/378/60 163/379/60 162/380/60 

v 32.8959 -1.44381e-15 4.00744
vt 32.8959 -1.68044e-15
vt 33.0159 -1.68044e-15
vt 33.0159 4
vt 32.8959 4
f 204/381/46 203/382/46 162/383/46 161/384/46 

v 32.7473 -1.44543e-15 3.70165
vt 17.6444 -1.19844e-16
vn -0.899394 4.76236e-17 0.437139
vt 17.9844 -1.1823e-16
vt 17.9844 4
vt 17.6444 4
f 205/385/61 204/386/61 161/387/61 160/388/61 

v 32.3483 -1.44543e-15 3.70165
vt 32.3483 -1.664e-15
vt 32.7473 -1.664e-15
vt 32.7473 4
vt 32.3483 4
f 206/389/46 205/390/46 160/391/46 159/392/46 

v 32.1558 -2.16572e-15 3.49828
vt 24.644 -9.46399e-16
vn -0.726301 5.82012e-17 0.687377
vt 24.924 -2.26103e-16
vt 24.924 4
vt 24.644 4
f 207/393/62 206/394/62 159/395/62 158/396/62 

v 31.9958 -2.16572e-15 3.49828
vt 31.9958 -2.37228e-15
vt 32.1558 -2.37228e-15
vt 32.1558 4
vt 31.9958 4
f 208/397/46 207/398/46 158/399/46 157/400/46 

v 31.9958 -2.16572e-15 0.00828118
vt 0.00828118 -2.16572e-15
vt 3.49828 -2.16572e-15
vt 3.49828 4
vt 0.00828118 4
f 209/401/3 208/402/3 157/403/3 156/404/3 

g Mesh24 Group24 Model

v 45.1514 -2.16573e-15 4.5057
vt 31.1315 -2.16572e-15
vn -0.792053 5.30042e-22 0.610452
v 45.3101 -2.16573e-15 4.71163
vt 31.3915 -2.16572e-15
v 45.3101 4 4.71163
vt 31.3915 4
v 45.1514 4 4.5057
vt 31.1315 4
f 210/405/63 211/406/63 212/407/63 213/408/63 

vt 45.5273 -2.16573e-15
vn -0.137715 -4.5972e-22 0.990472
v 45.746 -2.16573e-15 4.77223
vt 45.9673 -2.16573e-15
v 45.746 4 4.77223
vt 45.9673 4
vt 45.5273 4
f 211/409/64 214/410/64 215/411/64 212/412/64 

vt 25.2182 -2.16571e-15
vn -0.888663 7.35949e-22 0.458561
v 45.8743 -2.16573e-15 5.02105
vt 25.4982 -2.16571e-15
v 45.8743 4 5.02105
vt 25.4982 4
vt 25.2182 4
f 214/413/65 216/414/65 217/415/65 215/416/65 

vt 45.8743 -2.16573e-15
vn 0 -6.24063e-22 1
v 45.9843 -2.16573e-15 5.02105
vt 45.9843 -2.16573e-15
v 45.9843 4 5.02105
vt 45.9843 4
vt 45.8743 4
f 216/417/66 218/418/66 219/419/66 217/420/66 

vt 5.02105 -2.16568e-15
vn -1 1.15018e-21 -0
v 45.9843 -2.16573e-15 5.44105
vt 5.44105 -2.16568e-15
v 45.9843 4 5.44105
vt 5.44105 4
vt 5.02105 4
f 218/421/67 220/422/67 221/423/67 219/424/67 

vt 40.0729 -2.16573e-15
vn -0.599285 1.89699e-22 0.800536
v 46.0964 -2.16573e-15 5.52495
vt 40.2129 -2.16573e-15
v 46.0964 4 5.52495
vt 40.2129 4
vt 40.0729 4
f 220/425/68 222/426/68 223/427/68 221/428/68 

vt 46.0964 -2.16573e-15
v 46.1664 -2.16573e-15 5.52495
vt 46.1664 -2.16573e-15
v 46.1664 4 5.52495
vt 46.1664 4
vt 46.0964 4
f 222/429/66 224/430/66 225/431/66 223/432/66 

vt 36.7619 -2.16572e-15
vn -0.701881 3.62772e-22 0.712294
v 46.3445 -2.16573e-15 5.70042
vt 37.0119 -2.16572e-15
v 46.3445 4 5.70042
vt 37.0119 4
vt 36.7619 4
f 224/433/69 226/434/69 227/435/69 225/436/69 

vt 46.2406 -2.16574e-15
vn -0.258834 -3.05091e-22 0.965922
v 46.7695 -2.16573e-15 5.81431
vt 46.6806 -2.16574e-15
v 46.7695 4 5.81431
vt 46.6806 4
vt 46.2406 4
f 226/437/70 228/438/70 229/439/70 227/440/70 

vt 28.9586 -2.16571e-15
vn -0.858735 6.67916e-22 0.51242
v 46.8925 -2.16573e-15 6.02041
vt 29.1986 -2.16571e-15
v 46.8925 4 6.02041
vt 29.1986 4
vt 28.9586 4
f 228/441/71 230/442/71 231/443/71 229/444/71 

vt 46.8925 -2.16573e-15
v 47.0225 -2.16573e-15 6.02041
vt 47.0225 -2.16573e-15
v 47.0225 4 6.02041
vt 47.0225 4
vt 46.8925 4
f 230/445/66 232/446/66 233/447/66 231/448/66 

vt 32.0214 -2.16569e-15
vn 0.645639 -1.21916e-21 0.763642
v 47.1828 -2.16573e-15 5.88482
vt 32.2314 -2.16569e-15
v 47.1828 4 5.88482
vt 32.2314 4
vt 32.0214 4
f 232/449/72 234/450/72 235/451/72 233/452/72 

vt 47.1828 -2.16573e-15
v 47.4128 -2.16573e-15 5.88482
vt 47.4128 -2.16573e-15
v 47.4128 4 5.88482
vt 47.4128 4
vt 47.1828 4
f 234/453/66 236/454/66 237/455/66 235/456/66 

vt 29.3429 -2.16569e-15
vn 0.707516 -1.25479e-21 0.706697
v 47.5542 -2.16573e-15 5.74332
vt 29.5429 -2.16569e-15
v 47.5542 4 5.74332
vt 29.5429 4
vt 29.3429 4
f 236/457/73 238/458/73 239/459/73 237/460/73 

vt -5.74332 -2.16568e-15
vn 1 -1.15018e-21 -0
v 47.5542 -2.16573e-15 5.52332
vt -5.52332 -2.16568e-15
v 47.5542 4 5.52332
vt -5.52332 4
vt -5.74332 4
f 238/461/74 240/462/74 241/463/74 239/464/74 

vt 38.5313 -2.1657e-15
vn 0.496657 -1.1129e-21 0.867947
v 47.9968 -2.16573e-15 5.27002
vt 39.0413 -2.1657e-15
v 47.9968 4 5.27002
vt 39.0413 4
vt 38.5313 4
f 240/465/75 242/466/75 243/467/75 241/468/75 

vt -5.27002 -2.16573e-15
v 47.9968 -2.16573e-15 0.00828118
vt -0.00828118 -2.16573e-15
v 47.9968 4 0.00828118
vt -5.27002 4
f 242/469/1 244/470/1 245/299/1 243/471/1 

vt 47.9968 -5.27002
vt 47.9968 -0.00828118
v 41.0214 4 0.00828118
vt 41.0214 -0.00828118
v 41.0214 4 2.02629
vt 41.0214 -2.02629
v 44.9914 4 2.02629
vt 44.9914 -2.02629
v 44.9914 4 4.41629
vt 44.9914 -4.41629
v 45.0714 4 4.5057
vt 45.0714 -4.5057
vt 45.1514 -4.5057
vt 45.3101 -4.71163
vt 45.746 -4.77223
vt 45.8743 -5.02105
vt 45.9843 -5.02105
vt 45.9843 -5.44105
vt 46.0964 -5.52495
vt 46.1664 -5.52495
vt 46.3445 -5.70042
vt 46.7695 -5.81431
vt 46.8925 -6.02041
vt 47.0225 -6.02041
vt 47.1828 -5.88482
vt 47.4128 -5.88482
vt 47.5542 -5.74332
vt 47.5542 -5.52332
f 243/472/45 245/473/45 246/474/45 247/475/45 248/476/45 249/477/45 250/478/45 213/479/45 212/480/45 215/481/45 217/482/45 219/483/45 221/484/45 223/485/45 225/486/45 227/487/45 229/488/45 231/489/45 233/490/45 235/491/45 237/492/45 239/493/45 241/494/45 

v 41.0214 -2.16572e-15 0.00828118
v 41.0214 -2.16572e-15 2.02629
vt 2.02629 -2.16572e-15
vt 2.02629 4
f 251/401/3 252/495/3 247/496/3 246/404/3 

vt 41.0214 -2.16572e-15
v 44.9914 -2.16572e-15 2.02629
vt 44.9914 -2.16572e-15
vt 44.9914 4
vt 41.0214 4
f 252/497/66 253/498/66 248/499/66 247/500/66 

vt 2.02629 -2.16567e-15
v 44.9914 -2.16572e-15 4.41629
vt 4.41629 -2.16567e-15
vt 4.41629 4
f 253/501/67 254/502/67 249/503/67 248/496/67 

vt 33.2996 -2.16571e-15
vn -0.745058 4.407e-22 0.666999
v 45.0714 -2.16573e-15 4.5057
vt 33.4196 -2.16572e-15
vt 33.4196 4
vt 33.2996 4
f 254/504/76 255/505/76 250/506/76 249/507/76 

vt 45.0714 -2.16573e-15
vt 45.1514 -2.16573e-15
vt 45.1514 4
vt 45.0714 4
f 255/508/66 210/509/66 213/510/66 250/511/66 

g Mesh25 Model

v -44.673 -2.16573e-15 45.9725
vt 44.673 -1.48066e-15
vn 0 1.49019e-17 -1
v -60.073 -2.16573e-15 45.9725
vt 60.073 -1.48066e-15
v -60.073 4 45.9725
vt 60.073 4
v -44.673 4 45.9725
vt 44.673 4
f 256/512/77 257/513/77 258/514/77 259/515/77 

v -44.1647 -1.44392e-15 46.4411
vt 44.1647 -46.4411
vn 9.52286e-18 -1 -1.49019e-17
v -44.0634 -1.44382e-15 46.6452
vt 44.0634 -46.6452
v -44.0634 -1.44382e-15 49.2952
vt 44.0634 -49.2952
v -44.4189 -1.44382e-15 49.4993
vt 44.4189 -49.4993
v -44.4189 -1.44382e-15 49.7093
vt 44.4189 -49.7093
v -44.5945 -1.44382e-15 49.873
vt 44.5945 -49.873
v -44.8745 -1.44382e-15 49.873
vt 44.8745 -49.873
v -44.992 -2.16347e-15 49.9958
vt 44.992 -49.9958
v -45.992 -2.16347e-15 49.9958
vt 45.992 -49.9958
v -45.992 -2.16347e-15 50.1858
vt 45.992 -50.1858
v -46.0703 -2.16567e-15 50.3254
vt 46.0703 -50.3254
v -46.4459 -2.16573e-15 50.5134
vt 46.4459 -50.5134
v -46.4459 -2.16573e-15 50.7234
vt 46.4459 -50.7234
v -46.582 -2.16573e-15 50.8699
vt 46.582 -50.8699
v -46.9839 -2.16573e-15 50.9511
vt 46.9839 -50.9511
v -46.9839 -2.16573e-15 61.0711
vt 46.9839 -61.0711
v -46.6839 -2.16573e-15 61.0711
vt 46.6839 -61.0711
v -46.4393 -2.89206e-15 61.4248
vt 46.4393 -61.4248
v -46.1593 -2.89206e-15 61.4248
vt 46.1593 -61.4248
v -46.0422 -2.88769e-15 61.611
vt 46.0422 -61.611
v -46.0422 -2.88769e-15 61.981
vt 46.0422 -61.981
v -43.6823 -2.88769e-15 61.981
vt 43.6823 -61.981
v -43.4174 -2.16164e-15 62.4168
vt 43.4174 -62.4168
v -43.1874 -2.16164e-15 62.4168
vt 43.1874 -62.4168
v -43.0196 -2.16568e-15 62.6655
vt 43.0196 -62.6655
v -43.0196 -2.1292e-15 64
vt 43.0196 -64
v -63.9996 -2.09272e-15 64
vt 63.9996 -64
v -63.9996 -2.09272e-15 59.24
vt 63.9996 -59.24
v -63.8082 -2.16578e-15 59.0496
vt 63.8082 -59.0496
v -63.6782 -2.16578e-15 59.0496
vt 63.6782 -59.0496
v -63.4684 -2.16573e-15 59.3664
vt 63.4684 -59.3664
v -63.1787 -2.16573e-15 59.4444
vt 63.1787 -59.4444
v -63.0714 -2.16573e-15 59.6249
vt 63.0714 -59.6249
v -63.0714 -2.16573e-15 60.0092
vt 63.0714 -60.0092
v -62.6941 -2.16573e-15 60.0092
vt 62.6941 -60.0092
v -62.4273 -2.16573e-15 60.4082
vt 62.4273 -60.4082
v -62.1973 -2.16573e-15 60.4082
vt 62.1973 -60.4082
v -62.0476 -2.16573e-15 60.6448
vt 62.0476 -60.6448
v -62.0476 -2.16573e-15 61.9948
vt 62.0476 -61.9948
v -49.9876 -2.16573e-15 61.9948
vt 49.9876 -61.9948
v -49.9307 -2.16573e-15 61.6292
vt 49.9307 -61.6292
v -49.795 -2.16573e-15 61.4962
vt 49.795 -61.4962
v -49.695 -2.16573e-15 61.4962
vt 49.695 -61.4962
v -49.695 -2.16573e-15 61.3762
vt 49.695 -61.3762
v -49.3679 -2.16573e-15 60.9981
vt 49.3679 -60.9981
v -49.0079 -2.16573e-15 60.9981
vt 49.0079 -60.9981
v -49.0079 -2.16573e-15 50.9981
vt 49.0079 -50.9981
v -49.1479 -2.16573e-15 50.9981
vt 49.1479 -50.9981
v -49.2841 -1.44961e-15 50.7196
vt 49.2841 -50.7196
v -49.6811 -2.16432e-15 50.671
vt 49.6811 -50.671
v -50.0066 -2.52635e-15 50.4385
vt 50.0066 -50.4385
v -50.0066 -2.52635e-15 49.9985
vt 50.0066 -49.9985
v -61.9766 -2.52635e-15 49.9985
vt 61.9766 -49.9985
v -61.9766 -2.52635e-15 50.1885
vt 61.9766 -50.1885
v -62.0627 -2.1599e-15 50.3114
vt 62.0627 -50.3114
v -62.4406 -2.16576e-15 50.5165
vt 62.4406 -50.5165
v -62.4406 -2.16576e-15 50.7365
vt 62.4406 -50.7365
v -62.579 -2.16573e-15 50.8944
vt 62.579 -50.8944
v -63.0444 -2.16573e-15 50.9602
vt 63.0444 -50.9602
v -63.0444 -2.16573e-15 51.2002
vt 63.0444 -51.2002
v -63.106 -2.16573e-15 51.3799
vt 63.106 -51.3799
v -63.4277 -2.16573e-15 51.5178
vt 63.4277 -51.5178
v -63.4277 -2.16573e-15 51.7378
vt 63.4277 -51.7378
v -63.5686 -2.16573e-15 51.8935
vt 63.5686 -51.8935
v -63.9996 -2.09272e-15 51.8894
vt 63.9996 -51.8894
v -63.9996 -2.09272e-15 43.6794
vt 63.9996 -43.6794
v -63.8088 -2.16595e-15 43.4883
vt 63.8088 -43.4883
v -63.7188 -2.16595e-15 43.4883
vt 63.7188 -43.4883
v -63.7188 -2.16595e-15 43.3783
vt 63.7188 -43.3783
v -63.6358 -2.16573e-15 43.2416
vt 63.6358 -43.2416
v -63.3629 -2.5231e-15 42.9916
vt 63.3629 -42.9916
v -63.1329 -2.5231e-15 42.9916
vt 63.1329 -42.9916
v -62.7066 -2.1693e-15 43.0474
vt 62.7066 -43.0474
v -62.4013 -2.52573e-15 43.4434
vt 62.4013 -43.4434
v -62.1913 -2.52573e-15 43.4434
vt 62.1913 -43.4434
v -62.0441 -1.81305e-15 43.6329
vt 62.0441 -43.6329
v -62.0441 -1.81305e-15 44.0329
vt 62.0441 -44.0329
v -61.7286 -1.81305e-15 44.0329
vt 61.7286 -44.0329
v -61.4123 -2.1654e-15 44.4457
vt 61.4123 -44.4457
v -61.196 -2.1654e-15 44.4457
vt 61.196 -44.4457
v -61.064 -2.16574e-15 44.6461
vt 61.064 -44.6461
v -61.064 -2.16574e-15 45.0461
vt 61.064 -45.0461
v -60.704 -2.16574e-15 45.0461
vt 60.704 -45.0461
v -60.4028 -2.16573e-15 45.4453
vt 60.4028 -45.4453
v -60.2128 -2.16573e-15 45.4453
vt 60.2128 -45.4453
v -60.073 -2.16573e-15 45.6279
vt 60.073 -45.6279
vt 60.073 -45.9725
vt 44.673 -45.9725
v -44.4047 -1.44392e-15 46.4411
vt 44.4047 -46.4411
f 260/516/78 261/517/78 262/518/78 263/519/78 264/520/78 265/521/78 266/522/78 267/523/78 268/524/78 269/525/78 270/526/78 271/527/78 272/528/78 273/529/78 274/530/78 275/531/78 276/532/78 277/533/78 278/534/78 279/535/78 280/536/78 281/537/78 282/538/78 283/539/78 284/540/78 285/541/78 286/542/78 287/543/78 288/544/78 289/545/78 290/546/78 291/547/78 292/548/78 293/549/78 294/550/78 295/551/78 296/552/78 297/553/78 298/554/78 299/555/78 300/556/78 301/557/78 302/558/78 303/559/78 304/560/78 305/561/78 306/562/78 307/563/78 308/564/78 309/565/78 310/566/78 311/567/78 312/568/78 313/569/78 314/570/78 315/571/78 316/572/78 317/573/78 318/574/78 319/575/78 320/576/78 321/577/78 322/578/78 323/579/78 324/580/78 325/581/78 326/582/78 327/583/78 328/584/78 329/585/78 330/586/78 331/587/78 332/588/78 333/589/78 334/590/78 335/591/78 336/592/78 337/593/78 338/594/78 339/595/78 340/596/78 341/597/78 342/598/78 343/599/78 344/600/78 345/601/78 257/602/78 256/603/78 346/604/78 

vt -22.1885 -5.31329e-16
vn 0.895711 1.51556e-17 -0.444636
vt -21.9606 -5.31426e-16
v -44.1647 4 46.4411
vt -21.9606 4
v -44.0634 4 46.6452
vt -22.1885 4
f 261/605/79 260/606/79 347/607/79 348/608/79 

vt 44.1647 -7.51861e-16
vt 44.4047 -7.51861e-16
v -44.4047 4 46.4411
vt 44.4047 4
vt 44.1647 4
f 260/609/77 346/610/77 349/611/77 347/612/77 

vt -18.2369 -4.78543e-16
vn 0.867805 1.56688e-17 -0.496905
vt -17.6969 -1.20036e-15
vt -17.6969 4
vt -18.2369 4
f 346/613/80 256/614/80 259/615/80 349/616/80 

vt -44.0634 -46.6452
vn -9.52286e-18 1 1.49019e-17
vt -44.1647 -46.4411
vt -44.4047 -46.4411
vt -44.673 -45.9725
vt -60.073 -45.9725
v -60.073 4 45.6279
vt -60.073 -45.6279
v -60.2128 4 45.4453
vt -60.2128 -45.4453
v -60.4028 4 45.4453
vt -60.4028 -45.4453
v -60.704 4 45.0461
vt -60.704 -45.0461
v -61.064 4 45.0461
vt -61.064 -45.0461
v -61.064 4 44.6461
vt -61.064 -44.6461
v -61.196 4 44.4457
vt -61.196 -44.4457
v -61.4123 4 44.4457
vt -61.4123 -44.4457
v -61.7286 4 44.0329
vt -61.7286 -44.0329
v -62.0441 4 44.0329
vt -62.0441 -44.0329
v -62.0441 4 43.6329
vt -62.0441 -43.6329
v -62.1913 4 43.4434
vt -62.1913 -43.4434
v -62.4013 4 43.4434
vt -62.4013 -43.4434
v -62.7066 4 43.0474
vt -62.7066 -43.0474
v -63.1329 4 42.9916
vt -63.1329 -42.9916
v -63.3629 4 42.9916
vt -63.3629 -42.9916
v -63.6358 4 43.2416
vt -63.6358 -43.2416
v -63.7188 4 43.3783
vt -63.7188 -43.3783
v -63.7188 4 43.4883
vt -63.7188 -43.4883
v -63.8088 4 43.4883
vt -63.8088 -43.4883
v -63.9996 4 43.6794
vt -63.9996 -43.6794
v -63.9996 4 51.8894
vt -63.9996 -51.8894
v -63.5686 4 51.8935
vt -63.5686 -51.8935
v -63.4277 4 51.7378
vt -63.4277 -51.7378
v -63.4277 4 51.5178
vt -63.4277 -51.5178
v -63.106 4 51.3799
vt -63.106 -51.3799
v -63.0444 4 51.2002
vt -63.0444 -51.2002
v -63.0444 4 50.9602
vt -63.0444 -50.9602
v -62.579 4 50.8944
vt -62.579 -50.8944
v -62.4406 4 50.7365
vt -62.4406 -50.7365
v -62.4406 4 50.5165
vt -62.4406 -50.5165
v -62.0627 4 50.3114
vt -62.0627 -50.3114
v -61.9766 4 50.1885
vt -61.9766 -50.1885
v -61.9766 4 49.9985
vt -61.9766 -49.9985
v -50.0066 4 49.9985
vt -50.0066 -49.9985
v -50.0066 4 50.4385
vt -50.0066 -50.4385
v -49.6811 4 50.671
vt -49.6811 -50.671
v -49.2841 4 50.7196
vt -49.2841 -50.7196
v -49.1479 4 50.9981
vt -49.1479 -50.9981
v -49.0079 4 50.9981
vt -49.0079 -50.9981
v -49.0079 4 60.9981
vt -49.0079 -60.9981
v -49.3679 4 60.9981
vt -49.3679 -60.9981
v -49.695 4 61.3762
vt -49.695 -61.3762
v -49.695 4 61.4962
vt -49.695 -61.4962
v -49.795 4 61.4962
vt -49.795 -61.4962
v -49.9307 4 61.6292
vt -49.9307 -61.6292
v -49.9876 4 61.9948
vt -49.9876 -61.9948
v -62.0476 4 61.9948
vt -62.0476 -61.9948
v -62.0476 4 60.6448
vt -62.0476 -60.6448
v -62.1973 4 60.4082
vt -62.1973 -60.4082
v -62.4273 4 60.4082
vt -62.4273 -60.4082
v -62.6941 4 60.0092
vt -62.6941 -60.0092
v -63.0714 4 60.0092
vt -63.0714 -60.0092
v -63.0714 4 59.6249
vt -63.0714 -59.6249
v -63.1787 4 59.4444
vt -63.1787 -59.4444
v -63.4684 4 59.3664
vt -63.4684 -59.3664
v -63.6782 4 59.0496
vt -63.6782 -59.0496
v -63.8082 4 59.0496
vt -63.8082 -59.0496
v -63.9996 4 59.24
vt -63.9996 -59.24
v -63.9996 4 64
vt -63.9996 -64
v -43.0196 4 64
vt -43.0196 -64
v -43.0196 4 62.6655
vt -43.0196 -62.6655
v -43.1874 4 62.4168
vt -43.1874 -62.4168
v -43.4174 4 62.4168
vt -43.4174 -62.4168
v -43.6823 4 61.981
vt -43.6823 -61.981
v -46.0422 4 61.981
vt -46.0422 -61.981
v -46.0422 4 61.611
vt -46.0422 -61.611
v -46.1593 4 61.4248
vt -46.1593 -61.4248
v -46.4393 4 61.4248
vt -46.4393 -61.4248
v -46.6839 4 61.0711
vt -46.6839 -61.0711
v -46.9839 4 61.0711
vt -46.9839 -61.0711
v -46.9839 4 50.9511
vt -46.9839 -50.9511
v -46.582 4 50.8699
vt -46.582 -50.8699
v -46.4459 4 50.7234
vt -46.4459 -50.7234
v -46.4459 4 50.5134
vt -46.4459 -50.5134
v -46.0703 4 50.3254
vt -46.0703 -50.3254
v -45.992 4 50.1858
vt -45.992 -50.1858
v -45.992 4 49.9958
vt -45.992 -49.9958
v -44.992 4 49.9958
vt -44.992 -49.9958
v -44.8745 4 49.873
vt -44.8745 -49.873
v -44.5945 4 49.873
vt -44.5945 -49.873
v -44.4189 4 49.7093
vt -44.4189 -49.7093
v -44.4189 4 49.4993
vt -44.4189 -49.4993
v -44.0634 4 49.2952
vt -44.0634 -49.2952
f 348/617/81 347/618/81 349/619/81 259/620/81 258/621/81 350/622/81 351/623/81 352/624/81 353/625/81 354/626/81 355/627/81 356/628/81 357/629/81 358/630/81 359/631/81 360/632/81 361/633/81 362/634/81 363/635/81 364/636/81 365/637/81 366/638/81 367/639/81 368/640/81 369/641/81 370/642/81 371/643/81 372/644/81 373/645/81 374/646/81 375/647/81 376/648/81 377/649/81 378/650/81 379/651/81 380/652/81 381/653/81 382/654/81 383/655/81 384/656/81 385/657/81 386/658/81 387/659/81 388/660/81 389/661/81 390/662/81 391/663/81 392/664/81 393/665/81 394/666/81 395/667/81 396/668/81 397/669/81 398/670/81 399/671/81 400/672/81 401/673/81 402/674/81 403/675/81 404/676/81 405/677/81 406/678/81 407/679/81 408/680/81 409/681/81 410/682/81 411/683/81 412/684/81 413/685/81 414/686/81 415/687/81 416/688/81 417/689/81 418/690/81 419/691/81 420/692/81 421/693/81 422/694/81 423/695/81 424/696/81 425/697/81 426/698/81 427/699/81 428/700/81 429/701/81 430/702/81 431/703/81 432/704/81 433/705/81 

vt -45.9725 -1.59367e-15
vn 1 9.52286e-18 -0
vt -45.6279 -1.59367e-15
vt -45.6279 4
vt -45.9725 4
f 257/706/82 345/707/82 350/708/82 258/709/82 

vt 0.293402 -9.11954e-16
vn 0.79398 1.66205e-17 -0.607944
vt 0.523402 -9.11954e-16
vt 0.523402 4
vt 0.293402 4
f 345/710/83 344/711/83 351/712/83 350/713/83 

vt 60.2128 -1.48852e-15
vt 60.4028 -1.48852e-15
vt 60.4028 4
vt 60.2128 4
f 344/714/77 343/715/77 352/716/77 351/717/77 

vt 0.101888 -9.1268e-16
vn 0.798279 1.65771e-17 -0.602288
vt 0.601888 -9.12681e-16
vt 0.601888 4
vt 0.101888 4
f 343/718/84 342/719/84 353/720/84 352/721/84 

vt 60.704 -1.49446e-15
vt 61.064 -1.49446e-15
vt 61.064 4
vt 60.704 4
f 342/722/77 341/723/77 354/724/77 353/725/77 

vt -45.0461 -1.58423e-15
vt -44.6461 -1.58423e-15
vt -44.6461 4
vt -45.0461 4
f 341/726/82 340/727/82 355/728/82 354/729/82 

vt -3.71116 -9.45679e-16
vn 0.835234 1.61483e-17 -0.549895
vt -3.47116 -9.45344e-16
vt -3.47116 4
vt -3.71116 4
f 340/730/85 339/731/85 356/732/85 355/733/85 

vt 61.196 -1.50308e-15
vt 61.4123 -1.50308e-15
vt 61.4123 4
vt 61.196 4
f 339/734/77 338/735/77 357/736/77 356/737/77 

vt 2.0771 -9.05721e-16
vn 0.793732 1.66229e-17 -0.608267
vt 2.5971 -5.5337e-16
vt 2.5971 4
vt 2.0771 4
f 338/738/86 337/739/86 358/740/86 357/741/86 

vt 61.7286 -1.15688e-15
vt 62.0441 -1.15688e-15
vt 62.0441 4
vt 61.7286 4
f 337/742/77 336/743/77 359/744/77 358/745/77 

vt -44.0329 -1.22221e-15
vt -43.6329 -1.22221e-15
vt -43.6329 4
vt -44.0329 4
f 336/746/82 335/747/82 360/748/82 359/749/82 

vt 3.59306 -5.50699e-16
vn 0.78981 1.66613e-17 -0.613351
vt 3.83306 -1.26337e-15
vt 3.83306 4
vt 3.59306 4
f 335/750/87 334/751/87 361/752/87 360/753/87 

vt 62.1913 -1.87834e-15
vt 62.4013 -1.87834e-15
vt 62.4013 4
vt 62.1913 4
f 334/754/77 333/755/77 362/756/77 361/757/77 

vt 3.69195 -1.26199e-15
vn 0.791986 1.66401e-17 -0.61054
vt 4.19195 -9.05571e-16
vt 4.19195 4
vt 3.69195 4
f 333/758/88 332/759/88 363/760/88 362/761/88 

vt 56.5966 -1.35575e-15
vn 0.129643 1.60107e-17 -0.991561
vt 57.0266 -1.70954e-15
vt 57.0266 4
vt 56.5966 4
f 332/762/89 331/763/89 364/764/89 363/765/89 

vt 63.1329 -1.88244e-15
vt 63.3629 -1.88244e-15
vt 63.3629 4
vt 63.1329 4
f 331/766/77 330/767/77 365/768/77 364/769/77 

vt 75.7629 -2.57366e-15
vn -0.675452 4.55644e-18 -0.737404
vt 76.1329 -2.21629e-15
vt 76.1329 4
vt 75.7629 4
f 330/770/90 329/771/90 366/772/90 365/773/90 

vt 69.9947 -2.15288e-15
vn -0.854678 -4.02559e-19 -0.519158
vt 70.1547 -2.15309e-15
vt 70.1547 4
vt 69.9947 4
f 329/774/91 328/775/91 367/776/91 366/777/91 

vt 43.3783 -1.55917e-15
vn -1 -9.52286e-18 -0
vt 43.4883 -1.55917e-15
vt 43.4883 4
vt 43.3783 4
f 328/778/92 327/779/92 368/780/92 367/781/92 

vt 63.7188 -1.51789e-15
vt 63.8088 -1.51789e-15
vt 63.8088 4
vt 63.7188 4
f 327/782/77 326/783/77 369/784/77 368/785/77 

vt 75.8592 -2.22063e-15
vn -0.707663 3.78993e-18 -0.70655
vt 76.1292 -2.14741e-15
vt 76.1292 4
vt 75.8592 4
f 326/786/93 325/787/93 370/788/93 369/789/93 

vt 43.6794 -1.48326e-15
vt 51.8894 -1.48326e-15
vt 51.8894 4
vt 43.6794 4
f 325/790/92 324/791/92 371/792/92 370/793/92 

vt -63.5001 -1.30564e-15
vn -0.00957017 -1.49923e-17 0.999954
vt -63.0691 -1.37865e-15
vt -63.0691 4
vt -63.5001 4
f 324/794/94 323/795/94 372/796/94 371/797/94 

vt -81.135 -2.20191e-15
vn 0.741261 -2.94344e-18 0.671217
vt -80.925 -2.20191e-15
vt -80.925 4
vt -81.135 4
f 323/798/95 322/799/95 373/800/95 372/801/95 

vt -51.7378 -1.56172e-15
vt -51.5178 -1.56172e-15
vt -51.5178 4
vt -51.7378 4
f 322/802/82 321/803/82 374/804/82 373/805/82 

vt -78.595 -1.94337e-15
vn 0.393998 -9.94447e-18 0.919111
vt -78.245 -1.94337e-15
vt -78.245 4
vt -78.595 4
f 321/806/96 320/807/96 375/808/96 374/809/96 

vt -69.0622 -1.9859e-15
vn 0.946 4.17796e-18 0.324166
vt -68.8722 -1.9859e-15
vt -68.8722 4
vt -69.0622 4
f 320/810/97 319/811/97 376/812/97 375/813/97 

vt -51.2002 -1.56537e-15
vt -50.9602 -1.56537e-15
vt -50.9602 4
vt -51.2002 4
f 319/814/82 318/815/82 377/816/82 376/817/82 

vt -69.5584 -1.60697e-15
vn 0.140011 -1.34218e-17 0.99015
vt -69.0884 -1.60697e-15
vt -69.0884 4
vt -69.5584 4
f 318/818/98 317/819/98 378/820/98 377/821/98 

vt -79.5245 -2.2017e-15
vn 0.751898 -2.66426e-18 0.659279
vt -79.3145 -2.20173e-15
vt -79.3145 4
vt -79.5245 4
f 317/822/99 316/823/99 379/824/99 378/825/99 

vt -50.7365 -1.57115e-15
vt -50.5165 -1.57115e-15
vt -50.5165 4
vt -50.7365 4
f 316/826/82 315/827/82 380/828/82 379/829/82 

vt -78.9747 -2.04068e-15
vn 0.476946 -8.55583e-18 0.878932
vt -78.5447 -2.03481e-15
vt -78.5447 4
vt -78.9747 4
f 315/830/100 314/831/100 381/832/100 380/833/100 

vt -76.8095 -2.1763e-15
vn 0.819175 -7.45986e-19 0.573544
vt -76.6595 -2.54275e-15
vt -76.6595 4
vt -76.8095 4
f 314/834/101 313/835/101 382/836/101 381/837/101 

vt -50.1885 -1.93616e-15
vt -49.9985 -1.93616e-15
vt -49.9985 4
vt -50.1885 4
f 313/838/82 312/839/82 383/840/82 382/841/82 

vt -61.9766 -1.78128e-15
vn 0 -1.49019e-17 1
vt -50.0066 -1.78128e-15
vt -50.0066 4
vt -61.9766 4
f 312/842/102 311/843/102 384/844/102 383/845/102 

vt 49.9985 -2.05015e-15
vt 50.4385 -2.05015e-15
vt 50.4385 4
vt 49.9985 4
f 311/846/92 310/847/92 385/848/92 384/849/92 

vt -11.3724 -1.28813e-15
vn -0.581271 -1.76612e-17 0.81371
vt -10.9724 -9.261e-16
vt -10.9724 4
vt -11.3724 4
f 310/850/103 309/851/103 386/852/103 385/853/103 

vt -43.1571 -1.26592e-15
vn -0.12149 -1.59484e-17 0.992593
vt -42.7571 -5.51214e-16
vt -42.7571 4
vt -43.1571 4
f 309/854/104 308/855/104 387/856/104 386/857/104 

vt 23.9035 -4.44414e-16
vn -0.898278 -1.51025e-17 0.439428
vt 24.2135 -1.16054e-15
vt 24.2135 4
vt 23.9035 4
f 308/858/105 307/859/105 388/860/105 387/861/105 

vt -49.1479 -1.40577e-15
vt -49.0079 -1.40577e-15
vt -49.0079 4
vt -49.1479 4
f 307/862/102 306/863/102 389/864/102 388/865/102 

vt 50.9981 -1.69904e-15
vt 60.9981 -1.69904e-15
vt 60.9981 4
vt 50.9981 4
f 306/866/92 305/867/92 390/868/92 389/869/92 

vt 49.0079 -1.25675e-15
vt 49.3679 -1.25675e-15
vt 49.3679 4
vt 49.0079 4
f 305/870/77 304/871/77 391/872/77 390/873/77 

vt 78.4302 -2.15915e-15
vn -0.756198 2.54976e-18 -0.654343
vt 78.9302 -2.15915e-15
vt 78.9302 4
vt 78.4302 4
f 304/874/106 303/875/106 392/876/106 391/877/106 

vt 61.3762 -1.6925e-15
vt 61.4962 -1.6925e-15
vt 61.4962 4
vt 61.3762 4
f 303/878/92 302/879/92 393/880/92 392/881/92 

vt 49.695 -1.24933e-15
vt 49.795 -1.24933e-15
vt 49.795 4
vt 49.695 4
f 302/882/77 301/883/77 394/884/77 393/885/77 

vt 78.6104 -2.12983e-15
vn -0.700183 3.97164e-18 -0.713964
vt 78.8004 -2.12983e-15
vt 78.8004 4
vt 78.6104 4
f 301/886/107 300/887/107 395/888/107 394/889/107 

vt 68.5772 -1.88209e-15
vn -0.988095 -7.11688e-18 -0.153847
vt 68.9472 -1.88209e-15
vt 68.9472 4
vt 68.5772 4
f 300/890/108 299/891/108 396/892/108 395/893/108 

vt 49.9876 -1.2419e-15
vt 62.0476 -1.2419e-15
vt 62.0476 4
vt 49.9876 4
f 299/894/77 298/895/77 397/896/77 396/897/77 

vt -61.9948 -1.57486e-15
vt -60.6448 -1.57486e-15
vt -60.6448 4
vt -61.9948 4
f 298/898/82 297/899/82 398/900/82 397/901/82 

vt -18.0898 -8.06896e-16
vn 0.845163 1.60135e-17 -0.534509
vt -17.8098 -8.06896e-16
vt -17.8098 4
vt -18.0898 4
f 297/902/109 296/903/109 399/904/109 398/905/109 

vt 62.1973 -1.26554e-15
vt 62.4273 -1.26554e-15
vt 62.4273 4
vt 62.1973 4
f 296/906/77 295/907/77 400/908/77 399/909/77 

vt -15.5053 -7.81022e-16
vn 0.831212 1.62003e-17 -0.555955
vt -15.0253 -7.81022e-16
vt -15.0253 4
vt -15.5053 4
f 295/910/110 294/911/110 401/912/110 400/913/110 

vt 62.6941 -1.27149e-15
vt 63.0714 -1.27149e-15
vt 63.0714 4
vt 62.6941 4
f 294/914/77 293/915/77 402/916/77 401/917/77 

vt -60.0092 -1.56511e-15
vt -59.6249 -1.56511e-15
vt -59.6249 4
vt -60.0092 4
f 293/918/82 292/919/82 403/920/82 402/921/82 

vt -19.0363 -8.27849e-16
vn 0.859661 1.57993e-17 -0.510864
vt -18.8263 -8.27849e-16
vt -18.8263 4
vt -19.0363 4
f 292/922/111 291/923/111 404/924/111 403/925/111 

vt 45.5656 -9.2087e-16
vn 0.2598 1.68642e-17 -0.965663
vt 45.8656 -9.2087e-16
vt 45.8656 4
vt 45.5656 4
f 291/926/112 290/927/112 405/928/112 404/929/112 

vt -14.4505 -7.80215e-16
vn 0.833733 1.61679e-17 -0.552168
vt -14.0705 -7.80259e-16
vt -14.0705 4
vt -14.4505 4
f 290/930/113 289/931/113 406/932/113 405/933/113 

vt 63.6782 -1.28583e-15
vt 63.8082 -1.28583e-15
vt 63.8082 4
vt 63.6782 4
f 289/934/77 288/935/77 407/936/77 406/937/77 

vt 86.8824 -2.17782e-15
vn -0.705179 3.85052e-18 -0.709029
vt 87.1524 -2.10477e-15
vt 87.1524 4
vt 86.8824 4
f 288/938/114 287/939/114 408/940/114 407/941/114 

vt 59.24 -1.48326e-15
vt 64 -1.48326e-15
vt 64 4
vt 59.24 4
f 287/942/92 286/943/92 409/944/92 408/945/92 

vt -63.9996 -1.13901e-15
vn -2.59062e-35 -1.49019e-17 1
vt -43.0196 -1.17548e-15
vt -43.0196 4
vt -63.9996 4
f 286/946/115 285/947/115 410/948/115 409/949/115 

vt -64 -1.71953e-15
vn 1 9.52286e-18 -2.60323e-34
vt -62.6655 -1.75601e-15
vt -62.6655 4
vt -64 4
f 285/950/116 284/951/116 411/952/116 410/953/116 

vt -27.8799 -1.01804e-15
vn 0.828912 1.62294e-17 -0.55938
vt -27.5799 -1.01401e-15
vt -27.5799 4
vt -27.8799 4
f 284/954/117 283/955/117 412/956/117 411/957/117 

vt 43.1874 -1.23152e-15
vt 43.4174 -1.23152e-15
vt 43.4174 4
vt 43.1874 4
f 283/958/77 282/959/77 413/960/77 412/961/77 

vt -30.787 -1.05783e-15
vn 0.854538 1.58775e-17 -0.519389
vt -30.277 -1.78388e-15
vt -30.277 4
vt -30.787 4
f 282/962/118 281/963/118 414/964/118 413/965/118 

vt 43.6823 -1.96406e-15
vt 46.0422 -1.96406e-15
vt 46.0422 4
vt 43.6823 4
f 281/966/77 280/967/77 415/968/77 414/969/77 

vt -61.981 -2.44924e-15
vt -61.611 -2.44924e-15
vt -61.611 4
vt -61.981 4
f 280/970/82 279/971/82 416/972/82 415/973/82 

vt -27.6392 -1.73963e-15
vn 0.846484 1.59949e-17 -0.532414
vt -27.4192 -1.744e-15
vt -27.4192 4
vt -27.6392 4
f 279/974/119 278/975/119 417/976/119 416/977/119 

vt 46.1593 -1.97672e-15
vt 46.4393 -1.97672e-15
vt 46.4393 4
vt 46.1593 4
f 278/978/77 277/979/77 418/980/77 417/981/77 

vt -24.1079 -1.69939e-15
vn 0.822493 1.63083e-17 -0.568775
vt -23.6779 -9.73061e-16
vt -23.6779 4
vt -24.1079 4
f 277/982/120 276/983/120 419/984/120 418/985/120 

vt 46.6839 -1.25566e-15
vt 46.9839 -1.25566e-15
vt 46.9839 4
vt 46.6839 4
f 276/986/77 275/987/77 420/988/77 419/989/77 

vt -61.0711 -1.71831e-15
vt -50.9511 -1.71831e-15
vt -50.9511 4
vt -61.0711 4
f 275/990/82 274/991/82 421/992/82 420/993/82 

vt -56.143 -1.64877e-15
vn 0.198023 -1.2721e-17 0.980197
vt -55.733 -1.64877e-15
vt -55.733 4
vt -56.143 4
f 274/994/121 273/995/121 422/996/121 421/997/121 

vt -68.9739 -2.16419e-15
vn 0.732702 -3.16403e-18 0.68055
vt -68.7739 -2.16419e-15
vt -68.7739 4
vt -68.9739 4
f 273/998/122 272/999/122 423/1000/122 422/1001/122 

vt -50.7234 -1.72344e-15
vt -50.5134 -1.72344e-15
vt -50.5134 4
vt -50.7234 4
f 272/1002/82 271/1003/82 424/1004/82 423/1005/82 

vt -64.1454 -1.94484e-15
vn 0.447678 -9.06198e-18 0.894195
vt -63.7254 -1.94477e-15
vt -63.7254 4
vt -64.1454 4
f 271/1006/123 270/1007/123 425/1008/123 424/1009/123 

vt -66.4364 -2.15001e-15
vn 0.871969 1.00827e-18 0.489561
vt -66.2764 -2.14781e-15
vt -66.2764 4
vt -66.4364 4
f 270/1010/124 269/1011/124 426/1012/124 425/1013/124 

vt -50.1858 -1.72549e-15
vt -49.9958 -1.72549e-15
vt -49.9958 4
vt -50.1858 4
f 269/1014/82 268/1015/82 427/1016/82 426/1017/82 

vt -45.992 -1.41844e-15
vt -44.992 -1.41844e-15
vt -44.992 4
vt -45.992 4
f 268/1018/102 267/1019/102 428/1020/102 427/1021/102 

vt -67.2287 -2.1565e-15
vn 0.7227 -3.41742e-18 0.691162
vt -67.0587 -1.43685e-15
vt -67.0587 4
vt -67.2287 4
f 267/1022/125 266/1023/125 429/1024/125 428/1025/125 

vt -44.8745 -7.00623e-16
vt -44.5945 -7.00623e-16
vt -44.5945 4
vt -44.8745 4
f 266/1026/102 265/1027/102 430/1028/102 429/1029/102 

vt -66.6264 -1.41704e-15
vn 0.681842 -4.4076e-18 0.731499
vt -66.3864 -1.41704e-15
vt -66.3864 4
vt -66.6264 4
f 265/1030/126 264/1031/126 431/1032/126 430/1033/126 

vt -49.7093 -1.02083e-15
vt -49.4993 -1.02083e-15
vt -49.4993 4
vt -49.7093 4
f 264/1034/82 263/1035/82 432/1036/82 431/1037/82 

vt -63.1653 -1.27346e-15
vn 0.497813 -8.18354e-18 0.867284
vt -62.7553 -1.27346e-15
vt -62.7553 4
vt -63.1653 4
f 263/1038/127 262/1039/127 433/1040/127 432/1041/127 

vt -49.2952 -1.02421e-15
vt -46.6452 -1.02421e-15
vt -46.6452 4
vt -49.2952 4
f 262/1042/82 261/1043/82 348/1044/82 433/1045/82 

g Mesh26 Model

usemtl _4
v -86.1821 13 -54.5696
vt -86.1821 54.5696
vn 1.95189e-17 1 -4.20264e-16
v -86.4063 13 -54.5696
vt -86.4063 54.5696
v -86.7201 13 -55.0098
vt -86.7201 55.0098
v -92.0285 13 -55.0098
vt -92.0285 55.0098
v -92.0285 13 -42.9898
vt -92.0285 42.9898
v -91.0357 13 -42.9898
vt -91.0357 42.9898
v -90.8574 13 -43.1076
vt -90.8574 43.1076
v -90.5674 13 -43.1076
vt -90.5674 43.1076
v -90.4468 13 -43.2545
vt -90.4468 43.2545
v -90.4468 13 -43.4745
vt -90.4468 43.4745
v -90.0165 13 -43.6871
vt -90.0165 43.6871
v -90.0165 13 -43.9905
vt -90.0165 43.9905
v -89.8506 13 -44.135
vt -89.8506 44.135
v -89.5706 13 -44.135
vt -89.5706 44.135
v -89.452 13 -44.296
vt -89.452 44.296
v -89.452 13 -44.476
vt -89.452 44.476
v -89.0071 13 -44.7452
vt -89.0071 44.7452
v -89.0071 13 -44.9652
vt -89.0071 44.9652
v -88.8549 13 -45.1241
vt -88.8549 45.1241
v -88.5549 13 -45.1241
vt -88.5549 45.1241
v -88.4403 13 -45.2496
vt -88.4403 45.2496
v -88.4403 13 -45.4696
vt -88.4403 45.4696
v -88.1085 13 -45.6334
vt -88.1085 45.6334
v -87.9964 13 -45.799
vt -87.9964 45.799
v -87.9964 13 -45.989
vt -87.9964 45.989
v -77.0164 13 -45.989
vt -77.0164 45.989
v -77.0164 13 -45.569
vt -77.0164 45.569
v -76.7049 13 -45.3344
vt -76.7049 45.3344
v -76.2867 13 -45.2949
vt -76.2867 45.2949
v -76.1591 13 -45.0014
vt -76.1591 45.0014
v -76.0191 13 -45.0014
vt -76.0191 45.0014
v -76.0191 13 -44.5514
vt -76.0191 44.5514
v -75.7083 13 -44.3507
vt -75.7083 44.3507
v -75.289 13 -44.264
vt -75.289 44.264
v -75.1377 13 -44.005
vt -75.1377 44.005
v -75.0077 13 -44.005
vt -75.0077 44.005
v -75.0077 13 -43.565
vt -75.0077 43.565
v -74.7071 13 -43.3325
vt -74.7071 43.3325
v -74.2873 13 -43.2393
vt -74.2873 43.2393
v -74.1033 13 -42.9898
vt -74.1033 42.9898
v -70.0033 13 -42.9898
vt -70.0033 42.9898
v -70.0033 13 -55.0098
vt -70.0033 55.0098
v -74.3833 13 -55.0098
vt -74.3833 55.0098
v -76.9324 13 -52.3835
vt -76.9324 52.3835
v -77.0289 13 -52.0263
vt -77.0289 52.0263
v -85.0689 13 -52.0263
vt -85.0689 52.0263
v -85.0689 13 -52.3835
vt -85.0689 52.3835
v -85.184 13 -52.571
vt -85.184 52.571
v -85.464 13 -52.571
vt -85.464 52.571
v -85.6867 13 -52.962
vt -85.6867 52.962
v -85.9867 13 -52.962
vt -85.9867 52.962
v -85.9867 13 -54.342
vt -85.9867 54.342
f 434/1046/128 435/1047/128 436/1048/128 437/1049/128 438/1050/128 439/1051/128 440/1052/128 441/1053/128 442/1054/128 443/1055/128 444/1056/128 445/1057/128 446/1058/128 447/1059/128 448/1060/128 449/1061/128 450/1062/128 451/1063/128 452/1064/128 453/1065/128 454/1066/128 455/1067/128 456/1068/128 457/1069/128 458/1070/128 459/1071/128 460/1072/128 461/1073/128 462/1074/128 463/1075/128 464/1076/128 465/1077/128 466/1078/128 467/1079/128 468/1080/128 469/1081/128 470/1082/128 471/1083/128 472/1084/128 473/1085/128 474/1086/128 475/1087/128 476/1088/128 477/1089/128 478/1090/128 479/1091/128 480/1092/128 481/1093/128 482/1094/128 483/1095/128 484/1096/128 485/1097/128 

v -86.1821 -2.16573e-15 -54.5696
vt 86.1821 -2.16573e-15
v -86.4063 -2.16573e-15 -54.5696
vt 86.4063 -2.16573e-15
vt 86.4063 13
vt 86.1821 13
f 486/1098/5 487/1099/5 435/1100/5 434/1101/5 

usemtl Color_C02
v -109.973 -1.44382e-15 -52.0032
vt -4329.66 2047.37
vn 4.04269e-18 1 -9.30583e-18
vt -4133.28 2047.37
vt -4093.91 2047.37
v -100.237 -2.16573e-15 -52.0032
vt -3946.33 2047.37
v -100.001 -2.16573e-15 -51.7932
vt -3937.05 2039.1
v -99.8647 -2.16446e-15 -51.953
vt -3931.68 2045.39
v -99.7147 -2.16446e-15 -51.953
vt -3925.78 2045.39
v -99.4173 -1.80255e-15 -51.5636
vt -3914.07 2030.06
v -99.1773 -1.80255e-15 -51.5636
vt -3904.62 2030.06
v -99.1022 -1.44603e-15 -51.3568
vt -3901.66 2021.92
v -98.9422 -1.44603e-15 -51.3568
vt -3895.36 2021.92
v -98.4006 -2.16576e-15 -51.9989
vt -3874.04 2047.2
v -97.9806 -2.16576e-15 -51.9989
vt -3857.5 2047.2
v -97.9806 -2.16576e-15 -53.3459
vt -3857.5 2100.23
v -97.3981 -2.15945e-15 -54.045
vt -3834.57 2127.76
v -97.051 -2.15945e-15 -54.045
vt -3820.9 2127.76
v -96.9491 -1.44397e-15 -54.3799
vt -3816.9 2140.94
v -96.3785 -2.16573e-15 -55.0098
vt -3794.43 2165.74
vt -3662.54 2165.74
vt -3623.17 2165.74
v -86.7201 -2.16573e-15 -55.0098
vt -3414.18 2165.74
vt -3401.82 2148.41
vt -3393 2148.41
v -85.9867 -2.16845e-15 -54.342
vt -3385.3 2139.45
v -85.9867 -2.16845e-15 -52.962
vt -3385.3 2085.12
v -85.6867 -2.16845e-15 -52.962
vt -3373.49 2085.12
v -85.464 -1.7988e-15 -52.571
vt -3364.73 2069.72
v -85.184 -1.7988e-15 -52.571
vt -3353.7 2069.72
v -85.0689 -2.16573e-15 -52.3835
vt -3349.17 2062.34
v -85.0689 -2.16573e-15 -52.0263
vt -3349.17 2048.28
v -77.0289 -2.16573e-15 -52.0263
vt -3032.63 2048.28
v -76.9324 -2.16573e-15 -52.3835
vt -3028.83 2062.34
v -74.3833 -2.16573e-15 -55.0098
vt -2928.48 2165.74
vt -2756.04 2165.74
vt -2716.67 2165.74
v -69.0033 -2.16573e-15 -58.0363
vt -2716.67 2284.9
v -74.1107 -2.16573e-15 -58.0363
vt -2917.74 2284.9
v -74.2392 -2.16573e-15 -58.2738
vt -2922.8 2294.24
v -74.6799 -2.16573e-15 -58.3649
vt -2940.15 2297.83
v -74.8147 -2.16573e-15 -58.5387
vt -2945.46 2304.67
v -74.9247 -2.16573e-15 -58.5387
vt -2949.79 2304.67
v -74.9979 -2.16573e-15 -58.6338
vt -2952.67 2308.42
v -74.9979 -2.16573e-15 -59.0338
vt -2952.67 2324.17
v -75.0979 -2.16573e-15 -59.0338
vt -2956.61 2324.17
v -75.2163 -2.16575e-15 -59.2764
vt -2961.27 2333.72
v -75.6781 -2.16314e-15 -59.3642
vt -2979.45 2337.17
v -75.9847 -1.45187e-15 -59.6512
vt -2991.52 2348.47
v -75.9847 -1.45187e-15 -60.0512
vt -2991.52 2364.22
v -76.1147 -1.45187e-15 -60.0512
vt -2996.64 2364.22
v -76.2305 -2.16573e-15 -60.328
vt -3001.2 2375.12
v -76.4805 -2.16573e-15 -60.328
vt -3011.04 2375.12
v -77.0227 -2.16573e-15 -60.6288
vt -3032.39 2386.96
v -77.0227 -2.16573e-15 -61.0488
vt -3032.39 2403.49
v -77.1227 -2.16573e-15 -61.0488
vt -3036.33 2403.49
v -77.2727 -2.16573e-15 -61.2969
vt -3042.23 2413.27
v -77.6776 -2.16573e-15 -61.3616
vt -3058.17 2415.81
v -77.8049 -2.16573e-15 -61.5532
vt -3063.18 2423.35
v -77.9249 -2.16573e-15 -61.5532
vt -3067.91 2423.35
v -78.0643 -2.16573e-15 -61.7726
vt -3073.4 2431.99
v -78.4582 -2.16573e-15 -61.5551
vt -3088.91 2423.43
v -78.4582 -2.16573e-15 -61.3483
vt -3088.91 2415.29
v -78.5684 -2.16573e-15 -61.1935
vt -3093.24 2409.19
v -78.9825 -2.16573e-15 -61.1236
vt -3109.55 2406.44
v -78.9825 -2.16573e-15 -58.8836
vt -3109.55 2318.25
v -79.0811 -2.16577e-15 -58.7706
vt -3113.43 2313.8
v -79.4479 -2.17557e-15 -58.5661
vt -3127.87 2305.75
v -79.4479 -2.17557e-15 -58.3361
vt -3127.87 2296.7
v -79.5836 -1.44382e-15 -58.1891
vt -3133.21 2290.91
v -80.042 -1.44382e-15 -58.0469
vt -3151.26 2285.31
v -82.102 -1.44382e-15 -58.0469
vt -3232.36 2285.31
v -82.2544 -1.44383e-15 -58.2818
vt -3238.36 2294.56
v -82.6681 -1.44498e-15 -58.3991
vt -3254.65 2299.18
v -83.0205 -2.16579e-15 -58.6625
vt -3268.52 2309.55
v -83.0205 -2.16579e-15 -59.0625
vt -3268.52 2325.29
v -83.1105 -2.16579e-15 -59.0625
vt -3272.07 2325.29
v -83.2966 -2.15669e-15 -59.3228
vt -3279.39 2335.54
v -83.5756 -1.46681e-15 -59.433
vt -3290.38 2339.88
v -84.1884 -2.16573e-15 -60.2233
vt -3314.5 2370.99
v -84.5102 -2.16568e-15 -60.3848
vt -3327.17 2377.35
v -84.6902 -2.16568e-15 -60.3848
vt -3334.26 2377.35
v -84.8248 -2.16285e-15 -60.5712
vt -3339.56 2384.69
v -84.9048 -2.16285e-15 -60.5712
vt -3342.71 2384.69
v -85.0913 -1.80166e-15 -60.7665
vt -3350.05 2392.38
v -85.4522 -2.17e-15 -60.5518
vt -3364.26 2383.93
v -85.4522 -2.17e-15 -60.3518
vt -3364.26 2376.05
v -85.5939 -1.80649e-15 -60.2106
vt -3369.84 2370.5
v -86.0084 -1.44381e-15 -60.1426
vt -3386.16 2367.82
v -86.0084 -1.44381e-15 -58.8726
vt -3386.16 2317.82
v -86.4742 -1.44863e-15 -58.527
vt -3404.5 2304.21
v -86.4742 -1.44863e-15 -58.3084
vt -3404.5 2295.61
v -87.0935 -2.16573e-15 -58.0528
vt -3428.88 2285.54
v -96.1235 -2.16573e-15 -58.0528
vt -3784.39 2285.54
v -96.2442 -2.16573e-15 -58.2831
vt -3789.14 2294.61
v -96.6776 -2.16573e-15 -58.359
vt -3806.2 2297.6
v -96.8346 -2.16573e-15 -58.527
vt -3812.39 2304.21
v -97.0012 -2.16571e-15 -58.6184
vt -3818.95 2307.81
v -97.0012 -2.16571e-15 -59.0584
vt -3818.95 2325.13
v -97.1212 -2.16571e-15 -59.0584
vt -3823.67 2325.13
v -97.2656 -2.16734e-15 -59.2983
vt -3829.36 2334.58
v -97.6756 -1.44198e-15 -59.3894
vt -3845.5 2338.17
v -98.0051 -2.16573e-15 -59.6335
vt -3858.47 2347.78
v -98.0051 -2.16573e-15 -61.0635
vt -3858.47 2404.07
v -98.1151 -2.16573e-15 -61.0635
vt -3862.8 2404.07
v -98.2698 -2.16573e-15 -61.2969
vt -3868.89 2413.26
v -98.6654 -2.16573e-15 -61.4042
vt -3884.47 2417.49
v -99.1022 -2.16587e-15 -61.7386
vt -3901.66 2430.65
v -99.4295 -2.17734e-15 -61.5456
vt -3914.55 2423.05
v -99.4295 -2.17734e-15 -61.3456
vt -3914.55 2415.18
v -99.5853 -1.44382e-15 -61.2369
vt -3920.68 2410.9
v -99.8553 -1.44382e-15 -61.2369
vt -3931.31 2410.9
v -100.074 -1.44382e-15 -61.0626
vt -3939.94 2404.04
v -100.249 -1.44382e-15 -61.2817
vt -3946.8 2412.67
v -100.637 -1.44382e-15 -61.4124
vt -3962.1 2417.81
v -101.083 -1.44382e-15 -61.7682
vt -3979.63 2431.82
v -101.451 -1.44583e-15 -61.5887
vt -3994.15 2424.75
v -101.451 -1.44583e-15 -61.3487
vt -3994.15 2415.3
v -101.96 -2.88197e-15 -61.0923
vt -4014.19 2405.21
v -103.03 -2.88197e-15 -61.0923
vt -4056.31 2405.21
v -103.03 -2.88197e-15 -58.783
vt -4056.31 2314.29
v -103.464 -2.16573e-15 -58.5542
vt -4073.37 2305.28
v -103.464 -2.16573e-15 -58.3442
vt -4073.37 2297.01
v -103.594 -2.16575e-15 -58.2205
vt -4078.52 2292.15
v -103.814 -2.16575e-15 -58.2205
vt -4087.18 2292.15
v -104.085 -2.1641e-15 -58.0491
vt -4097.82 2285.4
v -106.115 -2.1641e-15 -58.0491
vt -4177.74 2285.4
v -106.259 -1.80486e-15 -58.3122
vt -4183.42 2295.75
v -106.676 -2.16573e-15 -58.3639
vt -4199.83 2297.79
v -106.808 -2.16573e-15 -58.5643
vt -4205.03 2305.68
v -106.918 -2.16573e-15 -58.5643
vt -4209.36 2305.68
v -107.065 -2.16574e-15 -58.7665
vt -4215.15 2313.64
v -107.443 -2.16555e-15 -58.5611
vt -4230.02 2305.56
v -107.443 -2.16555e-15 -58.3511
vt -4230.02 2297.29
v -107.585 -2.52381e-15 -58.1833
vt -4235.62 2290.68
v -107.834 -2.52381e-15 -58.1833
vt -4245.44 2290.68
v -108.017 -2.1658e-15 -58.0603
vt -4252.62 2285.84
v -108.117 -2.1658e-15 -58.0603
vt -4256.56 2285.84
v -108.228 -2.16961e-15 -58.2842
vt -4260.94 2294.65
v -108.674 -1.80728e-15 -58.3973
vt -4278.49 2299.11
v -109.014 -2.16573e-15 -58.6601
vt -4291.89 2309.45
v -109.014 -2.16573e-15 -60.0801
vt -4291.89 2365.36
v -109.114 -2.16573e-15 -60.0801
vt -4295.83 2365.36
v -109.28 -2.16573e-15 -60.3179
vt -4302.37 2374.72
v -109.658 -2.16573e-15 -60.413
vt -4317.26 2378.46
v -110.083 -2.16575e-15 -60.6578
vt -4333.97 2388.1
v -110.083 -2.16575e-15 -59.7879
vt -4333.97 2353.85
v -110.45 -2.17538e-15 -59.5643
vt -4348.43 2345.05
v -110.45 -2.17538e-15 -59.3443
vt -4348.43 2336.39
v -110.577 -1.44382e-15 -59.1527
vt -4353.44 2328.85
v -111.036 -1.44382e-15 -59.1527
vt -4371.51 2328.85
v -111.036 -1.44382e-15 -58.0627
vt -4371.51 2285.93
v -120.997 -1.44382e-15 -58.0627
vt -4763.66 2285.93
vt -4763.66 2165.46
vt -4724.29 2165.46
v -111.147 -1.44382e-15 -55.0027
vt -4375.87 2165.46
v -110.952 -1.44382e-15 -54.6883
vt -4368.19 2153.08
v -110.952 -1.44382e-15 -53.9583
vt -4368.19 2124.34
v -110.642 -1.44382e-15 -53.9583
vt -4355.98 2124.34
v -110.38 -1.44382e-15 -53.5925
vt -4345.66 2109.94
v -110.15 -1.44382e-15 -53.5925
vt -4336.61 2109.94
v -109.973 -1.44382e-15 -53.3498
vt -4329.66 2100.39
f 488/1102/129 51/1103/129 50/1104/129 489/1105/129 490/1106/129 491/1107/129 492/1108/129 493/1109/129 494/1110/129 495/1111/129 496/1112/129 497/1113/129 498/1114/129 499/1115/129 500/1116/129 501/1117/129 502/1118/129 503/1119/129 34/1120/129 33/1121/129 504/1122/129 487/1123/129 486/1124/129 505/1125/129 506/1126/129 507/1127/129 508/1128/129 509/1129/129 510/1130/129 511/1131/129 512/1132/129 513/1133/129 514/1134/129 25/1135/129 26/1136/129 515/1137/129 516/1138/129 517/1139/129 518/1140/129 519/1141/129 520/1142/129 521/1143/129 522/1144/129 523/1145/129 524/1146/129 525/1147/129 526/1148/129 527/1149/129 528/1150/129 529/1151/129 530/1152/129 531/1153/129 532/1154/129 533/1155/129 534/1156/129 535/1157/129 536/1158/129 537/1159/129 538/1160/129 539/1161/129 540/1162/129 541/1163/129 542/1164/129 543/1165/129 544/1166/129 545/1167/129 546/1168/129 547/1169/129 548/1170/129 549/1171/129 550/1172/129 551/1173/129 552/1174/129 553/1175/129 554/1176/129 555/1177/129 556/1178/129 557/1179/129 558/1180/129 559/1181/129 560/1182/129 561/1183/129 562/1184/129 563/1185/129 564/1186/129 565/1187/129 566/1188/129 567/1189/129 568/1190/129 569/1191/129 570/1192/129 571/1193/129 572/1194/129 573/1195/129 574/1196/129 575/1197/129 576/1198/129 577/1199/129 578/1200/129 579/1201/129 580/1202/129 581/1203/129 582/1204/129 583/1205/129 584/1206/129 585/1207/129 586/1208/129 587/1209/129 588/1210/129 589/1211/129 590/1212/129 591/1213/129 592/1214/129 593/1215/129 594/1216/129 595/1217/129 596/1218/129 597/1219/129 598/1220/129 599/1221/129 600/1222/129 601/1223/129 602/1224/129 603/1225/129 604/1226/129 605/1227/129 606/1228/129 607/1229/129 608/1230/129 609/1231/129 610/1232/129 611/1233/129 612/1234/129 613/1235/129 614/1236/129 615/1237/129 616/1238/129 617/1239/129 618/1240/129 619/1241/129 620/1242/129 621/1243/129 622/1244/129 623/1245/129 624/1246/129 625/1247/129 626/1248/129 627/1249/129 628/1250/129 629/1251/129 630/1252/129 42/1253/129 41/1254/129 631/1255/129 632/1256/129 633/1257/129 634/1258/129 635/1259/129 636/1260/129 637/1261/129 

usemtl _4
vt 104.985 -6.69974e-15
vn 1.26181e-32 8.7187e-17 -1
vt 109.973 -5.97783e-15
v -109.973 13 -52.0032
vt 109.973 13
v -104.985 13 -52.0032
vt 104.985 13
f 51/1262/130 488/1263/130 638/1264/130 639/1265/130 

vt 52.0032 -2.47626e-15
vn 1 -9.38807e-18 -0
vt 53.3498 -2.47626e-15
v -109.973 13 -53.3498
vt 53.3498 13
vt 52.0032 13
f 488/1266/131 637/1267/131 640/1268/131 638/1269/131 

vt 107.8 1.07108e-15
vn 0.809037 4.36496e-17 -0.587758
vt 108.1 1.07108e-15
v -110.15 13 -53.5925
vt 108.1 13
vt 107.8 13
f 637/1270/132 636/1271/132 641/1272/132 640/1273/132 

vt 110.15 -6.11639e-15
vn 0 8.7187e-17 -1
vt 110.38 -6.11639e-15
v -110.38 13 -53.5925
vt 110.38 13
vt 110.15 13
f 636/1274/133 635/1275/133 642/1276/133 641/1277/133 

vt 107.865 1.08086e-15
vn 0.81276 4.31647e-17 -0.582598
vt 108.315 1.08086e-15
v -110.642 13 -53.9583
vt 108.315 13
vt 107.865 13
f 635/1278/134 634/1279/134 643/1280/134 642/1281/134 

vt 110.642 -6.14828e-15
vt 110.952 -6.14828e-15
v -110.952 13 -53.9583
vt 110.952 13
vt 110.642 13
f 634/1282/133 633/1283/133 644/1284/133 643/1285/133 

vt 53.9583 -2.48545e-15
vt 54.6883 -2.48545e-15
v -110.952 13 -54.6883
vt 54.6883 13
vt 53.9583 13
f 633/1286/131 632/1287/131 645/1288/131 644/1289/131 

vt 104.972 1.04255e-15
vn 0.849681 3.79965e-17 -0.527296
vt 105.342 1.04255e-15
v -111.147 13 -55.0027
vt 105.342 13
vt 104.972 13
f 632/1290/135 631/1291/135 646/1292/135 645/1293/135 

vt 111.147 -6.23934e-15
vt 119.997 -6.23934e-15
v -119.997 13 -55.0027
vt 119.997 13
vt 111.147 13
f 631/1294/133 41/1295/133 647/1296/133 646/1297/133 

vt -55.0027 -2.57036e-15
vn -1 9.38807e-18 7.53084e-34
vt -46.0032 -3.29227e-15
v -119.997 6 -46.0032
vt -46.0032 6
v -119.997 13 -46.0032
vt -46.0032 13
vt -55.0027 13
f 41/1298/136 45/1299/136 648/1300/136 649/1301/136 647/1302/136 

usemtl FrontColor
vt -1811.15 -9.38125e-14
vn -1 1.80924e-18 -0
vt -1811.13 -9.38125e-14
v -119.997 6 -46.0027
vt -1811.13 236.22
vt -1811.15 236.22
f 45/1303/137 43/1304/137 650/1305/137 648/1306/137 

vt 4724.29 -8.89171e-14
vn 1.45568e-33 2.01643e-18 -1
vt 4763.66 -6.04954e-14
v -120.997 6 -46.0027
vt 4763.66 236.22
vt 4724.29 236.22
f 43/1307/138 44/1308/138 651/1309/138 650/1310/138 

usemtl _4
vt 46.0027 -1.51377e-15
vn 1 -5.78084e-19 -0
vt 55.0027 -1.51377e-15
v -120.997 13 -55.0027
vt 55.0027 13
v -120.997 13 -46.0027
vt 46.0027 13
vt 46.0027 6
f 44/1311/139 42/1312/139 652/1313/139 653/1314/139 651/1315/139 

vt 58.0627 -1.51377e-15
v -120.997 13 -58.0627
vt 58.0627 13
f 42/1312/139 630/1316/139 654/1317/139 652/1313/139 

vt -120.997 -1.41563e-15
vn 0 4.85519e-19 1
vt -111.036 -1.41563e-15
v -111.036 13 -58.0627
vt -111.036 13
vt -120.997 13
f 630/1318/140 629/1319/140 655/1320/140 654/1321/140 

vt 58.0627 -1.50801e-15
vt 59.1527 -1.50801e-15
v -111.036 13 -59.1527
vt 59.1527 13
f 629/1322/139 628/1323/139 656/1324/139 655/1317/139 

vt -111.036 -1.4151e-15
vt -110.577 -1.4151e-15
v -110.577 13 -59.1527
vt -110.577 13
f 628/1325/140 627/1326/140 657/1327/140 656/1320/140 

vt -11.8594 -1.47044e-15
vn 0.833203 -2.13186e-19 0.552967
vt -11.6294 -2.20199e-15
v -110.45 13 -59.3443
vt -11.6294 13
vt -11.8594 13
f 627/1328/141 626/1329/141 658/1330/141 657/1331/141 

vt 59.3443 -2.23923e-15
vt 59.5643 -2.23923e-15
v -110.45 13 -59.5643
vt 59.5643 13
vt 59.3443 13
f 626/1332/139 625/1333/139 659/1334/139 658/1335/139 

vt -63.3813 -2.16301e-15
vn 0.519906 1.14192e-19 0.854224
vt -62.9513 -2.15338e-15
v -110.083 13 -59.7879
vt -62.9513 13
vt -63.3813 13
f 625/1336/142 624/1337/142 660/1338/142 659/1339/142 

vt 59.7879 -2.22939e-15
vt 60.6578 -2.22939e-15
v -110.083 13 -60.6578
vt 60.6578 13
vt 59.7879 13
f 624/1340/139 623/1341/139 661/1342/139 660/1343/139 

vt -125.665 -2.16749e-15
vn -0.499617 7.09399e-19 0.866247
vt -125.175 -2.16748e-15
v -109.658 13 -60.413
vt -125.175 13
vt -125.665 13
f 623/1344/143 622/1345/143 662/1346/143 661/1347/143 

vt -121.08 -2.14625e-15
vn -0.243863 6.11834e-19 0.96981
vt -120.69 -2.14625e-15
v -109.28 13 -60.3179
vt -120.69 13
vt -121.08 13
f 622/1348/144 621/1349/144 663/1350/144 662/1351/144 

vt -112.013 -2.20715e-15
vn -0.819959 7.51927e-19 0.572422
vt -111.723 -2.20715e-15
v -109.114 13 -60.0801
vt -111.723 13
vt -112.013 13
f 621/1352/145 620/1353/145 664/1354/145 663/1355/145 

vt -109.114 -2.13656e-15
vt -109.014 -2.13656e-15
v -109.014 13 -60.0801
vt -109.014 13
vt -109.114 13
f 620/1356/140 619/1357/140 665/1358/140 664/1359/140 

vt -60.0801 -2.22875e-15
vn -1 5.78084e-19 -0
vt -58.6601 -2.22875e-15
v -109.014 13 -58.6601
vt -58.6601 13
vt -60.0801 13
f 619/1360/146 618/1361/146 666/1362/146 665/1363/146 

vt -122.137 -2.18063e-15
vn -0.611139 7.37589e-19 0.791524
vt -121.707 -1.82218e-15
v -108.674 13 -58.3973
vt -121.707 13
vt -122.137 13
f 618/1364/147 617/1365/147 667/1366/147 666/1367/147 

vt -119.695 -1.78897e-15
vn -0.245856 6.12742e-19 0.969306
vt -119.235 -2.15129e-15
v -108.228 13 -58.2842
vt -119.235 13
vt -119.695 13
f 617/1368/148 616/1369/148 668/1370/148 667/1371/148 

vt -100.338 -2.22171e-15
vn -0.895651 7.337e-19 0.444758
vt -100.088 -2.2179e-15
v -108.117 13 -58.0603
vt -100.088 13
vt -100.338 13
f 616/1372/149 615/1373/149 669/1374/149 668/1375/149 

vt -108.117 -2.13761e-15
vt -108.017 -2.13761e-15
v -108.017 13 -58.0603
vt -108.017 13
vt -108.117 13
f 615/1376/140 614/1377/140 670/1378/140 669/1379/140 

vt -57.1294 -2.15717e-15
vn 0.558838 7.95739e-20 0.829277
vt -56.9094 -2.51517e-15
v -107.834 13 -58.1833
vt -56.9094 13
vt -57.1294 13
f 614/1380/150 613/1381/150 671/1382/150 670/1383/150 

vt -107.834 -2.49556e-15
vt -107.585 -2.49556e-15
v -107.585 13 -58.1833
vt -107.585 13
vt -107.834 13
f 613/1384/140 612/1385/140 672/1386/140 671/1387/140 

vt -25.1576 -2.53903e-15
vn 0.762953 -1.27185e-19 0.646454
vt -24.9376 -2.18078e-15
v -107.443 13 -58.3511
vt -24.9376 13
vt -25.1576 13
f 612/1388/151 611/1389/151 673/1390/151 672/1391/151 

vt 58.3511 -2.22766e-15
vt 58.5611 -2.22766e-15
v -107.443 13 -58.5611
vt 58.5611 13
vt 58.3511 13
f 611/1392/139 610/1393/139 674/1394/139 673/1395/139 

vt -66.4306 -2.15009e-15
vn 0.477576 1.50492e-19 0.87859
vt -66.0006 -2.15027e-15
v -107.065 13 -58.7665
vt -66.0006 13
vt -66.4306 13
f 610/1396/152 609/1397/152 675/1398/152 674/1399/152 

vt -110.52 -2.20488e-15
vn -0.808503 7.53107e-19 0.588493
vt -110.27 -2.20488e-15
v -106.918 13 -58.5643
vt -110.27 13
vt -110.52 13
f 609/1400/153 608/1401/153 676/1402/153 675/1403/153 

vt -106.918 -2.1373e-15
vt -106.808 -2.1373e-15
v -106.808 13 -58.5643
vt -106.808 13
vt -106.918 13
f 608/1404/140 607/1405/140 677/1406/140 676/1407/140 

vt -107.648 -2.20848e-15
vn -0.835235 7.4982e-19 0.549892
vt -107.408 -2.20848e-15
v -106.676 13 -58.3639
vt -107.408 13
vt -107.648 13
f 607/1408/154 606/1409/154 678/1410/154 677/1411/154 

vt -113.05 -2.14097e-15
vn -0.123131 5.53004e-19 0.99239
vt -112.63 -1.78009e-15
v -106.259 13 -58.3122
vt -112.63 13
vt -113.05 13
f 606/1412/155 605/1413/155 679/1414/155 678/1415/155 

vt -102.209 -1.85309e-15
vn -0.876902 7.40297e-19 0.480669
vt -101.909 -2.21233e-15
v -106.115 13 -58.0491
vt -101.909 13
vt -102.209 13
f 605/1416/156 604/1417/156 680/1418/156 679/1419/156 

vt -106.115 -2.13592e-15
vt -104.085 -2.13592e-15
v -104.085 13 -58.0491
vt -104.085 13
vt -106.115 13
f 604/1420/140 603/1421/140 681/1422/140 680/1423/140 

vt -56.7981 -2.15359e-15
vn 0.53566 1.00332e-19 0.844434
vt -56.4781 -2.15524e-15
v -103.814 13 -58.2205
vt -56.4781 13
vt -56.7981 13
f 603/1424/157 602/1425/157 682/1426/157 681/1427/157 

vt -103.814 -2.13749e-15
vt -103.594 -2.13749e-15
v -103.594 13 -58.2205
vt -103.594 13
vt -103.814 13
f 602/1428/140 601/1429/140 683/1430/140 682/1431/140 

vt -35.2785 -2.17079e-15
vn 0.687011 -4.43496e-20 0.726647
vt -35.0985 -2.17077e-15
v -103.464 13 -58.3442
vt -35.0985 13
vt -35.2785 13
f 601/1432/158 600/1433/158 684/1434/158 683/1435/158 

vt 58.3442 -2.22555e-15
vt 58.5542 -2.22555e-15
v -103.464 13 -58.5542
vt 58.5542 13
vt 58.3442 13
f 600/1436/139 599/1437/139 685/1438/139 684/1439/139 

vt -64.1469 -2.14978e-15
vn 0.466972 1.59381e-19 0.884272
vt -63.6569 -2.86602e-15
v -103.03 13 -58.783
vt -63.6569 13
vt -64.1469 13
f 599/1440/159 598/1441/159 686/1442/159 685/1443/159 

vt 58.783 -2.94153e-15
vt 61.0923 -2.94153e-15
v -103.03 13 -61.0923
vt 61.0923 13
vt 58.783 13
f 598/1444/139 597/1445/139 687/1446/139 686/1447/139 

vt -103.03 -2.85231e-15
vt -101.96 -2.85231e-15
v -101.96 13 -61.0923
vt -101.96 13
vt -103.03 13
f 597/1448/140 596/1449/140 688/1450/140 687/1451/140 

vt -63.5784 -2.86454e-15
vn 0.449854 1.73564e-19 0.893102
vt -63.0084 -1.4284e-15
v -101.451 13 -61.3487
vt -63.0084 13
vt -63.5784 13
f 596/1452/160 595/1453/160 689/1454/160 688/1455/160 

vt 61.3487 -1.50448e-15
vt 61.5887 -1.50448e-15
v -101.451 13 -61.5887
vt 61.5887 13
vt 61.3487 13
f 595/1456/139 594/1457/139 690/1458/139 689/1459/139 

vt -64.2447 -1.42753e-15
vn 0.437835 1.83402e-19 0.899055
vt -63.8347 -1.42551e-15
v -101.083 13 -61.7682
vt -63.8347 13
vt -64.2447 13
f 594/1460/161 593/1461/161 691/1462/161 690/1463/161 

vt -117.527 -1.45481e-15
vn -0.624265 7.40171e-19 0.781213
vt -116.957 -1.45481e-15
v -100.637 13 -61.4124
vt -116.957 13
vt -117.527 13
f 593/1464/162 592/1465/162 692/1466/162 691/1467/162 

vt -114.96 -1.42697e-15
vn -0.318632 6.44409e-19 0.947878
vt -114.55 -1.42697e-15
v -100.249 13 -61.2817
vt -114.55 13
vt -114.96 13
f 592/1468/163 591/1469/163 693/1470/163 692/1471/163 

vt -110.364 -1.47425e-15
vn -0.782642 7.54655e-19 0.622472
vt -110.084 -1.47425e-15
v -100.074 13 -61.0626
vt -110.084 13
vt -110.364 13
f 591/1472/164 590/1473/164 694/1474/164 693/1475/164 

vt -40.3128 -1.44161e-15
vn 0.622472 2.01461e-20 0.782642
vt -40.0328 -1.44161e-15
v -99.8553 13 -61.2369
vt -40.0328 13
vt -40.3128 13
f 590/1476/165 589/1477/165 695/1478/165 694/1479/165 

vt -99.8553 -1.41409e-15
vt -99.5853 -1.41409e-15
v -99.5853 13 -61.2369
vt -99.5853 13
vt -99.8553 13
f 589/1480/140 588/1481/140 696/1482/140 695/1483/140 

vt -46.6471 -1.43659e-15
vn 0.572081 6.75096e-20 0.820197
vt -46.4571 -2.17011e-15
v -99.4295 13 -61.3456
vt -46.4571 13
vt -46.6471 13
f 588/1484/166 587/1485/166 697/1486/166 696/1487/166 

vt 61.3456 -2.23482e-15
vt 61.5456 -2.23482e-15
v -99.4295 13 -61.5456
vt 61.5456 13
vt 61.3456 13
f 587/1488/139 586/1489/139 698/1490/139 697/1491/139 

vt -54.3919 -2.16444e-15
vn 0.507894 1.2463e-19 0.86142
vt -54.0119 -2.15297e-15
v -99.1022 13 -61.7386
vt -54.0119 13
vt -54.3919 13
f 586/1492/167 585/1493/167 699/1494/167 698/1495/167 

vt -116.22 -2.17414e-15
vn -0.607872 7.3692e-19 0.794035
vt -115.67 -2.174e-15
v -98.6654 13 -61.4042
vt -115.67 13
vt -116.22 13
f 585/1496/168 584/1497/168 700/1498/168 699/1499/168 

vt -111.301 -2.14501e-15
vn -0.261832 6.19942e-19 0.965113
vt -110.891 -2.14501e-15
v -98.2698 13 -61.2969
vt -110.891 13
vt -111.301 13
f 584/1500/169 583/1501/169 701/1502/169 700/1503/169 

vt -105.382 -2.20178e-15
vn -0.833559 7.50083e-19 0.552431
vt -105.102 -2.20178e-15
v -98.1151 13 -61.0635
vt -105.102 13
vt -105.382 13
f 583/1504/170 582/1505/170 702/1506/170 701/1507/170 

vt -98.1151 -2.13609e-15
vt -98.0051 -2.13609e-15
v -98.0051 13 -61.0635
vt -98.0051 13
vt -98.1151 13
f 582/1508/140 581/1509/140 703/1510/140 702/1511/140 

vt -61.0635 -2.22239e-15
vt -59.6335 -2.22239e-15
v -98.0051 13 -59.6335
vt -59.6335 13
vt -61.0635 13
f 581/1512/146 580/1513/146 704/1514/146 703/1515/146 

vt -114.248 -2.17339e-15
vn -0.59526 7.34241e-19 0.803533
vt -113.838 -1.44964e-15
v -97.6756 13 -59.3894
vt -113.838 13
vt -114.248 13
f 580/1516/171 579/1517/171 705/1518/171 704/1519/171 

vt -108.239 -1.41994e-15
vn -0.217094 5.99438e-19 0.976151
vt -107.819 -2.1453e-15
v -97.2656 13 -59.2983
vt -107.819 13
vt -108.239 13
f 579/1520/172 578/1521/172 706/1522/172 705/1523/172 

vt -100.97 -2.20667e-15
vn -0.856715 7.45679e-19 0.515791
vt -100.69 -2.20504e-15
v -97.1212 13 -59.0584
vt -100.69 13
vt -100.97 13
f 578/1524/173 577/1525/173 707/1526/173 706/1527/173 

vt -97.1212 -2.13703e-15
vt -97.0012 -2.13703e-15
v -97.0012 13 -59.0584
vt -97.0012 13
vt -97.1212 13
f 577/1528/140 576/1529/140 708/1530/140 707/1531/140 

vt -59.0584 -2.22178e-15
vt -58.6184 -2.22178e-15
v -97.0012 13 -58.6184
vt -58.6184 13
vt -59.0584 13
f 576/1532/146 575/1533/146 709/1534/146 708/1535/146 

vt -113.237 -2.16235e-15
vn -0.48077 7.03651e-19 0.876846
vt -113.047 -2.16238e-15
v -96.8346 13 -58.527
vt -113.047 13
vt -113.237 13
f 575/1536/174 574/1537/174 710/1538/174 709/1539/174 

vt -108.88 -2.18894e-15
vn -0.73057 7.53862e-19 0.682838
vt -108.65 -2.18894e-15
v -96.6776 13 -58.359
vt -108.65 13
vt -108.88 13
f 574/1540/175 573/1541/175 711/1542/175 710/1543/175 

vt -105.298 -2.14215e-15
vn -0.172574 5.77996e-19 0.984997
vt -104.858 -2.14215e-15
v -96.2442 13 -58.2831
vt -104.858 13
vt -105.298 13
f 573/1544/176 572/1545/176 712/1546/176 711/1547/176 

vt -96.2963 -2.20865e-15
vn -0.885757 7.37395e-19 0.464149
vt -96.0363 -2.20865e-15
v -96.1235 13 -58.0528
vt -96.0363 13
vt -96.2963 13
f 572/1548/177 571/1549/177 713/1550/177 712/1551/177 

vt -96.1235 -2.13755e-15
vt -87.0935 -2.13755e-15
v -87.0935 13 -58.0528
vt -87.0935 13
vt -96.1235 13
f 571/1552/140 570/1553/140 714/1554/140 713/1555/140 

vt -58.355 -2.1459e-15
vn 0.381547 2.28223e-19 0.92435
vt -57.685 -1.4288e-15
v -86.4742 13 -58.3084
vt -57.685 13
vt -58.355 13
f 570/1556/178 569/1557/178 715/1558/178 714/1559/178 

vt 58.3084 -1.49862e-15
vt 58.527 -1.49862e-15
v -86.4742 13 -58.527
vt 58.527 13
vt 58.3084 13
f 569/1560/139 568/1561/139 716/1562/139 715/1563/139 

vt -34.5796 -1.44414e-15
vn 0.595802 4.55111e-20 0.803131
vt -33.9996 -1.43933e-15
v -86.0084 13 -58.8726
vt -33.9996 13
vt -34.5796 13
f 568/1564/179 567/1565/179 717/1566/179 716/1567/179 

vt 58.8726 -1.49353e-15
vt 60.1426 -1.49353e-15
v -86.0084 13 -60.1426
vt 60.1426 13
vt 58.8726 13
f 567/1568/139 566/1569/139 718/1570/139 717/1571/139 

vt -75.1287 -1.41557e-15
vn 0.162007 3.85451e-19 0.98679
vt -74.7087 -1.77824e-15
v -85.5939 13 -60.2106
vt -74.7087 13
vt -75.1287 13
f 566/1572/180 565/1573/180 719/1574/180 718/1575/180 

vt -18.1527 -1.81308e-15
vn 0.705706 -6.39655e-20 0.708505
vt -17.9527 -2.17659e-15
v -85.4522 13 -60.3518
vt -17.9527 13
vt -18.1527 13
f 565/1576/181 564/1577/181 720/1578/181 719/1579/181 

vt 60.3518 -2.21939e-15
vt 60.5518 -2.21939e-15
v -85.4522 13 -60.5518
vt 60.5518 13
vt 60.3518 13
f 564/1580/139 563/1581/139 721/1582/139 720/1583/139 

vt -42.476 -2.15835e-15
vn 0.511315 1.21668e-19 0.859393
vt -42.056 -1.79002e-15
v -85.0913 13 -60.7665
vt -42.056 13
vt -42.476 13
f 563/1584/182 562/1585/182 722/1586/182 721/1587/182 

vt -102.707 -1.81643e-15
vn -0.723421 7.53404e-19 0.690408
vt -102.437 -2.17762e-15
v -84.9048 13 -60.5712
vt -102.437 13
vt -102.707 13
f 562/1588/183 561/1589/183 723/1590/183 722/1591/183 

vt -84.9048 -2.13344e-15
vt -84.8248 -2.13344e-15
v -84.8248 13 -60.5712
vt -84.8248 13
vt -84.9048 13
f 561/1592/140 560/1593/140 724/1594/140 723/1595/140 

vt -98.7742 -2.18791e-15
vn -0.810569 7.52918e-19 0.585643
vt -98.5442 -2.19074e-15
v -84.6902 13 -60.3848
vt -98.5442 13
vt -98.7742 13
f 560/1596/184 559/1597/184 725/1598/184 724/1599/184 

vt -84.6902 -2.13636e-15
vt -84.5102 -2.13636e-15
v -84.5102 13 -60.3848
vt -84.5102 13
vt -84.6902 13
f 559/1600/140 558/1601/140 726/1602/140 725/1603/140 

vt -102.62 -2.15456e-15
vn -0.448693 6.93284e-19 0.893686
vt -102.26 -2.15461e-15
v -84.1884 13 -60.2233
vt -102.26 13
vt -102.62 13
f 558/1604/185 557/1605/185 727/1606/185 726/1607/185 

vt -99.1829 -2.18808e-15
vn -0.790205 7.54352e-19 0.612842
vt -98.1829 -1.48916e-15
v -83.5756 13 -59.433
vt -98.1829 13
vt -99.1829 13
f 557/1608/186 556/1609/186 728/1610/186 727/1611/186 

vt -99.5648 -1.4505e-15
vn -0.367344 6.63929e-19 0.930085
vt -99.2648 -2.14038e-15
v -83.2966 13 -59.3228
vt -99.2648 13
vt -99.5648 13
f 556/1612/187 555/1613/187 729/1614/187 728/1615/187 

vt -96.6941 -2.18174e-15
vn -0.81363 7.52619e-19 0.581383
vt -96.3741 -2.19084e-15
v -83.1105 13 -59.0625
vt -96.3741 13
vt -96.6941 13
f 555/1616/188 554/1617/188 730/1618/188 729/1619/188 

vt -83.1105 -2.13711e-15
vt -83.0205 -2.13711e-15
v -83.0205 13 -59.0625
vt -83.0205 13
vt -83.1105 13
f 554/1620/140 553/1621/140 731/1622/140 730/1623/140 

vt -59.0625 -2.21378e-15
vt -58.6625 -2.21378e-15
v -83.0205 13 -58.6625
vt -58.6625 13
vt -59.0625 13
f 553/1624/146 552/1625/146 732/1626/146 731/1627/146 

vt -101.619 -2.16778e-15
vn -0.598645 7.34975e-19 0.801014
vt -101.179 -1.44697e-15
v -82.6681 13 -58.3991
vt -101.179 13
vt -101.619 13
f 552/1628/189 551/1629/189 733/1630/189 732/1631/189 

vt -95.4636 -1.42396e-15
vn -0.272795 6.24803e-19 0.962072
vt -95.0336 -1.42282e-15
v -82.2544 13 -58.2818
vt -95.0336 13
vt -95.4636 13
f 551/1632/190 550/1633/190 734/1634/190 733/1635/190 

vt -93.6565 -1.47177e-15
vn -0.838987 7.49201e-19 0.544151
vt -93.3765 -1.47177e-15
v -82.102 13 -58.0469
vt -93.3765 13
vt -93.6565 13
f 550/1636/191 549/1637/191 735/1638/191 734/1639/191 

vt -82.102 -1.41564e-15
vt -80.042 -1.41564e-15
v -80.042 13 -58.0469
vt -80.042 13
vt -82.102 13
f 549/1640/140 548/1641/140 736/1642/140 735/1643/140 

vt -59.2503 -1.42067e-15
vn 0.296278 2.92446e-19 0.955102
vt -58.7703 -1.42067e-15
v -79.5836 13 -58.1891
vt -58.7703 13
vt -59.2503 13
f 548/1644/192 547/1645/192 737/1646/192 736/1647/192 

vt -11.1982 -1.45319e-15
vn 0.734971 -9.5646e-20 0.678098
vt -10.9982 -2.18494e-15
v -79.4479 13 -58.3361
vt -10.9982 13
vt -11.1982 13
f 547/1648/193 546/1649/193 738/1650/193 737/1651/193 

vt 58.3361 -2.2215e-15
vt 58.5661 -2.2215e-15
v -79.4479 13 -58.5661
vt 58.5661 13
vt 58.3361 13
f 546/1652/139 545/1653/139 739/1654/139 738/1655/139 

vt -40.865 -2.16277e-15
vn 0.487032 1.42499e-19 0.873384
vt -40.445 -2.15297e-15
v -79.0811 13 -58.7706
vt -40.445 13
vt -40.865 13
f 545/1656/194 544/1657/194 740/1658/194 739/1659/194 

vt -7.71423 -2.1772e-15
vn 0.753459 -1.16337e-19 0.657495
vt -7.56423 -2.17716e-15
v -78.9825 13 -58.8836
vt -7.56423 13
vt -7.71423 13
f 544/1660/195 543/1661/195 741/1662/195 740/1663/195 

vt 58.8836 -2.21139e-15
vt 61.1236 -2.21139e-15
v -78.9825 13 -61.1236
vt 61.1236 13
vt 58.8836 13
f 543/1664/139 542/1665/139 742/1666/139 741/1667/139 

vt -67.7128 -2.13765e-15
vn 0.166368 3.82578e-19 0.986064
vt -67.2928 -2.13765e-15
v -78.5684 13 -61.1935
vt -67.2928 13
vt -67.7128 13
f 542/1668/196 541/1669/196 743/1670/196 742/1671/196 

vt 4.3138 -2.1846e-15
vn 0.814816 -1.89567e-19 0.57972
vt 4.5038 -2.1846e-15
v -78.4582 13 -61.3483
vt 4.5038 13
vt 4.3138 13
f 541/1672/197 540/1673/197 744/1674/197 743/1675/197 

vt 61.3483 -2.21109e-15
vt 61.5551 -2.21109e-15
v -78.4582 13 -61.5551
vt 61.5551 13
vt 61.3483 13
f 540/1676/139 539/1677/139 745/1678/139 744/1679/139 

vt -38.9197 -2.15237e-15
vn 0.483465 1.45522e-19 0.875364
vt -38.4697 -2.15237e-15
v -78.0643 13 -61.7726
vt -38.4697 13
vt -38.9197 13
f 539/1680/198 538/1681/198 746/1682/198 745/1683/198 

vt -94 -2.19026e-15
vn -0.844088 7.48291e-19 0.536205
vt -93.74 -2.19026e-15
v -77.9249 13 -61.5532
vt -93.74 13
vt -94 13
f 538/1684/199 537/1685/199 747/1686/199 746/1687/199 

vt -77.9249 -2.13585e-15
vt -77.8049 -2.13585e-15
v -77.8049 13 -61.5532
vt -77.8049 13
vt -77.9249 13
f 537/1688/140 536/1689/140 748/1690/140 747/1691/140 

vt -94.3332 -2.18878e-15
vn -0.832783 7.50202e-19 0.5536
vt -94.1032 -2.18878e-15
v -77.6776 13 -61.3616
vt -94.1032 13
vt -94.3332 13
f 536/1692/200 535/1693/200 749/1694/200 748/1695/200 

vt -86.3871 -2.13815e-15
vn -0.157799 5.70657e-19 0.987471
vt -85.9771 -2.13815e-15
v -77.2727 13 -61.2969
vt -85.9771 13
vt -86.3871 13
f 535/1696/201 534/1697/201 750/1698/201 749/1699/201 

vt -92.432 -2.19141e-15
vn -0.855795 7.45888e-19 0.517315
vt -92.142 -2.19141e-15
v -77.1227 13 -61.0488
vt -92.142 13
vt -92.432 13
f 534/1700/202 533/1701/202 751/1702/202 750/1703/202 

vt -77.1227 -2.13609e-15
vt -77.0227 -2.13609e-15
v -77.0227 13 -61.0488
vt -77.0227 13
vt -77.1227 13
f 533/1704/140 532/1705/140 752/1706/140 751/1707/140 

vt -61.0488 -2.21026e-15
vt -60.6288 -2.21026e-15
v -77.0227 13 -60.6288
vt -60.6288 13
vt -61.0488 13
f 532/1708/146 531/1709/146 753/1710/146 752/1711/146 

vt -96.7652 -2.1547e-15
vn -0.485161 7.05013e-19 0.874425
vt -96.1452 -2.1547e-15
v -76.4805 13 -60.328
vt -96.1452 13
vt -96.7652 13
f 531/1712/203 530/1713/203 754/1714/203 753/1715/203 

vt -76.4805 -2.13644e-15
vt -76.2305 -2.13644e-15
v -76.2305 13 -60.328
vt -76.2305 13
vt -76.4805 13
f 530/1716/140 529/1717/140 755/1718/140 754/1719/140 

vt -85.0851 -2.19962e-15
vn -0.922436 7.20729e-19 0.386149
vt -84.7851 -1.48576e-15
v -76.1147 13 -60.0512
vt -84.7851 13
vt -85.0851 13
f 529/1720/204 528/1721/204 756/1722/204 755/1723/204 

vt -76.1147 -1.42272e-15
vt -75.9847 -1.42272e-15
v -75.9847 13 -60.0512
vt -75.9847 13
vt -76.1147 13
f 528/1724/140 527/1725/140 757/1726/140 756/1727/140 

vt -60.0512 -1.4958e-15
vt -59.6512 -1.4958e-15
v -75.9847 13 -59.6512
vt -59.6512 13
vt -60.0512 13
f 527/1728/146 526/1729/146 758/1730/146 757/1731/146 

vt -96.238 -1.45815e-15
vn -0.683387 7.49511e-19 0.730056
vt -95.818 -2.16942e-15
v -75.6781 13 -59.3642
vt -95.818 13
vt -96.238 13
f 526/1732/205 525/1733/205 759/1734/205 758/1735/205 

vt -85.433 -2.1373e-15
vn -0.186751 5.84935e-19 0.982407
vt -84.963 -2.13991e-15
v -75.2163 13 -59.2764
vt -84.963 13
vt -85.433 13
f 525/1736/206 524/1737/206 760/1738/206 759/1739/206 

vt -86.2656 -2.19621e-15
vn -0.89863 7.32485e-19 0.438708
vt -85.9956 -2.1962e-15
v -75.0979 13 -59.0338
vt -85.9956 13
vt -86.2656 13
f 524/1740/207 523/1741/207 761/1742/207 760/1743/207 

vt -75.0979 -2.13707e-15
vt -74.9979 -2.13707e-15
v -74.9979 13 -59.0338
vt -74.9979 13
vt -75.0979 13
f 523/1744/140 522/1745/140 762/1746/140 761/1747/140 

vt -59.0338 -2.20909e-15
vt -58.6338 -2.20909e-15
v -74.9979 13 -58.6338
vt -58.6338 13
vt -59.0338 13
f 522/1748/146 521/1749/146 763/1750/146 762/1751/146 

vt -92.2138 -2.18357e-15
vn -0.792309 7.54246e-19 0.610119
vt -92.0938 -2.18357e-15
v -74.9247 13 -58.5387
vt -92.0938 13
vt -92.2138 13
f 521/1752/208 520/1753/208 764/1754/208 763/1755/208 

vt -74.9247 -2.13731e-15
vt -74.8147 -2.13731e-15
v -74.8147 13 -58.5387
vt -74.8147 13
vt -74.9247 13
f 520/1756/140 519/1757/140 765/1758/140 764/1759/140 

vt -92.1031 -2.18328e-15
vn -0.790314 7.54346e-19 0.612703
vt -91.8831 -2.18328e-15
v -74.6799 13 -58.3649
vt -91.8831 13
vt -92.1031 13
f 519/1760/209 518/1761/209 766/1762/209 765/1763/209 

vt -84.9445 -2.14082e-15
vn -0.202335 5.92443e-19 0.979316
vt -84.4945 -2.14082e-15
v -74.2392 13 -58.2738
vt -84.4945 13
vt -84.9445 13
f 518/1764/210 517/1765/210 767/1766/210 766/1767/210 

vt -86.5794 -2.19351e-15
vn -0.879535 7.39472e-19 0.475834
vt -86.3094 -2.19351e-15
v -74.1107 13 -58.0363
vt -86.3094 13
vt -86.5794 13
f 517/1768/211 516/1769/211 768/1770/211 767/1771/211 

vt -74.1107 -2.13756e-15
vt -69.0033 -2.13756e-15
v -69.0033 13 -58.0363
vt -69.0033 13
vt -74.1107 13
f 516/1772/140 515/1773/140 769/1774/140 768/1775/140 

vt -58.0363 -2.20562e-15
vn -1 5.78084e-19 2.44943e-49
vt -55.0098 -2.20562e-15
v -69.0033 13 -55.0098
vt -55.0098 13
vt -58.0363 13
f 515/1776/212 26/1777/212 770/1778/212 769/1779/212 

vt -42.9898 -2.20562e-15
v -69.0033 3 -42.9898
vt -42.9898 3
v -69.0033 13 -42.9898
vt -42.9898 13
f 26/1777/146 28/1780/146 771/1781/146 772/1782/146 770/1778/146 

usemtl FrontColor
vt 2716.67 -8.52651e-14
vt 2756.04 -8.52651e-14
v -70.0033 3 -42.9898
vt 2756.04 118.11
vt 2716.67 118.11
f 28/1783/5 27/1784/5 773/1785/5 771/1786/5 

usemtl _4
vt 42.9898 -2.16573e-15
vt 55.0098 -2.16573e-15
vt 55.0098 13
vt 42.9898 13
vt 42.9898 3
f 27/1787/1 25/1788/1 475/1789/1 474/1790/1 773/1791/1 

vt 70.0033 -1.42282e-15
vn 0 -1.35051e-17 -1
vt 74.3833 -1.42282e-15
vt 74.3833 13
vt 70.0033 13
f 25/1792/213 514/1793/213 476/1794/213 475/1795/213 

vt 12.3319 -2.58121e-15
vn -0.717583 4.53131e-18 -0.696473
vt 15.9919 -2.58121e-15
vt 15.9919 13
vt 12.3319 13
f 514/1796/214 513/1797/214 477/1798/214 476/1799/214 

vt -30.5075 -3.50479e-15
vn -0.965395 1.52284e-17 -0.260791
vt -30.1375 -3.50479e-15
vt -30.1375 13
vt -30.5075 13
f 513/1800/215 512/1801/215 478/1802/215 477/1803/215 

vt 77.0289 -1.46311e-15
vt 85.0689 -1.46311e-15
vt 85.0689 13
vt 77.0289 13
f 512/1804/213 511/1805/213 479/1806/213 478/1807/213 

vt 52.0263 -3.81799e-15
vn 1 -1.94225e-17 -0
vt 52.3835 -3.81799e-15
vt 52.3835 13
vt 52.0263 13
f 511/1808/216 510/1809/216 480/1810/216 479/1811/216 

vt 89.1587 -3.23025e-15
vn 0.852106 -2.36182e-17 -0.523369
vt 89.3787 -2.86332e-15
vt 89.3787 13
vt 89.1587 13
f 510/1812/217 509/1813/217 481/1814/217 480/1815/217 

vt 85.184 -1.08882e-15
vt 85.464 -1.08882e-15
vt 85.464 13
vt 85.184 13
f 509/1816/213 508/1817/213 482/1818/213 481/1819/213 

vt 87.9703 -2.93583e-15
vn 0.869025 -2.35606e-17 -0.494768
vt 88.4203 -3.30548e-15
vt 88.4203 13
vt 87.9703 13
f 508/1820/218 507/1821/218 483/1822/218 482/1823/218 

vt 85.6867 -1.45319e-15
vt 85.9867 -1.45319e-15
vt 85.9867 13
vt 85.6867 13
f 507/1824/213 506/1825/213 484/1826/213 483/1827/213 

vt 52.962 -3.83853e-15
vt 54.342 -3.83853e-15
vt 54.342 13
vt 52.962 13
f 506/1828/216 505/1829/216 485/1830/216 484/1831/216 

vt 97.2469 -2.87044e-15
vn 0.758646 -2.35334e-17 -0.651503
vt 97.5469 -2.86772e-15
vt 97.5469 13
vt 97.2469 13
f 505/1832/219 486/1833/219 434/1834/219 485/1835/219 

v -74.1033 3 -42.9898
vt -74.1033 3
vn 0 4.20264e-16 1
vt -70.0033 3
vt -70.0033 13
vt -74.1033 13
f 774/1836/220 773/1837/220 474/1838/220 473/1839/220 

usemtl Color_C02
v -75.289 3 -44.264
vt -2964.13 1742.68
vn 2.07524e-18 1 5.96291e-19
v -75.7083 3 -44.3507
vt -2980.64 1746.09
v -76.0191 3 -44.5514
vt -2992.88 1753.99
v -76.0191 3 -45.0014
vt -2992.88 1771.71
v -76.1591 3 -45.0014
vt -2998.39 1771.71
v -76.2867 3 -45.2949
vt -3003.42 1783.26
v -76.7049 3 -45.3344
vt -3019.88 1784.82
v -77.0164 3 -45.569
vt -3032.14 1794.06
v -77.0164 3 -45.989
vt -3032.14 1810.59
v -87.9964 3 -45.989
vt -3464.43 1810.59
v -87.9964 3 -45.799
vt -3464.43 1803.11
v -88.1085 3 -45.6334
vt -3468.84 1796.59
v -88.4403 3 -45.4696
vt -3481.9 1790.14
v -88.4403 3 -45.2496
vt -3481.9 1781.48
v -88.5549 3 -45.1241
vt -3486.41 1776.54
v -88.8549 3 -45.1241
vt -3498.22 1776.54
v -89.0071 3 -44.9652
vt -3504.22 1770.28
v -89.0071 3 -44.7452
vt -3504.22 1761.62
v -89.452 3 -44.476
vt -3521.73 1751.03
v -89.452 3 -44.296
vt -3521.73 1743.94
v -89.5706 3 -44.135
vt -3526.4 1737.6
v -89.8506 3 -44.135
vt -3537.42 1737.6
v -90.0165 3 -43.9905
vt -3543.96 1731.91
v -90.0165 3 -43.6871
vt -3543.96 1719.96
v -90.4468 3 -43.4745
vt -3560.9 1711.59
v -90.4468 3 -43.2545
vt -3560.9 1702.93
v -90.5674 3 -43.1076
vt -3565.65 1697.15
v -90.8574 3 -43.1076
vt -3577.06 1697.15
v -91.0357 3 -42.9898
vt -3584.08 1692.51
v -92.0285 3 -42.9898
vt -3623.17 1692.51
v -93.0285 3 -42.9898
vt -3662.54 1692.51
v -93.9585 3 -42.9898
vt -3699.15 1692.51
v -93.9585 3 -42.7998
vt -3699.15 1685.03
v -94.4111 3 -42.4874
vt -3716.97 1672.73
v -94.4111 3 -42.2774
vt -3716.97 1664.47
v -94.5728 3 -42.1282
vt -3723.34 1658.59
v -95.0028 3 -42.1282
vt -3740.27 1658.59
v -95.0028 3 -34.9682
vt -3740.27 1376.7
v -94.7128 3 -34.9682
vt -3728.85 1376.7
v -94.3961 3 -34.5685
vt -3716.38 1360.96
v -94.1761 3 -34.5685
vt -3707.72 1360.96
v -94.0399 3 -34.3354
vt -3702.36 1351.79
v -94.0399 3 -34.0054
vt -3702.36 1338.79
v -62.7199 3 -34.0054
vt -2469.29 1338.79
v -62.4108 3 -33.6123
vt -2457.12 1323.32
v -62.1908 3 -33.6123
vt -2448.46 1323.32
v -61.9755 3 -33.3238
vt -2439.98 1311.96
v -61.3934 3 -34.0142
vt -2417.06 1339.14
v -54.0043 3 -34.0142
vt -2126.15 1339.14
v -53.0043 3 -34.0142
vt -2086.78 1339.14
v -47.0043 3 -34.0142
vt -1850.56 1339.14
v -47.0043 3 -34.3842
vt -1850.56 1353.71
v -46.3343 3 -35.0435
vt -1824.18 1379.67
v -45.6926 3 -34.9399
vt -1798.92 1375.59
v -45.4133 3 -34.5744
vt -1787.93 1361.2
v -45.2133 3 -34.5744
vt -1780.05 1361.2
v -45.0143 3 -34.3842
vt -1772.22 1353.71
v -45.0143 3 -34.0142
vt -1772.22 1339.14
v -44.0143 3 -34.0142
vt -1732.85 1339.14
v -43.0243 3 -34.0142
vt -1693.87 1339.14
v -42.9214 3 -34.3904
vt -1689.82 1353.95
v -42.3515 3 -35.0345
vt -1667.38 1379.31
v -41.6983 3 -34.9401
vt -1641.67 1375.59
v -41.4066 3 -34.5844
vt -1630.18 1361.59
v -41.1866 3 -34.5844
vt -1621.52 1361.59
v -41.0446 3 -34.3666
vt -1615.93 1353.02
v -41.0446 3 -33.9966
vt -1615.93 1338.45
v -39.7146 3 -33.9966
vt -1563.57 1338.45
v -39.4025 3 -33.5683
vt -1551.28 1321.59
v -39.2025 3 -33.5683
vt -1543.4 1321.59
v -38.9416 3 -33.335
vt -1533.13 1312.4
v -38.35 3 -33.9966
vt -1509.84 1338.45
v -38.02 3 -33.9966
vt -1496.85 1338.45
v -37.9343 3 -34.3566
vt -1493.48 1352.62
v -37.3567 3 -35.0206
vt -1470.74 1378.76
v -37.1267 3 -35.0206
vt -1461.68 1378.76
v -36.9681 3 -34.7778
vt -1455.44 1369.21
v -36.7756 3 -34.9527
vt -1447.86 1376.09
v -36.4259 3 -34.5679
vt -1434.09 1360.94
v -36.1759 3 -34.5679
vt -1424.25 1360.94
v -36.0921 3 -34.3753
vt -1420.95 1353.36
v -36.0921 3 -34.0125
vt -1420.95 1339.07
v -35.6621 3 -34.0125
vt -1404.02 1339.07
v -35.4851 3 -33.758
vt -1397.05 1329.05
v -35.3041 3 -34.0142
vt -1389.93 1339.14
v -35.0143 3 -34.0142
vt -1378.52 1339.14
v -34.0143 3 -34.0142
vt -1339.15 1339.14
v -33.9225 3 -34.383
vt -1335.53 1353.66
v -33.3438 3 -35.0326
vt -1312.75 1379.24
v -32.6908 3 -34.9368
vt -1287.04 1375.47
v -32.4075 3 -34.5618
vt -1275.89 1360.7
v -32.2075 3 -34.5618
vt -1268.01 1360.7
v -32.0626 3 -34.3832
vt -1262.31 1353.67
v -31.8726 3 -34.3832
vt -1254.83 1353.67
v -31.3637 3 -35.0133
vt -1234.79 1378.48
v -31.1237 3 -35.0133
vt -1225.34 1378.48
v -30.9715 3 -34.7783
vt -1219.35 1369.22
v -30.8111 3 -34.9567
vt -1213.03 1376.25
v -30.6922 3 -34.9567
vt -1208.36 1376.25
v -30.4156 3 -34.5645
vt -1197.46 1360.81
v -30.1956 3 -34.5645
vt -1188.8 1360.81
v -30.078 3 -34.3668
vt -1184.17 1353.02
v -30.078 3 -33.9668
vt -1184.17 1337.28
v -29.708 3 -33.9668
vt -1169.61 1337.28
v -29.4124 3 -33.539
vt -1157.97 1320.43
v -28.7224 3 -33.539
vt -1130.8 1320.43
v -28.3648 3 -34.0084
vt -1116.73 1338.91
v -28.0022 3 -34.0084
vt -1102.45 1338.91
v -27.9117 3 -34.3774
vt -1098.88 1353.44
v -27.3448 3 -35.0108
vt -1076.57 1378.38
v -27.1348 3 -35.0108
vt -1068.3 1378.38
v -26.9762 3 -34.7923
vt -1062.06 1369.78
v -26.7658 3 -34.9451
vt -1053.77 1375.79
v -26.6658 3 -34.9451
vt -1049.83 1375.79
v -26.4488 3 -34.5972
vt -1041.29 1362.09
v -26.1853 3 -34.5972
vt -1030.92 1362.09
v -26.0524 3 -34.3855
vt -1025.68 1353.76
v -26.0524 3 -33.9955
vt -1025.68 1338.4
v -25.6179 3 -33.9955
vt -1008.58 1338.4
v -25.5 3 -33.8097
vt -1003.94 1331.09
v -25.3157 3 -33.9635
vt -996.682 1337.15
v -24.8499 3 -34.0263
vt -978.344 1339.62
v -21.0099 3 -34.0263
vt -827.163 1339.62
v -21.0099 3 -36.3063
vt -827.163 1429.38
v -20.3691 3 -37.0076
vt -801.935 1456.99
v -20.1391 3 -37.0076
vt -792.88 1456.99
v -19.9831 3 -36.7751
vt -786.738 1447.84
v -19.7719 3 -36.9589
vt -778.42 1455.07
v -19.6719 3 -36.9589
vt -774.483 1455.07
v -19.4358 3 -36.5876
vt -765.187 1440.46
v -19.1758 3 -36.5876
vt -754.951 1440.46
v -19.0662 3 -36.3518
vt -750.636 1431.17
v -19.0662 3 -35.9814
vt -750.636 1416.59
v -18.7062 3 -35.9814
vt -736.463 1416.59
v -18.4243 3 -35.5806
vt -725.366 1400.81
v -18.1843 3 -35.5806
vt -715.917 1400.81
v -18.0589 3 -35.3759
vt -710.982 1392.75
v -18.0589 3 -34.9359
vt -710.982 1375.43
v -17.6989 3 -34.9359
vt -696.808 1375.43
v -17.4167 3 -34.5854
vt -685.696 1361.63
v -17.1767 3 -34.5854
vt -676.247 1361.63
v -17.0415 3 -34.3633
vt -670.925 1352.89
v -17.0415 3 -34.0233
vt -670.925 1339.5
v -10.0315 3 -34.0233
vt -394.94 1339.5
v -10.0315 3 -40.9947
vt -394.94 1613.96
v -10.0315 3 -43.0012
vt -394.94 1692.96
v -10.9928 3 -43.0012
vt -432.788 1692.96
v -11.9928 3 -43.0012
vt -472.158 1692.96
v -12.1528 3 -43.0012
vt -478.457 1692.96
v -12.29 3 -43.2567
vt -483.857 1703.02
v -12.49 3 -43.2567
vt -491.731 1703.02
v -13.0239 3 -43.5911
vt -512.752 1716.18
v -13.0239 3 -44.9911
vt -512.752 1771.3
v -13.1339 3 -44.9911
vt -517.083 1771.3
v -13.2802 3 -45.2757
vt -522.843 1782.51
v -13.6872 3 -45.3248
vt -538.868 1784.44
v -14.0144 3 -45.5719
vt -551.749 1794.17
v -14.0144 3 -46.0019
vt -551.749 1811.1
v -14.1244 3 -46.0019
vt -556.08 1811.1
v -14.2779 3 -46.2597
vt -562.123 1821.25
v -14.4979 3 -46.2597
vt -570.784 1821.25
v -15.004 3 -46.5819
vt -590.71 1833.93
v -15.004 3 -46.7019
vt -590.71 1838.66
v -15.4528 3 -46.505
vt -608.376 1830.91
v -15.4528 3 -46.2597
vt -608.376 1821.25
v -15.5884 3 -46.1127
vt -613.717 1815.46
v -15.8384 3 -46.1127
vt -623.56 1815.46
v -16.0635 3 -45.9825
vt -632.42 1810.33
v -17.0035 3 -45.9825
vt -669.428 1810.33
v -17.0035 3 -45.8025
vt -669.428 1803.25
v -17.4489 3 -45.4798
vt -686.963 1790.54
v -17.4489 3 -45.2798
vt -686.963 1782.67
v -17.586 3 -45.1208
vt -692.364 1776.41
v -17.846 3 -45.1208
vt -702.6 1776.41
v -18.0335 3 -44.9709
vt -709.978 1770.51
v -18.0335 3 -44.7509
vt -709.978 1761.85
v -18.4236 3 -44.4888
vt -725.338 1751.53
v -18.4236 3 -44.2675
vt -725.338 1742.81
v -18.6206 3 -44.1304
vt -733.094 1737.42
v -19.0426 3 -44.0477
vt -749.707 1734.16
v -19.0426 3 -43.739
vt -749.707 1722.01
v -19.4568 3 -43.4773
vt -766.016 1711.71
v -19.4568 3 -43.2673
vt -766.016 1703.44
v -19.5806 3 -43.1232
vt -770.89 1697.76
v -19.8206 3 -43.1232
vt -780.339 1697.76
v -20.0577 3 -42.994
vt -789.672 1692.68
v -20.274 3 -43.2563
vt -798.188 1703
v -20.6868 3 -43.3333
vt -814.443 1706.04
v -21.0183 3 -43.5746
vt -827.493 1715.54
v -21.0183 3 -43.741
vt -827.493 1722.09
v -21.4439 3 -43.4786
vt -844.249 1711.76
v -21.4439 3 -43.2886
vt -844.249 1704.28
v -21.5949 3 -43.1286
vt -850.195 1697.98
v -22.0894 3 -43.0037
vt -869.662 1693.06
v -23.1267 3 -43.0037
vt -910.499 1693.06
v -23.2841 3 -43.259
vt -916.699 1703.11
v -23.6883 3 -43.3279
vt -932.611 1705.82
v -24.0289 3 -43.5737
vt -946.02 1715.5
v -24.0289 3 -45.9937
vt -946.02 1810.78
v -25.9889 3 -45.9937
vt -1023.18 1810.78
v -25.9889 3 -45.8137
vt -1023.18 1803.69
v -26.0946 3 -45.6558
vt -1027.35 1797.47
v -26.4425 3 -45.4796
vt -1041.04 1790.54
v -26.4425 3 -45.2796
vt -1041.04 1782.66
v -26.5869 3 -45.1136
vt -1046.73 1776.13
v -26.8269 3 -45.1136
vt -1056.18 1776.13
v -27.077 3 -44.9877
vt -1066.02 1771.17
v -27.2714 3 -45.2418
vt -1073.68 1781.18
v -27.6726 3 -45.3261
vt -1089.47 1784.49
v -28.0281 3 -45.5854
vt -1103.47 1794.7
v -28.0281 3 -46.0054
vt -1103.47 1811.24
v -28.1381 3 -46.0054
vt -1107.8 1811.24
v -28.2726 3 -46.2395
vt -1113.09 1820.45
v -28.4826 3 -46.2395
vt -1121.36 1820.45
v -28.7049 3 -46.3299
vt -1130.11 1824.01
v -29.0112 3 -46.5872
vt -1142.17 1834.14
v -29.0112 3 -46.7472
vt -1142.17 1840.44
v -29.4522 3 -46.4717
vt -1159.54 1829.59
v -29.4522 3 -46.2395
vt -1159.54 1820.45
v -29.5939 3 -46.1129
vt -1165.11 1815.47
v -29.8239 3 -46.1129
vt -1174.17 1815.47
v -30.0209 3 -45.9759
vt -1181.93 1810.07
v -30.0209 3 -45.7059
vt -1181.93 1799.44
v -30.4456 3 -45.4822
vt -1198.65 1790.64
v -30.4456 3 -45.276
vt -1198.65 1782.52
v -30.5905 3 -45.124
vt -1204.35 1776.54
v -30.8405 3 -45.124
vt -1214.19 1776.54
v -31.0749 3 -44.9709
vt -1223.42 1770.51
v -31.2002 3 -45.0534
vt -1228.35 1773.76
v -31.2002 3 -45.1834
vt -1228.35 1778.87
v -31.5006 3 -45.32
vt -1240.18 1784.25
v -31.6706 3 -45.32
vt -1246.87 1784.25
v -31.9165 3 -45.5248
vt -1256.55 1792.32
v -31.9969 3 -45.5248
vt -1259.72 1792.32
v -31.9969 3 -45.7148
vt -1259.72 1799.8
v -32.4415 3 -45.4649
vt -1277.22 1789.96
v -32.4415 3 -45.2649
vt -1277.22 1782.08
v -32.6048 3 -45.133
vt -1283.65 1776.89
v -32.8348 3 -45.133
vt -1292.71 1776.89
v -33.0633 3 -44.9891
vt -1301.71 1771.23
v -33.2793 3 -45.2387
vt -1310.21 1781.05
v -33.6796 3 -45.3273
vt -1325.97 1784.54
v -34.0146 3 -45.5636
vt -1339.16 1793.84
v -34.0146 3 -45.9936
vt -1339.16 1810.77
v -35.9946 3 -45.9936
vt -1417.11 1810.77
v -36.0549 3 -45.6895
vt -1419.49 1798.8
v -36.4398 3 -45.4762
vt -1434.64 1790.4
v -36.4398 3 -45.2762
vt -1434.64 1782.53
v -36.5923 3 -45.1177
vt -1440.64 1776.29
v -36.8423 3 -45.1177
vt -1450.48 1776.29
v -37.0565 3 -44.9888
vt -1458.92 1771.21
v -37.1265 3 -44.9888
vt -1461.67 1771.21
v -37.2774 3 -45.2481
vt -1467.61 1781.42
v -37.6985 3 -45.335
vt -1484.19 1784.84
v -38.0079 3 -45.5724
vt -1496.37 1794.19
v -38.0079 3 -45.9924
vt -1496.37 1810.73
v -38.1379 3 -45.9924
vt -1501.49 1810.73
v -38.2756 3 -46.2477
vt -1506.91 1820.77
v -38.4956 3 -46.2477
vt -1515.57 1820.77
v -38.8417 3 -46.4855
vt -1529.2 1830.14
v -38.9417 3 -46.4855
vt -1533.14 1830.14
v -39.0209 3 -46.5757
vt -1536.26 1833.69
v -39.0209 3 -46.7857
vt -1536.26 1841.96
v -39.4566 3 -46.4839
vt -1553.41 1830.08
v -39.4566 3 -46.2739
vt -1553.41 1821.81
v -39.6062 3 -46.1265
vt -1559.3 1816.01
v -39.9766 3 -46.0414
vt -1573.88 1812.65
v -39.9766 3 -43.7514
vt -1573.88 1722.5
v -40.4411 3 -43.4761
vt -1592.17 1711.66
v -40.4411 3 -43.2661
vt -1592.17 1703.39
v -40.5706 3 -43.1136
vt -1597.27 1697.39
v -40.8206 3 -43.1136
vt -1607.11 1697.39
v -41.0085 3 -42.9643
vt -1614.51 1691.51
v -41.0085 3 -42.7243
vt -1614.51 1682.06
v -41.4329 3 -42.4794
vt -1631.22 1672.42
v -41.4329 3 -42.2694
vt -1631.22 1664.15
v -41.5924 3 -42.1328
vt -1637.5 1658.77
v -41.8536 3 -42.1328
vt -1647.78 1658.77
v -42.0399 3 -41.9816
vt -1655.12 1652.82
v -42.2903 3 -42.2261
vt -1664.97 1662.45
v -42.6524 3 -42.3414
vt -1679.23 1666.98
v -43.0124 3 -42.5766
vt -1693.4 1676.25
v -43.0124 3 -42.9966
vt -1693.4 1692.78
v -44.9824 3 -42.9966
vt -1770.96 1692.78
v -44.9824 3 -42.8166
vt -1770.96 1685.69
v -45.0864 3 -42.6697
vt -1775.06 1679.91
v -45.4427 3 -42.4879
vt -1789.08 1672.75
v -45.4427 3 -42.2779
vt -1789.08 1664.49
v -45.5657 3 -42.1077
vt -1793.92 1657.78
v -45.8557 3 -42.1077
vt -1805.34 1657.78
v -46.0561 3 -41.9756
vt -1813.23 1652.58
v -46.2978 3 -42.2287
vt -1822.75 1662.55
v -46.6729 3 -42.3355
vt -1837.52 1666.75
v -47.0072 3 -42.5729
vt -1850.68 1676.1
v -47.0072 3 -42.9929
vt -1850.68 1692.63
v -48.1172 3 -42.9929
vt -1894.38 1692.63
v -48.2855 3 -43.266
vt -1901.01 1703.39
v -48.6877 3 -43.3459
vt -1916.84 1706.53
v -49.0156 3 -43.5569
vt -1929.75 1714.84
v -49.0156 3 -44.9969
vt -1929.75 1771.53
v -49.1256 3 -44.9969
vt -1934.08 1771.53
v -49.2812 3 -45.2766
vt -1940.21 1782.54
v -49.7018 3 -45.3659
vt -1956.77 1786.06
v -49.86 3 -45.5596
vt -1962.99 1793.68
v -50.0414 3 -45.5596
vt -1970.13 1793.68
v -50.0414 3 -46.0096
vt -1970.13 1811.4
v -61.0914 3 -46.0096
vt -2405.17 1811.4
v -61.2859 3 -46.251
vt -2412.83 1820.9
v -61.7092 3 -46.3263
vt -2429.5 1823.87
v -61.9989 3 -46.5723
vt -2440.9 1833.56
v -61.9989 3 -46.7823
vt -2440.9 1841.82
v -62.4609 3 -46.4659
vt -2459.09 1829.37
v -62.4609 3 -46.251
vt -2459.09 1820.9
v -62.5798 3 -46.1294
vt -2463.77 1816.12
v -62.8398 3 -46.1294
vt -2474.01 1816.12
v -63.0848 3 -45.9939
vt -2483.65 1810.79
v -64.9948 3 -45.9939
vt -2558.85 1810.79
v -65.0784 3 -45.685
vt -2562.14 1798.62
v -65.427 3 -45.489
vt -2575.87 1790.91
v -65.427 3 -45.2468
vt -2575.87 1781.37
v -65.6052 3 -45.1014
vt -2582.88 1775.64
v -66.0789 3 -45.0241
vt -2601.53 1772.6
v -66.0789 3 -44.6841
vt -2601.53 1759.21
v -66.4229 3 -44.4798
vt -2615.07 1751.17
v -66.4229 3 -44.2389
vt -2615.07 1741.69
v -66.5692 3 -44.1177
vt -2620.83 1736.92
v -66.8392 3 -44.1177
vt -2631.46 1736.92
v -66.9932 3 -43.9901
vt -2637.53 1731.89
v -66.9932 3 -43.7447
vt -2637.53 1722.23
v -67.4593 3 -43.4925
vt -2655.88 1712.3
v -67.4593 3 -43.2591
vt -2655.88 1703.11
v -67.5801 3 -43.1124
vt -2660.63 1697.34
v -68.0319 3 -42.9898
vt -2678.42 1692.51
vt -2716.67 1692.51
vt -2756.04 1692.51
vt -2917.45 1692.51
v -74.2873 3 -43.2393
vt -2924.7 1702.34
v -74.7071 3 -43.3325
vt -2941.22 1706
v -75.0077 3 -43.565
vt -2953.06 1715.16
v -75.0077 3 -44.005
vt -2953.06 1732.48
v -75.1377 3 -44.005
vt -2958.18 1732.48
f 775/1840/221 776/1841/221 777/1842/221 778/1843/221 779/1844/221 780/1845/221 781/1846/221 782/1847/221 783/1848/221 784/1849/221 785/1850/221 786/1851/221 787/1852/221 788/1853/221 789/1854/221 790/1855/221 791/1856/221 792/1857/221 793/1858/221 794/1859/221 795/1860/221 796/1861/221 797/1862/221 798/1863/221 799/1864/221 800/1865/221 801/1866/221 802/1867/221 803/1868/221 804/1869/221 805/1870/221 806/1871/221 807/1872/221 808/1873/221 809/1874/221 810/1875/221 811/1876/221 812/1877/221 813/1878/221 814/1879/221 815/1880/221 816/1881/221 817/1882/221 818/1883/221 819/1884/221 820/1885/221 821/1886/221 822/1887/221 823/1888/221 824/1889/221 825/1890/221 826/1891/221 827/1892/221 828/1893/221 829/1894/221 830/1895/221 831/1896/221 832/1897/221 833/1898/221 834/1899/221 835/1900/221 836/1901/221 837/1902/221 838/1903/221 839/1904/221 840/1905/221 841/1906/221 842/1907/221 843/1908/221 844/1909/221 845/1910/221 846/1911/221 847/1912/221 848/1913/221 849/1914/221 850/1915/221 851/1916/221 852/1917/221 853/1918/221 854/1919/221 855/1920/221 856/1921/221 857/1922/221 858/1923/221 859/1924/221 860/1925/221 861/1926/221 862/1927/221 863/1928/221 864/1929/221 865/1930/221 866/1931/221 867/1932/221 868/1933/221 869/1934/221 870/1935/221 871/1936/221 872/1937/221 873/1938/221 874/1939/221 875/1940/221 876/1941/221 877/1942/221 878/1943/221 879/1944/221 880/1945/221 881/1946/221 882/1947/221 883/1948/221 884/1949/221 885/1950/221 886/1951/221 887/1952/221 888/1953/221 889/1954/221 890/1955/221 891/1956/221 892/1957/221 893/1958/221 894/1959/221 895/1960/221 896/1961/221 897/1962/221 898/1963/221 899/1964/221 900/1965/221 901/1966/221 902/1967/221 903/1968/221 904/1969/221 905/1970/221 906/1971/221 907/1972/221 908/1973/221 909/1974/221 910/1975/221 911/1976/221 912/1977/221 913/1978/221 914/1979/221 915/1980/221 916/1981/221 917/1982/221 918/1983/221 919/1984/221 920/1985/221 921/1986/221 922/1987/221 923/1988/221 924/1989/221 925/1990/221 926/1991/221 927/1992/221 928/1993/221 929/1994/221 930/1995/221 931/1996/221 932/1997/221 933/1998/221 934/1999/221 935/2000/221 936/2001/221 937/2002/221 938/2003/221 939/2004/221 940/2005/221 941/2006/221 942/2007/221 943/2008/221 944/2009/221 945/2010/221 946/2011/221 947/2012/221 948/2013/221 949/2014/221 950/2015/221 951/2016/221 952/2017/221 953/2018/221 954/2019/221 955/2020/221 956/2021/221 957/2022/221 958/2023/221 959/2024/221 960/2025/221 961/2026/221 962/2027/221 963/2028/221 964/2029/221 965/2030/221 966/2031/221 967/2032/221 968/2033/221 969/2034/221 970/2035/221 971/2036/221 972/2037/221 973/2038/221 974/2039/221 975/2040/221 976/2041/221 977/2042/221 978/2043/221 979/2044/221 980/2045/221 981/2046/221 982/2047/221 983/2048/221 984/2049/221 985/2050/221 986/2051/221 987/2052/221 988/2053/221 989/2054/221 990/2055/221 991/2056/221 992/2057/221 993/2058/221 994/2059/221 995/2060/221 996/2061/221 997/2062/221 998/2063/221 999/2064/221 1000/2065/221 1001/2066/221 1002/2067/221 1003/2068/221 1004/2069/221 1005/2070/221 1006/2071/221 1007/2072/221 1008/2073/221 1009/2074/221 1010/2075/221 1011/2076/221 1012/2077/221 1013/2078/221 1014/2079/221 1015/2080/221 1016/2081/221 1017/2082/221 1018/2083/221 1019/2084/221 1020/2085/221 1021/2086/221 1022/2087/221 1023/2088/221 1024/2089/221 1025/2090/221 1026/2091/221 1027/2092/221 1028/2093/221 1029/2094/221 1030/2095/221 1031/2096/221 1032/2097/221 1033/2098/221 1034/2099/221 1035/2100/221 1036/2101/221 1037/2102/221 1038/2103/221 1039/2104/221 1040/2105/221 1041/2106/221 1042/2107/221 1043/2108/221 1044/2109/221 1045/2110/221 1046/2111/221 1047/2112/221 1048/2113/221 1049/2114/221 1050/2115/221 1051/2116/221 1052/2117/221 1053/2118/221 1054/2119/221 1055/2120/221 1056/2121/221 1057/2122/221 1058/2123/221 1059/2124/221 1060/2125/221 1061/2126/221 1062/2127/221 1063/2128/221 1064/2129/221 1065/2130/221 1066/2131/221 1067/2132/221 1068/2133/221 1069/2134/221 1070/2135/221 1071/2136/221 1072/2137/221 1073/2138/221 1074/2139/221 1075/2140/221 1076/2141/221 1077/2142/221 1078/2143/221 1079/2144/221 1080/2145/221 1081/2146/221 1082/2147/221 1083/2148/221 1084/2149/221 1085/2150/221 1086/2151/221 1087/2152/221 1088/2153/221 1089/2154/221 1090/2155/221 1091/2156/221 1092/2157/221 1093/2158/221 1094/2159/221 1095/2160/221 1096/2161/221 1097/2162/221 1098/2163/221 1099/2164/221 1100/2165/221 1101/2166/221 1102/2167/221 1103/2168/221 1104/2169/221 1105/2170/221 1106/2171/221 1107/2172/221 771/2173/221 773/2174/221 774/2175/221 1108/2176/221 1109/2177/221 1110/2178/221 1111/2179/221 1112/2180/221 

usemtl _4
vt -83.1147 3
vn -0.202286 4.15524e-16 0.979327
vt -82.6865 3
vt -82.6865 13
vt -83.1147 13
f 776/2181/222 775/2182/222 467/2183/222 466/2184/222 

vt -76.191 3
vn -0.863534 2.2879e-16 0.50429
vt -75.891 3
vt -75.891 13
vt -76.191 13
f 775/2185/223 1112/2186/223 468/2187/223 467/2188/223 

vt -75.1377 3
vt -75.0077 3
vt -75.0077 13
vt -75.1377 13
f 1112/2189/220 1111/2190/220 469/2191/220 468/2192/220 

vt -44.005 3
vn -1 1.95189e-17 -0
vt -43.565 3
vt -43.565 13
vt -44.005 13
f 1111/2193/224 1110/2194/224 470/2195/224 469/2196/224 

vt -85.9835 3
vn -0.611908 3.44343e-16 0.790929
vt -85.6035 3
vt -85.6035 13
vt -85.9835 13
f 1110/2197/225 1109/2198/225 471/2199/225 470/2200/225 

vt -82.32 3
vn -0.216623 4.14513e-16 0.976255
vt -81.89 3
vt -81.89 13
vt -82.32 13
f 1109/2201/226 1108/2202/226 472/2203/226 471/2204/226 

vt -78.8956 3
vn -0.804736 2.6519e-16 0.593633
vt -78.5856 3
vt -78.5856 13
vt -78.8956 13
f 1108/2205/227 774/2206/227 473/2207/227 472/2208/227 

vt -88.0293 3
vn -0.542543 3.63623e-16 0.840028
vt -87.6593 3
vt -87.6593 13
vt -88.0293 13
f 777/2209/228 776/2210/228 466/2211/228 465/2212/228 

vt -45.0014 3
vt -44.5514 3
vt -44.5514 13
vt -45.0014 13
f 778/2213/224 777/2214/224 465/2215/224 464/2216/224 

vt -76.1591 3
vt -76.0191 3
vt -76.0191 13
vt -76.1591 13
f 779/2217/220 778/2218/220 464/2219/220 463/2220/220 

vt -71.9593 3
vn -0.917045 1.85494e-16 0.398783
vt -71.6393 3
vt -71.6393 13
vt -71.9593 13
f 780/2221/229 779/2222/229 463/2223/229 462/2224/229 

vt -80.6314 3
vn -0.0941236 4.20235e-16 0.995561
vt -80.2114 3
vt -80.2114 13
vt -80.6314 13
f 781/2225/230 780/2226/230 462/2227/230 461/2228/230 

vt -88.9344 3
vn -0.601639 3.47437e-16 0.798768
vt -88.5444 3
vt -88.5444 13
vt -88.9344 13
f 782/2229/231 781/2230/231 461/2231/231 460/2232/231 

vt -45.989 3
vt -45.569 3
vt -45.569 13
vt -45.989 13
f 783/2233/224 782/2234/224 460/2235/224 459/2236/224 

vt -87.9964 3
vt -77.0164 3
vt -77.0164 13
vt -87.9964 13
f 784/2237/220 783/2238/220 459/2239/220 458/2240/220 

vt 45.799 3
vn 1 -1.95189e-17 -0
vt 45.989 3
vt 45.989 13
vt 45.799 13
f 785/2241/232 784/2242/232 458/2243/232 457/2244/232 

vt -11.5805 3
vn 0.828227 2.19346e-16 0.560392
vt -11.3805 3
vt -11.3805 13
vt -11.5805 13
f 786/2245/233 785/2246/233 457/2247/233 456/2248/233 

vt -59.1765 3
vn 0.442653 3.68207e-16 0.896693
vt -58.8065 3
vt -58.8065 13
vt -59.1765 13
f 787/2249/234 786/2250/234 456/2251/234 455/2252/234 

vt 45.2496 3
vt 45.4696 3
vt 45.4696 13
vt 45.2496 13
f 788/2253/232 787/2254/232 455/2255/232 454/2256/232 

vt -26.3771 3
vn 0.738551 2.68925e-16 0.674198
vt -26.2071 3
vt -26.2071 13
vt -26.3771 13
f 789/2257/235 788/2258/235 454/2259/235 453/2260/235 

vt -88.8549 3
vt -88.5549 3
vt -88.5549 13
vt -88.8549 13
f 790/2261/220 789/2262/220 453/2263/220 452/2264/220 

vt -29.1081 3
vn 0.722075 2.76651e-16 0.691814
vt -28.8881 3
vt -28.8881 13
vt -29.1081 13
f 791/2265/236 790/2266/236 452/2267/236 451/2268/236 

vt 44.7452 3
vt 44.9652 3
vt 44.9652 13
vt 44.7452 13
f 792/2269/232 791/2270/232 451/2271/232 450/2272/232 

vt -53.5151 3
vn 0.517613 3.49481e-16 0.855615
vt -52.9951 3
vt -52.9951 13
vt -53.5151 13
f 793/2273/237 792/2274/237 450/2275/237 449/2276/237 

vt 44.296 3
vt 44.476 3
vt 44.476 13
vt 44.296 13
f 794/2277/232 793/2278/232 449/2279/232 448/2280/232 

vt -17.5621 3
vn 0.805297 2.33444e-16 0.592872
vt -17.3621 3
vt -17.3621 13
vt -17.5621 13
f 795/2281/238 794/2282/238 448/2283/238 447/2284/238 

vt -89.8506 3
vt -89.5706 3
vt -89.5706 13
vt -89.8506 13
f 796/2285/220 795/2286/220 447/2287/220 446/2288/220 

vt -39.0009 3
vn 0.656673 3.04135e-16 0.754176
vt -38.7809 3
vt -38.7809 13
vt -39.0009 13
f 797/2289/239 796/2290/239 446/2291/239 445/2292/239 

vt 43.6871 3
vt 43.9905 3
vt 43.9905 13
vt 43.6871 13
f 798/2293/232 797/2294/232 445/2295/232 444/2296/232 

vt -61.8345 3
vn 0.442931 3.68145e-16 0.896556
vt -61.3545 3
vt -61.3545 13
vt -61.8345 13
f 799/2297/240 798/2298/240 444/2299/240 443/2300/240 

vt 43.2545 3
vt 43.4745 3
vt 43.4745 13
vt 43.2545 13
f 800/2301/232 799/2302/232 443/2303/232 442/2304/232 

vt -24.1559 3
vn 0.772859 2.51605e-16 0.634578
vt -23.9659 3
vt -23.9659 13
vt -24.1559 13
f 801/2305/241 800/2306/241 442/2307/241 441/2308/241 

vt -90.8574 3
vt -90.5674 3
vt -90.5674 13
vt -90.8574 13
f 802/2309/220 801/2310/220 441/2311/220 440/2312/220 

vt -52.2577 3
vn 0.551239 3.39886e-16 0.834347
vt -52.044 3
vt -52.044 13
vt -52.2577 13
f 803/2313/242 802/2314/242 440/2315/242 439/2316/242 

vt -92.0285 3
vt -91.0357 3
vt -91.0357 13
vt -92.0285 13
f 804/2317/220 803/2318/220 439/2319/220 438/2320/220 

vt -55.0098 -2.16573e-15
vt -42.9898 -2.16573e-15
f 33/2321/3 35/2322/3 804/1781/3 438/1782/3 437/1778/3 

usemtl FrontColor
vt 3623.17 -8.52651e-14
vt 3662.54 -8.52651e-14
vt 3662.54 118.11
vt 3623.17 118.11
f 35/2323/5 36/2324/5 805/2325/5 804/2326/5 

usemtl _4
vt 42.9898 -2.21951e-15
vt 55.0098 -2.21951e-15
v -93.0285 13 -55.0098
v -93.0285 13 -42.9898
f 36/2327/139 34/2328/139 1113/1789/139 1114/1790/139 805/1791/139 

vt 93.0285 -2.13903e-15
vn 0 -4.85519e-19 -1
vt 96.3785 -2.13903e-15
v -96.3785 13 -55.0098
vt 96.3785 13
vt 93.0285 13
f 34/2329/243 503/2330/243 1115/2331/243 1113/2332/243 

vt 23.935 -2.17684e-15
vn -0.741132 1.0248e-19 -0.671359
vt 24.785 -1.45507e-15
v -96.9491 13 -54.3799
vt 24.785 13
vt 23.935 13
f 503/2333/244 502/2334/244 1116/2335/244 1115/2336/244 

vt -23.8171 -1.48868e-15
vn -0.956731 4.11797e-19 -0.290975
vt -23.4671 -2.20416e-15
v -97.051 13 -54.045
vt -23.4671 13
vt -23.8171 13
f 502/2337/245 501/2338/245 1117/2339/245 1116/2340/245 

vt 97.051 -2.13321e-15
vt 97.3981 -2.13321e-15
v -97.3981 13 -54.045
vt 97.3981 13
vt 97.051 13
f 501/2341/243 500/2342/243 1118/2343/243 1117/2344/243 

vt 20.828 -2.17404e-15
vn -0.768257 1.33317e-19 -0.640141
vt 21.738 -2.18035e-15
v -97.9806 13 -53.3459
vt 21.738 13
vt 20.828 13
f 500/2345/246 499/2346/246 1119/2347/246 1118/2348/246 

vt -53.3459 -2.2224e-15
vt -51.9989 -2.2224e-15
v -97.9806 13 -51.9989
vt -51.9989 13
vt -53.3459 13
f 499/2349/146 498/2350/146 1120/2351/146 1119/2352/146 

vt 97.9806 -2.14051e-15
vt 98.4006 -2.14051e-15
v -98.4006 13 -51.9989
vt 98.4006 13
vt 97.9806 13
f 498/2353/243 497/2354/243 1121/2355/243 1120/2356/243 

vt 23.6929 -2.17977e-15
vn -0.764413 1.28868e-19 -0.644727
vt 24.5329 -1.46004e-15
v -98.9422 13 -51.3568
vt 24.5329 13
vt 23.6929 13
f 497/2357/247 496/2358/247 1122/2359/247 1121/2360/247 

vt 98.9422 -1.42109e-15
vt 99.1022 -1.42109e-15
v -99.1022 13 -51.3568
vt 99.1022 13
vt 98.9422 13
f 496/2361/243 495/2362/243 1123/2363/243 1122/2364/243 

vt 82.1085 -1.49964e-15
vn 0.939901 -7.09121e-19 -0.341447
vt 82.3285 -1.85617e-15
v -99.1773 13 -51.5636
vt 82.3285 13
vt 82.1085 13
f 495/2365/248 494/2366/248 1124/2367/248 1123/2368/248 

vt 99.1773 -1.77751e-15
vt 99.4173 -1.77751e-15
v -99.4173 13 -51.5636
vt 99.4173 13
vt 99.1773 13
f 494/2369/243 493/2370/243 1125/2371/243 1124/2372/243 

vt 101.329 -1.83852e-15
vn 0.794634 -7.54118e-19 -0.607088
vt 101.819 -2.20043e-15
v -99.7147 13 -51.953
vt 101.819 13
vt 101.329 13
f 493/2373/249 492/2374/249 1126/2375/249 1125/2376/249 

vt 99.7147 -2.13924e-15
vt 99.8647 -2.13924e-15
v -99.8647 13 -51.953
vt 99.8647 13
vt 99.7147 13
f 492/2377/243 491/2378/243 1127/2379/243 1126/2380/243 

vt 25.2746 -2.17815e-15
vn -0.760862 1.24783e-19 -0.648914
vt 25.4846 -2.17942e-15
v -100.001 13 -51.7932
vt 25.4846 13
vt 25.2746 13
f 491/2381/250 490/2382/250 1128/2383/250 1127/2384/250 

vt 109.127 -2.18652e-15
vn 0.665015 -7.47035e-19 -0.74683
vt 109.443 -2.18652e-15
v -100.237 13 -52.0032
vt 109.443 13
vt 109.127 13
f 490/2385/251 489/2386/251 1129/2387/251 1128/2388/251 

vt 100.237 -2.14049e-15
vt 103.985 -2.14049e-15
v -103.985 13 -52.0032
vt 103.985 13
vt 100.237 13
f 489/2389/243 50/2390/243 1130/2391/243 1129/2392/243 

vt -52.0032 -2.22585e-15
vt -46.0032 -2.22585e-15
v -103.985 6 -46.0032
v -103.985 13 -46.0032
vt -52.0032 13
f 50/2393/146 52/2394/146 1131/1300/146 1132/1301/146 1130/2395/146 

usemtl FrontColor
vt 4093.91 -8.89172e-14
vn 0 2.01643e-18 -1
vt 4133.28 -8.89172e-14
v -104.985 6 -46.0032
vt 4133.28 236.22
vt 4093.91 236.22
f 52/2396/252 53/2397/252 1133/2398/252 1131/2399/252 

usemtl _4
vt 46.0032 -3.15134e-15
vt 52.0032 -3.15134e-15
v -104.985 13 -46.0032
vt 46.0032 13
vt 46.0032 6
f 53/2400/131 51/2401/131 639/1269/131 1134/2402/131 1133/2403/131 

vt -104.985 52.0032
vn 9.38807e-18 1 8.7187e-17
vt -109.973 52.0032
vt -109.973 53.3498
vt -110.15 53.5925
vt -110.38 53.5925
vt -110.642 53.9583
vt -110.952 53.9583
vt -110.952 54.6883
vt -111.147 55.0027
vt -119.997 55.0027
vt -119.997 46.0032
vt -104.985 46.0032
f 639/2404/253 638/2405/253 640/2406/253 641/2407/253 642/2408/253 643/2409/253 644/2410/253 645/2411/253 646/2412/253 647/2413/253 649/2414/253 1134/2415/253 

vt -119.997 13
vn 0 -8.7187e-17 1
vt -119.997 6
vt -104.985 6
vt -104.985 13
f 649/2416/254 648/2417/254 1133/2418/254 1134/2419/254 

usemtl Color_C02
vt -4133.28 1811.15
vn 1.80924e-18 1 2.01643e-18
vt -4724.29 1811.15
vt -4724.29 1811.13
vt -4763.66 1811.13
v -124.987 6 -46.0027
vt -4920.75 1811.13
v -124.987 6 -45.8027
vt -4920.75 1803.25
v -125.402 6 -45.4566
vt -4937.07 1789.63
v -125.402 6 -45.2366
vt -4937.07 1780.97
v -126.003 6 -45.0189
vt -4960.76 1772.4
v -126.003 6 -44.7237
vt -4960.76 1760.78
v -126.45 6 -44.4775
vt -4978.35 1751.08
v -126.45 6 -44.2675
vt -4978.35 1742.81
v -126.605 6 -44.1117
vt -4984.46 1736.68
v -127.005 6 -44.0185
vt -5000.18 1733.01
v -127.005 6 -35.9485
vt -5000.18 1415.3
v -126.705 6 -35.9485
vt -4988.37 1415.3
v -126.404 6 -35.5619
vt -4976.52 1400.07
v -126.204 6 -35.5619
vt -4968.65 1400.07
v -126.047 6 -35.3544
vt -4962.48 1391.91
v -126.047 6 -34.9444
vt -4962.48 1375.76
v -125.677 6 -34.9444
vt -4947.91 1375.76
v -125.423 6 -34.5728
vt -4937.92 1361.13
v -125.193 6 -34.5728
vt -4928.86 1361.13
v -125.041 6 -34.3617
vt -4922.89 1352.82
v -125.041 6 -33.9917
vt -4922.89 1338.25
v -98.0314 6 -33.9917
vt -3859.51 1338.25
v -97.9313 6 -34.3686
vt -3855.56 1353.09
v -97.351 6 -35.0168
vt -3832.72 1378.61
v -97.021 6 -35.0168
vt -3819.72 1378.61
v -97.021 6 -45.0068
vt -3819.72 1771.92
v -97.263 6 -45.2867
vt -3829.25 1782.94
v -97.483 6 -45.2867
vt -3837.91 1782.94
v -98.0089 6 -45.5958
vt -3858.62 1795.11
v -98.0089 6 -46.0032
vt -3858.62 1811.15
vt -4093.91 1811.15
f 1133/2420/255 648/2421/255 650/2422/255 651/2423/255 1135/2424/255 1136/2425/255 1137/2426/255 1138/2427/255 1139/2428/255 1140/2429/255 1141/2430/255 1142/2431/255 1143/2432/255 1144/2433/255 1145/2434/255 1146/2435/255 1147/2436/255 1148/2437/255 1149/2438/255 1150/2439/255 1151/2440/255 1152/2441/255 1153/2442/255 1154/2443/255 1155/2444/255 1156/2445/255 1157/2446/255 1158/2447/255 1159/2448/255 1160/2449/255 1161/2450/255 1162/2451/255 1163/2452/255 1164/2453/255 1131/2454/255 

usemtl _4
v -124.987 13 -46.0027
vt -124.987 13
vt -124.987 6
vt -120.997 6
f 1165/2455/140 1135/2456/140 651/2457/140 653/1321/140 

v -124.987 13 -45.8027
vt 45.8027 13
vt 45.8027 6
f 1166/2458/139 1136/2459/139 1135/1315/139 1165/1314/139 

v -125.402 13 -45.4566
vt -67.1295 13
vn 0.640891 2.21054e-21 0.767632
vt -67.1295 6
vt -66.5895 6
vt -66.5895 13
f 1167/2460/256 1137/2461/256 1136/2462/256 1166/2463/256 

v -125.402 13 -45.2366
vt 45.2366 13
vt 45.2366 6
vt 45.4566 6
vt 45.4566 13
f 1168/2464/139 1138/2465/139 1137/2466/139 1167/2467/139 

v -126.003 13 -45.0189
vt -103.177 13
vn 0.340151 2.59931e-19 0.940371
vt -103.177 6
vt -102.537 6
vt -102.537 13
f 1169/2468/257 1139/2469/257 1138/2470/257 1168/2471/257 

v -126.003 13 -44.7237
vt 44.7237 13
vt 44.7237 6
vt 45.0189 6
vt 45.0189 13
f 1170/2472/139 1140/2473/139 1139/2474/139 1169/2475/139 

v -126.45 13 -44.4775
vt -89.2646 13
vn 0.482781 1.46101e-19 0.875741
vt -89.2646 6
vt -88.7546 6
vt -88.7546 13
f 1171/2476/258 1141/2477/258 1140/2478/258 1170/2479/258 

v -126.45 13 -44.2675
vt 44.2675 13
vt 44.2675 6
vt 44.4775 6
vt 44.4775 13
f 1172/2480/139 1142/2481/139 1141/2482/139 1171/2483/139 

v -126.605 13 -44.1117
vt -58.1436 13
vn 0.708208 -6.66262e-20 0.706004
vt -58.1436 6
vt -57.9236 6
vt -57.9236 13
f 1173/2484/259 1143/2485/259 1142/2486/259 1172/2487/259 

v -127.005 13 -44.0185
vt -113.684 13
vn 0.227178 3.41496e-19 0.973853
vt -113.684 6
vt -113.274 6
vt -113.274 13
f 1174/2488/260 1144/2489/260 1143/2490/260 1173/2491/260 

v -127.005 13 -35.9485
vt 35.9485 13
vt 35.9485 6
vt 44.0185 6
vt 44.0185 13
f 1175/2492/139 1145/2493/139 1144/2494/139 1174/2495/139 

v -126.705 13 -35.9485
vt 126.705 13
vt 126.705 6
vt 127.005 6
vt 127.005 13
f 1176/2496/243 1146/2497/243 1145/2498/243 1175/2499/243 

v -126.404 13 -35.5619
vt 105.711 13
vn 0.789068 -7.54405e-19 -0.614305
vt 105.711 6
vt 106.201 6
vt 106.201 13
f 1177/2500/261 1147/2501/261 1146/2502/261 1176/2503/261 

v -126.204 13 -35.5619
vt 126.204 13
vt 126.204 6
vt 126.404 6
vt 126.404 13
f 1178/2504/243 1148/2505/243 1147/2506/243 1177/2507/243 

v -126.047 13 -35.3544
vt 104.168 13
vn 0.798057 -7.53909e-19 -0.602582
vt 104.168 6
vt 104.428 6
vt 104.428 13
f 1179/2508/262 1149/2509/262 1148/2510/262 1178/2511/262 

v -126.047 13 -34.9444
vt 34.9444 13
vt 34.9444 6
vt 35.3544 6
vt 35.3544 13
f 1180/2512/139 1150/2513/139 1149/2514/139 1179/2515/139 

v -125.677 13 -34.9444
vt 125.677 13
vt 125.677 6
vt 126.047 6
vt 126.047 13
f 1181/2516/243 1151/2517/243 1150/2518/243 1180/2519/243 

v -125.423 13 -34.5728
vt 99.2906 13
vn 0.825757 -7.51202e-19 -0.564026
vt 99.2906 6
vt 99.7406 6
vt 99.7406 13
f 1182/2520/263 1152/2521/263 1151/2522/263 1181/2523/263 

v -125.193 13 -34.5728
vt 125.193 13
vt 125.193 6
vt 125.423 6
vt 125.423 13
f 1183/2524/243 1153/2525/243 1152/2526/243 1182/2527/243 

v -125.041 13 -34.3617
vt 100.868 13
vn 0.812104 -7.52771e-19 -0.583512
vt 100.868 6
vt 101.128 6
vt 101.128 13
f 1184/2528/264 1154/2529/264 1153/2530/264 1183/2531/264 

v -125.041 13 -33.9917
vt 33.9917 13
vt 33.9917 6
vt 34.3617 6
vt 34.3617 13
f 1185/2532/139 1155/2533/139 1154/2534/139 1184/2535/139 

v -98.0314 13 -33.9917
vt 98.0314 13
vt 98.0314 6
vt 125.041 6
vt 125.041 13
f 1186/2536/243 1156/2537/243 1155/2538/243 1185/2539/243 

v -97.9313 13 -34.3686
vt -8.08304 13
vn -0.966504 4.34111e-19 -0.256653
vt -8.08304 6
vt -7.69304 6
vt -7.69304 13
f 1187/2540/265 1157/2541/265 1156/2542/265 1186/2543/265 

v -97.351 13 -35.0168
vt 38.8506 13
vn -0.745009 1.06811e-19 -0.667055
vt 38.8506 6
vt 39.7206 6
vt 39.7206 13
f 1188/2544/266 1158/2545/266 1157/2546/266 1187/2547/266 

v -97.021 13 -35.0168
vt 97.021 13
vt 97.021 6
vt 97.351 6
vt 97.351 13
f 1189/2548/243 1159/2549/243 1158/2550/243 1188/2551/243 

v -97.021 13 -45.0068
vt -45.0068 13
vt -45.0068 6
vt -35.0168 6
vt -35.0168 13
f 1190/2552/146 1160/2553/146 1159/2554/146 1189/2555/146 

v -97.263 13 -45.2867
vt -97.8703 13
vn -0.756477 7.54847e-19 0.65402
vt -97.8703 6
vt -97.5003 6
vt -97.5003 13
f 1191/2556/267 1161/2557/267 1160/2558/267 1190/2559/267 

v -97.483 13 -45.2867
vt -97.483 13
vt -97.483 6
vt -97.263 6
vt -97.263 13
f 1192/2560/140 1162/2561/140 1161/2562/140 1191/2563/140 

v -98.0089 13 -45.5958
vt -107.599 13
vn -0.506712 7.11495e-19 0.862116
vt -107.599 6
vt -106.989 6
vt -106.989 13
f 1193/2564/268 1163/2565/268 1162/2566/268 1192/2567/268 

v -98.0089 13 -46.0032
vt -45.5958 6
vt -45.5958 13
f 1194/1301/146 1164/1300/146 1163/2568/146 1193/2569/146 

vt -103.985 13
vn -2.99207e-45 4.85519e-19 1
vt -103.985 6
vt -98.0089 6
vt -98.0089 13
f 1132/2570/269 1131/2571/269 1164/2572/269 1194/2573/269 

v -72.0074 13 -18.0091
vt -72.0074 18.0091
vn 3.63176e-19 1 6.47551e-18
v -72.9963 13 -18.0091
vt -72.9963 18.0091
v -72.9963 13 -14.0057
vt -72.9963 14.0057
v -67 13 -14.0057
vt -67 14.0057
v -67 13 -17.9857
vt -67 17.9857
v -67.9599 13 -17.9857
vt -67.9599 17.9857
v -68.1915 13 -18.6209
vt -68.1915 18.6209
v -68.4115 13 -18.6209
vt -68.4115 18.6209
v -68.686 13 -18.9519
vt -68.686 18.9519
v -68.986 13 -18.9519
vt -68.986 18.9519
v -68.986 13 -29.0219
vt -68.986 29.0219
v -68.5752 13 -29.1096
vt -68.5752 29.1096
v -68.425 13 -29.2703
vt -68.425 29.2703
v -68.425 13 -29.4903
vt -68.425 29.4903
v -68.1363 13 -29.6033
vt -68.1363 29.6033
v -67.99 13 -29.8182
vt -67.99 29.8182
v -67.99 13 -29.9882
vt -67.99 29.9882
v -61.0172 13 -29.9882
vt -61.0172 29.9882
v -61.0172 13 -29.5643
vt -61.0172 29.5643
v -60.6858 13 -29.3229
vt -60.6858 29.3229
v -60.2922 13 -29.2516
vt -60.2922 29.2516
v -60.2043 13 -29.1558
vt -60.2043 29.1558
v -60.2043 13 -29.0658
vt -60.2043 29.0658
v -60.0729 13 -28.958
vt -60.0729 28.958
v -59.8388 13 -29.1117
vt -59.8388 29.1117
v -59.5888 13 -29.1117
vt -59.5888 29.1117
v -59.4489 13 -29.2683
vt -59.4489 29.2683
v -59.4489 13 -29.4783
vt -59.4489 29.4783
v -59.0929 13 -29.6816
vt -59.0929 29.6816
v -58.979 13 -29.8336
vt -58.979 29.8336
v -58.979 13 -29.9836
vt -58.979 29.9836
v -58.079 13 -29.9836
vt -58.079 29.9836
v -57.8208 13 -30.1156
vt -57.8208 30.1156
v -57.5808 13 -30.1156
vt -57.5808 30.1156
v -57.437 13 -30.2687
vt -57.437 30.2687
v -57.437 13 -30.4757
vt -57.437 30.4757
v -57.0225 13 -30.7554
vt -57.0225 30.7554
v -57.0225 13 -30.5654
vt -57.0225 30.5654
v -56.6864 13 -30.3136
vt -56.6864 30.3136
v -56.2789 13 -30.2687
vt -56.2789 30.2687
v -56.1143 13 -29.9942
vt -56.1143 29.9942
v -54.0043 13 -29.9942
vt -54.0043 29.9942
v -54.0043 13 -34.0142
vt -54.0043 34.0142
v -61.3934 13 -34.0142
vt -61.3934 34.0142
v -61.9755 13 -33.3238
vt -61.9755 33.3238
v -62.1908 13 -33.6123
vt -62.1908 33.6123
v -62.4108 13 -33.6123
vt -62.4108 33.6123
v -62.7199 13 -34.0054
vt -62.7199 34.0054
v -94.0399 13 -34.0054
vt -94.0399 34.0054
v -94.0399 13 -34.3354
vt -94.0399 34.3354
v -94.1761 13 -34.5685
vt -94.1761 34.5685
v -94.3961 13 -34.5685
vt -94.3961 34.5685
v -94.7128 13 -34.9682
vt -94.7128 34.9682
v -95.0028 13 -34.9682
vt -95.0028 34.9682
v -95.0028 13 -42.1282
vt -95.0028 42.1282
v -94.5728 13 -42.1282
vt -94.5728 42.1282
v -94.4111 13 -42.2774
vt -94.4111 42.2774
v -94.4111 13 -42.4874
vt -94.4111 42.4874
v -93.9585 13 -42.7998
vt -93.9585 42.7998
v -93.9585 13 -42.9898
vt -93.9585 42.9898
vt -93.0285 42.9898
vt -93.0285 55.0098
vt -96.3785 55.0098
vt -96.9491 54.3799
vt -97.051 54.045
vt -97.3981 54.045
vt -97.9806 53.3459
vt -97.9806 51.9989
vt -98.4006 51.9989
vt -98.9422 51.3568
vt -99.1022 51.3568
vt -99.1773 51.5636
vt -99.4173 51.5636
vt -99.7147 51.953
vt -99.8647 51.953
vt -100.001 51.7932
vt -100.237 52.0032
vt -103.985 52.0032
vt -103.985 46.0032
vt -98.0089 46.0032
vt -98.0089 45.5958
vt -97.483 45.2867
vt -97.263 45.2867
vt -97.021 45.0068
vt -97.021 35.0168
vt -97.351 35.0168
vt -97.9313 34.3686
vt -98.0314 33.9917
vt -125.041 33.9917
vt -125.041 34.3617
vt -125.193 34.5728
vt -125.423 34.5728
vt -125.677 34.9444
vt -126.047 34.9444
vt -126.047 35.3544
vt -126.204 35.5619
vt -126.404 35.5619
vt -126.705 35.9485
vt -127.005 35.9485
vt -127.005 44.0185
vt -126.605 44.1117
vt -126.45 44.2675
vt -126.45 44.4775
vt -126.003 44.7237
vt -126.003 45.0189
vt -125.402 45.2366
vt -125.402 45.4566
vt -124.987 45.8027
vt -124.987 46.0027
vt -120.997 46.0027
vt -120.997 55.0027
vt -120.997 58.0627
vt -111.036 58.0627
vt -111.036 59.1527
vt -110.577 59.1527
vt -110.45 59.3443
vt -110.45 59.5643
vt -110.083 59.7879
vt -110.083 60.6578
vt -109.658 60.413
vt -109.28 60.3179
vt -109.114 60.0801
vt -109.014 60.0801
vt -109.014 58.6601
vt -108.674 58.3973
vt -108.228 58.2842
vt -108.117 58.0603
vt -108.017 58.0603
vt -107.834 58.1833
vt -107.585 58.1833
vt -107.443 58.3511
vt -107.443 58.5611
vt -107.065 58.7665
vt -106.918 58.5643
vt -106.808 58.5643
vt -106.676 58.3639
vt -106.259 58.3122
vt -106.115 58.0491
vt -104.085 58.0491
vt -103.814 58.2205
vt -103.594 58.2205
vt -103.464 58.3442
vt -103.464 58.5542
vt -103.03 58.783
vt -103.03 61.0923
vt -101.96 61.0923
vt -101.451 61.3487
vt -101.451 61.5887
vt -101.083 61.7682
vt -100.637 61.4124
vt -100.249 61.2817
vt -100.074 61.0626
vt -99.8553 61.2369
vt -99.5853 61.2369
vt -99.4295 61.3456
vt -99.4295 61.5456
vt -99.1022 61.7386
vt -98.6654 61.4042
vt -98.2698 61.2969
vt -98.1151 61.0635
vt -98.0051 61.0635
vt -98.0051 59.6335
vt -97.6756 59.3894
vt -97.2656 59.2983
vt -97.1212 59.0584
vt -97.0012 59.0584
vt -97.0012 58.6184
vt -96.8346 58.527
vt -96.6776 58.359
vt -96.2442 58.2831
vt -96.1235 58.0528
vt -87.0935 58.0528
vt -86.4742 58.3084
vt -86.4742 58.527
vt -86.0084 58.8726
vt -86.0084 60.1426
vt -85.5939 60.2106
vt -85.4522 60.3518
vt -85.4522 60.5518
vt -85.0913 60.7665
vt -84.9048 60.5712
vt -84.8248 60.5712
vt -84.6902 60.3848
vt -84.5102 60.3848
vt -84.1884 60.2233
vt -83.5756 59.433
vt -83.2966 59.3228
vt -83.1105 59.0625
vt -83.0205 59.0625
vt -83.0205 58.6625
vt -82.6681 58.3991
vt -82.2544 58.2818
vt -82.102 58.0469
vt -80.042 58.0469
vt -79.5836 58.1891
vt -79.4479 58.3361
vt -79.4479 58.5661
vt -79.0811 58.7706
vt -78.9825 58.8836
vt -78.9825 61.1236
vt -78.5684 61.1935
vt -78.4582 61.3483
vt -78.4582 61.5551
vt -78.0643 61.7726
vt -77.9249 61.5532
vt -77.8049 61.5532
vt -77.6776 61.3616
vt -77.2727 61.2969
vt -77.1227 61.0488
vt -77.0227 61.0488
vt -77.0227 60.6288
vt -76.4805 60.328
vt -76.2305 60.328
vt -76.1147 60.0512
vt -75.9847 60.0512
vt -75.9847 59.6512
vt -75.6781 59.3642
vt -75.2163 59.2764
vt -75.0979 59.0338
vt -74.9979 59.0338
vt -74.9979 58.6338
vt -74.9247 58.5387
vt -74.8147 58.5387
vt -74.6799 58.3649
vt -74.2392 58.2738
vt -74.1107 58.0363
vt -69.0033 58.0363
vt -69.0033 55.0098
vt -69.0033 42.9898
v -68.0319 13 -42.9898
vt -68.0319 42.9898
v -67.5801 13 -43.1124
vt -67.5801 43.1124
v -67.4593 13 -43.2591
vt -67.4593 43.2591
v -67.4593 13 -43.4925
vt -67.4593 43.4925
v -66.9932 13 -43.7447
vt -66.9932 43.7447
v -66.9932 13 -43.9901
vt -66.9932 43.9901
v -66.8392 13 -44.1177
vt -66.8392 44.1177
v -66.5692 13 -44.1177
vt -66.5692 44.1177
v -66.4229 13 -44.2389
vt -66.4229 44.2389
v -66.4229 13 -44.4798
vt -66.4229 44.4798
v -66.0789 13 -44.6841
vt -66.0789 44.6841
v -66.0789 13 -45.0241
vt -66.0789 45.0241
v -65.6052 13 -45.1014
vt -65.6052 45.1014
v -65.427 13 -45.2468
vt -65.427 45.2468
v -65.427 13 -45.489
vt -65.427 45.489
v -65.0784 13 -45.685
vt -65.0784 45.685
v -64.9948 13 -45.9939
vt -64.9948 45.9939
v -63.0848 13 -45.9939
vt -63.0848 45.9939
v -62.8398 13 -46.1294
vt -62.8398 46.1294
v -62.5798 13 -46.1294
vt -62.5798 46.1294
v -62.4609 13 -46.251
vt -62.4609 46.251
v -62.4609 13 -46.4659
vt -62.4609 46.4659
v -61.9989 13 -46.7823
vt -61.9989 46.7823
v -61.9989 13 -46.5723
vt -61.9989 46.5723
v -61.7092 13 -46.3263
vt -61.7092 46.3263
v -61.2859 13 -46.251
vt -61.2859 46.251
v -61.0914 13 -46.0096
vt -61.0914 46.0096
v -50.0414 13 -46.0096
vt -50.0414 46.0096
v -50.0414 13 -45.5596
vt -50.0414 45.5596
v -49.86 13 -45.5596
vt -49.86 45.5596
v -49.7018 13 -45.3659
vt -49.7018 45.3659
v -49.2812 13 -45.2766
vt -49.2812 45.2766
v -49.1256 13 -44.9969
vt -49.1256 44.9969
v -49.0156 13 -44.9969
vt -49.0156 44.9969
v -49.0156 13 -43.5569
vt -49.0156 43.5569
v -48.6877 13 -43.3459
vt -48.6877 43.3459
v -48.2855 13 -43.266
vt -48.2855 43.266
v -48.1172 13 -42.9929
vt -48.1172 42.9929
v -47.0072 13 -42.9929
vt -47.0072 42.9929
v -47.0072 13 -42.5729
vt -47.0072 42.5729
v -46.6729 13 -42.3355
vt -46.6729 42.3355
v -46.2978 13 -42.2287
vt -46.2978 42.2287
v -46.0561 13 -41.9756
vt -46.0561 41.9756
v -45.8557 13 -42.1077
vt -45.8557 42.1077
v -45.5657 13 -42.1077
vt -45.5657 42.1077
v -45.4427 13 -42.2779
vt -45.4427 42.2779
v -45.4427 13 -42.4879
vt -45.4427 42.4879
v -45.0864 13 -42.6697
vt -45.0864 42.6697
v -44.9824 13 -42.8166
vt -44.9824 42.8166
v -44.9824 13 -42.9966
vt -44.9824 42.9966
v -43.0124 13 -42.9966
vt -43.0124 42.9966
v -43.0124 13 -42.5766
vt -43.0124 42.5766
v -42.6524 13 -42.3414
vt -42.6524 42.3414
v -42.2903 13 -42.2261
vt -42.2903 42.2261
v -42.0399 13 -41.9816
vt -42.0399 41.9816
v -41.8536 13 -42.1328
vt -41.8536 42.1328
v -41.5924 13 -42.1328
vt -41.5924 42.1328
v -41.4329 13 -42.2694
vt -41.4329 42.2694
v -41.4329 13 -42.4794
vt -41.4329 42.4794
v -41.0085 13 -42.7243
vt -41.0085 42.7243
v -41.0085 13 -42.9643
vt -41.0085 42.9643
v -40.8206 13 -43.1136
vt -40.8206 43.1136
v -40.5706 13 -43.1136
vt -40.5706 43.1136
v -40.4411 13 -43.2661
vt -40.4411 43.2661
v -40.4411 13 -43.4761
vt -40.4411 43.4761
v -39.9766 13 -43.7514
vt -39.9766 43.7514
v -39.9766 13 -46.0414
vt -39.9766 46.0414
v -39.6062 13 -46.1265
vt -39.6062 46.1265
v -39.4566 13 -46.2739
vt -39.4566 46.2739
v -39.4566 13 -46.4839
vt -39.4566 46.4839
v -39.0209 13 -46.7857
vt -39.0209 46.7857
v -39.0209 13 -46.5757
vt -39.0209 46.5757
v -38.9417 13 -46.4855
vt -38.9417 46.4855
v -38.8417 13 -46.4855
vt -38.8417 46.4855
v -38.4956 13 -46.2477
vt -38.4956 46.2477
v -38.2756 13 -46.2477
vt -38.2756 46.2477
v -38.1379 13 -45.9924
vt -38.1379 45.9924
v -38.0079 13 -45.9924
vt -38.0079 45.9924
v -38.0079 13 -45.5724
vt -38.0079 45.5724
v -37.6985 13 -45.335
vt -37.6985 45.335
v -37.2774 13 -45.2481
vt -37.2774 45.2481
v -37.1265 13 -44.9888
vt -37.1265 44.9888
v -37.0565 13 -44.9888
vt -37.0565 44.9888
v -36.8423 13 -45.1177
vt -36.8423 45.1177
v -36.5923 13 -45.1177
vt -36.5923 45.1177
v -36.4398 13 -45.2762
vt -36.4398 45.2762
v -36.4398 13 -45.4762
vt -36.4398 45.4762
v -36.0549 13 -45.6895
vt -36.0549 45.6895
v -35.9946 13 -45.9936
vt -35.9946 45.9936
v -34.0146 13 -45.9936
vt -34.0146 45.9936
v -34.0146 13 -45.5636
vt -34.0146 45.5636
v -33.6796 13 -45.3273
vt -33.6796 45.3273
v -33.2793 13 -45.2387
vt -33.2793 45.2387
v -33.0633 13 -44.9891
vt -33.0633 44.9891
v -32.8348 13 -45.133
vt -32.8348 45.133
v -32.6048 13 -45.133
vt -32.6048 45.133
v -32.4415 13 -45.2649
vt -32.4415 45.2649
v -32.4415 13 -45.4649
vt -32.4415 45.4649
v -31.9969 13 -45.7148
vt -31.9969 45.7148
v -31.9969 13 -45.5248
vt -31.9969 45.5248
v -31.9165 13 -45.5248
vt -31.9165 45.5248
v -31.6706 13 -45.32
vt -31.6706 45.32
v -31.5006 13 -45.32
vt -31.5006 45.32
v -31.2002 13 -45.1834
vt -31.2002 45.1834
v -31.2002 13 -45.0534
vt -31.2002 45.0534
v -31.0749 13 -44.9709
vt -31.0749 44.9709
v -30.8405 13 -45.124
vt -30.8405 45.124
v -30.5905 13 -45.124
vt -30.5905 45.124
v -30.4456 13 -45.276
vt -30.4456 45.276
v -30.4456 13 -45.4822
vt -30.4456 45.4822
v -30.0209 13 -45.7059
vt -30.0209 45.7059
v -30.0209 13 -45.9759
vt -30.0209 45.9759
v -29.8239 13 -46.1129
vt -29.8239 46.1129
v -29.5939 13 -46.1129
vt -29.5939 46.1129
v -29.4522 13 -46.2395
vt -29.4522 46.2395
v -29.4522 13 -46.4717
vt -29.4522 46.4717
v -29.0112 13 -46.7472
vt -29.0112 46.7472
v -29.0112 13 -46.5872
vt -29.0112 46.5872
v -28.7049 13 -46.3299
vt -28.7049 46.3299
v -28.4826 13 -46.2395
vt -28.4826 46.2395
v -28.2726 13 -46.2395
vt -28.2726 46.2395
v -28.1381 13 -46.0054
vt -28.1381 46.0054
v -28.0281 13 -46.0054
vt -28.0281 46.0054
v -28.0281 13 -45.5854
vt -28.0281 45.5854
v -27.6726 13 -45.3261
vt -27.6726 45.3261
v -27.2714 13 -45.2418
vt -27.2714 45.2418
v -27.077 13 -44.9877
vt -27.077 44.9877
v -26.8269 13 -45.1136
vt -26.8269 45.1136
v -26.5869 13 -45.1136
vt -26.5869 45.1136
v -26.4425 13 -45.2796
vt -26.4425 45.2796
v -26.4425 13 -45.4796
vt -26.4425 45.4796
v -26.0946 13 -45.6558
vt -26.0946 45.6558
v -25.9889 13 -45.8137
vt -25.9889 45.8137
v -25.9889 13 -45.9937
vt -25.9889 45.9937
v -24.0289 13 -45.9937
vt -24.0289 45.9937
v -24.0289 13 -43.5737
vt -24.0289 43.5737
v -23.6883 13 -43.3279
vt -23.6883 43.3279
v -23.2841 13 -43.259
vt -23.2841 43.259
v -23.1267 13 -43.0037
vt -23.1267 43.0037
v -22.0894 13 -43.0037
vt -22.0894 43.0037
v -21.5949 13 -43.1286
vt -21.5949 43.1286
v -21.4439 13 -43.2886
vt -21.4439 43.2886
v -21.4439 13 -43.4786
vt -21.4439 43.4786
v -21.0183 13 -43.741
vt -21.0183 43.741
v -21.0183 13 -43.5746
vt -21.0183 43.5746
v -20.6868 13 -43.3333
vt -20.6868 43.3333
v -20.274 13 -43.2563
vt -20.274 43.2563
v -20.0577 13 -42.994
vt -20.0577 42.994
v -19.8206 13 -43.1232
vt -19.8206 43.1232
v -19.5806 13 -43.1232
vt -19.5806 43.1232
v -19.4568 13 -43.2673
vt -19.4568 43.2673
v -19.4568 13 -43.4773
vt -19.4568 43.4773
v -19.0426 13 -43.739
vt -19.0426 43.739
v -19.0426 13 -44.0477
vt -19.0426 44.0477
v -18.6206 13 -44.1304
vt -18.6206 44.1304
v -18.4236 13 -44.2675
vt -18.4236 44.2675
v -18.4236 13 -44.4888
vt -18.4236 44.4888
v -18.0335 13 -44.7509
vt -18.0335 44.7509
v -18.0335 13 -44.9709
vt -18.0335 44.9709
v -17.846 13 -45.1208
vt -17.846 45.1208
v -17.586 13 -45.1208
vt -17.586 45.1208
v -17.4489 13 -45.2798
vt -17.4489 45.2798
v -17.4489 13 -45.4798
vt -17.4489 45.4798
v -17.0035 13 -45.8025
vt -17.0035 45.8025
v -17.0035 13 -45.9825
vt -17.0035 45.9825
v -16.0635 13 -45.9825
vt -16.0635 45.9825
v -15.8384 13 -46.1127
vt -15.8384 46.1127
v -15.5884 13 -46.1127
vt -15.5884 46.1127
v -15.4528 13 -46.2597
vt -15.4528 46.2597
v -15.4528 13 -46.505
vt -15.4528 46.505
v -15.004 13 -46.7019
vt -15.004 46.7019
v -15.004 13 -46.5819
vt -15.004 46.5819
v -14.4979 13 -46.2597
vt -14.4979 46.2597
v -14.2779 13 -46.2597
vt -14.2779 46.2597
v -14.1244 13 -46.0019
vt -14.1244 46.0019
v -14.0144 13 -46.0019
vt -14.0144 46.0019
v -14.0144 13 -45.5719
vt -14.0144 45.5719
v -13.6872 13 -45.3248
vt -13.6872 45.3248
v -13.2802 13 -45.2757
vt -13.2802 45.2757
v -13.1339 13 -44.9911
vt -13.1339 44.9911
v -13.0239 13 -44.9911
vt -13.0239 44.9911
v -13.0239 13 -43.5911
vt -13.0239 43.5911
v -12.49 13 -43.2567
vt -12.49 43.2567
v -12.29 13 -43.2567
vt -12.29 43.2567
v -12.1528 13 -43.0012
vt -12.1528 43.0012
v -11.9928 13 -43.0012
vt -11.9928 43.0012
v -11.9928 13 -54.0012
vt -11.9928 54.0012
v -15.8784 13 -54.0012
vt -15.8784 54.0012
v -16.2938 13 -53.9554
vt -16.2938 53.9554
v -16.4717 13 -53.7798
vt -16.4717 53.7798
v -16.6253 13 -54.0139
vt -16.6253 54.0139
v -16.8553 13 -54.0139
vt -16.8553 54.0139
v -17.0369 13 -53.8729
vt -17.0369 53.8729
v -17.1031 13 -54.0185
vt -17.1031 54.0185
v -17.3631 13 -54.0185
vt -17.3631 54.0185
v -17.4967 13 -53.8979
vt -17.4967 53.8979
v -17.5342 13 -53.763
vt -17.5342 53.763
v -17.6442 13 -53.763
vt -17.6442 53.763
v -17.725 13 -53.5159
vt -17.725 53.5159
v -17.805 13 -53.5159
vt -17.805 53.5159
v -17.9241 13 -53.3809
vt -17.9241 53.3809
v -17.9958 13 -53.1414
vt -17.9958 53.1414
v -18.0779 13 -53.1414
vt -18.0779 53.1414
v -18.0779 13 -53.3814
vt -18.0779 53.3814
v -18.1603 13 -53.5961
vt -18.1603 53.5961
v -18.4203 13 -53.5961
vt -18.4203 53.5961
v -18.6775 13 -53.9654
vt -18.6775 53.9654
v -18.7875 13 -53.9654
vt -18.7875 53.9654
v -18.9661 13 -53.7629
vt -18.9661 53.7629
v -19.123 13 -54.0186
vt -19.123 54.0186
v -19.363 13 -54.0186
vt -19.363 54.0186
v -19.6314 13 -53.7639
vt -19.6314 53.7639
v -19.7151 13 -53.5177
vt -19.7151 53.5177
v -19.8151 13 -53.5177
vt -19.8151 53.5177
v -19.9206 13 -53.3719
vt -19.9206 53.3719
v -20.0801 13 -53.3719
vt -20.0801 53.3719
v -20.1911 13 -53.5846
vt -20.1911 53.5846
v -20.4111 13 -53.5846
vt -20.4111 53.5846
v -20.7102 13 -53.9472
vt -20.7102 53.9472
v -21.104 13 -54.0175
vt -21.104 54.0175
v -21.374 13 -54.0175
vt -21.374 54.0175
v -21.5208 13 -53.8817
vt -21.5208 53.8817
v -21.5208 13 -53.7817
vt -21.5208 53.7817
v -21.6408 13 -53.7817
vt -21.6408 53.7817
v -21.7162 13 -53.5163
vt -21.7162 53.5163
v -21.8262 13 -53.5163
vt -21.8262 53.5163
v -21.9439 13 -53.3672
vt -21.9439 53.3672
v -22.0206 13 -53.1083
vt -22.0206 53.1083
v -22.0206 13 -52.0083
vt -22.0206 52.0083
v -22.3606 13 -52.0083
vt -22.3606 52.0083
v -22.6251 13 -51.764
vt -22.6251 51.764
v -22.9398 13 -51.3885
vt -22.9398 51.3885
v -22.9763 13 -51.0203
vt -22.9763 51.0203
v -23.3512 13 -51.0203
vt -23.3512 51.0203
v -23.7184 13 -50.6382
vt -23.7184 50.6382
v -23.7184 13 -50.4945
vt -23.7184 50.4945
v -23.8184 13 -50.4945
vt -23.8184 50.4945
v -23.9327 13 -50.3555
vt -23.9327 50.3555
v -24.0527 13 -50.3555
vt -24.0527 50.3555
v -24.1655 13 -50.5898
vt -24.1655 50.5898
v -24.4155 13 -50.5898
vt -24.4155 50.5898
v -24.7119 13 -50.9545
vt -24.7119 50.9545
v -25.0419 13 -50.9545
vt -25.0419 50.9545
v -25.0419 13 -51.3745
vt -25.0419 51.3745
v -25.1747 13 -51.598
vt -25.1747 51.598
v -25.4247 13 -51.598
vt -25.4247 51.598
v -25.6982 13 -51.9554
vt -25.6982 51.9554
v -25.7982 13 -51.9554
vt -25.7982 51.9554
v -25.9739 13 -51.7918
vt -25.9739 51.7918
v -26.1295 13 -52.0125
vt -26.1295 52.0125
v -26.3695 13 -52.0125
vt -26.3695 52.0125
v -26.634 13 -51.7537
vt -26.634 51.7537
v -26.9325 13 -51.3279
vt -26.9325 51.3279
v -27.0425 13 -51.3279
vt -27.0425 51.3279
v -27.1967 13 -51.5735
vt -27.1967 51.5735
v -27.3993 13 -51.5735
vt -27.3993 51.5735
v -27.5575 13 -51.6958
vt -27.5575 51.6958
v -27.5575 13 -51.7958
vt -27.5575 51.7958
v -27.6968 13 -51.9661
vt -27.6968 51.9661
v -27.8069 13 -51.9661
vt -27.8069 51.9661
v -28.0031 13 -51.8666
vt -28.0031 51.8666
v -28.0665 13 -52.3727
vt -28.0665 52.3727
v -28.2069 13 -52.5915
vt -28.2069 52.5915
v -28.4172 13 -52.5915
vt -28.4172 52.5915
v -28.6824 13 -52.955
vt -28.6824 52.955
v -29.0507 13 -52.9909
vt -29.0507 52.9909
v -29.0507 13 -53.3809
vt -29.0507 53.3809
v -29.2025 13 -53.592
vt -29.2025 53.592
v -29.4093 13 -53.592
vt -29.4093 53.592
v -29.6763 13 -53.9665
vt -29.6763 53.9665
v -29.7963 13 -53.9665
vt -29.7963 53.9665
v -29.965 13 -53.7958
vt -29.965 53.7958
v -30.1123 13 -54.0221
vt -30.1123 54.0221
v -30.3623 13 -54.0221
vt -30.3623 54.0221
v -30.6384 13 -53.7758
vt -30.6384 53.7758
v -30.7136 13 -53.6346
vt -30.7136 53.6346
v -30.7136 13 -53.5046
vt -30.7136 53.5046
v -30.8136 13 -53.5046
vt -30.8136 53.5046
v -31.0542 13 -53.1603
vt -31.0542 53.1603
v -31.0542 13 -53.3703
vt -31.0542 53.3703
v -31.2078 13 -53.5924
vt -31.2078 53.5924
v -31.4263 13 -53.5924
vt -31.4263 53.5924
v -31.5586 13 -53.8045
vt -31.5586 53.8045
v -31.7176 13 -53.9565
vt -31.7176 53.9565
v -31.7991 13 -53.9565
vt -31.7991 53.9565
v -31.9949 13 -53.8178
vt -31.9949 53.8178
v -32.1336 13 -54.0137
vt -32.1336 54.0137
v -32.3826 13 -54.0137
vt -32.3826 54.0137
v -32.5466 13 -53.7625
vt -32.5466 53.7625
v -32.6366 13 -53.7625
vt -32.6366 53.7625
v -32.7181 13 -53.5051
vt -32.7181 53.5051
v -32.7981 13 -53.5051
vt -32.7981 53.5051
v -32.932 13 -53.3849
vt -32.932 53.3849
v -33.0244 13 -53.11
vt -33.0244 53.11
v -33.0244 13 -52.01
vt -33.0244 52.01
v -33.365 13 -52.01
vt -33.365 52.01
v -33.6347 13 -51.7566
vt -33.6347 51.7566
v -33.7127 13 -51.5191
vt -33.7127 51.5191
v -33.8027 13 -51.5191
vt -33.8027 51.5191
v -33.934 13 -51.3817
vt -33.934 51.3817
v -34.0223 13 -51.0121
vt -34.0223 51.0121
v -45.0623 13 -51.0121
vt -45.0623 51.0121
v -45.0623 13 -51.3721
vt -45.0623 51.3721
v -45.2119 13 -51.5848
vt -45.2119 51.5848
v -45.4019 13 -51.5848
vt -45.4019 51.5848
v -45.5688 13 -51.7122
vt -45.5688 51.7122
v -45.5688 13 -51.8022
vt -45.5688 51.8022
v -45.6886 13 -51.9623
vt -45.6886 51.9623
v -45.8186 13 -51.9623
vt -45.8186 51.9623
v -45.9656 13 -51.7855
vt -45.9656 51.7855
v -46.1401 13 -52.0171
vt -46.1401 52.0171
v -46.3601 13 -52.0171
vt -46.3601 52.0171
v -46.7083 13 -51.6308
vt -46.7083 51.6308
v -46.7083 13 -51.5008
vt -46.7083 51.5008
v -46.8183 13 -51.5008
vt -46.8183 51.5008
v -47.0656 13 -51.1369
vt -47.0656 51.1369
v -47.0656 13 -51.3869
vt -47.0656 51.3869
v -47.1821 13 -51.5736
vt -47.1821 51.5736
v -47.4021 13 -51.5736
vt -47.4021 51.5736
v -47.7084 13 -51.9431
vt -47.7084 51.9431
v -48.1443 13 -52.0036
vt -48.1443 52.0036
v -48.3743 13 -52.0036
vt -48.3743 52.0036
v -48.6304 13 -51.7651
vt -48.6304 51.7651
v -48.7061 13 -51.6356
vt -48.7061 51.6356
v -48.7061 13 -51.5156
vt -48.7061 51.5156
v -48.8061 13 -51.5156
vt -48.8061 51.5156
v -48.9448 13 -51.3715
vt -48.9448 51.3715
v -49.0029 13 -51.0162
vt -49.0029 51.0162
v -56.0829 13 -51.0162
vt -56.0829 51.0162
v -56.0829 13 -51.3736
vt -56.0829 51.3736
v -56.1728 13 -51.5744
vt -56.1728 51.5744
v -56.4128 13 -51.5744
vt -56.4128 51.5744
v -56.7347 13 -51.9305
vt -56.7347 51.9305
v -56.9709 13 -51.7996
vt -56.9709 51.7996
v -57.1383 13 -52.0115
vt -57.1383 52.0115
v -57.3583 13 -52.0115
vt -57.3583 52.0115
v -57.6264 13 -51.7565
vt -57.6264 51.7565
v -57.6907 13 -51.6321
vt -57.6907 51.6321
v -57.7385 13 -51.4899
vt -57.7385 51.4899
v -57.8085 13 -51.4899
vt -57.8085 51.4899
v -57.9366 13 -51.3781
vt -57.9366 51.3781
v -58.0198 13 -51.0176
vt -58.0198 51.0176
v -62.0198 13 -51.0176
vt -62.0198 51.0176
v -62.0198 13 -51.3542
vt -62.0198 51.3542
v -62.1573 13 -51.563
vt -62.1573 51.563
v -62.4173 13 -51.563
vt -62.4173 51.563
v -62.6578 13 -51.9434
vt -62.6578 51.9434
v -63.0078 13 -51.9434
vt -63.0078 51.9434
v -63.0078 13 -58.0734
vt -63.0078 58.0734
v -62.565 13 -58.1704
vt -62.565 58.1704
v -62.4379 13 -58.3248
vt -62.4379 58.3248
v -62.4379 13 -58.5348
vt -62.4379 58.5348
v -62.0779 13 -58.7311
vt -62.0779 58.7311
v -61.9854 13 -59.0375
vt -61.9854 59.0375
v -60.0854 13 -59.0375
vt -60.0854 59.0375
v -59.8354 13 -59.1635
vt -59.8354 59.1635
v -59.5954 13 -59.1635
vt -59.5954 59.1635
v -59.4599 13 -59.3106
vt -59.4599 59.3106
v -59.4599 13 -59.5406
vt -59.4599 59.5406
v -59.0586 13 -59.8389
vt -59.0586 59.8389
v -58.9572 13 -59.7025
vt -58.9572 59.7025
v -58.4272 13 -59.7025
vt -58.4272 59.7025
v -58.2092 13 -59.3913
vt -58.2092 59.3913
v -58.2092 13 -59.0613
vt -58.2092 59.0613
v -58.0132 13 -59.0613
vt -58.0132 59.0613
v -58.0132 13 -58.6213
vt -58.0132 58.6213
v -57.5068 13 -58.2995
vt -57.5068 58.2995
v -57.2868 13 -58.2995
vt -57.2868 58.2995
v -57.1515 13 -58.0544
vt -57.1515 58.0544
v -57.0115 13 -58.0544
vt -57.0115 58.0544
v -56.8436 13 -58.1805
vt -56.8436 58.1805
v -56.6136 13 -58.1805
vt -56.6136 58.1805
v -56.4455 13 -58.3375
vt -56.4455 58.3375
v -56.4455 13 -58.5213
vt -56.4455 58.5213
v -56.0287 13 -58.7385
vt -56.0287 58.7385
v -56.0287 13 -59.0385
vt -56.0287 59.0385
v -55.8398 13 -59.1696
vt -55.8398 59.1696
v -55.5998 13 -59.1696
vt -55.5998 59.1696
v -55.4264 13 -59.3356
vt -55.4264 59.3356
v -55.4264 13 -59.5265
vt -55.4264 59.5265
v -55.0669 13 -59.7436
vt -55.0669 59.7436
v -55.0001 13 -60.0361
vt -55.0001 60.0361
v -54.8323 13 -60.1624
vt -54.8323 60.1624
v -54.6023 13 -60.1624
vt -54.6023 60.1624
v -54.4186 13 -60.3169
vt -54.4186 60.3169
v -54.4186 13 -60.5323
vt -54.4186 60.5323
v -54.0626 13 -60.7551
vt -54.0626 60.7551
v -53.9862 13 -61.0452
vt -53.9862 61.0452
v -53.8516 13 -61.1647
vt -53.8516 61.1647
v -53.5816 13 -61.1647
vt -53.5816 61.1647
v -53.4246 13 -61.3042
vt -53.4246 61.3042
v -53.4246 13 -61.5442
vt -53.4246 61.5442
v -53.1285 13 -61.69
vt -53.1285 61.69
v -52.9849 13 -61.9186
vt -52.9849 61.9186
v -52.3649 13 -61.9186
vt -52.3649 61.9186
v -52.2312 13 -62.0536
vt -52.2312 62.0536
v -49.0112 13 -62.0536
vt -49.0112 62.0536
v -49.0112 13 -61.6536
vt -49.0112 61.6536
v -48.703 13 -61.3986
vt -48.703 61.3986
v -48.3141 13 -61.3052
vt -48.3141 61.3052
v -48.1488 13 -61.0312
vt -48.1488 61.0312
v -47.8238 13 -61.1612
vt -47.8238 61.1612
v -47.5838 13 -61.1612
vt -47.5838 61.1612
v -47.4293 13 -61.2718
vt -47.4293 61.2718
v -47.4293 13 -61.5259
vt -47.4293 61.5259
v -46.9963 13 -61.7953
vt -46.9963 61.7953
v -46.9963 13 -61.6253
vt -46.9963 61.6253
v -46.5317 13 -61.3127
vt -46.5317 61.3127
v -46.2817 13 -61.3127
vt -46.2817 61.3127
v -46.1354 13 -61.0394
vt -46.1354 61.0394
v -46.0154 13 -61.0394
vt -46.0154 61.0394
v -45.8472 13 -61.1812
vt -45.8472 61.1812
v -45.5972 13 -61.1812
vt -45.5972 61.1812
v -45.4277 13 -61.3215
vt -45.4277 61.3215
v -45.4277 13 -61.5515
vt -45.4277 61.5515
v -45.1087 13 -61.6955
vt -45.1087 61.6955
v -44.9781 13 -61.8848
vt -44.9781 61.8848
v -44.9781 13 -62.0648
vt -44.9781 62.0648
v -34.0281 13 -62.0648
vt -34.0281 62.0648
v -34.0281 13 -61.6555
vt -34.0281 61.6555
v -33.6847 13 -61.3803
vt -33.6847 61.3803
v -33.2884 13 -61.3266
vt -33.2884 61.3266
v -33.124 13 -61.0638
vt -33.124 61.0638
v -33.014 13 -61.0638
vt -33.014 61.0638
v -33.014 13 -59.6238
vt -33.014 59.6238
v -32.6874 13 -59.3928
vt -32.6874 59.3928
v -32.2946 13 -59.3169
vt -32.2946 59.3169
v -32.1237 13 -59.0464
vt -32.1237 59.0464
v -31.8314 13 -59.1767
vt -31.8314 59.1767
v -31.5514 13 -59.1767
vt -31.5514 59.1767
v -31.4443 13 -59.3087
vt -31.4443 59.3087
v -31.4443 13 -59.5338
vt -31.4443 59.5338
v -31.0144 13 -59.7892
vt -31.0144 59.7892
v -31.0144 13 -59.6292
vt -31.0144 59.6292
v -30.8685 13 -59.5637
vt -30.8685 59.5637
v -30.6894 13 -59.3893
vt -30.6894 59.3893
v -30.5263 13 -59.313
vt -30.5263 59.313
v -30.3163 13 -59.313
vt -30.3163 59.313
v -30.1377 13 -59.0355
vt -30.1377 59.0355
v -29.9877 13 -59.0355
vt -29.9877 59.0355
v -29.8536 13 -59.1701
vt -29.8536 59.1701
v -29.5736 13 -59.1701
vt -29.5736 59.1701
v -29.4319 13 -59.3251
vt -29.4319 59.3251
v -29.4319 13 -59.5438
vt -29.4319 59.5438
v -29.1555 13 -59.6315
vt -29.1555 59.6315
v -28.8231 13 -60.1666
vt -28.8231 60.1666
v -28.5831 13 -60.1666
vt -28.5831 60.1666
v -28.4335 13 -60.3141
vt -28.4335 60.3141
v -28.4335 13 -60.5341
vt -28.4335 60.5341
v -28.0544 13 -60.7147
vt -28.0544 60.7147
v -28.0251 13 -60.8924
vt -28.0251 60.8924
v -27.8705 13 -61.1725
vt -27.8705 61.1725
v -27.6205 13 -61.1725
vt -27.6205 61.1725
v -27.4745 13 -61.2941
vt -27.4745 61.2941
v -27.4745 13 -61.5176
vt -27.4745 61.5176
v -27.0221 13 -61.7936
vt -27.0221 61.7936
v -27.0221 13 -61.656
vt -27.0221 61.656
v -26.7001 13 -61.4023
vt -26.7001 61.4023
v -26.307 13 -61.328
vt -26.307 61.328
v -26.1288 13 -61.0503
vt -26.1288 61.0503
v -26.0088 13 -61.0503
vt -26.0088 61.0503
v -25.8451 13 -61.1819
vt -25.8451 61.1819
v -25.5751 13 -61.1819
vt -25.5751 61.1819
v -25.4511 13 -61.3123
vt -25.4511 61.3123
v -25.4511 13 -61.5323
vt -25.4511 61.5323
v -25.0488 13 -61.7554
vt -25.0488 61.7554
v -25.0488 13 -62.1554
vt -25.0488 62.1554
v -24.6728 13 -62.1554
vt -24.6728 62.1554
v -24.4204 13 -62.3521
vt -24.4204 62.3521
v -24.4204 13 -62.5492
vt -24.4204 62.5492
v -24.062 13 -62.7484
vt -24.062 62.7484
v -23.6952 13 -62.3521
vt -23.6952 62.3521
v -23.2912 13 -62.3521
vt -23.2912 62.3521
v -23.1318 13 -62.0518
vt -23.1318 62.0518
v -23.0118 13 -62.0518
vt -23.0118 62.0518
v -23.0118 13 -61.6118
vt -23.0118 61.6118
v -22.6779 13 -61.357
vt -22.6779 61.357
v -22.2879 13 -61.357
vt -22.2879 61.357
v -22.1401 13 -61.062
vt -22.1401 61.062
v -22.0101 13 -61.062
vt -22.0101 61.062
v -22.0101 13 -59.618
vt -22.0101 59.618
v -21.8624 13 -59.5563
vt -21.8624 59.5563
v -21.7111 13 -59.3831
vt -21.7111 59.3831
v -21.532 13 -59.3197
vt -21.532 59.3197
v -21.312 13 -59.3197
vt -21.312 59.3197
v -21.1529 13 -59.0421
vt -21.1529 59.0421
v -21.0129 13 -59.0421
vt -21.0129 59.0421
v -20.8565 13 -59.1667
vt -20.8565 59.1667
v -20.6065 13 -59.1667
vt -20.6065 59.1667
v -20.4422 13 -59.313
vt -20.4422 59.313
v -20.4422 13 -59.5538
vt -20.4422 59.5538
v -20.009 13 -59.7828
vt -20.009 59.7828
v -20.009 13 -59.6328
vt -20.009 59.6328
v -19.5252 13 -59.313
vt -19.5252 59.313
v -19.2952 13 -59.313
vt -19.2952 59.313
v -19.1647 13 -59.0652
vt -19.1647 59.0652
v -19.0047 13 -59.0652
vt -19.0047 59.0652
v -18.8275 13 -59.178
vt -18.8275 59.178
v -18.5775 13 -59.178
vt -18.5775 59.178
v -18.4448 13 -59.3277
vt -18.4448 59.3277
v -18.4448 13 -59.5467
vt -18.4448 59.5467
v -18.0107 13 -59.7947
vt -18.0107 59.7947
v -18.0107 13 -59.6447
vt -18.0107 59.6447
v -17.6843 13 -59.3803
vt -17.6843 59.3803
v -17.2777 13 -59.3277
vt -17.2777 59.3277
v -17.0898 13 -59.0811
vt -17.0898 59.0811
v -15.9998 13 -59.0811
vt -15.9998 59.0811
v -15.9998 13 -57.1711
vt -15.9998 57.1711
v -10.1398 13 -57.1711
vt -10.1398 57.1711
v -9.6236 13 -57.2912
vt -9.6236 57.2912
v -9.41858 13 -57.4343
vt -9.41858 57.4343
v -9.41858 13 -57.6743
vt -9.41858 57.6743
v -8.99651 13 -57.978
vt -8.99651 57.978
v -8.99651 13 -58.198
vt -8.99651 58.198
v -8.60588 13 -58.2841
vt -8.60588 58.2841
v -8.43565 13 -58.4234
vt -8.43565 58.4234
v -8.43565 13 -58.6534
vt -8.43565 58.6534
v -8.01519 13 -58.8635
vt -8.01519 58.8635
v -7.7039 13 -58.5385
vt -7.7039 58.5385
v -7.49984 13 -58.4563
vt -7.49984 58.4563
v -7.29984 13 -58.4563
vt -7.29984 58.4563
v -7.14087 13 -58.1901
vt -7.14087 58.1901
v -7.01087 13 -58.1901
vt -7.01087 58.1901
v -7.01087 13 -57.7901
vt -7.01087 57.7901
v -6.85067 13 -57.7081
vt -6.85067 57.7081
v -6.68307 13 -57.5226
vt -6.68307 57.5226
v -6.28808 13 -57.4595
vt -6.28808 57.4595
v -6.14543 13 -57.173
vt -6.14543 57.173
v -4.09543 13 -57.173
vt -4.09543 57.173
v -3.59974 13 -57.293
vt -3.59974 57.293
v -3.45949 13 -57.4493
vt -3.45949 57.4493
v -3.45949 13 -57.6626
vt -3.45949 57.6626
v -3.00641 13 -57.8968
vt -3.00641 57.8968
v -3.00641 13 -57.7568
vt -3.00641 57.7568
v -2.68303 13 -57.5213
vt -2.68303 57.5213
v -2.28957 13 -57.4493
vt -2.28957 57.4493
v -2.1409 13 -57.1659
vt -2.1409 57.1659
v 0.129102 13 -57.1659
vt 0.129102 57.1659
v 0.390895 13 -57.232
vt 0.390895 57.232
v 0.536159 13 -57.3836
vt 0.536159 57.3836
v 0.536159 13 -57.6248
vt 0.536159 57.6248
v 0.984932 13 -57.8875
vt 0.984932 57.8875
v 0.984932 13 -57.6175
vt 0.984932 57.6175
v 1.11493 13 -57.6175
vt 1.11493 57.6175
v 1.27043 13 -57.4763
vt 1.27043 57.4763
v 1.51335 13 -57.3836
vt 1.51335 57.3836
v 1.71335 13 -57.3836
vt 1.71335 57.3836
v 1.88172 13 -57.1115
vt 1.88172 57.1115
v 2.16517 13 -57.237
vt 2.16517 57.237
v 2.39517 13 -57.237
vt 2.39517 57.237
v 2.54224 13 -57.3869
vt 2.54224 57.3869
v 2.54224 13 -57.5976
vt 2.54224 57.5976
v 2.92893 13 -57.8278
vt 2.92893 57.8278
v 2.97965 13 -58.0929
vt 2.97965 58.0929
v 3.14295 13 -58.2404
vt 3.14295 58.2404
v 3.38295 13 -58.2404
vt 3.38295 58.2404
v 3.54882 13 -58.3849
vt 3.54882 58.3849
v 3.54882 13 -58.6149
vt 3.54882 58.6149
v 3.92072 13 -58.8101
vt 3.92072 58.8101
v 3.98784 13 -59.0716
vt 3.98784 59.0716
v 4.13475 13 -59.2354
vt 4.13475 59.2354
v 4.41475 13 -59.2354
vt 4.41475 59.2354
v 4.5656 13 -59.3814
vt 4.5656 59.3814
v 4.5656 13 -59.6025
vt 4.5656 59.6025
v 4.92113 13 -59.8617
vt 4.92113 59.8617
v 5.03262 13 -59.6379
vt 5.03262 59.6379
v 5.14262 13 -59.6379
vt 5.14262 59.6379
v 5.2954 13 -59.4528
vt 5.2954 59.4528
v 5.4929 13 -59.3814
vt 5.4929 59.3814
v 5.7029 13 -59.3814
vt 5.7029 59.3814
v 5.86876 13 -59.1078
vt 5.86876 59.1078
v 5.96876 13 -59.1078
vt 5.96876 59.1078
v 6.18016 13 -59.2412
vt 6.18016 59.2412
v 6.39016 13 -59.2412
vt 6.39016 59.2412
v 6.54391 13 -59.3692
vt 6.54391 59.3692
v 6.54391 13 -59.5992
vt 6.54391 59.5992
v 6.85324 13 -59.7403
vt 6.85324 59.7403
v 6.96423 13 -59.8256
vt 6.96423 59.8256
v 6.96423 13 -59.9605
vt 6.96423 59.9605
v 7.14193 13 -60.2266
vt 7.14193 60.2266
v 7.42193 13 -60.2266
vt 7.42193 60.2266
v 7.5555 13 -60.4014
vt 7.5555 60.4014
v 7.5555 13 -60.6124
vt 7.5555 60.6124
v 7.99395 13 -60.8312
vt 7.99395 60.8312
v 7.99395 13 -60.7012
vt 7.99395 60.7012
v 8.34284 13 -60.4014
vt 8.34284 60.4014
v 8.71261 13 -60.4014
vt 8.71261 60.4014
v 8.86156 13 -60.1296
vt 8.86156 60.1296
v 8.97156 13 -60.1296
vt 8.97156 60.1296
v 9.03426 13 -59.6134
vt 9.03426 59.6134
v 9.18426 13 -59.6134
vt 9.18426 59.6134
v 9.49056 13 -59.3884
vt 9.49056 59.3884
v 9.73056 13 -59.3884
vt 9.73056 59.3884
v 9.85278 13 -59.1145
vt 9.85278 59.1145
v 9.98278 13 -59.1145
vt 9.98278 59.1145
v 9.98278 13 -57.6845
vt 9.98278 57.6845
v 10.4812 13 -57.3504
vt 10.4812 57.3504
v 10.7112 13 -57.3504
vt 10.7112 57.3504
v 10.8451 13 -57.1045
vt 10.8451 57.1045
v 10.9451 13 -57.1045
vt 10.9451 57.1045
v 11.1593 13 -57.2518
vt 11.1593 57.2518
v 11.4193 13 -57.2518
vt 11.4193 57.2518
v 11.5707 13 -57.3973
vt 11.5707 57.3973
v 11.5707 13 -57.5973
vt 11.5707 57.5973
v 11.9929 13 -57.8461
vt 11.9929 57.8461
v 11.9929 13 -57.7061
vt 11.9929 57.7061
v 12.0671 13 -57.6249
vt 12.0671 57.6249
v 12.3112 13 -57.4504
vt 12.3112 57.4504
v 12.5103 13 -57.3568
vt 12.5103 57.3568
v 12.7203 13 -57.3568
vt 12.7203 57.3568
v 12.8413 13 -57.0933
vt 12.8413 57.0933
v 12.9513 13 -57.0933
vt 12.9513 57.0933
v 13.1423 13 -57.2388
vt 13.1423 57.2388
v 13.4223 13 -57.2388
vt 13.4223 57.2388
v 13.5748 13 -57.3681
vt 13.5748 57.3681
v 13.5748 13 -57.6081
vt 13.5748 57.6081
v 13.9998 13 -57.8519
vt 13.9998 57.8519
v 13.9998 13 -57.7119
vt 13.9998 57.7119
v 14.3017 13 -57.465
vt 14.3017 57.465
v 14.7159 13 -57.3958
vt 14.7159 57.3958
v 14.8775 13 -57.1195
vt 14.8775 57.1195
v 16.1275 13 -57.1195
vt 16.1275 57.1195
v 16.4316 13 -57.1794
vt 16.4316 57.1794
v 16.5667 13 -57.3269
vt 16.5667 57.3269
v 16.5667 13 -57.5369
vt 16.5667 57.5369
v 16.9404 13 -57.7496
vt 16.9404 57.7496
v 16.9404 13 -58.9896
vt 16.9404 58.9896
v 17.1596 13 -59.1796
vt 17.1596 59.1796
v 17.4096 13 -59.1796
vt 17.4096 59.1796
v 17.5421 13 -59.3294
vt 17.5421 59.3294
v 17.5421 13 -59.5481
vt 17.5421 59.5481
v 17.9975 13 -59.7991
vt 17.9975 59.7991
v 17.9975 13 -59.6291
vt 17.9975 59.6291
v 18.2997 13 -59.3988
vt 18.2997 59.3988
v 18.5085 13 -59.3294
vt 18.5085 59.3294
v 18.7085 13 -59.3294
vt 18.7085 59.3294
v 18.8497 13 -59.0534
vt 18.8497 59.0534
v 18.9497 13 -59.0534
vt 18.9497 59.0534
v 19.1645 13 -59.1814
vt 19.1645 59.1814
v 19.4145 13 -59.1814
vt 19.4145 59.1814
v 19.5673 13 -59.2943
vt 19.5673 59.2943
v 19.5673 13 -59.5223
vt 19.5673 59.5223
v 19.8623 13 -59.6702
vt 19.8623 59.6702
v 19.9678 13 -59.8632
vt 19.9678 59.8632
v 19.9678 13 -60.0332
vt 19.9678 60.0332
v 20.1539 13 -60.1848
vt 20.1539 60.1848
v 20.4139 13 -60.1848
vt 20.4139 60.1848
v 20.5813 13 -60.3276
vt 20.5813 60.3276
v 20.5813 13 -60.5379
vt 20.5813 60.5379
v 20.8812 13 -60.6755
vt 20.8812 60.6755
v 21.0095 13 -60.8664
vt 21.0095 60.8664
v 21.0095 13 -61.0564
vt 21.0095 61.0564
v 27.9795 13 -61.0564
vt 27.9795 61.0564
v 27.9795 13 -60.6264
vt 27.9795 60.6264
v 28.3098 13 -60.3836
vt 28.3098 60.3836
v 28.7157 13 -60.3257
vt 28.7157 60.3257
v 28.8686 13 -60.0676
vt 28.8686 60.0676
v 28.9986 13 -60.0676
vt 28.9986 60.0676
v 28.9986 13 -59.6276
vt 28.9986 59.6276
v 29.498 13 -59.3134
vt 29.498 59.3134
v 29.718 13 -59.3134
vt 29.718 59.3134
v 29.8633 13 -59.0625
vt 29.8633 59.0625
v 29.9886 13 -59.0625
vt 29.9886 59.0625
v 29.9886 13 -58.6325
vt 29.9886 58.6325
v 30.2364 13 -58.4461
vt 30.2364 58.4461
v 30.4064 13 -58.4461
vt 30.4064 58.4461
v 30.5083 13 -58.3227
vt 30.5083 58.3227
v 30.7283 13 -58.3227
vt 30.7283 58.3227
v 30.8619 13 -58.0654
vt 30.8619 58.0654
v 30.9919 13 -58.0654
vt 30.9919 58.0654
v 30.9919 13 -51.9954
vt 30.9919 51.9954
v 30.6419 13 -51.9954
vt 30.6419 51.9954
v 30.0829 13 -51.3955
vt 30.0829 51.3955
v 29.9964 13 -51.0049
vt 29.9964 51.0049
v 29.6325 13 -51.0049
vt 29.6325 51.0049
v 29.0647 13 -50.3859
vt 29.0647 50.3859
v 28.9884 13 -50.0239
vt 28.9884 50.0239
v 20.9584 13 -50.0239
vt 20.9584 50.0239
v 20.9584 13 -50.4139
vt 20.9584 50.4139
v 20.8425 13 -50.6354
vt 20.8425 50.6354
v 20.5725 13 -50.6354
vt 20.5725 50.6354
v 20.3028 13 -51.008
vt 20.3028 51.008
v 19.9528 13 -51.008
vt 19.9528 51.008
v 19.9528 13 -51.388
vt 19.9528 51.388
v 19.8418 13 -51.6008
vt 19.8418 51.6008
v 19.6118 13 -51.6008
vt 19.6118 51.6008
v 19.3158 13 -51.9398
vt 19.3158 51.9398
v 18.6306 13 -52.0209
vt 18.6306 52.0209
v 18.0449 13 -51.3507
vt 18.0449 51.3507
v 17.8357 13 -51.5795
vt 17.8357 51.5795
v 17.5957 13 -51.5795
vt 17.5957 51.5795
v 17.2844 13 -51.958
vt 17.2844 51.958
v 16.9484 13 -51.958
vt 16.9484 51.958
v 16.9484 13 -53.358
vt 16.9484 53.358
v 16.823 13 -53.5626
vt 16.823 53.5626
v 16.603 13 -53.5626
vt 16.603 53.5626
v 16.3055 13 -53.952
vt 16.3055 53.952
v 14.6169 13 -54.0203
vt 14.6169 54.0203
v 14.0289 13 -53.339
vt 14.0289 53.339
v 13.8222 13 -53.5701
vt 13.8222 53.5701
v 13.5922 13 -53.5701
vt 13.5922 53.5701
v 13.2949 13 -53.9469
vt 13.2949 53.9469
v 12.6381 13 -54.012
vt 12.6381 54.012
v 11.9825 13 -53.3384
vt 11.9825 53.3384
v 11.8075 13 -53.5943
vt 11.8075 53.5943
v 11.5782 13 -53.5943
vt 11.5782 53.5943
v 11.3259 13 -53.9547
vt 11.3259 53.9547
v 10.6286 13 -54.0159
vt 10.6286 54.0159
v 10.1888 13 -53.4972
vt 10.1888 53.4972
v 9.98443 13 -53.1418
vt 9.98443 53.1418
v 9.98443 13 -52.0118
vt 9.98443 52.0118
v 9.62443 13 -52.0118
vt 9.62443 52.0118
v 9.04317 13 -51.3644
vt 9.04317 51.3644
v 8.99778 13 -51.0174
vt 8.99778 51.0174
v 8.63778 13 -51.0174
vt 8.63778 51.0174
v 8.01189 13 -50.3568
vt 8.01189 50.3568
v 7.80811 13 -50.5904
vt 7.80811 50.5904
v 7.56811 13 -50.5904
vt 7.56811 50.5904
v 7.31958 13 -50.9413
vt 7.31958 50.9413
v 6.92171 13 -50.9826
vt 6.92171 50.9826
v 6.92171 13 -51.3789
vt 6.92171 51.3789
v 6.8207 13 -51.5855
vt 6.8207 51.5855
v 6.5807 13 -51.5855
vt 6.5807 51.5855
v 6.32288 13 -51.9543
vt 6.32288 51.9543
v 5.63553 13 -52.0148
vt 5.63553 52.0148
v 5.03722 13 -51.3425
vt 5.03722 51.3425
v 4.84489 13 -51.5856
vt 4.84489 51.5856
v 4.57489 13 -51.5856
vt 4.57489 51.5856
v 4.30952 13 -51.9735
vt 4.30952 51.9735
v 4.00952 13 -51.9735
vt 4.00952 51.9735
v 3.85328 13 -52.5838
vt 3.85328 52.5838
v 3.57328 13 -52.5838
vt 3.57328 52.5838
v 3.32251 13 -52.9695
vt 3.32251 52.9695
v 2.93251 13 -52.9695
vt 2.93251 52.9695
v 2.93251 13 -53.3663
vt 2.93251 53.3663
v 2.82073 13 -53.5786
vt 2.82073 53.5786
v 2.58073 13 -53.5786
vt 2.58073 53.5786
v 2.33456 13 -53.9553
vt 2.33456 53.9553
v 1.61784 13 -54.024
vt 1.61784 54.024
v 1.0578 13 -53.3452
vt 1.0578 53.3452
v 0.845704 13 -53.5981
vt 0.845704 53.5981
v 0.585704 13 -53.5981
vt 0.585704 53.5981
v 0.297767 13 -54.019
vt 0.297767 54.019
v -2.38182 13 -54.019
vt -2.38182 54.019
v -2.95702 13 -53.3268
vt -2.95702 53.3268
v -3.16763 13 -53.5937
vt -3.16763 53.5937
v -3.40763 13 -53.5937
vt -3.40763 53.5937
v -3.6938 13 -54.0279
vt -3.6938 54.0279
v -6.3638 13 -54.0279
vt -6.3638 54.0279
v -6.63828 13 -53.7798
vt -6.63828 53.7798
v -6.71643 13 -53.5213
vt -6.71643 53.5213
v -6.92859 13 -53.4091
vt -6.92859 53.4091
v -7.01256 13 -53.018
vt -7.01256 53.018
v -7.37041 13 -53.018
vt -7.37041 53.018
v -8.00301 13 -52.3363
vt -8.00301 52.3363
v -8.18994 13 -52.5836
vt -8.18994 52.5836
v -8.40994 13 -52.5836
vt -8.40994 52.5836
v -8.68645 13 -52.9637
vt -8.68645 52.9637
v -9.04888 13 -52.9637
vt -9.04888 52.9637
v -9.04888 13 -53.3637
vt -9.04888 53.3637
v -9.18107 13 -53.5876
vt -9.18107 53.5876
v -9.42107 13 -53.5876
vt -9.42107 53.5876
v -9.71944 13 -54.0012
vt -9.71944 54.0012
v -10.9928 13 -54.0012
vt -10.9928 54.0012
v -10.9928 13 -43.0012
vt -10.9928 43.0012
v -10.0315 13 -43.0012
vt -10.0315 43.0012
v -10.0315 13 -40.9947
vt -10.0315 40.9947
v 37.9785 13 -40.9947
vt 37.9785 40.9947
v 37.9785 13 -49.9847
vt 37.9785 49.9847
v 33.9402 13 -49.9847
vt 33.9402 49.9847
v 33.9402 13 -50.3947
vt 33.9402 50.3947
v 33.8134 13 -50.5865
vt 33.8134 50.5865
v 33.6034 13 -50.5865
vt 33.6034 50.5865
v 33.2929 13 -50.9656
vt 33.2929 50.9656
v 33.0029 13 -50.9656
vt 33.0029 50.9656
v 33.0029 13 -61.1356
vt 33.0029 61.1356
v 33.4385 13 -61.1974
vt 33.4385 61.1974
v 33.5663 13 -61.3514
vt 33.5663 61.3514
v 33.5663 13 -61.5414
vt 33.5663 61.5414
v 33.9467 13 -61.7817
vt 33.9467 61.7817
v 34.0088 13 -61.8725
vt 34.0088 61.8725
v 34.0088 13 -62.0725
vt 34.0088 62.0725
v 45.9988 13 -62.0725
vt 45.9988 62.0725
v 45.9988 13 -61.6325
vt 45.9988 61.6325
v 46.3545 13 -61.3735
vt 46.3545 61.3735
v 46.7347 13 -61.2866
vt 46.7347 61.2866
v 46.8821 13 -61.0369
vt 46.8821 61.0369
v 47.0021 13 -61.0369
vt 47.0021 61.0369
v 47.0021 13 -51.0069
vt 47.0021 51.0069
v 46.6221 13 -51.0069
vt 46.6221 51.0069
v 46.0538 13 -50.3615
vt 46.0538 50.3615
v 45.9909 13 -50.0172
vt 45.9909 50.0172
v 45.9909 13 -39.9972
vt 45.9909 39.9972
v 48.9309 13 -39.9972
vt 48.9309 39.9972
v 49.4347 13 -40.126
vt 49.4347 40.126
v 49.5694 13 -40.2738
vt 49.5694 40.2738
v 49.5694 13 -40.5038
vt 49.5694 40.5038
v 49.9169 13 -40.6808
vt 49.9169 40.6808
v 50.0263 13 -40.7835
vt 50.0263 40.7835
v 50.0263 13 -42.0535
vt 50.0263 42.0535
v 50.4411 13 -42.1198
vt 50.4411 42.1198
v 50.5786 13 -42.2508
vt 50.5786 42.2508
v 50.5786 13 -42.5008
vt 50.5786 42.5008
v 50.9723 13 -42.7188
vt 50.9723 42.7188
v 50.9723 13 -43.0688
vt 50.9723 43.0688
v 51.3867 13 -43.1371
vt 51.3867 43.1371
v 51.5057 13 -43.2853
vt 51.5057 43.2853
v 51.5057 13 -43.4853
vt 51.5057 43.4853
v 51.8872 13 -43.7045
vt 51.8872 43.7045
v 51.9695 13 -43.9826
vt 51.9695 43.9826
v 54.9745 13 -43.9826
vt 54.9745 43.9826
v 54.9745 13 -50.0172
vt 54.9745 50.0172
v 50.9245 13 -50.0172
vt 50.9245 50.0172
v 50.9245 13 -50.5672
vt 50.9245 50.5672
v 50.5945 13 -50.5672
vt 50.5945 50.5672
v 50.284 13 -50.9462
vt 50.284 50.9462
v 49.944 13 -50.9462
vt 49.944 50.9462
v 49.944 13 -51.4062
vt 49.944 51.4062
v 49.7914 13 -51.5915
vt 49.7914 51.5915
v 49.5814 13 -51.5915
vt 49.5814 51.5915
v 49.2729 13 -51.9722
vt 49.2729 51.9722
v 49.0229 13 -51.9722
vt 49.0229 51.9722
v 49.0229 13 -60.1122
vt 49.0229 60.1122
v 49.434 13 -60.1981
vt 49.434 60.1981
v 49.5691 13 -60.3318
vt 49.5691 60.3318
v 49.5691 13 -60.5418
vt 49.5691 60.5418
v 49.9645 13 -60.7566
vt 49.9645 60.7566
v 49.9645 13 -61.1166
vt 49.9645 61.1166
v 50.4259 13 -61.2061
vt 50.4259 61.2061
v 50.5984 13 -61.3582
vt 50.5984 61.3582
v 50.5984 13 -61.5582
vt 50.5984 61.5582
v 50.9568 13 -61.7573
vt 50.9568 61.7573
v 50.9568 13 -62.0573
vt 50.9568 62.0573
v 59.9468 13 -62.0573
vt 59.9468 62.0573
v 60.4289 13 -62.1899
vt 60.4289 62.1899
v 60.5744 13 -62.3413
vt 60.5744 62.3413
v 60.5744 13 -62.5513
vt 60.5744 62.5513
v 60.9872 13 -62.7762
vt 60.9872 62.7762
v 60.9872 13 -62.6162
vt 60.9872 62.6162
v 61.339 13 -62.369
vt 61.339 62.369
v 61.7504 13 -62.2845
vt 61.7504 62.2845
v 61.8679 13 -62.0753
vt 61.8679 62.0753
v 62.027 13 -62.0753
vt 62.027 62.0753
v 62.027 13 -61.6453
vt 62.027 61.6453
v 62.4849 13 -61.3058
vt 62.4849 61.3058
v 62.7449 13 -61.3058
vt 62.7449 61.3058
v 62.8743 13 -61.0352
vt 62.8743 61.0352
v 63.0043 13 -61.0352
vt 63.0043 61.0352
v 63.0043 13 -51.0152
vt 63.0043 51.0152
v 62.6143 13 -51.0152
vt 62.6143 51.0152
v 62.3579 13 -50.7347
vt 62.3579 50.7347
v 62.2775 13 -50.5192
vt 62.2775 50.5192
v 62.1875 13 -50.5192
vt 62.1875 50.5192
v 62.0591 13 -50.3659
vt 62.0591 50.3659
v 62.0065 13 -50.0172
vt 62.0065 50.0172
v 55.9745 13 -50.0172
vt 55.9745 50.0172
v 55.9745 13 -43.9826
vt 55.9745 43.9826
v 59.9795 13 -43.9826
vt 59.9795 43.9826
v 59.9795 13 -43.5626
vt 59.9795 43.5626
v 60.3639 13 -43.3099
vt 60.3639 43.3099
v 60.7157 13 -43.2335
vt 60.7157 43.2335
v 60.8765 13 -42.9922
vt 60.8765 42.9922
v 60.9818 13 -42.9922
vt 60.9818 42.9922
v 60.9818 13 -42.5522
vt 60.9818 42.5522
v 61.3473 13 -42.2897
vt 61.3473 42.2897
v 61.7313 13 -42.2214
vt 61.7313 42.2214
v 61.8589 13 -41.9834
vt 61.8589 41.9834
v 61.9889 13 -41.9834
vt 61.9889 41.9834
v 61.9889 13 -40.5434
vt 61.9889 40.5434
v 62.3313 13 -40.3179
vt 62.3313 40.3179
v 62.7988 13 -40.1709
vt 62.7988 40.1709
v 62.891 13 -39.9822
vt 62.891 39.9822
v 63.891 13 -39.9822
vt 63.891 39.9822
v 64.0016 13 -40.1367
vt 64.0016 40.1367
v 64.1122 13 -40.2912
vt 64.1122 40.2912
v 64.1122 13 -40.0982
vt 64.1122 40.0982
v 64.4222 13 -40.0982
vt 64.4222 40.0982
v 64.5742 13 -40.284
vt 64.5742 40.284
v 64.5742 13 -40.484
vt 64.5742 40.484
v 64.9521 13 -40.689
vt 64.9521 40.689
v 64.9521 13 -42.0355
vt 64.9521 42.0355
v 65.4442 13 -42.1241
vt 65.4442 42.1241
v 65.5601 13 -42.2746
vt 65.5601 42.2746
v 65.5601 13 -42.4946
vt 65.5601 42.4946
v 65.9597 13 -42.7015
vt 65.9597 42.7015
v 65.9597 13 -45.0411
vt 65.9597 45.0411
v 66.3622 13 -45.1193
vt 66.3622 45.1193
v 66.5218 13 -45.2557
vt 66.5218 45.2557
v 66.5218 13 -45.4957
vt 66.5218 45.4957
v 66.8581 13 -45.6499
vt 66.8581 45.6499
v 66.9879 13 -45.9848
vt 66.9879 45.9848
v 68.9863 13 -45.9848
vt 68.9863 45.9848
v 68.9863 13 -56.0048
vt 68.9863 56.0048
v 68.9863 13 -56.9948
vt 68.9863 56.9948
v 69.9463 13 -56.9948
vt 69.9463 56.9948
v 70.1516 13 -57.1191
vt 70.1516 57.1191
v 70.4616 13 -57.1191
vt 70.4616 57.1191
v 70.5743 13 -57.2721
vt 70.5743 57.2721
v 70.5743 13 -57.4721
vt 70.5743 57.4721
v 71.0086 13 -57.7395
vt 71.0086 57.7395
v 71.0086 13 -61.107
vt 71.0086 61.107
v 71.4404 13 -61.1915
vt 71.4404 61.1915
v 71.5696 13 -61.3442
vt 71.5696 61.3442
v 71.5696 13 -61.5642
vt 71.5696 61.5642
v 71.8932 13 -61.6974
vt 71.8932 61.6974
v 72.0076 13 -61.8853
vt 72.0076 61.8853
v 72.0076 13 -62.0553
vt 72.0076 62.0553
v 73.9476 13 -62.0553
vt 73.9476 62.0553
v 74.171 13 -62.1676
vt 74.171 62.1676
v 74.421 13 -62.1676
vt 74.421 62.1676
v 74.5889 13 -62.3097
vt 74.5889 62.3097
v 74.5889 13 -62.5397
vt 74.5889 62.5397
v 74.9817 13 -62.7593
vt 74.9817 62.7593
v 74.9817 13 -62.6093
vt 74.9817 62.6093
v 75.3161 13 -62.372
vt 75.3161 62.372
v 75.7293 13 -62.2971
vt 75.7293 62.2971
v 75.87 13 -62.0435
vt 75.87 62.0435
v 75.99 13 -62.0435
vt 75.99 62.0435
v 75.99 13 -60.6235
vt 75.99 60.6235
v 76.0786 13 -60.5426
vt 76.0786 60.5426
v 76.1708 13 -60.5426
vt 76.1708 60.5426
v 76.3073 13 -60.3575
vt 76.3073 60.3575
v 76.5392 13 -60.2956
vt 76.5392 60.2956
v 76.7392 13 -60.2956
vt 76.7392 60.2956
v 77.0011 13 -60.1118
vt 77.0011 60.1118
v 77.1511 13 -60.1118
vt 77.1511 60.1118
v 77.1511 13 -60.1718
vt 77.1511 60.1718
v 77.4311 13 -60.1718
vt 77.4311 60.1718
v 77.5745 13 -60.3253
vt 77.5745 60.3253
v 77.5745 13 -60.5513
vt 77.5745 60.5513
v 77.938 13 -60.741
vt 77.938 60.741
v 77.938 13 -61.1158
vt 77.938 61.1158
v 78.4431 13 -61.1861
vt 78.4431 61.1861
v 78.5723 13 -61.3388
vt 78.5723 61.3388
v 78.5723 13 -61.5488
vt 78.5723 61.5488
v 78.9486 13 -61.7569
vt 78.9486 61.7569
v 79.0211 13 -62.0273
vt 79.0211 62.0273
v 81.9811 13 -62.0273
vt 81.9811 62.0273
v 81.9811 13 -61.6273
vt 81.9811 61.6273
v 82.078 13 -61.5407
vt 82.078 61.5407
v 82.178 13 -61.5407
vt 82.178 61.5407
v 82.3142 13 -61.368
vt 82.3142 61.368
v 82.7366 13 -61.2872
vt 82.7366 61.2872
v 82.8678 13 -61.0512
vt 82.8678 61.0512
v 82.9878 13 -61.0512
vt 82.9878 61.0512
v 82.9878 13 -60.6212
vt 82.9878 60.6212
v 83.071 13 -60.5347
vt 83.071 60.5347
v 83.181 13 -60.5347
vt 83.181 60.5347
v 83.3041 13 -60.3646
vt 83.3041 60.3646
v 83.7183 13 -60.2951
vt 83.7183 60.2951
v 83.8797 13 -60.0422
vt 83.8797 60.0422
v 83.9997 13 -60.0422
vt 83.9997 60.0422
v 84.1761 13 -60.1737
vt 84.1761 60.1737
v 84.4437 13 -60.1737
vt 84.4437 60.1737
v 84.5875 13 -60.3127
vt 84.5875 60.3127
v 84.5875 13 -60.5427
vt 84.5875 60.5427
v 84.9283 13 -60.7521
vt 84.9283 60.7521
v 85.0097 13 -61.1131
vt 85.0097 61.1131
v 85.4449 13 -61.1783
vt 85.4449 61.1783
v 85.5774 13 -61.3144
vt 85.5774 61.3144
v 85.5774 13 -61.5444
vt 85.5774 61.5444
v 85.9469 13 -61.7441
vt 85.9469 61.7441
v 85.9469 13 -62.1441
vt 85.9469 62.1441
v 86.4343 13 -62.1949
vt 86.4343 62.1949
v 86.5676 13 -62.3302
vt 86.5676 62.3302
v 86.5676 13 -62.5402
vt 86.5676 62.5402
v 86.973 13 -62.7356
vt 86.973 62.7356
v 87.0671 13 -62.5402
vt 87.0671 62.5402
v 87.2218 13 -62.5402
vt 87.2218 62.5402
v 87.3129 13 -62.351
vt 87.3129 62.351
v 87.7377 13 -62.2845
vt 87.7377 62.2845
v 87.8925 13 -62.0392
vt 87.8925 62.0392
v 89.9825 13 -62.0392
vt 89.9825 62.0392
v 89.9825 13 -61.6092
vt 89.9825 61.6092
v 90.3139 13 -61.3678
vt 90.3139 61.3678
v 90.7186 13 -61.3022
vt 90.7186 61.3022
v 90.8592 13 -61.026
vt 90.8592 61.026
v 90.9892 13 -61.026
vt 90.9892 61.026
v 90.9892 13 -60.596
vt 90.9892 60.596
v 91.3069 13 -60.3697
vt 91.3069 60.3697
v 91.7321 13 -60.3058
vt 91.7321 60.3058
v 91.8603 13 -60.0457
vt 91.8603 60.0457
v 92.0903 13 -60.0457
vt 92.0903 60.0457
v 92.2664 13 -59.7666
vt 92.2664 59.7666
v 92.3464 13 -59.7666
vt 92.3464 59.7666
v 92.3464 13 -59.3766
vt 92.3464 59.3766
v 92.5108 13 -59.3032
vt 92.5108 59.3032
v 92.7208 13 -59.3032
vt 92.7208 59.3032
v 92.8773 13 -59.0357
vt 92.8773 59.0357
v 93.9673 13 -59.0357
vt 93.9673 59.0357
v 93.9673 13 -58.6157
vt 93.9673 58.6157
v 94.0593 13 -58.5386
vt 94.0593 58.5386
v 94.1793 13 -58.5386
vt 94.1793 58.5386
v 94.2831 13 -58.3795
vt 94.2831 58.3795
v 94.7259 13 -58.2995
vt 94.7259 58.2995
v 94.8732 13 -58.0496
vt 94.8732 58.0496
v 94.9816 13 -58.0496
vt 94.9816 58.0496
v 94.9816 13 -51.0296
vt 94.9816 51.0296
v 94.6316 13 -51.0296
vt 94.6316 51.0296
v 93.9859 13 -50.3939
vt 93.9859 50.3939
v 93.9859 13 -50.015
vt 93.9859 50.015
v 93.9859 13 -43.985
vt 93.9859 43.985
v 101.004 13 -43.985
vt 101.004 43.985
v 101.004 13 -53.025
vt 101.004 53.025
v 101.004 13 -55.9943
vt 101.004 55.9943
v 102.004 13 -55.9943
vt 102.004 55.9943
v 102.004 13 -53.025
vt 102.004 53.025
v 102.004 13 -43.985
vt 102.004 43.985
v 103.034 13 -43.985
vt 103.034 43.985
v 103.034 13 -42.9975
vt 103.034 42.9975
v 104.994 13 -42.9975
vt 104.994 42.9975
v 104.994 13 -45.0476
vt 104.994 45.0476
v 105.458 13 -45.1248
vt 105.458 45.1248
v 105.567 13 -45.2683
vt 105.567 45.2683
v 105.567 13 -45.4983
vt 105.567 45.4983
v 105.946 13 -45.6782
vt 105.946 45.6782
v 106.043 13 -45.9935
vt 106.043 45.9935
v 119.983 13 -45.9935
vt 119.983 45.9935
v 119.983 13 -50.0335
vt 119.983 50.0335
v 113.993 13 -50.0335
vt 113.993 50.0335
v 113.993 13 -62.0935
vt 113.993 62.0935
v 126.013 13 -62.0935
vt 126.013 62.0935
v 126.013 13 -50.0335
vt 126.013 50.0335
v 120.983 13 -50.0335
vt 120.983 50.0335
v 120.983 13 -45.9935
vt 120.983 45.9935
v 126.022 13 -45.9935
vt 126.022 45.9935
v 126.022 13 -34.0235
vt 126.022 34.0235
v 104.992 13 -34.0235
vt 104.992 34.0235
v 104.992 13 -39.9735
vt 104.992 39.9735
v 103.022 13 -39.9735
vt 103.022 39.9735
v 103.022 13 -32.0035
vt 103.022 32.0035
v 112.024 13 -32.0035
vt 112.024 32.0035
v 126.962 13 -32.0035
vt 126.962 32.0035
v 126.962 13 -64
vt 126.962 64
v 113.022 13 -64
vt 113.022 64
v 113.022 13 -48
vt 113.022 48
v 105.982 13 -48
vt 105.982 48
v 105.982 13 -57.99
vt 105.982 57.99
v 96.0021 13 -57.99
vt 96.0021 57.99
v 96.0021 13 -64
vt 96.0021 64
v -128 13 -64
vt -128 64
v -128 13 -32
vt -128 32
v -98.0317 13 -31.9991
vt -98.0317 31.9991
v -96.0017 13 -31.9991
vt -96.0017 31.9991
v -96.0017 13 -11.5291
vt -96.0017 11.5291
v -95.8317 13 -11.5291
vt -95.8317 11.5291
v -95.6751 13 -11.3091
vt -95.6751 11.3091
v -95.251 13 -11.2385
vt -95.251 11.2385
v -95.1082 13 -10.9861
vt -95.1082 10.9861
v -94.9782 13 -10.9861
vt -94.9782 10.9861
v -94.8218 13 -11.1409
vt -94.8218 11.1409
v -94.5818 13 -11.1409
vt -94.5818 11.1409
v -94.4335 13 -11.2895
vt -94.4335 11.2895
v -94.4335 13 -11.4995
vt -94.4335 11.4995
v -94.0803 13 -11.6873
vt -94.0803 11.6873
v -93.9898 13 -12.0666
vt -93.9898 12.0666
v -93.5893 13 -12.1545
vt -93.5893 12.1545
v -93.4494 13 -12.283
vt -93.4494 12.283
v -93.4494 13 -12.503
vt -93.4494 12.503
v -93.1127 13 -12.6566
vt -93.1127 12.6566
v -92.6868 13 -12.3412
vt -92.6868 12.3412
v -92.2595 13 -12.2364
vt -92.2595 12.2364
v -92.1178 13 -11.9834
vt -92.1178 11.9834
v -91.9978 13 -11.9834
vt -91.9978 11.9834
v -91.9978 13 -11.5634
vt -91.9978 11.5634
v -91.6733 13 -11.2967
vt -91.6733 11.2967
v -91.2487 13 -11.229
vt -91.2487 11.229
v -91.1121 13 -10.9961
vt -91.1121 10.9961
v -91.0121 13 -10.9961
vt -91.0121 10.9961
v -91.0121 13 -10.5761
vt -91.0121 10.5761
v -90.6583 13 -10.3317
vt -90.6583 10.3317
v -90.2764 13 -10.2525
vt -90.2764 10.2525
v -90.1105 13 -9.97889
vt -90.1105 9.97889
v -89.0205 13 -9.97889
vt -89.0205 9.97889
v -89.0205 13 -10.9961
vt -89.0205 10.9961
v -89.0205 13 -17.9885
vt -89.0205 17.9885
v -93.9894 13 -17.9885
vt -93.9894 17.9885
v -93.9894 13 -29.9985
vt -93.9894 29.9985
v -81.9894 13 -29.9985
vt -81.9894 29.9985
v -81.9894 13 -17.9885
vt -81.9894 17.9885
v -88.0205 13 -17.9885
vt -88.0205 17.9885
v -88.0205 13 -10.9961
vt -88.0205 10.9961
v -87.5904 13 -11.1283
vt -87.5904 11.1283
v -87.4248 13 -11.2732
vt -87.4248 11.2732
v -87.4248 13 -11.5132
vt -87.4248 11.5132
v -87.0636 13 -11.7071
vt -87.0636 11.7071
v -87.0636 13 -14.0641
vt -87.0636 14.0641
v -86.5602 13 -14.1456
vt -86.5602 14.1456
v -86.4304 13 -14.2704
vt -86.4304 14.2704
v -86.4304 13 -14.4904
vt -86.4304 14.4904
v -86.0663 13 -14.6996
vt -86.0663 14.6996
v -85.9027 13 -14.4975
vt -85.9027 14.4975
v -85.8227 13 -14.4975
vt -85.8227 14.4975
v -85.6609 13 -14.3069
vt -85.6609 14.3069
v -85.2487 13 -14.2267
vt -85.2487 14.2267
v -85.1087 13 -13.9842
vt -85.1087 13.9842
v -84.9887 13 -13.9842
vt -84.9887 13.9842
v -84.9887 13 -11.5742
vt -84.9887 11.5742
v -84.6533 13 -11.3051
vt -84.6533 11.3051
v -84.2341 13 -11.3051
vt -84.2341 11.3051
v -83.4467 13 -10.2581
vt -83.4467 10.2581
v -83.2467 13 -10.2581
vt -83.2467 10.2581
v -83.1107 13 -10.0134
vt -83.1107 10.0134
v -82.9907 13 -10.0134
vt -82.9907 10.0134
v -82.9907 13 -9.5734
vt -82.9907 9.5734
v -82.8077 13 -9.47029
vt -82.8077 9.47029
v -82.645 13 -9.29392
vt -82.645 9.29392
v -82.2314 13 -9.2205
vt -82.2314 9.2205
v -82.1209 13 -8.99627
vt -82.1209 8.99627
v -79.0609 13 -8.99627
vt -79.0609 8.99627
v -78.5736 13 -9.1466
vt -78.5736 9.1466
v -78.4488 13 -9.2621
vt -78.4488 9.2621
v -78.4488 13 -9.4921
vt -78.4488 9.4921
v -77.9863 13 -9.77084
vt -77.9863 9.77084
v -77.9863 13 -14.0057
vt -77.9863 14.0057
v -73.9963 13 -14.0057
vt -73.9963 14.0057
v -73.9963 13 -18.0091
vt -73.9963 18.0091
v -78.0774 13 -18.0091
vt -78.0774 18.0091
v -78.0774 13 -18.3648
vt -78.0774 18.3648
v -78.2012 13 -18.5704
vt -78.2012 18.5704
v -78.4312 13 -18.5704
vt -78.4312 18.5704
v -78.6997 13 -18.9562
vt -78.6997 18.9562
v -78.9997 13 -18.9562
vt -78.9997 18.9562
v -78.9997 13 -29.0462
vt -78.9997 29.0462
v -78.595 13 -29.1231
vt -78.595 29.1231
v -78.4766 13 -29.2451
vt -78.4766 29.2451
v -78.4766 13 -29.4648
vt -78.4766 29.4648
v -78.0823 13 -29.6815
vt -78.0823 29.6815
v -77.9827 13 -29.8193
vt -77.9827 29.8193
v -77.9827 13 -29.9893
vt -77.9827 29.9893
v -72.0227 13 -29.9893
vt -72.0227 29.9893
v -72.0227 13 -29.5893
vt -72.0227 29.5893
v -71.6896 13 -29.3501
vt -71.6896 29.3501
v -71.2875 13 -29.27
vt -71.2875 29.27
v -71.1312 13 -29.0023
vt -71.1312 29.0023
v -71.0112 13 -29.0023
vt -71.0112 29.0023
v -71.0112 13 -19.0123
vt -71.0112 19.0123
v -71.3581 13 -19.0123
vt -71.3581 19.0123
v -71.6255 13 -18.7566
vt -71.6255 18.7566
v -71.7067 13 -18.4991
vt -71.7067 18.4991
v -71.8067 13 -18.4991
vt -71.8067 18.4991
v -71.9387 13 -18.3624
vt -71.9387 18.3624
f 1195/2574/270 1196/2575/270 1197/2576/270 1198/2577/270 1199/2578/270 1200/2579/270 1201/2580/270 1202/2581/270 1203/2582/270 1204/2583/270 1205/2584/270 1206/2585/270 1207/2586/270 1208/2587/270 1209/2588/270 1210/2589/270 1211/2590/270 1212/2591/270 1213/2592/270 1214/2593/270 1215/2594/270 1216/2595/270 1217/2596/270 1218/2597/270 1219/2598/270 1220/2599/270 1221/2600/270 1222/2601/270 1223/2602/270 1224/2603/270 1225/2604/270 1226/2605/270 1227/2606/270 1228/2607/270 1229/2608/270 1230/2609/270 1231/2610/270 1232/2611/270 1233/2612/270 1234/2613/270 1235/2614/270 1236/2615/270 1237/2616/270 1238/2617/270 1239/2618/270 1240/2619/270 1241/2620/270 1242/2621/270 1243/2622/270 1244/2623/270 1245/2624/270 1246/2625/270 1247/2626/270 1248/2627/270 1249/2628/270 1250/2629/270 1251/2630/270 1252/2631/270 1253/2632/270 1254/2633/270 1114/2634/270 1113/2635/270 1115/2636/270 1116/2637/270 1117/2638/270 1118/2639/270 1119/2640/270 1120/2641/270 1121/2642/270 1122/2643/270 1123/2644/270 1124/2645/270 1125/2646/270 1126/2647/270 1127/2648/270 1128/2649/270 1129/2650/270 1130/2651/270 1132/2652/270 1194/2653/270 1193/2654/270 1192/2655/270 1191/2656/270 1190/2657/270 1189/2658/270 1188/2659/270 1187/2660/270 1186/2661/270 1185/2662/270 1184/2663/270 1183/2664/270 1182/2665/270 1181/2666/270 1180/2667/270 1179/2668/270 1178/2669/270 1177/2670/270 1176/2671/270 1175/2672/270 1174/2673/270 1173/2674/270 1172/2675/270 1171/2676/270 1170/2677/270 1169/2678/270 1168/2679/270 1167/2680/270 1166/2681/270 1165/2682/270 653/2683/270 652/2684/270 654/2685/270 655/2686/270 656/2687/270 657/2688/270 658/2689/270 659/2690/270 660/2691/270 661/2692/270 662/2693/270 663/2694/270 664/2695/270 665/2696/270 666/2697/270 667/2698/270 668/2699/270 669/2700/270 670/2701/270 671/2702/270 672/2703/270 673/2704/270 674/2705/270 675/2706/270 676/2707/270 677/2708/270 678/2709/270 679/2710/270 680/2711/270 681/2712/270 682/2713/270 683/2714/270 684/2715/270 685/2716/270 686/2717/270 687/2718/270 688/2719/270 689/2720/270 690/2721/270 691/2722/270 692/2723/270 693/2724/270 694/2725/270 695/2726/270 696/2727/270 697/2728/270 698/2729/270 699/2730/270 700/2731/270 701/2732/270 702/2733/270 703/2734/270 704/2735/270 705/2736/270 706/2737/270 707/2738/270 708/2739/270 709/2740/270 710/2741/270 711/2742/270 712/2743/270 713/2744/270 714/2745/270 715/2746/270 716/2747/270 717/2748/270 718/2749/270 719/2750/270 720/2751/270 721/2752/270 722/2753/270 723/2754/270 724/2755/270 725/2756/270 726/2757/270 727/2758/270 728/2759/270 729/2760/270 730/2761/270 731/2762/270 732/2763/270 733/2764/270 734/2765/270 735/2766/270 736/2767/270 737/2768/270 738/2769/270 739/2770/270 740/2771/270 741/2772/270 742/2773/270 743/2774/270 744/2775/270 745/2776/270 746/2777/270 747/2778/270 748/2779/270 749/2780/270 750/2781/270 751/2782/270 752/2783/270 753/2784/270 754/2785/270 755/2786/270 756/2787/270 757/2788/270 758/2789/270 759/2790/270 760/2791/270 761/2792/270 762/2793/270 763/2794/270 764/2795/270 765/2796/270 766/2797/270 767/2798/270 768/2799/270 769/2800/270 770/2801/270 772/2802/270 1255/2803/270 1256/2804/270 1257/2805/270 1258/2806/270 1259/2807/270 1260/2808/270 1261/2809/270 1262/2810/270 1263/2811/270 1264/2812/270 1265/2813/270 1266/2814/270 1267/2815/270 1268/2816/270 1269/2817/270 1270/2818/270 1271/2819/270 1272/2820/270 1273/2821/270 1274/2822/270 1275/2823/270 1276/2824/270 1277/2825/270 1278/2826/270 1279/2827/270 1280/2828/270 1281/2829/270 1282/2830/270 1283/2831/270 1284/2832/270 1285/2833/270 1286/2834/270 1287/2835/270 1288/2836/270 1289/2837/270 1290/2838/270 1291/2839/270 1292/2840/270 1293/2841/270 1294/2842/270 1295/2843/270 1296/2844/270 1297/2845/270 1298/2846/270 1299/2847/270 1300/2848/270 1301/2849/270 1302/2850/270 1303/2851/270 1304/2852/270 1305/2853/270 1306/2854/270 1307/2855/270 1308/2856/270 1309/2857/270 1310/2858/270 1311/2859/270 1312/2860/270 1313/2861/270 1314/2862/270 1315/2863/270 1316/2864/270 1317/2865/270 1318/2866/270 1319/2867/270 1320/2868/270 1321/2869/270 1322/2870/270 1323/2871/270 1324/2872/270 1325/2873/270 1326/2874/270 1327/2875/270 1328/2876/270 1329/2877/270 1330/2878/270 1331/2879/270 1332/2880/270 1333/2881/270 1334/2882/270 1335/2883/270 1336/2884/270 1337/2885/270 1338/2886/270 1339/2887/270 1340/2888/270 1341/2889/270 1342/2890/270 1343/2891/270 1344/2892/270 1345/2893/270 1346/2894/270 1347/2895/270 1348/2896/270 1349/2897/270 1350/2898/270 1351/2899/270 1352/2900/270 1353/2901/270 1354/2902/270 1355/2903/270 1356/2904/270 1357/2905/270 1358/2906/270 1359/2907/270 1360/2908/270 1361/2909/270 1362/2910/270 1363/2911/270 1364/2912/270 1365/2913/270 1366/2914/270 1367/2915/270 1368/2916/270 1369/2917/270 1370/2918/270 1371/2919/270 1372/2920/270 1373/2921/270 1374/2922/270 1375/2923/270 1376/2924/270 1377/2925/270 1378/2926/270 1379/2927/270 1380/2928/270 1381/2929/270 1382/2930/270 1383/2931/270 1384/2932/270 1385/2933/270 1386/2934/270 1387/2935/270 1388/2936/270 1389/2937/270 1390/2938/270 1391/2939/270 1392/2940/270 1393/2941/270 1394/2942/270 1395/2943/270 1396/2944/270 1397/2945/270 1398/2946/270 1399/2947/270 1400/2948/270 1401/2949/270 1402/2950/270 1403/2951/270 1404/2952/270 1405/2953/270 1406/2954/270 1407/2955/270 1408/2956/270 1409/2957/270 1410/2958/270 1411/2959/270 1412/2960/270 1413/2961/270 1414/2962/270 1415/2963/270 1416/2964/270 1417/2965/270 1418/2966/270 1419/2967/270 1420/2968/270 1421/2969/270 1422/2970/270 1423/2971/270 1424/2972/270 1425/2973/270 1426/2974/270 1427/2975/270 1428/2976/270 1429/2977/270 1430/2978/270 1431/2979/270 1432/2980/270 1433/2981/270 1434/2982/270 1435/2983/270 1436/2984/270 1437/2985/270 1438/2986/270 1439/2987/270 1440/2988/270 1441/2989/270 1442/2990/270 1443/2991/270 1444/2992/270 1445/2993/270 1446/2994/270 1447/2995/270 1448/2996/270 1449/2997/270 1450/2998/270 1451/2999/270 1452/3000/270 1453/3001/270 1454/3002/270 1455/3003/270 1456/3004/270 1457/3005/270 1458/3006/270 1459/3007/270 1460/3008/270 1461/3009/270 1462/3010/270 1463/3011/270 1464/3012/270 1465/3013/270 1466/3014/270 1467/3015/270 1468/3016/270 1469/3017/270 1470/3018/270 1471/3019/270 1472/3020/270 1473/3021/270 1474/3022/270 1475/3023/270 1476/3024/270 1477/3025/270 1478/3026/270 1479/3027/270 1480/3028/270 1481/3029/270 1482/3030/270 1483/3031/270 1484/3032/270 1485/3033/270 1486/3034/270 1487/3035/270 1488/3036/270 1489/3037/270 1490/3038/270 1491/3039/270 1492/3040/270 1493/3041/270 1494/3042/270 1495/3043/270 1496/3044/270 1497/3045/270 1498/3046/270 1499/3047/270 1500/3048/270 1501/3049/270 1502/3050/270 1503/3051/270 1504/3052/270 1505/3053/270 1506/3054/270 1507/3055/270 1508/3056/270 1509/3057/270 1510/3058/270 1511/3059/270 1512/3060/270 1513/3061/270 1514/3062/270 1515/3063/270 1516/3064/270 1517/3065/270 1518/3066/270 1519/3067/270 1520/3068/270 1521/3069/270 1522/3070/270 1523/3071/270 1524/3072/270 1525/3073/270 1526/3074/270 1527/3075/270 1528/3076/270 1529/3077/270 1530/3078/270 1531/3079/270 1532/3080/270 1533/3081/270 1534/3082/270 1535/3083/270 1536/3084/270 1537/3085/270 1538/3086/270 1539/3087/270 1540/3088/270 1541/3089/270 1542/3090/270 1543/3091/270 1544/3092/270 1545/3093/270 1546/3094/270 1547/3095/270 1548/3096/270 1549/3097/270 1550/3098/270 1551/3099/270 1552/3100/270 1553/3101/270 1554/3102/270 1555/3103/270 1556/3104/270 1557/3105/270 1558/3106/270 1559/3107/270 1560/3108/270 1561/3109/270 1562/3110/270 1563/3111/270 1564/3112/270 1565/3113/270 1566/3114/270 1567/3115/270 1568/3116/270 1569/3117/270 1570/3118/270 1571/3119/270 1572/3120/270 1573/3121/270 1574/3122/270 1575/3123/270 1576/3124/270 1577/3125/270 1578/3126/270 1579/3127/270 1580/3128/270 1581/3129/270 1582/3130/270 1583/3131/270 1584/3132/270 1585/3133/270 1586/3134/270 1587/3135/270 1588/3136/270 1589/3137/270 1590/3138/270 1591/3139/270 1592/3140/270 1593/3141/270 1594/3142/270 1595/3143/270 1596/3144/270 1597/3145/270 1598/3146/270 1599/3147/270 1600/3148/270 1601/3149/270 1602/3150/270 1603/3151/270 1604/3152/270 1605/3153/270 1606/3154/270 1607/3155/270 1608/3156/270 1609/3157/270 1610/3158/270 1611/3159/270 1612/3160/270 1613/3161/270 1614/3162/270 1615/3163/270 1616/3164/270 1617/3165/270 1618/3166/270 1619/3167/270 1620/3168/270 1621/3169/270 1622/3170/270 1623/3171/270 1624/3172/270 1625/3173/270 1626/3174/270 1627/3175/270 1628/3176/270 1629/3177/270 1630/3178/270 1631/3179/270 1632/3180/270 1633/3181/270 1634/3182/270 1635/3183/270 1636/3184/270 1637/3185/270 1638/3186/270 1639/3187/270 1640/3188/270 1641/3189/270 1642/3190/270 1643/3191/270 1644/3192/270 1645/3193/270 1646/3194/270 1647/3195/270 1648/3196/270 1649/3197/270 1650/3198/270 1651/3199/270 1652/3200/270 1653/3201/270 1654/3202/270 1655/3203/270 1656/3204/270 1657/3205/270 1658/3206/270 1659/3207/270 1660/3208/270 1661/3209/270 1662/3210/270 1663/3211/270 1664/3212/270 1665/3213/270 1666/3214/270 1667/3215/270 1668/3216/270 1669/3217/270 1670/3218/270 1671/3219/270 1672/3220/270 1673/3221/270 1674/3222/270 1675/3223/270 1676/3224/270 1677/3225/270 1678/3226/270 1679/3227/270 1680/3228/270 1681/3229/270 1682/3230/270 1683/3231/270 1684/3232/270 1685/3233/270 1686/3234/270 1687/3235/270 1688/3236/270 1689/3237/270 1690/3238/270 1691/3239/270 1692/3240/270 1693/3241/270 1694/3242/270 1695/3243/270 1696/3244/270 1697/3245/270 1698/3246/270 1699/3247/270 1700/3248/270 1701/3249/270 1702/3250/270 1703/3251/270 1704/3252/270 1705/3253/270 1706/3254/270 1707/3255/270 1708/3256/270 1709/3257/270 1710/3258/270 1711/3259/270 1712/3260/270 1713/3261/270 1714/3262/270 1715/3263/270 1716/3264/270 1717/3265/270 1718/3266/270 1719/3267/270 1720/3268/270 1721/3269/270 1722/3270/270 1723/3271/270 1724/3272/270 1725/3273/270 1726/3274/270 1727/3275/270 1728/3276/270 1729/3277/270 1730/3278/270 1731/3279/270 1732/3280/270 1733/3281/270 1734/3282/270 1735/3283/270 1736/3284/270 1737/3285/270 1738/3286/270 1739/3287/270 1740/3288/270 1741/3289/270 1742/3290/270 1743/3291/270 1744/3292/270 1745/3293/270 1746/3294/270 1747/3295/270 1748/3296/270 1749/3297/270 1750/3298/270 1751/3299/270 1752/3300/270 1753/3301/270 1754/3302/270 1755/3303/270 1756/3304/270 1757/3305/270 1758/3306/270 1759/3307/270 1760/3308/270 1761/3309/270 1762/3310/270 1763/3311/270 1764/3312/270 1765/3313/270 1766/3314/270 1767/3315/270 1768/3316/270 1769/3317/270 1770/3318/270 1771/3319/270 1772/3320/270 1773/3321/270 1774/3322/270 1775/3323/270 1776/3324/270 1777/3325/270 1778/3326/270 1779/3327/270 1780/3328/270 1781/3329/270 1782/3330/270 1783/3331/270 1784/3332/270 1785/3333/270 1786/3334/270 1787/3335/270 1788/3336/270 1789/3337/270 1790/3338/270 1791/3339/270 1792/3340/270 1793/3341/270 1794/3342/270 1795/3343/270 1796/3344/270 1797/3345/270 1798/3346/270 1799/3347/270 1800/3348/270 1801/3349/270 1802/3350/270 1803/3351/270 1804/3352/270 1805/3353/270 1806/3354/270 1807/3355/270 1808/3356/270 1809/3357/270 1810/3358/270 1811/3359/270 1812/3360/270 1813/3361/270 1814/3362/270 1815/3363/270 1816/3364/270 1817/3365/270 1818/3366/270 1819/3367/270 1820/3368/270 1821/3369/270 1822/3370/270 1823/3371/270 1824/3372/270 1825/3373/270 1826/3374/270 1827/3375/270 1828/3376/270 1829/3377/270 1830/3378/270 1831/3379/270 1832/3380/270 1833/3381/270 1834/3382/270 1835/3383/270 1836/3384/270 1837/3385/270 1838/3386/270 1839/3387/270 1840/3388/270 1841/3389/270 1842/3390/270 1843/3391/270 1844/3392/270 1845/3393/270 1846/3394/270 1847/3395/270 1848/3396/270 1849/3397/270 1850/3398/270 1851/3399/270 1852/3400/270 1853/3401/270 1854/3402/270 1855/3403/270 1856/3404/270 1857/3405/270 1858/3406/270 1859/3407/270 1860/3408/270 1861/3409/270 1862/3410/270 1863/3411/270 1864/3412/270 1865/3413/270 1866/3414/270 1867/3415/270 1868/3416/270 1869/3417/270 1870/3418/270 1871/3419/270 1872/3420/270 1873/3421/270 1874/3422/270 1875/3423/270 1876/3424/270 1877/3425/270 1878/3426/270 1879/3427/270 1880/3428/270 1881/3429/270 1882/3430/270 1883/3431/270 1884/3432/270 1885/3433/270 1886/3434/270 1887/3435/270 1888/3436/270 1889/3437/270 1890/3438/270 1891/3439/270 1892/3440/270 1893/3441/270 1894/3442/270 1895/3443/270 1896/3444/270 1897/3445/270 1898/3446/270 1899/3447/270 1900/3448/270 1901/3449/270 1902/3450/270 1903/3451/270 1904/3452/270 1905/3453/270 1906/3454/270 1907/3455/270 1908/3456/270 1909/3457/270 1910/3458/270 1911/3459/270 1912/3460/270 1913/3461/270 1914/3462/270 1915/3463/270 1916/3464/270 1917/3465/270 1918/3466/270 1919/3467/270 1920/3468/270 1921/3469/270 1922/3470/270 1923/3471/270 1924/3472/270 1925/3473/270 1926/3474/270 1927/3475/270 1928/3476/270 1929/3477/270 1930/3478/270 1931/3479/270 1932/3480/270 1933/3481/270 1934/3482/270 1935/3483/270 1936/3484/270 1937/3485/270 1938/3486/270 1939/3487/270 1940/3488/270 1941/3489/270 1942/3490/270 1943/3491/270 1944/3492/270 1945/3493/270 1946/3494/270 1947/3495/270 1948/3496/270 1949/3497/270 1950/3498/270 1951/3499/270 1952/3500/270 1953/3501/270 1954/3502/270 1955/3503/270 1956/3504/270 1957/3505/270 1958/3506/270 1959/3507/270 1960/3508/270 1961/3509/270 1962/3510/270 1963/3511/270 1964/3512/270 1965/3513/270 1966/3514/270 1967/3515/270 1968/3516/270 1969/3517/270 1970/3518/270 1971/3519/270 1972/3520/270 1973/3521/270 1974/3522/270 1975/3523/270 1976/3524/270 1977/3525/270 1978/3526/270 1979/3527/270 1980/3528/270 1981/3529/270 1982/3530/270 1983/3531/270 1984/3532/270 1985/3533/270 1986/3534/270 1987/3535/270 1988/3536/270 1989/3537/270 1990/3538/270 1991/3539/270 1992/3540/270 1993/3541/270 1994/3542/270 1995/3543/270 1996/3544/270 1997/3545/270 1998/3546/270 1999/3547/270 2000/3548/270 2001/3549/270 2002/3550/270 2003/3551/270 2004/3552/270 2005/3553/270 2006/3554/270 2007/3555/270 2008/3556/270 2009/3557/270 2010/3558/270 2011/3559/270 2012/3560/270 2013/3561/270 2014/3562/270 2015/3563/270 2016/3564/270 2017/3565/270 2018/3566/270 2019/3567/270 2020/3568/270 2021/3569/270 2022/3570/270 2023/3571/270 2024/3572/270 2025/3573/270 2026/3574/270 2027/3575/270 2028/3576/270 2029/3577/270 2030/3578/270 2031/3579/270 2032/3580/270 2033/3581/270 2034/3582/270 2035/3583/270 2036/3584/270 2037/3585/270 2038/3586/270 2039/3587/270 2040/3588/270 2041/3589/270 2042/3590/270 2043/3591/270 2044/3592/270 2045/3593/270 2046/3594/270 2047/3595/270 2048/3596/270 2049/3597/270 2050/3598/270 2051/3599/270 2052/3600/270 2053/3601/270 2054/3602/270 2055/3603/270 2056/3604/270 2057/3605/270 2058/3606/270 2059/3607/270 2060/3608/270 2061/3609/270 2062/3610/270 2063/3611/270 2064/3612/270 2065/3613/270 2066/3614/270 2067/3615/270 2068/3616/270 2069/3617/270 2070/3618/270 2071/3619/270 2072/3620/270 2073/3621/270 2074/3622/270 2075/3623/270 2076/3624/270 2077/3625/270 2078/3626/270 2079/3627/270 2080/3628/270 2081/3629/270 2082/3630/270 2083/3631/270 2084/3632/270 2085/3633/270 2086/3634/270 2087/3635/270 2088/3636/270 2089/3637/270 2090/3638/270 2091/3639/270 2092/3640/270 2093/3641/270 2094/3642/270 2095/3643/270 2096/3644/270 2097/3645/270 2098/3646/270 2099/3647/270 2100/3648/270 2101/3649/270 2102/3650/270 2103/3651/270 2104/3652/270 2105/3653/270 2106/3654/270 2107/3655/270 2108/3656/270 2109/3657/270 2110/3658/270 2111/3659/270 2112/3660/270 2113/3661/270 2114/3662/270 2115/3663/270 2116/3664/270 2117/3665/270 2118/3666/270 2119/3667/270 2120/3668/270 2121/3669/270 2122/3670/270 2123/3671/270 2124/3672/270 2125/3673/270 2126/3674/270 2127/3675/270 2128/3676/270 2129/3677/270 2130/3678/270 2131/3679/270 2132/3680/270 2133/3681/270 2134/3682/270 2135/3683/270 2136/3684/270 2137/3685/270 2138/3686/270 2139/3687/270 2140/3688/270 2141/3689/270 2142/3690/270 2143/3691/270 2144/3692/270 2145/3693/270 2146/3694/270 2147/3695/270 2148/3696/270 2149/3697/270 2150/3698/270 2151/3699/270 2152/3700/270 2153/3701/270 2154/3702/270 2155/3703/270 2156/3704/270 2157/3705/270 2158/3706/270 2159/3707/270 2160/3708/270 2161/3709/270 2162/3710/270 2163/3711/270 2164/3712/270 2165/3713/270 2166/3714/270 2167/3715/270 2168/3716/270 2169/3717/270 2170/3718/270 2171/3719/270 2172/3720/270 2173/3721/270 2174/3722/270 2175/3723/270 2176/3724/270 2177/3725/270 2178/3726/270 2179/3727/270 2180/3728/270 2181/3729/270 2182/3730/270 2183/3731/270 2184/3732/270 2185/3733/270 2186/3734/270 2187/3735/270 2188/3736/270 2189/3737/270 2190/3738/270 2191/3739/270 2192/3740/270 2193/3741/270 2194/3742/270 2195/3743/270 2196/3744/270 2197/3745/270 2198/3746/270 2199/3747/270 2200/3748/270 2201/3749/270 2202/3750/270 2203/3751/270 2204/3752/270 2205/3753/270 2206/3754/270 2207/3755/270 2208/3756/270 2209/3757/270 2210/3758/270 2211/3759/270 2212/3760/270 2213/3761/270 2214/3762/270 2215/3763/270 2216/3764/270 2217/3765/270 2218/3766/270 2219/3767/270 2220/3768/270 2221/3769/270 2222/3770/270 2223/3771/270 2224/3772/270 2225/3773/270 2226/3774/270 2227/3775/270 2228/3776/270 2229/3777/270 2230/3778/270 2231/3779/270 2232/3780/270 2233/3781/270 2234/3782/270 2235/3783/270 2236/3784/270 2237/3785/270 2238/3786/270 2239/3787/270 2240/3788/270 2241/3789/270 2242/3790/270 2243/3791/270 2244/3792/270 2245/3793/270 2246/3794/270 2247/3795/270 2248/3796/270 2249/3797/270 2250/3798/270 2251/3799/270 2252/3800/270 2253/3801/270 2254/3802/270 2255/3803/270 2256/3804/270 2257/3805/270 2258/3806/270 2259/3807/270 2260/3808/270 2261/3809/270 2262/3810/270 2263/3811/270 2264/3812/270 2265/3813/270 2266/3814/270 2267/3815/270 2268/3816/270 2269/3817/270 2270/3818/270 2271/3819/270 2272/3820/270 2273/3821/270 2274/3822/270 2275/3823/270 2276/3824/270 2277/3825/270 2278/3826/270 2279/3827/270 2280/3828/270 2281/3829/270 2282/3830/270 2283/3831/270 2284/3832/270 2285/3833/270 2286/3834/270 2287/3835/270 2288/3836/270 2289/3837/270 2290/3838/270 2291/3839/270 2292/3840/270 2293/3841/270 2294/3842/270 2295/3843/270 2296/3844/270 2297/3845/270 2298/3846/270 2299/3847/270 2300/3848/270 2301/3849/270 2302/3850/270 2303/3851/270 2304/3852/270 2305/3853/270 2306/3854/270 2307/3855/270 2308/3856/270 2309/3857/270 2310/3858/270 2311/3859/270 2312/3860/270 2313/3861/270 2314/3862/270 2315/3863/270 2316/3864/270 2317/3865/270 2318/3866/270 2319/3867/270 2320/3868/270 2321/3869/270 2322/3870/270 2323/3871/270 2324/3872/270 2325/3873/270 2326/3874/270 2327/3875/270 2328/3876/270 2329/3877/270 2330/3878/270 2331/3879/270 2332/3880/270 2333/3881/270 2334/3882/270 2335/3883/270 2336/3884/270 2337/3885/270 2338/3886/270 2339/3887/270 2340/3888/270 2341/3889/270 2342/3890/270 2343/3891/270 2344/3892/270 2345/3893/270 2346/3894/270 2347/3895/270 2348/3896/270 2349/3897/270 2350/3898/270 2351/3899/270 2352/3900/270 2353/3901/270 2354/3902/270 2355/3903/270 2356/3904/270 2357/3905/270 2358/3906/270 2359/3907/270 2360/3908/270 2361/3909/270 2362/3910/270 2363/3911/270 2364/3912/270 2365/3913/270 2366/3914/270 2367/3915/270 2368/3916/270 2369/3917/270 2370/3918/270 2371/3919/270 2372/3920/270 2373/3921/270 2374/3922/270 2375/3923/270 2376/3924/270 2377/3925/270 2378/3926/270 2379/3927/270 2380/3928/270 2381/3929/270 2382/3930/270 2383/3931/270 2384/3932/270 2385/3933/270 2386/3934/270 2387/3935/270 2388/3936/270 2389/3937/270 2390/3938/270 2391/3939/270 2392/3940/270 2393/3941/270 2394/3942/270 2395/3943/270 2396/3944/270 

v -72.0074 1 -18.0091
vt 72.0074 1
v -72.9963 1 -18.0091
vt 72.9963 1
vt 72.9963 13
vt 72.0074 13
f 2397/3945/5 2398/3946/5 1196/3947/5 1195/3948/5 

usemtl Color_C02
v -73.9963 1 -18.0091
vt -2913.24 709.018
vn -1.6464e-17 1 -1.39971e-17
vt -2873.87 709.018
vt -2834.94 709.018
v -71.9387 1 -18.3624
vt -2832.23 722.93
v -71.8067 1 -18.4991
vt -2827.03 728.311
v -71.7067 1 -18.4991
vt -2823.1 728.311
v -71.6255 1 -18.7566
vt -2819.9 738.449
v -71.3581 1 -19.0123
vt -2809.37 748.518
v -71.0112 1 -19.0123
vt -2795.71 748.518
v -71.0112 1 -29.0023
vt -2795.71 1141.82
v -71.1312 1 -29.0023
vt -2800.44 1141.82
v -71.2875 1 -29.27
vt -2806.59 1152.36
v -71.6896 1 -29.3501
vt -2822.43 1155.52
v -72.0227 1 -29.5893
vt -2835.54 1164.93
v -72.0227 1 -29.9893
vt -2835.54 1180.68
v -77.9827 1 -29.9893
vt -3070.18 1180.68
v -77.9827 1 -29.8193
vt -3070.18 1173.99
v -78.0823 1 -29.6815
vt -3074.1 1168.56
v -78.4766 1 -29.4648
vt -3089.63 1160.03
v -78.4766 1 -29.2451
vt -3089.63 1151.38
v -78.595 1 -29.1231
vt -3094.29 1146.58
v -78.9997 1 -29.0462
vt -3110.22 1143.55
v -78.9997 1 -18.9562
vt -3110.22 746.306
v -78.6997 1 -18.9562
vt -3098.41 746.306
v -78.4312 1 -18.5704
vt -3087.84 731.119
v -78.2012 1 -18.5704
vt -3078.79 731.119
v -78.0774 1 -18.3648
vt -3073.91 723.023
v -78.0774 1 -18.0091
vt -3073.91 709.018
f 2399/3949/271 2398/3950/271 2397/3951/271 2400/3952/271 2401/3953/271 2402/3954/271 2403/3955/271 2404/3956/271 2405/3957/271 2406/3958/271 2407/3959/271 2408/3960/271 2409/3961/271 2410/3962/271 2411/3963/271 2412/3964/271 2413/3965/271 2414/3966/271 2415/3967/271 2416/3968/271 2417/3969/271 2418/3970/271 2419/3971/271 2420/3972/271 2421/3973/271 2422/3974/271 2423/3975/271 2424/3976/271 

usemtl FrontColor
vt -2873.87 39.3701
vt -2913.24 39.3701
v -73.9963 -1 -18.0091
vt -2913.24 -39.3701
v -72.9963 -1 -18.0091
vt -2873.87 -39.3701
f 2398/3977/7 2399/3978/7 2425/3979/7 2426/3980/7 

usemtl _4
vt 18.0091 13
vt 14.0057 13
v -73.9963 -1 -14.0057
vt 14.0057 -1
v -73.9963 -1.89 -14.0057
vt 14.0057 -1.89
v -73.9963 -1.89 -18.0091
vt 18.0091 -1.89
vt 18.0091 -1
vt 18.0091 1
f 2371/3981/1 2370/3982/1 2427/3983/1 2428/3984/1 2429/3985/1 2425/3986/1 2399/3987/1 

vt -77.9863 13
v -77.9863 -1 -14.0057
vt -77.9863 -1
vt -73.9963 -1
vt -73.9963 13
f 2369/3988/7 2430/3989/7 2427/3990/7 2370/3991/7 

vt 9.77084 13
v -77.9863 -1 -9.77084
vt 9.77084 -1
f 2368/3992/139 2431/3993/139 2430/3983/139 2369/3982/139 

vt -62.2904 13
vn 0.516177 1.17444e-19 0.856482
v -78.4488 -1 -9.4921
vt -62.2904 -1
vt -61.7504 -1
vt -61.7504 13
f 2367/3994/272 2432/3995/272 2431/3996/272 2368/3997/272 

vt 9.2621 13
v -78.4488 -1 -9.2621
vt 9.2621 -1
vt 9.4921 -1
vt 9.4921 13
f 2366/3998/139 2433/3999/139 2432/4000/139 2367/4001/139 

vt -51.4387 13
vn 0.679422 -3.65154e-20 0.733747
v -78.5736 -1 -9.1466
vt -51.4387 -1
vt -51.2687 -1
vt -51.2687 13
f 2365/4002/273 2434/4003/273 2433/4004/273 2366/4005/273 

vt -72.8965 13
vn 0.294763 2.9355e-19 0.955571
v -79.0609 -1 -8.99627
vt -72.8965 -1
vt -72.3865 -1
vt -72.3865 13
f 2364/4006/274 2435/4007/274 2434/4008/274 2365/4009/274 

vt -82.1209 13
v -82.1209 -1 -8.99627
vt -82.1209 -1
vt -79.0609 -1
vt -79.0609 13
f 2363/4010/140 2436/4011/140 2435/4012/140 2364/4013/140 

vt -44.6323 13
vn -0.896919 7.33189e-19 0.442194
v -82.2314 -1 -9.2205
vt -44.6323 -1
vt -44.3823 -1
vt -44.3823 13
f 2362/4014/275 2437/4015/275 2436/4016/275 2363/4017/275 

vt -82.9971 13
vn -0.174801 5.79093e-19 0.984604
v -82.645 -1 -9.29392
vt -82.9971 -1
vt -82.5771 -1
vt -82.5771 13
f 2361/4018/276 2438/4019/276 2437/4020/276 2362/4021/276 

vt -63.1197 13
vn -0.734878 7.541e-19 0.6782
v -82.8077 -1 -9.47029
vt -63.1197 -1
vt -62.8797 -1
vt -62.8797 13
f 2360/4022/277 2439/4023/277 2438/4024/277 2361/4025/277 

vt -76.9996 13
vn -0.490974 7.06796e-19 0.871174
v -82.9907 -1 -9.5734
vt -76.9996 -1
vt -76.7896 -1
vt -76.7896 13
f 2359/4026/278 2440/4027/278 2439/4028/278 2360/4029/278 

vt -10.0134 13
v -82.9907 -1 -10.0134
vt -10.0134 -1
vt -9.5734 -1
vt -9.5734 13
f 2358/4030/146 2441/4031/146 2440/4032/146 2359/4033/146 

vt -83.1107 13
v -83.1107 -1 -10.0134
vt -83.1107 -1
vt -82.9907 -1
vt -82.9907 13
f 2357/4034/140 2442/4035/140 2441/4036/140 2358/4037/140 

vt -49.4134 13
vn -0.874028 7.41163e-19 0.485875
v -83.2467 -1 -10.2581
vt -49.4134 -1
vt -49.1334 -1
vt -49.1334 13
f 2356/4038/279 2443/4039/279 2442/4040/279 2357/4041/279 

vt -83.4467 13
v -83.4467 -1 -10.2581
vt -83.4467 -1
vt -83.2467 -1
vt -83.2467 13
f 2355/4042/140 2444/4043/140 2443/4044/140 2356/4045/140 

vt -59.663 13
vn -0.799222 7.53832e-19 0.601035
v -84.2341 -1 -11.3051
vt -59.663 -1
vt -58.353 -1
vt -58.353 13
f 2354/4046/280 2445/4047/280 2444/4048/280 2355/4049/280 

vt -84.6533 13
v -84.6533 -1 -11.3051
vt -84.6533 -1
vt -84.2341 -1
vt -84.2341 13
f 2353/4050/140 2446/4051/140 2445/4052/140 2354/4053/140 

vt -73.5358 13
vn -0.625749 7.40452e-19 0.780025
v -84.9887 -1 -11.5742
vt -73.5358 -1
vt -73.1058 -1
vt -73.1058 13
f 2352/4054/281 2447/4055/281 2446/4056/281 2353/4057/281 

vt -13.9842 13
v -84.9887 -1 -13.9842
vt -13.9842 -1
vt -11.5742 -1
vt -11.5742 13
f 2351/4058/146 2448/4059/146 2447/4060/146 2352/4061/146 

vt -85.1087 13
v -85.1087 -1 -13.9842
vt -85.1087 -1
vt -84.9887 -1
vt -84.9887 13
f 2350/4062/140 2449/4063/140 2448/4064/140 2351/4065/140 

vt -54.9265 13
vn -0.866164 7.43359e-19 0.49976
v -85.2487 -1 -14.2267
vt -54.9265 -1
vt -54.6465 -1
vt -54.6465 13
f 2349/4066/282 2450/4067/282 2449/4068/282 2350/4069/282 

vt -86.8167 13
vn -0.190946 5.86968e-19 0.981601
v -85.6609 -1 -14.3069
vt -86.8167 -1
vt -86.3967 -1
vt -86.3967 13
f 2348/4070/283 2451/4071/283 2450/4072/283 2349/4073/283 

vt -66.5758 13
vn -0.762556 7.54915e-19 0.646923
v -85.8227 -1 -14.4975
vt -66.5758 -1
vt -66.3258 -1
vt -66.3258 13
f 2347/4074/284 2452/4075/284 2451/4076/284 2348/4077/284 

vt -85.9027 13
v -85.9027 -1 -14.4975
vt -85.9027 -1
vt -85.8227 -1
vt -85.8227 13
f 2346/4078/140 2453/4079/140 2452/4080/140 2347/4081/140 

vt -65.5821 13
vn -0.7772 7.54802e-19 0.629254
v -86.0663 -1 -14.6996
vt -65.5821 -1
vt -65.3221 -1
vt -65.3221 13
f 2345/4082/285 2454/4083/285 2453/4084/285 2346/4085/285 

vt -67.7253 13
vn 0.498141 1.33024e-19 0.867096
v -86.4304 -1 -14.4904
vt -67.7253 -1
vt -67.3053 -1
vt -67.3053 13
f 2344/4086/286 2455/4087/286 2454/4088/286 2345/4089/286 

vt 14.2704 13
v -86.4304 -1 -14.2704
vt 14.2704 -1
vt 14.4904 -1
vt 14.4904 13
f 2343/4090/139 2456/4091/139 2455/4092/139 2344/4093/139 

vt -52.5731 13
vn 0.693292 -5.08892e-20 0.720657
v -86.5602 -1 -14.1456
vt -52.5731 -1
vt -52.3931 -1
vt -52.3931 13
f 2342/4094/287 2457/4095/287 2456/4096/287 2343/4097/287 

vt -83.695 13
vn 0.159883 3.86847e-19 0.987136
v -87.0636 -1 -14.0641
vt -83.695 -1
vt -83.185 -1
vt -83.185 13
f 2341/4098/288 2458/4099/288 2457/4100/288 2342/4101/288 

vt 11.7071 13
v -87.0636 -1 -11.7071
vt 11.7071 -1
vt 14.0641 -1
vt 14.0641 13
f 2340/4102/139 2459/4103/139 2458/4104/139 2341/4105/139 

vt -71.5808 13
vn 0.473003 1.54336e-19 0.881061
v -87.4248 -1 -11.5132
vt -71.5808 -1
vt -71.1708 -1
vt -71.1708 13
f 2339/4106/289 2460/4107/289 2459/4108/289 2340/4109/289 

vt 11.2732 13
v -87.4248 -1 -11.2732
vt 11.2732 -1
vt 11.5132 -1
vt 11.5132 13
f 2338/4110/139 2461/4111/139 2460/4112/139 2339/4113/139 

vt -58.5801 13
vn 0.658623 -1.54002e-20 0.752473
v -87.5904 -1 -11.1283
vt -58.5801 -1
vt -58.3601 -1
vt -58.3601 13
f 2337/4114/290 2462/4115/290 2461/4116/290 2338/4117/290 

vt -80.9051 13
vn 0.293806 2.94246e-19 0.955865
v -88.0205 -1 -10.9961
vt -80.9051 -1
vt -80.4551 -1
vt -80.4551 13
f 2336/4118/291 2463/4119/291 2462/4120/291 2337/4121/291 

vt -10.9961 13
vt -17.9885 13
v -88.0205 2.50259 -17.9885
vt -17.9885 2.50259
v -88.0205 -1.75 -17.9885
vt -17.9885 -1.75
v -88.0205 -1.75 -10.9961
vt -10.9961 -1.75
vt -10.9961 -1
f 2336/4122/3 2335/4123/3 2464/4124/3 2465/4125/3 2466/4126/3 2463/4127/3 

v -81.9894 2.50259 -17.9885
vt 81.9894 2.50259
vt 88.0205 2.50259
vt 88.0205 13
vt 81.9894 13
f 2467/4128/5 2464/4129/5 2335/4130/5 2334/4131/5 

usemtl Color_C02
v -89.0205 2.50259 -17.9885
vt -3504.74 708.21
vn 1.52689e-17 1 -5.97716e-17
vt -3465.37 708.21
vt -3227.93 708.21
v -81.9894 2.50259 -29.9985
vt -3227.93 1181.04
v -93.9894 2.50259 -29.9985
vt -3700.37 1181.04
v -93.9894 2.50259 -17.9885
vt -3700.37 708.21
f 2468/4132/292 2464/4133/292 2467/4134/292 2469/4135/292 2470/4136/292 2471/4137/292 

usemtl FrontColor
vt -3465.37 98.5273
vt -3504.74 98.5273
v -89.0205 -1.75 -17.9885
vt -3504.74 -68.8976
vt -3465.37 -68.8976
f 2464/4138/7 2468/4139/7 2472/4140/7 2465/4141/7 

usemtl _4
vt 17.9885 13
vt 10.9961 13
v -89.0205 -1 -10.9961
vt 10.9961 -1
v -89.0205 -1.75 -10.9961
vt 10.9961 -1.75
vt 17.9885 -1.75
vt 17.9885 2.50259
f 2330/4142/1 2329/4143/1 2473/4144/1 2474/4145/1 2472/4146/1 2468/4147/1 

vt 9.97889 13
v -89.0205 -1 -9.97889
vt 9.97889 -1
f 2328/4148/139 2475/4149/139 2473/4144/139 2329/4143/139 

vt -90.1105 13
v -90.1105 -1 -9.97889
vt -90.1105 -1
vt -89.0205 -1
vt -89.0205 13
f 2327/4150/140 2476/4151/140 2475/4152/140 2328/4153/140 

vt -55.5682 13
vn -0.855127 7.46037e-19 0.518419
v -90.2764 -1 -10.2525
vt -55.5682 -1
vt -55.2482 -1
vt -55.2482 13
f 2326/4154/293 2477/4155/293 2476/4156/293 2327/4157/293 

vt -90.8673 13
vn -0.203084 5.92801e-19 0.979161
v -90.6583 -1 -10.3317
vt -90.8673 -1
vt -90.4773 -1
vt -90.4773 13
f 2325/4158/294 2478/4159/294 2477/4160/294 2326/4161/294 

vt -80.9033 13
vn -0.568181 7.27992e-19 0.822904
v -91.0121 -1 -10.5761
vt -80.9033 -1
vt -80.4733 -1
vt -80.4733 13
f 2324/4162/295 2479/4163/295 2478/4164/295 2325/4165/295 

v -91.0121 -1 -10.9961
vt -10.5761 -1
vt -10.5761 13
f 2323/4122/146 2480/4127/146 2479/4166/146 2324/4167/146 

vt -91.1121 13
v -91.1121 -1 -10.9961
vt -91.1121 -1
vt -91.0121 -1
vt -91.0121 13
f 2322/4168/140 2481/4169/140 2480/4170/140 2323/4171/140 

vt -55.8402 13
vn -0.862652 7.4426e-19 0.505799
v -91.2487 -1 -11.229
vt -55.8402 -1
vt -55.5702 -1
vt -55.5702 13
f 2321/4172/296 2482/4173/296 2481/4174/296 2322/4175/296 

vt -92.3083 13
vn -0.157538 5.70526e-19 0.987513
v -91.6733 -1 -11.2967
vt -92.3083 -1
vt -91.8783 -1
vt -91.8783 13
f 2320/4176/297 2483/4177/297 2482/4178/297 2321/4179/297 

vt -78.4207 13
vn -0.634866 7.42129e-19 0.772622
v -91.9978 -1 -11.5634
vt -78.4207 -1
vt -78.0007 -1
vt -78.0007 13
f 2319/4180/298 2484/4181/298 2483/4182/298 2320/4183/298 

vt -11.9834 13
v -91.9978 -1 -11.9834
vt -11.9834 -1
vt -11.5634 -1
vt -11.5634 13
f 2318/4184/146 2485/4185/146 2484/4186/146 2319/4187/146 

vt -92.1178 13
v -92.1178 -1 -11.9834
vt -92.1178 -1
vt -91.9978 -1
vt -91.9978 13
f 2317/4188/140 2486/4189/140 2485/4190/140 2318/4191/140 

vt -55.7356 13
vn -0.87263 7.41572e-19 0.488381
v -92.2595 -1 -12.2364
vt -55.7356 -1
vt -55.4456 -1
vt -55.4456 13
f 2316/4192/299 2487/4193/299 2486/4194/299 2317/4195/299 

vt -92.9602 13
vn -0.238049 6.09174e-19 0.971253
v -92.6868 -1 -12.3412
vt -92.9602 -1
vt -92.5202 -1
vt -92.5202 13
f 2315/4196/300 2488/4197/300 2487/4198/300 2316/4199/300 

vt -82.3594 13
vn -0.595148 7.34216e-19 0.803616
v -93.1127 -1 -12.6566
vt -82.3594 -1
vt -81.8294 -1
vt -81.8294 13
f 2314/4200/301 2489/4201/301 2488/4202/301 2315/4203/301 

vt -79.8329 13
vn 0.41501 2.01822e-19 0.909817
v -93.4494 -1 -12.503
vt -79.8329 -1
vt -79.4629 -1
vt -79.4629 13
f 2313/4204/302 2490/4205/302 2489/4206/302 2314/4207/302 

vt 12.283 13
v -93.4494 -1 -12.283
vt 12.283 -1
vt 12.503 -1
vt 12.503 13
f 2312/4208/139 2491/4209/139 2490/4210/139 2313/4211/139 

vt -60.7028 13
vn 0.676478 -3.34949e-20 0.736463
v -93.5893 -1 -12.1545
vt -60.7028 -1
vt -60.5128 -1
vt -60.5128 13
f 2311/4212/303 2492/4213/303 2491/4214/303 2312/4215/303 

vt -89.218 13
vn 0.214369 3.50308e-19 0.976753
v -93.9898 -1 -12.0666
vt -89.218 -1
vt -88.808 -1
vt -88.808 13
f 2310/4216/304 2493/4217/304 2492/4218/304 2311/4219/304 

vt -10.4669 13
vn 0.972694 -4.49616e-19 0.23209
v -94.0803 -1 -11.6873
vt -10.4669 -1
vt -10.0769 -1
vt -10.0769 13
f 2309/4220/305 2494/4221/305 2493/4222/305 2310/4223/305 

vt -77.9811 13
vn 0.469472 1.57293e-19 0.882948
v -94.4335 -1 -11.4995
vt -77.9811 -1
vt -77.5811 -1
vt -77.5811 13
f 2308/4224/306 2495/4225/306 2494/4226/306 2309/4227/306 

vt 11.2895 13
v -94.4335 -1 -11.2895
vt 11.2895 -1
vt 11.4995 -1
vt 11.4995 13
f 2307/4228/139 2496/4229/139 2495/4230/139 2308/4231/139 

vt -58.9427 13
vn 0.707665 -6.60475e-20 0.706548
v -94.5818 -1 -11.1409
vt -58.9427 -1
vt -58.7327 -1
vt -58.7327 13
f 2306/4232/307 2497/4233/307 2496/4234/307 2307/4235/307 

vt -94.8218 13
v -94.8218 -1 -11.1409
vt -94.8218 -1
vt -94.5818 -1
vt -94.5818 13
f 2305/4236/140 2498/4237/140 2497/4238/140 2306/4239/140 

vt -59.7813 13
vn 0.70341 -6.15316e-20 0.710784
v -94.9782 -1 -10.9861
vt -59.7813 -1
vt -59.5613 -1
vt -59.5613 13
f 2304/4240/308 2499/4241/308 2498/4242/308 2305/4243/308 

vt -95.1082 13
v -95.1082 -1 -10.9861
vt -95.1082 -1
vt -94.9782 -1
vt -94.9782 13
f 2303/4244/140 2500/4245/140 2499/4246/140 2304/4247/140 

vt -56.6683 13
vn -0.870464 7.4219e-19 0.492232
v -95.251 -1 -11.2385
vt -56.6683 -1
vt -56.3783 -1
vt -56.3783 13
f 2302/4248/309 2501/4249/309 2500/4250/309 2303/4251/309 

vt -96.2336 13
vn -0.164182 5.73841e-19 0.98643
v -95.6751 -1 -11.3091
vt -96.2336 -1
vt -95.8036 -1
vt -95.8036 13
f 2301/4252/310 2502/4253/310 2501/4254/310 2302/4255/310 

vt -64.9692 13
vn -0.814657 7.52514e-19 0.579943
v -95.8317 -1 -11.5291
vt -64.9692 -1
vt -64.6992 -1
vt -64.6992 13
f 2300/4256/311 2503/4257/311 2502/4258/311 2301/4259/311 

vt -96.0017 13
v -96.0017 -1 -11.5291
vt -96.0017 -1
vt -95.8317 -1
vt -95.8317 13
f 2299/4260/140 2504/4261/140 2503/4262/140 2300/4263/140 

vt -31.9991 13
v -96.0017 -1 -31.9991
vt -31.9991 -1
vt -11.5291 -1
vt -11.5291 13
f 2298/4264/146 2505/4265/146 2504/4266/146 2299/4267/146 

v -98.0317 3 -31.9991
vt -98.0317 3
v -98.0317 -2.16581e-15 -31.9991
vt -98.0317 -2.16581e-15
v -98.0317 -1 -31.9991
vt -98.0317 -1
vt -98.0317 13
f 2506/4268/7 2507/4269/7 2508/4270/7 2505/4261/7 2298/4260/7 2297/4271/7 

usemtl _5
v -98.0317 3 -29.9791
vt 29.9791 3
v -98.0317 -1 -29.9791
vt 29.9791 -1
vt 31.9991 -1
vt 31.9991 -2.16581e-15
vt 31.9991 3
f 2509/4272/1 2510/4273/1 2508/4274/1 2507/4275/1 2506/4276/1 

v -124.952 3 -29.9791
vt -124.952 3
v -124.952 -1 -29.9791
vt -124.952 -1
f 2511/4277/7 2512/4278/7 2510/4270/7 2509/4268/7 

v -125.082 3 -29.6653
vt -20.7699 3
vn 0.922942 0 0.38494
v -125.082 -1 -29.6653
vt -20.7699 -1
vt -20.4299 -1
vt -20.4299 3
f 2513/4279/312 2514/4280/312 2512/4281/312 2511/4282/312 

v -125.409 3 -29.4916
vt -96.8815 3
vn 0.4695 -1.6382e-18 0.882932
v -125.409 -1 -29.4916
vt -96.8815 -1
vt -96.5115 -1
vt -96.5115 3
f 2515/4283/313 2516/4284/313 2514/4285/313 2513/4286/313 

v -125.409 3 -29.2816
vt 29.2816 3
v -125.409 -1 -29.2816
vt 29.2816 -1
vt 29.4916 -1
vt 29.4916 3
f 2517/4287/1 2518/4288/1 2516/4289/1 2515/4290/1 

v -125.589 3 -29.0801
vt -61.9173 3
vn 0.746144 -1.4735e-18 0.665785
v -125.589 -1 -29.0801
vt -61.9173 -1
vt -61.6473 -1
vt -61.6473 3
f 2519/4291/314 2520/4292/314 2518/4293/314 2517/4294/314 

v -125.989 3 -29.0801
vt -125.989 3
v -125.989 -1 -29.0801
vt -125.989 -1
vt -125.589 -1
vt -125.589 3
f 2521/4295/7 2522/4296/7 2520/4297/7 2519/4298/7 

v -125.989 3 13.0299
vt -13.0299 3
v -125.989 -1 13.0299
vt -13.0299 -1
vt 29.0801 -1
vt 29.0801 3
f 2523/4299/1 2524/4300/1 2522/4301/1 2521/4302/1 

v -125.779 3 13.0299
vt 125.779 3
v -125.779 -1 13.0299
vt 125.779 -1
vt 125.989 -1
vt 125.989 3
f 2525/4303/5 2526/4304/5 2524/4305/5 2523/4306/5 

v -125.394 3 13.4366
vt 76.4219 3
vn 0.726383 -7.16831e-19 -0.68729
v -125.394 -1 13.4366
vt 76.4219 -1
vt 76.9819 -1
vt 76.9819 3
f 2527/4307/315 2528/4308/315 2526/4309/315 2525/4310/315 

v -125.074 3 13.4366
vt 125.074 3
v -125.074 -1 13.4366
vt 125.074 -1
vt 125.394 -1
vt 125.394 3
f 2529/4311/5 2530/4312/5 2528/4313/5 2527/4314/5 

v -125.074 3 13.9766
vt -13.9766 3
v -125.074 -1 13.9766
vt -13.9766 -1
vt -13.4366 -1
vt -13.4366 3
f 2531/4315/1 2532/4316/1 2530/4317/1 2529/4318/1 

v -113.964 3 13.9766
vt 113.964 3
v -113.964 -2.43645e-15 13.9766
vt 113.964 -2.43645e-15
v -113.964 -1 13.9766
vt 113.964 -1
f 2533/4319/5 2534/4320/5 2535/4321/5 2532/4312/5 2531/4311/5 

v -113.964 3 21.0066
vt -21.0066 3
vn 1 -8.91732e-32 -3.28608e-15
v -113.964 -1 21.0066
vt -21.0066 -1
vt -13.9766 -2.43645e-15
f 2536/4322/316 2537/4323/316 2535/4316/316 2534/4324/316 2533/4315/316 

v -125.994 3 21.0066
vt -125.994 3
vn 0 -2.99548e-18 1
v -125.994 -1 21.0066
vt -125.994 -1
vt -113.964 -1
vt -113.964 3
f 2538/4325/317 2539/4326/317 2537/4327/317 2536/4328/317 

v -125.994 3 32.0095
vt -32.0095 3
vn 1 2.09664e-18 -0
v -125.994 -1 32.0095
vt -32.0095 -1
f 2540/4329/318 2541/4330/318 2539/4323/318 2538/4322/318 

v -128 3 32.0095
vt -128 3
vn 1.28577e-35 -2.99548e-18 1
v -128 -1 32.0095
vt -128 -1
f 2542/4331/319 2543/4332/319 2541/4326/319 2540/4325/319 

v -128 3 -32
vt -32 3
vn -1 -2.09664e-18 2.8203e-37
v -128 -2.09272e-15 -32
vt -32 -1.82435e-15
v -128 -1 -32
vt -32 -1
vt 32.0095 -1
vt 32.0095 3
f 2544/4333/320 2545/4334/320 2546/4335/320 2543/4336/320 2542/4337/320 

usemtl _4
v -128 -2.09272e-15 -64
vt -64 -2.16671e-15
vt -32 -2.16671e-15
vt -32 13
vt -64 13
f 2547/4338/146 2545/4339/146 2544/4333/146 2296/4340/146 2295/4341/146 

vt -128.001 13
vn -3.00211e-05 4.85536e-19 1
vt -128.001 3
vt -98.0327 3
vt -98.0327 13
f 2296/4342/321 2544/4343/321 2506/4344/321 2297/4345/321 

usemtl _5
vn -2.09664e-18 1 2.99548e-18
vt -128 -32.0095
vt -125.994 -32.0095
vt -125.994 -21.0066
vt -113.964 -21.0066
vt -113.964 -13.9766
vt -125.074 -13.9766
vt -125.074 -13.4366
vt -125.394 -13.4366
vt -125.779 -13.0299
vt -125.989 -13.0299
vt -125.989 29.0801
vt -125.589 29.0801
vt -125.409 29.2816
vt -125.409 29.4916
vt -125.082 29.6653
vt -124.952 29.9791
vt -98.0317 29.9791
f 2544/3844/322 2542/4346/322 2540/4347/322 2538/4348/322 2536/4349/322 2533/4350/322 2531/4351/322 2529/4352/322 2527/4353/322 2525/4354/322 2523/4355/322 2521/4356/322 2519/4357/322 2517/4358/322 2515/4359/322 2513/4360/322 2511/4361/322 2509/4362/322 2506/3845/322 

usemtl _4
v 96.0021 -2.09271e-15 -64
vt -96.0021 -2.06164e-15
vn 9.48667e-42 -4.85519e-19 -1
vt 128 -2.06164e-15
vt 128 13
vt -96.0021 13
f 2548/4363/323 2547/4364/323 2295/4365/323 2294/4366/323 

v 96.0021 -2.09271e-15 -57.99
vt 57.99 -2.03721e-15
vn 1 -5.78084e-19 4.20995e-40
vt 64 -2.03721e-15
vt 64 13
vt 57.99 13
f 2549/4367/324 2548/4368/324 2294/4369/324 2293/4370/324 

v 105.982 -2.09271e-15 -57.99
vt -105.982 -2.06455e-15
vt -96.0021 -2.06455e-15
vt -105.982 13
f 2550/4371/243 2549/4372/243 2293/4366/243 2292/4373/243 

v 105.982 -2.09271e-15 -48
vt 48 -2.03144e-15
vt 57.99 -2.03144e-15
vt 48 13
f 2551/4374/139 2550/4375/139 2292/4370/139 2291/4376/139 

v 113.022 -2.09271e-15 -48
vt -113.022 -2.0694e-15
vt -105.982 -2.0694e-15
vt -113.022 13
f 2552/4377/243 2551/4378/243 2291/4373/243 2290/4379/243 

v 113.022 -2.09271e-15 -64
vt -64 -2.02737e-15
vt -48 -2.02737e-15
vt -48 13
f 2553/4380/146 2552/4381/146 2290/4382/146 2289/4341/146 

v 126.962 -2.12923e-15 -64
vt -126.962 -2.09815e-15
vn -1.27189e-36 -4.85519e-19 -1
vt -113.022 -2.06163e-15
vt -126.962 13
f 2554/4383/325 2553/4384/325 2289/4379/325 2288/4385/325 

v 126.962 -2.16573e-15 -32.0035
vt 32.0035 -2.16573e-15
vt 64 -2.12923e-15
vt 32.0035 13
v 126.962 4 -32.0035
vt 32.0035 4
f 2555/4386/1 2554/4387/1 2288/4369/1 2287/4388/1 2556/4389/1 

v 112.024 4 -32.0035
vt 112.024 4
vn 0 1.49449e-18 1
vt 126.962 4
vt 126.962 13
vt 112.024 13
f 2557/4390/326 2556/4391/326 2287/4392/326 2286/4393/326 

usemtl _5
v 128 4 -32.0035
vt 128 32.0035
v 112.024 4 -16.0046
vt 112.024 16.0046
v 117.974 4 -16.0046
vt 117.974 16.0046
v 117.974 4 -18.0046
vt 117.974 18.0046
v 113.014 4 -18.0046
vt 113.014 18.0046
v 113.014 4 -29.9846
vt 113.014 29.9846
v 124.984 4 -29.9846
vt 124.984 29.9846
v 124.984 4 -18.0046
vt 124.984 18.0046
v 118.974 4 -18.0046
vt 118.974 18.0046
v 118.974 4 -16.0046
vt 118.974 16.0046
v 128 4 -16.0046
vt 128 16.0046
f 2558/4394/45 2556/3835/45 2557/3834/45 2559/4395/45 2560/4396/45 2561/4397/45 2562/4398/45 2563/4399/45 2564/4400/45 2565/4401/45 2566/4402/45 2567/4403/45 2568/4404/45 

v 128 -2.12923e-15 -32.0035
vt -128 -2.12923e-15
vt -126.962 -2.16573e-15
vt -126.962 4
vt -128 4
f 2569/4405/5 2555/4406/5 2556/4407/5 2558/4408/5 

v 128 -2.12923e-15 -16.0046
vt 16.0046 -2.15927e-15
vn 1 2.34694e-19 -0
vt 32.0035 -2.15927e-15
vt 16.0046 4
f 2570/4409/327 2569/4410/327 2558/4389/327 2568/4411/327 

v 118.974 -2.14985e-15 -16.0046
vt 118.974 -2.14077e-15
vn -3.19922e-16 5.67378e-19 1
vt 128 -2.12014e-15
vt 128 4
vt 118.974 4
f 2571/4412/328 2570/4413/328 2568/4414/328 2567/4415/328 

vt -18.0046 4
v 118.974 1 -18.0046
vt -18.0046 1
vt -16.0046 -2.14985e-15
vt -16.0046 4
f 2566/4416/3 2572/4417/3 2571/4418/3 2567/4419/3 

v 124.984 -2.0755e-15 -18.0046
vt -124.984 -2.0755e-15
v 118.974 -2.0755e-15 -18.0046
vt -118.974 -2.0755e-15
vt -118.974 1
vt -118.974 4
vt -124.984 4
f 2573/4420/5 2574/4421/5 2572/4422/5 2566/4423/5 2565/4424/5 

usemtl Color_C02
v 124.984 -2.0755e-15 -29.9846
vt 4920.63 1180.5
v 113.014 -2.0755e-15 -29.9846
vt 4449.37 1180.5
v 113.014 -2.0755e-15 -18.0046
vt 4449.37 708.842
v 117.974 -2.0755e-15 -18.0046
vt 4644.64 708.842
vt 4684.01 708.842
vt 4920.63 708.842
f 2575/4425/45 2576/4426/45 2577/4427/45 2578/4428/45 2574/4429/45 2573/4430/45 

usemtl _5
vt 113.014 -2.05848e-15
vn 0 5.67378e-19 1
vt 124.984 -2.05848e-15
vt 124.984 4
vt 113.014 4
f 2576/4431/329 2575/4432/329 2564/4433/329 2563/4434/329 

vt -29.9846 -2.10483e-15
vn -1 -2.34694e-19 -0
vt -18.0046 -2.10483e-15
vt -29.9846 4
f 2575/4435/330 2573/4436/330 2565/4416/330 2564/4437/330 

vt 18.0046 -2.10202e-15
vt 29.9846 -2.10202e-15
vt 29.9846 4
vt 18.0046 4
f 2577/4438/327 2576/4439/327 2563/4440/327 2562/4441/327 

vt -117.974 -2.0755e-15
vt -113.014 -2.0755e-15
vt -113.014 4
vt -117.974 4
v 117.974 1 -18.0046
vt -117.974 1
f 2578/4442/5 2577/4443/5 2562/4444/5 2561/4445/5 2579/4446/5 

v 117.974 -2.151e-15 -16.0046
vt 16.0046 -2.151e-15
vt 18.0046 1
f 2560/4411/1 2580/4447/1 2579/4448/1 2561/4441/1 

v 112.024 -2.16573e-15 -16.0046
vt 112.024 -2.15665e-15
vn -1.40561e-36 5.67378e-19 1
vt 117.974 -2.14191e-15
vt 117.974 4
f 2581/4449/331 2580/4450/331 2560/4451/331 2559/4390/331 

v 112.024 -2.16573e-15 -32.0035
vt -32.0035 -2.16573e-15
vt -16.0046 -2.16573e-15
vt -32.0035 4
f 2582/4452/3 2581/4453/3 2559/4419/3 2557/4454/3 

usemtl _4
v 103.022 -2.16573e-15 -32.0035
vt 103.022 -2.16573e-15
vt 112.024 -2.16573e-15
vt 103.022 13
f 2583/4455/7 2582/4456/7 2557/4390/7 2286/4393/7 2285/4457/7 

v 103.022 -2.16573e-15 -39.9735
vt -39.9735 -2.10618e-15
vt -32.0035 -2.10618e-15
vt -32.0035 13
vt -39.9735 13
f 2584/4458/146 2583/4459/146 2285/4460/146 2284/4461/146 

v 104.992 -2.16573e-15 -39.9735
vt -104.992 -2.14633e-15
vt -103.022 -2.14633e-15
vt -103.022 13
vt -104.992 13
f 2585/4462/243 2584/4463/243 2284/4464/243 2283/4465/243 

v 104.992 -2.16573e-15 -34.0235
vt 34.0235 -2.10504e-15
vt 39.9735 -2.10504e-15
vt 39.9735 13
vt 34.0235 13
f 2586/4466/139 2585/4467/139 2283/4468/139 2282/4469/139 

v 126.022 -2.16573e-15 -34.0235
vt -126.022 -2.14922e-15
vt -104.992 -2.14922e-15
vt -126.022 13
f 2587/4470/243 2586/4471/243 2282/4465/243 2281/4472/243 

v 126.022 -2.16573e-15 -45.9935
vt -45.9935 -2.09288e-15
vt -34.0235 -2.09288e-15
vt -34.0235 13
vt -45.9935 13
f 2588/4473/146 2587/4474/146 2281/4475/146 2280/4476/146 

vt 120.983 -2.1434e-15
vt 126.022 -2.1434e-15
vt 126.022 13
vt 120.983 13
f 110/4477/140 2588/4478/140 2280/4479/140 2279/4480/140 

vt -50.0335 -2.0958e-15
vn -1 5.78084e-19 2.95529e-44
vt -45.9935 -2.0958e-15
vt -50.0335 13
v 120.983 2 -50.0335
vt -50.0335 2
f 106/4481/332 110/4482/332 2279/4476/332 2278/4483/332 2589/4484/332 

vt -126.013 13
v 126.013 2 -50.0335
vt -126.013 2
vt -120.983 2
vt -120.983 13
f 2277/4485/243 2590/4486/243 2589/4487/243 2278/4488/243 

vt -62.0935 13
v 126.013 2 -62.0935
vt -62.0935 2
f 2276/4489/146 2591/4490/146 2590/4484/146 2277/4483/146 

vt 113.993 13
v 113.993 2 -62.0935
vt 113.993 2
vt 126.013 2
vt 126.013 13
f 2275/4491/140 2592/4492/140 2591/4493/140 2276/4494/140 

vt 50.0335 13
v 113.993 2 -50.0335
vt 50.0335 2
vt 62.0935 2
vt 62.0935 13
f 2274/4495/139 2593/4496/139 2592/4497/139 2275/4498/139 

vt -119.983 13
v 119.983 2 -50.0335
vt -119.983 2
vt -113.993 2
vt -113.993 13
f 2273/4499/243 2594/4500/243 2593/4501/243 2274/4502/243 

vt 45.9935 -2.09637e-15
vn 1 -5.78084e-19 -2.95529e-44
vt 50.0335 -2.09637e-15
vt 45.9935 13
f 111/4503/333 107/4504/333 2594/4496/333 2273/4495/333 2272/4505/333 

usemtl FrontColor
vt 4723.73 -8.52651e-14
vt 4763.1 -8.52651e-14
vt 4763.1 78.7402
vt 4723.73 78.7402
f 107/4506/7 106/4507/7 2589/4508/7 2594/4509/7 

usemtl Color_C02
vt 4763.1 1969.82
vt 4961.13 1969.82
vt 4961.13 2444.63
vt 4487.91 2444.63
vt 4487.91 1969.82
vt 4723.73 1969.82
f 2589/4510/45 2590/4511/45 2591/4512/45 2592/4513/45 2593/4514/45 2594/4515/45 

usemtl _4
v 106.043 -2.16573e-15 -45.9935
vt 106.043 -2.1434e-15
vt 119.983 -2.1434e-15
vt 119.983 13
vt 106.043 13
f 2595/4516/140 111/4517/140 2272/4518/140 2271/4519/140 

v 105.946 -2.16573e-15 -45.6782
vt 74.8752 -2.12981e-15
vn 0.955579 -4.09306e-19 0.294736
vt 75.2052 -2.12981e-15
vt 75.2052 13
vt 74.8752 13
f 2596/4520/334 2595/4521/334 2271/4522/334 2270/4523/334 

v 105.567 -2.16567e-15 -45.4983
vt 114.881 -2.16645e-15
vn 0.42817 1.91244e-19 0.903698
vt 115.301 -2.16652e-15
vt 115.301 13
vt 114.881 13
f 2597/4524/335 2596/4525/335 2270/4526/335 2269/4527/335 

v 105.567 -2.16567e-15 -45.2683
vt 45.2683 -2.10464e-15
vt 45.4983 -2.10464e-15
vt 45.4983 13
vt 45.2683 13
f 2598/4528/139 2597/4529/139 2269/4530/139 2268/4531/139 

v 105.458 -2.16314e-15 -45.1248
vt 99.6036 -2.15357e-15
vn 0.797587 -1.68206e-19 0.603204
vt 99.7836 -2.1561e-15
vt 99.7836 13
vt 99.6036 13
f 2599/4532/336 2598/4533/336 2268/4534/336 2267/4535/336 

v 104.994 -2.88765e-15 -45.0476
vt 110.966 -2.8772e-15
vn 0.164191 3.84013e-19 0.986429
vt 111.436 -2.1527e-15
vt 111.436 13
vt 110.966 13
f 2600/4536/337 2599/4537/337 2267/4538/337 2266/4539/337 

v 104.994 -2.88765e-15 -42.9975
vt 42.9975 -2.82695e-15
vt 45.0476 -2.82695e-15
vt 45.0476 13
vt 42.9975 13
f 2601/4540/139 2600/4541/139 2266/4542/139 2265/4543/139 

v 103.034 -2.88765e-15 -42.9975
vt 103.034 -2.86677e-15
vt 104.994 -2.86677e-15
vt 104.994 13
vt 103.034 13
f 2602/4544/140 2601/4545/140 2265/4546/140 2264/4547/140 

v 103.034 -2.88765e-15 -43.985
vt -43.985 -2.82808e-15
vt -42.9975 -2.82808e-15
vt -42.9975 13
vt -43.985 13
f 2603/4548/146 2602/4549/146 2264/4550/146 2263/4551/146 

vt 102.004 -2.86629e-15
vt 103.034 -2.86629e-15
vt 102.004 13
f 92/4552/140 2603/4553/140 2263/4547/140 2262/4554/140 

vt -53.025 -2.10677e-15
vn -1 5.78084e-19 4.61644e-35
vt -43.985 -2.82868e-15
vt -53.025 13
v 102.004 4.5 -53.025
vt -53.025 4.5
f 93/4555/338 92/4556/338 2262/4551/338 2261/4557/338 2604/4558/338 

vt -55.9943 13
v 102.004 4.5 -55.9943
vt -55.9943 4.5
f 2260/4559/146 2605/4560/146 2604/4558/146 2261/4557/146 

vt 101.004 13
v 101.004 4.5 -55.9943
vt 101.004 4.5
vt 102.004 4.5
f 2259/4561/140 2606/4562/140 2605/4563/140 2260/4554/140 

vt 53.025 13
v 101.004 4.5 -53.025
vt 53.025 4.5
vt 55.9943 4.5
vt 55.9943 13
f 2258/4564/139 2607/4565/139 2606/4566/139 2259/4567/139 

vt 43.985 -2.82926e-15
vn 1 -5.78084e-19 -4.61644e-35
vt 53.025 -2.10735e-15
vt 43.985 13
f 96/4568/339 95/4569/339 2607/4565/339 2258/4564/339 2257/4570/339 

usemtl FrontColor
vt 3976.55 -8.52651e-14
vt 4015.92 -8.52651e-14
vt 4015.92 177.165
vt 3976.55 177.165
f 95/4571/7 93/4572/7 2604/4573/7 2607/4574/7 

vt 4015.92 2087.6
vt 4015.92 2204.5
vt 3976.55 2204.5
vt 3976.55 2087.6
f 2604/4575/45 2605/4576/45 2606/4577/45 2607/4578/45 

usemtl _4
vt 93.9859 -2.86629e-15
vt 101.004 -2.86629e-15
vt 93.9859 13
f 149/4579/140 96/4580/140 2257/4561/140 2256/4581/140 

vt -50.015 -2.1114e-15
vn -1 5.78084e-19 6.92082e-35
vt -43.985 -2.83331e-15
vt -50.015 13
v 93.9859 3 -50.015
vt -50.015 3
f 153/4582/340 149/4583/340 2256/4551/340 2255/4584/340 2608/4585/340 

vt -50.3939 13
v 93.9859 3 -50.3939
vt -50.3939 3
f 2254/4586/146 2609/4587/146 2608/4585/146 2255/4584/146 

vt -103.235 13
vn -0.701575 5.95916e-20 -0.712595
v 94.6316 3 -51.0296
vt -103.235 3
vt -102.329 3
vt -102.329 13
f 2253/4588/341 2610/4589/341 2609/4590/341 2254/4591/341 

vt -94.9816 13
v 94.9816 3 -51.0296
vt -94.9816 3
vt -94.6316 3
vt -94.6316 13
f 2252/4592/243 2611/4593/243 2610/4594/243 2253/4595/243 

vt -58.0496 13
v 94.9816 3 -58.0496
vt -58.0496 3
vt -51.0296 3
vt -51.0296 13
f 2251/4596/146 2612/4597/146 2611/4598/146 2252/4599/146 

vt 94.8732 13
v 94.8732 3 -58.0496
vt 94.8732 3
vt 94.9816 3
vt 94.9816 13
f 2250/4600/140 2613/4601/140 2612/4602/140 2251/4603/140 

vt -2.13271 13
vn -0.861525 7.44539e-19 0.507715
v 94.7259 3 -58.2995
vt -2.13271 3
vt -1.84271 3
vt -1.84271 13
f 2249/4604/342 2614/4605/342 2613/4606/342 2250/4607/342 

vt 82.4032 13
vn -0.177771 5.80552e-19 0.984072
v 94.2831 3 -58.3795
vt 82.4032 3
vt 82.8532 3
vt 82.8532 13
f 2248/4608/343 2615/4609/343 2614/4610/343 2249/4611/343 

vt 2.38826 13
vn -0.83774 7.49411e-19 0.546069
v 94.1793 3 -58.5386
vt 2.38826 3
vt 2.57826 3
vt 2.57826 13
f 2247/4612/344 2616/4613/344 2615/4614/344 2248/4615/344 

vt 94.0593 13
v 94.0593 3 -58.5386
vt 94.0593 3
vt 94.1793 3
vt 94.1793 13
f 2246/4616/140 2617/4617/140 2616/4618/140 2247/4619/140 

vt 34.4333 13
vn -0.641859 7.43355e-19 0.766822
v 93.9673 3 -58.6157
vt 34.4333 3
vt 34.5533 3
vt 34.5533 13
f 2245/4620/345 2618/4621/345 2617/4622/345 2246/4623/345 

vt -59.0357 13
v 93.9673 3 -59.0357
vt -59.0357 3
vt -58.6157 3
vt -58.6157 13
f 2244/4624/146 2619/4625/146 2618/4626/146 2245/4627/146 

vt 92.8773 13
v 92.8773 3 -59.0357
vt 92.8773 3
vt 93.9673 3
vt 93.9673 13
f 2243/4628/140 2620/4629/140 2619/4630/140 2244/4631/140 

vt -4.37599 13
vn -0.863185 7.44126e-19 0.504888
v 92.7208 3 -59.3032
vt -4.37599 3
vt -4.06599 3
vt -4.06599 13
f 2242/4632/346 2621/4633/346 2620/4634/346 2243/4635/346 

vt 92.5108 13
v 92.5108 3 -59.3032
vt 92.5108 3
vt 92.7208 3
vt 92.7208 13
f 2241/4636/140 2622/4637/140 2621/4638/140 2242/4639/140 

vt 60.1477 13
vn -0.407377 6.78903e-19 0.91326
v 92.3464 3 -59.3766
vt 60.1477 3
vt 60.3277 3
vt 60.3277 13
f 2240/4640/347 2623/4641/347 2622/4642/347 2241/4643/347 

vt -59.7666 13
v 92.3464 3 -59.7666
vt -59.7666 3
vt -59.3766 3
vt -59.3766 13
f 2239/4644/146 2624/4645/146 2623/4646/146 2240/4647/146 

vt 92.2664 13
v 92.2664 3 -59.7666
vt 92.2664 3
vt 92.3464 3
vt 92.3464 13
f 2238/4648/140 2625/4649/140 2624/4650/140 2239/4651/140 

vt -1.6318 13
vn -0.84568 7.47991e-19 0.53369
v 92.0903 3 -60.0457
vt -1.6318 3
vt -1.3018 3
vt -1.3018 13
f 2237/4652/348 2626/4653/348 2625/4654/348 2238/4655/348 

vt 91.8603 13
v 91.8603 3 -60.0457
vt 91.8603 3
vt 92.0903 3
vt 92.0903 13
f 2236/4656/140 2627/4657/140 2626/4658/140 2237/4659/140 

vt -13.5292 13
vn -0.896932 7.33183e-19 0.442168
v 91.7321 3 -60.3058
vt -13.5292 3
vt -13.2392 3
vt -13.2392 13
f 2235/4660/349 2628/4661/349 2627/4662/349 2236/4663/349 

vt 81.3103 13
vn -0.148761 5.66113e-19 0.988873
v 91.3069 3 -60.3697
vt 81.3103 3
vt 81.7403 3
vt 81.7403 13
f 2234/4664/350 2629/4665/350 2628/4666/350 2235/4667/350 

vt 38.9678 13
vn -0.580062 7.30815e-19 0.814572
v 90.9892 3 -60.596
vt 38.9678 3
vt 39.3578 3
vt 39.3578 13
f 2233/4668/351 2630/4669/351 2629/4670/351 2234/4671/351 

vt -61.026 13
v 90.9892 3 -61.026
vt -61.026 3
vt -60.596 3
vt -60.596 13
f 2232/4672/146 2631/4673/146 2630/4674/146 2233/4675/146 

vt 90.8592 13
v 90.8592 3 -61.026
vt 90.8592 3
vt 90.9892 3
vt 90.9892 13
f 2231/4676/140 2632/4677/140 2631/4678/140 2232/4679/140 

vt -13.4905 13
vn -0.891237 7.35411e-19 0.453538
v 90.7186 3 -61.3022
vt -13.4905 3
vt -13.1805 3
vt -13.1805 13
f 2230/4680/352 2633/4681/352 2632/4682/352 2231/4683/352 

vt 79.3295 13
vn -0.160026 5.7177e-19 0.987113
v 90.3139 3 -61.3678
vt 79.3295 3
vt 79.7395 3
vt 79.7395 13
f 2229/4684/353 2634/4685/353 2633/4686/353 2230/4687/353 

vt 36.4622 13
vn -0.588746 7.32798e-19 0.808318
v 89.9825 3 -61.6092
vt 36.4622 3
vt 36.8722 3
vt 36.8722 13
f 2228/4688/354 2635/4689/354 2634/4690/354 2229/4691/354 

vt -62.0392 13
v 89.9825 3 -62.0392
vt -62.0392 3
vt -61.6092 3
vt -61.6092 13
f 2227/4692/146 2636/4693/146 2635/4694/146 2228/4695/146 

vt 87.8925 13
v 87.8925 3 -62.0392
vt 87.8925 3
vt 89.9825 3
vt 89.9825 13
f 2226/4696/140 2637/4697/140 2636/4698/140 2227/4699/140 

vt -5.85657 13
vn -0.845723 7.47983e-19 0.533623
v 87.7377 3 -62.2845
vt -5.85657 3
vt -5.56657 3
vt -5.56657 13
f 2225/4700/355 2638/4701/355 2637/4702/355 2226/4703/355 

vt 76.6168 13
vn -0.15469 5.69098e-19 0.987963
v 87.3129 3 -62.351
vt 76.6168 3
vt 77.0468 3
vt 77.0468 13
f 2224/4704/356 2639/4705/356 2638/4706/356 2225/4707/356 

vt -18.5374 13
vn -0.901111 7.31433e-19 0.433588
v 87.2218 3 -62.5402
vt -18.5374 3
vt -18.3274 3
vt -18.3274 13
f 2223/4708/357 2640/4709/357 2639/4710/357 2224/4711/357 

vt 87.0671 13
v 87.0671 3 -62.5402
vt 87.0671 3
vt 87.2218 3
vt 87.2218 13
f 2222/4712/140 2641/4713/140 2640/4714/140 2223/4715/140 

vt -18.7538 13
vn -0.900834 7.31553e-19 0.434164
v 86.973 3 -62.7356
vt -18.7538 3
vt -18.5369 3
vt -18.5369 13
f 2221/4716/358 2642/4717/358 2641/4718/358 2222/4719/358 

vt 105.136 13
vn 0.434164 1.86388e-19 0.900834
v 86.5676 3 -62.5402
vt 105.136 3
vt 105.586 3
vt 105.586 13
f 2220/4720/359 2643/4721/359 2642/4722/359 2221/4723/359 

vt 62.3302 13
v 86.5676 3 -62.3302
vt 62.3302 3
vt 62.5402 3
vt 62.5402 13
f 2219/4724/139 2644/4725/139 2643/4726/139 2220/4727/139 

vt 104.966 13
vn 0.71236 -7.10607e-20 0.701814
v 86.4343 3 -62.1949
vt 104.966 3
vt 105.156 3
vt 105.156 13
f 2218/4728/360 2645/4729/360 2644/4730/360 2219/4731/360 

vt 91.9245 13
vn 0.103636 4.22994e-19 0.994615
v 85.9469 3 -62.1441
vt 91.9245 3
vt 92.4145 3
vt 92.4145 13
f 2217/4732/361 2646/4733/361 2645/4734/361 2218/4735/361 

vt 61.7441 13
v 85.9469 3 -61.7441
vt 61.7441 3
vt 62.1441 3
vt 62.1441 13
f 2216/4736/139 2647/4737/139 2646/4738/139 2217/4739/139 

vt 104.547 13
vn 0.475413 1.52312e-19 0.879763
v 85.5774 3 -61.5444
vt 104.547 3
vt 104.967 3
vt 104.967 13
f 2215/4740/362 2648/4741/362 2647/4742/362 2216/4743/362 

vt 61.3144 13
v 85.5774 3 -61.3144
vt 61.3144 3
vt 61.5444 3
vt 61.5444 13
f 2214/4744/139 2649/4745/139 2648/4746/139 2215/4747/139 

vt 103.441 13
vn 0.71645 -7.54521e-20 0.697638
v 85.4449 3 -61.1783
vt 103.441 3
vt 103.631 3
vt 103.631 13
f 2213/4748/363 2650/4749/363 2649/4750/363 2214/4751/363 

vt 93.1318 13
vn 0.148279 3.94434e-19 0.988946
v 85.0097 3 -61.1131
vt 93.1318 3
vt 93.5718 3
vt 93.5718 13
f 2212/4752/364 2651/4753/364 2650/4754/364 2213/4755/364 

vt 77.9464 13
vn 0.975505 -4.5712e-19 0.219979
v 84.9283 3 -60.7521
vt 77.9464 3
vt 78.3164 3
vt 78.3164 13
f 2211/4756/365 2652/4757/365 2651/4758/365 2212/4759/365 

vt 103.766 13
vn 0.523582 1.10975e-19 0.851975
v 84.5875 3 -60.5427
vt 103.766 3
vt 104.166 3
vt 104.166 13
f 2210/4760/366 2653/4761/366 2652/4762/366 2211/4763/366 

vt 60.3127 13
v 84.5875 3 -60.3127
vt 60.3127 3
vt 60.5427 3
vt 60.5427 13
f 2209/4764/139 2654/4765/139 2653/4766/139 2210/4767/139 

vt 102.535 13
vn 0.695088 -5.27684e-20 0.718924
v 84.4437 3 -60.1737
vt 102.535 3
vt 102.735 3
vt 102.735 13
f 2208/4768/367 2655/4769/367 2654/4770/367 2209/4771/367 

vt 84.1761 13
v 84.1761 3 -60.1737
vt 84.1761 3
vt 84.4437 3
vt 84.4437 13
f 2207/4772/140 2656/4773/140 2655/4774/140 2208/4775/140 

vt 103.232 13
vn 0.597478 4.39375e-20 0.801885
v 83.9997 3 -60.0422
vt 103.232 3
vt 103.452 3
vt 103.452 13
f 2206/4776/368 2657/4777/368 2656/4778/368 2207/4779/368 

vt 83.8797 13
v 83.8797 3 -60.0422
vt 83.8797 3
vt 83.9997 3
vt 83.9997 13
f 2205/4780/140 2658/4781/140 2657/4782/140 2206/4783/140 

vt -5.79535 13
vn -0.842999 7.48492e-19 0.537916
v 83.7183 3 -60.2951
vt -5.79535 3
vt -5.49535 3
vt -5.49535 13
f 2204/4784/369 2659/4785/369 2658/4786/369 2205/4787/369 

vt 72.1762 13
vn -0.165349 5.74421e-19 0.986235
v 83.3041 3 -60.3646
vt 72.1762 3
vt 72.5962 3
vt 72.5962 13
f 2203/4788/370 2660/4789/370 2659/4790/370 2204/4791/370 

vt -0.275867 13
vn -0.810129 7.52959e-19 0.586252
v 83.181 3 -60.5347
vt -0.275867 3
vt -0.0658668 3
vt -0.0658668 13
f 2202/4792/371 2661/4793/371 2660/4794/371 2203/4795/371 

vt 83.071 13
v 83.071 3 -60.5347
vt 83.071 3
vt 83.181 3
vt 83.181 13
f 2201/4796/140 2662/4797/140 2661/4798/140 2202/4799/140 

vt 13.8496 13
vn -0.720644 7.53206e-19 0.693306
v 82.9878 3 -60.6212
vt 13.8496 3
vt 13.9696 3
vt 13.9696 13
f 2200/4800/372 2663/4801/372 2662/4802/372 2201/4803/372 

vt -61.0512 13
v 82.9878 3 -61.0512
vt -61.0512 3
vt -60.6212 3
vt -60.6212 13
f 2199/4804/146 2664/4805/146 2663/4806/146 2200/4807/146 

vt 82.8678 13
v 82.8678 3 -61.0512
vt 82.8678 3
vt 82.9878 3
vt 82.9878 13
f 2198/4808/140 2665/4809/140 2664/4810/140 2199/4811/140 

vt -13.3632 13
vn -0.87401 7.41169e-19 0.485908
v 82.7366 3 -61.2872
vt -13.3632 3
vt -13.0932 3
vt -13.0932 13
f 2197/4812/373 2666/4813/373 2665/4814/373 2198/4815/373 

vt 69.3187 13
vn -0.187879 5.85482e-19 0.982192
v 82.3142 3 -61.368
vt 69.3187 3
vt 69.7487 3
vt 69.7487 13
f 2196/4816/374 2667/4817/374 2666/4818/374 2197/4819/374 

vt 2.55925 13
vn -0.785243 7.54564e-19 0.619188
v 82.178 3 -61.5407
vt 2.55925 3
vt 2.77925 3
vt 2.77925 13
f 2195/4820/375 2668/4821/375 2667/4822/375 2196/4823/375 

vt 82.078 13
v 82.078 3 -61.5407
vt 82.078 3
vt 82.178 3
vt 82.178 13
f 2194/4824/140 2669/4825/140 2668/4826/140 2195/4827/140 

vt 20.0853 13
vn -0.666184 7.47204e-19 0.745787
v 81.9811 3 -61.6273
vt 20.0853 3
vt 20.2153 3
vt 20.2153 13
f 2193/4828/376 2670/4829/376 2669/4830/376 2194/4831/376 

vt -62.0273 13
v 81.9811 3 -62.0273
vt -62.0273 3
vt -61.6273 3
vt -61.6273 13
f 2192/4832/146 2671/4833/146 2670/4834/146 2193/4835/146 

vt 79.0211 13
v 79.0211 3 -62.0273
vt 79.0211 3
vt 81.9811 3
vt 81.9811 13
f 2191/4836/140 2672/4837/140 2671/4838/140 2192/4839/140 

vt 80.0817 13
vn 0.965944 -4.32769e-19 0.258751
v 78.9486 3 -61.7569
vt 80.0817 3
vt 80.3617 3
vt 80.3617 13
f 2190/4840/377 2673/4841/377 2672/4842/377 2191/4843/377 

vt 98.5436 13
vn 0.483884 1.45167e-19 0.875132
v 78.5723 3 -61.5488
vt 98.5436 3
vt 98.9736 3
vt 98.9736 13
f 2189/4844/378 2674/4845/378 2673/4846/378 2190/4847/378 

vt 61.3388 13
v 78.5723 3 -61.3388
vt 61.3388 3
vt 61.5488 3
vt 61.5488 13
f 2188/4848/139 2675/4849/139 2674/4850/139 2189/4851/139 

vt 97.3809 13
vn 0.763305 -1.27592e-19 0.646038
v 78.4431 3 -61.1861
vt 97.3809 3
vt 97.5809 3
vt 97.5809 13
f 2187/4852/379 2676/4853/379 2675/4854/379 2188/4855/379 

vt 85.6221 13
vn 0.137916 4.01152e-19 0.990444
v 77.938 3 -61.1158
vt 85.6221 3
vt 86.1321 3
vt 86.1321 13
f 2186/4856/380 2677/4857/380 2676/4858/380 2187/4859/380 

vt 60.741 13
v 77.938 3 -60.741
vt 60.741 3
vt 61.1158 3
vt 61.1158 13
f 2185/4860/139 2678/4861/139 2677/4862/139 2186/4863/139 

vt 96.7852 13
vn 0.46256 1.63056e-19 0.886588
v 77.5745 3 -60.5513
vt 96.7852 3
vt 97.1952 3
vt 97.1952 13
f 2184/4864/381 2679/4865/381 2678/4866/381 2185/4867/381 

vt 60.3253 13
v 77.5745 3 -60.3253
vt 60.3253 3
vt 60.5513 3
vt 60.5513 13
f 2183/4868/139 2680/4869/139 2679/4870/139 2184/4871/139 

vt 96.8273 13
vn 0.730805 -9.10591e-20 0.682586
v 77.4311 3 -60.1718
vt 96.8273 3
vt 97.0373 3
vt 97.0373 13
f 2182/4872/382 2681/4873/382 2680/4874/382 2183/4875/382 

vt 77.1511 13
v 77.1511 3 -60.1718
vt 77.1511 3
vt 77.4311 3
vt 77.4311 13
f 2181/4876/140 2682/4877/140 2681/4878/140 2182/4879/140 

vt 60.1118 13
v 77.1511 3 -60.1118
vt 60.1118 3
vt 60.1718 3
vt 60.1718 13
f 2180/4880/139 2683/4881/139 2682/4882/139 2181/4883/139 

vt 77.0011 13
v 77.0011 3 -60.1118
vt 77.0011 3
f 2179/4884/140 2684/4885/140 2683/4877/140 2180/4876/140 

vt 28.182 13
vn -0.574408 7.29487e-19 0.818569
v 76.7392 3 -60.2956
vt 28.182 3
vt 28.502 3
vt 28.502 13
f 2178/4886/383 2685/4887/383 2684/4888/383 2179/4889/383 

vt 76.5392 13
v 76.5392 3 -60.2956
vt 76.5392 3
vt 76.7392 3
vt 76.7392 13
f 2177/4890/140 2686/4891/140 2685/4892/140 2178/4893/140 

vt 58.1614 13
vn -0.25788 6.18173e-19 0.966177
v 76.3073 3 -60.3575
vt 58.1614 3
vt 58.4014 3
vt 58.4014 13
f 2176/4894/384 2687/4895/384 2686/4896/384 2177/4897/384 

vt -3.52642 13
vn -0.804877 7.53414e-19 0.593442
v 76.1708 3 -60.5426
vt -3.52642 3
vt -3.29642 3
vt -3.29642 13
f 2175/4898/385 2688/4899/385 2687/4900/385 2176/4901/385 

vt 76.0786 13
v 76.0786 3 -60.5426
vt 76.0786 3
vt 76.1708 3
vt 76.1708 13
f 2174/4902/140 2689/4903/140 2688/4904/140 2175/4905/140 

vt 15.2785 13
vn -0.67398 7.48294e-19 0.738749
v 75.99 3 -60.6235
vt 15.2785 3
vt 15.3985 3
vt 15.3985 13
f 2173/4906/386 2690/4907/386 2689/4908/386 2174/4909/386 

vt -62.0435 13
v 75.99 3 -62.0435
vt -62.0435 3
vt -60.6235 3
vt -60.6235 13
f 2172/4910/146 2691/4911/146 2690/4912/146 2173/4913/146 

vt 75.87 13
v 75.87 3 -62.0435
vt 75.87 3
vt 75.99 3
vt 75.99 13
f 2171/4914/140 2692/4915/140 2691/4916/140 2172/4917/140 

vt -17.7474 13
vn -0.874496 7.41025e-19 0.485032
v 75.7293 3 -62.2971
vt -17.7474 3
vt -17.4574 3
vt -17.4574 13
f 2170/4918/387 2693/4919/387 2692/4920/387 2171/4921/387 

vt 62.9831 13
vn -0.178368 5.80844e-19 0.983964
v 75.3161 3 -62.372
vt 62.9831 3
vt 63.4031 3
vt 63.4031 13
f 2169/4922/388 2694/4923/388 2693/4924/388 2170/4925/388 

vt 24.9128 13
vn -0.57875 7.30509e-19 0.815505
v 74.9817 3 -62.6093
vt 24.9128 3
vt 25.3228 3
vt 25.3228 13
f 2168/4926/389 2695/4927/389 2694/4928/389 2169/4929/389 

vt -62.7593 13
v 74.9817 3 -62.7593
vt -62.7593 3
vt -62.6093 3
vt -62.6093 13
f 2167/4930/146 2696/4931/146 2695/4932/146 2168/4933/146 

vt 95.6236 13
vn 0.487989 1.41686e-19 0.87285
v 74.5889 3 -62.5397
vt 95.6236 3
vt 96.0736 3
vt 96.0736 13
f 2166/4934/390 2697/4935/390 2696/4936/390 2167/4937/390 

vt 62.3097 13
v 74.5889 3 -62.3097
vt 62.3097 3
vt 62.5397 3
vt 62.5397 13
f 2165/4938/139 2698/4939/139 2697/4940/139 2166/4941/139 

vt 96.9685 13
vn 0.646145 -2.97132e-21 0.763215
v 74.421 3 -62.1676
vt 96.9685 3
vt 97.1885 3
vt 97.1885 13
f 2164/4942/391 2699/4943/391 2698/4944/391 2165/4945/391 

vt 74.171 13
v 74.171 3 -62.1676
vt 74.171 3
vt 74.421 3
vt 74.421 13
f 2163/4946/140 2700/4947/140 2699/4948/140 2164/4949/140 

vt 93.9368 13
vn 0.448976 1.74287e-19 0.893544
v 73.9476 3 -62.0553
vt 93.9368 3
vt 94.1868 3
vt 94.1868 13
f 2162/4950/392 2701/4951/392 2700/4952/392 2163/4953/392 

vt 72.0076 13
v 72.0076 3 -62.0553
vt 72.0076 3
vt 73.9476 3
vt 73.9476 13
f 2161/4954/140 2702/4955/140 2701/4956/140 2162/4957/140 

vt 61.8853 13
v 72.0076 3 -61.8853
vt 61.8853 3
vt 62.0553 3
vt 62.0553 13
f 2160/4958/139 2703/4959/139 2702/4960/139 2161/4961/139 

vt 90.0879 13
vn 0.854103 -2.41224e-19 0.520103
v 71.8932 3 -61.6974
vt 90.0879 3
vt 90.3079 3
vt 90.3079 13
f 2159/4962/393 2704/4963/393 2703/4964/393 2160/4965/393 

vt 89.6151 13
vn 0.380616 2.28947e-19 0.924733
v 71.5696 3 -61.5642
vt 89.6151 3
vt 89.9651 3
vt 89.9651 13
f 2158/4966/394 2705/4967/394 2704/4968/394 2159/4969/394 

vt 61.3442 13
v 71.5696 3 -61.3442
vt 61.3442 3
vt 61.5642 3
vt 61.5642 13
f 2157/4970/139 2706/4971/139 2705/4972/139 2158/4973/139 

vt 92.8587 13
vn 0.763403 -1.27704e-19 0.645922
v 71.4404 3 -61.1915
vt 92.8587 3
vt 93.0587 3
vt 93.0587 13
f 2156/4974/395 2707/4975/395 2706/4976/395 2157/4977/395 

vt 81.4266 13
vn 0.192139 3.654e-19 0.981368
v 71.0086 3 -61.107
vt 81.4266 3
vt 81.8666 3
vt 81.8666 13
f 2155/4978/396 2708/4979/396 2707/4980/396 2156/4981/396 

vt 57.7395 13
v 71.0086 3 -57.7395
vt 57.7395 3
vt 61.107 3
vt 61.107 13
f 2154/4982/139 2709/4983/139 2708/4984/139 2155/4985/139 

vt 90.2285 13
vn 0.524263 1.10379e-19 0.851557
v 70.5743 3 -57.4721
vt 90.2285 3
vt 90.7385 3
vt 90.7385 13
f 2153/4986/397 2710/4987/397 2709/4988/397 2154/4989/397 

vt 57.2721 13
v 70.5743 3 -57.2721
vt 57.2721 3
vt 57.4721 3
vt 57.4721 13
f 2152/4990/139 2711/4991/139 2710/4992/139 2153/4993/139 

vt 87.7741 13
vn 0.805256 -1.77629e-19 0.592927
v 70.4616 3 -57.1191
vt 87.7741 3
vt 87.9641 3
vt 87.9641 13
f 2151/4994/398 2712/4995/398 2711/4996/398 2152/4997/398 

vt 70.1516 13
v 70.1516 3 -57.1191
vt 70.1516 3
vt 70.4616 3
vt 70.4616 13
f 2150/4998/140 2713/4999/140 2712/5000/140 2151/5001/140 

vt 89.3496 13
vn 0.517698 1.16119e-19 0.855564
v 69.9463 3 -56.9948
vt 89.3496 3
vt 89.5896 3
vt 89.5896 13
f 2149/5002/399 2714/5003/399 2713/5004/399 2150/5005/399 

vt 68.9863 13
v 68.9863 3 -56.9948
vt 68.9863 3
vt 69.9463 3
vt 69.9463 13
f 2148/5006/140 2715/5007/140 2714/5008/140 2149/5009/140 

vt 56.0048 13
v 68.9863 3 -56.0048
vt 56.0048 3
vt 56.9948 3
vt 56.9948 13
f 2147/5010/139 2716/5011/139 2715/5012/139 2148/5013/139 

vt 45.9848 -2.12585e-15
vt 56.0048 -2.12585e-15
vt 45.9848 13
v 68.9863 1 -45.9848
vt 45.9848 1
f 11/5014/139 14/5015/139 2716/5011/139 2147/5010/139 2146/5016/139 2717/5017/139 

usemtl FrontColor
vt 2716 3.77046e-14
vn -4.07229e-33 5.57707e-17 1
vt 2755.37 4.05793e-14
v 69.9863 3 -56.0048
vt 2755.37 118.11
vt 2716 118.11
f 14/5018/400 13/5019/400 2718/5020/400 2716/5021/400 

usemtl _4
vt -56.0048 3.66211e-16
vn -1 3.51344e-17 2.56034e-34
vt -45.9848 2.93193e-16
v 69.9863 1 -45.9848
vt -45.9848 1
v 69.9863 13 -45.9848
vt -45.9848 13
v 69.9863 13 -56.0048
vt -56.0048 13
vt -56.0048 3
f 13/5022/401 12/5023/401 2719/5024/401 2720/5025/401 2721/5026/401 2718/5027/401 

usemtl FrontColor
vt -2755.37 -6.81977e-14
vn 0 -9.42727e-18 -1
vt -2716 -6.81977e-14
vt -2716 39.3701
vt -2755.37 39.3701
f 12/5028/402 11/5029/402 2717/5030/402 2719/5031/402 

v 64.0016 -1.80117e-15 -36.9522
vt -2519.75 1454.81
vn 2.28283e-17 -1 9.42727e-18
v 64.0016 -2.16573e-15 -40.1367
vt -2519.75 1580.19
v 64.1122 -2.16573e-15 -40.2912
vt -2524.1 1586.27
v 64.1122 -2.16573e-15 -40.0982
vt -2524.1 1578.67
v 64.4222 -2.16573e-15 -40.0982
vt -2536.31 1578.67
v 64.5742 -2.16573e-15 -40.284
vt -2542.29 1585.98
v 64.5742 -2.16573e-15 -40.484
vt -2542.29 1593.86
v 64.9521 -2.16573e-15 -40.689
vt -2557.17 1601.93
v 64.9521 -2.16573e-15 -42.0355
vt -2557.17 1654.94
v 65.4442 -2.16573e-15 -42.1241
vt -2576.54 1658.43
v 65.5601 -2.16573e-15 -42.2746
vt -2581.11 1664.36
v 65.5601 -2.16573e-15 -42.4946
vt -2581.11 1673.02
v 65.9597 -2.16573e-15 -42.7015
vt -2596.84 1681.16
v 65.9597 -2.16573e-15 -45.0411
vt -2596.84 1773.27
v 66.3622 -2.16573e-15 -45.1193
vt -2612.68 1776.35
v 66.5218 -2.16573e-15 -45.2557
vt -2618.97 1781.72
v 66.5218 -2.16573e-15 -45.4957
vt -2618.97 1791.17
v 66.8581 -2.16573e-15 -45.6499
vt -2632.21 1797.24
v 66.9879 -2.16573e-15 -45.9848
vt -2637.32 1810.43
vt -2716 1810.43
vt -2755.37 1810.43
v 83.9963 -2.16573e-15 -45.9848
vt -3306.94 1810.43
v 83.9963 -2.16573e-15 -45.5848
vt -3306.94 1794.68
v 84.3393 -1.44499e-15 -45.3255
vt -3320.45 1784.47
v 84.7856 -1.44382e-15 -45.2142
vt -3338.02 1780.09
v 84.9803 -1.44382e-15 -44.9477
vt -3345.68 1769.6
v 84.9803 -1.44382e-15 -35.0177
vt -3345.68 1378.65
v 84.6203 -1.44382e-15 -35.0177
vt -3331.51 1378.65
v 84.0718 -1.44382e-15 -34.3424
vt -3309.91 1352.06
v 84.0718 -1.44382e-15 -34.0087
vt -3309.91 1338.92
vt -3268.49 1338.92
vt -3229.12 1338.92
vt -2677.29 1338.92
vt -2637.92 1338.92
v 66.0032 -2.0755e-15 -34.0087
vt -2598.55 1338.92
v 66.0032 -2.0755e-15 -34.3587
vt -2598.55 1352.7
v 65.7997 -2.16688e-15 -34.5654
vt -2590.54 1360.84
v 65.6097 -2.16688e-15 -34.5654
vt -2583.06 1360.84
v 65.3082 -2.16572e-15 -34.9388
vt -2571.19 1375.54
v 64.9982 -2.16572e-15 -34.9388
vt -2558.98 1375.54
v 64.9982 -2.16572e-15 -36.3731
vt -2558.98 1432.01
v 64.8216 -2.16573e-15 -36.5774
vt -2552.03 1440.05
v 64.5916 -2.16573e-15 -36.5774
vt -2542.98 1440.05
v 64.2917 -1.4366e-15 -36.9522
vt -2531.17 1454.81
f 2722/5032/403 2723/5033/403 2724/5034/403 2725/5035/403 2726/5036/403 2727/5037/403 2728/5038/403 2729/5039/403 2730/5040/403 2731/5041/403 2732/5042/403 2733/5043/403 2734/5044/403 2735/5045/403 2736/5046/403 2737/5047/403 2738/5048/403 2739/5049/403 2740/5050/403 11/5051/403 12/5052/403 2741/5053/403 2742/5054/403 2743/5055/403 2744/5056/403 2745/5057/403 2746/5058/403 2747/5059/403 2748/5060/403 2749/5061/403 122/5062/403 123/5063/403 116/5064/403 117/5065/403 2750/5066/403 2751/5067/403 2752/5068/403 2753/5069/403 2754/5070/403 2755/5071/403 2756/5072/403 2757/5073/403 2758/5074/403 2759/5075/403 

vt -1580.19 -8.52651e-14
vt -1454.81 -7.09121e-14
v 64.0016 1 -36.9522
vt -1454.81 39.3701
v 64.0016 1 -40.1367
vt -1580.19 39.3701
f 2723/5076/3 2722/5077/3 2760/5078/3 2761/5079/3 

vt -2531.17 -5.65591e-14
vt -2519.75 -7.09121e-14
vt -2519.75 39.3701
v 64.2917 1 -36.9522
vt -2531.17 39.3701
f 2759/5080/5 2722/5081/5 2760/5082/5 2762/5083/5 

usemtl _4
v 61.0007 -2.0755e-15 -34.033
vt -61.0007 34.033
vn -7.63492e-19 -1 -2.18544e-17
v 61.0628 -2.16673e-15 -34.3679
vt -61.0628 34.3679
v 61.5877 -2.89518e-15 -35.0365
vt -61.5877 35.0365
v 62.0077 -2.89518e-15 -35.0365
vt -62.0077 35.0365
v 62.0077 -2.89518e-15 -36.3365
vt -62.0077 36.3365
v 62.6082 -1.4366e-15 -36.9522
vt -62.6082 36.9522
vt -64.0016 36.9522
vt -64.2917 36.9522
vt -64.5916 36.5774
vt -64.8216 36.5774
vt -64.9982 36.3731
vt -64.9982 34.9388
vt -65.3082 34.9388
vt -65.6097 34.5654
vt -65.7997 34.5654
vt -66.0032 34.3587
vt -66.0032 34.0087
vt -67.0032 34.0087
vt -67.0032 30.0087
v 16.006 -2.88765e-15 -30.0087
vt -16.006 30.0087
v 16.006 -2.16573e-15 -32.0053
vt -16.006 32.0053
v 0.00595797 -2.16573e-15 -32.0053
vt -0.00595797 32.0053
v 0.00595797 -2.16573e-15 -30.0053
vt -0.00595797 30.0053
v -2.01404 -2.16573e-15 -30.0053
vt 2.01404 30.0053
v -2.01404 -2.16573e-15 -28.7453
vt 2.01404 28.7453
v -2.41933 -2.16573e-15 -28.4881
vt 2.41933 28.4881
v -2.41933 -2.16573e-15 -28.2881
vt 2.41933 28.2881
v -2.55922 -2.16573e-15 -28.1183
vt 2.55922 28.1183
v -3.06902 -2.16571e-15 -27.9734
vt 3.06902 27.9734
v -4.11902 -2.16571e-15 -27.9734
vt 4.11902 27.9734
v -4.29002 -2.17011e-15 -28.232
vt 4.29002 28.232
v -4.65067 -2.88328e-15 -28.3146
vt 4.65067 28.3146
v -5.00456 -2.16573e-15 -28.6085
vt 5.00456 28.6085
v -5.00456 -2.16573e-15 -34.0385
vt 5.00456 34.0385
v 8.05351 -2.16573e-15 -34.0385
vt -8.05351 34.0385
v 8.05351 -2.16573e-15 -35.9869
vt -8.05351 35.9869
v 38.7835 -2.16573e-15 -35.9869
vt -38.7835 35.9869
v 39.0153 -2.16567e-15 -35.6985
vt -39.0153 35.6985
v 39.0153 -2.16567e-15 -34.0385
vt -39.0153 34.0385
v 46.9853 -2.16567e-15 -34.0385
vt -46.9853 34.0385
v 46.9853 -2.16567e-15 -36.8385
vt -46.9853 36.8385
v 47.1194 -2.16092e-15 -37.0129
vt -47.1194 37.0129
v 49.2894 -2.16092e-15 -37.0129
vt -49.2894 37.0129
v 49.627 -2.87862e-15 -36.5915
vt -49.627 36.5915
v 49.827 -2.87862e-15 -36.5915
vt -49.827 36.5915
v 50.0259 -2.16573e-15 -36.3804
vt -50.0259 36.3804
v 50.0259 -2.16573e-15 -34.9484
vt -50.0259 34.9484
v 50.3359 -2.16573e-15 -34.9484
vt -50.3359 34.9484
v 50.6014 -2.16688e-15 -34.5606
vt -50.6014 34.5606
v 50.8114 -2.16688e-15 -34.5606
vt -50.8114 34.5606
v 50.9545 -2.0755e-15 -34.3679
vt -50.9545 34.3679
v 50.9545 -2.0755e-15 -34.033
vt -50.9545 34.033
vt -54.9745 34.033
v 54.9745 1.44382e-15 -32.0035
vt -54.9745 32.0035
v 55.9745 -1.44382e-15 -32.0035
vt -55.9745 32.0035
vt -55.9745 34.033
f 2763/5084/404 2764/5085/404 2765/5086/404 2766/5087/404 2767/5088/404 2768/5089/404 2722/5090/404 2759/5091/404 2758/5092/404 2757/5093/404 2756/5094/404 2755/5095/404 2754/5096/404 2753/5097/404 2752/5098/404 2751/5099/404 2750/5100/404 117/5101/404 114/5102/404 2769/5103/404 2770/5104/404 2771/5105/404 2772/5106/404 2773/5107/404 2774/5108/404 2775/5109/404 2776/5110/404 2777/5111/404 2778/5112/404 2779/5113/404 2780/5114/404 2781/5115/404 2782/5116/404 2783/5117/404 2784/5118/404 2785/5119/404 2786/5120/404 2787/5121/404 2788/5122/404 2789/5123/404 2790/5124/404 2791/5125/404 2792/5126/404 2793/5127/404 2794/5128/404 2795/5129/404 2796/5130/404 2797/5131/404 2798/5132/404 2799/5133/404 2800/5134/404 2801/5135/404 89/5136/404 2802/5137/404 2803/5138/404 88/5139/404 

vt -44.9285 -1.87657e-15
vn -0.983227 5.39628e-18 -0.182387
vt -44.5879 -1.78534e-15
v 61.0007 5 -34.033
vt -44.5879 5
v 61.0628 5 -34.3679
vt -44.9285 5
f 2764/5140/405 2763/5141/405 2804/5142/405 2805/5143/405 

vt -61.0007 -2.0755e-15
vt -55.9745 -1.44382e-15
v 55.9745 5 -34.033
vt -55.9745 5
vt -61.0007 5
f 2763/5144/5 88/5145/5 2806/5146/5 2804/5147/5 

v 55.9745 5 -32.0035
vt -32.0035 5
vt -34.033 5
vt -34.033 -1.44382e-15
vt -32.0035 -1.44382e-15
f 2807/5148/3 2806/5149/3 88/5150/3 2803/5151/3 

vt 61.0007 34.033
vn 4.13936e-18 1 2.64419e-17
vt 55.9745 34.033
vt 55.9745 32.0035
v 54.9745 5 -32.0035
vt 54.9745 32.0035
v 54.9745 5 -34.033
vt 54.9745 34.033
v 50.9545 5 -34.033
vt 50.9545 34.033
v 50.9545 5 -34.3679
vt 50.9545 34.3679
v 50.8114 5 -34.5606
vt 50.8114 34.5606
v 50.6014 5 -34.5606
vt 50.6014 34.5606
v 50.3359 5 -34.9484
vt 50.3359 34.9484
v 50.0259 5 -34.9484
vt 50.0259 34.9484
v 50.0259 5 -36.3804
vt 50.0259 36.3804
v 49.827 5 -36.5915
vt 49.827 36.5915
v 49.627 5 -36.5915
vt 49.627 36.5915
v 49.2894 5 -37.0129
vt 49.2894 37.0129
v 47.1194 5 -37.0129
vt 47.1194 37.0129
v 46.9853 5 -36.8385
vt 46.9853 36.8385
v 46.9853 5 -34.0385
vt 46.9853 34.0385
v 39.0153 5 -34.0385
vt 39.0153 34.0385
v 39.0153 5 -35.6985
vt 39.0153 35.6985
v 38.7835 5 -35.9869
vt 38.7835 35.9869
v 8.05351 5 -35.9869
vt 8.05351 35.9869
v 8.05351 5 -34.0385
vt 8.05351 34.0385
v -5.00456 5 -34.0385
vt -5.00456 34.0385
v -5.00456 5 -28.6085
vt -5.00456 28.6085
v -4.65067 5 -28.3146
vt -4.65067 28.3146
v -4.29002 5 -28.232
vt -4.29002 28.232
v -4.11902 5 -27.9734
vt -4.11902 27.9734
v -3.06902 5 -27.9734
vt -3.06902 27.9734
v -2.55922 5 -28.1183
vt -2.55922 28.1183
v -2.41933 5 -28.2881
vt -2.41933 28.2881
v -2.41933 5 -28.4881
vt -2.41933 28.4881
v -2.01404 5 -28.7453
vt -2.01404 28.7453
v -2.01404 5 -30.0053
vt -2.01404 30.0053
v 0.00595797 5 -30.0053
vt 0.00595797 30.0053
v 0.00595797 5 -32.0053
vt 0.00595797 32.0053
v 16.006 5 -32.0053
vt 16.006 32.0053
v 16.006 5 -30.0087
vt 16.006 30.0087
v 67.0032 5 -30.0087
vt 67.0032 30.0087
v 67.0032 5 -34.0087
vt 67.0032 34.0087
v 66.0032 5 -34.0087
vt 66.0032 34.0087
v 66.0032 5 -34.3587
vt 66.0032 34.3587
v 65.7997 5 -34.5654
vt 65.7997 34.5654
v 65.6097 5 -34.5654
vt 65.6097 34.5654
v 65.3082 5 -34.9388
vt 65.3082 34.9388
v 64.9982 5 -34.9388
vt 64.9982 34.9388
v 64.9982 5 -36.3731
vt 64.9982 36.3731
v 64.8216 5 -36.5774
vt 64.8216 36.5774
v 64.5916 5 -36.5774
vt 64.5916 36.5774
v 64.2917 5 -36.9522
vt 64.2917 36.9522
v 64.0016 5 -36.9522
vt 64.0016 36.9522
v 62.6082 5 -36.9522
vt 62.6082 36.9522
v 62.0077 5 -36.3365
vt 62.0077 36.3365
v 62.0077 5 -35.0365
vt 62.0077 35.0365
v 61.5877 5 -35.0365
vt 61.5877 35.0365
vt 61.0628 34.3679
f 2804/5152/406 2806/5153/406 2807/5154/406 2808/5155/406 2809/5156/406 2810/5157/406 2811/5158/406 2812/5159/406 2813/5160/406 2814/5161/406 2815/5162/406 2816/5163/406 2817/5164/406 2818/5165/406 2819/5166/406 2820/5167/406 2821/5168/406 2822/5169/406 2823/5170/406 2824/5171/406 2825/5172/406 2826/5173/406 2827/5174/406 2828/5175/406 2829/5176/406 2830/5177/406 2831/5178/406 2832/5179/406 2833/5180/406 2834/5181/406 2835/5182/406 2836/5183/406 2837/5184/406 2838/5185/406 2839/5186/406 2840/5187/406 2841/5188/406 2842/5189/406 2843/5190/406 2844/5191/406 2845/5192/406 2846/5193/406 2847/5194/406 2848/5195/406 2849/5196/406 2850/5197/406 2851/5198/406 2852/5199/406 2853/5200/406 2854/5201/406 2855/5202/406 2856/5203/406 2857/5204/406 2858/5205/406 2859/5206/406 2805/5207/406 

vt -54.9745 5
vn -1.15555e-30 -5.33562e-16 -1
vt -55.9745 1.5632e-14
vt -54.9745 1.85197e-14
f 2808/5208/407 2807/5146/407 2803/5209/407 2802/5210/407 

vt 34.033 5
vt 32.0035 5
vt 32.0035 1.44382e-15
vt 34.033 -1.44382e-15
f 2809/5211/1 2808/5212/1 2802/5213/1 89/5214/1 

vt -54.9745 -1.44382e-15
vt -50.9545 -2.0755e-15
vt -50.9545 5
f 2809/5208/5 89/5215/5 2801/5216/5 2810/5217/5 

vt 34.033 -2.00257e-15
vn 1 -1.43116e-18 -0
vt 34.3679 -2.00257e-15
vt 34.3679 5
f 2801/5218/408 2800/5219/408 2811/5220/408 2810/5211/408 

vt -2.80372 -2.80587e-15
vn 0.802676 1.18959e-17 -0.596415
vt -2.56372 -2.89726e-15
vt -2.56372 5
vt -2.80372 5
f 2800/5221/409 2799/5222/409 2812/5223/409 2811/5224/409 

vt -50.8114 -2.92278e-15
vn 0 2.18718e-17 -1
vt -50.6014 -2.92278e-15
vt -50.6014 5
vt -50.8114 5
f 2799/5225/410 2798/5226/410 2813/5227/410 2812/5228/410 

vt -0.0648979 -2.85159e-15
vn 0.825176 1.11739e-17 -0.564875
vt 0.405102 -2.85044e-15
vt 0.405102 5
vt -0.0648979 5
f 2798/5229/411 2797/5230/411 2814/5231/411 2813/5232/411 

vt -50.3359 -2.93011e-15
vt -50.0259 -2.93011e-15
vt -50.0259 5
vt -50.3359 5
f 2797/5233/410 2796/5234/410 2815/5235/410 2814/5236/410 

vt 34.9484 -2.09413e-15
vt 36.3804 -2.09413e-15
vt 36.3804 5
vt 34.9484 5
f 2796/5237/408 2795/5238/408 2816/5239/408 2815/5240/408 

vt -7.81645 -3.02196e-15
vn 0.727947 1.39542e-17 -0.685634
vt -7.52645 -3.73484e-15
vt -7.52645 5
vt -7.81645 5
f 2795/5241/412 2794/5242/412 2817/5243/412 2816/5244/412 

vt -49.827 -3.67894e-15
vt -49.627 -3.67894e-15
vt -49.627 5
vt -49.827 5
f 2794/5245/410 2793/5246/410 2818/5247/410 2817/5248/410 

vt -2.47152 -3.65231e-15
vn 0.780434 1.25582e-17 -0.625239
vt -1.93152 -2.93462e-15
vt -1.93152 5
vt -2.47152 5
f 2793/5249/413 2792/5250/413 2819/5251/413 2818/5252/413 

vt -49.2894 -2.97046e-15
vt -47.1194 -2.97046e-15
vt -47.1194 5
vt -49.2894 5
f 2792/5253/410 2791/5254/410 2820/5255/410 2819/5256/410 

vt -58.0655 -1.94701e-15
vn -0.792665 1.44687e-17 -0.609658
vt -57.8455 -1.95175e-15
vt -57.8455 5
vt -58.0655 5
f 2791/5257/414 2790/5258/414 2821/5259/414 2820/5260/414 

vt -36.8385 -2.09843e-15
vn -1 1.43116e-18 -0
vt -34.0385 -2.09843e-15
vt -34.0385 5
vt -36.8385 5
f 2790/5261/415 2789/5262/415 2822/5263/415 2821/5264/415 

vt -46.9853 -2.91015e-15
vt -39.0153 -2.91015e-15
vt -39.0153 5
vt -46.9853 5
f 2789/5265/410 2788/5266/410 2823/5267/410 2822/5268/410 

vt 34.0385 -2.10983e-15
vt 35.6985 -2.10983e-15
vt 35.6985 5
vt 34.0385 5
f 2788/5269/408 2787/5270/408 2824/5271/408 2823/5272/408 

vt 3.38441 -2.82989e-15
vn 0.779461 1.25861e-17 -0.626451
vt 3.75441 -2.82996e-15
vt 3.75441 5
vt 3.38441 5
f 2787/5273/416 2786/5274/416 2825/5275/416 2824/5276/416 

vt -38.7835 -2.95283e-15
vt -8.05351 -2.95283e-15
vt -8.05351 5
vt -38.7835 5
f 2786/5277/410 2785/5278/410 2826/5279/410 2825/5280/410 

vt -35.9869 -2.15421e-15
vt -34.0385 -2.15421e-15
vt -35.9869 5
f 2785/5281/415 2784/5282/415 2827/5263/415 2826/5283/415 

vt -8.05351 -2.91022e-15
vt 5.00456 -2.91022e-15
vt 5.00456 5
f 2784/5284/410 2783/5285/410 2828/5286/410 2827/5279/410 

vt -34.0385 -2.1729e-15
vt -28.6085 -2.1729e-15
vt -28.6085 5
f 2783/5287/415 2782/5288/415 2829/5289/415 2828/5263/415 

vt -22.1272 -2.46507e-15
vn -0.638869 -1.5912e-17 0.769316
vt -21.6672 -3.18261e-15
vt -21.6672 5
vt -22.1272 5
f 2782/5290/417 2781/5291/417 2830/5292/417 2829/5293/417 

vt -10.8587 -3.44102e-15
vn -0.223402 -2.09993e-17 0.974726
vt -10.4887 -2.72785e-15
vt -10.4887 5
vt -10.8587 5
f 2781/5294/418 2780/5295/418 2831/5296/418 2830/5297/418 

vt -25.9146 -2.30051e-15
vn -0.834096 -1.08712e-17 0.551619
vt -25.6046 -2.29611e-15
vt -25.6046 5
vt -25.9146 5
f 2780/5298/419 2779/5299/419 2832/5300/419 2831/5301/419 

vt -4.11902 -2.77754e-15
vn 0 -2.18718e-17 1
vt -3.06902 -2.77754e-15
vt -3.06902 5
vt -4.11902 5
f 2779/5302/420 2778/5303/420 2833/5304/420 2832/5305/420 

vt 4.6976 -2.7603e-15
vn 0.273461 -2.14295e-17 0.961883
vt 5.2276 -2.76033e-15
vt 5.2276 5
vt 4.6976 5
f 2778/5306/421 2777/5307/421 2834/5308/421 2833/5309/421 

vt 20.074 -2.46381e-15
vn 0.771785 -1.50125e-17 0.635883
vt 20.294 -2.46381e-15
vt 20.294 5
vt 20.074 5
f 2777/5310/422 2776/5311/422 2835/5312/422 2834/5313/422 

vt 28.2881 -2.1692e-15
vt 28.4881 -2.1692e-15
vt 28.4881 5
vt 28.2881 5
f 2776/5314/408 2775/5315/408 2836/5316/408 2835/5317/408 

vt 13.2211 -2.65332e-15
vn 0.535796 -1.92342e-17 0.844348
vt 13.7011 -2.65332e-15
vt 13.7011 5
vt 13.2211 5
f 2775/5318/423 2774/5319/423 2837/5320/423 2836/5321/423 

vt 28.7453 -2.16862e-15
vt 30.0053 -2.16862e-15
vt 30.0053 5
vt 28.7453 5
f 2774/5322/408 2773/5323/408 2838/5324/408 2837/5325/408 

vt -2.01404 -2.822e-15
vt 0.00595797 -2.822e-15
vt 0.00595797 5
vt -2.01404 5
f 2773/5326/420 2772/5327/420 2839/5328/420 2838/5329/420 

vt 30.0053 -2.16573e-15
vt 32.0053 -2.16573e-15
vt 32.0053 5
f 2772/5330/408 2771/5331/408 2840/5332/408 2839/5324/408 

vt 0.00595797 -2.86575e-15
vt 16.006 -2.86575e-15
vt 16.006 5
f 2771/5333/420 2770/5334/420 2841/5335/420 2840/5328/420 

vt -32.0053 -2.14283e-15
vn -1 1.43116e-18 5.17457e-34
vt -30.0087 -2.86474e-15
vt -30.0087 5
vt -32.0053 5
f 2770/5336/424 2769/5337/424 2842/5338/424 2841/5339/424 

vt 16.006 -3.54399e-15
vt 67.0032 -3.54399e-15
vt 67.0032 5
f 2769/5340/420 114/5341/420 2843/5342/420 2842/5335/420 

vt 30.0087 -2.88765e-15
vt 34.0087 -2.0755e-15
v 67.0032 1 -34.0087
vt 34.0087 1
vt 34.0087 5
vt 30.0087 5
f 114/5343/1 117/5344/1 2860/5345/1 2844/5346/1 2843/5347/1 

usemtl FrontColor
vt -2637.92 -8.17124e-14
vt -2598.55 -8.17124e-14
v 66.0032 1 -34.0087
vt -2598.55 39.3701
vt -2637.92 39.3701
f 117/5348/5 2750/5349/5 2861/5350/5 2860/5351/5 

vt 1338.92 -8.17124e-14
vt 1352.7 -8.17124e-14
v 66.0032 1 -34.3587
vt 1352.7 39.3701
vt 1338.92 39.3701
f 2750/5352/1 2751/5353/1 2862/5354/1 2861/5355/1 

vt -858.827 -8.14253e-14
vn 0.712675 -1.02516e-19 -0.701494
vt -847.41 -8.50232e-14
v 65.7997 1 -34.5654
vt -847.41 39.3701
vt -858.827 39.3701
f 2751/5356/425 2752/5357/425 2863/5358/425 2862/5359/425 

vt -2590.54 -8.53103e-14
vt -2583.06 -8.53103e-14
v 65.6097 1 -34.5654
vt -2583.06 39.3701
vt -2590.54 39.3701
f 2752/5360/5 2753/5361/5 2864/5362/5 2863/5363/5 

vt -564.02 -8.53103e-14
vn 0.77802 0 -0.62824
vt -545.122 -8.52647e-14
v 65.3082 1 -34.9388
vt -545.122 39.3701
vt -564.02 39.3701
f 2753/5364/426 2754/5365/426 2865/5366/426 2864/5367/426 

vt -2571.19 -8.52647e-14
vt -2558.98 -8.52647e-14
v 64.9982 1 -34.9388
vt -2558.98 39.3701
vt -2571.19 39.3701
f 2754/5368/5 2755/5369/5 2866/5370/5 2865/5371/5 

vt 1375.54 -8.52647e-14
vt 1432.01 -8.52647e-14
v 64.9982 1 -36.3731
vt 1432.01 39.3701
vt 1375.54 39.3701
f 2755/5372/1 2756/5373/1 2867/5374/1 2866/5375/1 

vt -590.412 -8.52647e-14
vn 0.756461 0 -0.654039
vt -579.782 -8.52651e-14
v 64.8216 1 -36.5774
vt -579.782 39.3701
vt -590.412 39.3701
f 2756/5376/427 2757/5377/427 2868/5378/427 2867/5379/427 

vt -2552.03 -8.52651e-14
vt -2542.98 -8.52651e-14
v 64.5916 1 -36.5774
vt -2542.98 39.3701
vt -2552.03 39.3701
f 2757/5380/5 2758/5381/5 2869/5382/5 2868/5383/5 

vt -464.232 -1.18268e-13
vn 0.780838 1.14381e-17 -0.624733
vt -445.334 -8.95616e-14
vt -445.334 39.3701
vt -464.232 39.3701
f 2758/5384/428 2759/5385/428 2762/5386/428 2869/5387/428 

usemtl Color_C02
vt 2519.75 1580.19
vn -2.29196e-17 1 -7.26876e-18
vt 2519.75 1454.81
vt 2531.17 1454.81
vt 2542.98 1440.05
vt 2552.03 1440.05
vt 2558.98 1432.01
vt 2558.98 1375.54
vt 2571.19 1375.54
vt 2583.06 1360.84
vt 2590.54 1360.84
vt 2598.55 1352.7
vt 2598.55 1338.92
vt 2637.92 1338.92
v 68.0032 1 -34.0087
vt 2677.29 1338.92
v 82.0195 1 -34.0087
vt 3229.12 1338.92
v 83.0195 1 -34.0087
vt 3268.49 1338.92
v 84.0718 1 -34.0087
vt 3309.91 1338.92
v 84.0718 1 -34.3424
vt 3309.91 1352.06
v 84.6203 1 -35.0177
vt 3331.51 1378.65
v 84.9803 1 -35.0177
vt 3345.68 1378.65
v 84.9803 1 -44.9477
vt 3345.68 1769.6
v 84.7856 1 -45.2142
vt 3338.02 1780.09
v 84.3393 1 -45.3255
vt 3320.45 1784.47
v 83.9963 1 -45.5848
vt 3306.94 1794.68
v 83.9963 1 -45.9848
vt 3306.94 1810.43
vt 2755.37 1810.43
vt 2716 1810.43
v 66.9879 1 -45.9848
vt 2637.32 1810.43
v 66.8581 1 -45.6499
vt 2632.21 1797.24
v 66.5218 1 -45.4957
vt 2618.97 1791.17
v 66.5218 1 -45.2557
vt 2618.97 1781.72
v 66.3622 1 -45.1193
vt 2612.68 1776.35
v 65.9597 1 -45.0411
vt 2596.84 1773.27
v 65.9597 1 -42.7015
vt 2596.84 1681.16
v 65.5601 1 -42.4946
vt 2581.11 1673.02
v 65.5601 1 -42.2746
vt 2581.11 1664.36
v 65.4442 1 -42.1241
vt 2576.54 1658.43
v 64.9521 1 -42.0355
vt 2557.17 1654.94
v 64.9521 1 -40.689
vt 2557.17 1601.93
v 64.5742 1 -40.484
vt 2542.29 1593.86
v 64.5742 1 -40.284
vt 2542.29 1585.98
v 64.4222 1 -40.0982
vt 2536.31 1578.67
v 64.1122 1 -40.0982
vt 2524.1 1578.67
v 64.1122 1 -40.2912
vt 2524.1 1586.27
f 2761/5388/429 2760/5389/429 2762/5390/429 2869/5391/429 2868/5392/429 2867/5393/429 2866/5394/429 2865/5395/429 2864/5396/429 2863/5397/429 2862/5398/429 2861/5399/429 2860/5400/429 2870/5401/429 2871/5402/429 2872/5403/429 2873/5404/429 2874/5405/429 2875/5406/429 2876/5407/429 2877/5408/429 2878/5409/429 2879/5410/429 2880/5411/429 2881/5412/429 2719/5413/429 2717/5414/429 2882/5415/429 2883/5416/429 2884/5417/429 2885/5418/429 2886/5419/429 2887/5420/429 2888/5421/429 2889/5422/429 2890/5423/429 2891/5424/429 2892/5425/429 2893/5426/429 2894/5427/429 2895/5428/429 2896/5429/429 2897/5430/429 2898/5431/429 

usemtl _4
vt -64.2917 5
vt -64.2917 1
vt -64.0016 1
vt -64.0016 5
f 2854/5432/5 2762/5433/5 2760/5434/5 2855/5435/5 

vt -11.7915 5
vn 0.780838 1.22675e-18 -0.624733
vt -11.7915 1
vt -11.3115 1
vt -11.3115 5
f 2853/5436/430 2869/5437/430 2762/5438/430 2854/5439/430 

vt -64.8216 5
vt -64.8216 1
vt -64.5916 1
vt -64.5916 5
f 2852/5440/5 2868/5441/5 2869/5442/5 2853/5443/5 

vt -14.9965 5
vn 0.756461 4.95389e-19 -0.654039
vt -14.9965 1
vt -14.7265 1
vt -14.7265 5
f 2851/5444/431 2867/5445/431 2868/5446/431 2852/5447/431 

vt 34.9388 5
vt 34.9388 1
vt 36.3731 1
vt 36.3731 5
f 2850/5448/1 2866/5449/1 2867/5450/1 2851/5451/1 

vt -65.3082 5
vt -65.3082 1
vt -64.9982 1
vt -64.9982 5
f 2849/5452/5 2865/5453/5 2866/5454/5 2850/5455/5 

vt -14.3261 5
vn 0.77802 -1.17157e-19 -0.62824
vt -14.3261 1
vt -13.8461 1
vt -13.8461 5
f 2848/5456/432 2864/5457/432 2865/5458/432 2849/5459/432 

vt -65.7997 5
vt -65.7997 1
vt -65.6097 1
vt -65.6097 5
f 2847/5460/5 2863/5461/5 2864/5462/5 2848/5463/5 

vt -21.8142 5
vn 0.712675 4.59392e-19 -0.701494
vt -21.8142 1
vt -21.5242 1
vt -21.5242 5
f 2846/5464/433 2862/5465/433 2863/5466/433 2847/5467/433 

vt 34.3587 1
vt 34.3587 5
f 2845/5346/1 2861/5345/1 2862/5468/1 2846/5469/1 

vt -67.0032 5
vt -67.0032 1
vt -66.0032 1
vt -66.0032 5
f 2844/5470/5 2860/5471/5 2861/5472/5 2845/5473/5 

vt -64.0016 -1.80117e-15
vt -62.6082 -1.4366e-15
vt -62.6082 5
f 2722/5474/5 2768/5475/5 2856/5476/5 2855/5435/5 2760/5434/5 

vt -70.1667 -1.12662e-15
vn -0.715922 1.62951e-17 -0.69818
vt -69.3067 -2.58519e-15
vt -69.3067 5
vt -70.1667 5
f 2768/5477/434 2767/5478/434 2857/5479/434 2856/5480/434 

vt -36.3365 -2.80643e-15
vt -35.0365 -2.80643e-15
vt -35.0365 5
vt -36.3365 5
f 2767/5481/415 2766/5482/415 2858/5483/415 2857/5484/415 

vt -62.0077 -3.66149e-15
vt -61.5877 -3.66149e-15
vt -61.5877 5
vt -62.0077 5
f 2766/5485/410 2765/5486/410 2859/5487/410 2858/5488/410 

vt -65.5905 -2.50296e-15
vn -0.78654 1.46324e-17 -0.61754
vt -64.7405 -1.77452e-15
vt -64.7405 5
vt -65.5905 5
f 2765/5489/435 2764/5490/435 2805/5491/435 2859/5492/435 

usemtl FrontColor
vt 2637.92 -8.17124e-14
vt 2677.29 -8.52651e-14
vt 2677.29 39.3701
vt 2637.92 39.3701
f 117/5493/7 116/5494/7 2870/5495/7 2860/5496/7 

vt -3229.12 -8.23904e-14
vt -2677.29 -8.52651e-14
vt -2677.29 39.3701
vt -3229.12 39.3701
f 123/5497/5 116/5498/5 2870/5499/5 2871/5500/5 

usemtl _4
v 76.8795 -1.44382e-15 -26.9887
vt -76.8795 26.9887
vn 5.22578e-17 -1 1.52987e-17
v 76.7602 -2.1657e-15 -27.2082
vt -76.7602 27.2082
v 76.3308 -2.16891e-15 -27.3042
vt -76.3308 27.3042
v 76.0132 -2.88765e-15 -27.6087
vt -76.0132 27.6087
v 76.0132 -2.88765e-15 -30.0087
vt -76.0132 30.0087
vt -68.0032 30.0087
vt -68.0032 34.0087
vt -82.0195 34.0087
vt -82.0195 26.9887
f 2899/5501/436 2900/5502/436 2901/5503/436 2902/5504/436 2903/5505/436 115/5506/436 116/5507/436 123/5508/436 120/5509/436 

vt 12.7678 -5.27042e-15
vn -0.878508 -3.86003e-17 0.477728
vt 13.0177 -4.54855e-15
v 76.8795 5 -26.9887
vt 13.0177 5
v 76.7602 5 -27.2082
vt 12.7678 5
f 2900/5510/437 2899/5511/437 2904/5512/437 2905/5513/437 

vt 76.8795 -1.03093e-15
vn 0 1.52987e-17 1
vt 82.0195 -1.03093e-15
v 82.0195 5 -26.9887
vt 82.0195 5
vt 76.8795 5
f 2899/5514/438 120/5515/438 2906/5516/438 2904/5517/438 

vt 26.9887 -1.44382e-15
vt 34.0087 -2.09272e-15
v 82.0195 5 -34.0087
vt 26.9887 5
f 120/5518/1 123/5519/1 2871/5345/1 2907/5346/1 2906/5520/1 

usemtl FrontColor
vt 3229.12 -8.23904e-14
vt 3268.49 -8.52651e-14
vt 3268.49 39.3701
vt 3229.12 39.3701
f 123/5521/7 122/5522/7 2872/5523/7 2871/5524/7 

usemtl _4
vt -34.0087 7.51108e-16
vn -1 3.51344e-17 -3.6131e-33
vt -26.9887 1.47302e-15
v 83.0195 13 -26.9887
vt -26.9887 13
v 83.0195 13 -34.0087
vt -34.0087 13
vt -34.0087 1
f 122/5525/439 121/5526/439 2908/5527/439 2909/5528/439 2872/5529/439 

vt 85.8266 -1.1497e-15
vn 0.477728 -1.84391e-17 0.878508
v 83.5642 -1.44382e-15 -27.2849
vt 86.4466 -1.1497e-15
v 83.5642 13 -27.2849
vt 86.4466 13
vt 85.8266 13
f 121/5530/440 2910/5531/440 2911/5532/440 2908/5533/440 

vt 27.2849 1.49216e-15
vn 1 -3.51344e-17 -0
v 83.5642 -1.44382e-15 -27.4949
vt 27.4949 1.49216e-15
v 83.5642 13 -27.4949
vt 27.4949 13
vt 27.2849 13
f 2910/5534/441 2912/5535/441 2913/5536/441 2911/5537/441 

vt 86.8522 -1.19457e-15
vn 0.459598 -1.78202e-17 0.888127
v 83.9461 -2.16908e-15 -27.6925
vt 87.2822 -1.91983e-15
v 83.9461 13 -27.6925
vt 87.2822 13
vt 86.8522 13
f 2912/5538/442 2914/5539/442 2915/5540/442 2913/5541/442 

vt 27.6925 7.80313e-16
v 83.9461 -2.16908e-15 -29.9952
vt 29.9952 7.80313e-16
v 83.9461 13 -29.9952
vt 29.9952 13
vt 27.6925 13
f 2914/5542/441 2916/5543/441 2917/5544/441 2915/5545/441 

vt 83.9461 -2.22557e-15
vn 0 -1.88316e-18 1
v 86.0161 -2.16908e-15 -29.9952
vt 86.0161 -2.22557e-15
v 86.0161 13 -29.9952
vt 86.0161 13
vt 83.9461 13
f 2916/5546/443 2918/5547/443 2919/5548/443 2917/5549/443 

vt 91.0952 -2.16399e-15
vn 0.333187 -1.34819e-17 0.942861
v 86.431 -2.88582e-15 -30.1418
vt 91.5352 -2.88072e-15
v 86.431 13 -30.1418
vt 91.5352 13
vt 91.0952 13
f 2918/5550/444 2920/5551/444 2921/5552/444 2919/5553/444 

vt 83.5359 -1.93183e-15
vn 0.686558 -2.5491e-17 0.727075
v 86.5837 -1.46476e-15 -30.286
vt 83.7459 -5.10775e-16
v 86.5837 13 -30.286
vt 83.7459 13
vt 83.5359 13
f 2920/5554/445 2922/5555/445 2923/5556/445 2921/5557/445 

vt 30.286 1.5773e-15
v 86.5837 -1.46476e-15 -30.616
vt 30.616 1.5773e-15
v 86.5837 13 -30.616
vt 30.616 13
vt 30.286 13
f 2922/5558/441 2924/5559/441 2925/5560/441 2923/5561/441 

vt 90.0849 -1.11573e-15
vn 0.510304 -1.95487e-17 0.859994
v 86.9621 -2.87856e-15 -30.8405
vt 90.5249 -2.52952e-15
v 86.9621 13 -30.8405
vt 90.5249 13
vt 90.0849 13
f 2924/5562/446 2926/5563/446 2927/5564/446 2925/5565/446 

vt 30.8405 1.76805e-16
v 86.9621 -2.87856e-15 -34.3405
vt 34.3405 1.76805e-16
v 86.9621 13 -34.3405
vt 34.3405 13
vt 30.8405 13
f 2926/5566/441 2928/5567/441 2929/5568/441 2927/5569/441 

vt -18.9946 -2.83881e-16
vn 0.836092 -2.83425e-17 -0.54859
v 86.803 -1.42425e-15 -34.583
vt -18.7046 1.17043e-15
v 86.803 13 -34.583
vt -18.7046 13
vt -18.9946 13
f 2928/5570/447 2930/5571/447 2931/5572/447 2929/5573/447 

vt -86.803 -1.48937e-15
vn 0 1.88316e-18 -1
v 86.5837 -1.42425e-15 -34.583
vt -86.5837 -1.48937e-15
v 86.5837 13 -34.583
vt -86.5837 13
vt -86.803 13
f 2930/5574/448 2932/5575/448 2933/5576/448 2931/5577/448 

vt -27.3617 9.09678e-16
vn 0.778917 -2.61858e-17 -0.627127
v 86.2826 -1.44372e-15 -34.9569
vt -26.8817 8.90203e-16
v 86.2826 13 -34.9569
vt -26.8817 13
vt -27.3617 13
f 2932/5578/449 2934/5579/449 2935/5580/449 2933/5581/449 

vt -86.2826 -1.50955e-15
v 86.0226 -1.44372e-15 -34.9569
vt -86.0226 -1.50955e-15
v 86.0226 13 -34.9569
vt -86.0226 13
vt -86.2826 13
f 2934/5582/448 2936/5583/448 2937/5584/448 2935/5585/448 

vt 34.9569 1.57863e-15
v 86.0226 -1.44372e-15 -42.0569
vt 42.0569 1.57863e-15
v 86.0226 13 -42.0569
vt 42.0569 13
vt 34.9569 13
f 2936/5586/441 2938/5587/441 2939/5588/441 2937/5589/441 

vt 92.3894 -1.65621e-15
vn 0.187763 -8.44661e-18 0.982214
v 86.4352 -2.17111e-15 -42.1357
vt 92.8094 -2.3836e-15
v 86.4352 13 -42.1357
vt 92.8094 13
vt 92.3894 13
f 2938/5590/450 2940/5591/450 2941/5592/450 2939/5593/450 

vt 90.2652 -1.288e-15
vn 0.721181 -2.66428e-17 0.692747
v 86.5599 -2.16569e-15 -42.2655
vt 90.4452 -1.28259e-15
v 86.5599 13 -42.2655
vt 90.4452 13
vt 90.2652 13
f 2940/5594/451 2942/5595/451 2943/5596/451 2941/5597/451 

vt 42.2655 8.7554e-16
v 86.5599 -2.16569e-15 -42.5055
vt 42.5055 8.7554e-16
v 86.5599 13 -42.5055
vt 42.5055 13
vt 42.2655 13
f 2942/5598/441 2944/5599/441 2945/5600/441 2943/5601/441 

vt 96.4205 -2.13823e-15
vn 0.455186 -1.76695e-17 0.890396
v 86.9516 -2.16573e-15 -42.7058
vt 96.8605 -2.13827e-15
v 86.9516 13 -42.7058
vt 96.8605 13
vt 96.4205 13
f 2944/5602/452 2946/5603/452 2947/5604/452 2945/5605/452 

vt 63.2302 3.64511e-16
vn 0.967759 -3.4476e-17 0.251878
v 87.0222 -2.53138e-15 -42.9768
vt 63.5102 -1.13806e-18
v 87.0222 13 -42.9768
vt 63.5102 13
vt 63.2302 13
f 2946/5606/453 2948/5607/453 2949/5608/453 2947/5609/453 

vt 87.0222 -2.61232e-15
v 89.9922 -2.53138e-15 -42.9768
vt 89.9922 -2.61232e-15
v 89.9922 13 -42.9768
vt 89.9922 13
vt 87.0222 13
f 2948/5610/443 2950/5611/443 2951/5612/443 2949/5613/443 

vt 42.9768 6.30438e-16
v 89.9922 -2.53138e-15 -44.0512
vt 44.0512 6.30438e-16
v 89.9922 13 -44.0512
vt 44.0512 13
vt 42.9768 13
f 2950/5614/441 2952/5615/441 2953/5616/441 2951/5617/441 

vt 96.7605 -2.75439e-15
vn 0.191429 -8.57406e-18 0.981507
v 90.4437 -2.16199e-15 -44.1392
vt 97.2205 -2.385e-15
v 90.4437 13 -44.1392
vt 97.2205 13
vt 96.7605 13
f 2952/5618/454 2954/5619/454 2955/5620/454 2953/5621/454 

vt 96.0729 -1.3982e-15
vn 0.686329 -2.54834e-17 0.727291
v 90.5891 -2.16565e-15 -44.2765
vt 96.2729 -1.40186e-15
v 90.5891 13 -44.2765
vt 96.2729 13
vt 96.0729 13
f 2954/5622/455 2956/5623/455 2957/5624/455 2955/5625/455 

vt 44.2765 1.01715e-15
v 90.5891 -2.16565e-15 -44.5065
vt 44.5065 1.01715e-15
v 90.5891 13 -44.5065
vt 44.5065 13
vt 44.2765 13
f 2956/5626/441 2958/5627/441 2959/5628/441 2957/5629/441 

vt 100.91 -2.2003e-15
vn 0.422231 -1.65419e-17 0.906488
v 91.0061 -2.16573e-15 -44.7007
vt 101.37 -2.20039e-15
v 91.0061 13 -44.7007
vt 101.37 13
vt 100.91 13
f 2958/5630/456 2960/5631/456 2961/5632/456 2959/5633/456 

vt -44.7007 1.03171e-15
vn -1 3.51344e-17 -0
v 91.0061 -2.16573e-15 -44.5507
vt -44.5507 1.03171e-15
v 91.0061 13 -44.5507
vt -44.5507 13
vt -44.7007 13
f 2960/5634/457 2962/5635/457 2963/5636/457 2961/5637/457 

vt 45.8899 -3.92049e-16
vn -0.601634 1.96338e-17 0.798772
v 91.3256 -2.16573e-15 -44.31
vt 46.2899 -3.92049e-16
v 91.3256 13 -44.31
vt 46.2899 13
vt 45.8899 13
f 2962/5638/458 2964/5639/458 2965/5640/458 2963/5641/458 

vt 78.7319 -1.767e-15
vn -0.229301 6.22337e-18 0.973356
v 91.7441 -2.16573e-15 -44.2114
vt 79.1619 -1.767e-15
v 91.7441 13 -44.2114
vt 79.1619 13
vt 78.7319 13
f 2964/5642/459 2966/5643/459 2967/5644/459 2965/5645/459 

vt 2.42508 9.31513e-16
vn -0.890262 3.04211e-17 0.45545
v 91.86 -2.88765e-15 -43.985
vt 2.67947 2.09602e-16
v 91.86 13 -43.985
vt 2.67947 13
vt 2.42508 13
f 2966/5646/460 2968/5647/460 2969/5648/460 2967/5649/460 

vt 91.86 -2.97048e-15
vt 92.9859 -2.97048e-15
v 92.9859 13 -43.985
vt 92.9859 13
vt 91.86 13
f 2968/5650/443 148/5651/443 2970/5652/443 2969/5653/443 

vt 43.985 3.79359e-16
vn 1 -3.51344e-17 -4.20629e-33
vt 50.015 1.10127e-15
v 92.9859 3 -50.015
vt 50.015 3
v 92.9859 13 -50.015
vt 50.015 13
f 148/5654/461 152/5655/461 2971/5656/461 2972/5657/461 2970/4570/461 

usemtl FrontColor
vt 3660.86 2.45526e-14
vn 0 5.57707e-17 1
vt 3700.23 2.45526e-14
vt 3700.23 118.11
vt 3660.86 118.11
f 152/5658/462 153/5659/462 2608/5660/462 2971/5661/462 

usemtl Color_C02
vt 2755.37 2204.91
vn 7.33602e-18 1 -5.57707e-17
v 70.3046 3 -56.0048
vt 2767.9 2204.91
v 70.5997 3 -55.5628
vt 2779.52 2187.51
v 70.7797 3 -55.5628
vt 2786.6 2187.51
v 70.9785 3 -55.3517
vt 2794.43 2179.2
v 70.9785 3 -50.9817
vt 2794.43 2007.15
v 71.2785 3 -50.9817
vt 2806.24 2007.15
v 71.5568 3 -50.5784
vt 2817.2 1991.28
v 71.7768 3 -50.5784
vt 2825.86 1991.28
v 71.953 3 -50.401
vt 2832.79 1984.29
v 71.953 3 -49.961
vt 2832.79 1966.97
v 74.263 3 -49.961
vt 2923.74 1966.97
v 74.5359 3 -49.5907
vt 2934.48 1952.39
v 74.7459 3 -49.5907
vt 2942.75 1952.39
v 74.8782 3 -49.3669
vt 2947.96 1943.58
v 75.0882 3 -49.3669
vt 2956.23 1943.58
v 75.6001 3 -50.0454
vt 2976.38 1970.29
v 76.0453 3 -50.0454
vt 2993.91 1970.29
v 76.0453 3 -51.3485
vt 2993.91 2021.6
v 76.6118 3 -51.9956
vt 3016.21 2047.07
v 77.2318 3 -51.9956
vt 3040.62 2047.07
v 77.5948 3 -51.5824
vt 3054.91 2030.8
v 77.7548 3 -51.5824
vt 3061.21 2030.8
v 77.9657 3 -51.3833
vt 3069.51 2022.97
v 77.9657 3 -50.9733
vt 3069.51 2006.82
v 78.3057 3 -50.9733
vt 3082.9 2006.82
v 78.5915 3 -50.5877
vt 3094.15 1991.64
v 78.7815 3 -50.5877
vt 3101.63 1991.64
v 79.0053 3 -50.4195
vt 3110.44 1985.02
v 79.0053 3 -49.9985
vt 3110.44 1968.45
v 82.0653 3 -49.9985
vt 3230.92 1968.45
v 82.0653 3 -50.3365
vt 3230.92 1981.75
v 82.6124 3 -51.0885
vt 3252.46 2011.36
v 83.046 3 -51.0885
vt 3269.53 2011.36
v 83.046 3 -51.3685
vt 3269.53 2022.38
v 83.6191 3 -52.0097
vt 3292.09 2047.63
v 84.2891 3 -52.0097
vt 3318.47 2047.63
v 84.6022 3 -51.5946
vt 3330.8 2031.28
v 84.8222 3 -51.5946
vt 3339.46 2031.28
v 84.9547 3 -51.4066
vt 3344.67 2023.88
v 84.9547 3 -50.9666
vt 3344.67 2006.56
v 85.2647 3 -50.9666
vt 3356.88 2006.56
v 85.5659 3 -50.555
vt 3368.74 1990.35
v 85.9659 3 -50.555
vt 3384.48 1990.35
v 85.9659 3 -50.015
vt 3384.48 1969.09
vt 3660.86 1969.09
vt 3700.23 1969.09
vt 3700.23 1984.01
vt 3725.65 2009.04
vt 3739.43 2009.04
vt 3739.43 2285.42
vt 3735.16 2285.42
vt 3729.37 2295.25
vt 3711.93 2298.4
vt 3707.85 2304.67
vt 3703.12 2304.67
vt 3699.5 2307.7
vt 3699.5 2324.24
vt 3656.59 2324.24
vt 3650.43 2334.77
vt 3642.16 2334.77
vt 3635.69 2337.66
vt 3635.69 2353.01
vt 3632.54 2353.01
vt 3625.6 2364
vt 3616.55 2364
vt 3611.5 2374.24
vt 3594.76 2376.76
vt 3582.25 2385.67
vt 3582.25 2402.6
vt 3577.13 2402.6
vt 3571.6 2413.47
vt 3555.66 2416.06
vt 3542.62 2425.56
vt 3542.62 2442.49
vt 3460.33 2442.49
vt 3454.24 2452.15
vt 3437.52 2454.76
vt 3433.93 2462.21
vt 3427.84 2462.21
vt 3424.13 2469.91
vt 3408.17 2462.21
vt 3408.17 2453.95
vt 3402.92 2448.62
vt 3383.74 2446.62
vt 3383.74 2430.87
vt 3369.19 2423.01
vt 3369.19 2413.95
vt 3363.97 2408.6
vt 3346.84 2406.03
vt 3343.63 2391.82
vt 3330.22 2383.57
vt 3330.22 2374.52
vt 3324.56 2369.04
vt 3314.02 2369.04
vt 3307.07 2363.87
vt 3302.35 2363.87
vt 3296 2373.82
vt 3279.69 2376.56
vt 3274.84 2383.26
vt 3270.51 2383.26
vt 3267.24 2386.66
vt 3267.24 2403.59
vt 3262.51 2403.59
vt 3257.35 2412.88
vt 3240.72 2416.06
vt 3235.36 2422.86
vt 3231.42 2422.86
vt 3227.6 2426.27
vt 3227.6 2442.02
vt 3111.07 2442.02
vt 3108.21 2431.37
vt 3093.4 2423.18
vt 3093.4 2414.91
vt 3088.31 2408.9
vt 3068.42 2406.13
vt 3068.42 2391.38
vt 3054.11 2383.91
vt 3054.11 2375.01
vt 3048.47 2368.97
vt 3037.45 2368.97
vt 3037.45 2366.61
vt 3031.54 2366.61
vt 3021.23 2373.84
vt 3013.35 2373.84
vt 3004.22 2376.28
vt 2998.85 2383.57
vt 2995.22 2383.57
vt 2991.73 2386.75
vt 2991.73 2442.66
vt 2987.01 2442.66
vt 2981.47 2452.64
vt 2965.2 2455.59
vt 2952.04 2464.93
vt 2952.04 2470.84
vt 2936.57 2462.19
vt 2936.57 2453.14
vt 2929.96 2447.54
vt 2920.12 2447.54
vt 2911.32 2443.12
vt 2834.95 2443.12
vt 2834.95 2436.43
vt 2830.44 2429.03
vt 2817.7 2423.79
vt 2817.7 2415.13
vt 2812.61 2409.12
vt 2795.61 2405.79
vt 2795.61 2273.21
vt 2778.51 2262.68
vt 2778.51 2254.81
vt 2774.08 2248.78
vt 2761.87 2248.78
vt 2753.79 2243.89
vt 2716 2243.89
vt 2716 2204.91
f 2718/5662/463 2973/5663/463 2974/5664/463 2975/5665/463 2976/5666/463 2977/5667/463 2978/5668/463 2979/5669/463 2980/5670/463 2981/5671/463 2982/5672/463 2983/5673/463 2984/5674/463 2985/5675/463 2986/5676/463 2987/5677/463 2988/5678/463 2989/5679/463 2990/5680/463 2991/5681/463 2992/5682/463 2993/5683/463 2994/5684/463 2995/5685/463 2996/5686/463 2997/5687/463 2998/5688/463 2999/5689/463 3000/5690/463 3001/5691/463 3002/5692/463 3003/5693/463 3004/5694/463 3005/5695/463 3006/5696/463 3007/5697/463 3008/5698/463 3009/5699/463 3010/5700/463 3011/5701/463 3012/5702/463 3013/5703/463 3014/5704/463 3015/5705/463 3016/5706/463 2971/5707/463 2608/5708/463 2609/5709/463 2610/5710/463 2611/5711/463 2612/5712/463 2613/5713/463 2614/5714/463 2615/5715/463 2616/5716/463 2617/5717/463 2618/5718/463 2619/5719/463 2620/5720/463 2621/5721/463 2622/5722/463 2623/5723/463 2624/5724/463 2625/5725/463 2626/5726/463 2627/5727/463 2628/5728/463 2629/5729/463 2630/5730/463 2631/5731/463 2632/5732/463 2633/5733/463 2634/5734/463 2635/5735/463 2636/5736/463 2637/5737/463 2638/5738/463 2639/5739/463 2640/5740/463 2641/5741/463 2642/5742/463 2643/5743/463 2644/5744/463 2645/5745/463 2646/5746/463 2647/5747/463 2648/5748/463 2649/5749/463 2650/5750/463 2651/5751/463 2652/5752/463 2653/5753/463 2654/5754/463 2655/5755/463 2656/5756/463 2657/5757/463 2658/5758/463 2659/5759/463 2660/5760/463 2661/5761/463 2662/5762/463 2663/5763/463 2664/5764/463 2665/5765/463 2666/5766/463 2667/5767/463 2668/5768/463 2669/5769/463 2670/5770/463 2671/5771/463 2672/5772/463 2673/5773/463 2674/5774/463 2675/5775/463 2676/5776/463 2677/5777/463 2678/5778/463 2679/5779/463 2680/5780/463 2681/5781/463 2682/5782/463 2683/5783/463 2684/5784/463 2685/5785/463 2686/5786/463 2687/5787/463 2688/5788/463 2689/5789/463 2690/5790/463 2691/5791/463 2692/5792/463 2693/5793/463 2694/5794/463 2695/5795/463 2696/5796/463 2697/5797/463 2698/5798/463 2699/5799/463 2700/5800/463 2701/5801/463 2702/5802/463 2703/5803/463 2704/5804/463 2705/5805/463 2706/5806/463 2707/5807/463 2708/5808/463 2709/5809/463 2710/5810/463 2711/5811/463 2712/5812/463 2713/5813/463 2714/5814/463 2715/5815/463 2716/5816/463 

usemtl _4
v 70.3046 13 -56.0048
vt -70.3046 13
vt -70.3046 3
vt -69.9863 3
vt -69.9863 13
f 3017/5817/448 2973/5818/448 2718/5819/448 2721/5820/448 

v 70.5997 13 -55.5628
vt 7.01753 13
vn 0.831729 -2.81768e-17 -0.555182
vt 7.01753 3
vt 7.54897 3
vt 7.54897 13
f 3018/5821/464 2974/5822/464 2973/5823/464 3017/5824/464 

v 70.7797 13 -55.5628
vt -70.7797 13
vt -70.7797 3
vt -70.5997 3
vt -70.5997 13
f 3019/5825/448 2975/5826/448 2974/5827/448 3018/5828/448 

v 70.9785 13 -55.3517
vt -8.37951 13
vn 0.727891 -2.42827e-17 -0.685693
vt -8.37951 3
vt -8.08951 3
vt -8.08951 13
f 3020/5829/465 2976/5830/465 2975/5831/465 3019/5832/465 

v 70.9785 13 -50.9817
vt 50.9817 13
vt 50.9817 3
vt 55.3517 3
vt 55.3517 13
f 3021/5833/441 2977/5834/441 2976/5835/441 3020/5836/441 

v 71.2785 13 -50.9817
vt -71.2785 13
vt -71.2785 3
vt -70.9785 3
vt -70.9785 13
f 3022/5837/448 2978/5838/448 2977/5839/448 3021/5840/448 

v 71.5568 13 -50.5784
vt 0.995597 13
vn 0.823109 -2.785e-17 -0.567884
vt 0.995597 3
vt 1.4856 3
vt 1.4856 13
f 3023/5841/466 2979/5842/466 2978/5843/466 3022/5844/466 

v 71.7768 13 -50.5784
vt -71.7768 13
vt -71.7768 3
vt -71.5568 3
vt -71.5568 13
f 3024/5845/448 2980/5846/448 2979/5847/448 3023/5848/448 

v 71.953 13 -50.401
vt -14.9351 13
vn 0.70959 -2.36041e-17 -0.704615
vt -14.9351 3
vt -14.6851 3
vt -14.6851 13
f 3025/5849/467 2981/5850/467 2980/5851/467 3024/5852/467 

v 71.953 13 -49.961
vt 49.961 13
vt 49.961 3
vt 50.401 3
vt 50.401 13
f 3026/5853/441 2982/5854/441 2981/5855/441 3025/5856/441 

v 74.263 13 -49.961
vt -74.263 13
vt -74.263 3
vt -71.953 3
vt -71.953 13
f 3027/5857/448 2983/5858/448 2982/5859/448 3026/5860/448 

v 74.5359 13 -49.5907
vt -4.30305 13
vn 0.804978 -2.71651e-17 -0.593305
vt -4.30305 3
vt -3.84305 3
vt -3.84305 13
f 3028/5861/468 2984/5862/468 2983/5863/468 3027/5864/468 

v 74.7459 13 -49.5907
vt -74.7459 13
vt -74.7459 3
vt -74.5359 3
vt -74.5359 13
f 3029/5865/448 2985/5866/448 2984/5867/448 3028/5868/448 

v 74.8782 13 -49.3669
vt 4.39697 13
vn 0.860861 -2.92876e-17 -0.508841
vt 4.39697 3
vt 4.65697 3
vt 4.65697 13
f 3030/5869/469 2986/5870/469 2985/5871/469 3029/5872/469 

v 75.0882 13 -49.3669
vt -75.0882 13
vt -75.0882 3
vt -74.8782 3
vt -74.8782 13
f 3031/5873/448 2987/5874/448 2986/5875/448 3030/5876/448 

v 75.6001 13 -50.0454
vt -85.4833 13
vn -0.798277 2.91812e-17 -0.60229
vt -85.4833 3
vt -84.6333 3
vt -84.6333 13
f 3032/5877/470 2988/5878/470 2987/5879/470 3031/5880/470 

v 76.0453 13 -50.0454
vt -76.0453 13
vt -76.0453 3
vt -75.6001 3
vt -75.6001 13
f 3033/5881/448 2989/5882/448 2988/5883/448 3032/5884/448 

v 76.0453 13 -51.3485
vt -51.3485 13
vt -51.3485 3
vt -50.0454 3
vt -50.0454 13
f 3034/5885/457 2990/5886/457 2989/5887/457 3033/5888/457 

v 76.6118 13 -51.9956
vt -89.5869 13
vn -0.752379 2.76749e-17 -0.658731
vt -89.5869 3
vt -88.7269 3
vt -88.7269 13
f 3035/5889/471 2991/5890/471 2990/5891/471 3034/5892/471 

v 77.2318 13 -51.9956
vt -77.2318 13
vt -77.2318 3
vt -76.6118 3
vt -76.6118 13
f 3036/5893/448 2992/5894/448 2991/5895/448 3035/5896/448 

v 77.5948 13 -51.5824
vt -12.4556 13
vn 0.751301 -2.51537e-17 -0.65996
vt -12.4556 3
vt -11.9056 3
vt -11.9056 13
f 3037/5897/472 2993/5898/472 2992/5899/472 3036/5900/472 

v 77.7548 13 -51.5824
vt -77.7548 13
vt -77.7548 3
vt -77.5948 3
vt -77.5948 13
f 3038/5901/448 2994/5902/448 2993/5903/448 3037/5904/448 

v 77.9657 13 -51.3833
vt -21.4343 13
vn 0.686358 -2.27452e-17 -0.727264
vt -21.4343 3
vt -21.1443 3
vt -21.1443 13
f 3039/5905/473 2995/5906/473 2994/5907/473 3038/5908/473 

v 77.9657 13 -50.9733
vt 50.9733 13
vt 50.9733 3
vt 51.3833 3
vt 51.3833 13
f 3040/5909/441 2996/5910/441 2995/5911/441 3039/5912/441 

v 78.3057 13 -50.9733
vt -78.3057 13
vt -78.3057 3
vt -77.9657 3
vt -77.9657 13
f 3041/5913/448 2997/5914/448 2996/5915/448 3040/5916/448 

v 78.5915 13 -50.5877
vt -6.14902 13
vn 0.803434 -2.7107e-17 -0.595394
vt -6.14902 3
vt -5.66902 3
vt -5.66902 13
f 3042/5917/474 2998/5918/474 2997/5919/474 3041/5920/474 

v 78.7815 13 -50.5877
vt -78.7815 13
vt -78.7815 3
vt -78.5915 3
vt -78.5915 13
f 3043/5921/448 2999/5922/448 2998/5923/448 3042/5924/448 

v 79.0053 13 -50.4195
vt -32.8722 13
vn 0.600733 -1.96009e-17 -0.79945
vt -32.8722 3
vt -32.5922 3
vt -32.5922 13
f 3044/5925/475 3000/5926/475 2999/5927/475 3043/5928/475 

v 79.0053 13 -49.9985
vt 49.9985 13
vt 49.9985 3
vt 50.4195 3
vt 50.4195 13
f 3045/5929/441 3001/5930/441 3000/5931/441 3044/5932/441 

v 82.0653 13 -49.9985
vt -82.0653 13
vt -82.0653 3
vt -79.0053 3
vt -79.0053 13
f 3046/5933/448 3002/5934/448 3001/5935/448 3045/5936/448 

v 82.0653 13 -50.3365
vt -50.3365 13
vt -50.3365 3
vt -49.9985 3
vt -49.9985 13
f 3047/5937/457 3003/5938/457 3002/5939/457 3046/5940/457 

v 82.6124 13 -51.0885
vt -89.9139 13
vn -0.808632 2.95187e-17 -0.588315
vt -89.9139 3
vt -88.9839 3
vt -88.9839 13
f 3048/5941/476 3004/5942/476 3003/5943/476 3047/5944/476 

v 83.046 13 -51.0885
vt -83.046 13
vt -83.046 3
vt -82.6124 3
vt -82.6124 13
f 3049/5945/448 3005/5946/448 3004/5947/448 3048/5948/448 

v 83.046 13 -51.3685
vt -51.3685 13
vt -51.3685 3
vt -51.0885 3
vt -51.0885 13
f 3050/5949/457 3006/5950/457 3005/5951/457 3049/5952/457 

v 83.6191 13 -52.0097
vt -94.5024 13
vn -0.745584 2.74506e-17 -0.666412
vt -94.5024 3
vt -93.6424 3
vt -93.6424 13
f 3051/5953/477 3007/5954/477 3006/5955/477 3050/5956/477 

v 84.2891 13 -52.0097
vt -84.2891 13
vt -84.2891 3
vt -83.6191 3
vt -83.6191 13
f 3052/5957/448 3008/5958/448 3007/5959/448 3051/5960/448 

v 84.6022 13 -51.5946
vt -9.75302 13
vn 0.798371 -2.69163e-17 -0.602166
vt -9.75302 3
vt -9.23302 3
vt -9.23302 13
f 3053/5961/478 3009/5962/478 3008/5963/478 3052/5964/478 

v 84.8222 13 -51.5946
vt -84.8222 13
vt -84.8222 3
vt -84.6022 3
vt -84.6022 13
f 3054/5965/448 3010/5966/448 3009/5967/448 3053/5968/448 

v 84.9547 13 -51.4066
vt -6.922 13
vn 0.81739 -2.76336e-17 -0.576085
vt -6.922 3
vt -6.692 3
vt -6.692 13
f 3055/5969/479 3011/5970/479 3010/5971/479 3054/5972/479 

v 84.9547 13 -50.9666
vt 50.9666 13
vt 50.9666 3
vt 51.4066 3
vt 51.4066 13
f 3056/5973/441 3012/5974/441 3011/5975/441 3055/5976/441 

v 85.2647 13 -50.9666
vt -85.2647 13
vt -85.2647 3
vt -84.9547 3
vt -84.9547 13
f 3057/5977/448 3013/5978/448 3012/5979/448 3056/5980/448 

v 85.5659 13 -50.555
vt -9.72814 13
vn 0.80703 -2.72425e-17 -0.59051
vt -9.72814 3
vt -9.21814 3
vt -9.21814 13
f 3058/5981/480 3014/5982/480 3013/5983/480 3057/5984/480 

v 85.9659 13 -50.555
vt -85.9659 13
vt -85.9659 3
vt -85.5659 3
vt -85.5659 13
f 3059/5985/448 3015/5986/448 3014/5987/448 3058/5988/448 

v 85.9659 13 -50.015
vt 50.555 3
vt 50.555 13
f 3060/5657/441 3016/5656/441 3015/5989/441 3059/5990/441 

vt -92.9859 13
vt -92.9859 3
f 2972/5991/448 2971/5992/448 3016/5986/448 3060/5985/448 

vt 70.3046 56.0048
vn 3.51344e-17 1 1.88316e-18
vt 69.9863 56.0048
vt 69.9863 45.9848
v 83.9963 13 -45.9848
vt 83.9963 45.9848
v 83.9963 13 -45.5848
vt 83.9963 45.5848
v 84.3393 13 -45.3255
vt 84.3393 45.3255
v 84.7856 13 -45.2142
vt 84.7856 45.2142
v 84.9803 13 -44.9477
vt 84.9803 44.9477
v 84.9803 13 -35.0177
vt 84.9803 35.0177
v 84.6203 13 -35.0177
vt 84.6203 35.0177
v 84.0718 13 -34.3424
vt 84.0718 34.3424
v 84.0718 13 -34.0087
vt 84.0718 34.0087
vt 83.0195 34.0087
vt 83.0195 26.9887
vt 83.5642 27.2849
vt 83.5642 27.4949
vt 83.9461 27.6925
vt 83.9461 29.9952
vt 86.0161 29.9952
vt 86.431 30.1418
vt 86.5837 30.286
vt 86.5837 30.616
vt 86.9621 30.8405
vt 86.9621 34.3405
vt 86.803 34.583
vt 86.5837 34.583
vt 86.2826 34.9569
vt 86.0226 34.9569
vt 86.0226 42.0569
vt 86.4352 42.1357
vt 86.5599 42.2655
vt 86.5599 42.5055
vt 86.9516 42.7058
vt 87.0222 42.9768
vt 89.9922 42.9768
vt 89.9922 44.0512
vt 90.4437 44.1392
vt 90.5891 44.2765
vt 90.5891 44.5065
vt 91.0061 44.7007
vt 91.0061 44.5507
vt 91.3256 44.31
vt 91.7441 44.2114
vt 91.86 43.985
vt 92.9859 43.985
vt 92.9859 50.015
vt 85.9659 50.015
vt 85.9659 50.555
vt 85.5659 50.555
vt 85.2647 50.9666
vt 84.9547 50.9666
vt 84.9547 51.4066
vt 84.8222 51.5946
vt 84.6022 51.5946
vt 84.2891 52.0097
vt 83.6191 52.0097
vt 83.046 51.3685
vt 83.046 51.0885
vt 82.6124 51.0885
vt 82.0653 50.3365
vt 82.0653 49.9985
vt 79.0053 49.9985
vt 79.0053 50.4195
vt 78.7815 50.5877
vt 78.5915 50.5877
vt 78.3057 50.9733
vt 77.9657 50.9733
vt 77.9657 51.3833
vt 77.7548 51.5824
vt 77.5948 51.5824
vt 77.2318 51.9956
vt 76.6118 51.9956
vt 76.0453 51.3485
vt 76.0453 50.0454
vt 75.6001 50.0454
vt 75.0882 49.3669
vt 74.8782 49.3669
vt 74.7459 49.5907
vt 74.5359 49.5907
vt 74.263 49.961
vt 71.953 49.961
vt 71.953 50.401
vt 71.7768 50.5784
vt 71.5568 50.5784
vt 71.2785 50.9817
vt 70.9785 50.9817
vt 70.9785 55.3517
vt 70.7797 55.5628
vt 70.5997 55.5628
f 3017/5993/481 2721/5994/481 2720/5995/481 3061/5996/481 3062/5997/481 3063/5998/481 3064/5999/481 3065/6000/481 3066/6001/481 3067/6002/481 3068/6003/481 3069/6004/481 2909/6005/481 2908/6006/481 2911/6007/481 2913/6008/481 2915/6009/481 2917/6010/481 2919/6011/481 2921/6012/481 2923/6013/481 2925/6014/481 2927/6015/481 2929/6016/481 2931/6017/481 2933/6018/481 2935/6019/481 2937/6020/481 2939/6021/481 2941/6022/481 2943/6023/481 2945/6024/481 2947/6025/481 2949/6026/481 2951/6027/481 2953/6028/481 2955/6029/481 2957/6030/481 2959/6031/481 2961/6032/481 2963/6033/481 2965/6034/481 2967/6035/481 2969/6036/481 2970/6037/481 2972/6038/481 3060/6039/481 3059/6040/481 3058/6041/481 3057/6042/481 3056/6043/481 3055/6044/481 3054/6045/481 3053/6046/481 3052/6047/481 3051/6048/481 3050/6049/481 3049/6050/481 3048/6051/481 3047/6052/481 3046/6053/481 3045/6054/481 3044/6055/481 3043/6056/481 3042/6057/481 3041/6058/481 3040/6059/481 3039/6060/481 3038/6061/481 3037/6062/481 3036/6063/481 3035/6064/481 3034/6065/481 3033/6066/481 3032/6067/481 3031/6068/481 3030/6069/481 3029/6070/481 3028/6071/481 3027/6072/481 3026/6073/481 3025/6074/481 3024/6075/481 3023/6076/481 3022/6077/481 3021/6078/481 3020/6079/481 3019/6080/481 3018/6081/481 

vt 69.9863 13
vt 69.9863 1
vt 83.9963 1
vt 83.9963 13
f 2720/6082/443 2719/6083/443 2881/6084/443 3061/6085/443 

vt -45.5848 1
vt -45.5848 13
f 3061/5025/457 2881/5024/457 2880/6086/457 3062/6087/457 

vt 39.5179 13
vn -0.603016 1.96844e-17 0.797729
vt 39.5179 1
vt 39.9479 1
vt 39.9479 13
f 3062/6088/482 2880/6089/482 2879/6090/482 3063/6091/482 

vt 70.8585 13
vn -0.242078 6.67813e-18 0.970257
vt 70.8585 1
vt 71.3185 1
vt 71.3185 13
f 3063/6092/483 2879/6093/483 2878/6094/483 3064/6095/483 

vt 13.5094 13
vn -0.807453 2.72584e-17 0.589932
vt 13.5094 1
vt 13.8394 1
vt 13.8394 13
f 3064/6096/484 2878/6097/484 2877/6098/484 3065/6099/484 

vt -44.9477 13
vt -44.9477 1
vt -35.0177 1
vt -35.0177 13
f 3065/6100/457 2877/6101/457 2876/6102/457 3066/6103/457 

vt -84.9803 13
vt -84.9803 1
vt -84.6203 1
vt -84.6203 13
f 3066/6104/448 2876/6105/448 2875/6106/448 3067/6107/448 

vt -80.5318 13
vn -0.776213 2.84591e-17 -0.63047
vt -80.5318 1
vt -79.6618 1
vt -79.6618 13
f 3067/6108/485 2875/6109/485 2874/6110/485 3068/6111/485 

vt -34.3424 13
vt -34.3424 1
f 3068/6112/457 2874/6113/457 2873/5529/457 3069/5528/457 

vt -84.0718 13
vn -1.29196e-33 1.88316e-18 -1
vt -84.0718 1
vt -83.0195 1
vt -83.0195 13
f 3069/6114/486 2873/6115/486 2872/6116/486 2909/6117/486 

vt -82.0195 5
vt -82.0195 1
vt -68.0032 1
v 68.0032 5 -34.0087
vt -68.0032 5
f 2907/6118/5 2871/6119/5 2870/6120/5 3070/6121/5 

vt -34.0087 -2.16573e-15
vt -30.0087 -2.88765e-15
v 68.0032 5 -30.0087
vt -34.0087 5
f 116/6122/3 115/6123/3 3071/5338/3 3070/6124/3 2870/5529/3 

vt 68.0032 -2.42855e-15
vt 76.0132 -2.42855e-15
v 76.0132 5 -30.0087
vt 76.0132 5
vt 68.0032 5
f 115/6125/438 2903/6126/438 3072/6127/438 3071/6128/438 

vt -30.0087 -6.85993e-15
vn -1 -5.22578e-17 -0
vt -27.6087 -6.85993e-15
v 76.0132 5 -27.6087
vt -27.6087 5
f 2903/6129/487 2902/6130/487 3073/6131/487 3072/5338/487 

vt 35.7647 -4.70976e-15
vn -0.692038 -2.51209e-17 0.721861
vt 36.2047 -3.99102e-15
v 76.3308 5 -27.3042
vt 36.2047 5
vt 35.7647 5
f 2902/6132/488 2901/6133/488 3074/6134/488 3073/6135/488 

vt 68.5354 -2.01609e-15
vn -0.218163 3.52941e-18 0.975912
vt 68.9754 -2.01288e-15
vt 68.9754 5
vt 68.5354 5
f 2901/6136/489 2900/6137/489 2905/6138/489 3074/6139/489 

vt 76.7602 27.2082
vn -5.22578e-17 1 -1.52987e-17
vt 76.8795 26.9887
vt 82.0195 26.9887
vt 82.0195 34.0087
vt 68.0032 34.0087
vt 68.0032 30.0087
vt 76.0132 30.0087
vt 76.0132 27.6087
vt 76.3308 27.3042
f 2905/6140/490 2904/6141/490 2906/6142/490 2907/6143/490 3070/6144/490 3071/6145/490 3072/6146/490 3073/6147/490 3074/6148/490 

vt 66.9879 13
vt 66.9879 1
vt 68.9863 1
f 2145/6149/140 2882/6150/140 2717/6151/140 2146/5006/140 

vt 66.7217 13
vn 0.932452 -3.63622e-19 0.361293
vt 66.7217 1
vt 67.0809 1
vt 67.0809 13
f 2144/6152/491 2883/6153/491 2882/6154/491 2145/6155/491 

vt 79.4301 13
vn 0.416749 2.00431e-19 0.909022
vt 79.4301 1
vt 79.8001 1
vt 79.8001 13
f 2143/6156/492 2884/6157/492 2883/6158/492 2144/6159/492 

vt 45.2557 13
vt 45.2557 1
vt 45.4957 1
vt 45.4957 13
f 2142/6160/139 2885/6161/139 2884/6162/139 2143/6163/139 

vt 79.7622 13
vn 0.649674 -6.4687e-21 0.760213
vt 79.7622 1
vt 79.9722 1
vt 79.9722 13
f 2141/6164/493 2886/6165/493 2885/6166/493 2142/6167/493 

vt 73.3403 13
vn 0.190753 3.66332e-19 0.981638
vt 73.3403 1
vt 73.7503 1
vt 73.7503 13
f 2140/6168/494 2887/6169/494 2886/6170/494 2141/6171/494 

vt 42.7015 13
vt 42.7015 1
vt 45.0411 1
vt 45.0411 13
f 2139/6172/139 2888/6173/139 2887/6174/139 2140/6175/139 

vt 77.7575 13
vn 0.459761 1.6538e-19 0.888042
vt 77.7575 1
vt 78.2075 1
vt 78.2075 13
f 2138/6176/495 2889/6177/495 2888/6178/495 2139/6179/495 

vt 42.2746 13
vt 42.2746 1
vt 42.4946 1
vt 42.4946 13
f 2137/6180/139 2890/6181/139 2889/6182/139 2138/6183/139 

vt 73.2948 13
vn 0.792525 -1.62058e-19 0.609839
vt 73.2948 1
vt 73.4848 1
vt 73.4848 13
f 2136/6184/496 2891/6185/496 2890/6186/496 2137/6187/496 

vt 71.3677 13
vn 0.177029 3.75513e-19 0.984206
vt 71.3677 1
vt 71.8677 1
vt 71.8677 13
f 2135/6188/497 2892/6189/497 2891/6190/497 2136/6191/497 

vt 40.689 13
vt 40.689 1
vt 42.0355 1
vt 42.0355 13
f 2134/6192/139 2893/6193/139 2892/6194/139 2135/6195/139 

vt 76.0648 13
vn 0.476908 1.51055e-19 0.878953
vt 76.0648 1
vt 76.4948 1
vt 76.4948 13
f 2133/6196/498 2894/6197/498 2893/6198/498 2134/6199/498 

vt 40.284 13
vt 40.284 1
vt 40.484 1
vt 40.484 13
f 2132/6200/139 2895/6201/139 2894/6202/139 2133/6203/139 

vt 71.8197 13
vn 0.774195 -1.40242e-19 0.632947
vt 71.8197 1
vt 72.0597 1
vt 72.0597 13
f 2131/6204/499 2896/6205/499 2895/6206/499 2132/6207/499 

vt 64.1122 13
vt 64.1122 1
vt 64.4222 1
vt 64.4222 13
f 2130/6208/140 2897/6209/140 2896/6210/140 2131/6211/140 

vt -40.2912 13
vt -40.2912 1
vt -40.0982 1
vt -40.0982 13
f 2129/6212/146 2898/6213/146 2897/6214/146 2130/6215/146 

vt 69.8923 13
vn 0.813094 -1.87401e-19 0.582132
vt 69.8923 1
vt 70.0823 1
vt 70.0823 13
f 2128/6216/500 2761/6217/500 2898/6218/500 2129/6219/500 

v 63.891 -2.16573e-15 -39.9822
vt 69.7023 -2.16036e-15
vt 69.8923 -2.16036e-15
vt 69.7023 13
f 3075/6220/500 2723/6221/500 2761/6217/500 2128/6216/500 2127/6222/500 

v 62.891 -2.16573e-15 -39.9822
vt 62.891 -2.14632e-15
vt 63.891 -2.14632e-15
vt 63.891 13
vt 62.891 13
f 3076/6223/140 3075/6224/140 2127/6225/140 2126/6226/140 

v 62.7988 -2.16573e-15 -40.1709
vt -8.49007 -2.11147e-15
vn -0.898284 7.32628e-19 0.439416
vt -8.28007 -2.11147e-15
vt -8.28007 13
vt -8.49007 13
f 3077/6227/501 3076/6228/501 2126/6229/501 2125/6230/501 

v 62.3313 -2.16573e-15 -40.3179
vt 47.3612 -2.12934e-15
vn -0.300063 6.36607e-19 0.953919
vt 47.8512 -2.12934e-15
vt 47.8512 13
vt 47.3612 13
f 3078/6231/502 3077/6232/502 2125/6233/502 2124/6234/502 

v 61.9889 -2.16573e-15 -40.5434
vt 29.4655 -2.11657e-15
vn -0.55008 7.23455e-19 0.835112
vt 29.8755 -2.11657e-15
vt 29.8755 13
vt 29.4655 13
f 3079/6235/503 3078/6236/503 2124/6237/503 2123/6238/503 

v 61.9889 -2.16573e-15 -41.9834
vt -41.9834 -2.1299e-15
vt -40.5434 -2.1299e-15
vt -40.5434 13
vt -41.9834 13
f 3080/6239/146 3079/6240/146 2123/6241/146 2122/6242/146 

v 61.8589 -2.16573e-15 -41.9834
vt 61.8589 -2.14535e-15
vt 61.9889 -2.14535e-15
vt 61.9889 13
vt 61.8589 13
f 3081/6243/140 3080/6244/140 2122/6245/140 2121/6246/140 

v 61.7313 -2.16573e-15 -42.2214
vt -8.01104 -2.11079e-15
vn -0.881128 7.38957e-19 0.472878
vt -7.74104 -2.11079e-15
vt -7.74104 13
vt -8.01104 13
f 3082/6247/504 3081/6248/504 2121/6249/504 2120/6250/504 

v 61.3473 -2.16573e-15 -42.2897
vt 52.985 -2.13538e-15
vn -0.17528 5.79329e-19 0.984519
vt 53.375 -2.13538e-15
vt 53.375 13
vt 52.985 13
f 3083/6251/505 3082/6252/505 2120/6253/505 2119/6254/505 

v 60.9818 -2.1657e-15 -42.5522
vt 24.7171 -2.1144e-15
vn -0.583243 7.31549e-19 0.812298
vt 25.1671 -2.11443e-15
vt 25.1671 13
vt 24.7171 13
f 3084/6255/506 3083/6256/506 2119/6257/506 2118/6258/506 

v 60.9818 -2.1657e-15 -42.9922
vt -42.9922 -2.13045e-15
vt -42.5522 -2.13045e-15
vt -42.5522 13
vt -42.9922 13
f 3085/6259/146 3084/6260/146 2118/6261/146 2117/6262/146 

v 60.8765 -2.1657e-15 -42.9922
vt 60.8765 -2.14483e-15
vt 60.9818 -2.14483e-15
vt 60.9818 13
vt 60.8765 13
f 3086/6263/140 3085/6264/140 2117/6265/140 2116/6266/140 

v 60.7157 -2.17257e-15 -43.2335
vt -2.31436 -2.11667e-15
vn -0.832206 7.50289e-19 0.554466
vt -2.02436 -2.10981e-15
vt -2.02436 13
vt -2.31436 13
f 3087/6267/507 3086/6268/507 2116/6269/507 2115/6270/507 

v 60.3639 -1.44408e-15 -43.3099
vt 49.7928 -1.41115e-15
vn -0.212307 5.97182e-19 0.977203
vt 50.1528 -2.13964e-15
vt 50.1528 13
vt 49.7928 13
f 3088/6271/508 3087/6272/508 2115/6273/508 2114/6274/508 

v 59.9795 -2.16573e-15 -43.5626
vt 26.1977 -2.11558e-15
vn -0.549224 7.23234e-19 0.835675
vt 26.6577 -1.39393e-15
vt 26.6577 13
vt 26.1977 13
f 3089/6275/509 3088/6276/509 2114/6277/509 2113/6278/509 

v 59.9795 -2.16573e-15 -43.9826
vt -43.9826 -2.13106e-15
vt -43.5626 -2.13106e-15
vt -43.5626 13
vt -43.9826 13
f 3090/6279/146 3089/6280/146 2113/6281/146 2112/6282/146 

vt 55.9745 -2.14438e-15
vt 59.9795 -2.14438e-15
vt 59.9795 13
vt 55.9745 13
f 15/6283/140 3090/6284/140 2112/6285/140 2111/6286/140 

vt -50.0172 -2.13338e-15
vt -43.9826 -2.13338e-15
vt -50.0172 13
v 55.9745 3 -50.0172
vt -50.0172 3
f 16/6287/146 15/6288/146 2111/6282/146 2110/6289/146 3091/6290/146 

vt -62.0065 13
v 62.0065 3 -50.0172
vt -62.0065 3
vt -55.9745 3
vt -55.9745 13
f 2109/6291/243 3092/6292/243 3091/6293/243 2110/6294/243 

vt -59.0601 13
vn -0.988811 4.99188e-19 -0.149176
v 62.0591 3 -50.3659
vt -59.0601 3
vt -58.7074 3
vt -58.7074 13
f 2108/6295/510 3093/6296/510 3092/6297/510 2109/6298/510 

vt -78.6621 13
vn -0.766519 1.31302e-19 -0.642222
v 62.1875 3 -50.5192
vt -78.6621 3
vt -78.4621 3
vt -78.4621 13
f 2107/6299/511 3094/6300/511 3093/6301/511 2108/6302/511 

vt -62.2775 13
v 62.2775 3 -50.5192
vt -62.2775 3
vt -62.1875 3
vt -62.1875 13
f 2106/6303/243 3095/6304/243 3094/6305/243 2107/6306/243 

vt -69.3243 13
vn -0.936979 3.7202e-19 -0.349385
v 62.3579 3 -50.7347
vt -69.3243 3
vt -69.0943 3
vt -69.0943 13
f 2105/6307/512 3096/6308/512 3095/6309/512 2106/6310/512 

vt -79.902 13
vn -0.737963 9.89574e-20 -0.674841
v 62.6143 3 -51.0152
vt -79.902 3
vt -79.522 3
vt -79.522 13
f 2104/6311/513 3097/6312/513 3096/6313/513 2105/6314/513 

vt -63.0043 13
v 63.0043 3 -51.0152
vt -63.0043 3
vt -62.6143 3
vt -62.6143 13
f 2103/6315/243 3098/6316/243 3097/6317/243 2104/6318/243 

vt -61.0352 13
v 63.0043 3 -61.0352
vt -61.0352 3
vt -51.0152 3
vt -51.0152 13
f 2102/6319/146 3099/6320/146 3098/6321/146 2103/6322/146 

vt 62.8743 13
v 62.8743 3 -61.0352
vt 62.8743 3
vt 63.0043 3
vt 63.0043 13
f 2101/6323/140 3100/6324/140 3099/6325/140 2102/6326/140 

vt -28.233 13
vn -0.902127 7.30993e-19 0.431471
v 62.7449 3 -61.3058
vt -28.233 3
vt -27.933 3
vt -27.933 13
f 2100/6327/514 3101/6328/514 3100/6329/514 2101/6330/514 

vt 62.4849 13
v 62.4849 3 -61.3058
vt 62.4849 3
vt 62.7449 3
vt 62.7449 13
f 2099/6331/140 3102/6332/140 3101/6333/140 2100/6334/140 

vt 13.1099 13
vn -0.595593 7.34314e-19 0.803286
v 62.027 3 -61.6453
vt 13.1099 3
vt 13.6799 3
vt 13.6799 13
f 2098/6335/515 3103/6336/515 3102/6337/515 2099/6338/515 

vt -62.0753 13
v 62.027 3 -62.0753
vt -62.0753 3
vt -61.6453 3
vt -61.6453 13
f 2097/6339/146 3104/6340/146 3103/6341/146 2098/6342/146 

vt 61.8679 13
v 61.8679 3 -62.0753
vt 61.8679 3
vt 62.027 3
vt 62.027 13
f 2096/6343/140 3105/6344/140 3104/6345/140 2097/6346/140 

vt -24.0674 13
vn -0.871898 7.41783e-19 0.489687
v 61.7504 3 -62.2845
vt -24.0674 3
vt -23.8274 3
vt -23.8274 13
f 2095/6347/516 3106/6348/516 3105/6349/516 2096/6350/516 

vt 47.5507 13
vn -0.201003 5.91806e-19 0.979591
v 61.339 3 -62.369
vt 47.5507 3
vt 47.9707 3
vt 47.9707 13
f 2094/6351/517 3107/6352/517 3106/6353/517 2095/6354/517 

vt 13.8941 13
vn -0.574985 7.29624e-19 0.818164
v 60.9872 3 -62.6162
vt 13.8941 3
vt 14.3241 3
vt 14.3241 13
f 2093/6355/518 3108/6356/518 3107/6357/518 2094/6358/518 

vt -62.7762 13
v 60.9872 3 -62.7762
vt -62.7762 3
vt -62.6162 3
vt -62.6162 13
f 2092/6359/146 3109/6360/146 3108/6361/146 2093/6362/146 

vt 83.1182 13
vn 0.478422 1.4978e-19 0.87813
v 60.5744 3 -62.5513
vt 83.1182 3
vt 83.5882 3
vt 83.5882 13
f 2091/6363/519 3110/6364/519 3109/6365/519 2092/6366/519 

vt 62.3413 13
v 60.5744 3 -62.3413
vt 62.3413 3
vt 62.5513 3
vt 62.5513 13
f 2090/6367/139 3111/6368/139 3110/6369/139 2091/6370/139 

vt 86.7122 13
vn 0.721093 -8.04667e-20 0.692838
v 60.4289 3 -62.1899
vt 86.7122 3
vt 86.9222 3
vt 86.9222 13
f 2089/6371/520 3112/6372/520 3111/6373/520 2090/6374/520 

vt 74.2581 13
vn 0.265204 3.14823e-19 0.964192
v 59.9468 3 -62.0573
vt 74.2581 3
vt 74.7581 3
vt 74.7581 13
f 2088/6375/521 3113/6376/521 3112/6377/521 2089/6378/521 

vt 50.9568 13
v 50.9568 3 -62.0573
vt 50.9568 3
vt 59.9468 3
vt 59.9468 13
f 2087/6379/140 3114/6380/140 3113/6381/140 2088/6382/140 

vt 61.7573 13
v 50.9568 3 -61.7573
vt 61.7573 3
vt 62.0573 3
vt 62.0573 13
f 2086/6383/139 3115/6384/139 3114/6385/139 2087/6386/139 

vt 74.1247 13
vn 0.485595 1.43718e-19 0.874184
v 50.5984 3 -61.5582
vt 74.1247 3
vt 74.5347 3
vt 74.5347 13
f 2085/6387/522 3116/6388/522 3115/6389/522 2086/6390/522 

vt 61.3582 13
v 50.5984 3 -61.3582
vt 61.3582 3
vt 61.5582 3
vt 61.5582 13
f 2084/6391/139 3117/6392/139 3116/6393/139 2085/6394/139 

vt 78.3006 13
vn 0.661266 -1.80553e-20 0.750151
v 50.4259 3 -61.2061
vt 78.3006 3
vt 78.5306 3
vt 78.5306 13
f 2083/6395/523 3118/6396/523 3117/6397/523 2084/6398/523 

vt 60.6866 13
vn 0.190391 3.66576e-19 0.981708
v 49.9645 3 -61.1166
vt 60.6866 3
vt 61.1566 3
vt 61.1566 13
f 2082/6399/524 3119/6400/524 3118/6401/524 2083/6402/524 

vt 60.7566 13
v 49.9645 3 -60.7566
vt 60.7566 3
vt 61.1166 3
vt 61.1166 13
f 2081/6403/139 3120/6404/139 3119/6405/139 2082/6406/139 

vt 72.4614 13
vn 0.47749 1.50565e-19 0.878637
v 49.5691 3 -60.5418
vt 72.4614 3
vt 72.9114 3
vt 72.9114 13
f 2080/6407/525 3121/6408/525 3120/6409/525 2081/6410/525 

vt 60.3318 13
v 49.5691 3 -60.3318
vt 60.3318 3
vt 60.5418 3
vt 60.5418 13
f 2079/6411/139 3122/6412/139 3121/6413/139 2080/6414/139 

vt 77.4796 13
vn 0.703295 -6.14092e-20 0.710899
v 49.434 3 -60.1981
vt 77.4796 3
vt 77.6696 3
vt 77.6696 13
f 2078/6415/526 3123/6416/526 3122/6417/526 2079/6418/526 

vt 60.2904 13
vn 0.204712 3.56896e-19 0.978822
v 49.0229 3 -60.1122
vt 60.2904 3
vt 60.7104 3
vt 60.7104 13
f 2077/6419/527 3124/6420/527 3123/6421/527 2078/6422/527 

vt 51.9722 13
v 49.0229 3 -51.9722
vt 51.9722 3
vt 60.1122 3
vt 60.1122 13
f 2076/6423/139 3125/6424/139 3124/6425/139 2077/6426/139 

vt -49.2729 13
v 49.2729 3 -51.9722
vt -49.2729 3
vt -49.0229 3
vt -49.0229 13
f 2075/6427/243 3126/6428/243 3125/6429/243 2076/6430/243 

vt 8.86645 13
vn 0.776924 -7.54807e-19 -0.629595
v 49.5814 3 -51.5915
vt 8.86645 3
vt 9.35645 3
vt 9.35645 13
f 2074/6431/528 3127/6432/528 3126/6433/528 2075/6434/528 

vt -49.7914 13
v 49.7914 3 -51.5915
vt -49.7914 3
vt -49.5814 3
vt -49.5814 13
f 2073/6435/243 3128/6436/243 3127/6437/243 2074/6438/243 

vt 7.91907 13
vn 0.771813 -7.5489e-19 -0.63585
v 49.944 3 -51.4062
vt 7.91907 3
vt 8.15907 3
vt 8.15907 13
f 2072/6439/529 3129/6440/529 3128/6441/529 2073/6442/529 

vt 50.9462 13
v 49.944 3 -50.9462
vt 50.9462 3
vt 51.4062 3
vt 51.4062 13
f 2071/6443/139 3130/6444/139 3129/6445/139 2072/6446/139 

vt -50.284 13
v 50.284 3 -50.9462
vt -50.284 3
vt -49.944 3
vt -49.944 13
f 2070/6447/243 3131/6448/243 3130/6449/243 2071/6450/243 

vt 7.06167 13
vn 0.77363 -7.54866e-19 -0.633638
v 50.5945 3 -50.5672
vt 7.06167 3
vt 7.55167 3
vt 7.55167 13
f 2069/6451/530 3132/6452/530 3131/6453/530 2070/6454/530 

vt -50.9245 13
v 50.9245 3 -50.5672
vt -50.9245 3
vt -50.5945 3
vt -50.5945 13
f 2068/6455/243 3133/6456/243 3132/6457/243 2069/6458/243 

vt 50.0172 13
v 50.9245 3 -50.0172
vt 50.0172 3
vt 50.5672 3
vt 50.5672 13
f 2067/6459/139 3134/6460/139 3133/6461/139 2068/6462/139 

vt -54.9745 13
v 54.9745 3 -50.0172
vt -54.9745 3
f 2066/6463/243 3135/6464/243 3134/6456/243 2067/6455/243 

vt 43.9826 -2.13395e-15
vt 50.0172 -2.13395e-15
vt 43.9826 13
f 19/6465/139 18/6466/139 3135/6460/139 2066/6459/139 2065/6467/139 

usemtl FrontColor
vt 2164.35 -1.00713e-13
vn 0 -7.84465e-18 1
vt 2203.72 -1.00713e-13
vt 2203.72 118.11
vt 2164.35 118.11
f 18/6468/531 16/6469/531 3091/6470/531 3135/6471/531 

usemtl Color_C02
vt 2203.72 1969.18
vn -2.65956e-17 1 7.84465e-18
vt 2441.2 1969.18
vt 2443.27 1982.91
vt 2448.33 1988.95
vt 2451.87 1988.95
vt 2455.03 1997.43
vt 2465.13 2008.47
vt 2480.49 2008.47
vt 2480.49 2402.96
vt 2475.37 2402.96
vt 2470.27 2413.61
vt 2460.03 2413.61
vt 2442.01 2426.98
vt 2442.01 2443.91
vt 2435.74 2443.91
vt 2431.12 2452.15
vt 2414.92 2455.47
vt 2401.07 2465.2
vt 2401.07 2471.5
vt 2384.82 2462.65
vt 2384.82 2454.38
vt 2379.09 2448.42
vt 2360.11 2443.2
vt 2006.17 2443.2
vt 2006.17 2431.39
vt 1992.06 2423.55
vt 1992.06 2415.68
vt 1985.27 2409.69
vt 1967.11 2406.17
vt 1967.11 2391.99
vt 1951.54 2383.53
vt 1951.54 2375.27
vt 1946.22 2370.01
vt 1930.04 2366.62
vt 1930.04 2046.15
vt 1939.88 2046.15
vt 1952.02 2031.16
vt 1960.29 2031.16
vt 1966.3 2023.87
vt 1966.3 2005.76
vt 1979.69 2005.76
vt 1991.91 1990.83
vt 2004.9 1990.83
vt 2004.9 1969.18
vt 2164.35 1969.18
f 3091/6472/532 3092/6473/532 3093/6474/532 3094/6475/532 3095/6476/532 3096/6477/532 3097/6478/532 3098/6479/532 3099/6480/532 3100/6481/532 3101/6482/532 3102/6483/532 3103/6484/532 3104/6485/532 3105/6486/532 3106/6487/532 3107/6488/532 3108/6489/532 3109/6490/532 3110/6491/532 3111/6492/532 3112/6493/532 3113/6494/532 3114/6495/532 3115/6496/532 3116/6497/532 3117/6498/532 3118/6499/532 3119/6500/532 3120/6501/532 3121/6502/532 3122/6503/532 3123/6504/532 3124/6505/532 3125/6506/532 3126/6507/532 3127/6508/532 3128/6509/532 3129/6510/532 3130/6511/532 3131/6512/532 3132/6513/532 3133/6514/532 3134/6515/532 3135/6516/532 

usemtl _4
v 51.9695 -2.16573e-15 -43.9826
vt 51.9695 -2.14438e-15
vt 54.9745 -2.14438e-15
vt 54.9745 13
vt 51.9695 13
f 3136/6517/140 19/6518/140 2065/6519/140 2064/6520/140 

v 51.8872 -2.16573e-15 -43.7045
vt 56.6405 -2.15019e-15
vn 0.958827 -4.16401e-19 0.28399
vt 56.9305 -2.15019e-15
vt 56.9305 13
vt 56.6405 13
f 3137/6521/533 3136/6522/533 2064/6523/533 2063/6524/533 

v 51.5057 -2.16573e-15 -43.4853
vt 66.3244 -2.16413e-15
vn 0.498303 1.32885e-19 0.867003
vt 66.7644 -2.16413e-15
vt 66.7644 13
vt 66.3244 13
f 3138/6525/534 3137/6526/534 2063/6527/534 2062/6528/534 

v 51.5057 -2.16573e-15 -43.2853
vt 43.2853 -2.13596e-15
vt 43.4853 -2.13596e-15
vt 43.4853 13
vt 43.2853 13
f 3139/6529/139 3138/6530/139 2062/6531/139 2061/6532/139 

v 51.3867 -2.16573e-15 -43.1371
vt 65.8089 -2.16382e-15
vn 0.779752 -1.46785e-19 0.626088
vt 65.9989 -2.16382e-15
vt 65.9989 13
vt 65.8089 13
f 3140/6533/535 3139/6534/535 2061/6535/535 2060/6536/535 

v 50.9723 -2.16573e-15 -43.0688
vt 57.3015 -2.15257e-15
vn 0.162732 3.84974e-19 0.98667
vt 57.7215 -2.15257e-15
vt 57.7215 13
vt 57.3015 13
f 3141/6537/536 3140/6538/536 2060/6539/536 2059/6540/536 

v 50.9723 -2.16573e-15 -42.7188
vt 42.7188 -2.13627e-15
vt 43.0688 -2.13627e-15
vt 43.0688 13
vt 42.7188 13
f 3142/6541/139 3141/6542/139 2059/6543/139 2058/6544/139 

v 50.5786 -2.16573e-15 -42.5008
vt 64.8346 -2.1639e-15
vn 0.48431 1.44807e-19 0.874897
vt 65.2846 -2.1639e-15
vt 65.2846 13
vt 64.8346 13
f 3143/6545/537 3142/6546/537 2058/6547/537 2057/6548/537 

v 50.5786 -2.16573e-15 -42.2508
vt 42.2508 -2.1365e-15
vt 42.5008 -2.1365e-15
vt 42.5008 13
vt 42.2508 13
f 3144/6549/139 3143/6550/139 2057/6551/139 2056/6552/139 

v 50.4411 -2.16573e-15 -42.1198
vt 65.5731 -2.16553e-15
vn 0.68988 -4.73299e-20 0.723924
vt 65.7631 -2.16553e-15
vt 65.7631 13
vt 65.5731 13
f 3145/6553/538 3144/6554/538 2056/6555/538 2055/6556/538 

v 50.0263 -2.16573e-15 -42.0535
vt 56.0372 -2.15268e-15
vn 0.157849 3.88182e-19 0.987463
vt 56.4572 -2.15268e-15
vt 56.4572 13
vt 56.0372 13
f 3146/6557/539 3145/6558/539 2055/6559/539 2054/6560/539 

v 50.0263 -2.16573e-15 -40.7835
vt 40.7835 -2.13681e-15
vt 42.0535 -2.13681e-15
vt 42.0535 13
vt 40.7835 13
f 3147/6561/139 3146/6562/139 2054/6563/139 2053/6564/139 

v 49.9169 -2.16573e-15 -40.6808
vt 64.2382 -2.16555e-15
vn 0.684158 -4.1396e-20 0.729334
vt 64.3882 -2.16555e-15
vt 64.3882 13
vt 64.2382 13
f 3148/6565/540 3147/6566/540 2053/6567/540 2052/6568/540 

v 49.5694 -2.16573e-15 -40.5038
vt 62.5553 -2.16342e-15
vn 0.454011 1.70139e-19 0.890996
vt 62.9453 -2.16342e-15
vt 62.9453 13
vt 62.5553 13
f 3149/6569/541 3148/6570/541 2052/6571/541 2051/6572/541 

v 49.5694 -2.16573e-15 -40.2738
vt 40.2738 -2.13708e-15
vt 40.5038 -2.13708e-15
vt 40.5038 13
vt 40.2738 13
f 3150/6573/139 3149/6574/139 2051/6575/139 2050/6576/139 

v 49.4347 -2.16579e-15 -40.126
vt 62.9606 -2.16484e-15
vn 0.738781 -9.98644e-20 0.673946
vt 63.1606 -2.16479e-15
vt 63.1606 13
vt 62.9606 13
f 3151/6577/542 3150/6578/542 2050/6579/542 2049/6580/542 

v 48.9309 -2.15647e-15 -39.9972
vt 57.3157 -2.14776e-15
vn 0.247788 3.27135e-19 0.968814
vt 57.8357 -2.15708e-15
vt 57.8357 13
vt 57.3157 13
f 3152/6581/543 3151/6582/543 2049/6583/543 2048/6584/543 

vt 45.9909 -2.13705e-15
vt 48.9309 -2.13705e-15
vt 48.9309 13
vt 45.9909 13
f 1/6585/140 3152/6586/140 2048/6587/140 2047/6588/140 

vt -50.0172 -2.13915e-15
vn -1 5.78084e-19 -5.34563e-37
vt -39.9972 -2.12988e-15
vt -39.9972 13
vt -50.0172 5
f 2/6589/544 1/6590/544 2047/6591/544 2046/6289/544 3/6592/544 

vt -57.8265 13
vn -0.983677 4.81282e-19 -0.179944
v 46.0538 5 -50.3615
vt -57.8265 5
vt -57.4765 5
vt -57.4765 13
f 2045/6593/545 3153/6594/545 3/6595/545 2046/6596/545 

vt -69.0918 13
vn -0.75056 1.13055e-19 -0.660803
v 46.6221 5 -51.0069
vt -69.0918 5
vt -68.2318 5
vt -68.2318 13
f 2044/6597/546 3154/6598/546 3153/6599/546 2045/6600/546 

vt -47.0021 13
v 47.0021 5 -51.0069
vt -47.0021 5
vt -46.6221 5
vt -46.6221 13
f 2043/6601/243 3155/6602/243 3154/6603/243 2044/6604/243 

vt -61.0369 13
v 47.0021 5 -61.0369
vt -61.0369 5
vt -51.0069 5
vt -51.0069 13
f 2042/6605/146 3156/6606/146 3155/6607/146 2043/6608/146 

vt 46.8821 13
v 46.8821 5 -61.0369
vt 46.8821 5
vt 47.0021 5
vt 47.0021 13
f 2041/6609/140 3157/6610/140 3156/6611/140 2042/6612/140 

vt -29.0079 13
vn -0.861068 7.44651e-19 0.50849
v 46.7347 5 -61.2866
vt -29.0079 5
vt -28.7179 5
vt -28.7179 13
f 2040/6613/547 3158/6614/547 3157/6615/547 2041/6616/547 

vt 31.524 13
vn -0.222679 6.02056e-19 0.974892
v 46.3545 5 -61.3735
vt 31.524 5
vt 31.914 5
vt 31.914 13
f 2039/6617/548 3159/6618/548 3158/6619/548 2040/6620/548 

vt 0.902918 13
vn -0.588671 7.32781e-19 0.808373
v 45.9988 5 -61.6325
vt 0.902918 5
vt 1.34292 5
vt 1.34292 13
f 2038/6621/549 3160/6622/549 3159/6623/549 2039/6624/549 

vt -62.0725 13
v 45.9988 5 -62.0725
vt -62.0725 5
vt -61.6325 5
vt -61.6325 13
f 2037/6625/146 3161/6626/146 3160/6627/146 2038/6628/146 

vt 34.0088 13
v 34.0088 5 -62.0725
vt 34.0088 5
vt 45.9988 5
vt 45.9988 13
f 2036/6629/140 3162/6630/140 3161/6631/140 2037/6632/140 

vt 61.8725 13
v 34.0088 5 -61.8725
vt 61.8725 5
vt 62.0725 5
vt 62.0725 13
f 2035/6633/139 3163/6634/139 3162/6635/139 2036/6636/139 

vt 70.1612 13
vn 0.825565 -2.03265e-19 0.564306
v 33.9467 5 -61.7817
vt 70.1612 5
vt 70.2712 5
vt 70.2712 13
f 2034/6637/550 3164/6638/550 3163/6639/550 2035/6640/550 

vt 61.2464 13
vn 0.534088 1.01724e-19 0.845429
v 33.5663 5 -61.5414
vt 61.2464 5
vt 61.6964 5
vt 61.6964 13
f 2033/6641/551 3165/6642/551 3164/6643/551 2034/6644/551 

vt 61.3514 13
v 33.5663 5 -61.3514
vt 61.3514 5
vt 61.5414 5
vt 61.5414 13
f 2032/6645/139 3166/6646/139 3165/6647/139 2033/6648/139 

vt 68.4469 13
vn 0.769503 -1.34765e-19 0.638643
v 33.4385 5 -61.1974
vt 68.4469 5
vt 68.6469 5
vt 68.6469 13
f 2031/6649/552 3167/6650/552 3166/6651/552 2032/6652/552 

vt 41.2691 13
vn 0.140572 3.99435e-19 0.990071
v 33.0029 5 -61.1356
vt 41.2691 5
vt 41.7091 5
vt 41.7091 13
f 2030/6653/553 3168/6654/553 3167/6655/553 2031/6656/553 

vt 50.9656 13
v 33.0029 5 -50.9656
vt 50.9656 5
vt 61.1356 5
vt 61.1356 13
f 2029/6657/139 3169/6658/139 3168/6659/139 2030/6660/139 

vt -33.2929 13
v 33.2929 5 -50.9656
vt -33.2929 5
vt -33.0029 5
vt -33.0029 13
f 2028/6661/243 3170/6662/243 3169/6663/243 2029/6664/243 

vt 17.8408 13
vn 0.773607 -7.54867e-19 -0.633665
v 33.6034 5 -50.5865
vt 17.8408 5
vt 18.3308 5
vt 18.3308 13
f 2027/6665/554 3171/6666/554 3170/6667/554 2028/6668/554 

vt -33.8134 13
v 33.8134 5 -50.5865
vt -33.8134 5
vt -33.6034 5
vt -33.6034 13
f 2026/6669/243 3172/6670/243 3171/6671/243 2027/6672/243 

vt 23.329 13
vn 0.834264 -7.49973e-19 -0.551366
v 33.9402 5 -50.3947
vt 23.329 5
vt 23.559 5
vt 23.559 13
f 2025/6673/555 3173/6674/555 3172/6675/555 2026/6676/555 

vt 49.9847 13
v 33.9402 5 -49.9847
vt 49.9847 5
vt 50.3947 5
vt 50.3947 13
f 2024/6677/139 3174/6678/139 3173/6679/139 2025/6680/139 

vt -37.9785 13
v 37.9785 5 -49.9847
vt -37.9785 5
vt -33.9402 5
vt -33.9402 13
f 2023/6681/243 3175/6682/243 3174/6683/243 2024/6684/243 

vt 40.9947 13
v 37.9785 5 -40.9947
vt 40.9947 5
f 2022/6685/139 3176/6686/139 3175/6678/139 2023/6677/139 

v -10.0315 -2.16573e-15 -40.9947
vt -10.0315 -2.14583e-15
v 37.9785 -2.16573e-15 -40.9947
vt 37.9785 -2.14583e-15
vt 37.9785 5
vt 37.9785 13
vt -10.0315 13
vt -10.0315 3
f 3177/6687/140 3178/6688/140 3176/6689/140 2022/6690/140 2021/6691/140 919/6692/140 

usemtl FrontColor
vt 1495.22 -1.03084e-13
vn 0 -1.10404e-17 1
v 39.0209 -2.16573e-15 -40.9947
vt 1536.25 -1.03084e-13
v 39.0209 5 -40.9947
vt 1536.25 196.85
vt 1495.22 196.85
f 3178/6693/556 3179/6694/556 3180/6695/556 3176/6696/556 

v 39.0209 -2.15647e-15 -50.0172
vt -1969.18 -8.49003e-14
vt -1613.96 -8.52651e-14
vt -1613.96 196.85
v 39.0209 5 -50.0172
vt -1969.18 196.85
f 3181/6697/3 3179/6698/3 3180/6699/3 3182/6700/3 

usemtl _4
vt -39.0209 50.0172
vn 6.78168e-18 -1 -4.04058e-18
vt -44.9909 50.0172
vt -44.9909 39.9972
v 39.0209 -2.15647e-15 -39.9972
vt -39.0209 39.9972
vt -39.0209 40.9947
f 3181/6701/557 5/6702/557 4/6703/557 3183/6704/557 3179/6705/557 

usemtl FrontColor
vt -1771.29 -8.17124e-14
vt -1536.25 -8.49003e-14
vt -1536.25 196.85
vt -1771.29 196.85
f 5/6706/5 3181/6707/5 3182/6708/5 6/6709/5 

usemtl Color_C02
vt 1495.22 1967.9
vn -5.99136e-17 1 1.15183e-17
vt 1495.22 1613.96
vt 1536.25 1613.96
vt 1536.25 1969.18
vt 1771.29 1969.18
vt 1810.66 1969.18
vt 1813.14 1982.73
vt 1835.52 2008.15
vt 1850.48 2008.15
vt 1850.48 2403.03
vt 1845.75 2403.03
vt 1839.95 2412.86
vt 1824.98 2416.28
vt 1810.98 2426.48
vt 1810.98 2443.8
vt 1338.93 2443.8
vt 1338.93 2435.93
vt 1336.48 2432.35
vt 1321.51 2422.89
vt 1321.51 2415.41
vt 1316.48 2409.35
vt 1299.33 2406.91
vt 1299.33 2006.52
vt 1310.74 2006.52
vt 1322.97 1991.6
vt 1331.24 1991.6
vt 1336.23 1984.04
vt 1336.23 1967.9
f 3175/6710/558 3176/6711/558 3180/6712/558 3182/6713/558 6/6714/558 3/6715/558 3153/6716/558 3154/6717/558 3155/6718/558 3156/6719/558 3157/6720/558 3158/6721/558 3159/6722/558 3160/6723/558 3161/6724/558 3162/6725/558 3163/6726/558 3164/6727/558 3165/6728/558 3166/6729/558 3167/6730/558 3168/6731/558 3169/6732/558 3170/6733/558 3171/6734/558 3172/6735/558 3173/6736/558 3174/6737/558 

usemtl _4
v 39.0209 13 -50.0172
vt -40.9947 5
vt -40.9947 -2.16573e-15
vt -39.9972 -2.15647e-15
v 39.0209 13 -39.9972
f 3184/6289/3 3182/6592/3 3180/6738/3 3179/6739/3 3183/6740/3 3185/6591/3 

v 44.9909 13 -50.0172
vt -44.9909 13
vt -44.9909 5
vt -39.0209 5
vt -39.0209 13
f 3186/6741/5 6/6742/5 3182/6743/5 3184/6744/5 

vt 39.9972 -2.15647e-15
vt 50.0172 -2.0755e-15
vt 50.0172 5
v 44.9909 13 -39.9972
vt 39.9972 13
f 4/6745/1 5/6746/1 6/6747/1 3186/6459/1 3187/6748/1 

usemtl FrontColor
vt 1771.29 -8.17124e-14
vt 1810.66 -8.52651e-14
vt 1810.66 196.85
vt 1771.29 196.85
f 5/6749/7 2/6750/7 3/6751/7 6/6752/7 

usemtl _4
vt 44.9909 50.0172
vn -6.78168e-18 1 4.04058e-18
vt 39.0209 50.0172
vt 39.0209 39.9972
vt 44.9909 39.9972
f 3186/6753/559 3184/6754/559 3185/6755/559 3187/6756/559 

vt 39.0209 -2.31808e-15
vn 0 -4.04058e-18 1
vt 44.9909 -2.31808e-15
vt 44.9909 13
vt 39.0209 13
f 3183/6757/560 4/6758/560 3187/6759/560 3185/6760/560 

vt -43.0012 13
vt -43.0012 3
vt -40.9947 3
vt -40.9947 13
f 2020/6761/146 920/6762/146 919/6763/146 2021/6764/146 

vt -10.9928 13
vn 1.78106e-48 4.85519e-19 1
vt -10.9928 3
f 2019/6765/561 921/6766/561 920/6692/561 2020/6691/561 

vt -54.0012 -2.17209e-15
vt -43.0012 -2.17209e-15
vt -54.0012 13
v -10.9928 8.5 -54.0012
vt -54.0012 8.5
f 137/6767/146 139/6768/146 921/6762/146 2019/6761/146 2018/6769/146 3188/6770/146 

usemtl FrontColor
vt 432.788 -8.63124e-14
vn 0 6.18623e-19 -1
vt 472.158 -8.63124e-14
vt 472.158 118.11
vt 432.788 118.11
f 139/6771/562 138/6772/562 922/6773/562 921/6774/562 

usemtl _4
vt 43.0012 -2.17267e-15
vt 54.0012 -2.17267e-15
v -11.9928 8.5 -54.0012
vt 54.0012 8.5
vt 54.0012 13
vt 43.0012 13
vt 43.0012 3
f 138/6775/139 136/6776/139 3189/6777/139 1441/6778/139 1440/6779/139 922/6780/139 

usemtl FrontColor
vt -472.158 -9.14003e-14
vn 0 -2.88573e-18 1
vt -432.788 -9.14003e-14
vt -432.788 334.646
vt -472.158 334.646
f 136/6781/563 137/6782/563 3188/6783/563 3189/6784/563 

usemtl Color_C02
v -62.565 8.5 -58.1704
vt -2463.19 2290.17
vn -6.54821e-19 1 2.88573e-18
v -63.0078 8.5 -58.0734
vt -2480.62 2286.35
v -63.0078 8.5 -51.9434
vt -2480.62 2045.01
v -62.6578 8.5 -51.9434
vt -2466.84 2045.01
v -62.4173 8.5 -51.563
vt -2457.37 2030.04
v -62.1573 8.5 -51.563
vt -2447.14 2030.04
v -62.0198 8.5 -51.3542
vt -2441.72 2021.82
v -62.0198 8.5 -51.0176
vt -2441.72 2008.57
v -58.0198 8.5 -51.0176
vt -2284.24 2008.57
v -57.9366 8.5 -51.3781
vt -2280.97 2022.76
v -57.8085 8.5 -51.4899
vt -2275.93 2027.16
v -57.7385 8.5 -51.4899
vt -2273.17 2027.16
v -57.6907 8.5 -51.6321
vt -2271.29 2032.76
v -57.6264 8.5 -51.7565
vt -2268.76 2037.66
v -57.3583 8.5 -52.0115
vt -2258.2 2047.69
v -57.1383 8.5 -52.0115
vt -2249.54 2047.69
v -56.9709 8.5 -51.7996
vt -2242.95 2039.36
v -56.7347 8.5 -51.9305
vt -2233.65 2044.51
v -56.4128 8.5 -51.5744
vt -2220.98 2030.49
v -56.1728 8.5 -51.5744
vt -2211.53 2030.49
v -56.0829 8.5 -51.3736
vt -2207.99 2022.58
v -56.0829 8.5 -51.0162
vt -2207.99 2008.51
v -49.0029 8.5 -51.0162
vt -1929.25 2008.51
v -48.9448 8.5 -51.3715
vt -1926.96 2022.5
v -48.8061 8.5 -51.5156
vt -1921.5 2028.17
v -48.7061 8.5 -51.5156
vt -1917.56 2028.17
v -48.7061 8.5 -51.6356
vt -1917.56 2032.9
v -48.6304 8.5 -51.7651
vt -1914.58 2037.99
v -48.3743 8.5 -52.0036
vt -1904.5 2047.38
v -48.1443 8.5 -52.0036
vt -1895.44 2047.38
v -47.7084 8.5 -51.9431
vt -1878.28 2045
v -47.4021 8.5 -51.5736
vt -1866.22 2030.46
v -47.1821 8.5 -51.5736
vt -1857.56 2030.46
v -47.0656 8.5 -51.3869
vt -1852.98 2023.11
v -47.0656 8.5 -51.1369
vt -1852.98 2013.26
v -46.8183 8.5 -51.5008
vt -1843.24 2027.59
v -46.7083 8.5 -51.5008
vt -1838.91 2027.59
v -46.7083 8.5 -51.6308
vt -1838.91 2032.71
v -46.3601 8.5 -52.0171
vt -1825.2 2047.92
v -46.1401 8.5 -52.0171
vt -1816.54 2047.92
v -45.9656 8.5 -51.7855
vt -1809.67 2038.8
v -45.8186 8.5 -51.9623
vt -1803.88 2045.76
v -45.6886 8.5 -51.9623
vt -1798.76 2045.76
v -45.5688 8.5 -51.8022
vt -1794.05 2039.46
v -45.5688 8.5 -51.7122
vt -1794.05 2035.91
v -45.4019 8.5 -51.5848
vt -1787.48 2030.9
v -45.2119 8.5 -51.5848
vt -1779.99 2030.9
v -45.0623 8.5 -51.3721
vt -1774.11 2022.52
v -45.0623 8.5 -51.0121
vt -1774.11 2008.35
v -34.0223 8.5 -51.0121
vt -1339.46 2008.35
v -33.934 8.5 -51.3817
vt -1335.98 2022.9
v -33.8027 8.5 -51.5191
vt -1330.82 2028.31
v -33.7127 8.5 -51.5191
vt -1327.27 2028.31
v -33.6347 8.5 -51.7566
vt -1324.2 2037.66
v -33.365 8.5 -52.01
vt -1313.58 2047.64
v -33.0244 8.5 -52.01
vt -1300.17 2047.64
v -33.0244 8.5 -53.11
vt -1300.17 2090.94
v -32.932 8.5 -53.3849
vt -1296.54 2101.77
v -32.7981 8.5 -53.5051
vt -1291.26 2106.5
v -32.7181 8.5 -53.5051
vt -1288.11 2106.5
v -32.6366 8.5 -53.7625
vt -1284.91 2116.63
v -32.5466 8.5 -53.7625
vt -1281.36 2116.63
v -32.3826 8.5 -54.0137
vt -1274.9 2126.52
v -32.1336 8.5 -54.0137
vt -1265.1 2126.52
v -31.9949 8.5 -53.8178
vt -1259.64 2118.81
v -31.7991 8.5 -53.9565
vt -1251.93 2124.27
v -31.7176 8.5 -53.9565
vt -1248.72 2124.27
v -31.5586 8.5 -53.8045
vt -1242.46 2118.29
v -31.4263 8.5 -53.5924
vt -1237.25 2109.94
v -31.2078 8.5 -53.5924
vt -1228.66 2109.94
v -31.0542 8.5 -53.3703
vt -1222.61 2101.19
v -31.0542 8.5 -53.1603
vt -1222.61 2092.93
v -30.8136 8.5 -53.5046
vt -1213.13 2106.48
v -30.7136 8.5 -53.5046
vt -1209.2 2106.48
v -30.7136 8.5 -53.6346
vt -1209.2 2111.6
v -30.6384 8.5 -53.7758
vt -1206.24 2117.16
v -30.3623 8.5 -54.0221
vt -1195.37 2126.85
v -30.1123 8.5 -54.0221
vt -1185.52 2126.85
v -29.965 8.5 -53.7958
vt -1179.73 2117.95
v -29.7963 8.5 -53.9665
vt -1173.08 2124.67
v -29.6763 8.5 -53.9665
vt -1168.36 2124.67
v -29.4093 8.5 -53.592
vt -1157.84 2109.92
v -29.2025 8.5 -53.592
vt -1149.7 2109.92
v -29.0507 8.5 -53.3809
vt -1143.73 2101.61
v -29.0507 8.5 -52.9909
vt -1143.73 2086.26
v -28.6824 8.5 -52.955
vt -1129.23 2084.84
v -28.4172 8.5 -52.5915
vt -1118.79 2070.53
v -28.2069 8.5 -52.5915
vt -1110.51 2070.53
v -28.0665 8.5 -52.3727
vt -1104.98 2061.92
v -28.0031 8.5 -51.8666
vt -1102.49 2041.99
v -27.8069 8.5 -51.9661
vt -1094.76 2045.91
v -27.6968 8.5 -51.9661
vt -1090.42 2045.91
v -27.5575 8.5 -51.7958
vt -1084.94 2039.2
v -27.5575 8.5 -51.6958
vt -1084.94 2035.27
v -27.3993 8.5 -51.5735
vt -1078.71 2030.45
v -27.1967 8.5 -51.5735
vt -1070.74 2030.45
v -27.0425 8.5 -51.3279
vt -1064.66 2020.78
v -26.9325 8.5 -51.3279
vt -1060.33 2020.78
v -26.634 8.5 -51.7537
vt -1048.58 2037.55
v -26.3695 8.5 -52.0125
vt -1038.17 2047.74
v -26.1295 8.5 -52.0125
vt -1028.72 2047.74
v -25.9739 8.5 -51.7918
vt -1022.59 2039.05
v -25.7982 8.5 -51.9554
vt -1015.68 2045.49
v -25.6982 8.5 -51.9554
vt -1011.74 2045.49
v -25.4247 8.5 -51.598
vt -1000.97 2031.42
v -25.1747 8.5 -51.598
vt -991.13 2031.42
v -25.0419 8.5 -51.3745
vt -985.902 2022.62
v -25.0419 8.5 -50.9545
vt -985.902 2006.08
v -24.7119 8.5 -50.9545
vt -972.91 2006.08
v -24.4155 8.5 -50.5898
vt -961.24 1991.72
v -24.1655 8.5 -50.5898
vt -951.398 1991.72
v -24.0527 8.5 -50.3555
vt -946.958 1982.5
v -23.9327 8.5 -50.3555
vt -942.234 1982.5
v -23.8184 8.5 -50.4945
vt -937.732 1987.97
v -23.7184 8.5 -50.4945
vt -933.795 1987.97
v -23.7184 8.5 -50.6382
vt -933.795 1993.63
v -23.3512 8.5 -51.0203
vt -919.337 2008.67
v -22.9763 8.5 -51.0203
vt -904.578 2008.67
v -22.9398 8.5 -51.3885
vt -903.142 2023.17
v -22.6251 8.5 -51.764
vt -890.75 2037.95
v -22.3606 8.5 -52.0083
vt -880.339 2047.57
v -22.0206 8.5 -52.0083
vt -866.953 2047.57
v -22.0206 8.5 -53.1083
vt -866.953 2090.88
v -21.9439 8.5 -53.3672
vt -863.934 2101.07
v -21.8262 8.5 -53.5163
vt -859.299 2106.94
v -21.7162 8.5 -53.5163
vt -854.968 2106.94
v -21.6408 8.5 -53.7817
vt -852.001 2117.39
v -21.5208 8.5 -53.7817
vt -847.276 2117.39
v -21.5208 8.5 -53.8817
vt -847.276 2121.33
v -21.374 8.5 -54.0175
vt -841.494 2126.67
v -21.104 8.5 -54.0175
vt -830.865 2126.67
v -20.7102 8.5 -53.9472
vt -815.361 2123.91
v -20.4111 8.5 -53.5846
vt -803.588 2109.63
v -20.1911 8.5 -53.5846
vt -794.927 2109.63
v -20.0801 8.5 -53.3719
vt -790.555 2101.25
v -19.9206 8.5 -53.3719
vt -784.274 2101.25
v -19.8151 8.5 -53.5177
vt -780.121 2107
v -19.7151 8.5 -53.5177
vt -776.184 2107
v -19.6314 8.5 -53.7639
vt -772.889 2116.69
v -19.363 8.5 -54.0186
vt -762.322 2126.71
v -19.123 8.5 -54.0186
vt -752.873 2126.71
v -18.9661 8.5 -53.7629
vt -746.695 2116.65
v -18.7875 8.5 -53.9654
vt -739.666 2124.62
v -18.6775 8.5 -53.9654
vt -735.335 2124.62
v -18.4203 8.5 -53.5961
vt -725.21 2110.08
v -18.1603 8.5 -53.5961
vt -714.974 2110.08
v -18.0779 8.5 -53.3814
vt -711.727 2101.63
v -18.0779 8.5 -53.1414
vt -711.727 2092.18
v -17.9958 8.5 -53.1414
vt -708.495 2092.18
v -17.9241 8.5 -53.3809
vt -705.671 2101.61
v -17.805 8.5 -53.5159
vt -700.985 2106.93
v -17.725 8.5 -53.5159
vt -697.835 2106.93
v -17.6442 8.5 -53.763
vt -694.654 2116.66
v -17.5342 8.5 -53.763
vt -690.323 2116.66
v -17.4967 8.5 -53.8979
vt -688.848 2121.97
v -17.3631 8.5 -54.0185
vt -683.587 2126.71
v -17.1031 8.5 -54.0185
vt -673.351 2126.71
v -17.0369 8.5 -53.8729
vt -670.745 2120.98
v -16.8553 8.5 -54.0139
vt -663.594 2126.53
v -16.6253 8.5 -54.0139
vt -654.538 2126.53
v -16.4717 8.5 -53.7798
vt -648.492 2117.32
v -16.2938 8.5 -53.9554
vt -641.487 2124.23
v -15.8784 8.5 -54.0012
vt -625.133 2126.03
vt -472.158 2126.03
vt -432.788 2126.03
v -9.71944 8.5 -54.0012
vt -382.655 2126.03
v -9.42107 8.5 -53.5876
vt -370.908 2109.75
v -9.18107 8.5 -53.5876
vt -361.46 2109.75
v -9.04888 8.5 -53.3637
vt -356.255 2100.93
v -9.04888 8.5 -52.9637
vt -356.255 2085.18
v -8.68645 8.5 -52.9637
vt -341.986 2085.18
v -8.40994 8.5 -52.5836
vt -331.1 2070.22
v -8.18994 8.5 -52.5836
vt -322.439 2070.22
v -8.00301 8.5 -52.3363
vt -315.079 2060.49
v -7.37041 8.5 -53.018
vt -290.174 2087.32
v -7.01256 8.5 -53.018
vt -276.085 2087.32
v -6.92859 8.5 -53.4091
vt -272.779 2102.72
v -6.71643 8.5 -53.5213
vt -264.426 2107.14
v -6.63828 8.5 -53.7798
vt -261.35 2117.31
v -6.3638 8.5 -54.0279
vt -250.543 2127.08
v -3.6938 8.5 -54.0279
vt -145.425 2127.08
v -3.40763 8.5 -53.5937
vt -134.159 2109.99
v -3.16763 8.5 -53.5937
vt -124.71 2109.99
v -2.95702 8.5 -53.3268
vt -116.418 2099.48
v -2.38182 8.5 -54.019
vt -93.7725 2126.73
v 0.297767 8.5 -54.019
vt 11.7231 2126.73
v 0.585704 8.5 -53.5981
vt 23.0592 2110.16
v 0.845704 8.5 -53.5981
vt 33.2954 2110.16
v 1.0578 8.5 -53.3452
vt 41.6456 2100.21
v 1.61784 8.5 -54.024
vt 63.6945 2126.93
v 2.33456 8.5 -53.9553
vt 91.9117 2124.23
v 2.58073 8.5 -53.5786
vt 101.603 2109.4
v 2.82073 8.5 -53.5786
vt 111.052 2109.4
v 2.93251 8.5 -53.3663
vt 115.453 2101.03
v 2.93251 8.5 -52.9695
vt 115.453 2085.41
v 3.32251 8.5 -52.9695
vt 130.807 2085.41
v 3.57328 8.5 -52.5838
vt 140.68 2070.23
v 3.85328 8.5 -52.5838
vt 151.704 2070.23
v 4.00952 8.5 -51.9735
vt 157.855 2046.2
v 4.30952 8.5 -51.9735
vt 169.666 2046.2
v 4.57489 8.5 -51.5856
vt 180.114 2030.93
v 4.84489 8.5 -51.5856
vt 190.744 2030.93
v 5.03722 8.5 -51.3425
vt 198.316 2021.36
v 5.63553 8.5 -52.0148
vt 221.871 2047.83
v 6.32288 8.5 -51.9543
vt 248.932 2045.45
v 6.5807 8.5 -51.5855
vt 259.083 2030.93
v 6.8207 8.5 -51.5855
vt 268.532 2030.93
v 6.92171 8.5 -51.3789
vt 272.508 2022.79
v 6.92171 8.5 -50.9826
vt 272.508 2007.19
v 7.31958 8.5 -50.9413
vt 288.172 2005.56
v 7.56811 8.5 -50.5904
vt 297.957 1991.75
v 7.80811 8.5 -50.5904
vt 307.406 1991.75
v 8.01189 8.5 -50.3568
vt 315.429 1982.55
v 8.63778 8.5 -51.0174
vt 340.07 2008.56
v 8.99778 8.5 -51.0174
vt 354.243 2008.56
v 9.04317 8.5 -51.3644
vt 356.03 2022.22
v 9.62443 8.5 -52.0118
vt 378.915 2047.71
v 9.98443 8.5 -52.0118
vt 393.088 2047.71
v 9.98443 8.5 -53.1418
vt 393.088 2092.2
v 10.1888 8.5 -53.4972
vt 401.135 2106.19
v 10.6286 8.5 -54.0159
vt 418.448 2126.61
v 11.3259 8.5 -53.9547
vt 445.902 2124.2
v 11.5782 8.5 -53.5943
vt 455.836 2110.01
v 11.8075 8.5 -53.5943
vt 464.861 2110.01
v 11.9825 8.5 -53.3384
vt 471.751 2099.94
v 12.6381 8.5 -54.012
vt 497.564 2126.46
v 13.2949 8.5 -53.9469
vt 523.422 2123.89
v 13.5922 8.5 -53.5701
vt 535.127 2109.06
v 13.8222 8.5 -53.5701
vt 544.182 2109.06
v 14.0289 8.5 -53.339
vt 552.318 2099.96
v 14.6169 8.5 -54.0203
vt 575.47 2126.79
v 16.3055 8.5 -53.952
vt 641.951 2124.09
v 16.603 8.5 -53.5626
vt 653.66 2108.76
v 16.823 8.5 -53.5626
vt 662.321 2108.76
v 16.9484 8.5 -53.358
vt 667.261 2100.71
v 16.9484 8.5 -51.958
vt 667.261 2045.59
v 17.2844 8.5 -51.958
vt 680.49 2045.59
v 17.5957 8.5 -51.5795
vt 692.744 2030.69
v 17.8357 8.5 -51.5795
vt 702.193 2030.69
v 18.0449 8.5 -51.3507
vt 710.429 2021.68
v 18.6306 8.5 -52.0209
vt 733.489 2048.07
v 19.3158 8.5 -51.9398
vt 760.466 2044.87
v 19.6118 8.5 -51.6008
vt 772.117 2031.53
v 19.8418 8.5 -51.6008
vt 781.172 2031.53
v 19.9528 8.5 -51.388
vt 785.545 2023.15
v 19.9528 8.5 -51.008
vt 785.545 2008.19
v 20.3028 8.5 -51.008
vt 799.324 2008.19
v 20.5725 8.5 -50.6354
vt 809.942 1993.52
v 20.8425 8.5 -50.6354
vt 820.572 1993.52
v 20.9584 8.5 -50.4139
vt 825.136 1984.8
v 20.9584 8.5 -50.0239
vt 825.136 1969.44
v 28.9884 8.5 -50.0239
vt 1141.28 1969.44
v 29.0647 8.5 -50.3859
vt 1144.28 1983.7
v 29.6325 8.5 -51.0049
vt 1166.63 2008.07
v 29.9964 8.5 -51.0049
vt 1180.96 2008.07
v 30.0829 8.5 -51.3955
vt 1184.36 2023.44
v 30.6419 8.5 -51.9954
vt 1206.37 2047.06
v 30.9919 8.5 -51.9954
vt 1220.15 2047.06
v 30.9919 8.5 -58.0654
vt 1220.15 2286.04
v 30.8619 8.5 -58.0654
vt 1215.04 2286.04
v 30.7283 8.5 -58.3227
vt 1209.77 2296.17
v 30.5083 8.5 -58.3227
vt 1201.11 2296.17
v 30.4064 8.5 -58.4461
vt 1197.1 2301.03
v 30.2364 8.5 -58.4461
vt 1190.41 2301.03
v 29.9886 8.5 -58.6325
vt 1180.66 2308.36
v 29.9886 8.5 -59.0625
vt 1180.66 2325.29
v 29.8633 8.5 -59.0625
vt 1175.72 2325.29
v 29.718 8.5 -59.3134
vt 1170 2335.18
v 29.498 8.5 -59.3134
vt 1161.34 2335.18
v 28.9986 8.5 -59.6276
vt 1141.68 2347.54
v 28.9986 8.5 -60.0676
vt 1141.68 2364.87
v 28.8686 8.5 -60.0676
vt 1136.56 2364.87
v 28.7157 8.5 -60.3257
vt 1130.54 2375.03
v 28.3098 8.5 -60.3836
vt 1114.56 2377.31
v 27.9795 8.5 -60.6264
vt 1101.55 2386.87
v 27.9795 8.5 -61.0564
vt 1101.55 2403.8
v 21.0095 8.5 -61.0564
vt 827.144 2403.8
v 21.0095 8.5 -60.8664
vt 827.144 2396.32
v 20.8812 8.5 -60.6755
vt 822.096 2388.8
v 20.5813 8.5 -60.5379
vt 810.287 2383.38
v 20.5813 8.5 -60.3276
vt 810.287 2375.1
v 20.4139 8.5 -60.1848
vt 803.698 2369.48
v 20.1539 8.5 -60.1848
vt 793.461 2369.48
v 19.9678 8.5 -60.0332
vt 786.135 2363.51
v 19.9678 8.5 -59.8632
vt 786.135 2356.82
v 19.8623 8.5 -59.6702
vt 781.982 2349.22
v 19.5673 8.5 -59.5223
vt 770.366 2343.4
v 19.5673 8.5 -59.2943
vt 770.366 2334.42
v 19.4145 8.5 -59.1814
vt 764.352 2329.98
v 19.1645 8.5 -59.1814
vt 754.509 2329.98
v 18.9497 8.5 -59.0534
vt 746.053 2324.94
v 18.8497 8.5 -59.0534
vt 742.116 2324.94
v 18.7085 8.5 -59.3294
vt 736.554 2335.8
v 18.5085 8.5 -59.3294
vt 728.68 2335.8
v 18.2997 8.5 -59.3988
vt 720.46 2338.53
v 17.9975 8.5 -59.6291
vt 708.562 2347.6
v 17.9975 8.5 -59.7991
vt 708.562 2354.3
v 17.5421 8.5 -59.5481
vt 690.632 2344.41
v 17.5421 8.5 -59.3294
vt 690.632 2335.8
v 17.4096 8.5 -59.1796
vt 685.416 2329.9
v 17.1596 8.5 -59.1796
vt 675.573 2329.9
v 16.9404 8.5 -58.9896
vt 666.945 2322.43
v 16.9404 8.5 -57.7496
vt 666.945 2273.61
v 16.5667 8.5 -57.5369
vt 652.232 2265.23
v 16.5667 8.5 -57.3269
vt 652.232 2256.97
v 16.4316 8.5 -57.1794
vt 646.914 2251.16
v 16.1275 8.5 -57.1195
vt 634.939 2248.8
v 14.8775 8.5 -57.1195
vt 585.726 2248.8
v 14.7159 8.5 -57.3958
vt 579.367 2259.68
v 14.3017 8.5 -57.465
vt 563.058 2262.4
v 13.9998 8.5 -57.7119
vt 551.175 2272.12
v 13.9998 8.5 -57.8519
vt 551.175 2277.64
v 13.5748 8.5 -57.6081
vt 534.442 2268.03
v 13.5748 8.5 -57.3681
vt 534.442 2258.59
v 13.4223 8.5 -57.2388
vt 528.435 2253.49
v 13.1423 8.5 -57.2388
vt 517.412 2253.49
v 12.9513 8.5 -57.0933
vt 509.896 2247.77
v 12.8413 8.5 -57.0933
vt 505.565 2247.77
v 12.7203 8.5 -57.3568
vt 500.798 2258.14
v 12.5103 8.5 -57.3568
vt 492.53 2258.14
v 12.3112 8.5 -57.4504
vt 484.691 2261.83
v 12.0671 8.5 -57.6249
vt 475.084 2268.7
v 11.9929 8.5 -57.7061
vt 472.161 2271.89
v 11.9929 8.5 -57.8461
vt 472.161 2277.41
v 11.5707 8.5 -57.5973
vt 455.541 2267.61
v 11.5707 8.5 -57.3973
vt 455.541 2259.74
v 11.4193 8.5 -57.2518
vt 449.58 2254.01
v 11.1593 8.5 -57.2518
vt 439.344 2254.01
v 10.9451 8.5 -57.1045
vt 430.909 2248.21
v 10.8451 8.5 -57.1045
vt 426.972 2248.21
v 10.7112 8.5 -57.3504
vt 421.701 2257.89
v 10.4812 8.5 -57.3504
vt 412.646 2257.89
v 9.98278 8.5 -57.6845
vt 393.023 2271.04
v 9.98278 8.5 -59.1145
vt 393.023 2327.34
v 9.85278 8.5 -59.1145
vt 387.905 2327.34
v 9.73056 8.5 -59.3884
vt 383.093 2338.13
v 9.49056 8.5 -59.3884
vt 373.644 2338.13
v 9.18426 8.5 -59.6134
vt 361.585 2346.98
v 9.03426 8.5 -59.6134
vt 355.68 2346.98
v 8.97156 8.5 -60.1296
vt 353.211 2367.31
v 8.86156 8.5 -60.1296
vt 348.88 2367.31
v 8.71261 8.5 -60.4014
vt 343.016 2378.01
v 8.34284 8.5 -60.4014
vt 328.458 2378.01
v 7.99395 8.5 -60.7012
vt 314.722 2389.81
v 7.99395 8.5 -60.8312
vt 314.722 2394.93
v 7.5555 8.5 -60.6124
vt 297.461 2386.32
v 7.5555 8.5 -60.4014
vt 297.461 2378.01
v 7.42193 8.5 -60.2266
vt 292.202 2371.13
v 7.14193 8.5 -60.2266
vt 281.178 2371.13
v 6.96423 8.5 -59.9605
vt 274.182 2360.65
v 6.96423 8.5 -59.8256
vt 274.182 2355.34
v 6.85324 8.5 -59.7403
vt 269.813 2351.98
v 6.54391 8.5 -59.5992
vt 257.634 2346.42
v 6.54391 8.5 -59.3692
vt 257.634 2337.37
v 6.39016 8.5 -59.2412
vt 251.581 2332.33
v 6.18016 8.5 -59.2412
vt 243.313 2332.33
v 5.96876 8.5 -59.1078
vt 234.991 2327.08
v 5.86876 8.5 -59.1078
vt 231.054 2327.08
v 5.7029 8.5 -59.3814
vt 224.524 2337.85
v 5.4929 8.5 -59.3814
vt 216.256 2337.85
v 5.2954 8.5 -59.4528
vt 208.48 2340.66
v 5.14262 8.5 -59.6379
vt 202.465 2347.95
v 5.03262 8.5 -59.6379
vt 198.135 2347.95
v 4.92113 8.5 -59.8617
vt 193.745 2356.76
v 4.5656 8.5 -59.6025
vt 179.748 2346.55
v 4.5656 8.5 -59.3814
vt 179.748 2337.85
v 4.41475 8.5 -59.2354
vt 173.809 2332.1
v 4.13475 8.5 -59.2354
vt 162.785 2332.1
v 3.98784 8.5 -59.0716
vt 157.002 2325.65
v 3.92072 8.5 -58.8101
vt 154.359 2315.36
v 3.54882 8.5 -58.6149
vt 139.717 2307.67
v 3.54882 8.5 -58.3849
vt 139.717 2298.62
v 3.38295 8.5 -58.2404
vt 133.187 2292.93
v 3.14295 8.5 -58.2404
vt 123.738 2292.93
v 2.97965 8.5 -58.0929
vt 117.309 2287.12
v 2.92893 8.5 -57.8278
vt 115.312 2276.68
v 2.54224 8.5 -57.5976
vt 100.088 2267.62
v 2.54224 8.5 -57.3869
vt 100.088 2259.33
v 2.39517 8.5 -57.237
vt 94.2982 2253.43
v 2.16517 8.5 -57.237
vt 85.2431 2253.43
v 1.88172 8.5 -57.1115
vt 74.0834 2248.48
v 1.71335 8.5 -57.3836
vt 67.4546 2259.2
v 1.51335 8.5 -57.3836
vt 59.5806 2259.2
v 1.27043 8.5 -57.4763
vt 50.017 2262.85
v 1.11493 8.5 -57.6175
vt 43.895 2268.4
v 0.984932 8.5 -57.6175
vt 38.7768 2268.4
v 0.984932 8.5 -57.8875
vt 38.7768 2279.03
v 0.536159 8.5 -57.6248
vt 21.1086 2268.69
v 0.536159 8.5 -57.3836
vt 21.1086 2259.2
v 0.390895 8.5 -57.232
vt 15.3896 2253.23
v 0.129102 8.5 -57.1659
vt 5.08276 2250.63
v -2.1409 8.5 -57.1659
vt -84.2873 2250.63
v -2.28957 8.5 -57.4493
vt -90.1406 2261.78
v -2.68303 8.5 -57.5213
vt -105.631 2264.62
v -3.00641 8.5 -57.7568
vt -118.363 2273.89
v -3.00641 8.5 -57.8968
vt -118.363 2279.4
v -3.45949 8.5 -57.6626
vt -136.201 2270.18
v -3.45949 8.5 -57.4493
vt -136.201 2261.78
v -3.59974 8.5 -57.293
vt -141.722 2255.63
v -4.09543 8.5 -57.173
vt -161.237 2250.91
v -6.14543 8.5 -57.173
vt -241.946 2250.91
v -6.28808 8.5 -57.4595
vt -247.562 2262.18
v -6.68307 8.5 -57.5226
vt -263.113 2264.67
v -6.85067 8.5 -57.7081
vt -269.711 2271.97
v -7.01087 8.5 -57.7901
vt -276.018 2275.2
v -7.01087 8.5 -58.1901
vt -276.018 2290.95
v -7.14087 8.5 -58.1901
vt -281.137 2290.95
v -7.29984 8.5 -58.4563
vt -287.395 2301.43
v -7.49984 8.5 -58.4563
vt -295.269 2301.43
v -7.7039 8.5 -58.5385
vt -303.303 2304.67
v -8.01519 8.5 -58.8635
vt -315.559 2317.46
v -8.43565 8.5 -58.6534
vt -332.112 2309.19
v -8.43565 8.5 -58.4234
vt -332.112 2300.13
v -8.60588 8.5 -58.2841
vt -338.814 2294.65
v -8.99651 8.5 -58.198
vt -354.193 2291.26
v -8.99651 8.5 -57.978
vt -354.193 2282.6
v -9.41858 8.5 -57.6743
vt -370.81 2270.64
v -9.41858 8.5 -57.4343
vt -370.81 2261.19
v -9.6236 8.5 -57.2912
vt -378.882 2255.56
v -10.1398 8.5 -57.1711
vt -399.205 2250.83
v -15.9998 8.5 -57.1711
vt -629.914 2250.83
v -15.9998 8.5 -59.0811
vt -629.914 2326.03
v -17.0898 8.5 -59.0811
vt -672.827 2326.03
v -17.2777 8.5 -59.3277
vt -680.226 2335.74
v -17.6843 8.5 -59.3803
vt -696.234 2337.81
v -18.0107 8.5 -59.6447
vt -709.082 2348.22
v -18.0107 8.5 -59.7947
vt -709.082 2354.12
v -18.4448 8.5 -59.5467
vt -726.175 2344.36
v -18.4448 8.5 -59.3277
vt -726.175 2335.74
v -18.5775 8.5 -59.178
vt -731.398 2329.84
v -18.8275 8.5 -59.178
vt -741.241 2329.84
v -19.0047 8.5 -59.0652
vt -748.215 2325.4
v -19.1647 8.5 -59.0652
vt -754.514 2325.4
v -19.2952 8.5 -59.313
vt -759.652 2335.16
v -19.5252 8.5 -59.313
vt -768.707 2335.16
v -20.009 8.5 -59.6328
vt -787.755 2347.75
v -20.009 8.5 -59.7828
vt -787.755 2353.65
v -20.4422 8.5 -59.5538
vt -804.809 2344.64
v -20.4422 8.5 -59.313
vt -804.809 2335.16
v -20.6065 8.5 -59.1667
vt -811.279 2329.4
v -20.8565 8.5 -59.1667
vt -821.121 2329.4
v -21.0129 8.5 -59.0421
vt -827.28 2324.49
v -21.1529 8.5 -59.0421
vt -832.792 2324.49
v -21.312 8.5 -59.3197
vt -839.055 2335.42
v -21.532 8.5 -59.3197
vt -847.717 2335.42
v -21.7111 8.5 -59.3831
vt -854.769 2337.92
v -21.8624 8.5 -59.5563
vt -860.725 2344.74
v -22.0101 8.5 -59.618
vt -866.538 2347.16
v -22.0101 8.5 -61.062
vt -866.538 2404.02
v -22.1401 8.5 -61.062
vt -871.656 2404.02
v -22.2879 8.5 -61.357
vt -877.478 2415.63
v -22.6779 8.5 -61.357
vt -892.832 2415.63
v -23.0118 8.5 -61.6118
vt -905.977 2425.66
v -23.0118 8.5 -62.0518
vt -905.977 2442.98
v -23.1318 8.5 -62.0518
vt -910.701 2442.98
v -23.2912 8.5 -62.3521
vt -916.978 2454.81
v -23.6952 8.5 -62.3521
vt -932.882 2454.81
v -24.062 8.5 -62.7484
vt -947.324 2470.41
v -24.4204 8.5 -62.5492
vt -961.434 2462.57
v -24.4204 8.5 -62.3521
vt -961.434 2454.81
v -24.6728 8.5 -62.1554
vt -971.372 2447.06
v -25.0488 8.5 -62.1554
vt -986.173 2447.06
v -25.0488 8.5 -61.7554
vt -986.173 2431.32
v -25.4511 8.5 -61.5323
vt -1002.01 2422.53
v -25.4511 8.5 -61.3123
vt -1002.01 2413.87
v -25.5751 8.5 -61.1819
vt -1006.9 2408.74
v -25.8451 8.5 -61.1819
vt -1017.53 2408.74
v -26.0088 8.5 -61.0503
vt -1023.97 2403.55
v -26.1288 8.5 -61.0503
vt -1028.69 2403.55
v -26.307 8.5 -61.328
vt -1035.71 2414.49
v -26.7001 8.5 -61.4023
vt -1051.18 2417.41
v -27.0221 8.5 -61.656
vt -1063.86 2427.4
v -27.0221 8.5 -61.7936
vt -1063.86 2432.82
v -27.4745 8.5 -61.5176
vt -1081.67 2421.95
v -27.4745 8.5 -61.2941
vt -1081.67 2413.16
v -27.6205 8.5 -61.1725
vt -1087.42 2408.37
v -27.8705 8.5 -61.1725
vt -1097.26 2408.37
v -28.0251 8.5 -60.8924
vt -1103.35 2397.34
v -28.0544 8.5 -60.7147
vt -1104.5 2390.34
v -28.4335 8.5 -60.5341
vt -1119.43 2383.23
v -28.4335 8.5 -60.3141
vt -1119.43 2374.57
v -28.5831 8.5 -60.1666
vt -1125.32 2368.76
v -28.8231 8.5 -60.1666
vt -1134.77 2368.76
v -29.1555 8.5 -59.6315
vt -1147.85 2347.7
v -29.4319 8.5 -59.5438
vt -1158.74 2344.25
v -29.4319 8.5 -59.3251
vt -1158.74 2335.63
v -29.5736 8.5 -59.1701
vt -1164.32 2329.53
v -29.8536 8.5 -59.1701
vt -1175.34 2329.53
v -29.9877 8.5 -59.0355
vt -1180.62 2324.23
v -30.1377 8.5 -59.0355
vt -1186.52 2324.23
v -30.3163 8.5 -59.313
vt -1193.56 2335.16
v -30.5263 8.5 -59.313
vt -1201.82 2335.16
v -30.6894 8.5 -59.3893
vt -1208.24 2338.16
v -30.8685 8.5 -59.5637
vt -1215.29 2345.03
v -31.0144 8.5 -59.6292
vt -1221.04 2347.61
v -31.0144 8.5 -59.7892
vt -1221.04 2353.91
v -31.4443 8.5 -59.5338
vt -1237.96 2343.85
v -31.4443 8.5 -59.3087
vt -1237.96 2334.99
v -31.5514 8.5 -59.1767
vt -1242.18 2329.79
v -31.8314 8.5 -59.1767
vt -1253.2 2329.79
v -32.1237 8.5 -59.0464
vt -1264.71 2324.66
v -32.2946 8.5 -59.3169
vt -1271.44 2335.31
v -32.6874 8.5 -59.3928
vt -1286.9 2338.3
v -33.014 8.5 -59.6238
vt -1299.76 2347.39
v -33.014 8.5 -61.0638
vt -1299.76 2404.09
v -33.124 8.5 -61.0638
vt -1304.09 2404.09
v -33.2884 8.5 -61.3266
vt -1310.57 2414.43
v -33.6847 8.5 -61.3803
vt -1326.17 2416.55
v -34.0281 8.5 -61.6555
vt -1339.69 2427.38
v -34.0281 8.5 -62.0648
vt -1339.69 2443.5
v -44.9781 8.5 -62.0648
vt -1770.79 2443.5
v -44.9781 8.5 -61.8848
vt -1770.79 2436.41
v -45.1087 8.5 -61.6955
vt -1775.93 2428.96
v -45.4277 8.5 -61.5515
vt -1788.49 2423.29
v -45.4277 8.5 -61.3215
vt -1788.49 2414.23
v -45.5972 8.5 -61.1812
vt -1795.16 2408.71
v -45.8472 8.5 -61.1812
vt -1805.01 2408.71
v -46.0154 8.5 -61.0394
vt -1811.63 2403.13
v -46.1354 8.5 -61.0394
vt -1816.35 2403.13
v -46.2817 8.5 -61.3127
vt -1822.11 2413.89
v -46.5317 8.5 -61.3127
vt -1831.96 2413.89
v -46.9963 8.5 -61.6253
vt -1850.25 2426.19
v -46.9963 8.5 -61.7953
vt -1850.25 2432.89
v -47.4293 8.5 -61.5259
vt -1867.3 2422.28
v -47.4293 8.5 -61.2718
vt -1867.3 2412.27
v -47.5838 8.5 -61.1612
vt -1873.38 2407.92
v -47.8238 8.5 -61.1612
vt -1882.83 2407.92
v -48.1488 8.5 -61.0312
vt -1895.62 2402.8
v -48.3141 8.5 -61.3052
vt -1902.13 2413.59
v -48.703 8.5 -61.3986
vt -1917.44 2417.27
v -49.0112 8.5 -61.6536
vt -1929.58 2427.31
v -49.0112 8.5 -62.0536
vt -1929.58 2443.06
v -52.2312 8.5 -62.0536
vt -2056.35 2443.06
v -52.3649 8.5 -61.9186
vt -2061.61 2437.74
v -52.9849 8.5 -61.9186
vt -2086.02 2437.74
v -53.1285 8.5 -61.69
vt -2091.67 2428.74
v -53.4246 8.5 -61.5442
vt -2103.33 2423
v -53.4246 8.5 -61.3042
vt -2103.33 2413.55
v -53.5816 8.5 -61.1647
vt -2109.51 2408.06
v -53.8516 8.5 -61.1647
vt -2120.14 2408.06
v -53.9862 8.5 -61.0452
vt -2125.44 2403.35
v -54.0626 8.5 -60.7551
vt -2128.45 2391.93
v -54.4186 8.5 -60.5323
vt -2142.47 2383.16
v -54.4186 8.5 -60.3169
vt -2142.47 2374.68
v -54.6023 8.5 -60.1624
vt -2149.7 2368.6
v -54.8323 8.5 -60.1624
vt -2158.75 2368.6
v -55.0001 8.5 -60.0361
vt -2165.36 2363.63
v -55.0669 8.5 -59.7436
vt -2167.99 2352.11
v -55.4264 8.5 -59.5265
vt -2182.14 2343.56
v -55.4264 8.5 -59.3356
vt -2182.14 2336.05
v -55.5998 8.5 -59.1696
vt -2188.97 2329.51
v -55.8398 8.5 -59.1696
vt -2198.42 2329.51
v -56.0287 8.5 -59.0385
vt -2205.85 2324.35
v -56.0287 8.5 -58.7385
vt -2205.85 2312.54
v -56.4455 8.5 -58.5213
vt -2222.27 2303.99
v -56.4455 8.5 -58.3375
vt -2222.27 2296.75
v -56.6136 8.5 -58.1805
vt -2228.88 2290.57
v -56.8436 8.5 -58.1805
vt -2237.94 2290.57
v -57.0115 8.5 -58.0544
vt -2244.55 2285.61
v -57.1515 8.5 -58.0544
vt -2250.06 2285.61
v -57.2868 8.5 -58.2995
vt -2255.39 2295.26
v -57.5068 8.5 -58.2995
vt -2264.05 2295.26
v -58.0132 8.5 -58.6213
vt -2283.99 2307.92
v -58.0132 8.5 -59.0613
vt -2283.99 2325.25
v -58.2092 8.5 -59.0613
vt -2291.7 2325.25
v -58.2092 8.5 -59.3913
vt -2291.7 2338.24
v -58.4272 8.5 -59.7025
vt -2300.28 2350.49
v -58.9572 8.5 -59.7025
vt -2321.15 2350.49
v -59.0586 8.5 -59.8389
vt -2325.14 2355.86
v -59.4599 8.5 -59.5406
vt -2340.94 2344.12
v -59.4599 8.5 -59.3106
vt -2340.94 2335.06
v -59.5954 8.5 -59.1635
vt -2346.28 2329.27
v -59.8354 8.5 -59.1635
vt -2355.72 2329.27
v -60.0854 8.5 -59.0375
vt -2365.57 2324.31
v -61.9854 8.5 -59.0375
vt -2440.37 2324.31
v -62.0779 8.5 -58.7311
vt -2444.01 2312.25
v -62.4379 8.5 -58.5348
vt -2458.18 2304.52
v -62.4379 8.5 -58.3248
vt -2458.18 2296.25
f 3190/6785/564 3191/6786/564 3192/6787/564 3193/6788/564 3194/6789/564 3195/6790/564 3196/6791/564 3197/6792/564 3198/6793/564 3199/6794/564 3200/6795/564 3201/6796/564 3202/6797/564 3203/6798/564 3204/6799/564 3205/6800/564 3206/6801/564 3207/6802/564 3208/6803/564 3209/6804/564 3210/6805/564 3211/6806/564 3212/6807/564 3213/6808/564 3214/6809/564 3215/6810/564 3216/6811/564 3217/6812/564 3218/6813/564 3219/6814/564 3220/6815/564 3221/6816/564 3222/6817/564 3223/6818/564 3224/6819/564 3225/6820/564 3226/6821/564 3227/6822/564 3228/6823/564 3229/6824/564 3230/6825/564 3231/6826/564 3232/6827/564 3233/6828/564 3234/6829/564 3235/6830/564 3236/6831/564 3237/6832/564 3238/6833/564 3239/6834/564 3240/6835/564 3241/6836/564 3242/6837/564 3243/6838/564 3244/6839/564 3245/6840/564 3246/6841/564 3247/6842/564 3248/6843/564 3249/6844/564 3250/6845/564 3251/6846/564 3252/6847/564 3253/6848/564 3254/6849/564 3255/6850/564 3256/6851/564 3257/6852/564 3258/6853/564 3259/6854/564 3260/6855/564 3261/6856/564 3262/6857/564 3263/6858/564 3264/6859/564 3265/6860/564 3266/6861/564 3267/6862/564 3268/6863/564 3269/6864/564 3270/6865/564 3271/6866/564 3272/6867/564 3273/6868/564 3274/6869/564 3275/6870/564 3276/6871/564 3277/6872/564 3278/6873/564 3279/6874/564 3280/6875/564 3281/6876/564 3282/6877/564 3283/6878/564 3284/6879/564 3285/6880/564 3286/6881/564 3287/6882/564 3288/6883/564 3289/6884/564 3290/6885/564 3291/6886/564 3292/6887/564 3293/6888/564 3294/6889/564 3295/6890/564 3296/6891/564 3297/6892/564 3298/6893/564 3299/6894/564 3300/6895/564 3301/6896/564 3302/6897/564 3303/6898/564 3304/6899/564 3305/6900/564 3306/6901/564 3307/6902/564 3308/6903/564 3309/6904/564 3310/6905/564 3311/6906/564 3312/6907/564 3313/6908/564 3314/6909/564 3315/6910/564 3316/6911/564 3317/6912/564 3318/6913/564 3319/6914/564 3320/6915/564 3321/6916/564 3322/6917/564 3323/6918/564 3324/6919/564 3325/6920/564 3326/6921/564 3327/6922/564 3328/6923/564 3329/6924/564 3330/6925/564 3331/6926/564 3332/6927/564 3333/6928/564 3334/6929/564 3335/6930/564 3336/6931/564 3337/6932/564 3338/6933/564 3339/6934/564 3340/6935/564 3341/6936/564 3342/6937/564 3343/6938/564 3344/6939/564 3345/6940/564 3346/6941/564 3347/6942/564 3348/6943/564 3349/6944/564 3350/6945/564 3351/6946/564 3352/6947/564 3189/6948/564 3188/6949/564 3353/6950/564 3354/6951/564 3355/6952/564 3356/6953/564 3357/6954/564 3358/6955/564 3359/6956/564 3360/6957/564 3361/6958/564 3362/6959/564 3363/6960/564 3364/6961/564 3365/6962/564 3366/6963/564 3367/6964/564 3368/6965/564 3369/6966/564 3370/6967/564 3371/6968/564 3372/6969/564 3373/6970/564 3374/6971/564 3375/6972/564 3376/6973/564 3377/6974/564 3378/6975/564 3379/6976/564 3380/6977/564 3381/6978/564 3382/6979/564 3383/6980/564 3384/6981/564 3385/6982/564 3386/6983/564 3387/6984/564 3388/6985/564 3389/6986/564 3390/6987/564 3391/6988/564 3392/6989/564 3393/6990/564 3394/6991/564 3395/6992/564 3396/6993/564 3397/6994/564 3398/6995/564 3399/6996/564 3400/6997/564 3401/6998/564 3402/6999/564 3403/7000/564 3404/7001/564 3405/7002/564 3406/7003/564 3407/7004/564 3408/7005/564 3409/7006/564 3410/7007/564 3411/7008/564 3412/7009/564 3413/7010/564 3414/7011/564 3415/7012/564 3416/7013/564 3417/7014/564 3418/7015/564 3419/7016/564 3420/7017/564 3421/7018/564 3422/7019/564 3423/7020/564 3424/7021/564 3425/7022/564 3426/7023/564 3427/7024/564 3428/7025/564 3429/7026/564 3430/7027/564 3431/7028/564 3432/7029/564 3433/7030/564 3434/7031/564 3435/7032/564 3436/7033/564 3437/7034/564 3438/7035/564 3439/7036/564 3440/7037/564 3441/7038/564 3442/7039/564 3443/7040/564 3444/7041/564 3445/7042/564 3446/7043/564 3447/7044/564 3448/7045/564 3449/7046/564 3450/7047/564 3451/7048/564 3452/7049/564 3453/7050/564 3454/7051/564 3455/7052/564 3456/7053/564 3457/7054/564 3458/7055/564 3459/7056/564 3460/7057/564 3461/7058/564 3462/7059/564 3463/7060/564 3464/7061/564 3465/7062/564 3466/7063/564 3467/7064/564 3468/7065/564 3469/7066/564 3470/7067/564 3471/7068/564 3472/7069/564 3473/7070/564 3474/7071/564 3475/7072/564 3476/7073/564 3477/7074/564 3478/7075/564 3479/7076/564 3480/7077/564 3481/7078/564 3482/7079/564 3483/7080/564 3484/7081/564 3485/7082/564 3486/7083/564 3487/7084/564 3488/7085/564 3489/7086/564 3490/7087/564 3491/7088/564 3492/7089/564 3493/7090/564 3494/7091/564 3495/7092/564 3496/7093/564 3497/7094/564 3498/7095/564 3499/7096/564 3500/7097/564 3501/7098/564 3502/7099/564 3503/7100/564 3504/7101/564 3505/7102/564 3506/7103/564 3507/7104/564 3508/7105/564 3509/7106/564 3510/7107/564 3511/7108/564 3512/7109/564 3513/7110/564 3514/7111/564 3515/7112/564 3516/7113/564 3517/7114/564 3518/7115/564 3519/7116/564 3520/7117/564 3521/7118/564 3522/7119/564 3523/7120/564 3524/7121/564 3525/7122/564 3526/7123/564 3527/7124/564 3528/7125/564 3529/7126/564 3530/7127/564 3531/7128/564 3532/7129/564 3533/7130/564 3534/7131/564 3535/7132/564 3536/7133/564 3537/7134/564 3538/7135/564 3539/7136/564 3540/7137/564 3541/7138/564 3542/7139/564 3543/7140/564 3544/7141/564 3545/7142/564 3546/7143/564 3547/7144/564 3548/7145/564 3549/7146/564 3550/7147/564 3551/7148/564 3552/7149/564 3553/7150/564 3554/7151/564 3555/7152/564 3556/7153/564 3557/7154/564 3558/7155/564 3559/7156/564 3560/7157/564 3561/7158/564 3562/7159/564 3563/7160/564 3564/7161/564 3565/7162/564 3566/7163/564 3567/7164/564 3568/7165/564 3569/7166/564 3570/7167/564 3571/7168/564 3572/7169/564 3573/7170/564 3574/7171/564 3575/7172/564 3576/7173/564 3577/7174/564 3578/7175/564 3579/7176/564 3580/7177/564 3581/7178/564 3582/7179/564 3583/7180/564 3584/7181/564 3585/7182/564 3586/7183/564 3587/7184/564 3588/7185/564 3589/7186/564 3590/7187/564 3591/7188/564 3592/7189/564 3593/7190/564 3594/7191/564 3595/7192/564 3596/7193/564 3597/7194/564 3598/7195/564 3599/7196/564 3600/7197/564 3601/7198/564 3602/7199/564 3603/7200/564 3604/7201/564 3605/7202/564 3606/7203/564 3607/7204/564 3608/7205/564 3609/7206/564 3610/7207/564 3611/7208/564 3612/7209/564 3613/7210/564 3614/7211/564 3615/7212/564 3616/7213/564 3617/7214/564 3618/7215/564 3619/7216/564 3620/7217/564 3621/7218/564 3622/7219/564 3623/7220/564 3624/7221/564 3625/7222/564 3626/7223/564 3627/7224/564 3628/7225/564 3629/7226/564 3630/7227/564 3631/7228/564 3632/7229/564 3633/7230/564 3634/7231/564 3635/7232/564 3636/7233/564 3637/7234/564 3638/7235/564 3639/7236/564 3640/7237/564 3641/7238/564 3642/7239/564 3643/7240/564 3644/7241/564 3645/7242/564 3646/7243/564 3647/7244/564 3648/7245/564 3649/7246/564 3650/7247/564 3651/7248/564 3652/7249/564 3653/7250/564 3654/7251/564 3655/7252/564 3656/7253/564 3657/7254/564 3658/7255/564 3659/7256/564 3660/7257/564 3661/7258/564 3662/7259/564 3663/7260/564 3664/7261/564 3665/7262/564 3666/7263/564 3667/7264/564 3668/7265/564 3669/7266/564 3670/7267/564 3671/7268/564 3672/7269/564 3673/7270/564 3674/7271/564 3675/7272/564 3676/7273/564 3677/7274/564 3678/7275/564 3679/7276/564 3680/7277/564 3681/7278/564 3682/7279/564 3683/7280/564 3684/7281/564 3685/7282/564 3686/7283/564 3687/7284/564 3688/7285/564 3689/7286/564 3690/7287/564 3691/7288/564 3692/7289/564 3693/7290/564 3694/7291/564 3695/7292/564 3696/7293/564 3697/7294/564 3698/7295/564 3699/7296/564 3700/7297/564 3701/7298/564 3702/7299/564 3703/7300/564 3704/7301/564 3705/7302/564 3706/7303/564 3707/7304/564 3708/7305/564 3709/7306/564 3710/7307/564 3711/7308/564 3712/7309/564 3713/7310/564 3714/7311/564 3715/7312/564 3716/7313/564 3717/7314/564 3718/7315/564 3719/7316/564 3720/7317/564 3721/7318/564 3722/7319/564 3723/7320/564 3724/7321/564 3725/7322/564 3726/7323/564 3727/7324/564 3728/7325/564 3729/7326/564 3730/7327/564 3731/7328/564 3732/7329/564 3733/7330/564 3734/7331/564 3735/7332/564 3736/7333/564 3737/7334/564 3738/7335/564 3739/7336/564 3740/7337/564 3741/7338/564 3742/7339/564 3743/7340/564 3744/7341/564 3745/7342/564 3746/7343/564 3747/7344/564 3748/7345/564 3749/7346/564 3750/7347/564 3751/7348/564 3752/7349/564 3753/7350/564 3754/7351/564 3755/7352/564 3756/7353/564 3757/7354/564 3758/7355/564 3759/7356/564 3760/7357/564 3761/7358/564 3762/7359/564 3763/7360/564 3764/7361/564 3765/7362/564 

usemtl _4
vt -49.1139 13
vn 0.214091 3.50499e-19 0.976814
vt -49.1139 8.5
vt -48.6606 8.5
vt -48.6606 13
f 1603/7363/565 3191/7364/565 3190/7365/565 1604/7366/565 

vt 51.9434 13
vt 51.9434 8.5
vt 58.0734 8.5
vt 58.0734 13
f 1602/7367/139 3192/7368/139 3191/7369/139 1603/7370/139 

vt 62.6578 13
vt 62.6578 8.5
vt 63.0078 8.5
vt 63.0078 13
f 1601/7371/243 3193/7372/243 3192/7373/243 1602/7374/243 

vt 76.9428 13
vn 0.84514 -7.48094e-19 -0.534545
vt 76.9428 8.5
vt 77.3928 8.5
vt 77.3928 13
f 1600/7375/566 3194/7376/566 3193/7377/566 1601/7378/566 

vt 62.1573 13
vt 62.1573 8.5
vt 62.4173 8.5
vt 62.4173 13
f 1599/7379/243 3195/7380/243 3194/7381/243 1600/7382/243 

vt 76.9992 13
vn 0.835187 -7.49827e-19 -0.549967
vt 76.9992 8.5
vt 77.2492 8.5
vt 77.2492 13
f 1598/7383/567 3196/7384/567 3195/7385/567 1599/7386/567 

vt 51.0176 13
vt 51.0176 8.5
vt 51.3542 8.5
vt 51.3542 13
f 1597/7387/139 3197/7388/139 3196/7389/139 1598/7390/139 

vt 58.0198 13
vt 58.0198 8.5
vt 62.0198 8.5
vt 62.0198 13
f 1596/7391/243 3198/7392/243 3197/7393/243 1597/7394/243 

vt -37.0312 13
vn -0.974379 4.54075e-19 -0.224911
vt -37.0312 8.5
vt -36.6612 8.5
vt -36.6612 13
f 1595/7395/568 3199/7396/568 3198/7397/568 1596/7398/568 

vt 9.66304 13
vn -0.657877 1.46519e-20 -0.753125
vt 9.66304 8.5
vt 9.83304 8.5
vt 9.83304 13
f 1594/7399/569 3200/7400/569 3199/7401/569 1595/7402/569 

vt 57.7385 13
vt 57.7385 8.5
vt 57.8085 8.5
vt 57.8085 13
f 1593/7403/243 3201/7404/243 3200/7405/243 1594/7406/243 

vt -30.5306 13
vn -0.947752 3.92996e-19 -0.319008
vt -30.5306 8.5
vt -30.3806 8.5
vt -30.3806 13
f 1592/7407/570 3202/7408/570 3201/7409/570 1593/7410/570 

vt -19.5362 13
vn -0.888463 2.90778e-19 -0.458949
vt -19.5362 8.5
vt -19.3962 8.5
vt -19.3962 13
f 1591/7411/571 3203/7412/571 3202/7413/571 1592/7414/571 

vt 5.72788 13
vn -0.689069 4.64863e-20 -0.724696
vt 5.72788 8.5
vt 6.09788 8.5
vt 6.09788 13
f 1590/7415/572 3204/7416/572 3203/7417/572 1591/7418/572 

vt 57.1383 13
vt 57.1383 8.5
vt 57.3583 8.5
vt 57.3583 13
f 1589/7419/243 3205/7420/243 3204/7421/243 1590/7422/243 

vt 75.9655 13
vn 0.784527 -7.5459e-19 -0.620094
vt 75.9655 8.5
vt 76.2355 8.5
vt 76.2355 13
f 1588/7423/573 3206/7424/573 3205/7425/573 1589/7426/573 

vt 24.4653 13
vn -0.484565 -1.44591e-19 -0.874755
vt 24.4653 8.5
vt 24.7353 8.5
vt 24.7353 13
f 1587/7427/574 3207/7428/574 3206/7429/574 1588/7430/574 

vt 76.0885 13
vn 0.741889 -7.54426e-19 -0.670523
vt 76.0885 8.5
vt 76.5685 8.5
vt 76.5685 13
f 1586/7431/575 3208/7432/575 3207/7433/575 1587/7434/575 

vt 56.1728 13
vt 56.1728 8.5
vt 56.4128 8.5
vt 56.4128 13
f 1585/7435/243 3209/7436/243 3208/7437/243 1586/7438/243 

vt 69.8058 13
vn 0.9127 -7.26015e-19 -0.408631
vt 69.8058 8.5
vt 70.0258 8.5
vt 70.0258 13
f 1584/7439/576 3210/7440/576 3209/7441/576 1585/7442/576 

vt 51.0162 13
vt 51.0162 8.5
vt 51.3736 8.5
vt 51.3736 13
f 1583/7443/139 3211/7444/139 3210/7445/139 1584/7446/139 

vt 49.0029 13
vt 49.0029 8.5
vt 56.0829 8.5
vt 56.0829 13
f 1582/7447/243 3212/7448/243 3211/7449/243 1583/7450/243 

vt -42.7956 13
vn -0.986882 4.92116e-19 -0.161446
vt -42.7956 8.5
vt -42.4356 8.5
vt -42.4356 13
f 1581/7451/577 3213/7452/577 3212/7453/577 1582/7454/577 

vt -3.26519 13
vn -0.720432 7.97512e-20 -0.693525
vt -3.26519 8.5
vt -3.06519 8.5
vt -3.06519 13
f 1580/7455/578 3214/7456/578 3213/7457/578 1581/7458/578 

vt 48.7061 13
vt 48.7061 8.5
vt 48.8061 8.5
vt 48.8061 13
f 1579/7459/243 3215/7460/243 3214/7461/243 1580/7462/243 

vt -51.6356 13
vt -51.6356 8.5
vt -51.5156 8.5
vt -51.5156 13
f 1578/7463/146 3216/7464/146 3215/7465/146 1579/7466/146 

vt -20.1491 13
vn -0.863327 2.54061e-19 -0.504645
vt -20.1491 8.5
vt -19.9991 8.5
vt -19.9991 13
f 1577/7467/579 3217/7468/579 3216/7469/579 1578/7470/579 

vt -0.0336715 13
vn -0.681442 3.85938e-20 -0.731872
vt -0.0336715 8.5
vt 0.316329 8.5
vt 0.316329 13
f 1576/7471/580 3218/7472/580 3217/7473/580 1577/7474/580 

vt 48.1443 13
vt 48.1443 8.5
vt 48.3743 8.5
vt 48.3743 13
f 1575/7475/243 3219/7476/243 3218/7477/243 1576/7478/243 

vt 54.3912 13
vn 0.137361 -5.60323e-19 -0.990521
vt 54.3912 8.5
vt 54.8312 8.5
vt 54.8312 13
f 1574/7479/581 3220/7480/581 3219/7481/581 1575/7482/581 

vt 69.9568 13
vn 0.769901 -7.54908e-19 -0.638164
vt 69.9568 8.5
vt 70.4368 8.5
vt 70.4368 13
f 1573/7483/582 3221/7484/582 3220/7485/582 1574/7486/582 

vt 47.1821 13
vt 47.1821 8.5
vt 47.4021 8.5
vt 47.4021 13
f 1572/7487/243 3222/7488/243 3221/7489/243 1573/7490/243 

vt 68.5116 13
vn 0.84838 -7.47463e-19 -0.529388
vt 68.5116 8.5
vt 68.7316 8.5
vt 68.7316 13
f 1571/7491/583 3223/7492/583 3222/7493/583 1572/7494/583 

vt 51.1369 13
vt 51.1369 8.5
vt 51.3869 8.5
vt 51.3869 13
f 1570/7495/139 3224/7496/139 3223/7497/139 1571/7498/139 

vt -16.2658 13
vn -0.826967 2.05073e-19 -0.562251
vt -16.2658 8.5
vt -15.8258 8.5
vt -15.8258 13
f 1569/7499/584 3225/7500/584 3224/7501/584 1570/7502/584 

vt 46.7083 13
vt 46.7083 8.5
vt 46.8183 8.5
vt 46.8183 13
f 1568/7503/243 3226/7504/243 3225/7505/243 1569/7506/243 

vt -51.6308 13
vt -51.6308 8.5
vt -51.5008 8.5
vt -51.5008 13
f 1567/7507/146 3227/7508/146 3226/7509/146 1568/7510/146 

vt -7.6049 13
vn -0.742852 1.04398e-19 -0.669456
vt -7.6049 8.5
vt -7.0849 8.5
vt -7.0849 13
f 1566/7511/585 3228/7512/585 3227/7513/585 1567/7514/585 

vt 46.1401 13
vt 46.1401 8.5
vt 46.3601 8.5
vt 46.3601 13
f 1565/7515/243 3229/7516/243 3228/7517/243 1566/7518/243 

vt 69.0201 13
vn 0.79868 -7.53868e-19 -0.601757
vt 69.0201 8.5
vt 69.3101 8.5
vt 69.3101 13
f 1564/7519/586 3230/7520/586 3229/7521/586 1565/7522/586 

vt -10.6806 13
vn -0.769103 1.343e-19 -0.639124
vt -10.6806 8.5
vt -10.4506 8.5
vt -10.4506 13
f 1563/7523/587 3231/7524/587 3230/7525/587 1564/7526/587 

vt 45.6886 13
vt 45.6886 8.5
vt 45.8186 8.5
vt 45.8186 13
f 1562/7527/243 3232/7528/243 3231/7529/243 1563/7530/243 

vt 68.7772 13
vn 0.800646 -7.53733e-19 -0.599138
vt 68.7772 8.5
vt 68.9772 8.5
vt 68.9772 13
f 1561/7531/588 3233/7532/588 3232/7533/588 1562/7534/588 

vt 51.7122 13
vt 51.7122 8.5
vt 51.8022 8.5
vt 51.8022 13
f 1560/7535/139 3234/7536/139 3233/7537/139 1561/7538/139 

vt 67.3878 13
vn 0.606697 -7.36677e-19 -0.794933
vt 67.3878 8.5
vt 67.5978 8.5
vt 67.5978 13
f 1559/7539/589 3235/7540/589 3234/7541/589 1560/7542/589 

vt 45.2119 13
vt 45.2119 8.5
vt 45.4019 8.5
vt 45.4019 13
f 1558/7543/243 3236/7544/243 3235/7545/243 1559/7546/243 

vt 67.9429 13
vn 0.818015 -7.52151e-19 -0.575198
vt 67.9429 8.5
vt 68.2029 8.5
vt 68.2029 13
f 1557/7547/590 3237/7548/590 3236/7549/590 1558/7550/590 

vt 51.0121 13
vt 51.0121 8.5
vt 51.3721 8.5
vt 51.3721 13
f 1556/7551/139 3238/7552/139 3237/7553/139 1557/7554/139 

vt 34.0223 13
vt 34.0223 8.5
vt 45.0623 8.5
vt 45.0623 13
f 1555/7555/243 3239/7556/243 3238/7557/243 1556/7558/243 

vt -42.0832 13
vn -0.972592 4.49349e-19 -0.232517
vt -42.0832 8.5
vt -41.7032 8.5
vt -41.7032 13
f 1554/7559/591 3240/7560/591 3239/7561/591 1555/7562/591 

vt -13.9007 13
vn -0.723057 8.25968e-20 -0.690789
vt -13.9007 8.5
vt -13.7107 8.5
vt -13.7107 13
f 1553/7563/592 3241/7564/592 3240/7565/592 1554/7566/592 

vt 33.7127 13
vt 33.7127 8.5
vt 33.8027 8.5
vt 33.8027 13
f 1552/7567/243 3242/7568/243 3241/7569/243 1553/7570/243 

vt -38.6731 13
vn -0.950044 3.97667e-19 -0.312117
vt -38.6731 8.5
vt -38.4231 8.5
vt -38.4231 13
f 1551/7571/593 3243/7572/593 3242/7573/593 1552/7574/593 

vt -11.3013 13
vn -0.684788 4.20476e-20 -0.728742
vt -11.3013 8.5
vt -10.9313 8.5
vt -10.9313 13
f 1550/7575/594 3244/7576/594 3243/7577/594 1551/7578/594 

vt 33.0244 13
vt 33.0244 8.5
vt 33.365 8.5
vt 33.365 13
f 1549/7579/243 3245/7580/243 3244/7581/243 1550/7582/243 

vt -53.11 13
vt -53.11 8.5
vt -52.01 8.5
vt -52.01 13
f 1548/7583/146 3246/7584/146 3245/7585/146 1549/7586/146 

vt -40.1069 13
vn -0.947864 3.93222e-19 -0.318676
vt -40.1069 8.5
vt -39.8169 8.5
vt -39.8169 13
f 1547/7587/595 3247/7588/595 3246/7589/595 1548/7590/595 

vt -11.324 13
vn -0.667875 2.47298e-20 -0.744273
vt -11.324 8.5
vt -11.144 8.5
vt -11.144 13
f 1546/7591/596 3248/7592/596 3247/7593/596 1547/7594/596 

vt 32.7181 13
vt 32.7181 8.5
vt 32.7981 8.5
vt 32.7981 13
f 1545/7595/243 3249/7596/243 3248/7597/243 1546/7598/243 

vt -41.4109 13
vn -0.953403 4.04667e-19 -0.3017
vt -41.4109 8.5
vt -41.1409 8.5
vt -41.1409 13
f 1544/7599/597 3250/7600/597 3249/7601/597 1545/7602/597 

vt 32.5466 13
vt 32.5466 8.5
vt 32.6366 8.5
vt 32.6366 13
f 1543/7603/243 3251/7604/243 3250/7605/243 1544/7606/243 

vt -27.5167 13
vn -0.837261 2.18524e-19 -0.546803
vt -27.5167 8.5
vt -27.2167 8.5
vt -27.2167 13
f 1542/7607/598 3252/7608/598 3251/7609/598 1543/7610/598 

vt 32.1336 13
vt 32.1336 8.5
vt 32.3826 8.5
vt 32.3826 13
f 1541/7611/243 3253/7612/243 3252/7613/243 1542/7614/243 

vt 62.4109 13
vn 0.816093 -7.52362e-19 -0.57792
vt 62.4109 8.5
vt 62.6509 8.5
vt 62.6509 13
f 1540/7615/599 3254/7616/599 3253/7617/599 1541/7618/599 

vt -5.23153 13
vn -0.57792 -6.21421e-20 -0.816093
vt -5.23153 8.5
vt -4.99153 8.5
vt -4.99153 13
f 1539/7619/600 3255/7620/600 3254/7621/600 1540/7622/600 

vt 31.7176 13
vt 31.7176 8.5
vt 31.7991 8.5
vt 31.7991 13
f 1538/7623/243 3256/7624/243 3255/7625/243 1539/7626/243 

vt 59.99 13
vn 0.690953 -7.5041e-19 -0.7229
vt 59.99 8.5
vt 60.21 8.5
vt 60.21 13
f 1537/7627/601 3257/7628/601 3256/7629/601 1538/7630/601 

vt 62.1038 13
vn 0.84852 -7.47435e-19 -0.529164
vt 62.1038 8.5
vt 62.3538 8.5
vt 62.3538 13
f 1536/7631/602 3258/7632/602 3257/7633/602 1537/7634/602 

vt 31.2078 13
vt 31.2078 8.5
vt 31.4263 8.5
vt 31.4263 13
f 1535/7635/243 3259/7636/243 3258/7637/243 1536/7638/243 

vt 61.5581 13
vn 0.822311 -7.51644e-19 -0.569039
vt 61.5581 8.5
vt 61.8281 8.5
vt 61.8281 13
f 1534/7639/603 3260/7640/603 3259/7641/603 1535/7642/603 

vt 53.1603 13
vt 53.1603 8.5
vt 53.3703 8.5
vt 53.3703 13
f 1533/7643/139 3261/7644/139 3260/7645/139 1534/7646/139 

vt -26.1987 13
vn -0.819606 1.95634e-19 -0.572928
vt -26.1987 8.5
vt -25.7787 8.5
vt -25.7787 13
f 1532/7647/604 3262/7648/604 3261/7649/604 1533/7650/604 

vt 30.7136 13
vt 30.7136 8.5
vt 30.8136 8.5
vt 30.8136 13
f 1531/7651/243 3263/7652/243 3262/7653/243 1532/7654/243 

vt -53.6346 13
vt -53.6346 8.5
vt -53.5046 8.5
vt -53.5046 13
f 1530/7655/146 3264/7656/146 3263/7657/146 1531/7658/146 

vt -33.0918 13
vn -0.882898 2.82407e-19 -0.469565
vt -33.0918 8.5
vt -32.9318 8.5
vt -32.9318 13
f 1529/7659/605 3265/7660/605 3264/7661/605 1530/7662/605 

vt -13.2956 13
vn -0.665577 2.24026e-20 -0.74633
vt -13.2956 8.5
vt -12.9256 8.5
vt -12.9256 13
f 1528/7663/606 3266/7664/606 3265/7665/606 1529/7666/606 

vt 30.1123 13
vt 30.1123 8.5
vt 30.3623 8.5
vt 30.3623 13
f 1527/7667/243 3267/7668/243 3266/7669/243 1528/7670/243 

vt 61.4328 13
vn 0.838115 -7.49349e-19 -0.545494
vt 61.4328 8.5
vt 61.7028 8.5
vt 61.7028 13
f 1526/7671/607 3268/7672/607 3267/7673/607 1527/7674/607 

vt -17.4434 13
vn -0.711306 6.99319e-20 -0.702883
vt -17.4434 8.5
vt -17.2034 8.5
vt -17.2034 13
f 1525/7675/608 3269/7676/608 3268/7677/608 1526/7678/608 

vt 29.6763 13
vt 29.6763 8.5
vt 29.7963 8.5
vt 29.7963 13
f 1524/7679/243 3270/7680/243 3269/7681/243 1525/7682/243 

vt 60.7092 13
vn 0.814199 -7.52561e-19 -0.580586
vt 60.7092 8.5
vt 61.1692 8.5
vt 61.1692 13
f 1523/7683/609 3271/7684/609 3270/7685/609 1524/7686/609 

vt 29.2025 13
vt 29.2025 8.5
vt 29.4093 8.5
vt 29.4093 13
f 1522/7687/243 3272/7688/243 3271/7689/243 1523/7690/243 

vt 60.3001 13
vn 0.811934 -7.52787e-19 -0.583749
vt 60.3001 8.5
vt 60.5601 8.5
vt 60.5601 13
f 1521/7691/610 3273/7692/610 3272/7693/610 1522/7694/610 

vt 52.9909 13
vt 52.9909 8.5
vt 53.3809 8.5
vt 53.3809 13
f 1520/7695/139 3274/7696/139 3273/7697/139 1521/7698/139 

vt 33.6852 13
vn 0.0970283 -5.39318e-19 -0.995282
vt 33.6852 8.5
vt 34.0552 8.5
vt 34.0552 13
f 1519/7699/611 3275/7700/611 3274/7701/611 1520/7702/611 

vt 59.2345 13
vn 0.807834 -7.53166e-19 -0.589411
vt 59.2345 8.5
vt 59.6845 8.5
vt 59.6845 13
f 1518/7703/612 3276/7704/612 3275/7705/612 1519/7706/612 

vt 28.2069 13
vt 28.2069 8.5
vt 28.4172 8.5
vt 28.4172 13
f 1517/7707/243 3277/7708/243 3276/7709/243 1518/7710/243 

vt 59.2353 13
vn 0.841565 -7.48751e-19 -0.540155
vt 59.2353 8.5
vt 59.4953 8.5
vt 59.4953 13
f 1516/7711/613 3278/7712/613 3277/7713/613 1517/7714/613 

vt 54.9446 13
vn 0.992248 -6.33939e-19 -0.124272
vt 54.9446 8.5
vt 55.4546 8.5
vt 55.4546 13
f 1515/7715/614 3279/7716/614 3278/7717/614 1516/7718/614 

vt 1.30501 13
vn -0.45216 -1.71665e-19 -0.891937
vt 1.30501 8.5
vt 1.52501 8.5
vt 1.52501 13
f 1514/7719/615 3280/7720/615 3279/7721/615 1515/7722/615 

vt 27.6968 13
vt 27.6968 8.5
vt 27.8069 8.5
vt 27.8069 13
f 1513/7723/243 3281/7724/243 3280/7725/243 1514/7726/243 

vt 57.5428 13
vn 0.774211 -7.54857e-19 -0.632927
vt 57.5428 8.5
vt 57.7628 8.5
vt 57.7628 13
f 1512/7727/616 3282/7728/616 3281/7729/616 1513/7730/616 

vt 51.6958 13
vt 51.6958 8.5
vt 51.7958 8.5
vt 51.7958 13
f 1511/7731/139 3283/7732/139 3282/7733/139 1512/7734/139 

vt 53.2127 13
vn 0.611369 -7.37636e-19 -0.791346
vt 53.2127 8.5
vt 53.4127 8.5
vt 53.4127 13
f 1510/7735/617 3284/7736/617 3283/7737/617 1511/7738/617 

vt 27.1967 13
vt 27.1967 8.5
vt 27.3993 8.5
vt 27.3993 13
f 1509/7739/243 3285/7740/243 3284/7741/243 1510/7742/243 

vt 57.8488 13
vn 0.846816 -7.47772e-19 -0.531887
vt 57.8488 8.5
vt 58.1388 8.5
vt 58.1388 13
f 1508/7743/618 3286/7744/618 3285/7745/618 1509/7746/618 

vt 26.9325 13
vt 26.9325 8.5
vt 27.0425 8.5
vt 27.0425 13
f 1507/7747/243 3287/7748/243 3286/7749/243 1508/7750/243 

vt -27.0902 13
vn -0.818847 1.9467e-19 -0.574011
vt -27.0902 8.5
vt -26.5702 8.5
vt -26.5702 13
f 1506/7751/619 3288/7752/619 3287/7753/619 1507/7754/619 

vt -17.5288 13
vn -0.699379 5.72756e-20 -0.714751
vt -17.5288 8.5
vt -17.1588 8.5
vt -17.1588 13
f 1505/7755/620 3289/7756/620 3288/7757/620 1506/7758/620 

vt 26.1295 13
vt 26.1295 8.5
vt 26.3695 8.5
vt 26.3695 13
f 1504/7759/243 3290/7760/243 3289/7761/243 1505/7762/243 

vt 57.2943 13
vn 0.817193 -7.52242e-19 -0.576365
vt 57.2943 8.5
vt 57.5643 8.5
vt 57.5643 13
f 1503/7763/621 3291/7764/621 3290/7765/621 1504/7766/621 

vt -16.5149 13
vn -0.681327 3.84753e-20 -0.731979
vt -16.5149 8.5
vt -16.2749 8.5
vt -16.2749 13
f 1502/7767/622 3292/7768/622 3291/7769/622 1503/7770/622 

vt 25.6982 13
vt 25.6982 8.5
vt 25.7982 8.5
vt 25.7982 13
f 1501/7771/243 3293/7772/243 3292/7773/243 1502/7774/243 

vt 56.4261 13
vn 0.794061 -7.54151e-19 -0.607838
vt 56.4261 8.5
vt 56.8761 8.5
vt 56.8761 13
f 1500/7775/623 3294/7776/623 3293/7777/623 1501/7778/623 

vt 25.1747 13
vt 25.1747 8.5
vt 25.4247 8.5
vt 25.4247 13
f 1499/7779/243 3295/7780/243 3294/7781/243 1500/7782/243 

vt 56.9586 13
vn 0.859757 -7.44968e-19 -0.510703
vt 56.9586 8.5
vt 57.2186 8.5
vt 57.2186 13
f 1498/7783/624 3296/7784/624 3295/7785/624 1499/7786/624 

vt 50.9545 13
vt 50.9545 8.5
vt 51.3745 8.5
vt 51.3745 13
f 1497/7787/139 3297/7788/139 3296/7789/139 1498/7790/139 

vt 24.7119 13
vt 24.7119 8.5
vt 25.0419 8.5
vt 25.0419 13
f 1496/7791/243 3298/7792/243 3297/7793/243 1497/7794/243 

vt 54.6582 13
vn 0.776044 -7.54825e-19 -0.630679
vt 54.6582 8.5
vt 55.1282 8.5
vt 55.1282 13
f 1495/7795/625 3299/7796/625 3298/7797/625 1496/7798/625 

vt 24.1655 13
vt 24.1655 8.5
vt 24.4155 8.5
vt 24.4155 13
f 1494/7799/243 3300/7800/243 3299/7801/243 1495/7802/243 

vt 55.8049 13
vn 0.901074 -7.31449e-19 -0.433666
vt 55.8049 8.5
vt 56.0649 8.5
vt 56.0649 13
f 1493/7803/626 3301/7804/626 3300/7805/626 1494/7806/626 

vt 23.9327 13
vt 23.9327 8.5
vt 24.0527 8.5
vt 24.0527 13
f 1492/7807/243 3302/7808/243 3301/7809/243 1493/7810/243 

vt -23.8667 13
vn -0.772308 1.38034e-19 -0.635249
vt -23.8667 8.5
vt -23.6867 8.5
vt -23.6867 13
f 1491/7811/627 3303/7812/627 3302/7813/627 1492/7814/627 

vt 23.7184 13
vt 23.7184 8.5
vt 23.8184 8.5
vt 23.8184 13
f 1490/7815/243 3304/7816/243 3303/7817/243 1491/7818/243 

vt -50.6382 13
vt -50.6382 8.5
vt -50.4945 8.5
vt -50.4945 13
f 1489/7819/146 3305/7820/146 3304/7821/146 1490/7822/146 

vt -20.6064 13
vn -0.721021 8.03886e-20 -0.692913
vt -20.6064 8.5
vt -20.0764 8.5
vt -20.0764 13
f 1488/7823/628 3306/7824/628 3305/7825/628 1489/7826/628 

vt 22.9763 13
vt 22.9763 8.5
vt 23.3512 8.5
vt 23.3512 13
f 1487/7827/243 3307/7828/243 3306/7829/243 1488/7830/243 

vt -48.8772 13
vn -0.995131 5.27414e-19 -0.0985659
vt -48.8772 8.5
vt -48.5072 8.5
vt -48.5072 13
f 1486/7831/629 3308/7832/629 3307/7833/629 1487/7834/629 

vt -25.1389 13
vn -0.766405 1.31171e-19 -0.642357
vt -25.1389 8.5
vt -24.6489 8.5
vt -24.6489 13
f 1485/7835/630 3309/7836/630 3308/7837/630 1486/7838/630 

vt -18.864 13
vn -0.678534 3.56026e-20 -0.734569
vt -18.864 8.5
vt -18.504 8.5
vt -18.504 13
f 1484/7839/631 3310/7840/631 3309/7841/631 1485/7842/631 

vt 22.0206 13
vt 22.0206 8.5
vt 22.3606 8.5
vt 22.3606 13
f 1483/7843/243 3311/7844/243 3310/7845/243 1484/7846/243 

vt -53.1083 13
vt -53.1083 8.5
vt -52.0083 8.5
vt -52.0083 13
f 1482/7847/146 3312/7848/146 3311/7849/146 1483/7850/146 

vt -44.9369 13
vn -0.958818 4.1638e-19 -0.284021
vt -44.9369 8.5
vt -44.6669 8.5
vt -44.6669 13
f 1481/7851/632 3313/7852/632 3312/7853/632 1482/7854/632 

vt -28.478 13
vn -0.784863 1.52856e-19 -0.619669
vt -28.478 8.5
vt -28.288 8.5
vt -28.288 13
f 1480/7855/633 3314/7856/633 3313/7857/633 1481/7858/633 

vt 21.7162 13
vt 21.7162 8.5
vt 21.8262 8.5
vt 21.8262 13
f 1479/7859/243 3315/7860/243 3314/7861/243 1480/7862/243 

vt -45.8252 13
vn -0.96197 4.23479e-19 -0.273154
vt -45.8252 8.5
vt -45.5493 8.5
vt -45.5493 13
f 1478/7863/634 3316/7864/634 3315/7865/634 1479/7866/634 

vt 21.5208 13
vt 21.5208 8.5
vt 21.6408 8.5
vt 21.6408 13
f 1477/7867/243 3317/7868/243 3316/7869/243 1478/7870/243 

vt -53.8817 13
vt -53.8817 8.5
vt -53.7817 8.5
vt -53.7817 13
f 1476/7871/146 3318/7872/146 3317/7873/146 1477/7874/146 

vt -20.9728 13
vn -0.678815 3.5892e-20 -0.734309
vt -20.9728 8.5
vt -20.7728 8.5
vt -20.7728 13
f 1475/7875/635 3319/7876/635 3318/7877/635 1476/7878/635 

vt 21.104 13
vt 21.104 8.5
vt 21.374 8.5
vt 21.374 13
f 1474/7879/243 3320/7880/243 3319/7881/243 1475/7882/243 

vt 29.8658 13
vn 0.175686 -5.79528e-19 -0.984446
vt 29.8658 8.5
vt 30.2658 8.5
vt 30.2658 13
f 1473/7883/636 3321/7884/636 3320/7885/636 1474/7886/636 

vt 54.3262 13
vn 0.771483 -7.54893e-19 -0.63625
vt 54.3262 8.5
vt 54.7962 8.5
vt 54.7962 13
f 1472/7887/637 3322/7888/637 3321/7889/637 1473/7890/637 

vt 20.1911 13
vt 20.1911 8.5
vt 20.4111 8.5
vt 20.4111 13
f 1471/7891/243 3323/7892/243 3322/7893/243 1472/7894/243 

vt 56.6064 13
vn 0.886537 -7.37122e-19 -0.462657
vt 56.6064 8.5
vt 56.8464 8.5
vt 56.8464 13
f 1470/7895/638 3324/7896/638 3323/7897/638 1471/7898/638 

vt 19.9206 13
vt 19.9206 8.5
vt 20.0801 8.5
vt 20.0801 13
f 1469/7899/243 3325/7900/243 3324/7901/243 1470/7902/243 

vt -31.7514 13
vn -0.810274 1.83868e-19 -0.586051
vt -31.7514 8.5
vt -31.5714 8.5
vt -31.5714 13
f 1468/7903/639 3326/7904/639 3325/7905/639 1469/7906/639 

vt 19.7151 13
vt 19.7151 8.5
vt 19.8151 8.5
vt 19.8151 13
f 1467/7907/243 3327/7908/243 3326/7909/243 1468/7910/243 

vt -44.5826 13
vn -0.946771 3.91021e-19 -0.321908
vt -44.5826 8.5
vt -44.3226 8.5
vt -44.3226 13
f 1466/7911/640 3328/7912/640 3327/7913/640 1467/7914/640 

vt -23.1341 13
vn -0.688294 4.5681e-20 -0.725432
vt -23.1341 8.5
vt -22.7641 8.5
vt -22.7641 13
f 1465/7915/641 3329/7916/641 3328/7917/641 1466/7918/641 

vt 19.123 13
vt 19.123 8.5
vt 19.363 8.5
vt 19.363 13
f 1464/7919/243 3330/7920/243 3329/7921/243 1465/7922/243 

vt 55.7423 13
vn 0.852299 -7.46654e-19 -0.523054
vt 55.7423 8.5
vt 56.0423 8.5
vt 56.0423 13
f 1463/7923/642 3331/7924/642 3330/7925/642 1464/7926/642 

vt -28.0576 13
vn -0.750138 1.12578e-19 -0.661282
vt -28.0576 8.5
vt -27.7876 8.5
vt -27.7876 13
f 1462/7927/643 3332/7928/643 3331/7929/643 1463/7930/643 

vt 18.6775 13
vt 18.6775 8.5
vt 18.7875 8.5
vt 18.7875 13
f 1461/7931/243 3333/7932/243 3332/7933/243 1462/7934/243 

vt 54.5083 13
vn 0.820603 -7.51851e-19 -0.571499
vt 54.5083 8.5
vt 54.9583 8.5
vt 54.9583 13
f 1460/7935/644 3334/7936/644 3333/7937/644 1461/7938/644 

vt 18.1603 13
vt 18.1603 8.5
vt 18.4203 8.5
vt 18.4203 13
f 1459/7939/243 3335/7940/243 3334/7941/243 1460/7942/243 

vt 56.3139 13
vn 0.933506 -7.13734e-19 -0.358562
vt 56.3139 8.5
vt 56.5439 8.5
vt 56.5439 13
f 1458/7943/645 3336/7944/645 3335/7945/645 1459/7946/645 

vt 53.1414 13
vt 53.1414 8.5
vt 53.3814 8.5
vt 53.3814 13
f 1457/7947/139 3337/7948/139 3336/7949/139 1458/7950/139 

vt 17.9958 13
vt 17.9958 8.5
vt 18.0779 8.5
vt 18.0779 13
f 1456/7951/243 3338/7952/243 3337/7953/243 1457/7954/243 

vt -45.9936 13
vn -0.957953 4.14471e-19 -0.286925
vt -45.9936 8.5
vt -45.7436 8.5
vt -45.7436 13
f 1455/7955/646 3339/7956/646 3338/7957/646 1456/7958/646 

vt -28.365 13
vn -0.750067 1.12499e-19 -0.661362
vt -28.365 8.5
vt -28.185 8.5
vt -28.185 13
f 1454/7959/647 3340/7960/647 3339/7961/647 1455/7962/647 

vt 17.725 13
vt 17.725 8.5
vt 17.805 8.5
vt 17.805 13
f 1453/7963/243 3341/7964/243 3340/7965/243 1454/7966/243 

vt -45.6182 13
vn -0.95049 3.98585e-19 -0.310756
vt -45.6182 8.5
vt -45.3582 8.5
vt -45.3582 13
f 1452/7967/648 3342/7968/648 3341/7969/648 1453/7970/648 

vt 17.5342 13
vt 17.5342 8.5
vt 17.6442 8.5
vt 17.6442 13
f 1451/7971/243 3343/7972/243 3342/7973/243 1452/7974/243 

vt -47.2468 13
vn -0.963501 4.2701e-19 -0.267704
vt -47.2468 8.5
vt -47.1068 8.5
vt -47.1068 13
f 1450/7975/649 3344/7976/649 3343/7977/649 1451/7978/649 

vt -23.3013 13
vn -0.669979 2.6865e-20 -0.74238
vt -23.3013 8.5
vt -23.1213 8.5
vt -23.1213 13
f 1449/7979/650 3345/7980/650 3344/7981/650 1450/7982/650 

vt 17.1031 13
vt 17.1031 8.5
vt 17.3631 8.5
vt 17.3631 13
f 1448/7983/243 3346/7984/243 3345/7985/243 1449/7986/243 

vt 56.0956 13
vn 0.910465 -7.27129e-19 -0.413585
vt 56.0956 8.5
vt 56.2556 8.5
vt 56.2556 13
f 1447/7987/651 3347/7988/651 3346/7989/651 1448/7990/651 

vt -19.8184 13
vn -0.613371 -2.888e-20 -0.789795
vt -19.8184 8.5
vt -19.5884 8.5
vt -19.5884 13
f 1446/7991/652 3348/7992/652 3347/7993/652 1447/7994/652 

vt 16.6253 13
vt 16.6253 8.5
vt 16.8553 8.5
vt 16.8553 13
f 1445/7995/243 3349/7996/243 3348/7997/243 1446/7998/243 

vt 54.0026 13
vn 0.836146 -7.49673e-19 -0.548507
vt 54.0026 8.5
vt 54.2826 8.5
vt 54.2826 13
f 1444/7999/653 3350/8000/653 3349/8001/653 1445/8002/653 

vt -26.3031 13
vn -0.702435 6.04993e-20 -0.711748
vt -26.3031 8.5
vt -26.0531 8.5
vt -26.0531 13
f 1443/8003/654 3351/8004/654 3350/8005/654 1444/8006/654 

vt 9.8677 13
vn -0.109537 -4.19275e-19 -0.993983
vt 9.8677 8.5
vt 10.2856 8.5
vt 10.2856 13
f 1442/8007/655 3352/8008/655 3351/8009/655 1443/8010/655 

vt 11.9928 13
vt 11.9928 8.5
vt 15.8784 8.5
vt 15.8784 13
f 1441/8011/243 3189/8012/243 3352/8013/243 1442/8014/243 

vt 5.14935 13
vn 0.772071 -1.37757e-19 0.635537
vt 5.14935 8.5
vt 5.34935 8.5
vt 5.34935 13
f 1604/8015/656 3190/8016/656 3765/8017/656 1605/8018/656 

vt 58.3248 13
vt 58.3248 8.5
vt 58.5348 8.5
vt 58.5348 13
f 1605/8019/139 3765/8020/139 3764/8021/139 1606/8022/139 

vt -26.7894 13
vn 0.478798 1.49463e-19 0.877925
vt -26.7894 8.5
vt -26.3794 8.5
vt -26.3794 13
f 1606/8023/657 3764/8024/657 3763/8025/657 1607/8026/657 

vt 38.2759 13
vn 0.957296 -4.13031e-19 0.289108
vt 38.2759 8.5
vt 38.5959 8.5
vt 38.5959 13
f 1607/8027/658 3763/8028/658 3762/8029/658 1608/8030/658 

vt -61.9854 13
vt -61.9854 8.5
vt -60.0854 8.5
vt -60.0854 13
f 1608/8031/140 3762/8032/140 3761/8033/140 1609/8034/140 

vt -27.0788 13
vn 0.450138 1.73331e-19 0.892959
vt -27.0788 8.5
vt -26.7988 8.5
vt -26.7988 13
f 1609/8035/659 3761/8036/659 3760/8037/659 1610/8038/659 

vt -59.8354 13
vt -59.8354 8.5
vt -59.5954 8.5
vt -59.5954 13
f 1610/8039/140 3760/8040/140 3759/8041/140 1611/8042/140 

vt 3.15029 13
vn 0.735604 -9.63451e-20 0.677412
vt 3.15029 8.5
vt 3.35029 8.5
vt 3.35029 13
f 1611/8043/660 3759/8044/660 3758/8045/660 1612/8046/660 

vt 59.3106 13
vt 59.3106 8.5
vt 59.5406 8.5
vt 59.5406 13
f 1612/8047/139 3758/8048/139 3757/8049/139 1613/8050/139 

vt -12.1987 13
vn 0.596583 4.47787e-20 0.802552
vt -12.1987 8.5
vt -11.6987 8.5
vt -11.6987 13
f 1613/8051/661 3757/8052/661 3756/8053/661 1614/8054/661 

vt -83.2572 13
vn -0.802552 7.53595e-19 0.596583
vt -83.2572 8.5
vt -83.0872 8.5
vt -83.0872 13
f 1614/8055/662 3756/8056/662 3755/8057/662 1615/8058/662 

vt -58.9572 13
vt -58.9572 8.5
vt -58.4272 8.5
vt -58.4272 13
f 1615/8059/140 3755/8060/140 3754/8061/140 1616/8062/140 

vt -82.4211 13
vn -0.819018 7.52037e-19 0.573768
vt -82.4211 8.5
vt -82.0411 8.5
vt -82.0411 13
f 1616/8063/663 3754/8064/663 3753/8065/663 1617/8066/663 

vt -59.3913 13
vt -59.3913 8.5
vt -59.0613 8.5
vt -59.0613 13
f 1617/8067/146 3753/8068/146 3752/8069/146 1618/8070/146 

vt -58.2092 13
vt -58.2092 8.5
vt -58.0132 8.5
vt -58.0132 13
f 1618/8071/140 3752/8072/140 3751/8073/140 1619/8074/140 

vt -58.6213 8.5
vt -58.6213 13
f 1619/8070/146 3751/8069/146 3750/8075/146 1620/8076/146 

vt -80.4027 13
vn -0.536268 7.19809e-19 0.844048
vt -80.4027 8.5
vt -79.8027 8.5
vt -79.8027 13
f 1620/8077/664 3750/8078/664 3749/8079/664 1621/8080/664 

vt -57.5068 13
vt -57.5068 8.5
vt -57.2868 8.5
vt -57.2868 13
f 1621/8081/140 3749/8082/140 3748/8083/140 1622/8084/140 

vt -78.7248 13
vn -0.875466 7.40735e-19 0.48328
vt -78.7248 8.5
vt -78.4448 8.5
vt -78.4448 13
f 1622/8085/665 3748/8086/665 3747/8087/665 1623/8088/665 

vt -57.1515 13
vt -57.1515 8.5
vt -57.0115 8.5
vt -57.0115 13
f 1623/8089/140 3747/8090/140 3746/8091/140 1624/8092/140 

vt -10.7257 13
vn 0.600504 4.10891e-20 0.799622
vt -10.7257 8.5
vt -10.5157 8.5
vt -10.5157 13
f 1624/8093/666 3746/8094/666 3745/8095/666 1625/8096/666 

vt -56.8436 13
vt -56.8436 8.5
vt -56.6136 8.5
vt -56.6136 13
f 1625/8097/140 3745/8098/140 3744/8099/140 1626/8100/140 

vt -1.63461 13
vn 0.682817 -4.00115e-20 0.730589
vt -1.63461 8.5
vt -1.40461 8.5
vt -1.40461 13
f 1626/8101/667 3744/8102/667 3743/8103/667 1627/8104/667 

vt 58.3375 13
vt 58.3375 8.5
vt 58.5213 8.5
vt 58.5213 13
f 1627/8105/139 3743/8106/139 3742/8107/139 1628/8108/139 

vt -23.0233 13
vn 0.462003 1.63519e-19 0.886878
vt -23.0233 8.5
vt -22.5533 8.5
vt -22.5533 13
f 1628/8109/668 3742/8110/668 3741/8111/668 1629/8112/668 

vt 58.7385 13
vt 58.7385 8.5
vt 59.0385 8.5
vt 59.0385 13
f 1629/8113/139 3741/8114/139 3740/8115/139 1630/8116/139 

vt -12.37 13
vn 0.57014 6.92875e-20 0.821547
vt -12.37 8.5
vt -12.14 8.5
vt -12.14 13
f 1630/8117/669 3740/8118/669 3739/8119/669 1631/8120/669 

vt -55.8398 13
vt -55.8398 8.5
vt -55.5998 8.5
vt -55.5998 13
f 1631/8121/140 3739/8122/140 3738/8123/140 1632/8124/140 

vt 0.745378 13
vn 0.691443 -4.89583e-20 0.722431
vt 0.745378 8.5
vt 0.985378 8.5
vt 0.985378 13
f 1632/8125/670 3738/8126/670 3737/8127/670 1633/8128/670 

vt 59.3356 13
vt 59.3356 8.5
vt 59.5265 8.5
vt 59.5265 13
f 1633/8129/139 3737/8130/139 3736/8131/139 1634/8132/139 

vt -16.6584 13
vn 0.517113 1.16628e-19 0.855917
vt -16.6584 8.5
vt -16.2384 8.5
vt -16.2384 13
f 1634/8133/671 3736/8134/671 3735/8135/671 1635/8136/671 

vt 45.9752 13
vn 0.974871 -4.554e-19 0.222768
vt 45.9752 8.5
vt 46.2752 8.5
vt 46.2752 13
f 1635/8137/672 3735/8138/672 3734/8139/672 1636/8140/672 

vt -7.83021 13
vn 0.601462 4.01859e-20 0.798902
vt -7.83021 8.5
vt -7.62021 8.5
vt -7.62021 13
f 1636/8141/673 3734/8142/673 3733/8143/673 1637/8144/673 

vt -54.8323 13
vt -54.8323 8.5
vt -54.6023 8.5
vt -54.6023 13
f 1637/8145/140 3733/8146/140 3732/8147/140 1638/8148/140 

vt -3.04514 13
vn 0.643834 -6.88707e-22 0.765165
vt -3.04514 8.5
vt -2.80514 8.5
vt -2.80514 13
f 1638/8149/674 3732/8150/674 3731/8151/674 1639/8152/674 

vt 60.3169 13
vt 60.3169 8.5
vt 60.5323 8.5
vt 60.5323 13
f 1639/8153/139 3731/8154/139 3730/8155/139 1640/8156/139 

vt -14.0312 13
vn 0.530354 1.05022e-19 0.847776
vt -14.0312 8.5
vt -13.6112 8.5
vt -13.6112 13
f 1640/8157/675 3730/8158/675 3729/8159/675 1641/8160/675 

vt 44.9857 13
vn 0.967035 -4.35394e-19 0.254643
vt 44.9857 8.5
vt 45.2857 8.5
vt 45.2857 13
f 1641/8161/676 3729/8162/676 3728/8163/676 1642/8164/676 

vt 0.137578 13
vn 0.663732 -2.05395e-20 0.74797
vt 0.137578 8.5
vt 0.317578 8.5
vt 0.317578 13
f 1642/8165/677 3728/8166/677 3727/8167/677 1643/8168/677 

vt -53.8516 13
vt -53.8516 8.5
vt -53.5816 8.5
vt -53.5816 13
f 1643/8169/140 3727/8170/140 3726/8171/140 1644/8172/140 

vt 0.571091 13
vn 0.664206 -2.1018e-20 0.747549
vt 0.571091 8.5
vt 0.781091 8.5
vt 0.781091 13
f 1644/8173/678 3726/8174/678 3725/8175/678 1645/8176/678 

vt 61.3042 13
vt 61.3042 8.5
vt 61.5442 8.5
vt 61.5442 13
f 1645/8177/139 3725/8178/139 3724/8179/139 1646/8180/139 

vt -20.7302 13
vn 0.441885 1.80098e-19 0.897072
vt -20.7302 8.5
vt -20.4002 8.5
vt -20.4002 13
f 1646/8181/679 3724/8182/679 3723/8183/679 1647/8184/679 

vt 23.9706 13
vn 0.84674 -2.31187e-19 0.532007
vt 23.9706 8.5
vt 24.2406 8.5
vt 24.2406 13
f 1647/8185/680 3723/8186/680 3722/8187/680 1648/8188/680 

vt -52.9849 13
vt -52.9849 8.5
vt -52.3649 8.5
vt -52.3649 13
f 1648/8189/140 3722/8190/140 3721/8191/140 1649/8192/140 

vt 7.16407 13
vn 0.710674 -6.92564e-20 0.703522
vt 7.16407 8.5
vt 7.35407 8.5
vt 7.35407 13
f 1649/8193/681 3721/8194/681 3720/8195/681 1650/8196/681 

vt -52.2312 13
vt -52.2312 8.5
vt -49.0112 8.5
vt -49.0112 13
f 1650/8197/140 3720/8198/140 3719/8199/140 1651/8200/140 

vt -62.0536 13
vt -62.0536 8.5
vt -61.6536 8.5
vt -61.6536 13
f 1651/8201/146 3719/8202/146 3718/8203/146 1652/8204/146 

vt -77.0635 13
vn -0.637435 7.42585e-19 0.770504
vt -77.0635 8.5
vt -76.6635 8.5
vt -76.6635 13
f 1652/8205/682 3718/8206/682 3717/8207/682 1653/8208/682 

vt -61.6951 13
vn -0.233536 6.07097e-19 0.972348
vt -61.6951 8.5
vt -61.2951 8.5
vt -61.2951 13
f 1653/8209/683 3717/8210/683 3716/8211/683 1654/8212/683 

vt -77.4498 13
vn -0.856248 7.45785e-19 0.516564
vt -77.4498 8.5
vt -77.1298 8.5
vt -77.1298 13
f 1654/8213/684 3716/8214/684 3715/8215/684 1655/8216/684 

vt -22.0458 13
vn 0.371301 2.36166e-19 0.928512
vt -22.0458 8.5
vt -21.6958 8.5
vt -21.6958 13
f 1655/8217/685 3715/8218/685 3714/8219/685 1656/8220/685 

vt -47.8238 13
vt -47.8238 8.5
vt -47.5838 8.5
vt -47.5838 13
f 1656/8221/140 3714/8222/140 3713/8223/140 1657/8224/140 

vt -3.09216 13
vn 0.58207 5.83086e-20 0.813139
vt -3.09216 8.5
vt -2.90216 8.5
vt -2.90216 13
f 1657/8225/686 3713/8226/686 3712/8227/686 1658/8228/686 

vt 61.2718 13
vt 61.2718 8.5
vt 61.5259 8.5
vt 61.5259 13
f 1658/8229/139 3712/8230/139 3711/8231/139 1659/8232/139 

vt -7.76338 13
vn 0.52833 1.06805e-19 0.849039
vt -7.76338 8.5
vt -7.25338 8.5
vt -7.25338 13
f 1659/8233/687 3711/8234/687 3710/8235/687 1660/8236/687 

vt -61.7953 13
vt -61.7953 8.5
vt -61.6253 8.5
vt -61.6253 13
f 1660/8237/146 3710/8238/146 3709/8239/146 1661/8240/146 

vt -73.3934 13
vn -0.558235 7.25533e-19 0.829683
vt -73.3934 8.5
vt -72.8334 8.5
vt -72.8334 13
f 1661/8241/688 3709/8242/688 3708/8243/688 1662/8244/688 

vt -46.5317 13
vt -46.5317 8.5
vt -46.2817 8.5
vt -46.2817 13
f 1662/8245/140 3708/8246/140 3707/8247/140 1663/8248/140 

vt -75.8962 13
vn -0.881677 7.38777e-19 0.471853
vt -75.8962 8.5
vt -75.5862 8.5
vt -75.5862 13
f 1663/8249/689 3707/8250/689 3706/8251/689 1664/8252/689 

vt -46.1354 13
vt -46.1354 8.5
vt -46.0154 8.5
vt -46.0154 13
f 1664/8253/140 3706/8254/140 3705/8255/140 1665/8256/140 

vt 4.15257 13
vn 0.644462 -1.30865e-21 0.764636
vt 4.15257 8.5
vt 4.37257 8.5
vt 4.37257 13
f 1665/8257/690 3705/8258/690 3704/8259/690 1666/8260/690 

vt -45.8472 13
vt -45.8472 8.5
vt -45.5972 8.5
vt -45.5972 13
f 1666/8261/140 3704/8262/140 3703/8263/140 1667/8264/140 

vt 3.87761 13
vn 0.63755 5.49e-21 0.770409
vt 3.87761 8.5
vt 4.09761 8.5
vt 4.09761 13
f 1667/8265/691 3703/8266/691 3702/8267/691 1668/8268/691 

vt 61.3215 13
vt 61.3215 8.5
vt 61.5515 8.5
vt 61.5515 13
f 1668/8269/139 3702/8270/139 3701/8271/139 1669/8272/139 

vt -16.0621 13
vn 0.411654 2.04502e-19 0.91134
vt -16.0621 8.5
vt -15.7121 8.5
vt -15.7121 13
f 1669/8273/692 3701/8274/692 3700/8275/692 1670/8276/692 

vt 25.1668 13
vn 0.823118 -2.0012e-19 0.56787
vt 25.1668 8.5
vt 25.3968 8.5
vt 25.3968 13
f 1670/8277/693 3700/8278/693 3699/8279/693 1671/8280/693 

vt 61.8848 13
vt 61.8848 8.5
vt 62.0648 8.5
vt 62.0648 13
f 1671/8281/139 3699/8282/139 3698/8283/139 1672/8284/139 

vt -44.9781 13
vt -44.9781 8.5
vt -34.0281 8.5
vt -34.0281 13
f 1672/8285/140 3698/8286/140 3697/8287/140 1673/8288/140 

vt -62.0648 13
vt -62.0648 8.5
vt -61.6555 8.5
vt -61.6555 13
f 1673/8289/146 3697/8290/146 3696/8291/146 1674/8292/146 

vt -65.1073 13
vn -0.625275 7.40363e-19 0.780404
vt -65.1073 8.5
vt -64.6673 8.5
vt -64.6673 13
f 1674/8293/694 3696/8294/694 3695/8295/694 1675/8296/694 

vt -41.6271 13
vn -0.134372 5.58794e-19 0.990931
vt -41.6271 8.5
vt -41.2271 8.5
vt -41.2271 13
f 1675/8297/695 3695/8298/695 3694/8299/695 1676/8300/695 

vt -69.646 13
vn -0.847791 7.4758e-19 0.53033
vt -69.646 8.5
vt -69.336 8.5
vt -69.336 13
f 1676/8301/696 3694/8302/696 3693/8303/696 1677/8304/696 

vt -33.124 13
vt -33.124 8.5
vt -33.014 8.5
vt -33.014 13
f 1677/8305/140 3693/8306/140 3692/8307/140 1678/8308/140 

vt -61.0638 13
vt -61.0638 8.5
vt -59.6238 8.5
vt -59.6238 13
f 1678/8309/146 3692/8310/146 3691/8311/146 1679/8312/146 

vt -61.3799 13
vn -0.577359 7.30183e-19 0.81649
vt -61.3799 8.5
vt -60.9799 8.5
vt -60.9799 13
f 1679/8313/697 3691/8314/697 3690/8315/697 1680/8316/697 

vt -43.3695 13
vn -0.189867 5.86446e-19 0.98181
vt -43.3695 8.5
vt -42.9695 8.5
vt -42.9695 13
f 1680/8317/698 3690/8318/698 3689/8319/698 1681/8320/698 

vt -67.3951 13
vn -0.845275 7.48068e-19 0.534331
vt -67.3951 8.5
vt -67.0751 8.5
vt -67.0751 13
f 1681/8321/699 3689/8322/699 3688/8323/699 1682/8324/699 

vt -5.30188 13
vn 0.407121 2.0811e-19 0.913374
vt -5.30188 8.5
vt -4.98188 8.5
vt -4.98188 13
f 1682/8325/700 3688/8326/700 3687/8327/700 1683/8328/700 

vt -31.8314 13
vt -31.8314 8.5
vt -31.5514 8.5
vt -31.5514 13
f 1683/8329/140 3687/8330/140 3686/8331/140 1684/8332/140 

vt 26.0696 13
vn 0.7765 -1.42949e-19 0.630117
vt 26.0696 8.5
vt 26.2396 8.5
vt 26.2396 13
f 1684/8333/701 3686/8334/701 3685/8335/701 1685/8336/701 

vt 59.3087 13
vt 59.3087 8.5
vt 59.5338 8.5
vt 59.5338 13
f 1685/8337/139 3685/8338/139 3684/8339/139 1686/8340/139 

vt 3.38399 13
vn 0.510886 1.2204e-19 0.859648
vt 3.38399 8.5
vt 3.88399 8.5
vt 3.88399 13
f 1686/8341/702 3684/8342/702 3683/8343/702 1687/8344/702 

vt -59.7892 13
vt -59.7892 8.5
vt -59.6292 8.5
vt -59.6292 13
f 1687/8345/146 3683/8346/146 3682/8347/146 1688/8348/146 

vt -52.7146 13
vn -0.409537 6.79682e-19 0.912293
vt -52.7146 8.5
vt -52.5546 8.5
vt -52.5546 13
f 1688/8349/703 3682/8350/703 3681/8351/703 1689/8352/703 

vt -63.6712 13
vn -0.69769 7.51149e-19 0.7164
vt -63.6712 8.5
vt -63.4212 8.5
vt -63.4212 13
f 1689/8353/704 3681/8354/704 3680/8355/704 1690/8356/704 

vt -52.9757 13
vn -0.424009 6.84827e-19 0.905658
vt -52.9757 8.5
vt -52.7957 8.5
vt -52.7957 13
f 1690/8357/705 3680/8358/705 3679/8359/705 1691/8360/705 

vt -30.5263 13
vt -30.5263 8.5
vt -30.3163 8.5
vt -30.3163 13
f 1691/8361/140 3679/8362/140 3678/8363/140 1692/8364/140 

vt -66.2824 13
vn -0.840837 7.4888e-19 0.541289
vt -66.2824 8.5
vt -65.9524 8.5
vt -65.9524 13
f 1692/8365/706 3678/8366/706 3677/8367/706 1693/8368/706 

vt -30.1377 13
vt -30.1377 8.5
vt -29.9877 8.5
vt -29.9877 13
f 1693/8369/140 3677/8370/140 3676/8371/140 1694/8372/140 

vt 20.6624 13
vn 0.708483 -6.69187e-20 0.705728
vt 20.6624 8.5
vt 20.8524 8.5
vt 20.8524 13
f 1694/8373/707 3676/8374/707 3675/8375/707 1695/8376/707 

vt -29.8536 13
vt -29.8536 8.5
vt -29.5736 8.5
vt -29.5736 13
f 1695/8377/140 3675/8378/140 3674/8379/140 1696/8380/140 

vt 23.7109 13
vn 0.737996 -9.8994e-20 0.674805
vt 23.7109 8.5
vt 23.9209 8.5
vt 23.9209 13
f 1696/8381/708 3674/8382/708 3673/8383/708 1697/8384/708 

vt 59.3251 13
vt 59.3251 8.5
vt 59.5438 8.5
vt 59.5438 13
f 1697/8385/139 3673/8386/139 3672/8387/139 1698/8388/139 

vt -10.0635 13
vn 0.302173 2.88141e-19 0.953253
vt -10.0635 8.5
vt -9.77352 8.5
vt -9.77352 13
f 1698/8389/709 3672/8390/709 3671/8391/709 1699/8392/709 

vt 35.2705 13
vn 0.849459 -2.34873e-19 0.527654
vt 35.2705 8.5
vt 35.9005 8.5
vt 35.9005 13
f 1699/8393/710 3671/8394/710 3670/8395/710 1700/8396/710 

vt -28.8231 13
vt -28.8231 8.5
vt -28.5831 8.5
vt -28.5831 13
f 1700/8397/140 3670/8398/140 3669/8399/140 1701/8400/140 

vt 21.8889 13
vn 0.702092 -6.01372e-20 0.712086
vt 21.8889 8.5
vt 22.0989 8.5
vt 22.0989 13
f 1701/8401/711 3669/8402/711 3668/8403/711 1702/8404/711 

vt 60.3141 13
vt 60.3141 8.5
vt 60.5341 8.5
vt 60.5341 13
f 1702/8405/139 3668/8406/139 3667/8407/139 1703/8408/139 

vt 0.371897 13
vn 0.430173 1.89624e-19 0.902746
vt 0.371897 8.5
vt 0.791897 8.5
vt 0.791897 13
f 1703/8409/712 3667/8410/712 3666/8411/712 1704/8412/712 

vt 55.3554 13
vn 0.986737 -4.91603e-19 0.16233
vt 55.3554 8.5
vt 55.5354 8.5
vt 55.5354 13
f 1704/8413/713 3666/8414/713 3665/8415/713 1705/8416/713 

vt 39.7644 13
vn 0.875459 -2.71441e-19 0.483293
vt 39.7644 8.5
vt 40.0844 8.5
vt 40.0844 13
f 1705/8417/714 3665/8418/714 3664/8419/714 1706/8420/714 

vt -27.8705 13
vt -27.8705 8.5
vt -27.6205 8.5
vt -27.6205 13
f 1706/8421/140 3664/8422/140 3663/8423/140 1707/8424/140 

vt 17.9494 13
vn 0.64026 2.83047e-21 0.768158
vt 17.9494 8.5
vt 18.1394 8.5
vt 18.1394 13
f 1707/8425/715 3663/8426/715 3662/8427/715 1708/8428/715 

vt 61.2941 13
vt 61.2941 8.5
vt 61.5176 8.5
vt 61.5176 13
f 1708/8429/139 3662/8430/139 3661/8431/139 1709/8432/139 

vt 8.58278 13
vn 0.520785 1.13423e-19 0.853688
vt 8.58278 8.5
vt 9.11278 8.5
vt 9.11278 13
f 1709/8433/716 3661/8434/716 3660/8435/716 1710/8436/716 

vt -61.7936 13
vt -61.7936 8.5
vt -61.656 8.5
vt -61.656 13
f 1710/8437/146 3660/8438/146 3659/8439/146 1711/8440/146 

vt -59.386 13
vn -0.618951 7.39147e-19 0.78543
vt -59.386 8.5
vt -58.976 8.5
vt -58.976 13
f 1711/8441/717 3659/8442/717 3658/8443/717 1712/8444/717 

vt -37.6418 13
vn -0.185767 5.84456e-19 0.982594
vt -37.6418 8.5
vt -37.2418 8.5
vt -37.2418 13
f 1712/8445/718 3658/8446/718 3657/8447/718 1713/8448/718 

vt -65.821 13
vn -0.841546 7.48755e-19 0.540186
vt -65.821 8.5
vt -65.491 8.5
vt -65.491 13
f 1713/8449/719 3657/8450/719 3656/8451/719 1714/8452/719 

vt -26.1288 13
vt -26.1288 8.5
vt -26.0088 8.5
vt -26.0088 13
f 1714/8453/140 3656/8454/140 3655/8455/140 1715/8456/140 

vt 18.0034 13
vn 0.626832 1.59317e-20 0.779154
vt 18.0034 8.5
vt 18.2134 8.5
vt 18.2134 13
f 1715/8457/720 3655/8458/720 3654/8459/720 1716/8460/720 

vt -25.8451 13
vt -25.8451 8.5
vt -25.5751 8.5
vt -25.5751 13
f 1716/8461/140 3654/8462/140 3653/8463/140 1717/8464/140 

vt 26.7029 13
vn 0.724556 -8.42278e-20 0.689215
vt 26.7029 8.5
vt 26.8829 8.5
vt 26.8829 13
f 1717/8465/721 3653/8466/721 3652/8467/721 1718/8468/721 

vt 61.3123 13
vt 61.3123 8.5
vt 61.5323 8.5
vt 61.5323 13
f 1718/8469/139 3652/8470/139 3651/8471/139 1719/8472/139 

vt 7.5853 13
vn 0.484993 1.44228e-19 0.874518
vt 7.5853 8.5
vt 8.0453 8.5
vt 8.0453 13
f 1719/8473/722 3651/8474/722 3650/8475/722 1720/8476/722 

vt 61.7554 13
vt 61.7554 8.5
vt 62.1554 8.5
vt 62.1554 13
f 1720/8477/139 3650/8478/139 3649/8479/139 1721/8480/139 

vt -25.0488 13
vt -25.0488 8.5
vt -24.6728 8.5
vt -24.6728 13
f 1721/8481/140 3649/8482/140 3648/8483/140 1722/8484/140 

vt 18.7449 13
vn 0.614687 2.76224e-20 0.788771
vt 18.7449 8.5
vt 19.0649 8.5
vt 19.0649 13
f 1722/8485/723 3648/8486/723 3647/8487/723 1723/8488/723 

vt 62.3521 13
vt 62.3521 8.5
vt 62.5492 8.5
vt 62.5492 13
f 1723/8489/139 3647/8490/139 3646/8491/139 1724/8492/139 

vt 9.03213 13
vn 0.48568 1.43646e-19 0.874137
vt 9.03213 8.5
vt 9.44213 8.5
vt 9.44213 13
f 1724/8493/724 3646/8494/724 3645/8495/724 1725/8496/724 

vt -62.3932 13
vn -0.733841 7.54045e-19 0.679321
vt -62.3932 8.5
vt -61.8532 8.5
vt -61.8532 13
f 1725/8497/725 3645/8498/725 3644/8499/725 1726/8500/725 

vt -23.6952 13
vt -23.6952 8.5
vt -23.2912 8.5
vt -23.2912 13
f 1726/8501/140 3644/8502/140 3643/8503/140 1727/8504/140 

vt -65.9938 13
vn -0.88325 7.38254e-19 0.468903
vt -65.9938 8.5
vt -65.6538 8.5
vt -65.6538 13
f 1727/8505/726 3643/8506/726 3642/8507/726 1728/8508/726 

vt -23.1318 13
vt -23.1318 8.5
vt -23.0118 8.5
vt -23.0118 13
f 1728/8509/140 3642/8510/140 3641/8511/140 1729/8512/140 

vt -62.0518 13
vt -62.0518 8.5
vt -61.6118 8.5
vt -61.6118 13
f 1729/8513/146 3641/8514/146 3640/8515/146 1730/8516/146 

vt -55.671 13
vn -0.606661 7.3667e-19 0.79496
vt -55.671 8.5
vt -55.251 8.5
vt -55.251 13
f 1730/8517/727 3640/8518/727 3639/8519/727 1731/8520/727 

vt -22.6779 13
vt -22.6779 8.5
vt -22.2879 8.5
vt -22.2879 13
f 1731/8521/140 3639/8522/140 3638/8523/140 1732/8524/140 

vt -64.8393 13
vn -0.893982 7.34359e-19 0.448102
vt -64.8393 8.5
vt -64.5093 8.5
vt -64.5093 13
f 1732/8525/728 3638/8526/728 3637/8527/728 1733/8528/728 

vt -22.1401 13
vt -22.1401 8.5
vt -22.0101 8.5
vt -22.0101 13
f 1733/8529/140 3637/8530/140 3636/8531/140 1734/8532/140 

vt -61.062 13
vt -61.062 8.5
vt -59.618 8.5
vt -59.618 13
f 1734/8533/146 3636/8534/146 3635/8535/146 1735/8536/146 

vt -43.2887 13
vn -0.385443 6.70822e-19 0.922732
vt -43.2887 8.5
vt -43.1287 8.5
vt -43.1287 13
f 1735/8537/729 3635/8538/729 3634/8539/729 1736/8540/729 

vt -59.2386 13
vn -0.753195 7.54783e-19 0.657797
vt -59.2386 8.5
vt -59.0086 8.5
vt -59.0086 13
f 1736/8541/730 3634/8542/730 3633/8543/730 1737/8544/730 

vt -40.2714 13
vn -0.333481 6.50506e-19 0.942757
vt -40.2714 8.5
vt -40.0814 8.5
vt -40.0814 13
f 1737/8545/731 3633/8546/731 3632/8547/731 1738/8548/731 

vt -21.532 13
vt -21.532 8.5
vt -21.312 8.5
vt -21.312 13
f 1738/8549/140 3632/8550/140 3631/8551/140 1739/8552/140 

vt -62.0651 13
vn -0.867675 7.42956e-19 0.497132
vt -62.0651 8.5
vt -61.7451 8.5
vt -61.7451 13
f 1739/8553/732 3631/8554/732 3630/8555/732 1740/8556/732 

vt -21.1529 13
vt -21.1529 8.5
vt -21.0129 8.5
vt -21.0129 13
f 1740/8557/140 3630/8558/140 3629/8559/140 1741/8560/140 

vt 20.3504 13
vn 0.623052 1.95861e-20 0.78218
vt 20.3504 8.5
vt 20.5504 8.5
vt 20.5504 13
f 1741/8561/733 3629/8562/733 3628/8563/733 1742/8564/733 

vt -20.8565 13
vt -20.8565 8.5
vt -20.6065 8.5
vt -20.6065 13
f 1742/8565/140 3628/8566/140 3627/8567/140 1743/8568/140 

vt 23.9467 13
vn 0.664879 -2.1698e-20 0.746951
vt 23.9467 8.5
vt 24.1667 8.5
vt 24.1667 13
f 1743/8569/734 3627/8570/734 3626/8571/734 1744/8572/734 

vt 59.313 13
vt 59.313 8.5
vt 59.5538 8.5
vt 59.5538 13
f 1744/8573/139 3626/8574/139 3625/8575/139 1745/8576/139 

vt 9.76526 13
vn 0.467423 1.59005e-19 0.884034
vt 9.76526 8.5
vt 10.2553 8.5
vt 10.2553 13
f 1745/8577/735 3625/8578/735 3624/8579/735 1746/8580/735 

vt -59.7828 13
vt -59.7828 8.5
vt -59.6328 8.5
vt -59.6328 13
f 1746/8581/146 3624/8582/146 3623/8583/146 1747/8584/146 

vt -49.5794 13
vn -0.55152 7.23826e-19 0.834162
vt -49.5794 8.5
vt -48.9994 8.5
vt -48.9994 13
f 1747/8585/736 3623/8586/736 3622/8587/736 1748/8588/736 

vt -19.5252 13
vt -19.5252 8.5
vt -19.2952 8.5
vt -19.2952 13
f 1748/8589/140 3622/8590/140 3621/8591/140 1749/8592/140 

vt -61.4697 13
vn -0.884738 7.37748e-19 0.466088
vt -61.4697 8.5
vt -61.1897 8.5
vt -61.1897 13
f 1749/8593/737 3621/8594/737 3620/8595/737 1750/8596/737 

vt -19.1647 13
vt -19.1647 8.5
vt -19.0047 8.5
vt -19.0047 13
f 1750/8597/140 3620/8598/140 3619/8599/140 1751/8600/140 

vt 15.6894 13
vn 0.537047 9.91017e-20 0.843552
vt 15.6894 8.5
vt 15.8994 8.5
vt 15.8994 13
f 1751/8601/738 3619/8602/738 3618/8603/738 1752/8604/738 

vt -18.8275 13
vt -18.8275 8.5
vt -18.5775 8.5
vt -18.5775 13
f 1752/8605/140 3618/8606/140 3617/8607/140 1753/8608/140 

vt 31.9621 13
vn 0.748334 -1.10545e-19 0.663322
vt 31.9621 8.5
vt 32.1621 8.5
vt 32.1621 13
f 1753/8609/739 3617/8610/739 3616/8611/739 1754/8612/739 

vt 59.3277 13
vt 59.3277 8.5
vt 59.5467 8.5
vt 59.5467 13
f 1754/8613/139 3616/8614/139 3615/8615/139 1755/8616/139 

vt 13.5181 13
vn 0.495986 1.34869e-19 0.868331
vt 13.5181 8.5
vt 14.0181 8.5
vt 14.0181 13
f 1755/8617/740 3615/8618/740 3614/8619/740 1756/8620/740 

vt -59.7947 13
vt -59.7947 8.5
vt -59.6447 8.5
vt -59.6447 13
f 1756/8621/146 3614/8622/146 3613/8623/146 1757/8624/146 

vt -51.5408 13
vn -0.629504 7.41153e-19 0.776997
vt -51.5408 8.5
vt -51.1208 8.5
vt -51.1208 13
f 1757/8625/741 3613/8626/741 3612/8627/741 1758/8628/741 

vt -25.1631 13
vn -0.128413 5.55732e-19 0.991721
vt -25.1631 8.5
vt -24.7531 8.5
vt -24.7531 13
f 1758/8629/742 3612/8630/742 3611/8631/742 1759/8632/742 

vt -57.6577 13
vn -0.79531 7.54079e-19 0.606203
vt -57.6577 8.5
vt -57.3477 8.5
vt -57.3477 13
f 1759/8633/743 3611/8634/743 3610/8635/743 1760/8636/743 

vt -17.0898 13
vt -17.0898 8.5
vt -15.9998 8.5
vt -15.9998 13
f 1760/8637/140 3610/8638/140 3609/8639/140 1761/8640/140 

vt -59.0811 13
vt -59.0811 8.5
vt -57.1711 8.5
vt -57.1711 13
f 1761/8641/146 3609/8642/146 3608/8643/146 1762/8644/146 

vt -10.1398 8.5
vt -10.1398 13
f 1762/8640/140 3608/8639/140 3607/8645/140 1763/8646/140 

vt 3.07538 13
vn 0.226541 3.41936e-19 0.974002
vt 3.07538 8.5
vt 3.60538 8.5
vt 3.60538 13
f 1763/8647/744 3607/8648/744 3606/8649/744 1764/8650/744 

vt 24.8926 13
vn 0.572247 6.73573e-20 0.820081
vt 24.8926 8.5
vt 25.1426 8.5
vt 25.1426 13
f 1764/8651/745 3606/8652/745 3605/8653/745 1765/8654/745 

vt 57.4343 13
vt 57.4343 8.5
vt 57.6743 8.5
vt 57.6743 13
f 1765/8655/139 3605/8656/139 3604/8657/139 1766/8658/139 

vt 26.0449 13
vn 0.584135 5.63949e-20 0.811656
vt 26.0449 8.5
vt 26.5649 8.5
vt 26.5649 13
f 1766/8659/746 3604/8660/746 3603/8661/746 1767/8662/746 

vt 57.978 13
vt 57.978 8.5
vt 58.198 8.5
vt 58.198 13
f 1767/8663/139 3603/8664/139 3602/8665/139 1768/8666/139 

vt 3.73412 13
vn 0.215127 3.49789e-19 0.976586
vt 3.73412 8.5
vt 4.13412 8.5
vt 4.13412 13
f 1768/8667/747 3602/8668/747 3601/8669/747 1769/8670/747 

vt 30.2603 13
vn 0.633441 9.5078e-21 0.773791
vt 30.2603 8.5
vt 30.4803 8.5
vt 30.4803 13
f 1769/8671/748 3601/8672/748 3600/8673/748 1770/8674/748 

vt 58.4234 13
vt 58.4234 8.5
vt 58.6534 8.5
vt 58.6534 13
f 1770/8675/139 3600/8676/139 3599/8677/139 1771/8678/139 

vt 18.6661 13
vn 0.446905 1.75987e-19 0.894581
vt 18.6661 8.5
vt 19.1361 8.5
vt 19.1361 13
f 1771/8679/749 3599/8680/749 3598/8681/749 1772/8682/749 

vt -48.0511 13
vn -0.72212 7.53312e-19 0.691767
vt -48.0511 8.5
vt -47.6011 8.5
vt -47.6011 13
f 1772/8683/750 3598/8684/750 3597/8685/750 1773/8686/750 

vt -29.0252 13
vn -0.373765 6.66398e-19 0.927524
vt -29.0252 8.5
vt -28.8052 8.5
vt -28.8052 13
f 1773/8687/751 3597/8688/751 3596/8689/751 1774/8690/751 

vt -7.49984 13
vt -7.49984 8.5
vt -7.29984 8.5
vt -7.29984 13
f 1774/8691/140 3596/8692/140 3595/8693/140 1775/8694/140 

vt -53.9279 13
vn -0.858495 7.45267e-19 0.512822
vt -53.9279 8.5
vt -53.6179 8.5
vt -53.6179 13
f 1775/8695/752 3595/8696/752 3594/8697/752 1776/8698/752 

vt -7.14087 13
vt -7.14087 8.5
vt -7.01087 8.5
vt -7.01087 13
f 1776/8699/140 3594/8700/140 3593/8701/140 1777/8702/140 

vt -58.1901 13
vt -58.1901 8.5
vt -57.7901 8.5
vt -57.7901 13
f 1777/8703/146 3593/8704/146 3592/8705/146 1778/8706/146 

vt -32.5921 13
vn -0.456004 6.9571e-19 0.889977
vt -32.5921 8.5
vt -32.4121 8.5
vt -32.4121 13
f 1778/8707/753 3592/8708/753 3591/8709/753 1779/8710/753 

vt -47.4115 13
vn -0.741989 7.5443e-19 0.670412
vt -47.4115 8.5
vt -47.1615 8.5
vt -47.1615 13
f 1779/8711/754 3591/8712/754 3590/8713/754 1780/8714/754 

vt -15.6741 13
vn -0.157759 5.70637e-19 0.987478
vt -15.6741 8.5
vt -15.2741 8.5
vt -15.2741 13
f 1780/8715/755 3590/8716/755 3589/8717/755 1781/8718/755 

vt -54.2377 13
vn -0.895148 7.339e-19 0.44577
vt -54.2377 8.5
vt -53.9177 8.5
vt -53.9177 13
f 1781/8719/756 3589/8720/756 3588/8721/756 1782/8722/756 

vt -6.14543 13
vt -6.14543 8.5
vt -4.09543 8.5
vt -4.09543 13
f 1782/8723/140 3588/8724/140 3587/8725/140 1783/8726/140 

vt 9.46829 13
vn 0.23523 3.35912e-19 0.97194
vt 9.46829 8.5
vt 9.97829 8.5
vt 9.97829 13
f 1783/8727/757 3587/8728/757 3586/8729/757 1784/8730/757 

vt 40.2389 13
vn 0.744298 -1.06014e-19 0.667848
vt 40.2389 8.5
vt 40.4489 8.5
vt 40.4489 13
f 1784/8731/758 3586/8732/758 3585/8733/758 1785/8734/758 

vt 57.4493 13
vt 57.4493 8.5
vt 57.6626 8.5
vt 57.6626 13
f 1785/8735/139 3585/8736/139 3584/8737/139 1786/8738/139 

vt 23.3975 13
vn 0.459065 1.65957e-19 0.888402
vt 23.3975 8.5
vt 23.9075 8.5
vt 23.9075 13
f 1786/8739/759 3584/8740/759 3583/8741/759 1787/8742/759 

vt -57.8968 13
vt -57.8968 8.5
vt -57.7568 8.5
vt -57.7568 13
f 1787/8743/146 3583/8744/146 3582/8745/146 1788/8746/146 

vt -36.4242 13
vn -0.588567 7.32758e-19 0.808448
vt -36.4242 8.5
vt -36.0242 8.5
vt -36.0242 13
f 1788/8747/760 3582/8748/760 3581/8749/760 1789/8750/760 

vt -12.9998 13
vn -0.180118 5.81701e-19 0.983645
vt -12.9998 8.5
vt -12.5998 8.5
vt -12.5998 13
f 1789/8751/761 3581/8752/761 3580/8753/761 1790/8754/761 

vt -51.9361 13
vn -0.885519 7.37478e-19 0.464604
vt -51.9361 8.5
vt -51.6161 8.5
vt -51.6161 13
f 1790/8755/762 3580/8756/762 3579/8757/762 1791/8758/762 

vt -2.1409 13
vt -2.1409 8.5
vt 0.129102 8.5
vt 0.129102 13
f 1791/8759/140 3579/8760/140 3578/8761/140 1792/8762/140 

vt 14.1123 13
vn 0.244677 3.29317e-19 0.969605
vt 14.1123 8.5
vt 14.3823 8.5
vt 14.3823 13
f 1792/8763/763 3578/8764/763 3577/8765/763 1793/8766/763 

vt 41.6008 13
vn 0.722156 -8.16196e-20 0.69173
vt 41.6008 8.5
vt 41.8108 8.5
vt 41.8108 13
f 1793/8767/764 3577/8768/764 3576/8769/764 1794/8770/764 

vt 57.3836 13
vt 57.3836 8.5
vt 57.6248 8.5
vt 57.6248 13
f 1794/8771/139 3576/8772/139 3575/8773/139 1795/8774/139 

vt 29.5725 13
vn 0.50516 1.2699e-19 0.863025
vt 29.5725 8.5
vt 30.0925 8.5
vt 30.0925 13
f 1795/8775/765 3575/8776/765 3574/8777/765 1796/8778/765 

vt -57.8875 13
vt -57.8875 8.5
vt -57.6175 8.5
vt -57.6175 13
f 1796/8779/146 3574/8780/146 3573/8781/146 1797/8782/146 

vt 0.984932 13
vt 0.984932 8.5
vt 1.11493 8.5
vt 1.11493 13
f 1797/8783/140 3573/8784/140 3572/8785/140 1798/8786/140 

vt -37.8984 13
vn -0.672087 7.48036e-19 0.740472
vt -37.8984 8.5
vt -37.6884 8.5
vt -37.6884 13
f 1798/8787/766 3572/8788/766 3571/8789/766 1799/8790/766 

vt -19.3044 13
vn -0.356518 6.59712e-19 0.934288
vt -19.3044 8.5
vt -19.0444 8.5
vt -19.0444 13
f 1799/8791/767 3571/8792/767 3570/8793/767 1800/8794/767 

vt 1.51335 13
vt 1.51335 8.5
vt 1.71335 8.5
vt 1.71335 13
f 1800/8795/140 3570/8796/140 3569/8797/140 1801/8798/140 

vt -47.8967 13
vn -0.850385 7.47055e-19 0.526162
vt -47.8967 8.5
vt -47.5767 8.5
vt -47.5767 13
f 1801/8799/768 3569/8800/768 3568/8801/768 1802/8802/768 

vt 24.8432 13
vn 0.404868 2.09899e-19 0.914375
vt 24.8432 8.5
vt 25.1532 8.5
vt 25.1532 13
f 1802/8803/769 3568/8804/769 3567/8805/769 1803/8806/769 

vt 2.16517 13
vt 2.16517 8.5
vt 2.39517 8.5
vt 2.39517 13
f 1803/8807/140 3567/8808/140 3566/8809/140 1804/8810/140 

vt 42.5346 13
vn 0.713825 -7.26302e-20 0.700325
vt 42.5346 8.5
vt 42.7446 8.5
vt 42.7446 13
f 1804/8811/770 3566/8812/770 3565/8813/770 1805/8814/770 

vt 57.3869 13
vt 57.3869 8.5
vt 57.5976 8.5
vt 57.5976 13
f 1805/8815/139 3565/8816/139 3564/8817/139 1806/8818/139 

vt 31.6439 13
vn 0.511468 1.21536e-19 0.859303
vt 31.6439 8.5
vt 32.0939 8.5
vt 32.0939 13
f 1806/8819/771 3564/8820/771 3563/8821/771 1807/8822/771 

vt 57.3483 13
vn 0.982193 -4.76573e-19 0.187876
vt 57.3483 8.5
vt 57.6183 8.5
vt 57.6183 13
f 1807/8823/772 3563/8824/772 3562/8825/772 1808/8826/772 

vt 41.1423 13
vn 0.670145 -2.70338e-20 0.74223
vt 41.1423 8.5
vt 41.3623 8.5
vt 41.3623 13
f 1808/8827/773 3562/8828/773 3561/8829/773 1809/8830/773 

vt 3.14295 13
vt 3.14295 8.5
vt 3.38295 8.5
vt 3.38295 13
f 1809/8831/140 3561/8832/140 3560/8833/140 1810/8834/140 

vt 40.8086 13
vn 0.656898 -1.36712e-20 0.75398
vt 40.8086 8.5
vt 41.0286 8.5
vt 41.0286 13
f 1810/8835/774 3560/8836/774 3559/8837/774 1811/8838/774 

vt 58.3849 13
vt 58.3849 8.5
vt 58.6149 8.5
vt 58.6149 13
f 1811/8839/139 3559/8840/139 3558/8841/139 1812/8842/139 

vt 30.3803 13
vn 0.464692 1.61282e-19 0.885472
vt 30.3803 8.5
vt 30.8003 8.5
vt 30.8003 13
f 1812/8843/775 3558/8844/775 3557/8845/775 1813/8846/775 

vt 57.9384 13
vn 0.968605 -4.39234e-19 0.248603
vt 57.9384 8.5
vt 58.2084 8.5
vt 58.2084 13
f 1813/8847/776 3557/8848/776 3556/8849/776 1814/8850/776 

vt 46.6351 13
vn 0.744388 -1.06116e-19 0.667747
vt 46.6351 8.5
vt 46.8551 8.5
vt 46.8551 13
f 1814/8851/777 3556/8852/777 3555/8853/777 1815/8854/777 

vt 4.13475 13
vt 4.13475 8.5
vt 4.41475 8.5
vt 4.41475 13
f 1815/8855/140 3555/8856/140 3554/8857/140 1816/8858/140 

vt 44.3807 13
vn 0.695689 -5.33982e-20 0.718343
vt 44.3807 8.5
vt 44.5907 8.5
vt 44.5907 13
f 1816/8859/778 3554/8860/778 3553/8861/778 1817/8862/778 

vt 59.3814 13
vt 59.3814 8.5
vt 59.6025 8.5
vt 59.6025 13
f 1817/8863/139 3553/8864/139 3552/8865/139 1818/8866/139 

vt 38.8033 13
vn 0.58914 5.17416e-20 0.808031
vt 38.8033 8.5
vt 39.2433 8.5
vt 39.2433 13
f 1818/8867/779 3552/8868/779 3551/8869/779 1819/8870/779 

vt -51.3851 13
vn -0.895058 7.33936e-19 0.44595
vt -51.3851 8.5
vt -51.1351 8.5
vt -51.1351 13
f 1819/8871/780 3551/8872/780 3550/8873/780 1820/8874/780 

vt 5.03262 13
vt 5.03262 8.5
vt 5.14262 8.5
vt 5.14262 13
f 1820/8875/140 3550/8876/140 3549/8877/140 1821/8878/140 

vt -42.7195 13
vn -0.771207 7.54896e-19 0.636584
vt -42.7195 8.5
vt -42.4795 8.5
vt -42.4795 13
f 1821/8879/781 3549/8880/781 3548/8881/781 1822/8882/781 

vt -15.2269 13
vn -0.339883 6.53096e-19 0.940468
vt -15.2269 8.5
vt -15.0169 8.5
vt -15.0169 13
f 1822/8883/782 3548/8884/782 3547/8885/782 1823/8886/782 

vt 5.4929 13
vt 5.4929 8.5
vt 5.7029 8.5
vt 5.7029 13
f 1823/8887/140 3547/8888/140 3546/8889/140 1824/8890/140 

vt -47.8263 13
vn -0.855186 7.46024e-19 0.518321
vt -47.8263 8.5
vt -47.5063 8.5
vt -47.5063 13
f 1824/8891/783 3546/8892/783 3545/8893/783 1825/8894/783 

vt 5.86876 13
vt 5.86876 8.5
vt 5.96876 8.5
vt 5.96876 13
f 1825/8895/140 3545/8896/140 3544/8897/140 1826/8898/140 

vt 36.6001 13
vn 0.533819 1.01961e-19 0.845599
vt 36.6001 8.5
vt 36.8501 8.5
vt 36.8501 13
f 1826/8899/784 3544/8900/784 3543/8901/784 1827/8902/784 

vt 6.18016 13
vt 6.18016 8.5
vt 6.39016 8.5
vt 6.39016 13
f 1827/8903/140 3543/8904/140 3542/8905/140 1828/8906/140 

vt 42.8005 13
vn 0.639557 3.52143e-21 0.768744
vt 42.8005 8.5
vt 43.0005 8.5
vt 43.0005 13
f 1828/8907/785 3542/8908/785 3541/8909/785 1829/8910/785 

vt 59.3692 13
vt 59.3692 8.5
vt 59.5992 8.5
vt 59.5992 13
f 1829/8911/139 3541/8912/139 3540/8913/139 1830/8914/139 

vt 30.6901 13
vn 0.415046 2.01793e-19 0.9098
vt 30.6901 8.5
vt 31.0301 8.5
vt 31.0301 13
f 1830/8915/786 3540/8916/786 3539/8917/786 1831/8918/786 

vt 41.8476 13
vn 0.60955 3.2522e-20 0.792747
vt 41.8476 8.5
vt 41.9876 8.5
vt 41.9876 13
f 1831/8919/787 3539/8920/787 3538/8921/787 1832/8922/787 

vt 59.8256 13
vt 59.8256 8.5
vt 59.9605 8.5
vt 59.9605 13
f 1832/8923/139 3538/8924/139 3537/8925/139 1833/8926/139 

vt 53.7325 13
vn 0.831633 -2.11133e-19 0.555326
vt 53.7325 8.5
vt 54.0525 8.5
vt 54.0525 13
f 1833/8927/788 3537/8928/788 3536/8929/788 1834/8930/788 

vt 7.14193 13
vt 7.14193 8.5
vt 7.42193 8.5
vt 7.42193 13
f 1834/8931/140 3536/8932/140 3535/8933/140 1835/8934/140 

vt 52.3622 13
vn 0.7946 -1.64572e-19 0.607133
vt 52.3622 8.5
vt 52.5822 8.5
vt 52.5822 13
f 1835/8935/789 3535/8936/789 3534/8937/789 1836/8938/789 

vt 60.4014 13
vt 60.4014 8.5
vt 60.6124 8.5
vt 60.6124 13
f 1836/8939/139 3534/8940/139 3533/8941/139 1837/8942/139 

vt 33.8237 13
vn 0.446495 1.76324e-19 0.894786
vt 33.8237 8.5
vt 34.3137 8.5
vt 34.3137 13
f 1837/8943/790 3533/8944/790 3532/8945/790 1838/8946/790 

vt -60.8312 13
vt -60.8312 8.5
vt -60.7012 8.5
vt -60.7012 13
f 1838/8947/146 3532/8948/146 3531/8949/146 1839/8950/146 

vt -33.4957 13
vn -0.651699 7.44992e-19 0.758477
vt -33.4957 8.5
vt -33.0357 8.5
vt -33.0357 13
f 1839/8951/791 3531/8952/791 3530/8953/791 1840/8954/791 

vt 8.34284 13
vt 8.34284 8.5
vt 8.71261 8.5
vt 8.71261 13
f 1840/8955/140 3530/8956/140 3529/8957/140 1841/8958/140 

vt -48.785 13
vn -0.876991 7.4027e-19 0.480507
vt -48.785 8.5
vt -48.475 8.5
vt -48.475 13
f 1841/8959/792 3529/8960/792 3528/8961/792 1842/8962/792 

vt 8.86156 13
vt 8.86156 8.5
vt 8.97156 8.5
vt 8.97156 13
f 1842/8963/140 3528/8964/140 3527/8965/140 1843/8966/140 

vt -58.6091 13
vn -0.992704 6.32409e-19 0.120578
vt -58.6091 8.5
vt -58.0891 8.5
vt -58.0891 13
f 1843/8967/793 3527/8968/793 3526/8969/793 1844/8970/793 

vt 9.03426 13
vt 9.03426 8.5
vt 9.18426 8.5
vt 9.18426 13
f 1844/8971/140 3526/8972/140 3525/8973/140 1845/8974/140 

vt -27.8788 13
vn -0.591844 7.33489e-19 0.806053
vt -27.8788 8.5
vt -27.4988 8.5
vt -27.4988 13
f 1845/8975/794 3525/8976/794 3524/8977/794 1846/8978/794 

vt 9.49056 13
vt 9.49056 8.5
vt 9.73056 8.5
vt 9.73056 13
f 1846/8979/140 3524/8980/140 3523/8981/140 1847/8982/140 

vt -50.2729 13
vn -0.913257 7.25732e-19 0.407383
vt -50.2729 8.5
vt -49.9729 8.5
vt -49.9729 13
f 1847/8983/795 3523/8984/795 3522/8985/795 1848/8986/795 

vt 9.85278 13
vt 9.85278 8.5
vt 9.98278 8.5
vt 9.98278 13
f 1848/8987/140 3522/8988/140 3521/8989/140 1849/8990/140 

vt -59.1145 13
vt -59.1145 8.5
vt -57.6845 8.5
vt -57.6845 13
f 1849/8991/146 3521/8992/146 3520/8993/146 1850/8994/146 

vt -23.8218 13
vn -0.556727 7.25153e-19 0.830696
vt -23.8218 8.5
vt -23.2218 8.5
vt -23.2218 13
f 1850/8995/796 3520/8996/796 3519/8997/796 1851/8998/796 

vt 10.4812 13
vt 10.4812 8.5
vt 10.7112 8.5
vt 10.7112 13
f 1851/8999/140 3519/9000/140 3518/9001/140 1852/9002/140 

vt -45.2479 13
vn -0.878275 7.39871e-19 0.478155
vt -45.2479 8.5
vt -44.9679 8.5
vt -44.9679 13
f 1852/9003/797 3518/9004/797 3517/9005/797 1853/9006/797 

vt 10.8451 13
vt 10.8451 8.5
vt 10.9451 8.5
vt 10.9451 13
f 1853/9007/140 3517/9008/140 3516/9009/140 1854/9010/140 

vt 41.3697 13
vn 0.566512 7.26012e-20 0.824053
vt 41.3697 8.5
vt 41.6297 8.5
vt 41.6297 13
f 1854/9011/798 3516/9012/798 3515/9013/798 1855/9014/798 

vt 11.1593 13
vt 11.1593 8.5
vt 11.4193 8.5
vt 11.4193 13
f 1855/9015/140 3515/9016/140 3514/9017/140 1856/9018/140 

vt 47.906 13
vn 0.692953 -5.0535e-20 0.720983
vt 47.906 8.5
vt 48.116 8.5
vt 48.116 13
f 1856/9019/799 3514/9020/799 3513/9021/799 1857/9022/799 

vt 57.3973 13
vt 57.3973 8.5
vt 57.5973 8.5
vt 57.5973 13
f 1857/9023/139 3513/9024/139 3512/9025/139 1858/9026/139 

vt 39.2104 13
vn 0.507693 1.24803e-19 0.861538
vt 39.2104 8.5
vt 39.7004 8.5
vt 39.7004 13
f 1858/9027/800 3512/9028/800 3511/9029/800 1859/9030/800 

vt -57.8461 13
vt -57.8461 8.5
vt -57.7061 8.5
vt -57.7061 13
f 1859/9031/146 3511/9032/146 3510/9033/146 1860/9034/146 

vt -34.4862 13
vn -0.737886 7.54249e-19 0.674926
vt -34.4862 8.5
vt -34.3762 8.5
vt -34.3762 13
f 1860/9035/801 3510/9036/801 3509/9037/801 1861/9038/801 

vt -23.7066 13
vn -0.581725 7.312e-19 0.813385
vt -23.7066 8.5
vt -23.4066 8.5
vt -23.4066 13
f 1861/9039/802 3509/9040/802 3508/9041/802 1862/9042/802 

vt -13.2953 13
vn -0.425361 6.853e-19 0.905024
vt -13.2953 8.5
vt -13.0753 8.5
vt -13.0753 13
f 1862/9043/803 3508/9044/803 3507/9045/803 1863/9046/803 

vt 12.5103 13
vt 12.5103 8.5
vt 12.7203 8.5
vt 12.7203 13
f 1863/9047/140 3507/9048/140 3506/9049/140 1864/9050/140 

vt -46.8061 13
vn -0.908653 7.28008e-19 0.417553
vt -46.8061 8.5
vt -46.5161 8.5
vt -46.5161 13
f 1864/9051/804 3506/9052/804 3505/9053/804 1865/9054/804 

vt 12.8413 13
vt 12.8413 8.5
vt 12.9513 8.5
vt 12.9513 13
f 1865/9055/140 3505/9056/140 3504/9057/140 1866/9058/140 

vt 44.9012 13
vn 0.606007 3.5887e-20 0.795459
vt 44.9012 8.5
vt 45.1412 8.5
vt 45.1412 13
f 1866/9059/805 3504/9060/805 3503/9061/805 1867/9062/805 

vt 13.1423 13
vt 13.1423 8.5
vt 13.4223 8.5
vt 13.4223 13
f 1867/9063/140 3503/9064/140 3502/9065/140 1868/9066/140 

vt 47.2465 13
vn 0.646535 -3.3571e-21 0.762884
vt 47.2465 8.5
vt 47.4465 8.5
vt 47.4465 13
f 1868/9067/806 3502/9068/806 3501/9069/806 1869/9070/806 

vt 57.3681 13
vt 57.3681 8.5
vt 57.6081 8.5
vt 57.6081 13
f 1869/9071/139 3501/9072/139 3500/9073/139 1870/9074/139 

vt 40.4454 13
vn 0.497696 1.33405e-19 0.867352
vt 40.4454 8.5
vt 40.9354 8.5
vt 40.9354 13
f 1870/9075/807 3500/9076/807 3499/9077/807 1871/9078/807 

vt -57.8519 13
vt -57.8519 8.5
vt -57.7119 8.5
vt -57.7119 13
f 1871/9079/146 3499/9080/146 3498/9081/146 1872/9082/146 

vt -25.7134 13
vn -0.633285 7.41844e-19 0.773918
vt -25.7134 8.5
vt -25.3234 8.5
vt -25.3234 13
f 1872/9083/808 3498/9084/808 3497/9085/808 1873/9086/808 

vt 4.63903 13
vn -0.164748 5.74122e-19 0.986336
vt 4.63903 8.5
vt 5.05903 8.5
vt 5.05903 13
f 1873/9087/809 3497/9088/809 3496/9089/809 1874/9090/809 

vt -42.1192 13
vn -0.863257 7.44108e-19 0.504765
vt -42.1192 8.5
vt -41.7992 8.5
vt -41.7992 13
f 1874/9091/810 3496/9092/810 3495/9093/810 1875/9094/810 

vt 14.8775 13
vt 14.8775 8.5
vt 16.1275 8.5
vt 16.1275 13
f 1875/9095/140 3495/9096/140 3494/9097/140 1876/9098/140 

vt 26.8637 13
vn 0.193286 3.64628e-19 0.981143
vt 26.8637 8.5
vt 27.1737 8.5
vt 27.1737 13
f 1876/9099/811 3494/9100/811 3493/9101/811 1877/9102/811 

vt 53.2654 13
vn 0.737461 -9.84009e-20 0.675389
vt 53.2654 8.5
vt 53.4654 8.5
vt 53.4654 13
f 1877/9103/812 3493/9104/812 3492/9105/812 1878/9106/812 

vt 57.3269 13
vt 57.3269 8.5
vt 57.5369 8.5
vt 57.5369 13
f 1878/9107/139 3492/9108/139 3491/9109/139 1879/9110/139 

vt 42.859 13
vn 0.494658 1.36004e-19 0.869088
vt 42.859 8.5
vt 43.289 8.5
vt 43.289 13
f 1879/9111/813 3491/9112/813 3490/9113/813 1880/9114/813 

vt 57.7496 13
vt 57.7496 8.5
vt 58.9896 8.5
vt 58.9896 13
f 1880/9115/139 3490/9116/139 3489/9117/139 1881/9118/139 

vt 51.4333 13
vn 0.654874 -1.16474e-20 0.755738
vt 51.4333 8.5
vt 51.7233 8.5
vt 51.7233 13
f 1881/9119/814 3489/9120/814 3488/9121/814 1882/9122/814 

vt 17.1596 13
vt 17.1596 8.5
vt 17.4096 8.5
vt 17.4096 13
f 1882/9123/140 3488/9124/140 3487/9125/140 1883/9126/140 

vt 55.8632 13
vn 0.749068 -1.11371e-19 0.662494
vt 55.8632 8.5
vt 56.0632 8.5
vt 56.0632 13
f 1883/9127/815 3487/9128/815 3486/9129/815 1884/9130/815 

vt 59.3294 13
vt 59.3294 8.5
vt 59.5481 8.5
vt 59.5481 13
f 1884/9131/139 3486/9132/139 3485/9133/139 1885/9134/139 

vt 44.1069 13
vn 0.482698 1.4617e-19 0.875787
vt 44.1069 8.5
vt 44.6269 8.5
vt 44.6269 13
f 1885/9135/816 3485/9136/816 3484/9137/816 1886/9138/816 

vt -59.7991 13
vt -59.7991 8.5
vt -59.6291 8.5
vt -59.6291 13
f 1886/9139/146 3484/9140/146 3483/9141/146 1887/9142/146 

vt -21.8321 13
vn -0.606181 7.3657e-19 0.795327
vt -21.8321 8.5
vt -21.4521 8.5
vt -21.4521 13
f 1887/9143/817 3483/9144/817 3482/9145/817 1888/9146/817 

vt -1.36643 13
vn -0.315365 6.4305e-19 0.94897
vt -1.36643 8.5
vt -1.14643 8.5
vt -1.14643 13
f 1888/9147/818 3482/9148/818 3481/9149/818 1889/9150/818 

vt 18.5085 13
vt 18.5085 8.5
vt 18.7085 8.5
vt 18.7085 13
f 1889/9151/140 3481/9152/140 3480/9153/140 1890/9154/140 

vt -44.2827 13
vn -0.890103 7.35834e-19 0.455759
vt -44.2827 8.5
vt -43.9727 8.5
vt -43.9727 13
f 1890/9155/819 3480/9156/819 3479/9157/819 1891/9158/819 

vt 18.8497 13
vt 18.8497 8.5
vt 18.9497 8.5
vt 18.9497 13
f 1891/9159/140 3479/9160/140 3478/9161/140 1892/9162/140 

vt 46.5 13
vn 0.51173 1.21309e-19 0.859146
vt 46.5 8.5
vt 46.75 8.5
vt 46.75 13
f 1892/9163/820 3478/9164/820 3477/9165/820 1893/9166/820 

vt 19.1645 13
vt 19.1645 8.5
vt 19.4145 8.5
vt 19.4145 13
f 1893/9167/140 3477/9168/140 3476/9169/140 1894/9170/140 

vt 50.7952 13
vn 0.594517 4.67165e-20 0.804083
vt 50.7952 8.5
vt 50.9852 8.5
vt 50.9852 13
f 1894/9171/821 3476/9172/821 3475/9173/821 1895/9174/821 

vt 59.2943 13
vt 59.2943 8.5
vt 59.5223 8.5
vt 59.5223 13
f 1895/9175/139 3475/9176/139 3474/9177/139 1896/9178/139 

vt 44.1608 13
vn 0.448019 1.75072e-19 0.894024
vt 44.1608 8.5
vt 44.4908 8.5
vt 44.4908 13
f 1896/9179/822 3474/9180/822 3473/9181/822 1897/9182/822 

vt 61.8869 13
vn 0.877536 -2.74479e-19 0.47951
vt 61.8869 8.5
vt 62.1069 8.5
vt 62.1069 13
f 1897/9183/823 3473/9184/823 3472/9185/823 1898/9186/823 

vt 59.8632 13
vt 59.8632 8.5
vt 60.0332 8.5
vt 60.0332 13
f 1898/9187/139 3472/9188/139 3471/9189/139 1899/9190/139 

vt 53.393 13
vn 0.631487 1.14115e-20 0.775386
vt 53.393 8.5
vt 53.633 8.5
vt 53.633 13
f 1899/9191/824 3471/9192/824 3470/9193/824 1900/9194/824 

vt 20.1539 13
vt 20.1539 8.5
vt 20.4139 8.5
vt 20.4139 13
f 1900/9195/140 3470/9196/140 3469/9197/140 1901/9198/140 

vt 54.5932 13
vn 0.64906 -5.85962e-21 0.760737
vt 54.5932 8.5
vt 54.8132 8.5
vt 54.8132 13
f 1901/9199/825 3469/9200/825 3468/9201/825 1902/9202/825 

vt 60.3276 13
vt 60.3276 8.5
vt 60.5379 8.5
vt 60.5379 13
f 1902/9203/139 3468/9204/139 3467/9205/139 1903/9206/139 

vt 43.9443 13
vn 0.416874 2.00331e-19 0.908964
vt 43.9443 8.5
vt 44.2743 8.5
vt 44.2743 13
f 1903/9207/826 3467/9208/826 3466/9209/826 1904/9210/826 

vt 62.0124 13
vn 0.830169 -2.09225e-19 0.557512
vt 62.0124 8.5
vt 62.2424 8.5
vt 62.2424 13
f 1904/9211/827 3466/9212/827 3465/9213/827 1905/9214/827 

vt 60.8664 13
vt 60.8664 8.5
vt 61.0564 8.5
vt 61.0564 13
f 1905/9215/139 3465/9216/139 3464/9217/139 1906/9218/139 

vt 21.0095 13
vt 21.0095 8.5
vt 27.9795 8.5
vt 27.9795 13
f 1906/9219/140 3464/9220/140 3463/9221/140 1907/9222/140 

vt -61.0564 13
vt -61.0564 8.5
vt -60.6264 8.5
vt -60.6264 13
f 1907/9223/146 3463/9224/146 3462/9225/146 1908/9226/146 

vt -13.3582 13
vn -0.592211 7.33571e-19 0.805783
vt -13.3582 8.5
vt -12.9482 8.5
vt -12.9482 13
f 1908/9227/828 3462/9228/828 3461/9229/828 1909/9230/828 

vt 19.4976 13
vn -0.141237 5.62299e-19 0.989976
vt 19.4976 8.5
vt 19.9076 8.5
vt 19.9076 13
f 1909/9231/829 3461/9232/829 3460/9233/829 1910/9234/829 

vt -37.263 13
vn -0.860334 7.44829e-19 0.50973
vt -37.263 8.5
vt -36.963 8.5
vt -36.963 13
f 1910/9235/830 3460/9236/830 3459/9237/830 1911/9238/830 

vt 28.8686 13
vt 28.8686 8.5
vt 28.9986 8.5
vt 28.9986 13
f 1911/9239/140 3459/9240/140 3458/9241/140 1912/9242/140 

vt -60.0676 13
vt -60.0676 8.5
vt -59.6276 8.5
vt -59.6276 13
f 1912/9243/146 3458/9244/146 3457/9245/146 1913/9246/146 

vt -7.20528 13
vn -0.532486 7.18784e-19 0.846439
vt -7.20528 8.5
vt -6.61528 8.5
vt -6.61528 13
f 1913/9247/831 3457/9248/831 3456/9249/831 1914/9250/831 

vt 29.498 13
vt 29.498 8.5
vt 29.718 8.5
vt 29.718 13
f 1914/9251/140 3456/9252/140 3455/9253/140 1915/9254/140 

vt -36.4479 13
vn -0.865483 7.43537e-19 0.500938
vt -36.4479 8.5
vt -36.1579 8.5
vt -36.1579 13
f 1915/9255/832 3455/9256/832 3454/9257/832 1916/9258/832 

vt 29.8633 13
vt 29.8633 8.5
vt 29.9886 8.5
vt 29.9886 13
f 1916/9259/140 3454/9260/140 3453/9261/140 1917/9262/140 

vt -59.0625 8.5
vt -58.6325 8.5
vt -58.6325 13
f 1917/1627/146 3453/9263/146 3452/9264/146 1918/9265/146 

vt -11.2827 13
vn -0.60116 7.35513e-19 0.799129
vt -11.2827 8.5
vt -10.9727 8.5
vt -10.9727 13
f 1918/9266/833 3452/9267/833 3451/9268/833 1919/9269/833 

vt 30.2364 13
vt 30.2364 8.5
vt 30.4064 8.5
vt 30.4064 13
f 1919/9270/140 3451/9271/140 3450/9272/140 1920/9273/140 

vt -25.7014 13
vn -0.771035 7.54898e-19 0.636793
vt -25.7014 8.5
vt -25.5414 8.5
vt -25.5414 13
f 1920/9274/834 3450/9275/834 3449/9276/834 1921/9277/834 

vt 30.5083 13
vt 30.5083 8.5
vt 30.7283 8.5
vt 30.7283 13
f 1921/9278/140 3449/9279/140 3448/9280/140 1922/9281/140 

vt -37.5985 13
vn -0.887474 7.3679e-19 0.460858
vt -37.5985 8.5
vt -37.3085 8.5
vt -37.3085 13
f 1922/9282/835 3448/9283/835 3447/9284/835 1923/9285/835 

vt 30.8619 13
vt 30.8619 8.5
vt 30.9919 8.5
vt 30.9919 13
f 1923/9286/140 3447/9287/140 3446/9288/140 1924/9289/140 

vt -58.0654 13
vt -58.0654 8.5
vt -51.9954 8.5
vt -51.9954 13
f 1924/9290/146 3446/9291/146 3445/9292/146 1925/9293/146 

vt -30.9919 13
vt -30.9919 8.5
vt -30.6419 8.5
vt -30.6419 13
f 1925/9294/243 3445/9295/243 3444/9296/243 1926/9297/243 

vt -58.929 13
vn -0.731578 9.19082e-20 -0.681757
vt -58.929 8.5
vt -58.109 8.5
vt -58.109 13
f 1926/9298/836 3444/9299/836 3443/9300/836 1927/9301/836 

vt -56.6826 13
vn -0.976364 4.59483e-19 -0.216134
vt -56.6826 8.5
vt -56.2826 8.5
vt -56.2826 13
f 1927/9302/837 3443/9303/837 3442/9304/837 1928/9305/837 

vt -29.9964 13
vt -29.9964 8.5
vt -29.6325 8.5
vt -29.6325 13
f 1928/9306/243 3442/9307/243 3441/9308/243 1929/9309/243 

vt -57.6174 13
vn -0.736913 9.77934e-20 -0.675988
vt -57.6174 8.5
vt -56.7774 8.5
vt -56.7774 13
f 1929/9310/838 3441/9311/838 3440/9312/838 1930/9313/838 

vt -55.2925 13
vn -0.978553 4.65672e-19 -0.205995
vt -55.2925 8.5
vt -54.9225 8.5
vt -54.9225 13
f 1930/9314/839 3440/9315/839 3439/9316/839 1931/9317/839 

vt -28.9884 13
vt -28.9884 8.5
vt -20.9584 8.5
vt -20.9584 13
f 1931/9318/243 3439/9319/243 3438/9320/243 1932/9321/243 

vt 50.0239 13
vt 50.0239 8.5
vt 50.4139 8.5
vt 50.4139 13
f 1932/9322/139 3438/9323/139 3437/9324/139 1933/9325/139 

vt 34.9482 13
vn 0.885996 -7.37312e-19 -0.463693
vt 34.9482 8.5
vt 35.1982 8.5
vt 35.1982 13
f 1933/9326/840 3437/9327/840 3436/9328/840 1934/9329/840 

vt -20.8425 13
vt -20.8425 8.5
vt -20.5725 8.5
vt -20.5725 13
f 1934/9330/243 3436/9331/243 3435/9332/243 1935/9333/243 

vt 28.9594 13
vn 0.810115 -7.5296e-19 -0.586271
vt 28.9594 8.5
vt 29.4194 8.5
vt 29.4194 13
f 1935/9334/841 3435/9335/841 3434/9336/841 1936/9337/841 

vt -20.3028 13
vt -20.3028 8.5
vt -19.9528 8.5
vt -19.9528 13
f 1936/9338/243 3434/9339/243 3433/9340/243 1937/9341/243 

vt 51.008 13
vt 51.008 8.5
vt 51.388 8.5
vt 51.388 13
f 1937/9342/139 3433/9343/139 3432/9344/139 1938/9345/139 

vt 36.3183 13
vn 0.886451 -7.37153e-19 -0.462823
vt 36.3183 8.5
vt 36.5583 8.5
vt 36.5583 13
f 1938/9346/842 3432/9347/842 3431/9348/842 1939/9349/842 

vt -19.8418 13
vt -19.8418 8.5
vt -19.6118 8.5
vt -19.6118 13
f 1939/9350/243 3431/9351/243 3430/9352/243 1940/9353/243 

vt 25.9766 13
vn 0.753353 -7.54787e-19 -0.657616
vt 25.9766 8.5
vt 26.4266 8.5
vt 26.4266 13
f 1940/9354/843 3430/9355/843 3429/9356/843 1941/9357/843 

vt -13.0777 13
vn 0.117526 -5.50094e-19 -0.99307
vt -13.0777 8.5
vt -12.3877 8.5
vt -12.3877 13
f 1941/9358/844 3429/9359/844 3428/9360/844 1942/9361/844 

vt -51.4288 13
vn -0.752927 1.15734e-19 -0.658104
vt -51.4288 8.5
vt -50.5388 8.5
vt -50.5388 13
f 1942/9362/845 3428/9363/845 3427/9364/845 1943/9365/845 

vt 25.7179 13
vn 0.737969 -7.54253e-19 -0.674834
vt 25.7179 8.5
vt 26.0279 8.5
vt 26.0279 13
f 1943/9366/846 3427/9367/846 3426/9368/846 1944/9369/846 

vt -17.8357 13
vt -17.8357 8.5
vt -17.5957 8.5
vt -17.5957 13
f 1944/9370/243 3426/9371/243 3425/9372/243 1945/9373/243 

vt 28.6589 13
vn 0.772325 -7.54884e-19 -0.635228
vt 28.6589 8.5
vt 29.1489 8.5
vt 29.1489 13
f 1945/9374/847 3425/9375/847 3424/9376/847 1946/9377/847 

vt -17.2844 13
vt -17.2844 8.5
vt -16.9484 8.5
vt -16.9484 13
f 1946/9378/243 3424/9379/243 3423/9380/243 1947/9381/243 

vt 51.958 13
vt 51.958 8.5
vt 53.358 8.5
vt 53.358 13
f 1947/9382/139 3423/9383/139 3422/9384/139 1948/9385/139 

vt 36.6286 13
vn 0.852504 -7.4661e-19 -0.522721
vt 36.6286 8.5
vt 36.8686 8.5
vt 36.8686 13
f 1948/9386/848 3422/9387/848 3421/9388/848 1949/9389/848 

vt -16.823 13
vt -16.823 8.5
vt -16.603 8.5
vt -16.603 13
f 1949/9390/243 3421/9391/243 3420/9392/243 1950/9393/243 

vt 32.4897 13
vn 0.794721 -7.54113e-19 -0.606974
vt 32.4897 8.5
vt 32.9797 8.5
vt 32.9797 13
f 1950/9394/849 3420/9395/849 3419/9396/849 1951/9397/849 

vt -14.1095 13
vn 0.0404569 -5.08509e-19 -0.999181
vt -14.1095 8.5
vt -12.4195 8.5
vt -12.4195 13
f 1951/9398/850 3419/9399/850 3418/9400/850 1952/9401/850 

vt -50.4454 13
vn -0.757029 1.20397e-19 -0.653382
vt -50.4454 8.5
vt -49.5454 8.5
vt -49.5454 13
f 1952/9402/851 3418/9403/851 3417/9404/851 1953/9405/851 

vt 30.4052 13
vn 0.745374 -7.54558e-19 -0.666647
vt 30.4052 8.5
vt 30.7152 8.5
vt 30.7152 13
f 1953/9406/852 3417/9407/852 3416/9408/852 1954/9409/852 

vt -13.8222 13
vt -13.8222 8.5
vt -13.5922 8.5
vt -13.5922 13
f 1954/9410/243 3416/9411/243 3415/9412/243 1955/9413/243 

vt 33.6381 13
vn 0.785083 -7.5457e-19 -0.61939
vt 33.6381 8.5
vt 34.1181 8.5
vt 34.1181 13
f 1955/9414/853 3415/9415/853 3414/9416/853 1956/9417/853 

vt -7.91269 13
vn 0.0985689 -5.40135e-19 -0.99513
vt -7.91269 8.5
vt -7.25269 8.5
vt -7.25269 13
f 1956/9418/854 3414/9419/854 3413/9420/854 1957/9421/854 

vt -47.5185 13
vn -0.716566 7.5577e-20 -0.697519
vt -47.5185 8.5
vt -46.5785 8.5
vt -46.5785 13
f 1957/9422/855 3413/9423/855 3412/9424/855 1958/9425/855 

vt 37.2627 13
vn 0.825426 -7.51246e-19 -0.56451
vt 37.2627 8.5
vt 37.5727 8.5
vt 37.5727 13
f 1958/9426/856 3412/9427/856 3411/9428/856 1959/9429/856 

vt -11.8075 13
vt -11.8075 8.5
vt -11.5782 8.5
vt -11.5782 13
f 1959/9430/243 3411/9431/243 3410/9432/243 1960/9433/243 

vt 37.2657 13
vn 0.819221 -7.52013e-19 -0.573477
vt 37.2657 8.5
vt 37.7057 8.5
vt 37.7057 13
f 1960/9434/857 3410/9435/857 3409/9436/857 1961/9437/857 

vt -6.57241 13
vn 0.0873003 -5.34132e-19 -0.996182
vt -6.57241 8.5
vt -5.87241 8.5
vt -5.87241 13
f 1961/9438/858 3409/9439/858 3408/9440/858 1962/9441/858 

vt -48.073 13
vn -0.762726 1.26924e-19 -0.646722
vt -48.073 8.5
vt -47.393 8.5
vt -47.393 13
f 1962/9442/859 3408/9443/859 3407/9444/859 1963/9445/859 

vt -51.4554 13
vn -0.866892 2.59108e-19 -0.498496
vt -51.4554 8.5
vt -51.0454 8.5
vt -51.0454 13
f 1963/9446/860 3407/9447/860 3406/9448/860 1964/9449/860 

vt -53.1418 13
vt -53.1418 8.5
vt -52.0118 8.5
vt -52.0118 13
f 1964/9450/146 3406/9451/146 3405/9452/146 1965/9453/146 

vt -9.98443 13
vt -9.98443 8.5
vt -9.62443 8.5
vt -9.62443 13
f 1965/9454/243 3405/9455/243 3404/9456/243 1966/9457/243 

vt -45.13 13
vn -0.744057 1.05745e-19 -0.668116
vt -45.13 8.5
vt -44.26 8.5
vt -44.26 13
f 1966/9458/861 3404/9459/861 3403/9460/861 1967/9461/861 

vt -52.1035 13
vn -0.991554 5.10234e-19 -0.129693
vt -52.1035 8.5
vt -51.7535 8.5
vt -51.7535 13
f 1967/9462/862 3403/9463/862 3402/9464/862 1968/9465/862 

vt -8.99778 13
vt -8.99778 8.5
vt -8.63778 8.5
vt -8.63778 13
f 1968/9466/243 3402/9467/243 3401/9468/243 1969/9469/243 

vt -42.9751 13
vn -0.725911 8.57039e-20 -0.687788
vt -42.9751 8.5
vt -42.0651 8.5
vt -42.0651 13
f 1969/9470/863 3401/9471/863 3400/9472/863 1970/9473/863 

vt 32.6814 13
vn 0.753582 -7.54792e-19 -0.657354
vt 32.6814 8.5
vt 32.9914 8.5
vt 32.9914 13
f 1970/9474/864 3400/9475/864 3399/9476/864 1971/9477/864 

vt -7.80811 13
vt -7.80811 8.5
vt -7.56811 8.5
vt -7.56811 13
f 1971/9478/243 3399/9479/243 3398/9480/243 1972/9481/243 

vt 36.9095 13
vn 0.81604 -7.52368e-19 -0.577995
vt 36.9095 8.5
vt 37.3395 8.5
vt 37.3395 13
f 1972/9482/865 3398/9483/865 3397/9484/865 1973/9485/865 

vt -2.02119 13
vn 0.103242 -5.42607e-19 -0.994656
vt -2.02119 8.5
vt -1.62119 8.5
vt -1.62119 13
f 1973/9486/866 3397/9487/866 3396/9488/866 1974/9489/866 

vt 50.9826 13
vt 50.9826 8.5
vt 51.3789 8.5
vt 51.3789 13
f 1974/9490/139 3396/9491/139 3395/9492/139 1975/9493/139 

vt 43.1191 13
vn 0.898402 -7.32579e-19 -0.439173
vt 43.1191 8.5
vt 43.3491 8.5
vt 43.3491 13
f 1975/9494/867 3395/9495/867 3394/9496/867 1976/9497/867 

vt -6.8207 13
vt -6.8207 8.5
vt -6.5807 8.5
vt -6.5807 13
f 1976/9498/243 3394/9499/243 3393/9500/243 1977/9501/243 

vt 38.5084 13
vn 0.819588 -7.51971e-19 -0.572954
vt 38.5084 8.5
vt 38.9584 8.5
vt 38.9584 13
f 1977/9502/868 3393/9503/868 3392/9504/868 1978/9505/868 

vt -1.74333 13
vn 0.087677 -5.34334e-19 -0.996149
vt -1.74333 8.5
vt -1.05333 8.5
vt -1.05333 13
f 1978/9506/869 3392/9507/869 3391/9508/869 1979/9509/869 

vt -42.6032 13
vn -0.747032 1.09081e-19 -0.664788
vt -42.6032 8.5
f 1979/9510/870 3391/9511/870 3390/7561/870 1980/7562/870 

vt 37.1412 13
vn 0.78427 -7.546e-19 -0.62042
vt 37.1412 8.5
vt 37.4512 8.5
vt 37.4512 13
f 1980/9512/871 3390/9513/871 3389/9514/871 1981/9515/871 

vt -4.84489 13
vt -4.84489 8.5
vt -4.57489 8.5
vt -4.57489 13
f 1981/9516/243 3389/9517/243 3388/9518/243 1982/9519/243 

vt 39.9927 13
vn 0.825343 -7.51257e-19 -0.564632
vt 39.9927 8.5
vt 40.4627 8.5
vt 40.4627 13
f 1982/9520/872 3388/9521/872 3387/9522/872 1983/9523/872 

vt -4.30952 13
vt -4.30952 8.5
vt -4.00952 8.5
vt -4.00952 13
f 1983/9524/243 3387/9525/243 3386/9526/243 1984/9527/243 

vt 49.3556 13
vn 0.968761 -6.80432e-19 -0.247996
vt 49.3556 8.5
vt 49.9856 8.5
vt 49.9856 13
f 1984/9528/873 3386/9529/873 3385/9530/873 1985/9531/873 

vt -3.85328 13
vt -3.85328 8.5
vt -3.57328 8.5
vt -3.57328 13
f 1985/9532/243 3385/9533/243 3384/9534/243 1986/9535/243 

vt 42.1347 13
vn 0.838333 -7.49312e-19 -0.545159
vt 42.1347 8.5
vt 42.5947 8.5
vt 42.5947 13
f 1986/9536/874 3384/9537/874 3383/9538/874 1987/9539/874 

vt -3.32251 13
vt -3.32251 8.5
vt -2.93251 8.5
vt -2.93251 13
f 1987/9540/243 3383/9541/243 3382/9542/243 1988/9543/243 

vt 52.9695 13
vt 52.9695 8.5
vt 53.3663 8.5
vt 53.3663 13
f 1988/9544/139 3382/9545/139 3381/9546/139 1989/9547/139 

vt 45.8592 13
vn 0.884922 -7.37685e-19 -0.46574
vt 45.8592 8.5
vt 46.0992 8.5
vt 46.0992 13
f 1989/9548/875 3381/9549/875 3380/9550/875 1990/9551/875 

vt -2.82073 13
vt -2.82073 8.5
vt -2.58073 8.5
vt -2.58073 13
f 1990/9552/243 3380/9553/243 3379/9554/243 1991/9555/243 

vt 43.439 13
vn 0.837102 -7.49517e-19 -0.547047
vt 43.439 8.5
vt 43.889 8.5
vt 43.889 13
f 1991/9556/876 3379/9557/876 3378/9558/876 1992/9559/876 

vt 2.82331 13
vn 0.0953978 -5.38452e-19 -0.995439
vt 2.82331 8.5
vt 3.54331 8.5
vt 3.54331 13
f 1992/9560/877 3378/9561/877 3377/9562/877 1993/9563/877 

vt -42.701 13
vn -0.77135 1.36916e-19 -0.636411
vt -42.701 8.5
vt -41.821 8.5
vt -41.821 13
f 1993/9564/878 3377/9565/878 3376/9566/878 1994/9567/878 

vt 40.1883 13
vn 0.766107 -7.54924e-19 -0.642713
vt 40.1883 8.5
vt 40.5183 8.5
vt 40.5183 13
f 1994/9568/879 3376/9569/879 3375/9570/879 1995/9571/879 

vt -0.845704 13
vt -0.845704 8.5
vt -0.585704 8.5
vt -0.585704 13
f 1995/9572/243 3375/9573/243 3374/9574/243 1996/9575/243 

vt 43.908 13
vn 0.825378 -7.51253e-19 -0.564581
vt 43.908 8.5
vt 44.418 8.5
vt 44.418 13
f 1996/9576/880 3374/9577/880 3373/9578/880 1997/9579/880 

vt -0.297767 13
vt -0.297767 8.5
vt 2.38182 8.5
vt 2.38182 13
f 1997/9580/243 3373/9581/243 3372/9582/243 1998/9583/243 

vt -40.0249 13
vn -0.76912 1.34319e-19 -0.639104
vt -40.0249 8.5
vt -39.1249 8.5
vt -39.1249 13
f 1998/9584/881 3372/9585/881 3371/9586/881 1999/9587/881 

vt 43.6954 13
vn 0.78504 -7.54572e-19 -0.619445
vt 43.6954 8.5
vt 44.0354 8.5
vt 44.0354 13
f 1999/9588/882 3371/9589/882 3370/9590/882 2000/9591/882 

vt 3.16763 13
vt 3.16763 8.5
vt 3.40763 8.5
vt 3.40763 13
f 2000/9592/243 3370/9593/243 3369/9594/243 2001/9595/243 

vt 46.6234 13
vn 0.83495 -7.49865e-19 -0.550326
vt 46.6234 8.5
vt 47.1434 8.5
vt 47.1434 13
f 2001/9596/883 3369/9597/883 3368/9598/883 2002/9599/883 

vt 3.6938 13
vt 3.6938 8.5
vt 6.3638 8.5
vt 6.3638 13
f 2002/9600/243 3368/9601/243 3367/9602/243 2003/9603/243 

vt -31.509 13
vn -0.670577 2.74734e-20 -0.74184
vt -31.509 8.5
vt -31.139 8.5
vt -31.139 13
f 2003/9604/884 3367/9605/884 3366/9606/884 2004/9607/884 

vt -49.5563 13
vn -0.957194 4.12808e-19 -0.289446
vt -49.5563 8.5
vt -49.2863 8.5
vt -49.2863 13
f 2004/9608/885 3366/9609/885 3365/9610/885 2005/9611/885 

vt -19.082 13
vn -0.467467 -1.58969e-19 -0.884011
vt -19.082 8.5
vt -18.842 8.5
vt -18.842 13
f 2005/9612/886 3365/9613/886 3364/9614/886 2006/9615/886 

vt -50.7646 13
vn -0.977718 4.63281e-19 -0.209925
vt -50.7646 8.5
vt -50.3646 8.5
vt -50.3646 13
f 2006/9616/887 3364/9617/887 3363/9618/887 2007/9619/887 

vt 7.01256 13
vt 7.01256 8.5
vt 7.37041 8.5
vt 7.37041 13
f 2007/9620/243 3363/9621/243 3362/9622/243 2008/9623/243 

vt -33.8493 13
vn -0.733011 9.34842e-20 -0.680217
vt -33.8493 8.5
vt -32.9193 8.5
vt -32.9193 13
f 2008/9624/888 3362/9625/888 3361/9626/888 2009/9627/888 

vt 46.5764 13
vn 0.797734 -7.5393e-19 -0.60301
vt 46.5764 8.5
vt 46.8864 8.5
vt 46.8864 13
f 2009/9628/889 3361/9629/889 3360/9630/889 2010/9631/889 

vt 8.18994 13
vt 8.18994 8.5
vt 8.40994 8.5
vt 8.40994 13
f 2010/9632/243 3360/9633/243 3359/9634/243 2011/9635/243 

vt 47.4685 13
vn 0.808633 -7.53095e-19 -0.588314
vt 47.4685 8.5
vt 47.9385 8.5
vt 47.9385 13
f 2011/9636/890 3359/9637/890 3358/9638/890 2012/9639/890 

vt 8.68645 13
vt 8.68645 8.5
vt 9.04888 8.5
vt 9.04888 13
f 2012/9640/243 3358/9641/243 3357/9642/243 2013/9643/243 

vt 52.9637 13
vt 52.9637 8.5
vt 53.3637 8.5
vt 53.3637 13
f 2013/9644/139 3357/9645/139 3356/9646/139 2014/9647/139 

vt 50.5519 13
vn 0.861092 -7.44645e-19 -0.50845
vt 50.5519 8.5
vt 50.8119 8.5
vt 50.8119 13
f 2014/9648/891 3356/9649/891 3355/9650/891 2015/9651/891 

vt 9.18107 13
vt 9.18107 8.5
vt 9.42107 8.5
vt 9.42107 13
f 2015/9652/243 3355/9653/243 3354/9654/243 2016/9655/243 

vt 48.9718 13
vn 0.811013 -7.52876e-19 -0.585028
vt 48.9718 8.5
vt 49.4818 8.5
vt 49.4818 13
f 2016/9656/892 3354/9657/892 3353/9658/892 2017/9659/892 

vt 9.71944 13
vt 9.71944 8.5
vt 10.9928 8.5
vt 10.9928 13
f 2017/9660/243 3353/9661/243 3188/9662/243 2018/9663/243 

vt -12.1528 13
vt -12.1528 3
vt -11.9928 3
vt -11.9928 13
f 1439/9664/140 923/9665/140 922/9666/140 1440/9667/140 

vt -43.9257 13
vn -0.881094 7.38968e-19 0.47294
vt -43.9257 3
vt -43.6357 3
vt -43.6357 13
f 1438/9668/893 924/9669/893 923/9670/893 1439/9671/893 

vt -12.49 13
vt -12.49 3
vt -12.29 3
vt -12.29 13
f 1437/9672/140 925/9673/140 924/9674/140 1438/9675/140 

vt -34.1745 13
vn -0.530761 7.18312e-19 0.847522
vt -34.1745 3
vt -33.5445 3
vt -33.5445 13
f 1436/9676/894 926/9677/894 925/9678/894 1437/9679/894 

vt -44.9911 13
vt -44.9911 3
vt -43.5911 3
vt -43.5911 13
f 1435/9680/146 927/9681/146 926/9682/146 1436/9683/146 

vt -13.1339 13
vt -13.1339 3
vt -13.0239 3
vt -13.0239 13
f 1434/9684/140 928/9685/140 927/9686/140 1435/9687/140 

vt -46.3387 13
vn -0.889384 7.36099e-19 0.45716
vt -46.3387 3
vt -46.0187 3
vt -46.0187 13
f 1433/9688/895 929/9689/895 928/9690/895 1434/9691/895 

vt -19.016 13
vn -0.119742 5.51246e-19 0.992805
vt -19.016 3
vt -18.606 3
vt -18.606 13
f 1432/9692/896 930/9693/896 929/9694/896 1433/9695/896 

vt -38.6485 13
vn -0.60268 7.35835e-19 0.797983
vt -38.6485 3
vt -38.2385 3
vt -38.2385 13
f 1431/9696/897 931/9697/897 930/9698/897 1432/9699/897 

vt -46.0019 13
vt -46.0019 3
vt -45.5719 3
vt -45.5719 13
f 1430/9700/146 932/9701/146 931/9702/146 1431/9703/146 

vt -14.1244 13
vt -14.1244 3
vt -14.0144 3
vt -14.0144 13
f 1429/9704/140 933/9705/140 932/9706/140 1430/9707/140 

vt -47.0516 13
vn -0.859206 7.45099e-19 0.511629
vt -47.0516 3
vt -46.7516 3
vt -46.7516 13
f 1428/9708/898 934/9709/898 933/9710/898 1429/9711/898 

vt -14.4979 13
vt -14.4979 3
vt -14.2779 3
vt -14.2779 13
f 1427/9712/140 935/9713/140 934/9714/140 1428/9715/140 

vt -37.6733 13
vn -0.537045 7.20018e-19 0.843554
vt -37.6733 3
vt -37.0733 3
vt -37.0733 13
f 1426/9716/899 936/9717/899 935/9718/899 1427/9719/899 

vt -46.7019 13
vt -46.7019 3
vt -46.5819 3
vt -46.5819 13
f 1425/9720/146 937/9721/146 936/9722/146 1426/9723/146 

vt 4.53477 13
vn 0.401792 2.12335e-19 0.915731
vt 4.53477 3
vt 5.02477 3
vt 5.02477 13
f 1424/9724/900 938/9725/900 937/9726/900 1425/9727/900 

vt 46.2597 13
vt 46.2597 3
vt 46.505 3
vt 46.505 13
f 1423/9728/139 939/9729/139 938/9730/139 1424/9731/139 

vt 23.3067 13
vn 0.734744 -9.53949e-20 0.678345
vt 23.3067 3
vt 23.5067 3
vt 23.5067 13
f 1422/9732/901 940/9733/901 939/9734/901 1423/9735/901 

vt -15.8384 13
vt -15.8384 3
vt -15.5884 3
vt -15.5884 13
f 1421/9736/140 941/9737/140 940/9738/140 1422/9739/140 

vt 9.12339 13
vn 0.500787 1.30753e-19 0.86557
vt 9.12339 3
vt 9.38339 3
vt 9.38339 13
f 1420/9740/902 942/9741/902 941/9742/902 1421/9743/902 

vt -17.0035 13
vt -17.0035 3
vt -16.0635 3
vt -16.0635 13
f 1419/9744/140 943/9745/140 942/9746/140 1420/9747/140 

vt 45.8025 13
vt 45.8025 3
vt 45.9825 3
vt 45.9825 13
f 1418/9748/139 944/9749/139 943/9750/139 1419/9751/139 

vt 12.5522 13
vn 0.58669 5.40227e-20 0.809812
vt 12.5522 3
vt 13.1022 3
vt 13.1022 13
f 1417/9752/903 945/9753/903 944/9754/903 1418/9755/903 

vt 45.2798 13
vt 45.2798 3
vt 45.4798 3
vt 45.4798 13
f 1416/9756/139 946/9757/139 945/9758/139 1417/9759/139 

vt 22.6778 13
vn 0.757189 -1.2058e-19 0.653196
vt 22.6778 3
vt 22.8878 3
vt 22.8878 13
f 1415/9760/904 947/9761/904 946/9762/904 1416/9763/904 

vt -17.846 13
vt -17.846 3
vt -17.586 3
vt -17.586 13
f 1414/9764/140 948/9765/140 947/9766/140 1415/9767/140 

vt 14.0091 13
vn 0.624657 1.80364e-20 0.780899
vt 14.0091 3
vt 14.2491 3
vt 14.2491 13
f 1413/9768/905 949/9769/905 948/9770/905 1414/9771/905 

vt 44.7509 13
vt 44.7509 3
vt 44.9709 3
vt 44.9709 13
f 1412/9772/139 950/9773/139 949/9774/139 1413/9775/139 

vt 9.51583 13
vn 0.557643 8.06546e-20 0.830081
vt 9.51583 3
vt 9.98583 3
vt 9.98583 13
f 1411/9776/906 951/9777/906 950/9778/906 1412/9779/906 

vt 44.2675 3
vt 44.4888 3
vt 44.4888 13
f 1410/2480/139 952/9780/139 951/9781/139 1411/9782/139 

vt 9.92404 13
vn 0.571213 6.83054e-20 0.820802
vt 9.92404 3
vt 10.164 3
vt 10.164 13
f 1409/9783/907 953/9784/907 952/9785/907 1410/9786/907 

vt -10.2186 13
vn 0.192262 3.65317e-19 0.981344
vt -10.2186 3
vt -9.78859 3
vt -9.78859 13
f 1408/9787/908 954/9788/908 953/9789/908 1409/9790/908 

vt 43.739 13
vt 43.739 3
vt 44.0477 3
vt 44.0477 13
f 1407/9791/139 955/9792/139 954/9793/139 1408/9794/139 

vt 6.77334 13
vn 0.534123 1.01692e-19 0.845407
vt 6.77334 3
vt 7.26334 3
vt 7.26334 13
f 1406/9795/909 956/9796/909 955/9797/909 1407/9798/909 

vt 43.2673 13
vt 43.2673 3
vt 43.4773 3
vt 43.4773 13
f 1405/9799/139 957/9800/139 956/9801/139 1406/9802/139 

vt 19.9571 13
vn 0.758627 -1.22223e-19 0.651525
vt 19.9571 3
vt 20.1471 3
vt 20.1471 13
f 1404/9803/910 958/9804/910 957/9805/910 1405/9806/910 

vt -19.8206 13
vt -19.8206 3
vt -19.5806 3
vt -19.5806 13
f 1403/9807/140 959/9808/140 958/9809/140 1404/9810/140 

vt 2.96677 13
vn 0.478622 1.49612e-19 0.878021
vt 2.96677 3
vt 3.23677 3
vt 3.23677 13
f 1402/9811/911 960/9812/911 959/9813/911 1403/9814/911 

vt -46.2714 13
vn -0.771517 7.54893e-19 0.636208
vt -46.2714 3
vt -45.9314 3
vt -45.9314 13
f 1401/9815/912 961/9816/912 960/9817/912 1402/9818/912 

vt -28.2875 13
vn -0.183507 5.83356e-19 0.983018
vt -28.2875 3
vt -27.8675 3
vt -27.8675 13
f 1400/9819/913 962/9820/913 961/9821/913 1401/9822/913 

vt -42.6372 13
vn -0.58851 7.32745e-19 0.80849
vt -42.6372 3
vt -42.2272 3
vt -42.2272 13
f 1399/9823/914 963/9824/914 962/9825/914 1400/9826/914 

vt -43.741 13
vt -43.741 3
vt -43.5746 3
vt -43.5746 13
f 1398/9827/146 964/9828/146 963/9829/146 1399/9830/146 

vt 4.5645 13
vn 0.52481 1.09899e-19 0.851219
vt 4.5645 3
vt 5.0645 3
vt 5.0645 13
f 1397/9831/915 965/9832/915 964/9833/915 1398/9834/915 

vt 43.2886 13
vt 43.2886 3
vt 43.4786 3
vt 43.4786 13
f 1396/9835/139 966/9836/139 965/9837/139 1397/9838/139 

vt 16.5408 13
vn 0.727215 -8.71271e-20 0.68641
vt 16.5408 3
vt 16.7608 3
vt 16.7608 13
f 1395/9839/916 967/9840/916 966/9841/916 1396/9842/916 

vt -10.8823 13
vn 0.244959 3.2912e-19 0.969534
vt -10.8823 3
vt -10.3723 3
vt -10.3723 13
f 1394/9843/917 968/9844/917 967/9845/917 1395/9846/917 

vt -23.1267 13
vt -23.1267 3
vt -22.0894 3
vt -22.0894 13
f 1393/9847/140 969/9848/140 968/9849/140 1394/9850/140 

vt -49.0423 13
vn -0.851145 7.46897e-19 0.524931
vt -49.0423 3
vt -48.7423 3
vt -48.7423 13
f 1392/9851/918 970/9852/918 969/9853/918 1393/9854/918 

vt -30.634 13
vn -0.168084 5.75778e-19 0.985773
vt -30.634 3
vt -30.224 3
vt -30.224 13
f 1391/9855/919 971/9856/919 970/9857/919 1392/9858/919 

vt -44.9831 13
vn -0.585162 7.31988e-19 0.810917
vt -44.9831 3
vt -44.5631 3
vt -44.5631 13
f 1390/9859/920 972/9860/920 971/9861/920 1391/9862/920 

vt -45.9937 13
vt -45.9937 3
vt -43.5737 3
vt -43.5737 13
f 1389/9863/146 973/9864/146 972/9865/146 1390/9866/146 

vt -25.9889 13
vt -25.9889 3
vt -24.0289 3
vt -24.0289 13
f 1388/9867/140 974/9868/140 973/9869/140 1389/9870/140 

vt 45.8137 13
vt 45.8137 3
vt 45.9937 3
vt 45.9937 13
f 1387/9871/139 975/9872/139 974/9873/139 1388/9874/139 

vt 23.4157 13
vn 0.830899 -2.10176e-19 0.556423
vt 23.4157 3
vt 23.6057 3
vt 23.6057 13
f 1386/9875/921 976/9876/921 975/9877/921 1387/9878/921 

vt -3.03602 13
vn 0.451905 1.71875e-19 0.892066
vt -3.03602 3
vt -2.64602 3
vt -2.64602 13
f 1385/9879/922 977/9880/922 976/9881/922 1386/9882/922 

vt 45.2796 13
vt 45.2796 3
vt 45.4796 3
vt 45.4796 13
f 1384/9883/139 978/9884/139 977/9885/139 1385/9886/139 

vt 16.5958 13
vn 0.754587 -1.17618e-19 0.6562
vt 16.5958 3
vt 16.8158 3
vt 16.8158 13
f 1383/9887/923 979/9888/923 978/9889/923 1384/9890/923 

vt -26.8269 13
vt -26.8269 3
vt -26.5869 3
vt -26.5869 13
f 1382/9891/140 980/9892/140 979/9893/140 1383/9894/140 

vt -3.95136 13
vn 0.449739 1.73659e-19 0.89316
vt -3.95136 3
vt -3.67136 3
vt -3.67136 13
f 1381/9895/924 981/9896/924 980/9897/924 1382/9898/924 

vt -52.504 13
vn -0.794341 7.54135e-19 0.607472
vt -52.504 3
vt -52.184 3
vt -52.184 13
f 1380/9899/925 982/9900/925 981/9901/925 1381/9902/925 

vt -36.3937 13
vn -0.205428 5.93918e-19 0.978672
vt -36.3937 3
vt -35.9837 3
vt -35.9837 13
f 1379/9903/926 983/9904/926 982/9905/926 1380/9906/926 

vt -49.5085 13
vn -0.589331 7.3293e-19 0.807891
vt -49.5085 3
vt -49.0685 3
vt -49.0685 13
f 1378/9907/927 984/9908/927 983/9909/927 1379/9910/927 

vt -46.0054 13
vt -46.0054 3
vt -45.5854 3
vt -45.5854 13
f 1377/9911/146 985/9912/146 984/9913/146 1378/9914/146 

vt -28.1381 13
vt -28.1381 3
vt -28.0281 3
vt -28.0281 13
f 1376/9915/140 986/9916/140 985/9917/140 1377/9918/140 

vt -54.1779 13
vn -0.867059 7.43121e-19 0.498205
vt -54.1779 3
vt -53.9079 3
vt -53.9079 13
f 1375/9919/928 987/9920/928 986/9921/928 1376/9922/928 

vt -28.4826 13
vt -28.4826 3
vt -28.2726 3
vt -28.2726 13
f 1374/9923/140 988/9924/140 987/9925/140 1375/9926/140 

vt -44.0478 13
vn -0.376843 6.67572e-19 0.926277
vt -44.0478 3
vt -43.8078 3
vt -43.8078 13
f 1373/9927/929 989/9928/929 988/9929/929 1374/9930/929 

vt -52.1786 13
vn -0.643197 7.43584e-19 0.765701
vt -52.1786 3
vt -51.7786 3
vt -51.7786 13
f 1372/9931/930 990/9932/930 989/9933/930 1373/9934/930 

vt -46.7472 13
vt -46.7472 3
vt -46.5872 3
vt -46.5872 13
f 1371/9935/146 991/9936/146 990/9937/146 1372/9938/146 

vt -0.358363 13
vn 0.5298 1.0551e-19 0.848122
vt -0.358363 3
vt 0.161637 3
vt 0.161637 13
f 1370/9939/931 992/9940/931 991/9941/931 1371/9942/931 

vt 46.2395 13
vt 46.2395 3
vt 46.4717 3
vt 46.4717 13
f 1369/9943/139 993/9944/139 992/9945/139 1370/9946/139 

vt 8.65133 13
vn 0.666217 -2.30506e-20 0.745758
vt 8.65133 3
vt 8.84133 3
vt 8.84133 13
f 1368/9947/932 994/9948/932 993/9949/932 1369/9950/932 

vt -29.8239 13
vt -29.8239 3
vt -29.5939 3
vt -29.5939 13
f 1367/9951/140 995/9952/140 994/9953/140 1368/9954/140 

vt 1.60296 13
vn 0.570947 6.85492e-20 0.820987
vt 1.60296 3
vt 1.84296 3
vt 1.84296 13
f 1366/9955/933 996/9956/933 995/9957/933 1367/9958/933 

vt 45.7059 13
vt 45.7059 3
vt 45.9759 3
vt 45.9759 13
f 1365/9959/139 997/9960/139 996/9961/139 1366/9962/139 

vt -5.74218 13
vn 0.466016 1.60179e-19 0.884776
vt -5.74218 3
vt -5.26218 3
vt -5.26218 13
f 1364/9963/934 998/9964/934 997/9965/934 1365/9966/934 

vt 45.276 13
vt 45.276 3
vt 45.4822 3
vt 45.4822 13
f 1363/9967/139 999/9968/139 998/9969/139 1364/9970/139 

vt 11.5596 13
vn 0.723886 -8.34981e-20 0.68992
vt 11.5596 3
vt 11.7696 3
vt 11.7696 13
f 1362/9971/935 1000/9972/935 999/9973/935 1363/9974/935 

vt -30.8405 13
vt -30.8405 3
vt -30.5905 3
vt -30.5905 13
f 1361/9975/140 1001/9976/140 1000/9977/140 1362/9978/140 

vt -1.4194 13
vn 0.546929 9.02947e-20 0.837179
vt -1.4194 3
vt -1.1394 3
vt -1.1394 13
f 1360/9979/936 1002/9980/936 1001/9981/936 1361/9982/936 

vt -50.845 13
vn -0.550339 7.23522e-19 0.834942
vt -50.845 3
vt -50.695 3
vt -50.695 13
f 1359/9983/937 1003/9984/937 1002/9985/937 1360/9986/937 

vt -45.1834 13
vt -45.1834 3
vt -45.0534 3
vt -45.0534 13
f 1358/9987/146 1004/9988/146 1003/9989/146 1359/9990/146 

vt -47.437 13
vn -0.41401 6.81287e-19 0.910273
vt -47.437 3
vt -47.107 3
vt -47.107 13
f 1357/9991/938 1005/9992/938 1004/9993/938 1358/9994/938 

vt -31.6706 13
vt -31.6706 3
vt -31.5006 3
vt -31.5006 13
f 1356/9995/140 1006/9996/140 1005/9997/140 1357/9998/140 

vt -53.6579 13
vn -0.639904 7.43018e-19 0.768455
vt -53.6579 3
vt -53.3379 3
vt -53.3379 13
f 1355/9999/939 1007/10000/939 1006/10001/939 1356/10002/939 

vt -31.9969 13
vt -31.9969 3
vt -31.9165 3
vt -31.9165 13
f 1354/10003/140 1008/10004/140 1007/10005/140 1355/10006/140 

vt -45.7148 13
vt -45.7148 3
vt -45.5248 3
vt -45.5248 13
f 1353/10007/146 1009/10008/146 1008/10009/146 1354/10010/146 

vt -6.00641 13
vn 0.489933 1.40033e-19 0.87176
vt -6.00641 3
vt -5.49641 3
vt -5.49641 13
f 1352/10011/940 1010/10012/940 1009/10013/940 1353/10014/940 

vt 45.2649 13
vt 45.2649 3
vt 45.4649 3
vt 45.4649 13
f 1351/10015/139 1011/10016/139 1010/10017/139 1352/10018/139 

vt 2.9878 13
vn 0.628249 1.45585e-20 0.778012
vt 2.9878 3
vt 3.1978 3
vt 3.1978 13
f 1350/10019/941 1012/10020/941 1011/10021/941 1351/10022/941 

vt -32.8348 13
vt -32.8348 3
vt -32.6048 3
vt -32.6048 13
f 1349/10023/140 1013/10024/140 1012/10025/140 1350/10026/140 

vt -4.00443 13
vn 0.532874 1.02797e-19 0.846194
vt -4.00443 3
vt -3.73443 3
vt -3.73443 13
f 1348/10027/942 1014/10028/942 1013/10029/942 1349/10030/942 

vt -55.985 13
vn -0.756137 7.54841e-19 0.654414
vt -55.985 3
vt -55.655 3
vt -55.655 13
f 1347/10031/943 1015/10032/943 1014/10033/943 1348/10034/943 

vt -42.6852 13
vn -0.216264 5.99048e-19 0.976335
vt -42.6852 3
vt -42.2752 3
vt -42.2752 13
f 1346/10035/944 1016/10036/944 1015/10037/944 1347/10038/944 

vt -54.0551 13
vn -0.57624 7.2992e-19 0.81728
vt -54.0551 3
vt -53.6451 3
vt -53.6451 13
f 1345/10039/945 1017/10040/945 1016/10041/945 1346/10042/945 

vt -45.9936 3
vt -45.5636 3
vt -45.5636 13
f 1344/7955/146 1018/10043/146 1017/10044/146 1345/10045/146 

vt -35.9946 13
vt -35.9946 3
vt -34.0146 3
vt -34.0146 13
f 1343/10046/140 1019/10047/140 1018/10048/140 1344/10049/140 

vt 37.8071 13
vn 0.980915 -4.72649e-19 0.194436
vt 37.8071 3
vt 38.1171 3
vt 38.1171 13
f 1342/10050/946 1020/10051/946 1019/10052/946 1343/10053/946 

vt -9.83356 13
vn 0.484659 1.44511e-19 0.874703
vt -9.83356 3
vt -9.39356 3
vt -9.39356 13
f 1341/10054/947 1021/10055/947 1020/10056/947 1342/10057/947 

vt 45.2762 13
vt 45.2762 3
vt 45.4762 3
vt 45.4762 13
f 1340/10058/139 1022/10059/139 1021/10060/139 1341/10061/139 

vt 7.148 13
vn 0.72069 -8.00305e-20 0.693257
vt 7.148 3
vt 7.368 3
vt 7.368 13
f 1339/10062/948 1023/10063/948 1022/10064/948 1340/10065/948 

vt -36.8423 13
vt -36.8423 3
vt -36.5923 3
vt -36.5923 13
f 1338/10066/140 1024/10067/140 1023/10068/140 1339/10069/140 

vt -8.54637 13
vn 0.515727 1.17836e-19 0.856753
vt -8.54637 3
vt -8.29637 3
vt -8.29637 13
f 1337/10070/949 1025/10071/949 1024/10072/949 1338/10073/949 

vt -37.1265 13
vt -37.1265 3
vt -37.0565 3
vt -37.0565 13
f 1336/10074/140 1026/10075/140 1025/10076/140 1337/10077/140 

vt -57.8574 13
vn -0.864307 7.43841e-19 0.502964
vt -57.8574 3
vt -57.5574 3
vt -57.5574 13
f 1335/10078/950 1027/10079/950 1026/10080/950 1336/10081/950 

vt -46.0869 13
vn -0.20221 5.92383e-19 0.979342
vt -46.0869 3
vt -45.6569 3
vt -45.6569 13
f 1334/10082/951 1028/10083/951 1027/10084/951 1335/10085/951 

vt -57.8966 13
vn -0.608773 7.37106e-19 0.793344
vt -57.8966 3
vt -57.5066 3
vt -57.5066 13
f 1333/10086/952 1029/10087/952 1028/10088/952 1334/10089/952 

vt -45.9924 13
vt -45.9924 3
vt -45.5724 3
vt -45.5724 13
f 1332/10090/146 1030/10091/146 1029/10092/146 1333/10093/146 

vt -38.1379 13
vt -38.1379 3
vt -38.0079 3
vt -38.0079 13
f 1331/10094/140 1031/10095/140 1030/10096/140 1332/10097/140 

vt -58.8743 13
vn -0.880145 7.39276e-19 0.474705
vt -58.8743 3
vt -58.5843 3
vt -58.5843 13
f 1330/10098/953 1032/10099/953 1031/10100/953 1331/10101/953 

vt -38.4956 13
vt -38.4956 3
vt -38.2756 3
vt -38.2756 13
f 1329/10102/140 1033/10103/140 1032/10104/140 1330/10105/140 

vt -58.3377 13
vn -0.56628 7.27528e-19 0.824213
vt -58.3377 3
vt -57.9177 3
vt -57.9177 13
f 1328/10106/954 1034/10107/954 1033/10108/954 1329/10109/954 

vt -38.9417 13
vt -38.9417 3
vt -38.8417 3
vt -38.8417 13
f 1327/10110/140 1035/10111/140 1034/10112/140 1328/10113/140 

vt -60.7448 13
vn -0.751379 7.5474e-19 0.65987
vt -60.7448 3
vt -60.6248 3
vt -60.6248 13
f 1326/10114/955 1036/10115/955 1035/10116/955 1327/10117/955 

vt -46.7857 13
vt -46.7857 3
vt -46.5757 3
vt -46.5757 13
f 1325/10118/146 1037/10119/146 1036/10120/146 1326/10121/146 

vt -5.97423 13
vn 0.569313 7.00441e-20 0.822121
vt -5.97423 3
vt -5.44423 3
vt -5.44423 13
f 1324/10122/956 1038/10123/956 1037/10124/956 1325/10125/956 

vt 46.2739 13
vt 46.2739 3
vt 46.4839 3
vt 46.4839 13
f 1323/10126/139 1039/10127/139 1038/10128/139 1324/10129/139 

vt 4.16072 13
vn 0.701842 -5.9873e-20 0.712333
vt 4.16072 3
vt 4.37072 3
vt 4.37072 13
f 1322/10130/957 1040/10131/957 1039/10132/957 1323/10133/957 

vt -28.6445 13
vn 0.224054 3.43653e-19 0.974577
vt -28.6445 3
vt -28.2645 3
vt -28.2645 13
f 1321/10134/958 1041/10135/958 1040/10136/958 1322/10137/958 

vt 43.7514 13
vt 43.7514 3
vt 46.0414 3
vt 46.0414 13
f 1320/10138/139 1042/10139/139 1041/10140/139 1321/10141/139 

vt -12.6197 13
vn 0.50991 1.22885e-19 0.860228
vt -12.6197 3
vt -12.0797 3
vt -12.0797 13
f 1319/10142/959 1043/10143/959 1042/10144/959 1320/10145/959 

vt 43.2661 13
vt 43.2661 3
vt 43.4761 3
vt 43.4761 13
f 1318/10146/139 1044/10147/139 1043/10148/139 1319/10149/139 

vt 6.58712 13
vn 0.762078 -1.2618e-19 0.647485
vt 6.58712 3
vt 6.78712 3
vt 6.78712 13
f 1317/10150/960 1045/10151/960 1044/10152/960 1318/10153/960 

vt -40.8206 13
vt -40.8206 3
vt -40.5706 3
vt -40.5706 13
f 1316/10154/140 1046/10155/140 1045/10156/140 1317/10157/140 

vt -5.37978 13
vn 0.62209 2.05146e-20 0.782946
vt -5.37978 3
vt -5.13978 3
vt -5.13978 13
f 1315/10158/961 1047/10159/961 1046/10160/961 1316/10161/961 

vt 42.7243 13
vt 42.7243 3
vt 42.9643 3
vt 42.9643 13
f 1314/10162/139 1048/10163/139 1047/10164/139 1315/10165/139 

vt -14.6538 13
vn 0.499826 1.31579e-19 0.866126
vt -14.6538 3
vt -14.1638 3
vt -14.1638 13
f 1313/10166/962 1049/10167/962 1048/10168/962 1314/10169/962 

vt 42.2694 13
vt 42.2694 3
vt 42.4794 3
vt 42.4794 13
f 1312/10170/139 1050/10171/139 1049/10172/139 1313/10173/139 

vt -4.1893 13
vn 0.65041 -7.19986e-21 0.759583
vt -4.1893 3
vt -3.9793 3
vt -3.9793 13
f 1311/10174/963 1051/10175/963 1050/10176/963 1312/10177/963 

vt -41.8536 13
vt -41.8536 3
vt -41.5924 3
vt -41.5924 13
f 1310/10178/140 1052/10179/140 1051/10180/140 1311/10181/140 

vt -6.18591 13
vn 0.63018 1.26833e-20 0.776449
vt -6.18591 3
vt -5.94591 3
vt -5.94591 13
f 1309/10182/964 1053/10183/964 1052/10184/964 1310/10185/964 

vt -59.7585 13
vn -0.698669 7.51251e-19 0.715446
vt -59.7585 3
vt -59.4085 3
vt -59.4085 13
f 1308/10186/965 1054/10187/965 1053/10188/965 1309/10189/965 

vt -53.4851 13
vn -0.303289 6.37977e-19 0.952899
vt -53.4851 3
vt -53.1051 3
vt -53.1051 13
f 1307/10190/966 1055/10191/966 1054/10192/966 1308/10193/966 

vt -59.2976 13
vn -0.54708 7.22676e-19 0.837081
vt -59.2976 3
vt -58.8676 3
vt -58.8676 13
f 1306/10194/967 1056/10195/967 1055/10196/967 1307/10197/967 

vt -42.9966 13
vt -42.9966 3
vt -42.5766 3
vt -42.5766 13
f 1305/10198/146 1057/10199/146 1056/10200/146 1306/10201/146 

vt -44.9824 13
vt -44.9824 3
vt -43.0124 3
vt -43.0124 13
f 1304/10202/140 1058/10203/140 1057/10204/140 1305/10205/140 

vt 42.8166 13
vt 42.8166 3
vt 42.9966 3
vt 42.9966 13
f 1303/10206/139 1059/10207/139 1058/10208/139 1304/10209/139 

vt 8.75735 13
vn 0.816011 -1.91075e-19 0.578037
vt 8.75735 3
vt 8.93735 3
vt 8.93735 13
f 1302/10210/968 1060/10211/968 1059/10212/968 1303/10213/968 

vt -21.1662 13
vn 0.454515 1.69723e-19 0.890739
vt -21.1662 3
vt -20.7662 3
vt -20.7662 13
f 1301/10214/969 1061/10215/969 1060/10216/969 1302/10217/969 

vt 42.2779 13
vt 42.2779 3
vt 42.4879 3
vt 42.4879 13
f 1300/10218/139 1062/10219/139 1061/10220/139 1301/10221/139 

vt 7.45661 13
vn 0.81067 -1.84363e-19 0.585503
vt 7.45661 3
vt 7.66661 3
vt 7.66661 13
f 1299/10222/970 1063/10223/970 1062/10224/970 1300/10225/970 

vt -45.8557 13
vt -45.8557 3
vt -45.5657 3
vt -45.5657 13
f 1298/10226/140 1064/10227/140 1063/10228/140 1299/10229/140 

vt -15.3525 13
vn 0.55035 8.72277e-20 0.834934
vt -15.3525 3
vt -15.1125 3
vt -15.1125 13
f 1297/10230/971 1065/10231/971 1064/10232/971 1298/10233/971 

vt -62.5158 13
vn -0.723057 7.53379e-19 0.690788
vt -62.5158 3
vt -62.1658 3
vt -62.1658 13
f 1296/10234/972 1066/10235/972 1065/10236/972 1297/10237/972 

vt -56.482 13
vn -0.273838 6.25261e-19 0.961776
vt -56.482 3
vt -56.092 3
vt -56.092 13
f 1295/10238/973 1067/10239/973 1066/10240/973 1296/10241/973 

vt -62.9767 13
vn -0.579075 7.30585e-19 0.815274
vt -62.9767 3
vt -62.5667 3
vt -62.5667 13
f 1294/10242/974 1068/10243/974 1067/10244/974 1295/10245/974 

vt -42.9929 13
vt -42.9929 3
vt -42.5729 3
vt -42.5729 13
f 1293/10246/146 1069/10247/146 1068/10248/146 1294/10249/146 

vt -48.1172 13
vt -48.1172 3
vt -47.0072 3
vt -47.0072 13
f 1292/10250/140 1070/10251/140 1069/10252/140 1293/10253/140 

vt -62.1675 13
vn -0.851279 7.46869e-19 0.524714
vt -62.1675 3
vt -61.8467 3
vt -61.8467 13
f 1291/10254/975 1071/10255/975 1070/10256/975 1292/10257/975 

vt -56.1983 13
vn -0.194786 5.88821e-19 0.980846
vt -56.1983 3
vt -55.7883 3
vt -55.7883 13
f 1290/10258/976 1072/10259/976 1071/10260/976 1291/10261/976 

vt -64.7908 13
vn -0.541268 7.21147e-19 0.84085
vt -64.7908 3
vt -64.4008 3
vt -64.4008 13
f 1289/10262/977 1073/10263/977 1072/10264/977 1290/10265/977 

vt -44.9969 13
vt -44.9969 3
vt -43.5569 3
vt -43.5569 13
f 1288/10266/146 1074/10267/146 1073/10268/146 1289/10269/146 

vt -49.1256 13
vt -49.1256 3
vt -49.0156 3
vt -49.0156 13
f 1287/10270/140 1075/10271/140 1074/10272/140 1288/10273/140 

vt -63.5285 13
vn -0.873774 7.41238e-19 0.486332
vt -63.5285 3
vt -63.2085 3
vt -63.2085 13
f 1286/10274/978 1076/10275/978 1075/10276/978 1287/10277/978 

vt -58.0458 13
vn -0.207852 5.95071e-19 0.97816
vt -58.0458 3
vt -57.6158 3
vt -57.6158 13
f 1285/10278/979 1077/10279/979 1076/10280/979 1286/10281/979 

vt -66.8245 13
vn -0.774599 7.54851e-19 0.632452
vt -66.8245 3
vt -66.5745 3
vt -66.5745 13
f 1284/10282/980 1078/10283/980 1077/10284/980 1285/10285/980 

vt -50.0414 13
vt -50.0414 3
vt -49.86 3
vt -49.86 13
f 1283/10286/140 1079/10287/140 1078/10288/140 1284/10289/140 

vt -46.0096 13
vt -46.0096 3
vt -45.5596 3
vt -45.5596 13
f 1282/10290/146 1080/10291/146 1079/10292/146 1283/10293/146 

vt -61.0914 13
vt -61.0914 3
f 1281/10294/140 1081/10295/140 1080/10287/140 1282/10286/140 

vt -74.4662 13
vn -0.778699 7.54767e-19 0.627397
vt -74.4662 3
vt -74.1562 3
vt -74.1562 13
f 1280/10296/981 1082/10297/981 1081/10298/981 1281/10299/981 

vt -68.873 13
vn -0.175253 5.79315e-19 0.984523
vt -68.873 3
vt -68.443 3
vt -68.443 13
f 1279/10300/982 1083/10301/982 1082/10302/982 1280/10303/982 

vt -77.4038 13
vn -0.647324 7.44278e-19 0.762215
vt -77.4038 3
vt -77.0238 3
vt -77.0238 13
f 1278/10304/983 1084/10305/983 1083/10306/983 1279/10307/983 

vt -46.7823 13
vt -46.7823 3
vt -46.5723 3
vt -46.5723 13
f 1277/10308/146 1085/10309/146 1084/10310/146 1278/10311/146 

vt -25.285 13
vn 0.564975 7.40025e-20 0.825108
vt -25.285 3
vt -24.725 3
vt -24.725 13
f 1276/10312/984 1086/10313/984 1085/10314/984 1277/10315/984 

vt 46.251 13
vt 46.251 3
vt 46.4659 3
vt 46.4659 13
f 1275/10316/139 1087/10317/139 1086/10318/139 1276/10319/139 

vt -10.7812 13
vn 0.714885 -7.37688e-20 0.699242
vt -10.7812 3
vt -10.6112 3
vt -10.6112 13
f 1274/10320/985 1088/10321/985 1087/10322/985 1275/10323/985 

vt -62.8398 13
vt -62.8398 3
vt -62.5798 3
vt -62.5798 13
f 1273/10324/140 1089/10325/140 1088/10326/140 1274/10327/140 

vt -32.947 13
vn 0.483944 1.45116e-19 0.875099
vt -32.947 3
vt -32.667 3
vt -32.667 13
f 1272/10328/986 1090/10329/986 1089/10330/986 1273/10331/986 

vt -64.9948 13
vt -64.9948 3
vt -63.0848 3
vt -63.0848 13
f 1271/10332/140 1091/10333/140 1090/10334/140 1272/10335/140 

vt 27.1095 13
vn 0.965316 -4.31273e-19 0.261084
vt 27.1095 3
vt 27.4295 3
vt 27.4295 13
f 1270/10336/987 1092/10337/987 1091/10338/987 1271/10339/987 

vt -34.7379 13
vn 0.490082 1.39906e-19 0.871676
vt -34.7379 3
vt -34.3379 3
vt -34.3379 13
f 1269/10340/988 1093/10341/988 1092/10342/988 1270/10343/988 

vt 45.2468 13
vt 45.2468 3
vt 45.489 3
vt 45.489 13
f 1268/10344/139 1094/10345/139 1093/10346/139 1269/10347/139 

vt -22.299 13
vn 0.632394 1.0528e-20 0.774647
vt -22.299 3
vt -22.069 3
vt -22.069 13
f 1267/10348/989 1095/10349/989 1094/10350/989 1268/10351/989 

vt -57.9653 13
vn 0.16105 3.8608e-19 0.986946
vt -57.9653 3
vt -57.4853 3
vt -57.4853 13
f 1266/10352/990 1096/10353/990 1095/10354/990 1267/10355/990 

vt 44.6841 13
vt 44.6841 3
vt 45.0241 3
vt 45.0241 13
f 1265/10356/139 1097/10357/139 1096/10358/139 1266/10359/139 

vt -34.403 13
vn 0.510566 1.22317e-19 0.859838
vt -34.403 3
vt -34.003 3
vt -34.003 13
f 1264/10360/991 1098/10361/991 1097/10362/991 1265/10363/991 

vt 44.2389 13
vt 44.2389 3
vt 44.4798 3
vt 44.4798 13
f 1263/10364/139 1099/10365/139 1098/10366/139 1264/10367/139 

vt -23.0945 13
vn 0.638192 4.86095e-21 0.769877
vt -23.0945 3
vt -22.9045 3
vt -22.9045 13
f 1262/10368/992 1100/10369/992 1099/10370/992 1263/10371/992 

vt -66.8392 13
vt -66.8392 3
vt -66.5692 3
vt -66.5692 13
f 1261/10372/140 1101/10373/140 1100/10374/140 1262/10375/140 

vt -23.5358 13
vn 0.637856 5.19005e-21 0.770155
vt -23.5358 3
vt -23.3358 3
vt -23.3358 13
f 1260/10376/993 1102/10377/993 1101/10378/993 1261/10379/993 

vt 43.7447 13
vt 43.7447 3
vt 43.9901 3
vt 43.9901 13
f 1259/10380/139 1103/10381/139 1102/10382/139 1260/10383/139 

vt -38.6361 13
vn 0.475853 1.51942e-19 0.879525
vt -38.6361 3
vt -38.1061 3
vt -38.1061 13
f 1258/10384/994 1104/10385/994 1103/10386/994 1259/10387/994 

vt 43.2591 13
vt 43.2591 3
vt 43.4925 3
vt 43.4925 13
f 1257/10388/139 1105/10389/139 1104/10390/139 1258/10391/139 

vt -9.68232 13
vn 0.771923 -1.37584e-19 0.635716
vt -9.68232 3
vt -9.49232 3
vt -9.49232 13
f 1256/10392/995 1106/10393/995 1105/10394/995 1257/10395/995 

vt -54.3993 13
vn 0.261883 3.17183e-19 0.9651
vt -54.3993 3
vt -53.9311 3
vt -53.9311 13
f 1255/10396/996 1107/10397/996 1106/10398/996 1256/10399/996 

vt -69.0033 3
vt -68.0319 3
vt -68.0319 13
f 772/1774/140 771/10400/140 1107/10401/140 1255/10402/140 

usemtl FrontColor
v -10.0315 -2.16573e-15 -34.0233
vt 1339.5 -8.52651e-14
vt 1613.96 -8.52651e-14
vt 1613.96 118.11
vt 1339.5 118.11
f 3766/10403/1 3177/10404/1 919/10405/1 918/10406/1 

usemtl _4
v -10.0315 -2.16573e-15 -28.7024
vt 28.7024 -2.16573e-15
vt 34.0233 -2.16573e-15
vt 34.0233 3
v -10.0315 7 -34.0233
vt 34.0233 7
v -10.0315 7 -28.7024
vt 28.7024 7
f 3767/10407/1 3766/10408/1 918/10409/1 3768/10410/1 3769/10411/1 

vt 10.0315 3
vn 0 1.41017e-16 -1
vt 17.0415 3
v -17.0415 7 -34.0233
vt 17.0415 7
vt 10.0315 7
f 918/10412/997 917/10413/997 3770/10414/997 3768/10415/997 

vn 1 -6.63975e-17 -0
vt 34.3633 3
v -17.0415 7 -34.3633
vt 34.3633 7
f 917/10409/998 916/10416/998 3771/10417/998 3770/10410/998 

vt 38.2137 3
vn 0.854188 1.66079e-17 -0.519964
vt 38.4737 3
v -17.1767 7 -34.5854
vt 38.4737 7
vt 38.2137 7
f 916/10418/999 915/10419/999 3772/10420/999 3771/10421/999 

vt 17.1767 3
vt 17.4167 3
v -17.4167 7 -34.5854
vt 17.4167 7
vt 17.1767 7
f 915/10422/997 914/10423/997 3773/10424/997 3772/10425/997 

vt 37.8605 3
vn 0.778826 3.67397e-17 -0.62724
vt 38.3105 3
v -17.6989 7 -34.9359
vt 38.3105 7
vt 37.8605 7
f 914/10426/1000 913/10427/1000 3774/10428/1000 3773/10429/1000 

vt 17.6989 3
vt 18.0589 3
v -18.0589 7 -34.9359
vt 18.0589 7
vt 17.6989 7
f 913/10430/997 912/10431/997 3775/10432/997 3774/10433/997 

vt 34.9359 3
vt 35.3759 3
v -18.0589 7 -35.3759
vt 35.3759 7
vt 34.9359 7
f 912/10434/998 911/10435/998 3776/10436/998 3775/10437/998 

vt 39.5991 3
vn 0.852717 1.70453e-17 -0.522373
vt 39.8391 3
v -18.1843 7 -35.5806
vt 39.8391 7
vt 39.5991 7
f 911/10438/1001 910/10439/1001 3777/10440/1001 3776/10441/1001 

vt 18.1843 3
vt 18.4243 3
v -18.4243 7 -35.5806
vt 18.4243 7
vt 18.1843 7
f 910/10442/997 909/10443/997 3778/10444/997 3777/10445/997 

vt 39.7029 3
vn 0.817999 2.6803e-17 -0.57522
vt 40.1929 3
v -18.7062 7 -35.9814
vt 40.1929 7
vt 39.7029 7
f 909/10446/1002 908/10447/1002 3779/10448/1002 3778/10449/1002 

vt 18.7062 3
vt 19.0662 3
v -19.0662 7 -35.9814
vt 19.0662 7
vt 18.7062 7
f 908/10450/997 907/10451/997 3780/10452/997 3779/10453/997 

vt 35.9814 3
vt 36.3518 3
v -19.0662 7 -36.3518
vt 36.3518 7
vt 35.9814 7
f 907/10454/998 906/10455/998 3781/10456/998 3780/10457/998 

vt 41.0013 3
vn 0.906816 -7.6767e-19 -0.421527
vt 41.2613 3
v -19.1758 7 -36.5876
vt 41.2613 7
vt 41.0013 7
f 906/10458/1003 905/10459/1003 3782/10460/1003 3781/10461/1003 

vt 19.1758 3
vt 19.4358 3
v -19.4358 7 -36.5876
vt 19.4358 7
vt 19.1758 7
f 905/10462/997 904/10463/997 3783/10464/997 3782/10465/997 

vt 41.3031 3
vn 0.843832 1.96427e-17 -0.536608
vt 41.7431 3
v -19.6719 7 -36.9589
vt 41.7431 7
vt 41.3031 7
f 904/10466/1004 903/10467/1004 3784/10468/1004 3783/10469/1004 

vt 19.6719 3
vt 19.7719 3
v -19.7719 7 -36.9589
vt 19.7719 7
vt 19.6719 7
f 903/10470/997 902/10471/997 3785/10472/997 3784/10473/997 

vt -9.33296 3
vn -0.656203 1.4998e-16 -0.754585
vt -9.05296 3
v -19.9831 7 -36.7751
vt -9.05296 7
vt -9.33296 7
f 902/10474/1005 901/10475/1005 3786/10476/1005 3785/10477/1005 

vt 41.6722 3
vn 0.830418 2.34289e-17 -0.557141
vt 41.9522 3
v -20.1391 7 -37.0076
vt 41.9522 7
vt 41.6722 7
f 901/10478/1006 900/10479/1006 3787/10480/1006 3786/10481/1006 

vt 20.1391 3
vt 20.3691 3
v -20.3691 7 -37.0076
vt 20.3691 7
vt 20.1391 7
f 900/10482/997 899/10483/997 3788/10484/997 3787/10485/997 

vt -13.5824 3
vn -0.738268 1.44136e-16 -0.674508
vt -12.6324 3
v -21.0099 7 -36.3063
vt -12.6324 7
vt -13.5824 7
f 899/10486/1007 898/10487/1007 3789/10488/1007 3788/10489/1007 

vt -36.3063 3
vn -1 6.63975e-17 -0
vt -34.0263 3
v -21.0099 7 -34.0263
vt -34.0263 7
vt -36.3063 7
f 898/10490/1008 897/10491/1008 3790/10492/1008 3789/10493/1008 

vt 21.0099 3
vt 24.8499 3
v -24.8499 7 -34.0263
vt 24.8499 7
vt 21.0099 7
f 897/10494/997 896/10495/997 3791/10496/997 3790/10497/997 

vt 20.0826 3
vn -0.133563 1.48622e-16 -0.99104
vt 20.5526 3
v -25.3157 7 -33.9635
vt 20.5526 7
vt 20.0826 7
f 896/10498/1009 895/10499/1009 3792/10500/1009 3791/10501/1009 

vt -2.3279 3
vn -0.640785 1.50808e-16 -0.767721
vt -2.0879 3
v -25.5 7 -33.8097
vt -2.0879 7
vt -2.3279 7
f 895/10502/1010 894/10503/1010 3793/10504/1010 3792/10505/1010 

vt 42.2109 3
vn 0.844194 1.95382e-17 -0.536037
vt 42.4309 3
v -25.6179 7 -33.9955
vt 42.4309 7
vt 42.2109 7
f 894/10506/1011 893/10507/1011 3794/10508/1011 3793/10509/1011 

vt 25.6179 3
vt 26.0524 3
v -26.0524 7 -33.9955
vt 26.0524 7
vt 25.6179 7
f 893/10510/997 892/10511/997 3795/10512/997 3794/10513/997 

vt 33.9955 3
vt 34.3855 3
v -26.0524 7 -34.3855
vt 34.3855 7
vt 33.9955 7
f 892/10514/998 891/10515/998 3796/10516/998 3795/10517/998 

vt 42.9741 3
vn 0.846952 1.87392e-17 -0.53167
vt 43.2241 3
v -26.1853 7 -34.5972
vt 43.2241 7
vt 42.9741 7
f 891/10518/1012 890/10519/1012 3797/10520/1012 3796/10521/1012 

vt 26.1853 3
vt 26.4488 3
v -26.4488 7 -34.5972
vt 26.4488 7
vt 26.1853 7
f 890/10522/997 889/10523/997 3798/10524/997 3797/10525/997 

vt 43.3522 3
vn 0.848514 1.82833e-17 -0.529173
vt 43.7622 3
v -26.6658 7 -34.9451
vt 43.7622 7
vt 43.3522 7
f 889/10526/1013 888/10527/1013 3799/10528/1013 3798/10529/1013 

vt 26.6658 3
vt 26.7658 3
v -26.7658 7 -34.9451
vt 26.7658 7
vt 26.6658 7
f 888/10530/997 887/10531/997 3800/10532/997 3799/10533/997 

vt 1.1314 3
vn -0.587461 1.53125e-16 -0.809252
vt 1.3914 3
v -26.9762 7 -34.7923
vt 1.3914 7
vt 1.1314 7
f 887/10534/1014 886/10535/1014 3801/10536/1014 3800/10537/1014 

vt 44.0033 3
vn 0.809252 2.911e-17 -0.587461
vt 44.2733 3
v -27.1348 7 -35.0108
vt 44.2733 7
vt 44.0033 7
f 886/10538/1015 885/10539/1015 3802/10540/1015 3801/10541/1015 

vt 27.1348 3
vt 27.3448 3
v -27.3448 7 -35.0108
vt 27.3448 7
vt 27.1348 7
f 885/10542/997 884/10543/997 3803/10544/997 3802/10545/997 

vt -7.85312 3
vn -0.745165 1.43519e-16 -0.66688
vt -7.00312 3
v -27.9117 7 -34.3774
vt -7.00312 7
vt -7.85312 7
f 884/10546/1016 883/10547/1016 3804/10548/1016 3803/10549/1016 

vt -26.739 3
vn -0.971214 9.80778e-17 -0.238209
vt -26.359 3
v -28.0022 7 -34.0084
vt -26.359 7
vt -26.739 7
f 883/10550/1017 882/10551/1017 3805/10552/1017 3804/10553/1017 

vt 28.0022 3
vt 28.3648 3
v -28.3648 7 -34.0084
vt 28.3648 7
vt 28.0022 7
f 882/10554/997 881/10555/997 3806/10556/997 3805/10557/997 

vt -9.86655 3
vn -0.795509 1.38268e-16 -0.605941
vt -9.27655 3
v -28.7224 7 -33.539
vt -9.27655 7
vt -9.86655 7
f 881/10558/1018 880/10559/1018 3807/10560/1018 3806/10561/1018 

vt 28.7224 3
vt 29.4124 3
v -29.4124 7 -33.539
vt 29.4124 7
vt 28.7224 7
f 880/10562/997 879/10563/997 3808/10564/997 3807/10565/997 

vt 44.3133 3
vn 0.822639 2.55562e-17 -0.568564
vt 44.8333 3
v -29.708 7 -33.9668
vt 44.8333 7
vt 44.3133 7
f 879/10566/1019 878/10567/1019 3809/10568/1019 3808/10569/1019 

vt 29.708 3
vt 30.078 3
v -30.078 7 -33.9668
vt 30.078 7
vt 29.708 7
f 878/10570/997 877/10571/997 3810/10572/997 3809/10573/997 

vt 33.9668 3
vt 34.3668 3
v -30.078 7 -34.3668
vt 34.3668 7
vt 33.9668 7
f 877/10574/998 876/10575/998 3811/10576/998 3810/10577/998 

vt 44.9141 3
vn 0.859386 1.50449e-17 -0.511327
vt 45.1441 3
v -30.1956 7 -34.5645
vt 45.1441 7
vt 44.9141 7
f 876/10578/1020 875/10579/1020 3812/10580/1020 3811/10581/1020 

vt 30.1956 3
vt 30.4156 3
v -30.4156 7 -34.5645
vt 30.4156 7
vt 30.1956 7
f 875/10582/997 874/10583/997 3813/10584/997 3812/10585/997 

vt 45.7759 3
vn 0.817246 2.70038e-17 -0.576289
vt 46.2559 3
v -30.6922 7 -34.9567
vt 46.2559 7
vt 45.7759 7
f 874/10586/1021 873/10587/1021 3814/10588/1021 3813/10589/1021 

vt 30.6922 3
vt 30.8111 3
v -30.8111 7 -34.9567
vt 30.8111 7
vt 30.6922 7
f 873/10590/997 872/10591/997 3815/10592/997 3814/10593/997 

vt -5.39799 3
vn -0.743675 1.43654e-16 -0.668541
vt -5.15799 3
v -30.9715 7 -34.7783
vt -5.15799 7
vt -5.39799 7
f 872/10594/1022 871/10595/1022 3816/10596/1022 3815/10597/1022 

vt 46.0243 3
vn 0.839555 2.0867e-17 -0.543275
vt 46.3043 3
v -31.1237 7 -35.0133
vt 46.3043 7
vt 46.0243 7
f 871/10598/1023 870/10599/1023 3817/10600/1023 3816/10601/1023 

vt 31.1237 3
vt 31.3637 3
v -31.3637 7 -35.0133
vt 31.3637 7
vt 31.1237 7
f 870/10602/997 869/10603/997 3818/10604/997 3817/10605/997 

vt -7.53219 3
vn -0.777952 1.40259e-16 -0.628323
vt -6.72219 3
v -31.8726 7 -34.3832
vt -6.72219 7
vt -7.53219 7
f 869/10606/1024 868/10607/1024 3819/10608/1024 3818/10609/1024 

vt 31.8726 3
vt 32.0626 3
v -32.0626 7 -34.3832
vt 32.0626 7
vt 31.8726 7
f 868/10610/997 867/10611/997 3820/10612/997 3819/10613/997 

vt 46.9013 3
vn 0.77658 3.72805e-17 -0.630018
vt 47.1313 3
v -32.2075 7 -34.5618
vt 47.1313 7
vt 46.9013 7
f 867/10614/1025 866/10615/1025 3821/10616/1025 3820/10617/1025 

vt 32.2075 3
vt 32.4075 3
v -32.4075 7 -34.5618
vt 32.4075 7
vt 32.2075 7
f 866/10618/997 865/10619/997 3822/10620/997 3821/10621/997 

vt 47.1119 3
vn 0.797884 3.20294e-17 -0.602811
vt 47.5819 3
v -32.6908 7 -34.9368
vt 47.5819 7
vt 47.1119 7
f 865/10622/1026 864/10623/1026 3823/10624/1026 3822/10625/1026 

vt 37.4169 3
vn 0.14519 1.29883e-16 -0.989404
vt 38.0769 3
v -33.3438 7 -35.0326
vt 38.0769 7
vt 37.4169 7
f 864/10626/1027 863/10627/1027 3824/10628/1027 3823/10629/1027 

vt -3.98201 3
vn -0.74673 1.43375e-16 -0.665128
vt -3.11201 3
v -33.9225 7 -34.383
vt -3.11201 7
vt -3.98201 7
f 863/10630/1028 862/10631/1028 3825/10632/1028 3824/10633/1028 

vt -25.1673 3
vn -0.970368 9.85044e-17 -0.241633
vt -24.7873 3
v -34.0143 7 -34.0142
vt -24.7873 7
vt -25.1673 7
f 862/10634/1029 861/10635/1029 3826/10636/1029 3825/10637/1029 

vt -34.0142 -2.88765e-15
vt -29.9942 -2.16573e-15
v -34.0143 1 -29.9942
vt -29.9942 1
v -34.0143 7 -29.9942
vt -29.9942 7
vt -34.0142 7
vt -34.0142 3
f 131/10638/3 126/10639/3 3827/10640/3 3828/10641/3 3826/10642/3 861/10643/3 

usemtl FrontColor
vt 1339.15 -8.28979e-14
vn 0 -2.00461e-18 -1
vt 1378.52 -8.28979e-14
v -35.0143 1 -29.9942
vt 1378.52 39.3701
vt 1339.15 39.3701
f 126/10644/1030 125/10645/1030 3829/10646/1030 3827/10647/1030 

usemtl _4
vt 29.9942 -2.16573e-15
vt 34.0142 -2.16573e-15
vt 34.0142 3
v -35.0143 7 -34.0142
vt 34.0142 7
v -35.0143 7 -29.9942
vt 29.9942 7
vt 29.9942 1
f 125/10648/1 129/10649/1 860/10650/1 3830/10651/1 3831/10652/1 3829/10653/1 

usemtl FrontColor
vt -1378.52 -8.52651e-14
vt -1339.15 -1.13687e-13
vt -1339.15 118.11
vt -1378.52 118.11
f 129/10654/7 131/10655/7 861/10656/7 860/10657/7 

usemtl _4
vt 35.0143 3
vn 0 4.2751e-16 -1
vt 35.3041 3
v -35.3041 7 -34.0142
vt 35.3041 7
vt 35.0143 7
f 860/10658/1031 859/10659/1031 3832/10660/1031 3830/10661/1031 

vt -7.42256 3
vn -0.816888 2.27564e-16 -0.576796
vt -7.10883 3
v -35.4851 7 -33.758
vt -7.10883 7
vt -7.42256 7
f 859/10662/1032 858/10663/1032 3833/10664/1032 3832/10665/1032 

vt 47.9752 3
vn 0.820976 2.6321e-16 -0.570963
vt 48.2852 3
v -35.6621 7 -34.0125
vt 48.2852 7
vt 47.9752 7
f 858/10666/1033 857/10667/1033 3834/10668/1033 3833/10669/1033 

vt 35.6621 3
vt 36.0921 3
v -36.0921 7 -34.0125
vt 36.0921 7
vt 35.6621 7
f 857/10670/1031 856/10671/1031 3835/10672/1031 3834/10673/1031 

vt 34.0125 3
vn 1 2.32861e-17 -0
vt 34.3753 3
v -36.0921 7 -34.3753
vt 34.3753 7
vt 34.0125 7
f 856/10674/1034 855/10675/1034 3836/10676/1034 3835/10677/1034 

vt 45.9248 3
vn 0.916877 1.92e-16 -0.39917
vt 46.1348 3
v -36.1759 7 -34.5679
vt 46.1348 7
vt 45.9248 7
f 855/10678/1035 854/10679/1035 3837/10680/1035 3836/10681/1035 

vt 36.1759 3
vt 36.4259 3
v -36.4259 7 -34.5679
vt 36.4259 7
vt 36.1759 7
f 854/10682/1031 853/10683/1031 3838/10684/1031 3837/10685/1031 

vt 50.0802 3
vn 0.740069 3.04747e-16 -0.672531
vt 50.6002 3
v -36.7756 7 -34.9527
vt 50.6002 7
vt 50.0802 7
f 853/10686/1036 852/10687/1036 3839/10688/1036 3838/10689/1036 

vt 3.70973 3
vn -0.672531 3.00726e-16 -0.740069
vt 3.96973 3
v -36.9681 7 -34.7778
vt 3.96973 7
vt 3.70973 7
f 852/10690/1037 851/10691/1037 3840/10692/1037 3839/10693/1037 

vt 49.338 3
vn 0.837003 2.53423e-16 -0.547199
vt 49.628 3
v -37.1267 7 -35.0206
vt 49.628 7
vt 49.338 7
f 851/10694/1038 850/10695/1038 3841/10696/1038 3840/10697/1038 

vt 37.1267 3
vt 37.3567 3
v -37.3567 7 -35.0206
vt 37.3567 7
vt 37.1267 7
f 850/10698/1031 849/10699/1031 3842/10700/1031 3841/10701/1031 

vt -1.90652 3
vn -0.75451 2.63001e-16 -0.656289
vt -1.02652 3
v -37.9343 7 -34.3566
vt -1.02652 7
vt -1.90652 7
f 849/10702/1039 848/10703/1039 3843/10704/1039 3842/10705/1039 

vt -24.6394 3
vn -0.972824 7.63349e-17 -0.231546
vt -24.2694 3
v -38.02 7 -33.9966
vt -24.2694 7
vt -24.6394 7
f 848/10706/1040 847/10707/1040 3844/10708/1040 3843/10709/1040 

vt 38.02 3
vt 38.35 3
v -38.35 7 -33.9966
vt 38.35 7
vt 38.02 7
f 847/10710/1031 846/10711/1031 3845/10712/1031 3844/10713/1031 

vt 0.218354 3
vn -0.745469 2.67594e-16 -0.66654
vt 1.10595 3
v -38.9416 7 -33.335
vt 1.10595 7
vt 0.218354 7
f 846/10714/1041 845/10715/1041 3846/10716/1041 3845/10717/1041 

vt 51.2488 3
vn 0.66654 3.34217e-16 -0.745469
vt 51.5988 3
v -39.2025 7 -33.5683
vt 51.5988 7
vt 51.2488 7
f 845/10718/1042 844/10719/1042 3847/10720/1042 3846/10721/1042 

vt 39.2025 3
vt 39.4025 3
v -39.4025 7 -33.5683
vt 39.4025 7
vt 39.2025 7
f 844/10722/1031 843/10723/1031 3848/10724/1031 3847/10725/1031 

vt 50.3329 3
vn 0.808271 2.70544e-16 -0.58881
vt 50.8629 3
v -39.7146 7 -33.9966
vt 50.8629 7
vt 50.3329 7
f 843/10726/1043 842/10727/1043 3849/10728/1043 3848/10729/1043 

vt 39.7146 3
vt 41.0446 3
v -41.0446 7 -33.9966
vt 41.0446 7
vt 39.7146 7
f 842/10730/1031 841/10731/1031 3850/10732/1031 3849/10733/1031 

vt 33.9966 3
vt 34.3666 3
v -41.0446 7 -34.3666
vt 34.3666 7
vt 33.9966 7
f 841/10734/1034 840/10735/1034 3851/10736/1034 3850/10737/1034 

vt 51.2086 3
vn 0.837561 2.53071e-16 -0.546344
vt 51.4686 3
v -41.1866 7 -34.5844
vt 51.4686 7
vt 51.2086 7
f 840/10738/1044 839/10739/1044 3852/10740/1044 3851/10741/1044 

vt 41.1866 3
vt 41.4066 3
v -41.4066 7 -34.5844
vt 41.4066 7
vt 41.1866 7
f 839/10742/1031 838/10743/1031 3853/10744/1031 3852/10745/1031 

vt 52.9997 3
vn 0.773165 2.89133e-16 -0.634204
vt 53.4597 3
v -41.6983 7 -34.9401
vt 53.4597 7
vt 52.9997 7
f 838/10746/1045 837/10747/1045 3854/10748/1045 3853/10749/1045 

vt 46.2696 3
vn 0.143118 4.26442e-16 -0.989706
vt 46.9296 3
v -42.3515 7 -35.0345
vt 46.9296 7
vt 46.2696 7
f 837/10750/1046 836/10751/1046 3855/10752/1046 3854/10753/1046 

vt 1.82309 3
vn -0.748963 2.65833e-16 -0.662612
vt 2.68309 3
v -42.9214 7 -34.3904
vt 2.68309 7
vt 1.82309 7
f 836/10754/1047 835/10755/1047 3856/10756/1047 3855/10757/1047 

vt -21.8442 3
vn -0.96455 9.03601e-17 -0.263902
vt -21.4542 3
v -43.0243 7 -34.0142
vt -21.4542 7
vt -21.8442 7
f 835/10758/1048 834/10759/1048 3857/10760/1048 3856/10761/1048 

vt 43.0243 3
vt 44.0143 3
v -44.0143 7 -34.0142
vt 44.0143 7
vt 43.0243 7
f 834/10762/1031 833/10763/1031 3858/10764/1031 3857/10765/1031 

vt -34.0142 -2.16573e-15
v -44.0143 1 -29.9942
v -44.0143 7 -29.9942
f 99/10766/3 100/10639/3 3859/10640/3 3860/10641/3 3858/10642/3 833/10643/3 

usemtl FrontColor
vt 1732.85 -8.28979e-14
vt 1772.22 -8.28979e-14
v -45.0143 1 -29.9942
vt 1772.22 39.3701
vt 1732.85 39.3701
f 100/10767/1030 101/10768/1030 3861/10769/1030 3859/10770/1030 

usemtl _4
v -45.0143 7 -34.0142
v -45.0143 7 -29.9942
f 101/10648/1 98/10649/1 832/10650/1 3862/10651/1 3863/10652/1 3861/10653/1 

usemtl FrontColor
vt -1772.22 -8.52651e-14
vt -1732.85 -8.52651e-14
vt -1732.85 118.11
vt -1772.22 118.11
f 98/10771/7 99/10772/7 833/10773/7 832/10774/7 

usemtl _4
vn 1 -5.13157e-18 -0
vt 34.3842 3
v -45.0143 7 -34.3842
vt 34.3842 7
f 832/10650/1049 831/10775/1049 3864/10776/1049 3862/10651/1049 

vt 56.3003 3
vn 0.690768 5.03605e-16 -0.723077
vt 56.5756 3
v -45.2133 7 -34.5744
vt 56.5756 7
vt 56.3003 7
f 831/10777/1050 830/10778/1050 3865/10779/1050 3864/10780/1050 

vt 45.2133 3
vn 0 7.01377e-16 -1
vt 45.4133 3
v -45.4133 7 -34.5744
vt 45.4133 7
vt 45.2133 7
f 830/10781/1051 829/10782/1051 3866/10783/1051 3865/10784/1051 

vt 55.0441 3
vn 0.794626 4.21728e-16 -0.6071
vt 55.5041 3
v -45.6926 7 -34.9399
vt 55.5041 7
vt 55.0441 7
f 829/10785/1052 828/10786/1052 3867/10787/1052 3866/10788/1052 

vt 50.6788 3
vn 0.159436 6.91587e-16 -0.987208
vt 51.3288 3
v -46.3343 7 -35.0435
vt 51.3288 7
vt 50.6788 7
f 828/10789/1053 827/10790/1053 3868/10791/1053 3867/10792/1053 

vt 8.44844 3
vn -0.70137 5.03539e-16 -0.712797
vt 9.38844 3
v -47.0043 7 -34.3842
vt 9.38844 7
vt 8.44844 7
f 827/10793/1054 826/10794/1054 3869/10795/1054 3868/10796/1054 

vt -34.3842 3
vn -1 5.13157e-18 -0
v -47.0043 7 -34.0142
vt -34.3842 7
f 826/10797/1055 825/10643/1055 3870/10642/1055 3869/10798/1055 

vt 47.0043 3
vt 53.0043 3
v -53.0043 7 -34.0142
vt 53.0043 7
vt 47.0043 7
f 825/10799/1051 824/10800/1051 3871/10801/1051 3870/10802/1051 

v -53.0043 1 -29.9942
v -53.0043 7 -29.9942
f 141/10766/3 142/10639/3 3872/10640/3 3873/10641/3 3871/10642/3 824/10643/3 

usemtl FrontColor
vt 2086.78 -8.28979e-14
vt 2126.15 -8.28979e-14
v -54.0043 1 -29.9942
vt 2126.15 39.3701
vt 2086.78 39.3701
f 142/10803/1030 143/10804/1030 3874/10805/1030 3872/10806/1030 

usemtl _4
vt 29.9942 -2.19695e-15
vt 34.0142 -2.19695e-15
vt 34.0142 13
vt 29.9942 13
f 143/10807/139 140/10808/139 823/10650/139 1237/10809/139 1236/10810/139 3874/10653/139 

usemtl FrontColor
vt -2126.15 -8.52651e-14
vt -2086.78 -8.52651e-14
vt -2086.78 118.11
vt -2126.15 118.11
f 140/10811/7 141/10812/7 824/10813/7 823/10814/7 

usemtl _4
vt 54.0043 13
vt 54.0043 3
vt 61.3934 3
vt 61.3934 13
f 1237/10815/243 823/10816/243 822/10817/243 1238/10818/243 

vt 13.5672 13
vn -0.764543 1.29018e-19 -0.644573
vt 13.5672 3
vt 14.4702 3
vt 14.4702 13
f 1238/10819/1056 822/10820/1056 821/10821/1056 1239/10822/1056 

vt 63.7762 13
vn 0.801376 -7.53681e-19 -0.59816
vt 63.7762 3
vt 64.1362 3
vt 64.1362 13
f 1239/10823/1057 821/10824/1057 820/10825/1057 1240/10826/1057 

vt 62.1908 13
vt 62.1908 3
vt 62.4108 3
vt 62.4108 13
f 1240/10827/243 820/10828/243 819/10829/243 1241/10830/243 

vt 65.0011 13
vn 0.786048 -7.54533e-19 -0.618166
vt 65.0011 3
vt 65.5011 3
vt 65.5011 13
f 1241/10831/1058 819/10832/1058 818/10833/1058 1242/10834/1058 

vt 62.7199 13
vt 62.7199 3
vt 94.0399 3
vt 94.0399 13
f 1242/10835/243 818/10836/243 817/10837/243 1243/10838/243 

vt 34.0054 13
vt 34.0054 3
vt 34.3354 3
vt 34.3354 13
f 1243/10839/139 817/10840/139 816/10841/139 1244/10842/139 

vt 77.071 13
vn 0.863552 -7.44034e-19 -0.504261
vt 77.071 3
vt 77.341 3
vt 77.341 13
f 1244/10843/1059 816/10844/1059 815/10845/1059 1245/10846/1059 

vt 94.1761 13
vt 94.1761 3
vt 94.3961 3
vt 94.3961 13
f 1245/10847/243 815/10848/243 814/10849/243 1246/10850/243 

vt 85.7186 13
vn 0.783769 -7.54617e-19 -0.621052
vt 85.7186 3
vt 86.2286 3
vt 86.2286 13
f 1246/10851/1060 814/10852/1060 813/10853/1060 1247/10854/1060 

vt 94.7128 13
vt 94.7128 3
vt 95.0028 3
vt 95.0028 13
f 1247/10855/243 813/10856/243 812/10857/243 1248/10858/243 

vt 34.9682 13
vt 34.9682 3
vt 42.1282 3
vt 42.1282 13
f 1248/10859/139 812/10860/139 811/10861/139 1249/10862/139 

vt -95.0028 13
vt -95.0028 3
vt -94.5728 3
vt -94.5728 13
f 1249/10863/140 811/10864/140 810/10865/140 1250/10866/140 

vt -40.9312 13
vn 0.678175 -3.5235e-20 0.7349
vt -40.9312 3
vt -40.7112 3
vt -40.7112 13
f 1250/10867/1061 810/10868/1061 809/10869/1061 1251/10870/1061 

vt 42.2774 13
vt 42.2774 3
vt 42.4874 3
vt 42.4874 13
f 1251/10871/139 809/10872/139 808/10873/139 1252/10874/139 

vt -53.5679 13
vn 0.568021 7.12245e-20 0.823014
vt -53.5679 3
vt -53.0179 3
vt -53.0179 13
f 1252/10875/1062 808/10876/1062 807/10877/1062 1253/10878/1062 

vt 42.7998 13
vt 42.7998 3
f 1253/10879/139 807/10880/139 806/1791/139 1254/1790/139 

vt -93.9585 13
vt -93.9585 3
vt -93.0285 3
vt -93.0285 13
f 1254/10881/140 806/10882/140 805/10883/140 1114/10884/140 

vt -56.1143 13
v -56.1143 1 -29.9942
vt -56.1143 1
vt -54.0043 1
vt -54.0043 13
f 1235/10885/140 3875/10886/140 3874/10887/140 1236/10888/140 

vt -54.9032 13
vn -0.857606 7.45474e-19 0.514307
v -56.2789 1 -30.2687
vt -54.9032 1
vt -54.5832 1
vt -54.5832 13
f 1234/10889/1063 3876/10890/1063 3875/10891/1063 1235/10892/1063 

vt -59.6672 13
vn -0.109596 5.4595e-19 0.993976
v -56.6864 1 -30.3136
vt -59.6672 1
vt -59.2572 1
vt -59.2572 13
f 1233/10893/1064 3877/10894/1064 3876/10895/1064 1234/10896/1064 

vt -63.9624 13
vn -0.599581 7.35176e-19 0.800314
v -57.0225 1 -30.5654
vt -63.9624 1
vt -63.5424 1
vt -63.5424 13
f 1232/10897/1065 3878/10898/1065 3877/10899/1065 1233/10900/1065 

vt -30.7554 13
v -57.0225 1 -30.7554
vt -30.7554 1
vt -30.5654 1
vt -30.5654 13
f 1231/10901/146 3879/10902/146 3878/10903/146 1232/10904/146 

vt -30.5564 13
vn 0.55947 7.90014e-20 0.828851
v -57.437 1 -30.4757
vt -30.5564 1
vt -30.0564 1
vt -30.0564 13
f 1230/10905/1066 3880/10906/1066 3879/10907/1066 1231/10908/1066 

vt 30.2687 13
v -57.437 1 -30.2687
vt 30.2687 1
vt 30.4757 1
vt 30.4757 13
f 1229/10909/139 3881/10910/139 3880/10911/139 1230/10912/139 

vt -17.4772 13
vn 0.728818 -8.888e-20 0.684708
v -57.5808 1 -30.1156
vt -17.4772 1
vt -17.2672 1
vt -17.2672 13
f 1228/10913/1067 3882/10914/1067 3881/10915/1067 1229/10916/1067 

vt -57.8208 13
v -57.8208 1 -30.1156
vt -57.8208 1
vt -57.5808 1
vt -57.5808 13
f 1227/10917/140 3883/10918/140 3882/10919/140 1228/10920/140 

vt -38.0698 13
vn 0.455109 1.69232e-19 0.890436
v -58.079 1 -29.9836
vt -38.0698 1
vt -37.7798 1
vt -37.7798 13
f 1226/10921/1068 3884/10922/1068 3883/10923/1068 1227/10924/1068 

vt -58.979 13
v -58.979 1 -29.9836
vt -58.979 1
vt -58.079 1
vt -58.079 13
f 1225/10925/140 3885/10926/140 3884/10927/140 1226/10928/140 

vt 29.8336 13
v -58.979 1 -29.8336
vt 29.8336 1
vt 29.9836 1
vt 29.9836 13
f 1224/10929/139 3886/10930/139 3885/10931/139 1225/10932/139 

vt -11.6598 13
vn 0.800467 -1.71728e-19 0.599377
v -59.0929 1 -29.6816
vt -11.6598 1
vt -11.4698 1
vt -11.4698 13
f 1223/10933/1069 3887/10934/1069 3886/10935/1069 1224/10936/1069 

vt -37.0151 13
vn 0.495755 1.35066e-19 0.868462
v -59.4489 1 -29.4783
vt -37.0151 1
vt -36.6051 1
vt -36.6051 13
f 1222/10937/1070 3888/10938/1070 3887/10939/1070 1223/10940/1070 

vt 29.2683 13
v -59.4489 1 -29.2683
vt 29.2683 1
vt 29.4783 1
vt 29.4783 13
f 1221/10941/139 3889/10942/139 3888/10943/139 1222/10944/139 

vt -17.9732 13
vn 0.745921 -1.07833e-19 0.666034
v -59.5888 1 -29.1117
vt -17.9732 1
vt -17.7632 1
vt -17.7632 13
f 1220/10945/1071 3890/10946/1071 3889/10947/1071 1221/10948/1071 

vt -59.8388 13
v -59.8388 1 -29.1117
vt -59.8388 1
vt -59.5888 1
vt -59.5888 13
f 1219/10949/140 3891/10950/140 3890/10951/140 1220/10952/140 

vt -34.3205 13
vn 0.548881 8.85457e-20 0.8359
v -60.0729 1 -28.958
vt -34.3205 1
vt -34.0405 1
vt -34.0405 13
f 1218/10953/1072 3892/10954/1072 3891/10955/1072 1219/10956/1072 

vt -64.9841 13
vn -0.634078 7.41987e-19 0.773269
v -60.2043 1 -29.0658
vt -64.9841 1
vt -64.8141 1
vt -64.8141 13
f 1217/10957/1073 3893/10958/1073 3892/10959/1073 1218/10960/1073 

vt -29.1558 13
v -60.2043 1 -29.1558
vt -29.1558 1
vt -29.0658 1
vt -29.0658 13
f 1216/10961/146 3894/10962/146 3893/10963/146 1217/10964/146 

vt -62.3068 13
vn -0.737073 7.5421e-19 0.675814
v -60.2922 1 -29.2516
vt -62.3068 1
vt -62.1768 1
vt -62.1768 13
f 1215/10965/1074 3895/10966/1074 3894/10967/1074 1216/10968/1074 

vt -64.9438 13
vn -0.17842 5.8087e-19 0.983954
v -60.6858 1 -29.3229
vt -64.9438 1
vt -64.5438 1
vt -64.5438 13
f 1214/10969/1075 3896/10970/1075 3895/10971/1075 1215/10972/1075 

vt -66.7276 13
vn -0.588717 7.32792e-19 0.808339
v -61.0172 1 -29.5643
vt -66.7276 1
vt -66.3176 1
vt -66.3176 13
f 1213/10973/1076 3897/10974/1076 3896/10975/1076 1214/10976/1076 

vt -29.9882 13
v -61.0172 1 -29.9882
vt -29.9882 1
vt -29.5643 1
vt -29.5643 13
f 1212/10977/146 3898/10978/146 3897/10979/146 1213/10980/146 

vt -67.99 13
vn 5.02668e-35 4.85519e-19 1
v -67.99 1 -29.9882
vt -67.99 1
vt -61.0172 1
vt -61.0172 13
f 1211/10981/1077 3899/10982/1077 3898/10983/1077 1212/10984/1077 

vt 29.8182 13
v -67.99 1 -29.8182
vt 29.8182 1
vt 29.9882 1
vt 29.9882 13
f 1210/10985/139 3900/10986/139 3899/10987/139 1211/10988/139 

vt -13.8829 13
vn 0.826549 -2.04534e-19 0.562864
v -68.1363 1 -29.6033
vt -13.8829 1
vt -13.6229 1
vt -13.6229 13
f 1209/10989/1078 3901/10990/1078 3900/10991/1078 1210/10992/1078 

vt -52.9651 13
vn 0.364558 2.4136e-19 0.931181
v -68.425 1 -29.4903
vt -52.9651 1
vt -52.6551 1
vt -52.6551 13
f 1208/10993/1079 3902/10994/1079 3901/10995/1079 1209/10996/1079 

vt 29.2703 13
v -68.425 1 -29.2703
vt 29.2703 1
vt 29.4903 1
vt 29.4903 13
f 1207/10997/139 3903/10998/139 3902/10999/139 1208/11000/139 

vt -25.5462 13
vn 0.730697 -9.094e-20 0.682702
v -68.5752 1 -29.1096
vt -25.5462 1
vt -25.3262 1
vt -25.3262 13
f 1206/11001/1080 3904/11002/1080 3903/11003/1080 1207/11004/1080 

vt -61.4122 13
vn 0.208649 3.54216e-19 0.97799
v -68.986 1 -29.0219
vt -61.4122 1
vt -60.9922 1
vt -60.9922 13
f 1205/11005/1081 3905/11006/1081 3904/11007/1081 1206/11008/1081 

vt 18.9519 13
v -68.986 1 -18.9519
vt 18.9519 1
vt 29.0219 1
vt 29.0219 13
f 1204/11009/139 3906/11010/139 3905/11011/139 1205/11012/139 

vt 68.686 13
v -68.686 1 -18.9519
vt 68.686 1
vt 68.986 1
vt 68.986 13
f 1203/11013/243 3907/11014/243 3906/11015/243 1204/11016/243 

vt 58.0022 13
vn 0.769772 -7.54909e-19 -0.638319
v -68.4115 1 -18.6209
vt 58.0022 1
vt 58.4322 1
vt 58.4322 13
f 1202/11017/1082 3908/11018/1082 3907/11019/1082 1203/11020/1082 

vt 68.1915 13
v -68.1915 1 -18.6209
vt 68.1915 1
vt 68.4115 1
vt 68.4115 13
f 1201/11021/243 3909/11022/243 3908/11023/243 1202/11024/243 

vt 40.1769 13
vn 0.939502 -7.09423e-19 -0.342545
v -67.9599 1 -17.9857
vt 40.1769 1
vt 40.853 1
vt 40.853 13
f 1200/11025/1083 3910/11026/1083 3909/11027/1083 1201/11028/1083 

vt 67 13
vt 67 1
vt 67.9599 1
vt 67.9599 13
f 1199/11029/243 62/11030/243 3910/11031/243 1200/11032/243 

v -67 -2.16573e-15 -14.0057
vt 14.0057 -2.20447e-15
v -67 -2.16573e-15 -17.9857
vt 17.9857 -2.20447e-15
vt 17.9857 1
vt 17.9857 13
f 3911/11033/139 3912/11034/139 62/11035/139 1199/11036/139 1198/3982/139 

usemtl FrontColor
vt -2637.8 -8.52651e-14
v -66 -2.16573e-15 -17.9857
vt -2598.42 -8.52651e-14
vt -2598.42 39.3701
vt -2637.8 39.3701
f 3912/11037/7 3913/11038/7 65/11039/7 62/11040/7 

usemtl _4
vt -17.9857 1
vt -17.9857 -2.16573e-15
v -66 -1 -17.9857
vt -17.9857 -1
v -66 -1 -14.0057
vt -14.0057 -1
v -66 7 -14.0057
vt -14.0057 7
v -66 7 -17.9857
vt -17.9857 7
f 65/11041/3 3913/11042/3 3914/11043/3 3915/11044/3 3916/11045/3 3917/11046/3 

vt 66 -2.16573e-15
v -61 -2.16573e-15 -17.9857
vt 61 -2.16573e-15
v -61 -1 -17.9857
vt 61 -1
vt 66 -1
f 3913/11047/5 3918/11048/5 3919/11049/5 3914/11050/5 

vt -8.50366 -1.90253e-15
vn -0.988378 -4.17622e-18 -0.152016
v -60.9407 -1.80109e-15 -18.3712
vt -8.89366 -1.53789e-15
v -60.9407 -1 -18.3712
vt -8.89366 -1
vt -8.50366 -1
f 3918/11051/1084 3920/11052/1084 3921/11053/1084 3919/11054/1084 

vt 26.5403 -1.80109e-15
vn -0.749883 0 -0.66157
v -60.3718 -1.80476e-15 -19.0161
vt 25.6803 -1.80476e-15
v -60.3718 -1 -19.0161
vt 25.6803 -1
vt 26.5403 -1
f 3920/11055/1085 3922/11056/1085 3923/11057/1085 3921/11058/1085 

vt 61.8292 -1.76179e-15
vn 0.0893352 -3.17184e-18 -0.996002
v -59.6746 -2.16608e-15 -18.9535
vt 61.1292 -2.12311e-15
v -59.6746 -1 -18.9535
vt 61.1292 -1
vt 61.8292 -1
f 3922/11059/1086 3924/11060/1086 3925/11061/1086 3923/11062/1086 

vt 49.989 -2.16608e-15
vn 0.815572 0 -0.578655
v -59.4142 -2.16573e-15 -18.5865
vt 49.539 -2.16573e-15
v -59.4142 -1 -18.5865
vt 49.539 -1
vt 49.989 -1
f 3924/11063/1087 3926/11064/1087 3927/11065/1087 3925/11066/1087 

vt 59.4142 -2.16573e-15
v -59.1842 -2.16573e-15 -18.5865
vt 59.1842 -2.16573e-15
v -59.1842 -1 -18.5865
vt 59.1842 -1
vt 59.4142 -1
f 3926/11067/5 3928/11068/5 3929/11069/5 3927/11070/5 

vt 45.5009 -2.16573e-15
vn 0.868246 0 -0.496134
v -59.0552 -2.16573e-15 -18.3608
vt 45.2409 -2.16573e-15
v -59.0552 -1 -18.3608
vt 45.2409 -1
vt 45.5009 -1
f 3928/11071/1088 3930/11072/1088 3931/11073/1088 3929/11074/1088 

vt 18.3608 -2.16573e-15
v -59.0552 -2.16573e-15 -18.0196
vt 18.0196 -2.16573e-15
v -59.0552 -1 -18.0196
vt 18.0196 -1
vt 18.3608 -1
f 3930/11075/1 3932/11076/1 3933/11077/1 3931/11078/1 

vt 59.8573 -2.16573e-15
vn 0.0483475 0 -0.998831
v -57.7067 -2.16573e-15 -17.9543
vt 58.5073 -2.16573e-15
v -57.7067 -1 -17.9543
vt 58.5073 -1
vt 59.8573 -1
f 3932/11079/1089 3934/11080/1089 3935/11081/1089 3933/11082/1089 

vt 49.8319 -2.16573e-15
vn 0.785205 0 -0.619236
v -57.4219 -2.16573e-15 -17.5931
vt 49.3719 -2.16573e-15
v -57.4219 -1 -17.5931
vt 49.3719 -1
vt 49.8319 -1
f 3934/11083/1090 3936/11084/1090 3937/11085/1090 3935/11086/1090 

vt 57.4219 -2.16573e-15
v -57.2019 -2.16573e-15 -17.5931
vt 57.2019 -2.16573e-15
v -57.2019 -1 -17.5931
vt 57.2019 -1
vt 57.4219 -1
f 3936/11087/5 3938/11088/5 3939/11089/5 3937/11090/5 

vt 49.4668 -2.16573e-15
vn 0.78096 0 -0.624581
v -57.002 -2.16573e-15 -17.3432
vt 49.1468 -2.16573e-15
v -57.002 -1 -17.3432
vt 49.1468 -1
vt 49.4668 -1
f 3938/11091/1091 3940/11092/1091 3941/11093/1091 3939/11094/1091 

vt 33.6841 -2.16573e-15
vn -0.624581 0 -0.78096
v -56.8224 -2.16573e-15 -17.4869
vt 33.4541 -2.16573e-15
v -56.8224 -1 -17.4869
vt 33.4541 -1
vt 33.6841 -1
f 3940/11095/1092 3942/11096/1092 3943/11097/1092 3941/11098/1092 

vt 56.8224 -2.16573e-15
v -56.7224 -2.16573e-15 -17.4869
vt 56.7224 -2.16573e-15
v -56.7224 -1 -17.4869
vt 56.7224 -1
vt 56.8224 -1
f 3942/11099/5 3944/11100/5 3945/11101/5 3943/11102/5 

vt -2.21642 -2.16573e-15
vn -0.965953 0 -0.258718
v -56.681 -2.16573e-15 -17.6414
vt -2.37642 -2.16573e-15
v -56.681 -1 -17.6414
vt -2.37642 -1
vt -2.21642 -1
f 3944/11103/1093 3946/11104/1093 3947/11105/1093 3945/11106/1093 

vt 23.2159 -2.16573e-15
vn -0.762552 0 -0.646927
v -56.377 -2.16573e-15 -17.9998
vt 22.7459 -2.16573e-15
v -56.377 -1 -17.9998
vt 22.7459 -1
vt 23.2159 -1
f 3946/11107/1094 3948/11108/1094 3949/11109/1094 3947/11110/1094 

vt 56.377 -2.16573e-15
v -51.707 -2.16573e-15 -17.9998
vt 51.707 -2.16573e-15
v -51.707 -1 -17.9998
vt 51.707 -1
vt 56.377 -1
f 3948/11111/5 3950/11112/5 3951/11113/5 3949/11114/5 

vt 44.1325 -2.16345e-15
vn 0.82393 7.04209e-20 -0.566692
v -51.4179 -1.44609e-15 -17.5796
vt 43.6225 -1.4438e-15
v -51.4179 -1 -17.5796
vt 43.6225 -1
vt 44.1325 -1
f 3950/11115/1095 3952/11116/1095 3953/11117/1095 3951/11118/1095 

vt 51.4179 -1.44609e-15
v -51.1779 -1.44609e-15 -17.5796
vt 51.1779 -1.44609e-15
v -51.1779 -1 -17.5796
vt 51.1779 -1
vt 51.4179 -1
f 3952/11119/5 3954/11120/5 3955/11121/5 3953/11122/5 

vt 44.0606 -1.51503e-15
vn 0.813569 -2.19471e-18 -0.581468
v -50.9977 -2.15979e-15 -17.3274
vt 43.7506 -2.22873e-15
v -50.9977 -1 -17.3274
vt 43.7506 -1
vt 44.0606 -1
f 3954/11123/1096 3956/11124/1096 3957/11125/1096 3955/11126/1096 

vt 20.8397 -2.31574e-15
vn -0.748621 3.14006e-18 -0.662998
v -50.3672 -2.09272e-15 -18.0394
vt 19.8887 -2.24867e-15
v -50.3672 -1 -18.0394
vt 19.8887 -1
vt 20.8397 -1
f 3956/11127/1097 3958/11128/1097 3959/11129/1097 3957/11130/1097 

vt 50.3672 -2.09272e-15
vt 44.0181 -2.09272e-15
v -44.0181 -1 -18.0394
vt 44.0181 -1
vt 50.3672 -1
f 3958/11131/5 54/11132/5 3960/11133/5 3959/11134/5 

vt 11.9894 -2.88765e-15
v -44.0181 -1 -11.9894
vt 11.9894 -1
vt 18.0394 -1
vt 18.0394 -2.09272e-15
v -44.0181 1 -18.0394
vt 18.0394 1
v -44.0181 7 -18.0394
vt 18.0394 7
v -44.0181 7 -11.9894
vt 11.9894 7
f 55/11135/1 3961/11136/1 3960/11137/1 54/11138/1 3962/11139/1 3963/11140/1 3964/11141/1 

v -44.0181 -1.44382e-15 -8.03236
vt 8.03236 -1.44382e-15
v -44.0181 -1 -8.03236
vt 8.03236 -1
f 3961/11136/1 55/11135/1 3965/11142/1 3966/11143/1 

v -44.0181 7 -8.03236
vt 8.03236 7
f 3967/11144/1 3965/11142/1 55/11135/1 3964/11141/1 

v -49.0159 7 -8.03236
vt -49.0159 7
vn 0 -8.47667e-18 1
v -49.0159 -1 -8.03236
vt -49.0159 -1
vt -44.0181 -1
vt -44.0181 -1.51191e-15
vt -44.0181 7
f 3968/11145/1098 3969/11146/1098 3966/11147/1098 3965/11148/1098 3967/11149/1098 

v -49.0159 7 -11.9824
vt -11.9824 7
vn -1 9.92585e-18 -0
v -49.0159 -1 -11.9824
vt -11.9824 -1
vt -8.03236 -1
vt -8.03236 7
f 3970/11150/1099 3971/11151/1099 3969/11152/1099 3968/11153/1099 

v -49.1259 7 -11.9824
vt -49.1259 7
v -49.1259 -1 -11.9824
vt -49.1259 -1
f 3972/11154/1098 3973/11155/1098 3971/11146/1098 3970/11145/1098 

v -49.2641 7 -12.2373
vt -34.2353 7
vn -0.879146 4.68669e-18 0.476552
v -49.2641 -1 -12.2373
vt -34.2353 -1
vt -33.9453 -1
vt -33.9453 7
f 3974/11156/1100 3975/11157/1100 3973/11158/1100 3972/11159/1100 

v -49.6583 7 -12.3052
vt -51.0258 7
vn -0.169585 -6.67061e-18 0.985515
v -49.6583 -1 -12.3052
vt -51.0258 -1
vt -50.6258 -1
vt -50.6258 7
f 3976/11160/1101 3977/11161/1101 3975/11162/1101 3974/11163/1101 

v -50.0101 7 -12.5694
vt -47.5331 7
vn -0.600666 -8.14982e-19 0.7995
v -50.0101 -1 -12.5694
vt -47.5331 -1
vt -47.0931 -1
vt -47.0931 7
f 3978/11164/1102 3979/11165/1102 3977/11166/1102 3976/11167/1102 

v -50.0101 7 -13.9794
vt -13.9794 7
v -50.0101 -1 -13.9794
vt -13.9794 -1
vt -12.5694 -1
vt -12.5694 7
f 3980/11168/1099 3981/11169/1099 3979/11170/1099 3978/11171/1099 

v -62.0001 7 -13.9794
vt -62.0001 7
v -62.0001 -1 -13.9794
vt -62.0001 -1
vt -50.0101 -1
vt -50.0101 7
f 3982/11172/1098 3983/11173/1098 3981/11174/1098 3980/11175/1098 

v -62.0587 7 -13.7261
vt -0.623513 7
vn 0.974237 -1.15819e-17 0.225529
v -62.0587 -1 -13.7261
vt -0.623513 -1
vt -0.363513 -1
vt -0.363513 7
f 3984/11176/1103 3985/11177/1103 3983/11178/1103 3982/11179/1103 

v -62.4531 7 -13.4894
vt -46.6055 7
vn 0.514641 -1.23762e-17 0.857406
v -62.4531 -1 -13.4894
vt -46.6055 -1
vt -46.1455 -1
vt -46.1455 7
f 3986/11180/1104 3987/11181/1104 3985/11182/1104 3984/11183/1104 

v -62.4531 7 -13.2594
vt 13.2594 7
vn 1 -9.92585e-18 -0
v -62.4531 -1 -13.2594
vt 13.2594 -1
vt 13.4894 -1
vt 13.4894 7
f 3988/11184/1105 3989/11185/1105 3987/11186/1105 3986/11187/1105 

v -62.7431 7 -13.1824
vt -57.2566 7
vn 0.256702 -1.07406e-17 0.966491
v -62.7431 -1 -13.1824
vt -57.2566 -1
vt -56.9566 -1
vt -56.9566 7
f 3990/11188/1106 3991/11189/1106 3989/11190/1106 3988/11191/1106 

v -62.7431 7 -12.6924
vt 12.6924 7
v -62.7431 -1 -12.6924
vt 12.6924 -1
vt 13.1824 -1
vt 13.1824 7
f 3992/11192/1105 3993/11193/1105 3991/11194/1105 3990/11195/1105 

v -62.9964 7 -12.3574
vt -28.1392 7
vn 0.797633 -1.30298e-17 0.603143
v -62.9964 -1 -12.3574
vt -28.1392 -1
vt -27.7192 -1
vt -27.7192 7
f 3994/11196/1107 3995/11197/1107 3993/11198/1107 3992/11199/1107 

v -62.9964 7 -4.02739
vt 4.02739 7
v -62.9964 -1 -4.02739
vt 4.02739 -1
vt 12.3574 -1
vt 12.3574 7
f 3996/11200/1105 3997/11201/1105 3995/11202/1105 3994/11203/1105 

v -62.6864 7 -4.02739
vt 62.6864 7
vn 0 8.47667e-18 -1
v -62.6864 -1 -4.02739
vt 62.6864 -1
vt 62.9964 -1
vt 62.9964 7
f 3998/11204/1108 3999/11205/1108 3997/11206/1108 3996/11207/1108 

v -62.4046 7 -3.63881
vt 39.5818 7
vn 0.809534 -3.05888e-18 -0.587073
v -62.4046 -1 -3.63881
vt 39.5818 -1
vt 40.0618 -1
vt 40.0618 7
f 4000/11208/1109 4001/11209/1109 3999/11210/1109 3998/11211/1109 

v -62.2046 7 -3.63881
vt 62.2046 7
v -62.2046 -1 -3.63881
vt 62.2046 -1
vt 62.4046 -1
vt 62.4046 7
f 4002/11212/1108 4003/11213/1108 4001/11214/1108 4000/11215/1108 

v -62.0523 7 -3.44056
vt 40.5302 7
vn 0.793023 -2.70751e-18 -0.609192
v -62.0523 -1 -3.44056
vt 40.5302 -1
vt 40.7802 -1
vt 40.7802 7
f 4004/11216/1110 4005/11217/1110 4003/11218/1110 4002/11219/1110 

v -62.0523 7 -3.00056
vt 3.00056 7
v -62.0523 -1 -3.00056
vt 3.00056 -1
vt 3.44056 -1
vt 3.44056 7
f 4006/11220/1105 4007/11221/1105 4005/11222/1105 4004/11223/1105 

v -56.0162 7 -3.00056
vt 56.0162 7
v -56.0162 -1 -3.00056
vt 56.0162 -1
vt 62.0523 -1
vt 62.0523 7
f 4008/11224/1108 4009/11225/1108 4007/11226/1108 4006/11227/1108 

v -56.0162 7 1.99944
vt -1.99944 7
v -56.0162 -1 1.99944
vt -1.99944 -1
f 4010/11228/1105 4011/11229/1105 4009/11221/1105 4008/11220/1105 

v -61.9726 7 1.99944
vt -61.9726 7
v -61.9726 -1 1.99944
vt -61.9726 -1
vt -56.0162 -1
vt -56.0162 7
f 4012/11230/1098 4013/11231/1098 4011/11232/1098 4010/11233/1098 

v -62.0523 7 2.30935
vt -17.6938 7
vn 0.968478 -1.17245e-17 0.249101
v -62.0523 -1 2.30935
vt -17.6938 -1
vt -17.3738 -1
vt -17.3738 7
f 4014/11234/1111 4015/11235/1111 4013/11236/1111 4012/11237/1111 

v -62.4337 7 2.50784
vt -56.5421 7
vn 0.46159 -1.21013e-17 0.887093
v -62.4337 -1 2.50784
vt -56.5421 -1
vt -56.1121 -1
vt -56.1121 7
f 4016/11238/1112 4017/11239/1112 4015/11240/1112 4014/11241/1112 

v -62.4337 7 2.71784
vt -2.71784 7
v -62.4337 -1 2.71784
vt -2.71784 -1
vt -2.50784 -1
vt -2.50784 7
f 4018/11242/1105 4019/11243/1105 4017/11244/1105 4016/11245/1105 

v -62.5759 7 2.85854
vt -46.4817 7
vn 0.703528 -1.30072e-17 0.710667
v -62.5759 -1 2.85854
vt -46.4817 -1
vt -46.2817 -1
vt -46.2817 7
f 4020/11246/1113 4021/11247/1113 4019/11248/1113 4018/11249/1113 

v -62.9832 7 2.90553
vt -62.9012 7
vn 0.114604 -9.55836e-18 0.993411
v -62.9832 -1 2.90553
vt -62.9012 -1
vt -62.4912 -1
vt -62.4912 7
f 4022/11250/1114 4023/11251/1114 4021/11252/1114 4020/11253/1114 

v -62.9832 7 13.0255
vt -13.0255 7
v -62.9832 -1 13.0255
vt -13.0255 -1
vt -2.90553 -1
vt -2.90553 7
f 4024/11254/1105 4025/11255/1105 4023/11256/1105 4022/11257/1105 

v -62.7132 7 13.0255
vt 62.7132 7
v -62.7132 -1 13.0255
vt 62.7132 -1
vt 62.9832 -1
vt 62.9832 7
f 4026/11258/1108 4027/11259/1108 4025/11260/1108 4024/11261/1108 

v -62.397 7 13.4257
vt 28.1511 7
vn 0.784615 -2.53258e-18 -0.619983
v -62.397 -1 13.4257
vt 28.1511 -1
vt 28.6611 -1
vt 28.6611 7
f 4028/11262/1115 4029/11263/1115 4027/11264/1115 4026/11265/1115 

v -62.207 7 13.4257
vt 62.207 7
v -62.207 -1 13.4257
vt 62.207 -1
vt 62.397 -1
vt 62.397 7
f 4030/11266/1108 4031/11267/1108 4029/11268/1108 4028/11269/1108 

v -62.055 7 13.6242
vt 26.8979 7
vn 0.794093 -2.72996e-18 -0.607796
v -62.055 -1 13.6242
vt 26.8979 -1
vt 27.1479 -1
vt 27.1479 7
f 4032/11270/1116 4033/11271/1116 4031/11272/1116 4030/11273/1116 

v -62.055 7 14.0042
vt -14.0042 7
v -62.055 -1 14.0042
vt -14.0042 -1
vt -13.6242 -1
vt -13.6242 7
f 4034/11274/1105 4035/11275/1105 4033/11276/1105 4032/11277/1105 

v -57.005 7 14.0042
vt 57.005 7
v -57.005 -1 14.0042
vt 57.005 -1
vt 62.055 -1
vt 62.055 7
f 4036/11278/1108 4037/11279/1108 4035/11280/1108 4034/11281/1108 

v -57.005 7 15.9995
vt -15.9995 7
v -57.005 -1 15.9995
vt -15.9995 -1
f 4038/11282/1105 4039/11283/1105 4037/11275/1105 4036/11274/1105 

v -70.995 7 15.9995
vt -70.995 7
v -70.995 -1 15.9995
vt -70.995 -1
vt -57.005 -1
vt -57.005 7
f 4040/11284/1098 4041/11285/1098 4039/11286/1098 4038/11287/1098 

v -70.995 7 14.0042
vt 14.0042 7
v -70.995 -1 14.0042
vt 14.0042 -1
vt 15.9995 -1
vt 15.9995 7
f 4042/11288/1099 4043/11289/1099 4041/11290/1099 4040/11291/1099 

v -65.965 7 14.0042
vt 65.965 7
v -65.965 -1 14.0042
vt 65.965 -1
vt 70.995 -1
vt 70.995 7
f 4044/11292/1108 4045/11293/1108 4043/11294/1108 4042/11295/1108 

v -65.965 7 13.6442
vt 13.6442 7
v -65.965 -1 13.6442
vt 13.6442 -1
f 4046/11296/1099 4047/11297/1099 4045/11289/1099 4044/11288/1099 

v -65.8235 7 13.4758
vt 52.6596 7
vn -0.765644 1.30524e-17 -0.643264
v -65.8235 -1 13.4758
vt 52.6596 -1
vt 52.8796 -1
vt 52.8796 7
f 4048/11298/1117 4049/11299/1117 4047/11300/1117 4046/11301/1117 

v -65.7035 7 13.4758
vt 65.7035 7
v -65.7035 -1 13.4758
vt 65.7035 -1
vt 65.8235 -1
vt 65.8235 7
f 4050/11302/1108 4051/11303/1108 4049/11304/1108 4048/11305/1108 

v -65.633 7 13.2464
vt 31.9532 7
vn -0.955825 1.1979e-17 -0.293937
v -65.633 -1 13.2464
vt 31.9532 -1
vt 32.1932 -1
vt 32.1932 7
f 4052/11306/1118 4053/11307/1118 4051/11308/1118 4050/11309/1118 

v -65.3759 7 12.9944
vt 55.7886 7
vn -0.699906 1.30015e-17 -0.714235
v -65.3759 -1 12.9944
vt 55.7886 -1
vt 56.1486 -1
vt 56.1486 7
f 4054/11310/1119 4055/11311/1119 4053/11312/1119 4052/11313/1119 

v -65.0159 7 12.9944
vt 65.0159 7
v -65.0159 -1 12.9944
vt 65.0159 -1
vt 65.3759 -1
vt 65.3759 7
f 4056/11314/1108 4057/11315/1108 4055/11316/1108 4054/11317/1108 

v -65.0159 7 3.0044
vt 3.0044 7
v -65.0159 -1 3.0044
vt 3.0044 -1
vt 12.9944 -1
vt 12.9944 7
f 4058/11318/1099 4059/11319/1099 4057/11320/1099 4056/11321/1099 

v -65.1259 7 3.0044
vt -65.1259 7
v -65.1259 -1 3.0044
vt -65.1259 -1
vt -65.0159 -1
vt -65.0159 7
f 4060/11322/1098 4061/11323/1098 4059/11324/1098 4058/11325/1098 

v -65.2523 7 2.77724
vt -29.3168 7
vn -0.873698 4.54856e-18 0.486469
v -65.2523 -1 2.77724
vt -29.3168 -1
vt -29.0568 -1
vt -29.0568 7
f 4062/11326/1120 4063/11327/1120 4061/11328/1120 4060/11329/1120 

v -65.6854 7 2.6994
vt -64.1716 7
vn -0.176922 -6.58685e-18 0.984225
v -65.6854 -1 2.6994
vt -64.1716 -1
vt -63.7316 -1
vt -63.7316 7
f 4064/11330/1121 4065/11331/1121 4063/11332/1121 4062/11333/1121 

v -65.8351 7 2.52475
vt -40.9232 7
vn -0.759317 2.02091e-18 0.650721
v -65.8351 -1 2.52475
vt -40.9232 -1
vt -40.6932 -1
vt -40.6932 7
f 4066/11334/1122 4067/11335/1122 4065/11336/1122 4064/11337/1122 

v -65.9351 7 2.52475
vt -65.9351 7
v -65.9351 -1 2.52475
vt -65.9351 -1
vt -65.8351 -1
vt -65.8351 7
f 4068/11338/1098 4069/11339/1098 4067/11340/1098 4066/11341/1098 

v -66.0177 7 2.42438
vt -40.0805 7
vn -0.772123 2.27729e-18 0.635473
v -66.0177 -1 2.42438
vt -40.0805 -1
vt -39.9505 -1
vt -39.9505 7
f 4070/11342/1123 4071/11343/1123 4069/11344/1123 4068/11345/1123 

v -66.0177 7 2.02438
vt 2.02438 7
v -66.0177 -1 2.02438
vt 2.02438 -1
vt 2.42438 -1
vt 2.42438 7
f 4072/11346/1099 4073/11347/1099 4071/11348/1099 4070/11349/1099 

v -77.9677 7 2.02438
vt -77.9677 7
v -77.9677 -1 2.02438
vt -77.9677 -1
vt -66.0177 -1
vt -66.0177 7
f 4074/11350/1098 4075/11351/1098 4073/11352/1098 4072/11353/1098 

v -78.0672 7 2.29676
vt -28.9509 7
vn 0.939258 -1.22322e-17 0.343213
v -78.0672 -1 2.29676
vt -28.9509 -1
vt -28.6609 -1
vt -28.6609 7
f 4076/11354/1124 4077/11355/1124 4075/11356/1124 4074/11357/1124 

v -78.4391 7 2.51255
vt -69.1078 7
vn 0.501836 -1.23131e-17 0.864963
v -78.4391 -1 2.51255
vt -69.1078 -1
vt -68.6778 -1
vt -68.6778 7
f 4078/11358/1125 4079/11359/1125 4077/11360/1125 4076/11361/1125 

v -78.4391 7 2.73255
vt -2.73255 7
v -78.4391 -1 2.73255
vt -2.73255 -1
vt -2.51255 -1
vt -2.51255 7
f 4080/11362/1105 4081/11363/1105 4079/11364/1105 4078/11365/1105 

v -78.5739 7 2.86645
vt -57.7677 7
vn 0.704712 -1.3009e-17 0.709493
v -78.5739 -1 2.86645
vt -57.7677 -1
vt -57.5777 -1
vt -57.5777 7
f 4082/11366/1126 4083/11367/1126 4081/11368/1126 4080/11369/1126 

v -78.9898 7 2.92527
vt -78.6209 7
vn 0.140066 -9.78338e-18 0.990142
v -78.9898 -1 2.92527
vt -78.6209 -1
vt -78.2009 -1
vt -78.2009 7
f 4084/11370/1127 4085/11371/1127 4083/11372/1127 4082/11373/1127 

v -78.9898 7 13.0353
vt -13.0353 7
v -78.9898 -1 13.0353
vt -13.0353 -1
vt -2.92527 -1
vt -2.92527 7
f 4086/11374/1105 4087/11375/1105 4085/11376/1105 4084/11377/1105 

v -78.7098 7 13.0353
vt 78.7098 7
v -78.7098 -1 13.0353
vt 78.7098 -1
vt 78.9898 -1
vt 78.9898 7
f 4088/11378/1108 4089/11379/1108 4087/11380/1108 4086/11381/1108 

v -78.4027 7 13.4299
vt 37.5498 7
vn 0.789211 -2.62788e-18 -0.614122
v -78.4027 -1 13.4299
vt 37.5498 -1
vt 38.0498 -1
vt 38.0498 7
f 4090/11382/1128 4091/11383/1128 4089/11384/1128 4088/11385/1128 

v -78.1927 7 13.4299
vt 78.1927 7
v -78.1927 -1 13.4299
vt 78.1927 -1
vt 78.4027 -1
vt 78.4027 7
f 4092/11386/1108 4093/11387/1108 4091/11388/1108 4090/11389/1108 

v -78.0588 7 13.629
vt 32.2454 7
vn 0.829852 -3.50715e-18 -0.557983
v -78.0588 -1 13.629
vt 32.2454 -1
vt 32.4854 -1
vt 32.4854 7
f 4094/11390/1129 4095/11391/1129 4093/11392/1129 4092/11393/1129 

v -78.0588 7 13.979
vt -13.979 7
v -78.0588 -1 13.979
vt -13.979 -1
vt -13.629 -1
vt -13.629 7
f 4096/11394/1105 4097/11395/1105 4095/11396/1105 4094/11397/1105 

v -72.9888 7 13.979
vt 72.9888 7
v -72.9888 -1 13.979
vt 72.9888 -1
vt 78.0588 -1
vt 78.0588 7
f 4098/11398/1108 4099/11399/1108 4097/11400/1108 4096/11401/1108 

v -72.9888 7 15.9995
v -72.9888 -1 15.9995
f 4100/11282/1105 4101/11283/1105 4099/11395/1105 4098/11394/1105 

v -86.9988 7 15.9995
vt -86.9988 7
v -86.9988 -1 15.9995
vt -86.9988 -1
vt -72.9888 -1
vt -72.9888 7
f 4102/11402/1098 4103/11403/1098 4101/11404/1098 4100/11405/1098 

v -86.9988 7 13.979
vt 13.979 7
v -86.9988 -1 13.979
vt 13.979 -1
f 4104/11406/1099 4105/11407/1099 4103/11290/1099 4102/11291/1099 

v -82.0088 7 13.979
vt 82.0088 7
v -82.0088 -1 13.979
vt 82.0088 -1
vt 86.9988 -1
vt 86.9988 7
f 4106/11408/1108 4107/11409/1108 4105/11410/1108 4104/11411/1108 

v -81.9419 7 13.6457
vt 29.5026 7
vn -0.98045 1.13997e-17 -0.19677
v -81.9419 -1 13.6457
vt 29.5026 -1
vt 29.8426 -1
vt 29.8426 7
f 4108/11412/1130 4109/11413/1130 4107/11414/1130 4106/11415/1130 

v -81.8324 7 13.4904
vt 58.1741 7
vn -0.817344 1.29967e-17 -0.576151
v -81.8324 -1 13.4904
vt 58.1741 -1
vt 58.3641 -1
vt 58.3641 7
f 4110/11416/1131 4111/11417/1131 4109/11418/1131 4108/11419/1131 

v -81.7124 7 13.4904
vt 81.7124 7
v -81.7124 -1 13.4904
vt 81.7124 -1
vt 81.8324 -1
vt 81.8324 7
f 4112/11420/1108 4113/11421/1108 4111/11422/1108 4110/11423/1108 

v -81.6384 7 13.2621
vt 37.7761 7
vn -0.951327 1.20551e-17 -0.308183
v -81.6384 -1 13.2621
vt 37.7761 -1
vt 38.0161 -1
vt 38.0161 7
f 4114/11424/1132 4115/11425/1132 4113/11426/1132 4112/11427/1132 

v -81.3813 7 12.9823
vt 64.6283 7
vn -0.736268 1.30442e-17 -0.67669
v -81.3813 -1 12.9823
vt 64.6283 -1
vt 65.0083 -1
vt 65.0083 7
f 4116/11428/1133 4117/11429/1133 4115/11430/1133 4114/11431/1133 

v -81.0113 7 12.9823
vt 81.0113 7
v -81.0113 -1 12.9823
vt 81.0113 -1
vt 81.3813 -1
vt 81.3813 7
f 4118/11432/1108 4119/11433/1108 4117/11434/1108 4116/11435/1108 

v -81.0113 7 3.0123
vt 3.0123 7
v -81.0113 -1 3.0123
vt 3.0123 -1
vt 12.9823 -1
vt 12.9823 7
f 4120/11436/1099 4121/11437/1099 4119/11438/1099 4118/11439/1099 

v -81.1213 7 3.0123
vt -81.1213 7
v -81.1213 -1 3.0123
vt -81.1213 -1
vt -81.0113 -1
vt -81.0113 7
f 4122/11440/1098 4123/11441/1098 4121/11442/1098 4120/11443/1098 

v -81.2382 7 2.78009
vt -34.0645 7
vn -0.893089 5.05119e-18 0.449879
v -81.2382 -1 2.78009
vt -34.0645 -1
vt -33.8045 -1
vt -33.8045 7
f 4124/11444/1134 4125/11445/1134 4123/11446/1134 4122/11447/1134 

v -81.6756 7 2.67421
vt -78.7533 7
vn -0.235294 -5.90319e-18 0.971924
v -81.6756 -1 2.67421
vt -78.7533 -1
vt -78.3033 -1
vt -78.3033 7
f 4126/11448/1135 4127/11449/1135 4125/11450/1135 4124/11451/1135 

v -82.0185 7 2.4317
vt -65.5606 7
vn -0.577406 -1.1896e-18 0.816457
v -82.0185 -1 2.4317
vt -65.5606 -1
vt -65.1406 -1
vt -65.1406 7
f 4128/11452/1136 4129/11453/1136 4127/11454/1136 4126/11455/1136 

v -82.0185 7 2.0217
vt 2.0217 7
v -82.0185 -1 2.0217
vt 2.0217 -1
vt 2.4317 -1
vt 2.4317 7
f 4130/11456/1099 4131/11457/1099 4129/11458/1099 4128/11459/1099 

v -93.9785 7 2.0217
vt -93.9785 7
v -93.9785 -1 2.0217
vt -93.9785 -1
vt -82.0185 -1
vt -82.0185 7
f 4132/11460/1098 4133/11461/1098 4131/11462/1098 4130/11463/1098 

v -93.9785 7 2.1917
vt -2.1917 7
v -93.9785 -1 2.1917
vt -2.1917 -1
vt -2.0217 -1
vt -2.0217 7
f 4134/11464/1105 4135/11465/1105 4133/11466/1105 4132/11467/1105 

v -94.0668 7 2.27301
vt -70.7218 7
vn 0.677576 -1.29597e-17 0.735453
v -94.0668 -1 2.27301
vt -70.7218 -1
vt -70.6018 -1
vt -70.6018 7
f 4136/11468/1137 4137/11469/1137 4135/11470/1137 4134/11471/1137 

v -94.4354 7 2.47432
vt -84.0663 7
vn 0.47932 -1.21971e-17 0.87764
v -94.4354 -1 2.47432
vt -84.0663 -1
vt -83.6463 -1
vt -83.6463 7
f 4138/11472/1138 4139/11473/1138 4137/11474/1138 4136/11475/1138 

v -94.4354 7 2.72432
vt -2.72432 7
v -94.4354 -1 2.72432
vt -2.72432 -1
vt -2.47432 -1
vt -2.47432 7
f 4140/11476/1105 4141/11477/1105 4139/11478/1105 4138/11479/1105 

v -94.5843 7 2.88631
vt -66.1273 7
vn 0.736288 -1.30442e-17 0.676668
v -94.5843 -1 2.88631
vt -66.1273 -1
vt -65.9073 -1
vt -65.9073 7
f 4142/11480/1139 4143/11481/1139 4141/11482/1139 4140/11483/1139 

v -95.0143 7 2.88631
vt -95.0143 7
v -95.0143 -1 2.88631
vt -95.0143 -1
vt -94.5843 -1
vt -94.5843 7
f 4144/11484/1098 4145/11485/1098 4143/11486/1098 4142/11487/1098 

v -95.0143 7 13.0363
vt -13.0363 7
v -95.0143 -1 13.0363
vt -13.0363 -1
vt -2.88631 -1
vt -2.88631 7
f 4146/11488/1105 4147/11489/1105 4145/11490/1105 4144/11491/1105 

v -94.7143 7 13.0363
vt 94.7143 7
v -94.7143 -1 13.0363
vt 94.7143 -1
vt 95.0143 -1
vt 95.0143 7
f 4148/11492/1108 4149/11493/1108 4147/11494/1108 4146/11495/1108 

v -94.4205 7 13.4159
vt 47.1718 7
vn 0.790883 -2.66275e-18 -0.611967
v -94.4205 -1 13.4159
vt 47.1718 -1
vt 47.6518 -1
vt 47.6518 7
f 4150/11496/1140 4151/11497/1140 4149/11498/1140 4148/11499/1140 

v -94.2005 7 13.4159
vt 94.2005 7
v -94.2005 -1 13.4159
vt 94.2005 -1
vt 94.4205 -1
vt 94.4205 7
f 4152/11500/1108 4153/11501/1108 4151/11502/1108 4150/11503/1108 

v -94.0587 7 13.6095
vt 44.6098 7
vn 0.806675 -2.99726e-18 -0.590996
v -94.0587 -1 13.6095
vt 44.6098 -1
vt 44.8498 -1
vt 44.8498 7
f 4154/11504/1141 4155/11505/1141 4153/11506/1141 4152/11507/1141 

v -94.0587 7 14.0195
vt -14.0195 7
v -94.0587 -1 14.0195
vt -14.0195 -1
vt -13.6095 -1
vt -13.6095 7
f 4156/11508/1105 4157/11509/1105 4155/11510/1105 4154/11511/1105 

v -89.0187 7 14.0195
vt 89.0187 7
v -89.0187 -1 14.0195
vt 89.0187 -1
vt 94.0587 -1
vt 94.0587 7
f 4158/11512/1108 4159/11513/1108 4157/11514/1108 4156/11515/1108 

v -89.0187 7 15.9995
v -89.0187 -1 15.9995
f 4160/11282/1105 4161/11283/1105 4159/11509/1105 4158/11508/1105 

v -96.0087 7 15.9995
vt -96.0087 7
v -96.0087 -2.16573e-15 15.9995
vt -96.0087 -2.16573e-15
v -96.0087 -1 15.9995
vt -96.0087 -1
vt -89.0187 -1
vt -89.0187 7
f 4162/11516/7 4163/11517/7 4164/11518/7 4161/11519/7 4160/11520/7 

v -96.0087 7 -5.24047
vt -5.24047 7
v -96.0087 -1 -5.24047
vt -5.24047 -1
vt 15.9995 -2.16573e-15
f 4165/11521/3 4166/11522/3 4164/11290/3 4163/11523/3 4162/11291/3 

v -95.3834 7 -5.9153
vt 60.4913 7
vn -0.733508 0 -0.679681
v -95.3834 -1 -5.9153
vt 60.4913 -1
vt 61.4113 -1
vt 61.4113 7
f 4167/11524/1142 4168/11525/1142 4166/11526/1142 4165/11527/1142 

v -94.7134 7 -5.9153
vt 94.7134 7
v -94.7134 -1 -5.9153
vt 94.7134 -1
vt 95.3834 -1
vt 95.3834 7
f 4169/11528/5 4170/11529/5 4168/11530/5 4167/11531/5 

v -94.3964 7 -5.52857
vt 64.1103 7
vn 0.773447 0 -0.633861
v -94.3964 -1 -5.52857
vt 64.1103 -1
vt 64.6103 -1
vt 64.6103 7
f 4171/11532/1143 4172/11533/1143 4170/11534/1143 4169/11535/1143 

v -94.2064 7 -5.52857
vt 94.2064 7
v -94.2064 -1 -5.52857
vt 94.2064 -1
vt 94.3964 -1
vt 94.3964 7
f 4173/11536/5 4174/11537/5 4172/11538/5 4171/11539/5 

v -94.0534 7 -5.31837
vt 59.6525 7
vn 0.80848 0 -0.588524
v -94.0534 -1 -5.31837
vt 59.6525 -1
vt 59.9125 -1
vt 59.9125 7
f 4175/11540/1144 4176/11541/1144 4174/11542/1144 4173/11543/1144 

v -93.9705 7 -4.85574
vt 21.3596 7
vn 0.984312 -4.78855e-19 -0.176438
v -93.9705 -1 -4.85574
vt 21.3596 -1
vt 21.8296 -1
vt 21.8296 7
f 4177/11544/1145 4178/11545/1145 4176/11546/1145 4175/11547/1145 

v -93.6705 7 -4.85574
vt 93.6705 7
v -93.6705 -1 -4.85574
vt 93.6705 -1
vt 93.9705 -1
vt 93.9705 7
f 4179/11548/5 4180/11549/5 4178/11550/5 4177/11551/5 

v -92.9884 7 -4.31569
vt 75.5829 7
vn 0.620747 0 -0.784011
v -92.9884 -1 -4.31569
vt 75.5829 -1
vt 76.4529 -1
vt 76.4529 7
f 4181/11552/1146 4182/11553/1146 4180/11554/1146 4179/11555/1146 

v -92.9884 7 -1.98569
vt 1.98569 7
v -92.9884 -1 -1.98569
vt 1.98569 -1
vt 4.31569 -1
vt 4.31569 7
f 4183/11556/1 4184/11557/1 4182/11558/1 4181/11559/1 

v -82.9484 7 -1.98569
vt 82.9484 7
v -82.9484 -1 -1.98569
vt 82.9484 -1
vt 92.9884 -1
vt 92.9884 7
f 4185/11560/5 4186/11561/5 4184/11562/5 4183/11563/5 

v -82.9484 7 -6.29747
vt -6.29747 7
v -82.9484 -1 -6.29747
vt -6.29747 -1
vt -1.98569 -1
vt -1.98569 7
f 4187/11564/3 4188/11565/3 4186/11566/3 4185/11567/3 

v -82.3594 7 -6.89636
vt 52.833 7
vn -0.712971 0 -0.701193
v -82.3594 -1 -6.89636
vt 52.833 -1
vt 53.673 -1
vt 53.673 7
f 4189/11568/1147 4190/11569/1147 4188/11570/1147 4187/11571/1147 

v -78.6794 7 -6.89636
vt 78.6794 7
v -78.6794 -1 -6.89636
vt 78.6794 -1
vt 82.3594 -1
vt 82.3594 7
f 4191/11572/5 4192/11573/5 4190/11574/5 4189/11575/5 

v -78.01 7 -6.29479
vt 62.2305 7
vn 0.668415 2.02754e-18 -0.743788
v -78.01 -1 -6.29479
vt 62.2305 -1
vt 63.1305 -1
vt 63.1305 7
f 4193/11576/1148 4194/11577/1148 4192/11578/1148 4191/11579/1148 

v -78.01 7 -1.98569
v -78.01 -1 -1.98569
vt 6.29479 -1
vt 6.29479 7
f 4195/11556/1 4196/11557/1 4194/11580/1 4193/11581/1 

v -66 7 -1.98569
vt 66 7
v -66 -1 -1.98569
vt 78.01 -1
vt 78.01 7
f 4197/11582/5 4198/11050/5 4196/11583/5 4195/11584/5 

f 3916/11045/3 3915/11044/3 4198/11566/3 4197/11567/3 

vt 44.0181 11.9894
vn -9.43487e-18 -1 -8.15085e-18
vt 44.0181 8.03236
vt 49.0159 8.03236
vt 49.0159 11.9824
vt 49.1259 11.9824
vt 49.2641 12.2373
vt 49.6583 12.3052
vt 50.0101 12.5694
vt 50.0101 13.9794
vt 62.0001 13.9794
vt 62.0587 13.7261
vt 62.4531 13.4894
vt 62.4531 13.2594
vt 62.7431 13.1824
vt 62.7431 12.6924
vt 62.9964 12.3574
vt 62.9964 4.02739
vt 62.6864 4.02739
vt 62.4046 3.63881
vt 62.2046 3.63881
vt 62.0523 3.44056
vt 62.0523 3.00056
vt 56.0162 3.00056
vt 56.0162 -1.99944
vt 61.9726 -1.99944
vt 62.0523 -2.30935
vt 62.4337 -2.50784
vt 62.4337 -2.71784
vt 62.5759 -2.85854
vt 62.9832 -2.90553
vt 62.9832 -13.0255
vt 62.7132 -13.0255
vt 62.397 -13.4257
vt 62.207 -13.4257
vt 62.055 -13.6242
vt 62.055 -14.0042
vt 57.005 -14.0042
vt 57.005 -15.9995
vt 70.995 -15.9995
vt 70.995 -14.0042
vt 65.965 -14.0042
vt 65.965 -13.6442
vt 65.8235 -13.4758
vt 65.7035 -13.4758
vt 65.633 -13.2464
vt 65.3759 -12.9944
vt 65.0159 -12.9944
vt 65.0159 -3.0044
vt 65.1259 -3.0044
vt 65.2523 -2.77724
vt 65.6854 -2.6994
vt 65.8351 -2.52475
vt 65.9351 -2.52475
vt 66.0177 -2.42438
vt 66.0177 -2.02438
vt 77.9677 -2.02438
vt 78.0672 -2.29676
vt 78.4391 -2.51255
vt 78.4391 -2.73255
vt 78.5739 -2.86645
vt 78.9898 -2.92527
vt 78.9898 -13.0353
vt 78.7098 -13.0353
vt 78.4027 -13.4299
vt 78.1927 -13.4299
vt 78.0588 -13.629
vt 78.0588 -13.979
vt 72.9888 -13.979
vt 72.9888 -15.9995
vt 86.9988 -15.9995
vt 86.9988 -13.979
vt 82.0088 -13.979
vt 81.9419 -13.6457
vt 81.8324 -13.4904
vt 81.7124 -13.4904
vt 81.6384 -13.2621
vt 81.3813 -12.9823
vt 81.0113 -12.9823
vt 81.0113 -3.0123
vt 81.1213 -3.0123
vt 81.2382 -2.78009
vt 81.6756 -2.67421
vt 82.0185 -2.4317
vt 82.0185 -2.0217
vt 93.9785 -2.0217
vt 93.9785 -2.1917
vt 94.0668 -2.27301
vt 94.4354 -2.47432
vt 94.4354 -2.72432
vt 94.5843 -2.88631
vt 95.0143 -2.88631
vt 95.0143 -13.0363
vt 94.7143 -13.0363
vt 94.4205 -13.4159
vt 94.2005 -13.4159
vt 94.0587 -13.6095
vt 94.0587 -14.0195
vt 89.0187 -14.0195
vt 89.0187 -15.9995
vt 96.0087 -15.9995
vt 96.0087 5.24047
vt 95.3834 5.9153
vt 94.7134 5.9153
vt 94.3964 5.52857
vt 94.2064 5.52857
vt 94.0534 5.31837
vt 93.9705 4.85574
vt 93.6705 4.85574
vt 92.9884 4.31569
vt 92.9884 1.98569
vt 82.9484 1.98569
vt 82.9484 6.29747
vt 82.3594 6.89636
vt 78.6794 6.89636
vt 78.01 6.29479
vt 78.01 1.98569
vt 66 1.98569
vt 66 14.0057
vt 66 17.9857
vt 61 17.9857
vt 60.9407 18.3712
vt 60.3718 19.0161
vt 59.6746 18.9535
vt 59.4142 18.5865
vt 59.1842 18.5865
vt 59.0552 18.3608
vt 59.0552 18.0196
vt 57.7067 17.9543
vt 57.4219 17.5931
vt 57.2019 17.5931
vt 57.002 17.3432
vt 56.8224 17.4869
vt 56.7224 17.4869
vt 56.681 17.6414
vt 56.377 17.9998
vt 51.707 17.9998
vt 51.4179 17.5796
vt 51.1779 17.5796
vt 50.9977 17.3274
vt 50.3672 18.0394
vt 44.0181 18.0394
f 3961/11585/1149 3966/11586/1149 3969/11587/1149 3971/11588/1149 3973/11589/1149 3975/11590/1149 3977/11591/1149 3979/11592/1149 3981/11593/1149 3983/11594/1149 3985/11595/1149 3987/11596/1149 3989/11597/1149 3991/11598/1149 3993/11599/1149 3995/11600/1149 3997/11601/1149 3999/11602/1149 4001/11603/1149 4003/11604/1149 4005/11605/1149 4007/11606/1149 4009/11607/1149 4011/11608/1149 4013/11609/1149 4015/11610/1149 4017/11611/1149 4019/11612/1149 4021/11613/1149 4023/11614/1149 4025/11615/1149 4027/11616/1149 4029/11617/1149 4031/11618/1149 4033/11619/1149 4035/11620/1149 4037/11621/1149 4039/11622/1149 4041/11623/1149 4043/11624/1149 4045/11625/1149 4047/11626/1149 4049/11627/1149 4051/11628/1149 4053/11629/1149 4055/11630/1149 4057/11631/1149 4059/11632/1149 4061/11633/1149 4063/11634/1149 4065/11635/1149 4067/11636/1149 4069/11637/1149 4071/11638/1149 4073/11639/1149 4075/11640/1149 4077/11641/1149 4079/11642/1149 4081/11643/1149 4083/11644/1149 4085/11645/1149 4087/11646/1149 4089/11647/1149 4091/11648/1149 4093/11649/1149 4095/11650/1149 4097/11651/1149 4099/11652/1149 4101/11653/1149 4103/11654/1149 4105/11655/1149 4107/11656/1149 4109/11657/1149 4111/11658/1149 4113/11659/1149 4115/11660/1149 4117/11661/1149 4119/11662/1149 4121/11663/1149 4123/11664/1149 4125/11665/1149 4127/11666/1149 4129/11667/1149 4131/11668/1149 4133/11669/1149 4135/11670/1149 4137/11671/1149 4139/11672/1149 4141/11673/1149 4143/11674/1149 4145/11675/1149 4147/11676/1149 4149/11677/1149 4151/11678/1149 4153/11679/1149 4155/11680/1149 4157/11681/1149 4159/11682/1149 4161/11683/1149 4164/11684/1149 4166/11685/1149 4168/11686/1149 4170/11687/1149 4172/11688/1149 4174/11689/1149 4176/11690/1149 4178/11691/1149 4180/11692/1149 4182/11693/1149 4184/11694/1149 4186/11695/1149 4188/11696/1149 4190/11697/1149 4192/11698/1149 4194/11699/1149 4196/11700/1149 4198/11701/1149 3915/11702/1149 3914/11703/1149 3919/11704/1149 3921/11705/1149 3923/11706/1149 3925/11707/1149 3927/11708/1149 3929/11709/1149 3931/11710/1149 3933/11711/1149 3935/11712/1149 3937/11713/1149 3939/11714/1149 3941/11715/1149 3943/11716/1149 3945/11717/1149 3947/11718/1149 3949/11719/1149 3951/11720/1149 3953/11721/1149 3955/11722/1149 3957/11723/1149 3959/11724/1149 3960/11725/1149 

usemtl FrontColor
v -113.044 -1 13.9766
vt -4450.55 -550.262
vn -9.76825e-18 1 -4.26871e-18
v -98.0187 -1 13.9766
vt -3859 -550.262
v -98.0187 -1 15.9995
vt -3859 -629.903
vt -3779.87 -629.903
vt -3779.87 206.318
vt -3755.25 232.886
vt -3728.87 232.886
vt -3716.4 217.66
vt -3708.91 217.66
vt -3702.89 209.385
vt -3699.63 191.171
vt -3687.81 191.171
vt -3660.96 169.909
vt -3660.96 78.1768
vt -3265.69 78.1768
vt -3265.69 247.932
vt -3242.5 271.51
vt -3097.61 271.51
vt -3071.26 247.826
vt -3071.26 78.1768
vt -2598.42 78.1768
vt -2598.42 551.405
v -67 -1 -14.0057
vt -2637.8 551.405
v -72.9963 -1 -14.0057
vt -2873.87 551.405
vt -2913.24 551.405
vt -3070.33 551.405
vt -3070.33 384.679
vt -3088.54 373.705
vt -3088.54 364.65
vt -3093.45 360.102
vt -3112.63 354.184
vt -3233.11 354.184
vt -3237.46 363.012
vt -3253.74 365.902
vt -3260.15 372.846
vt -3267.35 376.905
vt -3267.35 394.228
vt -3272.07 394.228
vt -3277.43 403.863
vt -3285.3 403.863
vt -3316.3 445.083
vt -3332.81 445.083
vt -3346.01 455.676
vt -3346.01 550.558
vt -3350.74 550.558
vt -3356.25 560.106
vt -3372.48 563.264
vt -3378.84 570.769
vt -3381.99 570.769
vt -3388.44 578.725
vt -3402.77 570.488
vt -3402.77 561.826
vt -3407.88 556.913
vt -3427.7 553.703
vt -3427.7 460.909
vt -3441.92 453.274
vt -3441.92 443.825
vt -3448.44 438.121
vt -3465.37 432.915
vt -3504.74 432.915
vt -3504.74 392.87
vt -3547.66 392.87
vt -3554.19 403.643
vt -3569.22 406.761
vt -3583.16 416.38
vt -3583.16 432.915
vt -3587.09 432.915
vt -3592.47 442.085
vt -3609.19 444.752
vt -3621.96 455.25
vt -3621.96 471.786
vt -3626.69 471.786
vt -3632.26 481.749
vt -3649.09 485.872
vt -3665.86 498.291
vt -3679.11 492.245
vt -3679.11 483.584
vt -3684.62 478.524
vt -3700.38 475.063
vt -3703.95 460.128
vt -3717.85 452.735
vt -3717.85 444.467
vt -3723.69 438.617
vt -3733.14 438.617
vt -3739.3 432.524
vt -3744.42 432.524
vt -3750.04 442.462
vt -3766.74 445.242
vt -3772.9 453.902
vt -3779.59 453.902
vt -3779.59 1259.81
vt -3859.52 1259.81
vt -3859.52 1180.28
vt -4919.35 1180.28
vt -4924.51 1167.93
vt -4937.37 1161.09
vt -4937.37 1152.82
vt -4944.45 1144.89
vt -4960.19 1144.89
vt -4960.19 -512.987
vt -4951.93 -512.987
vt -4936.77 -529.002
vt -4924.18 -529.002
vt -4924.18 -550.262
vt -4486.77 -550.262
f 4199/11726/1150 4200/11727/1150 4201/11728/1150 4164/11729/1150 4166/11730/1150 4168/11731/1150 4170/11732/1150 4172/11733/1150 4174/11734/1150 4176/11735/1150 4178/11736/1150 4180/11737/1150 4182/11738/1150 4184/11739/1150 4186/11740/1150 4188/11741/1150 4190/11742/1150 4192/11743/1150 4194/11744/1150 4196/11745/1150 4198/11746/1150 3915/11747/1150 4202/11748/1150 4203/11749/1150 2427/11750/1150 2430/11751/1150 2431/11752/1150 2432/11753/1150 2433/11754/1150 2434/11755/1150 2435/11756/1150 2436/11757/1150 2437/11758/1150 2438/11759/1150 2439/11760/1150 2440/11761/1150 2441/11762/1150 2442/11763/1150 2443/11764/1150 2444/11765/1150 2445/11766/1150 2446/11767/1150 2447/11768/1150 2448/11769/1150 2449/11770/1150 2450/11771/1150 2451/11772/1150 2452/11773/1150 2453/11774/1150 2454/11775/1150 2455/11776/1150 2456/11777/1150 2457/11778/1150 2458/11779/1150 2459/11780/1150 2460/11781/1150 2461/11782/1150 2462/11783/1150 2463/11784/1150 2473/11785/1150 2475/11786/1150 2476/11787/1150 2477/11788/1150 2478/11789/1150 2479/11790/1150 2480/11791/1150 2481/11792/1150 2482/11793/1150 2483/11794/1150 2484/11795/1150 2485/11796/1150 2486/11797/1150 2487/11798/1150 2488/11799/1150 2489/11800/1150 2490/11801/1150 2491/11802/1150 2492/11803/1150 2493/11804/1150 2494/11805/1150 2495/11806/1150 2496/11807/1150 2497/11808/1150 2498/11809/1150 2499/11810/1150 2500/11811/1150 2501/11812/1150 2502/11813/1150 2503/11814/1150 2504/11815/1150 2505/11816/1150 2508/11817/1150 2510/11818/1150 2512/11819/1150 2514/11820/1150 2516/11821/1150 2518/11822/1150 2520/11823/1150 2522/11824/1150 2524/11825/1150 2526/11826/1150 2528/11827/1150 2530/11828/1150 2532/11829/1150 2535/11830/1150 

usemtl _5
v -98.0187 3 13.9766
vt 98.0187 3
vt 98.0187 -1
vt 113.044 -1
v -113.044 -2.43645e-15 13.9766
vt 113.044 -2.43645e-15
v -113.044 3 13.9766
vt 113.044 3
f 4204/11831/5 4200/11832/5 4199/11833/5 4205/11834/5 4206/11835/5 

v -98.0187 3 15.9995
vt -15.9995 3
v -98.0187 -2.16573e-15 15.9995
vt -15.9995 -2.16573e-15
f 4207/11836/1 4208/11837/1 4201/11283/1 4200/4316/1 4204/4315/1 

v -111.999 3 15.9995
vt -111.999 3
v -111.999 -1 15.9995
vt -111.999 -1
vt -98.0187 -1
vt -98.0187 -2.16573e-15
vt -98.0187 3
f 4209/11838/7 4210/11839/7 4201/11840/7 4208/11841/7 4207/11842/7 

v -111.999 3 32.0095
vn 1 1.27223e-17 -0
v -111.999 -1 32.0095
f 4211/4329/1151 4212/4330/1151 4210/11283/1151 4209/11836/1151 

v -113.929 3 32.0095
vt -113.929 3
vn 0 1.22034e-17 1
v -113.929 -1 32.0095
vt -113.929 -1
f 4213/11843/1152 4214/11844/1152 4212/11839/1152 4211/11838/1152 

v -113.929 3 28.1295
vt 28.1295 3
vn -1 -1.27223e-17 -0
v -113.929 -1 28.1295
vt 28.1295 -1
f 4215/11845/1153 4216/11846/1153 4214/4336/1153 4213/4337/1153 

v -113.776 3 27.9859
vt 102.131 3
vn -0.684107 -1.76043e-17 -0.729381
v -113.776 -1 27.9859
vt 102.131 -1
vt 102.341 -1
vt 102.341 3
f 4217/11847/1154 4218/11848/1154 4216/11849/1154 4215/11850/1154 

v -113.044 3 27.9859
vn 0 -1.22034e-17 -1
v -113.044 -1 27.9859
vt 113.776 -1
vt 113.776 3
f 4219/11835/1155 4220/11833/1155 4218/11851/1155 4217/11852/1155 

v -113.044 3 21.0066
vt 21.0066 3
vn -1 -1.27223e-17 4.93485e-34
v -113.044 -1 21.0066
vt 21.0066 -1
vt 27.9859 -1
vt 27.9859 3
f 4221/11853/1156 4222/11854/1156 4220/11855/1156 4219/11856/1156 

vt 13.9766 3
vt 13.9766 -2.43645e-15
vt 13.9766 -1
f 4206/11857/3 4205/11858/3 4199/11859/3 4222/11854/3 4221/11853/3 

usemtl FrontColor
vt 4486.77 -9.59233e-14
vt 4450.55 -9.59233e-14
vt 4450.55 -39.3701
vt 4486.77 -39.3701
f 2534/11860/5 4205/11861/5 4199/11862/5 2535/11863/5 

usemtl _5
vt 113.044 -27.9859
vn 1.14371e-17 -1 2.98663e-17
vt 113.044 -21.0066
vt 113.044 -13.9766
vt 98.0187 -13.9766
vt 98.0187 -15.9995
vt 111.999 -15.9995
vt 111.999 -32.0095
vt 113.929 -32.0095
vt 113.929 -28.1295
vt 113.776 -27.9859
f 4220/11864/1157 4222/11865/1157 4199/11866/1157 4200/11867/1157 4201/11868/1157 4210/11869/1157 4212/11870/1157 4214/11871/1157 4216/11872/1157 4218/11873/1157 

vt -113.044 -21.0066
vn -1.27223e-17 1 -1.22034e-17
vt -113.044 -27.9859
vt -113.776 -27.9859
vt -113.929 -28.1295
vt -113.929 -32.0095
vt -111.999 -32.0095
vt -111.999 -15.9995
vt -98.0187 -15.9995
vt -98.0187 -13.9766
vt -113.044 -13.9766
f 4221/11874/1158 4219/11875/1158 4217/11876/1158 4215/11877/1158 4213/11878/1158 4211/11879/1158 4209/11880/1158 4207/11881/1158 4204/11882/1158 4206/11883/1158 

usemtl FrontColor
vt 3859 -8.52651e-14
vt 3779.87 -8.52651e-14
vt 3779.87 -39.3701
vt 3859 -39.3701
f 4208/11884/5 4163/11885/5 4164/11886/5 4201/11887/5 

usemtl _4
vt -72.9963 13
vt -72.9963 -1
vt -67 -1
vt -67 -2.16573e-15
vt -67 13
f 1197/11888/7 4203/11889/7 4202/11890/7 3911/11891/7 1198/11892/7 

vt -14.0057 13
vt -18.0091 13
vt -18.0091 1
vt -18.0091 -1
v -72.9963 -1.89 -18.0091
vt -18.0091 -1.89
v -72.9963 -1.89 -14.0057
vt -14.0057 -1.89
f 1197/11893/3 1196/11894/3 2398/11895/3 2426/11896/3 4223/11897/3 4224/11898/3 4203/11044/3 

vn 0 3.60652e-16 1
vt -73.9963 -1.89
vt -72.9963 -1.89
f 2426/11889/1159 2425/3990/1159 2429/11899/1159 4223/11900/1159 

vn 0 1 -3.60652e-16
f 2428/3918/1160 4224/2576/1160 4223/2575/1160 2429/3919/1160 

vt 73.9963 -1
vn 0 -3.60652e-16 -1
vt 72.9963 -1
vt 72.9963 -1.89
vt 73.9963 -1.89
f 2427/11901/1161 4203/11902/1161 4224/11903/1161 2428/11904/1161 

vt 89.0205 -1.75
vt 89.0205 -1
vt 88.0205 -1
vt 88.0205 -1.75
f 2474/11905/243 2473/11906/243 2463/11907/243 2466/11908/243 

vn 1.44382e-15 1 -2.06482e-16
f 2465/3883/1162 2472/3878/1162 2474/3877/1162 2466/3884/1162 

usemtl _5
vt 128 -32.0095
vn 8.20468e-19 -1 -2.01978e-18
vt 128 32
vt 98.0317 31.9991
vt 98.0317 29.9791
vt 124.952 29.9791
vt 125.082 29.6653
vt 125.409 29.4916
vt 125.409 29.2816
vt 125.589 29.0801
vt 125.989 29.0801
vt 125.989 -13.0299
vt 125.779 -13.0299
vt 125.394 -13.4366
vt 125.074 -13.4366
vt 125.074 -13.9766
vt 113.964 -13.9766
vt 113.964 -21.0066
vt 125.994 -21.0066
vt 125.994 -32.0095
f 2543/11909/1163 2546/11910/1163 2508/11911/1163 2510/11912/1163 2512/11913/1163 2514/11914/1163 2516/11915/1163 2518/11916/1163 2520/11917/1163 2522/11918/1163 2524/11919/1163 2526/11920/1163 2528/11921/1163 2530/11922/1163 2532/11923/1163 2535/11924/1163 2537/11925/1163 2539/11926/1163 2541/11927/1163 

vt 128.001 -2.09266e-15
vn 3.00211e-05 -1.74782e-21 -1
vt 98.0327 -2.16576e-15
vt 98.0327 -1
vt 128.001 -1
f 2545/11928/1164 2507/11929/1164 2508/11930/1164 2546/11931/1164 

usemtl _4
vt -44.0181 8.03236
vn -3.05402e-19 1 6.14252e-17
vt -44.0181 11.9894
vt -44.0181 18.0394
v -50.3672 7 -18.0394
vt -50.3672 18.0394
v -50.9977 7 -17.3274
vt -50.9977 17.3274
v -51.1779 7 -17.5796
vt -51.1779 17.5796
v -51.4179 7 -17.5796
vt -51.4179 17.5796
v -51.707 7 -17.9998
vt -51.707 17.9998
v -56.377 7 -17.9998
vt -56.377 17.9998
v -56.681 7 -17.6414
vt -56.681 17.6414
v -56.7224 7 -17.4869
vt -56.7224 17.4869
v -56.8224 7 -17.4869
vt -56.8224 17.4869
v -57.002 7 -17.3432
vt -57.002 17.3432
v -57.2019 7 -17.5931
vt -57.2019 17.5931
v -57.4219 7 -17.5931
vt -57.4219 17.5931
v -57.7067 7 -17.9543
vt -57.7067 17.9543
v -59.0552 7 -18.0196
vt -59.0552 18.0196
v -59.0552 7 -18.3608
vt -59.0552 18.3608
v -59.1842 7 -18.5865
vt -59.1842 18.5865
v -59.4142 7 -18.5865
vt -59.4142 18.5865
v -59.6746 7 -18.9535
vt -59.6746 18.9535
v -60.3718 7 -19.0161
vt -60.3718 19.0161
v -60.9407 7 -18.3712
vt -60.9407 18.3712
v -61 7 -17.9857
vt -61 17.9857
vt -66 17.9857
vt -66 14.0057
vt -66 1.98569
vt -78.01 1.98569
vt -78.01 6.29479
vt -78.6794 6.89636
vt -82.3594 6.89636
vt -82.9484 6.29747
vt -82.9484 1.98569
vt -92.9884 1.98569
vt -92.9884 4.31569
vt -93.6705 4.85574
vt -93.9705 4.85574
vt -94.0534 5.31837
vt -94.2064 5.52857
vt -94.3964 5.52857
vt -94.7134 5.9153
vt -95.3834 5.9153
vt -96.0087 5.24047
vt -96.0087 -15.9995
vt -89.0187 -15.9995
vt -89.0187 -14.0195
vt -94.0587 -14.0195
vt -94.0587 -13.6095
vt -94.2005 -13.4159
vt -94.4205 -13.4159
vt -94.7143 -13.0363
vt -95.0143 -13.0363
vt -95.0143 -2.88631
vt -94.5843 -2.88631
vt -94.4354 -2.72432
vt -94.4354 -2.47432
vt -94.0668 -2.27301
vt -93.9785 -2.1917
vt -93.9785 -2.0217
vt -82.0185 -2.0217
vt -82.0185 -2.4317
vt -81.6756 -2.67421
vt -81.2382 -2.78009
vt -81.1213 -3.0123
vt -81.0113 -3.0123
vt -81.0113 -12.9823
vt -81.3813 -12.9823
vt -81.6384 -13.2621
vt -81.7124 -13.4904
vt -81.8324 -13.4904
vt -81.9419 -13.6457
vt -82.0088 -13.979
vt -86.9988 -13.979
vt -86.9988 -15.9995
vt -72.9888 -15.9995
vt -72.9888 -13.979
vt -78.0588 -13.979
vt -78.0588 -13.629
vt -78.1927 -13.4299
vt -78.4027 -13.4299
vt -78.7098 -13.0353
vt -78.9898 -13.0353
vt -78.9898 -2.92527
vt -78.5739 -2.86645
vt -78.4391 -2.73255
vt -78.4391 -2.51255
vt -78.0672 -2.29676
vt -77.9677 -2.02438
vt -66.0177 -2.02438
vt -66.0177 -2.42438
vt -65.9351 -2.52475
vt -65.8351 -2.52475
vt -65.6854 -2.6994
vt -65.2523 -2.77724
vt -65.1259 -3.0044
vt -65.0159 -3.0044
vt -65.0159 -12.9944
vt -65.3759 -12.9944
vt -65.633 -13.2464
vt -65.7035 -13.4758
vt -65.8235 -13.4758
vt -65.965 -13.6442
vt -65.965 -14.0042
vt -70.995 -14.0042
vt -70.995 -15.9995
vt -57.005 -15.9995
vt -57.005 -14.0042
vt -62.055 -14.0042
vt -62.055 -13.6242
vt -62.207 -13.4257
vt -62.397 -13.4257
vt -62.7132 -13.0255
vt -62.9832 -13.0255
vt -62.9832 -2.90553
vt -62.5759 -2.85854
vt -62.4337 -2.71784
vt -62.4337 -2.50784
vt -62.0523 -2.30935
vt -61.9726 -1.99944
vt -56.0162 -1.99944
vt -56.0162 3.00056
vt -62.0523 3.00056
vt -62.0523 3.44056
vt -62.2046 3.63881
vt -62.4046 3.63881
vt -62.6864 4.02739
vt -62.9964 4.02739
vt -62.9964 12.3574
vt -62.7431 12.6924
vt -62.7431 13.1824
vt -62.4531 13.2594
vt -62.4531 13.4894
vt -62.0587 13.7261
vt -62.0001 13.9794
vt -50.0101 13.9794
vt -50.0101 12.5694
vt -49.6583 12.3052
vt -49.2641 12.2373
vt -49.1259 11.9824
vt -49.0159 11.9824
vt -49.0159 8.03236
f 3967/11932/1165 3964/11933/1165 3963/11934/1165 4225/11935/1165 4226/11936/1165 4227/11937/1165 4228/11938/1165 4229/11939/1165 4230/11940/1165 4231/11941/1165 4232/11942/1165 4233/11943/1165 4234/11944/1165 4235/11945/1165 4236/11946/1165 4237/11947/1165 4238/11948/1165 4239/11949/1165 4240/11950/1165 4241/11951/1165 4242/11952/1165 4243/11953/1165 4244/11954/1165 4245/11955/1165 3917/11956/1165 3916/11957/1165 4197/11958/1165 4195/11959/1165 4193/11960/1165 4191/11961/1165 4189/11962/1165 4187/11963/1165 4185/11964/1165 4183/11965/1165 4181/11966/1165 4179/11967/1165 4177/11968/1165 4175/11969/1165 4173/11970/1165 4171/11971/1165 4169/11972/1165 4167/11973/1165 4165/11974/1165 4162/11975/1165 4160/11976/1165 4158/11977/1165 4156/11978/1165 4154/11979/1165 4152/11980/1165 4150/11981/1165 4148/11982/1165 4146/11983/1165 4144/11984/1165 4142/11985/1165 4140/11986/1165 4138/11987/1165 4136/11988/1165 4134/11989/1165 4132/11990/1165 4130/11991/1165 4128/11992/1165 4126/11993/1165 4124/11994/1165 4122/11995/1165 4120/11996/1165 4118/11997/1165 4116/11998/1165 4114/11999/1165 4112/12000/1165 4110/12001/1165 4108/12002/1165 4106/12003/1165 4104/12004/1165 4102/12005/1165 4100/12006/1165 4098/12007/1165 4096/12008/1165 4094/12009/1165 4092/12010/1165 4090/12011/1165 4088/12012/1165 4086/12013/1165 4084/12014/1165 4082/12015/1165 4080/12016/1165 4078/12017/1165 4076/12018/1165 4074/12019/1165 4072/12020/1165 4070/12021/1165 4068/12022/1165 4066/12023/1165 4064/12024/1165 4062/12025/1165 4060/12026/1165 4058/12027/1165 4056/12028/1165 4054/12029/1165 4052/12030/1165 4050/12031/1165 4048/12032/1165 4046/12033/1165 4044/12034/1165 4042/12035/1165 4040/12036/1165 4038/12037/1165 4036/12038/1165 4034/12039/1165 4032/12040/1165 4030/12041/1165 4028/12042/1165 4026/12043/1165 4024/12044/1165 4022/12045/1165 4020/12046/1165 4018/12047/1165 4016/12048/1165 4014/12049/1165 4012/12050/1165 4010/12051/1165 4008/12052/1165 4006/12053/1165 4004/12054/1165 4002/12055/1165 4000/12056/1165 3998/12057/1165 3996/12058/1165 3994/12059/1165 3992/12060/1165 3990/12061/1165 3988/12062/1165 3986/12063/1165 3984/12064/1165 3982/12065/1165 3980/12066/1165 3978/12067/1165 3976/12068/1165 3974/12069/1165 3972/12070/1165 3970/12071/1165 3968/12072/1165 

vt 44.0181 1
v -50.3672 1 -18.0394
vt 50.3672 1
vt 50.3672 7
vt 44.0181 7
f 3962/12073/5 4246/12074/5 4225/12075/5 3963/12076/5 

usemtl Color_C02
v -41.0057 1 -30.8041
vt -1614.4 1212.76
vn 1.4172e-18 1 3.40624e-18
v -41.4364 1 -30.4778
vt -1631.35 1199.91
v -41.4364 1 -30.2678
vt -1631.35 1191.64
v -41.5776 1 -30.1261
vt -1636.91 1186.07
v -41.8476 1 -30.1261
vt -1647.54 1186.07
v -42.0395 1 -29.9942
vt -1655.1 1180.88
vt -1732.85 1180.88
vt -1772.22 1180.88
v -50.1243 1 -29.9942
vt -1973.4 1180.88
v -50.2862 1 -30.2348
vt -1979.77 1190.35
v -50.6998 1 -30.3081
vt -1996.05 1193.23
v -51.0141 1 -30.5713
vt -2008.43 1203.59
v -51.0141 1 -30.7613
vt -2008.43 1211.08
v -51.4573 1 -30.4706
vt -2025.88 1199.63
v -51.4573 1 -30.2606
vt -2025.88 1191.36
v -51.598 1 -30.1185
vt -2031.42 1185.77
v -51.828 1 -30.1185
vt -2040.47 1185.77
v -52.0315 1 -29.9942
vt -2048.48 1180.88
vt -2086.78 1180.88
vt -2126.15 1180.88
vt -2209.22 1180.88
vt -2215.7 1191.68
vt -2231.75 1193.45
vt -2244.98 1203.36
vt -2244.98 1210.84
vt -2261.3 1199.83
vt -2261.3 1191.68
vt -2266.96 1185.65
vt -2276.41 1185.65
vt -2286.57 1180.46
vt -2322.01 1180.46
vt -2322.01 1174.55
vt -2326.49 1168.57
vt -2340.51 1160.56
vt -2340.51 1152.3
vt -2346.02 1146.13
vt -2355.86 1146.13
vt -2365.07 1140.08
vt -2370.25 1144.32
vt -2370.25 1147.86
vt -2373.71 1151.64
vt -2389.2 1154.45
vt -2402.25 1163.95
vt -2402.25 1180.64
vt -2676.77 1180.64
vt -2676.77 1173.95
vt -2682.53 1165.49
vt -2693.9 1161.04
vt -2693.9 1152.37
vt -2699.81 1146.05
vt -2715.98 1142.6
vt -2715.98 746.139
vt -2704.17 746.139
vt -2693.37 733.107
vt -2684.7 733.107
vt -2675.59 708.098
vt -2637.8 708.098
vt -2598.42 708.098
v -61 1 -17.9857
vt -2401.57 708.098
v -60.9407 1 -18.3712
vt -2399.24 723.274
v -60.3718 1 -19.0161
vt -2376.84 748.664
v -59.6746 1 -18.9535
vt -2349.39 746.202
v -59.4142 1 -18.5865
vt -2339.14 731.753
v -59.1842 1 -18.5865
vt -2330.09 731.753
v -59.0552 1 -18.3608
vt -2325.01 722.865
v -59.0552 1 -18.0196
vt -2325.01 709.433
v -57.7067 1 -17.9543
vt -2271.92 706.864
v -57.4219 1 -17.5931
vt -2260.7 692.643
v -57.2019 1 -17.5931
vt -2252.04 692.643
v -57.002 1 -17.3432
vt -2244.17 682.805
v -56.8224 1 -17.4869
vt -2237.1 688.46
v -56.7224 1 -17.4869
vt -2233.17 688.46
v -56.681 1 -17.6414
vt -2231.54 694.545
v -56.377 1 -17.9998
vt -2219.57 708.655
v -51.707 1 -17.9998
vt -2035.71 708.655
v -51.4179 1 -17.5796
vt -2024.33 692.112
v -51.1779 1 -17.5796
vt -2014.88 692.112
v -50.9977 1 -17.3274
vt -2007.78 682.182
vt -1982.96 710.211
vt -1733 710.211
v -43.0181 1 -18.0394
vt -1693.63 710.211
v -41.7281 1 -18.0394
vt -1642.84 710.211
v -41.3949 1 -17.577
vt -1629.72 692.006
v -41.1549 1 -17.577
vt -1620.27 692.006
v -40.9798 1 -17.3334
vt -1613.38 682.416
v -40.3078 1 -18.0189
vt -1586.92 709.407
v -33.9978 1 -18.0189
vt -1338.49 709.407
v -33.9254 1 -18.3716
vt -1335.65 723.291
v -33.7106 1 -18.5181
vt -1327.19 729.058
v -33.6264 1 -18.7641
vt -1323.88 738.743
v -33.3566 1 -19.0317
vt -1313.25 749.278
v -33.0191 1 -19.0317
vt -1299.97 749.278
v -33.0191 1 -29.0217
vt -1299.97 1142.58
v -33.1291 1 -29.0217
vt -1304.3 1142.58
v -33.2886 1 -29.2758
vt -1310.57 1152.59
v -33.6961 1 -29.3204
vt -1326.62 1154.35
v -34.0143 1 -29.547
vt -1339.15 1163.27
vt -1339.15 1180.88
vt -1378.52 1180.88
v -40.1143 1 -29.9942
vt -1579.3 1180.88
v -40.3002 1 -30.2547
vt -1586.62 1191.13
v -40.6844 1 -30.3217
vt -1601.75 1193.77
v -40.8279 1 -30.475
vt -1607.4 1199.8
v -40.9579 1 -30.475
vt -1612.52 1199.8
v -41.0057 1 -30.5741
vt -1614.4 1203.7
f 4247/12077/1166 4248/12078/1166 4249/12079/1166 4250/12080/1166 4251/12081/1166 4252/12082/1166 3859/12083/1166 3861/12084/1166 4253/12085/1166 4254/12086/1166 4255/12087/1166 4256/12088/1166 4257/12089/1166 4258/12090/1166 4259/12091/1166 4260/12092/1166 4261/12093/1166 4262/12094/1166 3872/12095/1166 3874/12096/1166 3875/12097/1166 3876/12098/1166 3877/12099/1166 3878/12100/1166 3879/12101/1166 3880/12102/1166 3881/12103/1166 3882/12104/1166 3883/12105/1166 3884/12106/1166 3885/12107/1166 3886/12108/1166 3887/12109/1166 3888/12110/1166 3889/12111/1166 3890/12112/1166 3891/12113/1166 3892/12114/1166 3893/12115/1166 3894/12116/1166 3895/12117/1166 3896/12118/1166 3897/12119/1166 3898/12120/1166 3899/12121/1166 3900/12122/1166 3901/12123/1166 3902/12124/1166 3903/12125/1166 3904/12126/1166 3905/12127/1166 3906/12128/1166 3907/12129/1166 3908/12130/1166 3909/12131/1166 3910/12132/1166 62/12133/1166 65/12134/1166 4263/12135/1166 4264/12136/1166 4265/12137/1166 4266/12138/1166 4267/12139/1166 4268/12140/1166 4269/12141/1166 4270/12142/1166 4271/12143/1166 4272/12144/1166 4273/12145/1166 4274/12146/1166 4275/12147/1166 4276/12148/1166 4277/12149/1166 4278/12150/1166 4279/12151/1166 4280/12152/1166 4281/12153/1166 4282/12154/1166 4246/12155/1166 3962/12156/1166 4283/12157/1166 4284/12158/1166 4285/12159/1166 4286/12160/1166 4287/12161/1166 4288/12162/1166 4289/12163/1166 4290/12164/1166 4291/12165/1166 4292/12166/1166 4293/12167/1166 4294/12168/1166 4295/12169/1166 4296/12170/1166 4297/12171/1166 4298/12172/1166 4299/12173/1166 3827/12174/1166 3829/12175/1166 4300/12176/1166 4301/12177/1166 4302/12178/1166 4303/12179/1166 4304/12180/1166 4305/12181/1166 

usemtl _4
v -41.4364 7 -30.4778
vt -14.6186 7
vn 0.603951 6.04994e-18 0.797021
vt -14.6186 1
vt -14.0783 1
v -41.0057 7 -30.8041
vt -14.0783 7
f 4306/12182/1167 4248/12183/1167 4247/12184/1167 4307/12185/1167 

v -41.4364 7 -30.2678
vt 30.2678 7
vn 1 1.2538e-17 -0
vt 30.2678 1
vt 30.4778 1
vt 30.4778 7
f 4308/12186/1168 4249/12187/1168 4248/12188/1168 4306/12189/1168 

v -41.5776 7 -30.1261
vt -8.01568 7
vn 0.708246 7.5315e-18 0.705966
vt -8.01568 1
vt -7.81568 1
vt -7.81568 7
f 4309/12190/1169 4250/12191/1169 4249/12192/1169 4308/12193/1169 

v -41.8476 7 -30.1261
vt -41.8476 7
vn 0 -1.91008e-18 1
vt -41.8476 1
vt -41.5776 1
vt -41.5776 7
f 4310/12194/1170 4251/12195/1170 4250/12196/1170 4309/12197/1170 

v -42.0395 7 -29.9942
vt -17.666 7
vn 0.566252 5.52529e-18 0.824232
vt -17.666 1
vt -17.4332 1
vt -17.4332 7
f 4311/12198/1171 4252/12199/1171 4251/12200/1171 4310/12201/1171 

vt -44.0143 7
vt -44.0143 1
vt -42.0395 1
vt -42.0395 7
f 3860/12202/1170 3859/12203/1170 4252/12204/1170 4311/12205/1170 

vt -41.4364 30.4778
vn -2.32861e-17 1 4.2751e-16
vt -41.0057 30.8041
v -41.0057 7 -30.5741
vt -41.0057 30.5741
v -40.9579 7 -30.475
vt -40.9579 30.475
v -40.8279 7 -30.475
vt -40.8279 30.475
v -40.6844 7 -30.3217
vt -40.6844 30.3217
v -40.3002 7 -30.2547
vt -40.3002 30.2547
v -40.1143 7 -29.9942
vt -40.1143 29.9942
vt -35.0143 29.9942
vt -35.0143 34.0142
vt -35.3041 34.0142
vt -35.4851 33.758
vt -35.6621 34.0125
vt -36.0921 34.0125
vt -36.0921 34.3753
vt -36.1759 34.5679
vt -36.4259 34.5679
vt -36.7756 34.9527
vt -36.9681 34.7778
vt -37.1267 35.0206
vt -37.3567 35.0206
vt -37.9343 34.3566
vt -38.02 33.9966
vt -38.35 33.9966
vt -38.9416 33.335
vt -39.2025 33.5683
vt -39.4025 33.5683
vt -39.7146 33.9966
vt -41.0446 33.9966
vt -41.0446 34.3666
vt -41.1866 34.5844
vt -41.4066 34.5844
vt -41.6983 34.9401
vt -42.3515 35.0345
vt -42.9214 34.3904
vt -43.0243 34.0142
vt -44.0143 34.0142
vt -44.0143 29.9942
vt -42.0395 29.9942
vt -41.8476 30.1261
vt -41.5776 30.1261
vt -41.4364 30.2678
f 4306/12206/1172 4307/12207/1172 4312/12208/1172 4313/12209/1172 4314/12210/1172 4315/12211/1172 4316/12212/1172 4317/12213/1172 3831/12214/1172 3830/12215/1172 3832/12216/1172 3833/12217/1172 3834/12218/1172 3835/12219/1172 3836/12220/1172 3837/12221/1172 3838/12222/1172 3839/12223/1172 3840/12224/1172 3841/12225/1172 3842/12226/1172 3843/12227/1172 3844/12228/1172 3845/12229/1172 3846/12230/1172 3847/12231/1172 3848/12232/1172 3849/12233/1172 3850/12234/1172 3851/12235/1172 3852/12236/1172 3853/12237/1172 3854/12238/1172 3855/12239/1172 3856/12240/1172 3857/12241/1172 3858/12242/1172 3860/12243/1172 4311/12244/1172 4310/12245/1172 4309/12246/1172 4308/12247/1172 

vt -30.8041 7
vn -1 -1.2538e-17 -0
vt -30.8041 1
vt -30.5741 1
vt -30.5741 7
f 4307/12248/1173 4247/12249/1173 4305/12250/1173 4312/12251/1173 

vt -45.3551 7
vn -0.900656 -1.21224e-17 0.434533
vt -45.3551 1
vt -45.2451 1
vt -45.2451 7
f 4312/12252/1174 4305/12253/1174 4304/12254/1174 4313/12255/1174 

vt -40.9579 7
vt -40.9579 1
vt -40.8279 1
vt -40.8279 7
f 4313/12256/1170 4304/12257/1170 4303/12258/1170 4314/12259/1170 

vt -50.1501 7
vn -0.73003 -1.04585e-17 0.683415
vt -50.1501 1
vt -49.9401 1
vt -49.9401 7
f 4314/12260/1175 4303/12261/1175 4302/12262/1175 4315/12263/1175 

vt -45.2895 7
vn -0.171832 -4.03609e-18 0.985126
vt -45.2895 1
vt -44.8995 1
vt -44.8995 7
f 4315/12264/1176 4302/12265/1176 4301/12266/1176 4316/12267/1176 

vt -48.0387 7
vn -0.813907 -1.13145e-17 0.580995
vt -48.0387 1
vt -47.7187 1
vt -47.7187 7
f 4316/12268/1177 4301/12269/1177 4300/12270/1177 4317/12271/1177 

vt -40.1143 7
vt -40.1143 1
vt -35.0143 1
vt -35.0143 7
f 4317/12272/1170 4300/12273/1170 3829/12274/1170 3831/12275/1170 

v -50.1243 7 -29.9942
vt -50.1243 7
vn 0 -2.56409e-17 1
vt -50.1243 1
vt -45.0143 1
vt -45.0143 7
f 4318/12276/1178 4253/12277/1178 3861/12278/1178 3863/12279/1178 

v -50.2862 7 -30.2348
vt -53.1588 7
vn -0.82964 -1.22571e-17 0.558298
vt -53.1588 1
vt -52.8688 1
vt -52.8688 7
f 4319/12280/1179 4254/12281/1179 4253/12282/1179 4318/12283/1179 

v -50.6998 7 -30.3081
vt -55.2086 7
vn -0.174402 -2.48153e-17 0.984674
vt -55.2086 1
vt -54.7886 1
vt -54.7886 7
f 4320/12284/1180 4255/12285/1180 4254/12286/1180 4319/12287/1180 

v -51.0141 7 -30.5713
vt -58.7395 7
vn -0.642004 -1.80662e-17 0.766702
vt -58.7395 1
vt -58.3295 1
vt -58.3295 7
f 4321/12288/1181 4256/12289/1181 4255/12290/1181 4320/12291/1181 

v -51.0141 7 -30.7613
vt -30.7613 7
vn -1 2.48082e-18 -0
vt -30.7613 1
vt -30.5713 1
vt -30.5713 7
f 4322/12292/1182 4257/12293/1182 4256/12294/1182 4321/12295/1182 

v -51.4573 7 -30.4706
vt -26.3107 7
vn 0.548534 -2.27999e-17 0.836128
vt -26.3107 1
vt -25.7807 1
vt -25.7807 7
f 4323/12296/1183 4258/12297/1183 4257/12298/1183 4322/12299/1183 

v -51.4573 7 -30.2606
vt 30.2606 7
vn 1 -2.48082e-18 -0
vt 30.2606 1
vt 30.4706 1
vt 30.4706 7
f 4324/12300/1184 4259/12301/1184 4258/12302/1184 4323/12303/1184 

v -51.598 7 -30.1185
vt -14.8943 7
vn 0.710693 -1.98015e-17 0.703502
vt -14.8943 1
vt -14.6943 1
vt -14.6943 7
f 4325/12304/1185 4260/12305/1185 4259/12306/1185 4324/12307/1185 

v -51.828 7 -30.1185
vt -51.828 7
vt -51.828 1
vt -51.598 1
vt -51.598 7
f 4326/12308/1178 4261/12309/1178 4260/12310/1178 4325/12311/1178 

v -52.0315 7 -29.9942
vt -28.7875 7
vn 0.520956 -2.3179e-17 0.853583
vt -28.7875 1
vt -28.5491 1
vt -28.5491 7
f 4327/12312/1186 4262/12313/1186 4261/12314/1186 4326/12315/1186 

vt -53.0043 7
vt -53.0043 1
vt -52.0315 1
vt -52.0315 7
f 3873/12316/1178 3872/12317/1178 4262/12318/1178 4327/12319/1178 

vt -53.0043 29.9942
vn 5.13157e-18 1 7.01377e-16
vt -52.0315 29.9942
vt -51.828 30.1185
vt -51.598 30.1185
vt -51.4573 30.2606
vt -51.4573 30.4706
vt -51.0141 30.7613
vt -51.0141 30.5713
vt -50.6998 30.3081
vt -50.2862 30.2348
vt -50.1243 29.9942
vt -45.0143 29.9942
vt -45.0143 34.0142
vt -45.0143 34.3842
vt -45.2133 34.5744
vt -45.4133 34.5744
vt -45.6926 34.9399
vt -46.3343 35.0435
vt -47.0043 34.3842
vt -47.0043 34.0142
vt -53.0043 34.0142
f 3873/12320/1187 4327/12321/1187 4326/12322/1187 4325/12323/1187 4324/12324/1187 4323/12325/1187 4322/12326/1187 4321/12327/1187 4320/12328/1187 4319/12329/1187 4318/12330/1187 3863/12331/1187 3862/12332/1187 3864/12333/1187 3865/12334/1187 3866/12335/1187 3867/12336/1187 3868/12337/1187 3869/12338/1187 3870/12339/1187 3871/12340/1187 

vt 61 1
vt 66 1
vt 61 7
f 4263/12341/5 65/12342/5 3917/11582/5 4245/12343/5 

vt -8.89366 1
vn -0.988378 0 -0.152016
vt -8.50366 1
vt -8.50366 7
vt -8.89366 7
f 4264/12344/1188 4263/12345/1188 4245/12346/1188 4244/12347/1188 

vt 25.6803 1
vn -0.749883 1.73692e-31 -0.66157
vt 26.5403 1
vt 26.5403 7
vt 25.6803 7
f 4265/12348/1189 4264/12349/1189 4244/12350/1189 4243/12351/1189 

vt 61.1292 1
vn 0.0893352 5.76747e-32 -0.996002
vt 61.8292 1
vt 61.8292 7
vt 61.1292 7
f 4266/12352/1190 4265/12353/1190 4243/12354/1190 4242/12355/1190 

vt 49.539 1
vn 0.815572 1.66164e-18 -0.578655
vt 49.989 1
vt 49.989 7
vt 49.539 7
f 4267/12356/1191 4266/12357/1191 4242/12358/1191 4241/12359/1191 

vt 59.1842 1
vt 59.4142 1
vt 59.4142 7
vt 59.1842 7
f 4268/12360/5 4267/12361/5 4241/12362/5 4240/12363/5 

vt 45.2409 1
vn 0.868246 8.8448e-19 -0.496134
vt 45.5009 1
vt 45.5009 7
vt 45.2409 7
f 4269/12364/1192 4268/12365/1192 4240/12366/1192 4239/12367/1192 

vt 18.0196 1
vt 18.3608 1
vt 18.3608 7
vt 18.0196 7
f 4270/12368/1 4269/12369/1 4239/12370/1 4238/12371/1 

vt 58.5073 1
vn 0.0483475 1.14742e-19 -0.998831
vt 59.8573 1
vt 59.8573 7
vt 58.5073 7
f 4271/12372/1193 4270/12373/1193 4238/12374/1193 4237/12375/1193 

vt 49.3719 1
vt 49.8319 1
vt 49.8319 7
vt 49.3719 7
f 4272/12376/1090 4271/12377/1090 4237/12378/1090 4236/12379/1090 

vt 57.2019 1
vt 57.4219 1
vt 57.4219 7
vt 57.2019 7
f 4273/12380/5 4272/12381/5 4236/12382/5 4235/12383/5 

vt 49.1468 1
vt 49.4668 1
vt 49.4668 7
vt 49.1468 7
f 4274/12384/1091 4273/12385/1091 4235/12386/1091 4234/12387/1091 

vt 33.4541 1
vn -0.624581 7.95562e-19 -0.78096
vt 33.6841 1
vt 33.6841 7
vt 33.4541 7
f 4275/12388/1194 4274/12389/1194 4234/12390/1194 4233/12391/1194 

vt 56.7224 1
vt 56.8224 1
vt 56.8224 7
vt 56.7224 7
f 4276/12392/5 4275/12393/5 4233/12394/5 4232/12395/5 

vt -2.37642 1
vt -2.21642 1
vt -2.21642 7
vt -2.37642 7
f 4277/12396/1093 4276/12397/1093 4232/12398/1093 4231/12399/1093 

vt 22.7459 1
vn -0.762552 -3.74611e-32 -0.646927
vt 23.2159 1
vt 23.2159 7
vt 22.7459 7
f 4278/12400/1195 4277/12401/1195 4231/12402/1195 4230/12403/1195 

vt 51.707 1
vt 56.377 1
vt 56.377 7
vt 51.707 7
f 4279/12404/5 4278/12405/5 4230/12406/5 4229/12407/5 

vt 43.6225 1
vn 0.82393 -1.67867e-18 -0.566692
vt 44.1325 1
vt 44.1325 7
vt 43.6225 7
f 4280/12408/1196 4279/12409/1196 4229/12410/1196 4228/12411/1196 

vt 51.1779 1
vt 51.4179 1
vt 51.4179 7
vt 51.1779 7
f 4281/12412/5 4280/12413/5 4228/12414/5 4227/12415/5 

vt 43.7506 1
vn 0.813569 -8.28781e-19 -0.581468
vt 44.0606 1
vt 44.0606 7
vt 43.7506 7
f 4282/12416/1197 4281/12417/1197 4227/12418/1197 4226/12419/1197 

vt 19.8887 1
vn -0.748621 8.66997e-32 -0.662998
vt 20.8397 1
vt 20.8397 7
vt 19.8887 7
f 4246/12420/1198 4282/12421/1198 4226/12422/1198 4225/12423/1198 

usemtl FrontColor
vt -1733 -8.23904e-14
vt -1693.63 -8.23904e-14
vt -1693.63 39.3701
vt -1733 39.3701
f 54/12424/7 57/12425/7 4283/12426/7 3962/12427/7 

usemtl _4
vt -18.0394 -2.09173e-15
vn -1 -2.30042e-20 -3.0226e-36
vt -11.9894 -2.88666e-15
v -43.0181 7 -11.9894
vt -11.9894 7
v -43.0181 7 -18.0394
vt -18.0394 7
vt -18.0394 1
f 57/12428/1199 58/12429/1199 4328/12430/1199 4329/12431/1199 4283/12432/1199 

vt -43.0181 -2.8527e-15
vn 0 2.91514e-18 1
v -42.0281 -2.88765e-15 -11.9894
vt -42.0281 -2.8527e-15
v -42.0281 7 -11.9894
vt -42.0281 7
vt -43.0181 7
f 58/12433/1200 4330/12434/1200 4331/12435/1200 4328/12436/1200 

usemtl Color_C02
v -22.9975 -1.44382e-15 -8.03236
vt -905.415 316.235
vn -4.35645e-18 1 -1.0811e-17
v -22.9975 -1.44304e-15 -12.704
vt -905.415 500.156
v -23.4428 -1.44382e-15 -12.4765
vt -922.945 491.2
v -23.4428 -1.44382e-15 -12.2665
vt -922.945 482.932
v -23.5886 -1.44382e-15 -12.1153
vt -928.684 476.981
v -23.8186 -1.44382e-15 -12.1153
vt -937.74 476.981
v -24.0214 -1.44382e-15 -11.9871
vt -945.726 471.932
v -24.1114 -1.44382e-15 -11.9871
vt -949.269 471.932
v -24.2863 -1.44382e-15 -12.2669
vt -956.154 482.949
v -24.4963 -1.44382e-15 -12.2669
vt -964.422 482.949
v -24.8364 -1.44382e-15 -12.4959
vt -977.812 491.964
v -24.9364 -1.44382e-15 -12.4959
vt -981.749 491.964
v -25.0205 -2.14297e-15 -12.6079
vt -985.058 496.372
v -25.0205 -2.14297e-15 -12.7379
vt -985.058 501.49
v -25.4315 -2.16579e-15 -12.49
vt -1001.24 491.733
v -25.4315 -2.16579e-15 -12.2669
vt -1001.24 482.949
v -25.5782 -2.16573e-15 -12.1309
vt -1007.01 477.595
v -26.06 -2.16573e-15 -11.9975
vt -1025.99 472.342
v -27.13 -2.16573e-15 -11.9975
vt -1068.11 472.342
v -27.2951 -2.16573e-15 -12.2599
vt -1074.61 482.674
v -27.5051 -2.16573e-15 -12.2599
vt -1082.88 482.674
v -28.0014 -1.44382e-15 -12.5669
vt -1102.42 494.761
v -28.0014 -1.44382e-15 -20.0021
vt -1102.42 787.483
v -26.9914 -1.44382e-15 -20.0021
vt -1062.65 787.483
v -26.9424 -2.15675e-15 -20.3688
vt -1060.73 801.922
v -26.3714 -2.16574e-15 -21.0252
vt -1038.24 827.762
v -26.0114 -2.16574e-15 -21.0252
vt -1024.07 827.762
v -25.9408 -2.16573e-15 -21.368
vt -1021.29 841.259
v -25.379 -2.16573e-15 -22.0058
vt -999.175 866.372
v -24.6969 -2.16573e-15 -22.0058
vt -972.319 866.372
v -24.3887 -2.16573e-15 -21.5747
vt -960.187 849.396
v -24.1787 -2.16573e-15 -21.5747
vt -951.919 849.396
v -24.0375 -2.16573e-15 -21.3563
vt -946.359 840.801
v -24.0375 -2.16573e-15 -20.9163
vt -946.359 823.478
v -23.6675 -2.16573e-15 -20.9163
vt -931.792 823.478
v -23.4213 -2.16573e-15 -20.5639
vt -922.097 809.601
v -23.2113 -2.16573e-15 -20.5639
vt -913.829 809.601
v -22.9975 -1.44304e-15 -20.214
vt -905.415 795.825
v -22.9975 -1.44304e-15 -23.9338
vt -905.415 942.276
v -22.8393 -1.44386e-15 -24.2738
vt -899.187 955.662
v -22.6479 -1.45635e-15 -24.4642
vt -891.651 963.159
v -22.4115 -2.16573e-15 -24.5724
vt -882.342 967.416
v -10.0315 -2.16573e-15 -24.5724
vt -394.94 967.416
vt -394.94 1130.01
v -10.4126 -2.16573e-15 -28.4914
vt -409.946 1121.71
v -10.4456 -2.16573e-15 -28.284
vt -411.244 1113.54
v -10.6051 -2.16573e-15 -28.1047
vt -417.525 1106.48
v -10.8451 -2.16573e-15 -28.1047
vt -426.974 1106.48
v -11.0623 -2.16573e-15 -27.9807
vt -435.522 1101.6
v -12.1123 -2.16573e-15 -27.9807
vt -476.861 1101.6
v -12.2405 -2.16573e-15 -28.2296
vt -481.911 1111.4
v -12.4841 -2.16573e-15 -28.2861
vt -491.499 1113.63
v -12.6841 -2.16573e-15 -28.2861
vt -499.373 1113.63
v -12.7601 -2.16573e-15 -28.4037
vt -502.367 1118.26
v -13.0133 -2.16573e-15 -28.5451
vt -512.335 1123.82
v -13.0133 -2.16573e-15 -28.6951
vt -512.335 1129.73
v -13.4537 -2.16573e-15 -28.4803
vt -529.675 1121.27
v -13.4537 -2.16573e-15 -28.2837
vt -529.675 1113.53
v -13.5678 -2.16573e-15 -28.0956
vt -534.165 1106.12
v -13.8529 -2.16573e-15 -28.0956
vt -545.391 1106.12
v -14.0663 -2.16573e-15 -27.9857
vt -553.791 1101.8
v -15.1263 -2.16573e-15 -27.9857
vt -595.523 1101.8
v -15.2602 -2.16573e-15 -28.2316
vt -600.794 1111.48
v -15.6956 -2.16573e-15 -28.2952
vt -617.935 1113.98
v -15.8108 -2.16573e-15 -28.4707
vt -622.474 1120.89
v -15.9408 -2.16573e-15 -28.4707
vt -627.592 1120.89
v -16.0033 -2.16573e-15 -28.6712
vt -630.052 1128.79
v -16.4361 -2.16573e-15 -28.488
vt -647.092 1121.58
v -16.4361 -2.16573e-15 -28.2702
vt -647.092 1113
v -16.5553 -2.16573e-15 -28.0972
vt -651.782 1106.19
v -16.84 -2.16573e-15 -28.0972
vt -662.992 1106.19
v -17.055 -2.16573e-15 -27.9697
vt -671.457 1101.17
v -18.115 -2.16573e-15 -27.9697
vt -713.19 1101.17
v -18.2574 -2.16573e-15 -28.2338
vt -718.796 1111.57
v -18.6698 -2.16573e-15 -28.3136
vt -735.03 1114.71
v -19.0174 -2.16573e-15 -28.5667
vt -748.717 1124.67
v -19.0174 -2.16573e-15 -28.7867
vt -748.717 1133.33
v -19.096 -2.16573e-15 -28.6589
vt -751.811 1128.3
v -19.4349 -2.16577e-15 -28.4658
vt -765.152 1120.7
v -19.4349 -2.16577e-15 -28.2571
vt -765.152 1112.49
v -19.554 -2.15835e-15 -28.1092
vt -769.844 1106.66
v -19.814 -2.15835e-15 -28.1092
vt -780.08 1106.66
v -20.0423 -1.44382e-15 -27.9846
vt -789.066 1101.76
v -21.1023 -1.44382e-15 -27.9846
vt -830.798 1101.76
v -21.2318 -1.4439e-15 -28.1985
vt -835.896 1110.18
v -21.6595 -1.43719e-15 -28.3016
vt -852.737 1114.24
v -22.0145 -2.16772e-15 -28.5781
vt -866.714 1125.12
v -22.0145 -2.16772e-15 -29.9781
vt -866.714 1180.24
v -22.9745 -2.16772e-15 -29.9781
vt -904.51 1180.24
v -23.0645 -2.52585e-15 -29.6814
vt -908.052 1168.56
v -23.4251 -2.16573e-15 -29.5083
vt -922.249 1161.74
v -23.4251 -2.16573e-15 -29.2783
vt -922.249 1152.69
v -23.5859 -2.16573e-15 -29.1432
vt -928.579 1147.37
v -23.948 -2.16573e-15 -29.067
vt -942.834 1144.37
v -24.0554 -2.16573e-15 -28.6921
vt -947.063 1129.61
v -24.4323 -2.16575e-15 -28.4851
vt -961.9 1121.46
v -24.4323 -2.16575e-15 -28.2651
vt -961.9 1112.8
v -24.5789 -2.15833e-15 -28.1011
vt -967.673 1106.34
v -24.8089 -2.15833e-15 -28.1011
vt -976.728 1106.34
v -25.0212 -1.44383e-15 -27.9892
vt -985.088 1101.94
v -25.4012 -1.44383e-15 -27.9892
vt -1000.05 1101.94
v -25.6259 -1.44111e-15 -28.3675
vt -1008.89 1116.83
v -26.0034 -2.16573e-15 -28.5734
vt -1023.75 1124.94
v -26.0034 -2.16573e-15 -28.9734
vt -1023.75 1140.69
v -26.1234 -2.16573e-15 -28.9734
vt -1028.48 1140.69
v -26.2722 -2.16573e-15 -29.2224
vt -1034.34 1150.49
v -26.6741 -2.16573e-15 -29.3035
vt -1050.16 1153.68
v -26.835 -2.16573e-15 -29.4678
vt -1056.5 1160.15
v -26.915 -2.16573e-15 -29.4678
vt -1059.65 1160.15
v -27.0247 -2.16573e-15 -29.5548
vt -1063.96 1163.58
v -27.0247 -2.16573e-15 -29.9848
vt -1063.96 1180.5
v -29.9647 -2.16573e-15 -29.9848
vt -1179.71 1180.5
v -30.0582 -2.16573e-15 -29.6788
vt -1183.39 1168.46
v -30.4143 -2.16541e-15 -29.4966
vt -1197.41 1161.28
v -30.4143 -2.16541e-15 -29.2666
vt -1197.41 1152.23
v -30.5557 -2.17943e-15 -29.1114
vt -1202.98 1146.12
v -30.8457 -2.17943e-15 -29.1114
vt -1214.4 1146.12
v -30.977 -1.44382e-15 -29.0388
vt -1219.57 1143.26
v -30.977 -1.44382e-15 -19.9588
vt -1219.57 785.781
v -30.687 -1.44382e-15 -19.9588
vt -1208.15 785.781
v -30.4249 -1.44681e-15 -19.5808
vt -1197.83 770.897
v -30.1961 -1.44681e-15 -19.5808
vt -1188.82 770.897
v -30.0387 -2.16573e-15 -19.3615
vt -1182.62 762.262
v -30.0387 -2.16573e-15 -12.6915
vt -1182.62 499.664
v -30.4249 -2.16573e-15 -12.4808
vt -1197.83 491.368
v -30.4249 -2.16573e-15 -12.2608
vt -1197.83 482.707
v -30.5818 -2.16573e-15 -12.1212
vt -1204.01 477.211
v -30.8118 -2.16573e-15 -12.1212
vt -1213.06 477.211
v -30.9882 -2.16573e-15 -11.9736
vt -1220.01 471.401
v -31.1282 -2.16573e-15 -11.9736
vt -1225.52 471.401
v -31.2714 -2.16573e-15 -12.2258
vt -1231.16 481.329
v -31.6752 -2.16573e-15 -12.2967
vt -1247.06 484.121
v -31.8338 -2.16573e-15 -12.4769
vt -1253.3 491.215
v -31.9338 -2.16573e-15 -12.4769
vt -1257.23 491.215
v -32.0099 -2.16573e-15 -12.7045
vt -1260.23 500.176
v -32.4424 -2.16573e-15 -12.4741
vt -1277.26 491.104
v -32.4424 -2.16573e-15 -12.2641
vt -1277.26 482.837
v -32.5965 -2.16573e-15 -12.1071
vt -1283.33 476.656
v -32.8265 -2.16573e-15 -12.1071
vt -1292.38 476.656
v -33.0503 -2.16573e-15 -11.9747
vt -1301.19 471.446
v -35.1103 -2.16573e-15 -11.9747
vt -1382.3 471.446
v -35.2772 -2.16573e-15 -12.236
vt -1388.87 481.731
v -35.6704 -2.16573e-15 -12.3092
vt -1404.35 484.615
v -36.0122 -2.16573e-15 -12.5702
vt -1417.8 494.89
v -36.0122 -2.16573e-15 -12.8402
vt -1417.8 505.52
v -36.1088 -2.16573e-15 -12.6766
vt -1421.61 499.08
v -36.4541 -2.16573e-15 -12.4746
vt -1435.2 491.128
v -36.4541 -2.16573e-15 -12.2829
vt -1435.2 483.578
v -36.5706 -2.16573e-15 -12.1082
vt -1439.79 476.7
v -36.8306 -2.16573e-15 -12.1082
vt -1450.02 476.7
v -37.0563 -2.16573e-15 -11.9791
vt -1458.91 471.617
v -40.1263 -2.16573e-15 -11.9791
vt -1579.78 471.617
v -40.2685 -2.16573e-15 -12.2432
vt -1585.37 482.016
v -40.4919 -2.16573e-15 -12.2432
vt -1594.17 482.016
v -40.6797 -2.16579e-15 -12.3119
vt -1601.56 484.722
v -40.8331 -2.16831e-15 -12.4696
vt -1607.6 490.93
v -41.0246 -1.44382e-15 -12.5559
vt -1615.14 494.327
v -41.0246 -1.44382e-15 -12.6959
vt -1615.14 499.839
v -41.4146 -1.44372e-15 -12.4922
vt -1630.49 491.818
v -41.4146 -1.44372e-15 -12.2622
vt -1630.49 482.763
v -41.5785 -1.46735e-15 -12.1008
vt -1636.95 476.41
v -41.8385 -1.46735e-15 -12.1008
vt -1647.18 476.41
vt -1654.65 472.022
vt -1693.63 472.022
vt -1733 472.022
vt -1733 316.235
f 4332/12437/1201 4333/12438/1201 4334/12439/1201 4335/12440/1201 4336/12441/1201 4337/12442/1201 4338/12443/1201 4339/12444/1201 4340/12445/1201 4341/12446/1201 4342/12447/1201 4343/12448/1201 4344/12449/1201 4345/12450/1201 4346/12451/1201 4347/12452/1201 4348/12453/1201 4349/12454/1201 4350/12455/1201 4351/12456/1201 4352/12457/1201 4353/12458/1201 4354/12459/1201 4355/12460/1201 4356/12461/1201 4357/12462/1201 4358/12463/1201 4359/12464/1201 4360/12465/1201 4361/12466/1201 4362/12467/1201 4363/12468/1201 4364/12469/1201 4365/12470/1201 4366/12471/1201 4367/12472/1201 4368/12473/1201 4369/12474/1201 4370/12475/1201 4371/12476/1201 4372/12477/1201 4373/12478/1201 4374/12479/1201 3767/12480/1201 4375/12481/1201 4376/12482/1201 4377/12483/1201 4378/12484/1201 4379/12485/1201 4380/12486/1201 4381/12487/1201 4382/12488/1201 4383/12489/1201 4384/12490/1201 4385/12491/1201 4386/12492/1201 4387/12493/1201 4388/12494/1201 4389/12495/1201 4390/12496/1201 4391/12497/1201 4392/12498/1201 4393/12499/1201 4394/12500/1201 4395/12501/1201 4396/12502/1201 4397/12503/1201 4398/12504/1201 4399/12505/1201 4400/12506/1201 4401/12507/1201 4402/12508/1201 4403/12509/1201 4404/12510/1201 4405/12511/1201 4406/12512/1201 4407/12513/1201 4408/12514/1201 4409/12515/1201 4410/12516/1201 4411/12517/1201 4412/12518/1201 4413/12519/1201 4414/12520/1201 4415/12521/1201 4416/12522/1201 4417/12523/1201 4418/12524/1201 4419/12525/1201 4420/12526/1201 4421/12527/1201 4422/12528/1201 4423/12529/1201 4424/12530/1201 4425/12531/1201 4426/12532/1201 4427/12533/1201 4428/12534/1201 4429/12535/1201 4430/12536/1201 4431/12537/1201 4432/12538/1201 4433/12539/1201 4434/12540/1201 4435/12541/1201 4436/12542/1201 4437/12543/1201 4438/12544/1201 4439/12545/1201 4440/12546/1201 4441/12547/1201 4442/12548/1201 4443/12549/1201 4444/12550/1201 4445/12551/1201 4446/12552/1201 4447/12553/1201 4448/12554/1201 4449/12555/1201 4450/12556/1201 4451/12557/1201 4452/12558/1201 4453/12559/1201 4454/12560/1201 4455/12561/1201 4456/12562/1201 4457/12563/1201 4458/12564/1201 4459/12565/1201 4460/12566/1201 4461/12567/1201 4462/12568/1201 4463/12569/1201 4464/12570/1201 4465/12571/1201 4466/12572/1201 4467/12573/1201 4468/12574/1201 4469/12575/1201 4470/12576/1201 4471/12577/1201 4472/12578/1201 4473/12579/1201 4474/12580/1201 4475/12581/1201 4476/12582/1201 4477/12583/1201 4478/12584/1201 4479/12585/1201 4480/12586/1201 4481/12587/1201 4482/12588/1201 4483/12589/1201 4484/12590/1201 4485/12591/1201 4486/12592/1201 4487/12593/1201 4488/12594/1201 4489/12595/1201 4490/12596/1201 4491/12597/1201 4492/12598/1201 4330/12599/1201 58/12600/1201 55/12601/1201 3965/12602/1201 

usemtl _4
vt 28.0014 12.5669
vn 5.74331e-17 -1 3.5284e-17
vt 28.0014 20.0021
vt 26.9914 20.0021
vt 26.9424 20.3688
vt 26.3714 21.0252
vt 26.0114 21.0252
vt 25.9408 21.368
vt 25.379 22.0058
vt 24.6969 22.0058
vt 24.3887 21.5747
vt 24.1787 21.5747
vt 24.0375 21.3563
vt 24.0375 20.9163
vt 23.6675 20.9163
vt 23.4213 20.5639
vt 23.2113 20.5639
vt 22.9975 20.214
vt 22.9975 12.704
vt 23.4428 12.4765
vt 23.4428 12.2665
vt 23.5886 12.1153
vt 23.8186 12.1153
vt 24.0214 11.9871
vt 24.1114 11.9871
vt 24.2863 12.2669
vt 24.4963 12.2669
vt 24.8364 12.4959
vt 24.9364 12.4959
vt 25.0205 12.6079
vt 25.0205 12.7379
vt 25.4315 12.49
vt 25.4315 12.2669
vt 25.5782 12.1309
vt 26.06 11.9975
vt 27.13 11.9975
vt 27.2951 12.2599
vt 27.5051 12.2599
f 4353/12603/1202 4354/12604/1202 4355/12605/1202 4356/12606/1202 4357/12607/1202 4358/12608/1202 4359/12609/1202 4360/12610/1202 4361/12611/1202 4362/12612/1202 4363/12613/1202 4364/12614/1202 4365/12615/1202 4366/12616/1202 4367/12617/1202 4368/12618/1202 4369/12619/1202 4333/12620/1202 4334/12621/1202 4335/12622/1202 4336/12623/1202 4337/12624/1202 4338/12625/1202 4339/12626/1202 4340/12627/1202 4341/12628/1202 4342/12629/1202 4343/12630/1202 4344/12631/1202 4345/12632/1202 4346/12633/1202 4347/12634/1202 4348/12635/1202 4349/12636/1202 4350/12637/1202 4351/12638/1202 4352/12639/1202 

vt -20.0021 1.64381e-16
vn -1 -5.74331e-17 -0
vt -12.5669 1.64381e-16
v -28.0014 4 -12.5669
vt -12.5669 4
v -28.0014 4 -20.0021
vt -20.0021 4
f 4354/12640/1203 4353/12641/1203 4493/12642/1203 4494/12643/1203 

vt -30.4245 -1.44298e-15
vn -0.526091 -2.08557e-19 0.850428
vt -29.8409 -2.16489e-15
v -27.5051 4 -12.2599
vt -29.8409 4
vt -30.4245 4
f 4353/12644/1204 4352/12645/1204 4495/12646/1204 4493/12647/1204 

vt -27.5051 -1.73316e-15
vn 0 3.5284e-17 1
vt -27.2951 -1.73316e-15
v -27.2951 4 -12.2599
vt -27.2951 4
vt -27.5051 4
f 4352/12648/1205 4351/12649/1205 4496/12650/1205 4495/12651/1205 

vt -24.9074 -1.67094e-15
vn -0.84657 -2.98402e-17 0.532278
vt -24.5974 -1.67094e-15
v -27.13 4 -11.9975
vt -24.5974 4
vt -24.9074 4
f 4351/12652/1206 4350/12653/1206 4497/12654/1206 4496/12655/1206 

vt -27.13 -1.74242e-15
vt -26.06 -1.74242e-15
v -26.06 4 -11.9975
vt -26.06 4
vt -27.13 4
f 4350/12656/1205 4349/12657/1205 4498/12658/1205 4497/12659/1205 

vt -21.9132 -1.25227e-15
vn 0.266869 4.93314e-17 0.963733
vt -21.4132 -1.25227e-15
v -25.5782 4 -12.1309
vt -21.4132 4
vt -21.9132 4
f 4349/12660/1207 4348/12661/1207 4499/12662/1207 4498/12663/1207 

vt -10.5053 -4.59007e-16
vn 0.679997 6.49251e-17 0.733215
vt -10.3053 -4.59059e-16
v -25.4315 4 -12.2669
vt -10.3053 4
vt -10.5053 4
f 4348/12664/1208 4347/12665/1208 4500/12666/1208 4499/12667/1208 

vt 12.2669 -7.05175e-16
vn 1 5.74331e-17 -0
vt 12.49 -7.05175e-16
v -25.4315 4 -12.49
vt 12.49 4
vt 12.2669 4
f 4347/12668/1209 4346/12669/1209 4501/12670/1209 4500/12671/1209 

vt -15.3308 -7.39241e-16
vn 0.516314 5.98707e-17 0.856399
vt -14.8508 -7.16423e-16
v -25.0205 4 -12.7379
vt -14.8508 4
vt -15.3308 4
f 4346/12672/1210 4345/12673/1210 4502/12674/1210 4501/12675/1210 

vt -12.7379 -7.05966e-16
vt -12.6079 -7.05966e-16
v -25.0205 4 -12.6079
vt -12.6079 4
vt -12.7379 4
f 4345/12676/1203 4344/12677/1203 4503/12678/1203 4502/12679/1203 

vt -25.1031 -1.83497e-15
vn -0.799782 -2.47533e-17 0.60029
vt -24.9631 -1.13583e-15
v -24.9364 4 -12.4959
vt -24.9631 4
vt -25.1031 4
f 4344/12680/1211 4343/12681/1211 4504/12682/1211 4503/12683/1211 

vt -24.9364 -1.00292e-15
vt -24.8364 -1.00292e-15
v -24.8364 4 -12.4959
vt -24.8364 4
vt -24.9364 4
f 4343/12684/1205 4342/12685/1205 4505/12686/1205 4504/12687/1205 

vt -27.581 -1.43399e-15
vn -0.558471 -2.80582e-18 0.829524
vt -27.171 -1.43399e-15
v -24.4963 4 -12.2669
vt -27.171 4
vt -27.581 4
f 4342/12688/1212 4341/12689/1212 4506/12690/1212 4505/12691/1212 

vt -24.4963 -1.011e-15
vt -24.2863 -1.011e-15
v -24.2863 4 -12.2669
vt -24.2863 4
vt -24.4963 4
f 4341/12692/1205 4340/12693/1205 4507/12694/1205 4506/12695/1205 

vt -23.2734 -1.02091e-15
vn -0.848024 -3.00056e-17 0.529958
vt -22.9434 -1.02091e-15
v -24.1114 4 -11.9871
vt -22.9434 4
vt -23.2734 4
f 4340/12696/1213 4339/12697/1213 4508/12698/1213 4507/12699/1213 

vt -24.1114 -1.02087e-15
vt -24.0214 -1.02087e-15
v -24.0214 4 -11.9871
vt -24.0214 4
vt -24.1114 4
f 4339/12700/1205 4338/12701/1205 4509/12702/1205 4508/12703/1205 

vt -13.8968 -5.37858e-17
vn 0.534436 6.05166e-17 0.845209
vt -13.6568 -5.37858e-17
v -23.8186 4 -12.1153
vt -13.6568 4
vt -13.8968 4
f 4338/12704/1214 4337/12705/1214 4510/12706/1214 4509/12707/1214 

vt -23.8186 -1.01635e-15
vt -23.5886 -1.01635e-15
v -23.5886 4 -12.1153
vt -23.5886 4
vt -23.8186 4
f 4337/12708/1205 4336/12709/1205 4511/12710/1205 4510/12711/1205 

vt -7.65512 2.27618e-16
vn 0.719773 6.58333e-17 0.694209
vt -7.44512 2.27618e-16
v -23.4428 4 -12.2665
vt -7.44512 4
vt -7.65512 4
f 4336/12712/1215 4335/12713/1215 4512/12714/1215 4511/12715/1215 

vt 12.2665 -9.74304e-17
vt 12.4765 -9.74304e-17
v -23.4428 4 -12.4765
vt 12.4765 4
vt 12.2665 4
f 4335/12716/1209 4334/12717/1209 4513/12718/1209 4512/12719/1209 

vt -15.1999 -1.90613e-16
vn 0.454954 5.75503e-17 0.890515
vt -14.6999 -1.89833e-16
v -22.9975 4 -12.704
vt -14.6999 4
vt -15.1999 4
f 4334/12720/1216 4333/12721/1216 4514/12722/1216 4513/12723/1216 

vt 12.704 -1.22223e-16
vt 20.214 -1.22223e-16
v -22.9975 4 -20.214
vt 20.214 4
vt 12.704 4
f 4333/12724/1209 4369/12725/1209 4515/12726/1209 4514/12727/1209 

vt 29.2382 -1.16471e-15
vn 0.853401 3.06214e-17 -0.521256
vt 29.6482 -1.8874e-15
v -23.2113 4 -20.5639
vt 29.6482 4
vt 29.2382 4
f 4369/12728/1217 4368/12729/1217 4516/12730/1217 4515/12731/1217 

vt 23.2113 -1.44016e-15
vn 0 -3.5284e-17 -1
vt 23.4213 -1.44016e-15
v -23.4213 4 -20.5639
vt 23.4213 4
vt 23.2113 4
f 4368/12732/1218 4367/12733/1218 4517/12734/1218 4516/12735/1218 

vt 30.2711 -1.96628e-15
vn 0.819751 2.6873e-17 -0.57272
vt 30.7011 -1.96628e-15
v -23.6675 4 -20.9163
vt 30.7011 4
vt 30.2711 4
f 4367/12736/1219 4366/12737/1219 4518/12738/1219 4517/12739/1219 

vt 23.6675 -1.42772e-15
vt 24.0375 -1.42772e-15
v -24.0375 4 -20.9163
vt 24.0375 4
vt 23.6675 4
f 4366/12740/1218 4365/12741/1218 4519/12742/1218 4518/12743/1218 

vt 20.9163 -7.85185e-16
vt 21.3563 -7.85185e-16
v -24.0375 4 -21.3563
vt 21.3563 4
vt 20.9163 4
f 4365/12744/1209 4364/12745/1209 4520/12746/1209 4519/12747/1209 

vt 30.9873 -1.91629e-15
vn 0.839648 2.90598e-17 -0.543131
vt 31.2473 -1.91629e-15
v -24.1787 4 -21.5747
vt 31.2473 4
vt 30.9873 4
f 4364/12748/1220 4363/12749/1220 4521/12750/1220 4520/12751/1220 

vt 24.1787 -1.40449e-15
vt 24.3887 -1.40449e-15
v -24.3887 4 -21.5747
vt 24.3887 4
vt 24.1787 4
f 4363/12752/1218 4362/12753/1218 4522/12754/1218 4521/12755/1218 

vt 31.7337 -1.97447e-15
vn 0.813576 2.62099e-17 -0.581459
vt 32.2637 -1.97447e-15
v -24.6969 4 -22.0058
vt 32.2637 4
vt 31.7337 4
f 4362/12756/1221 4361/12757/1221 4523/12758/1221 4522/12759/1221 

vt 24.6969 -1.38928e-15
vt 25.379 -1.38928e-15
v -25.379 4 -22.0058
vt 25.379 4
vt 24.6969 4
f 4361/12760/1218 4360/12761/1218 4524/12762/1218 4523/12763/1218 

vt 0.259826 6.53333e-17
vn -0.750442 -6.64206e-17 -0.660936
vt 1.10983 6.53333e-17
v -25.9408 4 -21.368
vt 1.10983 4
vt 0.259826 4
f 4360/12764/1222 4359/12765/1222 4525/12766/1222 4524/12767/1222 

vt -15.7031 -2.82919e-16
vn -0.979492 -6.33643e-17 -0.201482
vt -15.3531 -2.82923e-16
v -26.0114 4 -21.0252
vt -15.3531 4
vt -15.7031 4
f 4359/12768/1223 4358/12769/1223 4526/12770/1223 4525/12771/1223 

vt 26.0114 -1.42389e-15
vt 26.3714 -1.42389e-15
v -26.3714 4 -21.0252
vt 26.3714 4
vt 26.0114 4
f 4358/12772/1218 4357/12773/1218 4527/12774/1218 4526/12775/1218 

vt 1.449 7.46437e-17
vn -0.754404 -6.64885e-17 -0.656411
vt 2.319 8.36366e-17
v -26.9424 4 -20.3688
vt 2.319 4
vt 1.449 4
f 4357/12776/1224 4356/12777/1224 4528/12778/1224 4527/12779/1224 

vt -16.6282 -3.45971e-16
vn -0.991223 -6.15936e-17 -0.132202
vt -16.2582 3.66953e-16
v -26.9914 4 -20.0021
vt -16.2582 4
vt -16.6282 4
f 4356/12780/1225 4355/12781/1225 4529/12782/1225 4528/12783/1225 

vt 26.9914 -7.3807e-16
vt 28.0014 -7.3807e-16
vt 28.0014 4
vt 26.9914 4
f 4355/12784/1218 4354/12785/1218 4494/12786/1218 4529/12787/1218 

vt -28.0014 20.0021
vn -5.74331e-17 1 -3.5284e-17
vt -28.0014 12.5669
vt -27.5051 12.2599
vt -27.2951 12.2599
vt -27.13 11.9975
vt -26.06 11.9975
vt -25.5782 12.1309
vt -25.4315 12.2669
vt -25.4315 12.49
vt -25.0205 12.7379
vt -25.0205 12.6079
vt -24.9364 12.4959
vt -24.8364 12.4959
vt -24.4963 12.2669
vt -24.2863 12.2669
vt -24.1114 11.9871
vt -24.0214 11.9871
vt -23.8186 12.1153
vt -23.5886 12.1153
vt -23.4428 12.2665
vt -23.4428 12.4765
vt -22.9975 12.704
vt -22.9975 20.214
vt -23.2113 20.5639
vt -23.4213 20.5639
vt -23.6675 20.9163
vt -24.0375 20.9163
vt -24.0375 21.3563
vt -24.1787 21.5747
vt -24.3887 21.5747
vt -24.6969 22.0058
vt -25.379 22.0058
vt -25.9408 21.368
vt -26.0114 21.0252
vt -26.3714 21.0252
vt -26.9424 20.3688
vt -26.9914 20.0021
f 4494/12788/1226 4493/12789/1226 4495/12790/1226 4496/12791/1226 4497/12792/1226 4498/12793/1226 4499/12794/1226 4500/12795/1226 4501/12796/1226 4502/12797/1226 4503/12798/1226 4504/12799/1226 4505/12800/1226 4506/12801/1226 4507/12802/1226 4508/12803/1226 4509/12804/1226 4510/12805/1226 4511/12806/1226 4512/12807/1226 4513/12808/1226 4514/12809/1226 4515/12810/1226 4516/12811/1226 4517/12812/1226 4518/12813/1226 4519/12814/1226 4520/12815/1226 4521/12816/1226 4522/12817/1226 4523/12818/1226 4524/12819/1226 4525/12820/1226 4526/12821/1226 4527/12822/1226 4528/12823/1226 4529/12824/1226 

vt 4.68942 -2.08897e-15
vn 0.484331 2.56155e-18 0.874885
vt 5.12505 -2.08897e-15
vt 5.12505 7
v -10.4126 7 -28.4914
vt 4.68942 7
f 4375/12825/1227 3767/12826/1227 3769/12827/1227 4530/12828/1227 

vt -10.0315 28.7024
vn 6.63975e-17 1 1.41017e-16
vt -10.0315 34.0233
vt -17.0415 34.0233
vt -17.0415 34.3633
vt -17.1767 34.5854
vt -17.4167 34.5854
vt -17.6989 34.9359
vt -18.0589 34.9359
vt -18.0589 35.3759
vt -18.1843 35.5806
vt -18.4243 35.5806
vt -18.7062 35.9814
vt -19.0662 35.9814
vt -19.0662 36.3518
vt -19.1758 36.5876
vt -19.4358 36.5876
vt -19.6719 36.9589
vt -19.7719 36.9589
vt -19.9831 36.7751
vt -20.1391 37.0076
vt -20.3691 37.0076
vt -21.0099 36.3063
vt -21.0099 34.0263
vt -24.8499 34.0263
vt -25.3157 33.9635
vt -25.5 33.8097
vt -25.6179 33.9955
vt -26.0524 33.9955
vt -26.0524 34.3855
vt -26.1853 34.5972
vt -26.4488 34.5972
vt -26.6658 34.9451
vt -26.7658 34.9451
vt -26.9762 34.7923
vt -27.1348 35.0108
vt -27.3448 35.0108
vt -27.9117 34.3774
vt -28.0022 34.0084
vt -28.3648 34.0084
vt -28.7224 33.539
vt -29.4124 33.539
vt -29.708 33.9668
vt -30.078 33.9668
vt -30.078 34.3668
vt -30.1956 34.5645
vt -30.4156 34.5645
vt -30.6922 34.9567
vt -30.8111 34.9567
vt -30.9715 34.7783
vt -31.1237 35.0133
vt -31.3637 35.0133
vt -31.8726 34.3832
vt -32.0626 34.3832
vt -32.2075 34.5618
vt -32.4075 34.5618
vt -32.6908 34.9368
vt -33.3438 35.0326
vt -33.9225 34.383
vt -34.0143 34.0142
vt -34.0143 29.9942
v -34.0143 7 -29.547
vt -34.0143 29.547
v -33.6961 7 -29.3204
vt -33.6961 29.3204
v -33.2886 7 -29.2758
vt -33.2886 29.2758
v -33.1291 7 -29.0217
vt -33.1291 29.0217
v -33.0191 7 -29.0217
vt -33.0191 29.0217
v -33.0191 7 -19.0317
vt -33.0191 19.0317
v -33.3566 7 -19.0317
vt -33.3566 19.0317
v -33.6264 7 -18.7641
vt -33.6264 18.7641
v -33.7106 7 -18.5181
vt -33.7106 18.5181
v -33.9254 7 -18.3716
vt -33.9254 18.3716
v -33.9978 7 -18.0189
vt -33.9978 18.0189
v -40.3078 7 -18.0189
vt -40.3078 18.0189
v -40.9798 7 -17.3334
vt -40.9798 17.3334
v -41.1549 7 -17.577
vt -41.1549 17.577
v -41.3949 7 -17.577
vt -41.3949 17.577
v -41.7281 7 -18.0394
vt -41.7281 18.0394
vt -43.0181 18.0394
vt -43.0181 11.9894
vt -42.0281 11.9894
v -41.8385 7 -12.1008
vt -41.8385 12.1008
v -41.5785 7 -12.1008
vt -41.5785 12.1008
v -41.4146 7 -12.2622
vt -41.4146 12.2622
v -41.4146 7 -12.4922
vt -41.4146 12.4922
v -41.0246 7 -12.6959
vt -41.0246 12.6959
v -41.0246 7 -12.5559
vt -41.0246 12.5559
v -40.8331 7 -12.4696
vt -40.8331 12.4696
v -40.6797 7 -12.3119
vt -40.6797 12.3119
v -40.4919 7 -12.2432
vt -40.4919 12.2432
v -40.2685 7 -12.2432
vt -40.2685 12.2432
v -40.1263 7 -11.9791
vt -40.1263 11.9791
v -37.0563 7 -11.9791
vt -37.0563 11.9791
v -36.8306 7 -12.1082
vt -36.8306 12.1082
v -36.5706 7 -12.1082
vt -36.5706 12.1082
v -36.4541 7 -12.2829
vt -36.4541 12.2829
v -36.4541 7 -12.4746
vt -36.4541 12.4746
v -36.1088 7 -12.6766
vt -36.1088 12.6766
v -36.0122 7 -12.8402
vt -36.0122 12.8402
v -36.0122 7 -12.5702
vt -36.0122 12.5702
v -35.6704 7 -12.3092
vt -35.6704 12.3092
v -35.2772 7 -12.236
vt -35.2772 12.236
v -35.1103 7 -11.9747
vt -35.1103 11.9747
v -33.0503 7 -11.9747
vt -33.0503 11.9747
v -32.8265 7 -12.1071
vt -32.8265 12.1071
v -32.5965 7 -12.1071
vt -32.5965 12.1071
v -32.4424 7 -12.2641
vt -32.4424 12.2641
v -32.4424 7 -12.4741
vt -32.4424 12.4741
v -32.0099 7 -12.7045
vt -32.0099 12.7045
v -31.9338 7 -12.4769
vt -31.9338 12.4769
v -31.8338 7 -12.4769
vt -31.8338 12.4769
v -31.6752 7 -12.2967
vt -31.6752 12.2967
v -31.2714 7 -12.2258
vt -31.2714 12.2258
v -31.1282 7 -11.9736
vt -31.1282 11.9736
v -30.9882 7 -11.9736
vt -30.9882 11.9736
v -30.8118 7 -12.1212
vt -30.8118 12.1212
v -30.5818 7 -12.1212
vt -30.5818 12.1212
v -30.4249 7 -12.2608
vt -30.4249 12.2608
v -30.4249 7 -12.4808
vt -30.4249 12.4808
v -30.0387 7 -12.6915
vt -30.0387 12.6915
v -30.0387 7 -19.3615
vt -30.0387 19.3615
v -30.1961 7 -19.5808
vt -30.1961 19.5808
v -30.4249 7 -19.5808
vt -30.4249 19.5808
v -30.687 7 -19.9588
vt -30.687 19.9588
v -30.977 7 -19.9588
vt -30.977 19.9588
v -30.977 7 -29.0388
vt -30.977 29.0388
v -30.8457 7 -29.1114
vt -30.8457 29.1114
v -30.5557 7 -29.1114
vt -30.5557 29.1114
v -30.4143 7 -29.2666
vt -30.4143 29.2666
v -30.4143 7 -29.4966
vt -30.4143 29.4966
v -30.0582 7 -29.6788
vt -30.0582 29.6788
v -29.9647 7 -29.9848
vt -29.9647 29.9848
v -27.0247 7 -29.9848
vt -27.0247 29.9848
v -27.0247 7 -29.5548
vt -27.0247 29.5548
v -26.915 7 -29.4678
vt -26.915 29.4678
v -26.835 7 -29.4678
vt -26.835 29.4678
v -26.6741 7 -29.3035
vt -26.6741 29.3035
v -26.2722 7 -29.2224
vt -26.2722 29.2224
v -26.1234 7 -28.9734
vt -26.1234 28.9734
v -26.0034 7 -28.9734
vt -26.0034 28.9734
v -26.0034 7 -28.5734
vt -26.0034 28.5734
v -25.6259 7 -28.3675
vt -25.6259 28.3675
v -25.4012 7 -27.9892
vt -25.4012 27.9892
v -25.0212 7 -27.9892
vt -25.0212 27.9892
v -24.8089 7 -28.1011
vt -24.8089 28.1011
v -24.5789 7 -28.1011
vt -24.5789 28.1011
v -24.4323 7 -28.2651
vt -24.4323 28.2651
v -24.4323 7 -28.4851
vt -24.4323 28.4851
v -24.0554 7 -28.6921
vt -24.0554 28.6921
v -23.948 7 -29.067
vt -23.948 29.067
v -23.5859 7 -29.1432
vt -23.5859 29.1432
v -23.4251 7 -29.2783
vt -23.4251 29.2783
v -23.4251 7 -29.5083
vt -23.4251 29.5083
v -23.0645 7 -29.6814
vt -23.0645 29.6814
v -22.9745 7 -29.9781
vt -22.9745 29.9781
v -22.0145 7 -29.9781
vt -22.0145 29.9781
v -22.0145 7 -28.5781
vt -22.0145 28.5781
v -21.6595 7 -28.3016
vt -21.6595 28.3016
v -21.2318 7 -28.1985
vt -21.2318 28.1985
v -21.1023 7 -27.9846
vt -21.1023 27.9846
v -20.0423 7 -27.9846
vt -20.0423 27.9846
v -19.814 7 -28.1092
vt -19.814 28.1092
v -19.554 7 -28.1092
vt -19.554 28.1092
v -19.4349 7 -28.2571
vt -19.4349 28.2571
v -19.4349 7 -28.4658
vt -19.4349 28.4658
v -19.096 7 -28.6589
vt -19.096 28.6589
v -19.0174 7 -28.7867
vt -19.0174 28.7867
v -19.0174 7 -28.5667
vt -19.0174 28.5667
v -18.6698 7 -28.3136
vt -18.6698 28.3136
v -18.2574 7 -28.2338
vt -18.2574 28.2338
v -18.115 7 -27.9697
vt -18.115 27.9697
v -17.055 7 -27.9697
vt -17.055 27.9697
v -16.84 7 -28.0972
vt -16.84 28.0972
v -16.5553 7 -28.0972
vt -16.5553 28.0972
v -16.4361 7 -28.2702
vt -16.4361 28.2702
v -16.4361 7 -28.488
vt -16.4361 28.488
v -16.0033 7 -28.6712
vt -16.0033 28.6712
v -15.9408 7 -28.4707
vt -15.9408 28.4707
v -15.8108 7 -28.4707
vt -15.8108 28.4707
v -15.6956 7 -28.2952
vt -15.6956 28.2952
v -15.2602 7 -28.2316
vt -15.2602 28.2316
v -15.1263 7 -27.9857
vt -15.1263 27.9857
v -14.0663 7 -27.9857
vt -14.0663 27.9857
v -13.8529 7 -28.0956
vt -13.8529 28.0956
v -13.5678 7 -28.0956
vt -13.5678 28.0956
v -13.4537 7 -28.2837
vt -13.4537 28.2837
v -13.4537 7 -28.4803
vt -13.4537 28.4803
v -13.0133 7 -28.6951
vt -13.0133 28.6951
v -13.0133 7 -28.5451
vt -13.0133 28.5451
v -12.7601 7 -28.4037
vt -12.7601 28.4037
v -12.6841 7 -28.2861
vt -12.6841 28.2861
v -12.4841 7 -28.2861
vt -12.4841 28.2861
v -12.2405 7 -28.2296
vt -12.2405 28.2296
v -12.1123 7 -27.9807
vt -12.1123 27.9807
v -11.0623 7 -27.9807
vt -11.0623 27.9807
v -10.8451 7 -28.1047
vt -10.8451 28.1047
v -10.6051 7 -28.1047
vt -10.6051 28.1047
v -10.4456 7 -28.284
vt -10.4456 28.284
vt -10.4126 28.4914
f 3769/12829/1228 3768/12830/1228 3770/12831/1228 3771/12832/1228 3772/12833/1228 3773/12834/1228 3774/12835/1228 3775/12836/1228 3776/12837/1228 3777/12838/1228 3778/12839/1228 3779/12840/1228 3780/12841/1228 3781/12842/1228 3782/12843/1228 3783/12844/1228 3784/12845/1228 3785/12846/1228 3786/12847/1228 3787/12848/1228 3788/12849/1228 3789/12850/1228 3790/12851/1228 3791/12852/1228 3792/12853/1228 3793/12854/1228 3794/12855/1228 3795/12856/1228 3796/12857/1228 3797/12858/1228 3798/12859/1228 3799/12860/1228 3800/12861/1228 3801/12862/1228 3802/12863/1228 3803/12864/1228 3804/12865/1228 3805/12866/1228 3806/12867/1228 3807/12868/1228 3808/12869/1228 3809/12870/1228 3810/12871/1228 3811/12872/1228 3812/12873/1228 3813/12874/1228 3814/12875/1228 3815/12876/1228 3816/12877/1228 3817/12878/1228 3818/12879/1228 3819/12880/1228 3820/12881/1228 3821/12882/1228 3822/12883/1228 3823/12884/1228 3824/12885/1228 3825/12886/1228 3826/12887/1228 3828/12888/1228 4531/12889/1228 4532/12890/1228 4533/12891/1228 4534/12892/1228 4535/12893/1228 4536/12894/1228 4537/12895/1228 4538/12896/1228 4539/12897/1228 4540/12898/1228 4541/12899/1228 4542/12900/1228 4543/12901/1228 4544/12902/1228 4545/12903/1228 4546/12904/1228 4329/12905/1228 4328/12906/1228 4331/12907/1228 4547/12908/1228 4548/12909/1228 4549/12910/1228 4550/12911/1228 4551/12912/1228 4552/12913/1228 4553/12914/1228 4554/12915/1228 4555/12916/1228 4556/12917/1228 4557/12918/1228 4558/12919/1228 4559/12920/1228 4560/12921/1228 4561/12922/1228 4562/12923/1228 4563/12924/1228 4564/12925/1228 4565/12926/1228 4566/12927/1228 4567/12928/1228 4568/12929/1228 4569/12930/1228 4570/12931/1228 4571/12932/1228 4572/12933/1228 4573/12934/1228 4574/12935/1228 4575/12936/1228 4576/12937/1228 4577/12938/1228 4578/12939/1228 4579/12940/1228 4580/12941/1228 4581/12942/1228 4582/12943/1228 4583/12944/1228 4584/12945/1228 4585/12946/1228 4586/12947/1228 4587/12948/1228 4588/12949/1228 4589/12950/1228 4590/12951/1228 4591/12952/1228 4592/12953/1228 4593/12954/1228 4594/12955/1228 4595/12956/1228 4596/12957/1228 4597/12958/1228 4598/12959/1228 4599/12960/1228 4600/12961/1228 4601/12962/1228 4602/12963/1228 4603/12964/1228 4604/12965/1228 4605/12966/1228 4606/12967/1228 4607/12968/1228 4608/12969/1228 4609/12970/1228 4610/12971/1228 4611/12972/1228 4612/12973/1228 4613/12974/1228 4614/12975/1228 4615/12976/1228 4616/12977/1228 4617/12978/1228 4618/12979/1228 4619/12980/1228 4620/12981/1228 4621/12982/1228 4622/12983/1228 4623/12984/1228 4624/12985/1228 4625/12986/1228 4626/12987/1228 4627/12988/1228 4628/12989/1228 4629/12990/1228 4630/12991/1228 4631/12992/1228 4632/12993/1228 4633/12994/1228 4634/12995/1228 4635/12996/1228 4636/12997/1228 4637/12998/1228 4638/12999/1228 4639/13000/1228 4640/13001/1228 4641/13002/1228 4642/13003/1228 4643/13004/1228 4644/13005/1228 4645/13006/1228 4646/13007/1228 4647/13008/1228 4648/13009/1228 4649/13010/1228 4650/13011/1228 4651/13012/1228 4652/13013/1228 4653/13014/1228 4654/13015/1228 4655/13016/1228 4656/13017/1228 4657/13018/1228 4658/13019/1228 4659/13020/1228 4660/13021/1228 4661/13022/1228 4662/13023/1228 4663/13024/1228 4530/13025/1228 

vn -1 -2.30042e-20 -0
vt -29.547 1
vt -29.547 7
f 3828/10641/1229 3827/10640/1229 4299/13026/1229 4531/13027/1229 

vt -44.8463 7
vn -0.58009 2.36119e-18 0.814553
vt -44.8463 1
vt -44.4557 1
vt -44.4557 7
f 4531/13028/1230 4299/13029/1230 4298/13030/1230 4532/13031/1230 

vt -36.6864 7
vn -0.108808 2.89533e-18 0.994063
vt -36.6864 1
vt -36.2764 1
vt -36.2764 7
f 4532/13032/1231 4298/13033/1231 4297/13034/1231 4533/13035/1231 

vt -42.4904 7
vn -0.847092 1.52975e-18 0.531447
vt -42.4904 1
vt -42.1904 1
vt -42.1904 7
f 4533/13036/1232 4297/13037/1232 4296/13038/1232 4534/13039/1232 

vt -33.1291 7
vt -33.1291 1
vt -33.0191 1
vt -33.0191 7
f 4534/13040/1200 4296/13041/1200 4295/13042/1200 4535/13043/1200 

vt -29.0217 7
vt -29.0217 1
vt -19.0317 1
vt -19.0317 7
f 4535/13044/1229 4295/13045/1229 4294/13046/1229 4536/13047/1229 

vt 33.0191 7
vn 0 -2.91514e-18 -1
vt 33.0191 1
vt 33.3566 1
vt 33.3566 7
f 4536/13048/1233 4294/13049/1233 4293/13050/1233 4537/13051/1233 

vt 10.2838 7
vn -0.704149 -2.0861e-18 -0.710052
vt 10.2838 1
vt 10.6638 1
vt 10.6638 7
f 4537/13052/1234 4293/13053/1234 4292/13054/1234 4538/13055/1234 

vt -6.87241 7
vn -0.946189 -9.65144e-19 -0.323613
vt -6.87241 1
vt -6.61241 1
vt -6.61241 7
f 4538/13056/1235 4292/13057/1235 4291/13058/1235 4539/13059/1235 

vt 17.4182 7
vn -0.563396 -2.42141e-18 -0.826187
vt 17.4182 1
vt 17.6782 1
vt 17.6782 7
f 4539/13060/1236 4291/13061/1236 4290/13062/1236 4540/13063/1236 

vt -11.1754 7
vn -0.979579 -6.08647e-19 -0.201058
vt -11.1754 1
vt -10.8154 1
vt -10.8154 7
f 4540/13064/1237 4290/13065/1237 4289/13066/1237 4541/13067/1237 

vt 33.9978 7
vt 33.9978 1
vt 40.3078 1
vt 40.3078 7
f 4541/13068/1233 4289/13069/1233 4288/13070/1233 4542/13071/1233 

vt 15.3473 7
vn -0.714143 -2.05702e-18 -0.7
vt 15.3473 1
vt 16.3073 1
vt 16.3073 7
f 4542/13072/1238 4288/13073/1238 4287/13074/1238 4543/13075/1238 

vt 37.9923 7
vn 0.812014 -1.68271e-18 -0.583638
vt 37.9923 1
vt 38.2923 1
vt 38.2923 7
f 4543/13076/1239 4287/13077/1239 4286/13078/1239 4544/13079/1239 

vt 41.1549 7
vt 41.1549 1
vt 41.3949 1
vt 41.3949 7
f 4544/13080/1233 4286/13081/1233 4285/13082/1233 4545/13083/1233 

vt 38.4634 7
vn 0.811235 -1.68588e-18 -0.58472
vt 38.4634 1
vt 39.0334 1
vt 39.0334 7
f 4545/13084/1240 4285/13085/1240 4284/13086/1240 4546/13087/1240 

vt 41.7281 7
vt 41.7281 1
vt 43.0181 1
vt 43.0181 7
f 4546/13088/1233 4284/13089/1233 4283/13090/1233 4329/13091/1233 

vt -30.1632 -2.80778e-15
vn 0.506568 2.52509e-18 0.8622
vt -29.9432 -1.38749e-15
vt -29.9432 7
vt -30.1632 7
f 4330/13092/1241 4492/13093/1241 4547/13094/1241 4331/13095/1241 

vt -41.8385 -1.43207e-15
vt -41.5785 -1.43207e-15
vt -41.5785 7
vt -41.8385 7
f 4492/13096/1200 4491/13097/1200 4548/13098/1200 4547/13099/1200 

vt -21.1394 -1.38823e-15
vn 0.701568 2.09347e-18 0.712602
vt -20.9094 -1.3646e-15
vt -20.9094 7
vt -21.1394 7
f 4491/13100/1242 4490/13101/1242 4549/13102/1242 4548/13103/1242 

vt 12.2622 -1.44277e-15
vn 1 2.30042e-20 -0
vt 12.4922 -1.44277e-15
vt 12.4922 7
vt 12.2622 7
f 4490/13104/1243 4489/13105/1243 4550/13106/1243 4549/13107/1243 

vt -30.9222 -1.36524e-15
vn 0.463061 2.59442e-18 0.886326
vt -30.4822 -1.36534e-15
vt -30.4822 7
vt -30.9222 7
f 4489/13108/1244 4488/13109/1244 4551/13110/1244 4550/13111/1244 

vt -12.6959 -1.44288e-15
vt -12.5559 -1.44288e-15
vt -12.5559 7
vt -12.6959 7
f 4488/13112/1229 4487/13113/1229 4552/13114/1229 4551/13115/1229 

vt -42.5604 -1.45815e-15
vn -0.410921 2.64819e-18 0.911671
vt -42.3504 -2.18264e-15
vt -42.3504 7
vt -42.5604 7
f 4487/13116/1245 4486/13117/1245 4553/13118/1245 4552/13119/1245 

vt -37.413 -2.20978e-15
vn -0.716708 2.01645e-18 0.697373
vt -37.193 -2.20726e-15
vt -37.193 7
vt -37.413 7
f 4486/13120/1246 4485/13121/1246 4554/13122/1246 4553/13123/1246 

vt -42.4332 -2.17239e-15
vn -0.34366 2.72968e-18 0.939094
vt -42.2332 -2.17233e-15
vt -42.2332 7
vt -42.4332 7
f 4485/13124/1247 4484/13125/1247 4555/13126/1247 4554/13127/1247 

vt -40.4919 -2.13004e-15
vt -40.2685 -2.13004e-15
vt -40.2685 7
vt -40.4919 7
f 4484/13128/1200 4483/13129/1200 4556/13130/1200 4555/13131/1200 

vt -29.8689 -2.20611e-15
vn -0.880507 1.36162e-18 0.474034
vt -29.5689 -2.20611e-15
vt -29.5689 7
vt -29.8689 7
f 4483/13132/1248 4482/13133/1248 4557/13134/1248 4556/13135/1248 

vt -40.1263 -2.13081e-15
vt -37.0563 -2.13081e-15
vt -37.0563 7
vt -40.1263 7
f 4482/13136/1200 4481/13137/1200 4558/13138/1200 4557/13139/1200 

vt -26.2142 -2.09253e-15
vn 0.496634 2.54165e-18 0.86796
vt -25.9542 -2.09253e-15
vt -25.9542 7
vt -26.2142 7
f 4481/13140/1249 4480/13141/1249 4559/13142/1249 4558/13143/1249 

vt -36.8306 -2.13044e-15
vt -36.5706 -2.13044e-15
vt -36.5706 7
vt -36.8306 7
f 4480/13144/1200 4479/13145/1200 4560/13146/1200 4559/13147/1200 

vt -10.2231 -2.10494e-15
vn 0.831872 1.63695e-18 0.554968
vt -10.0131 -2.10494e-15
vt -10.0131 7
vt -10.2231 7
f 4479/13148/1250 4478/13149/1250 4561/13150/1250 4560/13151/1250 

vt 12.2829 -2.1649e-15
vt 12.4746 -2.1649e-15
vt 12.4746 7
vt 12.2829 7
f 4478/13152/1243 4477/13153/1243 4562/13154/1243 4561/13155/1243 

vt -25.1656 -2.09198e-15
vn 0.504967 2.52778e-18 0.863138
vt -24.7656 -2.09198e-15
vt -24.7656 7
vt -25.1656 7
f 4477/13156/1251 4476/13157/1251 4563/13158/1251 4562/13159/1251 

vt -7.45566 -2.10933e-15
vn 0.860931 1.5028e-18 0.508722
vt -7.26566 -2.10933e-15
vt -7.26566 7
vt -7.45566 7
f 4476/13160/1252 4475/13161/1252 4564/13162/1252 4563/13163/1252 

vt -12.8402 -2.16491e-15
vt -12.5702 -2.16491e-15
vt -12.5702 7
vt -12.8402 7
f 4475/13164/1229 4474/13165/1229 4565/13166/1229 4564/13167/1229 

vt -36.25 -2.19306e-15
vn -0.606936 2.30285e-18 0.794751
vt -35.82 -2.19306e-15
vt -35.82 7
vt -36.25 7
f 4474/13168/1253 4473/13169/1253 4566/13170/1253 4565/13171/1253 

vt -37.3217 -2.1498e-15
vn -0.183176 2.8616e-18 0.98308
vt -36.9217 -2.1498e-15
vt -36.9217 7
vt -37.3217 7
f 4473/13172/1254 4472/13173/1254 4567/13174/1254 4566/13175/1254 

vt -29.3043 -2.2016e-15
vn -0.842691 1.55012e-18 0.538397
vt -28.9943 -2.2016e-15
vt -28.9943 7
vt -29.3043 7
f 4472/13176/1255 4471/13177/1255 4568/13178/1255 4567/13179/1255 

vt -35.1103 -2.13083e-15
vt -33.0503 -2.13083e-15
vt -33.0503 7
vt -35.1103 7
f 4471/13180/1200 4470/13181/1200 4569/13182/1200 4568/13183/1200 

vt -22.3526 -2.09734e-15
vn 0.509028 2.52092e-18 0.86075
vt -22.0926 -2.09734e-15
vt -22.0926 7
vt -22.3526 7
f 4470/13184/1256 4469/13185/1256 4570/13186/1256 4569/13187/1256 

vt -32.8265 -2.13044e-15
vt -32.5965 -2.13044e-15
vt -32.5965 7
vt -32.8265 7
f 4469/13188/1200 4468/13189/1200 4571/13190/1200 4570/13191/1200 

vt -14.1988 -2.10039e-15
vn 0.713537 2.05881e-18 0.700618
vt -13.9788 -2.10039e-15
vt -13.9788 7
vt -14.1988 7
f 4468/13192/1257 4467/13193/1257 4572/13194/1257 4571/13195/1257 

vt 12.2641 -2.16499e-15
vt 12.4741 -2.16499e-15
vt 12.4741 7
vt 12.2641 7
f 4467/13196/1243 4466/13197/1243 4573/13198/1243 4572/13199/1243 

vt -22.7661 -2.09788e-15
vn 0.470233 2.58355e-18 0.882542
vt -22.2761 -2.09788e-15
vt -22.2761 7
vt -22.7661 7
f 4466/13200/1258 4465/13201/1258 4574/13202/1258 4573/13203/1258 

vt -22.2068 -2.18951e-15
vn -0.9483 9.0338e-19 0.317376
vt -21.9668 -2.18951e-15
vt -21.9668 7
vt -22.2068 7
f 4465/13204/1259 4464/13205/1259 4575/13206/1259 4574/13207/1259 

vt -31.9338 -2.12936e-15
vt -31.8338 -2.12936e-15
vt -31.8338 7
vt -31.9338 7
f 4464/13208/1200 4463/13209/1200 4576/13210/1200 4575/13211/1200 

vt -30.3934 -2.19562e-15
vn -0.750858 1.90807e-18 0.660464
vt -30.1534 -2.19562e-15
vt -30.1534 7
vt -30.3934 7
f 4463/13212/1260 4462/13213/1260 4577/13214/1260 4576/13215/1260 

vt -33.3245 -2.14671e-15
vn -0.172926 2.86724e-18 0.984935
vt -32.9145 -2.14671e-15
vt -32.9145 7
vt -33.3245 7
f 4462/13216/1261 4461/13217/1261 4578/13218/1261 4577/13219/1261 

vt -26.072 -2.19576e-15
vn -0.869601 1.41936e-18 0.493755
vt -25.782 -2.19576e-15
vt -25.782 7
vt -26.072 7
f 4461/13220/1262 4460/13221/1262 4579/13222/1262 4578/13223/1262 

vt -31.1282 -2.13083e-15
vt -30.9882 -2.13083e-15
vt -30.9882 7
vt -31.1282 7
f 4460/13224/1200 4459/13225/1200 4580/13226/1200 4579/13227/1200 

vt -16.0861 -2.10031e-15
vn 0.641623 2.25073e-18 0.76702
vt -15.8561 -2.10031e-15
vt -15.8561 7
vt -16.0861 7
f 4459/13228/1263 4458/13229/1263 4581/13230/1263 4580/13231/1263 

vt -30.8118 -2.1304e-15
vt -30.5818 -2.1304e-15
vt -30.5818 7
vt -30.8118 7
f 4458/13232/1200 4457/13233/1200 4582/13234/1200 4581/13235/1200 

vt -14.7898 -2.10129e-15
vn 0.664731 2.19314e-18 0.747083
vt -14.5798 -2.10129e-15
vt -14.5798 7
vt -14.7898 7
f 4457/13236/1264 4456/13237/1264 4583/13238/1264 4582/13239/1264 

vt 12.2608 -2.16503e-15
vt 12.4808 -2.16503e-15
vt 12.4808 7
vt 12.2608 7
f 4456/13240/1243 4455/13241/1243 4584/13242/1243 4583/13243/1243 

vt -20.7329 -2.10013e-15
vn 0.478872 2.57017e-18 0.877885
vt -20.2929 -2.10013e-15
vt -20.2929 7
vt -20.7329 7
f 4455/13244/1265 4454/13245/1265 4585/13246/1265 4584/13247/1265 

vt 12.6915 -2.16504e-15
vt 19.3615 -2.16504e-15
vt 19.3615 7
vt 12.6915 7
f 4454/13248/1243 4453/13249/1243 4586/13250/1243 4585/13251/1243 

vt 33.2454 -2.18778e-15
vn 0.812376 -1.68123e-18 -0.583135
vt 33.5154 -1.46885e-15
vt 33.5154 7
vt 33.2454 7
f 4453/13252/1266 4452/13253/1266 4587/13254/1266 4586/13255/1266 

vt 30.1961 -1.38973e-15
vt 30.4249 -1.38973e-15
vt 30.4249 7
vt 30.1961 7
f 4452/13256/1233 4451/13257/1233 4588/13258/1233 4587/13259/1233 

vt 33.4267 -1.46955e-15
vn 0.82181 -1.64203e-18 -0.569762
vt 33.8867 -1.46656e-15
vt 33.8867 7
vt 33.4267 7
f 4451/13260/1267 4450/13261/1267 4589/13262/1267 4588/13263/1267 

vt 30.687 -1.38564e-15
vt 30.977 -1.38564e-15
vt 30.977 7
vt 30.687 7
f 4450/13264/1233 4449/13265/1233 4590/13266/1233 4589/13267/1233 

vt 19.9588 -1.44311e-15
vt 29.0388 -1.44311e-15
vt 29.0388 7
vt 19.9588 7
f 4449/13268/1243 4448/13269/1243 4591/13270/1243 4590/13271/1243 

vt -13.061 -1.3403e-15
vn 0.48381 2.56238e-18 0.875173
vt -12.911 -2.07591e-15
vt -12.911 7
vt -13.061 7
f 4448/13272/1268 4447/13273/1268 4592/13274/1268 4591/13275/1268 

vt -30.8457 -2.09457e-15
vt -30.5557 -2.09457e-15
vt -30.5557 7
vt -30.8457 7
f 4447/13276/1200 4446/13277/1200 4593/13278/1200 4592/13279/1200 

vt 0.934799 -2.09586e-15
vn 0.739112 1.98059e-18 0.673582
vt 1.1448 -2.08184e-15
vt 1.1448 7
vt 0.934799 7
f 4446/13280/1269 4445/13281/1269 4594/13282/1269 4593/13283/1269 

vt 29.2666 -2.16471e-15
vt 29.4966 -2.16471e-15
vt 29.4966 7
vt 29.2666 7
f 4445/13284/1243 4444/13285/1243 4595/13286/1243 4594/13287/1243 

vt -13.6425 -2.06089e-15
vn 0.455449 2.60571e-18 0.890262
vt -13.2425 -2.06121e-15
vt -13.2425 7
vt -13.6425 7
f 4444/13288/1270 4443/13289/1270 4596/13290/1270 4595/13291/1270 

vt 19.5972 -2.13302e-15
vn 0.956332 8.74048e-19 0.292284
vt 19.9172 -2.13303e-15
vt 19.9172 7
vt 19.5972 7
f 4443/13292/1271 4442/13293/1271 4597/13294/1271 4596/13295/1271 

vt -29.9647 -2.07832e-15
vt -27.0247 -2.07832e-15
vt -27.0247 7
vt -29.9647 7
f 4442/13296/1200 4441/13297/1200 4598/13298/1200 4597/13299/1200 

vt -29.9848 -2.16511e-15
vt -29.5548 -2.16511e-15
vt -29.5548 7
vt -29.9848 7
f 4441/13300/1229 4440/13301/1229 4599/13302/1229 4598/13303/1229 

vt -39.541 -2.15132e-15
vn -0.621652 2.26911e-18 0.783294
vt -39.401 -2.15133e-15
vt -39.401 7
vt -39.541 7
f 4440/13304/1272 4439/13305/1272 4600/13306/1272 4599/13307/1272 

vt -26.915 -2.07983e-15
vt -26.835 -2.07983e-15
vt -26.835 7
vt -26.915 7
f 4439/13308/1200 4438/13309/1200 4601/13310/1200 4600/13311/1200 

vt -39.8292 -2.1628e-15
vn -0.714386 2.02344e-18 0.699752
vt -39.5992 -2.1628e-15
vt -39.5992 7
vt -39.8292 7
f 4438/13312/1273 4437/13313/1273 4602/13314/1273 4601/13315/1273 

vt -31.9436 -2.09884e-15
vn -0.197816 2.85298e-18 0.980239
vt -31.5336 -2.09884e-15
vt -31.5336 7
vt -31.9436 7
f 4437/13316/1274 4436/13317/1274 4603/13318/1274 4602/13319/1274 

vt -38.5619 -2.17689e-15
vn -0.858377 1.47578e-18 0.513019
vt -38.2719 -2.17689e-15
vt -38.2719 7
vt -38.5619 7
f 4436/13320/1275 4435/13321/1275 4604/13322/1275 4603/13323/1275 

vt -26.1234 -2.08127e-15
vt -26.0034 -2.08127e-15
vt -26.0034 7
vt -26.1234 7
f 4435/13324/1200 4434/13325/1200 4605/13326/1200 4604/13327/1200 

vt -28.9734 -2.16514e-15
vt -28.5734 -2.16514e-15
vt -28.5734 7
vt -28.9734 7
f 4434/13328/1229 4433/13329/1229 4606/13330/1229 4605/13331/1229 

vt -36.5107 -2.13354e-15
vn -0.478855 2.54817e-18 0.877894
vt -36.0807 -1.40892e-15
vt -36.0807 7
vt -36.5107 7
f 4433/13332/1276 4432/13333/1276 4607/13334/1276 4606/13335/1276 

vt -37.475 -1.4522e-15
vn -0.859851 1.46853e-18 0.510546
vt -37.035 -1.45492e-15
vt -37.035 7
vt -37.475 7
f 4432/13336/1277 4431/13337/1277 4608/13338/1277 4607/13339/1277 

vt -25.4012 -1.36224e-15
vt -25.0212 -1.36224e-15
vt -25.0212 7
vt -25.4012 7
f 4431/13340/1200 4430/13341/1200 4609/13342/1200 4608/13343/1200 

vt -9.09409 -1.3495e-15
vn 0.466033 2.58994e-18 0.884767
vt -8.85409 -2.064e-15
vt -8.85409 7
vt -9.09409 7
f 4430/13344/1278 4429/13345/1278 4610/13346/1278 4609/13347/1278 

vt -24.8089 -2.07641e-15
vt -24.5789 -2.07641e-15
vt -24.5789 7
vt -24.8089 7
f 4429/13348/1200 4428/13349/1200 4611/13350/1200 4610/13351/1200 

vt 4.56789 -2.08571e-15
vn 0.74551 1.96007e-18 0.666495
vt 4.78789 -2.09312e-15
vt 4.78789 7
vt 4.56789 7
f 4428/13352/1279 4427/13353/1279 4612/13354/1279 4611/13355/1279 

vt 28.2651 -2.16519e-15
vt 28.4851 -2.16519e-15
vt 28.4851 7
vt 28.2651 7
f 4427/13356/1243 4426/13357/1243 4613/13358/1243 4612/13359/1243 

vt -7.69918 -2.0715e-15
vn 0.481472 2.56608e-18 0.876461
vt -7.26918 -2.07148e-15
vt -7.26918 7
vt -7.69918 7
f 4426/13360/1280 4425/13361/1280 4614/13362/1280 4613/13363/1280 

vt 20.9569 -2.14014e-15
vn 0.961322 8.25019e-19 0.275426
vt 21.3469 -2.14014e-15
vt 21.3469 7
vt 20.9569 7
f 4425/13364/1281 4424/13365/1281 4615/13366/1281 4614/13367/1281 

vt -17.4485 -2.07037e-15
vn 0.205943 2.85739e-18 0.978564
vt -17.0785 -2.07037e-15
vt -17.0785 7
vt -17.4485 7
f 4424/13368/1282 4423/13369/1282 4616/13370/1282 4615/13371/1282 

vt 0.690409 -2.08152e-15
vn 0.643306 2.24666e-18 0.765609
vt 0.900409 -2.08152e-15
vt 0.900409 7
vt 0.690409 7
f 4423/13372/1283 4422/13373/1283 4617/13374/1283 4616/13375/1283 

vt 29.2783 -2.1652e-15
vt 29.5083 -2.1652e-15
vt 29.5083 7
vt 29.2783 7
f 4422/13376/1243 4421/13377/1243 4618/13378/1243 4617/13379/1243 

vt -8.34686 -2.06882e-15
vn 0.432787 2.63794e-18 0.901496
vt -7.94686 -2.42893e-15
vt -7.94686 7
vt -8.34686 7
f 4421/13380/1284 4420/13381/1284 4619/13382/1284 4618/13383/1284 

vt 21.7087 -2.4992e-15
vn 0.956946 8.68179e-19 0.290266
vt 22.0187 -2.14108e-15
vt 22.0187 7
vt 21.7087 7
f 4420/13384/1285 4419/13385/1285 4620/13386/1285 4619/13387/1285 

vt -22.9745 -2.08033e-15
vt -22.0145 -2.08033e-15
vt -22.0145 7
vt -22.9745 7
f 4419/13388/1200 4418/13389/1200 4621/13390/1200 4620/13391/1200 

vt -29.9781 -2.16722e-15
vt -28.5781 -2.16722e-15
vt -28.5781 7
vt -29.9781 7
f 4418/13392/1229 4417/13393/1229 4622/13394/1229 4621/13395/1229 

vt -34.9283 -2.14711e-15
vn -0.614449 2.28578e-18 0.788957
vt -34.4783 -1.41657e-15
vt -34.4783 7
vt -34.9283 7
f 4417/13396/1286 4416/13397/1286 4623/13398/1286 4622/13399/1286 

vt -27.6876 -1.37372e-15
vn -0.234299 2.82861e-18 0.972165
vt -27.2476 -1.38043e-15
vt -27.2476 7
vt -27.6876 7
f 4416/13400/1287 4415/13401/1287 4624/13402/1287 4623/13403/1287 

vt -35.1184 -1.4492e-15
vn -0.855395 1.4903e-18 0.517976
vt -34.8684 -1.44912e-15
vt -34.8684 7
vt -35.1184 7
f 4415/13404/1288 4414/13405/1288 4625/13406/1288 4624/13407/1288 

vt -21.1023 -1.36224e-15
vt -20.0423 -1.36224e-15
vt -20.0423 7
vt -21.1023 7
f 4414/13408/1200 4413/13409/1200 4626/13410/1200 4625/13411/1200 

vt -4.18975 -1.35602e-15
vn 0.478975 2.57001e-18 0.877829
vt -3.92975 -2.07055e-15
vt -3.92975 7
vt -4.18975 7
f 4413/13412/1289 4412/13413/1289 4627/13414/1289 4626/13415/1289 

vt -19.814 -2.07641e-15
vt -19.554 -2.07641e-15
vt -19.554 7
vt -19.814 7
f 4412/13416/1200 4411/13417/1200 4628/13418/1200 4627/13419/1200 

vt 9.62667 -2.09768e-15
vn 0.778818 1.84644e-18 0.62725
vt 9.81667 -2.1051e-15
vt 9.81667 7
vt 9.62667 7
f 4411/13420/1290 4410/13421/1290 4629/13422/1290 4628/13423/1290 

vt 28.2571 -2.16533e-15
vt 28.4658 -2.16533e-15
vt 28.4658 7
vt 28.2571 7
f 4410/13424/1243 4409/13425/1243 4630/13426/1243 4629/13427/1243 

vt -2.79528 -2.07837e-15
vn 0.495024 2.54429e-18 0.868879
vt -2.40528 -2.07833e-15
vt -2.40528 7
vt -2.79528 7
f 4409/13428/1291 4408/13429/1291 4631/13430/1291 4630/13431/1291 

vt 14.4065 -2.11735e-15
vn 0.851778 1.54685e-18 0.523904
vt 14.5565 -2.11735e-15
vt 14.5565 7
vt 14.4065 7
f 4408/13432/1292 4407/13433/1292 4632/13434/1292 4631/13435/1292 

vt -28.7867 -2.1653e-15
vt -28.5667 -2.1653e-15
vt -28.5667 7
vt -28.7867 7
f 4407/13436/1229 4406/13437/1229 4633/13438/1229 4632/13439/1229 

vt -32.1878 -2.13784e-15
vn -0.588553 2.34323e-18 0.808459
vt -31.7578 -2.13784e-15
vt -31.7578 7
vt -32.1878 7
f 4406/13440/1293 4405/13441/1293 4634/13442/1293 4633/13443/1293 

vt -23.7104 -2.09644e-15
vn -0.190046 2.85764e-18 0.981775
vt -23.2904 -2.09644e-15
vt -23.2904 7
vt -23.7104 7
f 4405/13444/1294 4404/13445/1294 4635/13446/1294 4634/13447/1294 

vt -33.5167 -2.16937e-15
vn -0.880147 1.36358e-18 0.474702
vt -33.2167 -2.16937e-15
vt -33.2167 7
vt -33.5167 7
f 4404/13448/1295 4403/13449/1295 4636/13450/1295 4635/13451/1295 

vt -18.115 -2.0842e-15
vt -17.055 -2.0842e-15
vt -17.055 7
vt -18.115 7
f 4403/13452/1200 4402/13453/1200 4637/13454/1200 4636/13455/1200 

vt -0.401044 -2.08322e-15
vn 0.510123 2.51905e-18 0.860101
vt -0.151044 -2.08322e-15
vt -0.151044 7
vt -0.401044 7
f 4402/13456/1296 4401/13457/1296 4638/13458/1296 4637/13459/1296 

vt -16.84 -2.08383e-15
vt -16.5553 -2.08383e-15
vt -16.5553 7
vt -16.84 7
f 4401/13460/1200 4400/13461/1200 4639/13462/1200 4638/13463/1200 

vt 13.7465 -2.11627e-15
vn 0.82351 1.67271e-18 0.567302
vt 13.9565 -2.11627e-15
vt 13.9565 7
vt 13.7465 7
f 4400/13464/1297 4399/13465/1297 4640/13466/1297 4639/13467/1297 

vt 28.2702 -2.16536e-15
vt 28.488 -2.16536e-15
vt 28.488 7
vt 28.2702 7
f 4399/13468/1243 4398/13469/1243 4641/13470/1243 4640/13471/1243 

vt -4.03167 -2.07781e-15
vn 0.389792 2.69353e-18 0.920903
vt -3.56167 -2.07781e-15
vt -3.56167 7
vt -4.03167 7
f 4398/13472/1298 4397/13473/1298 4642/13474/1298 4641/13475/1298 

vt -32.1337 -2.17144e-15
vn -0.954738 8.4514e-19 0.297448
vt -31.9237 -2.17144e-15
vt -31.9237 7
vt -32.1337 7
f 4397/13476/1299 4396/13477/1299 4643/13478/1299 4642/13479/1299 

vt -15.9408 -2.08274e-15
vt -15.8108 -2.08274e-15
vt -15.8108 7
vt -15.9408 7
f 4396/13480/1200 4395/13481/1200 4644/13482/1200 4643/13483/1200 

vt -32.4766 -2.16191e-15
vn -0.835812 1.58123e-18 0.549016
vt -32.2666 -2.16191e-15
vt -32.2666 7
vt -32.4766 7
f 4395/13484/1300 4394/13485/1300 4645/13486/1300 4644/13487/1300 

vt -19.6217 -2.09161e-15
vn -0.144584 2.88118e-18 0.989492
vt -19.1817 -2.09161e-15
vt -19.1817 7
vt -19.6217 7
f 4394/13488/1301 4393/13489/1301 4646/13490/1301 4645/13491/1301 

vt -32.0918 -2.1656e-15
vn -0.87828 1.37366e-18 0.478147
vt -31.8118 -2.1656e-15
vt -31.8118 7
vt -32.0918 7
f 4393/13492/1302 4392/13493/1302 4647/13494/1302 4646/13495/1302 

vt -15.1263 -2.08415e-15
vt -14.0663 -2.08415e-15
vt -14.0663 7
vt -15.1263 7
f 4392/13496/1200 4391/13497/1200 4648/13498/1200 4647/13499/1200 

vt 0.309922 -2.08424e-15
vn 0.457908 2.60209e-18 0.889
vt 0.549922 -2.08424e-15
vt 0.549922 7
vt 0.309922 7
f 4391/13500/1303 4390/13501/1303 4649/13502/1303 4648/13503/1303 

vt -13.8529 -2.08383e-15
vt -13.5678 -2.08383e-15
vt -13.5678 7
vt -13.8529 7
f 4390/13504/1200 4389/13505/1200 4650/13506/1200 4649/13507/1200 

vt 16.9919 -2.12568e-15
vn 0.855136 1.53089e-18 0.518404
vt 17.2119 -2.12568e-15
vt 17.2119 7
vt 16.9919 7
f 4389/13508/1304 4388/13509/1304 4651/13510/1304 4650/13511/1304 

vt 28.2837 -2.16542e-15
vt 28.4803 -2.16542e-15
vt 28.4803 7
vt 28.2837 7
f 4388/13512/1243 4387/13513/1243 4652/13514/1243 4651/13515/1243 

vt 0.38962 -2.08289e-15
vn 0.43828 2.63032e-18 0.898838
vt 0.87962 -2.08289e-15
vt 0.87962 7
vt 0.38962 7
f 4387/13516/1305 4386/13517/1305 4653/13518/1305 4652/13519/1305 

vt -28.6951 -2.16543e-15
vt -28.5451 -2.16543e-15
vt -28.5451 7
vt -28.6951 7
f 4386/13520/1229 4385/13521/1229 4654/13522/1229 4653/13523/1229 

vt -25.2786 -2.11866e-15
vn -0.487529 2.53401e-18 0.873107
vt -24.9886 -2.11866e-15
vt -24.9886 7
vt -25.2786 7
f 4385/13524/1306 4384/13525/1306 4655/13526/1306 4654/13527/1306 

vt -30.7792 -2.15836e-15
vn -0.839614 1.56414e-18 0.543183
vt -30.6392 -2.15836e-15
vt -30.6392 7
vt -30.7792 7
f 4384/13528/1307 4383/13529/1307 4656/13530/1307 4655/13531/1307 

vt -12.6841 -2.08328e-15
vt -12.4841 -2.08328e-15
vt -12.4841 7
vt -12.6841 7
f 4383/13532/1200 4382/13533/1200 4657/13534/1200 4656/13535/1200 

vt -18.5537 -2.09563e-15
vn -0.225999 2.83452e-18 0.974128
vt -18.3037 -2.09563e-15
vt -18.3037 7
vt -18.5537 7
f 4382/13536/1308 4381/13537/1308 4658/13538/1308 4657/13539/1308 

vt -30.7007 -2.16304e-15
vn -0.888887 1.31505e-18 0.458126
vt -30.4207 -2.16304e-15
vt -30.4207 7
vt -30.7007 7
f 4381/13540/1309 4380/13541/1309 4659/13542/1309 4658/13543/1309 

vt -12.1123 -2.08417e-15
vt -11.0623 -2.08417e-15
vt -11.0623 7
vt -12.1123 7
f 4380/13544/1200 4379/13545/1200 4660/13546/1200 4659/13547/1200 

vt 4.26367 -2.08999e-15
vn 0.495732 2.54313e-18 0.868475
vt 4.51367 -2.08999e-15
vt 4.51367 7
vt 4.26367 7
f 4379/13548/1310 4378/13549/1310 4661/13550/1310 4660/13551/1310 

vt -10.8451 -2.08381e-15
vt -10.6051 -2.08381e-15
vt -10.6051 7
vt -10.8451 7
f 4378/13552/1200 4377/13553/1200 4662/13554/1200 4661/13555/1200 

vt 13.9459 -2.11372e-15
vn 0.747055 1.95506e-18 0.664762
vt 14.1859 -2.11372e-15
vt 14.1859 7
vt 13.9459 7
f 4377/13556/1311 4376/13557/1311 4663/13558/1311 4662/13559/1311 

vt 26.2926 -2.15864e-15
vn 0.987592 4.80515e-19 0.157041
vt 26.5026 -2.15864e-15
vt 26.5026 7
vt 26.2926 7
f 4376/13560/1312 4375/13561/1312 4530/13562/1312 4663/13563/1312 

usemtl FrontColor
vt 630.102 -8.46848e-14
vt 708.842 -8.17124e-14
vt 708.842 39.3701
f 2580/13564/1 2578/13565/1 2579/13566/1

vt -4644.64 708.842
vn 5.71328e-19 -1 -3.74642e-17
vt -4684.01 708.842
vt -4684.01 630.102
vt -4644.64 630.102
f 2578/13567/1313 2574/13568/1313 2571/13569/1313 2580/13570/1313 

vt -4684.01 -8.17124e-14
vt -4644.64 -8.17124e-14
vt -4644.64 39.3701
vt -4684.01 39.3701
f 2574/13571/5 2578/13572/5 2579/13573/5 2572/13574/5 

usemtl _7
vt 117.974 16.551
vt 117.974 14.3149
vt 118.974 14.3149
vt 118.974 16.551
f 2579/13575/17 2580/13576/17 2571/13577/17 2572/13578/17 

usemtl FrontColor
vt -708.842 -8.17124e-14
vt -630.102 -8.46399e-14
vt -708.842 39.3701
f 2574/13579/3 2571/13580/3 2572/13581/3

usemtl _4
vt 89.0205 13
vt 89.0205 2.50259
vt 93.9894 2.50259
vt 93.9894 13
f 2330/13582/5 2468/13583/5 2471/13584/5 2331/13585/5 

vt 29.9985 2.50259
vt 29.9985 13
f 2471/4147/139 2470/13586/139 2332/13587/139 2331/4142/139 

vt -93.9894 2.50259
vt -81.9894 2.50259
vt -81.9894 13
vt -93.9894 13
f 2470/13588/140 2469/13589/140 2333/13590/140 2332/13591/140 

vt -29.9985 2.50259
vt -29.9985 13
f 2469/13592/146 2467/4124/146 2334/4123/146 2333/13593/146 

vt 73.9963 13
vt 73.9963 1
vt 78.0774 1
vt 78.0774 13
f 2371/13594/5 2399/13595/5 2424/13596/5 2372/13597/5 

vt 18.3648 1
vt 18.3648 13
f 2424/3987/139 2423/13598/139 2373/13599/139 2372/3981/139 

vt 55.9989 1
vn 0.85677 -7.45667e-19 -0.515699
vt 56.2389 1
vt 56.2389 13
vt 55.9989 13
f 2423/13600/1314 2422/13601/1314 2374/13602/1314 2373/13603/1314 

vt 78.2012 1
vt 78.4312 1
vt 78.4312 13
vt 78.2012 13
f 2422/13604/243 2421/13605/243 2375/13606/243 2374/13607/243 

vt 60.046 1
vn 0.820776 -7.5183e-19 -0.57125
vt 60.516 1
vt 60.516 13
vt 60.046 13
f 2421/13608/1315 2420/13609/1315 2376/13610/1315 2375/13611/1315 

vt 78.6997 1
vt 78.9997 1
vt 78.9997 13
vt 78.6997 13
f 2420/13612/243 2419/13613/243 2377/13614/243 2376/13615/243 

vt 18.9562 1
vt 29.0462 1
vt 29.0462 13
vt 18.9562 13
f 2419/13616/139 2418/13617/139 2378/13618/139 2377/13619/139 

vt -72.1886 1
vn 0.18668 3.69067e-19 0.982421
vt -71.7767 1
vt -71.7767 13
vt -72.1886 13
f 2418/13620/1316 2417/13621/1316 2379/13622/1316 2378/13623/1316 

vt -33.8241 1
vn 0.717737 -7.68394e-20 0.696314
vt -33.6541 1
vt -33.6541 13
vt -33.8241 13
f 2417/13624/1317 2416/13625/1317 2380/13626/1317 2379/13627/1317 

vt 29.2451 1
vt 29.4648 1
vt 29.4648 13
vt 29.2451 13
f 2416/13628/139 2415/13629/139 2381/13630/139 2380/13631/139 

vt -54.5881 1
vn 0.481571 1.47123e-19 0.876407
vt -54.1381 1
vt -54.1381 13
vt -54.5881 13
f 2415/13632/1318 2414/13633/1318 2382/13634/1318 2381/13635/1318 

vt -21.6963 1
vn 0.810374 -1.83993e-19 0.585913
vt -21.5263 1
vt -21.5263 13
vt -21.6963 13
f 2414/13636/1319 2413/13637/1319 2383/13638/1319 2382/13639/1319 

vt 29.8193 1
vt 29.9893 1
vt 29.9893 13
vt 29.8193 13
f 2413/13640/139 2412/13641/139 2384/13642/139 2383/13643/139 

vt -77.9827 1
vt -72.0227 1
vt -72.0227 13
vt -77.9827 13
f 2412/13644/140 2411/13645/140 2385/13646/140 2384/13647/140 

vt -29.9893 1
vt -29.5893 1
vt -29.5893 13
vt -29.9893 13
f 2411/13648/146 2410/13649/146 2386/13650/146 2385/13651/146 

vt -75.7617 1
vn -0.583236 7.31548e-19 0.812303
vt -75.3517 1
vt -75.3517 13
vt -75.7617 13
f 2410/13652/1320 2409/13653/1320 2387/13654/1320 2386/13655/1320 

vt -76.0424 1
vn -0.195382 5.89109e-19 0.980727
vt -75.6324 1
vt -75.6324 13
vt -76.0424 13
f 2409/13656/1321 2408/13657/1321 2388/13658/1321 2387/13659/1321 

vt -61.2297 1
vn -0.863486 7.4405e-19 0.504373
vt -60.9197 1
vt -60.9197 13
vt -61.2297 13
f 2408/13660/1322 2407/13661/1322 2389/13662/1322 2388/13663/1322 

vt -71.1312 1
vt -71.0112 1
vt -71.0112 13
vt -71.1312 13
f 2407/13664/140 2406/13665/140 2390/13666/140 2389/13667/140 

vt -29.0023 1
vt -19.0123 1
vt -19.0123 13
vt -29.0023 13
f 2406/13668/146 2405/13669/146 2391/13670/146 2390/13671/146 

vt 71.0112 1
vt 71.3581 1
vt 71.3581 13
vt 71.0112 13
f 2405/13672/243 2404/13673/243 2392/13674/243 2391/13675/243 

vt 38.4253 1
vn -0.691214 4.87204e-20 -0.72265
vt 38.7953 1
vt 38.7953 13
vt 38.4253 13
f 2404/13676/1323 2403/13677/1323 2393/13678/1323 2392/13679/1323 

vt 3.65039 1
vn -0.953714 4.05325e-19 -0.300714
vt 3.92039 1
vt 3.92039 13
vt 3.65039 13
f 2403/13680/1324 2402/13681/1324 2394/13682/1324 2393/13683/1324 

vt 71.7067 1
vt 71.8067 1
vt 71.8067 13
vt 71.7067 13
f 2402/13684/243 2401/13685/243 2395/13686/243 2394/13687/243 

vt 36.5796 1
vn -0.719279 7.85041e-20 -0.694721
vt 36.7696 1
vt 36.7696 13
vt 36.5796 13
f 2401/13688/1325 2400/13689/1325 2396/13690/1325 2395/13691/1325 

vt -4.2874 1
vn -0.981599 4.74734e-19 -0.190956
vt -3.9274 1
vt -3.9274 13
vt -4.2874 13
f 2400/13692/1326 2397/13693/1326 1195/13694/1326 2396/13695/1326 

vt 86.7201 -1.42282e-15
vt 92.0285 -1.42282e-15
vt 92.0285 13
vt 86.7201 13
f 504/13696/213 33/13697/213 437/13698/213 436/13699/213 

vt 94.5859 -2.16573e-15
vn 0.814362 0 -0.580357
vt 95.1265 -2.16573e-15
vt 95.1265 13
vt 94.5859 13
f 487/13700/1327 504/13701/1327 436/13702/1327 435/13703/1327 

g Mesh27 Model

usemtl _1
v -63.9996 -2.09272e-15 36.4892
vt 63.9996 -36.4892
vn -1.19357e-17 -1 7.96418e-19
v -63.9996 -2.16573e-15 31.9991
vt 63.9996 -31.9991
v -61.0161 -2.16573e-15 31.9991
vt 61.0161 -31.9991
v -61.0161 -2.16573e-15 35.2691
vt 61.0161 -35.2691
v -61.4389 -2.16573e-15 35.5167
vt 61.4389 -35.5167
v -61.4389 -2.16573e-15 35.7467
vt 61.4389 -35.7467
v -61.5626 -2.16573e-15 35.8633
vt 61.5626 -35.8633
v -62.0556 -2.16573e-15 35.9466
vt 62.0556 -35.9466
v -62.0556 -2.16573e-15 36.3166
vt 62.0556 -36.3166
v -62.4401 -2.16573e-15 36.5092
vt 62.4401 -36.5092
v -62.4401 -2.16573e-15 36.7292
vt 62.4401 -36.7292
v -62.5774 -2.16573e-15 36.8746
vt 62.5774 -36.8746
v -62.8682 -2.16573e-15 36.9483
vt 62.8682 -36.9483
v -63.1882 -2.16573e-15 36.9483
vt 63.1882 -36.9483
v -63.2741 -2.16573e-15 36.7567
vt 63.2741 -36.7567
v -63.6793 -2.16453e-15 36.6939
vt 63.6793 -36.6939
v -63.8396 -2.09272e-15 36.4892
vt 63.8396 -36.4892
f 4664/13704/1328 4665/13705/1328 4666/13706/1328 4667/13707/1328 4668/13708/1328 4669/13709/1328 4670/13710/1328 4671/13711/1328 4672/13712/1328 4673/13713/1328 4674/13714/1328 4675/13715/1328 4676/13716/1328 4677/13717/1328 4678/13718/1328 4679/13719/1328 4680/13720/1328 

vt 31.9991 -2.92962e-15
vn -1 1.19357e-17 -1.94079e-34
vt 36.4892 -2.85661e-15
v -63.9996 4 36.4892
vt 36.4892 4
v -63.9996 4 31.9991
vt 31.9991 4
f 4665/13721/1329 4664/13722/1329 4681/13723/1329 4682/13724/1329 

vt -63.9996 -2.12178e-15
vn 0 7.96418e-19 1
vt -63.8396 -2.12178e-15
v -63.8396 4 36.4892
vt -63.8396 4
f 4664/13725/1330 4680/13726/1330 4683/13727/1330 4681/949/1330 

vt -10.6364 -2.81215e-15
vn -0.787277 9.88779e-18 0.6166
vt -10.3764 -2.88395e-15
v -63.6793 4 36.6939
vt -10.3764 4
vt -10.6364 4
f 4680/13728/1331 4679/13729/1331 4684/13730/1331 4683/13731/1331 

vt -57.3063 -2.28489e-15
vn -0.153195 2.61551e-18 0.988196
vt -56.8963 -2.28608e-15
v -63.2741 4 36.7567
vt -56.8963 4
vt -57.3063 4
f 4679/13732/1332 4678/13733/1332 4685/13734/1332 4684/13735/1332 

vt 7.64706 -2.98202e-15
vn -0.912447 1.12166e-17 0.409195
vt 7.85706 -2.98202e-15
v -63.1882 4 36.9483
vt 7.85706 4
vt 7.64706 4
f 4678/13736/1333 4677/13737/1333 4686/13738/1333 4685/13739/1333 

vt -63.1882 -2.19516e-15
vt -62.8682 -2.19516e-15
v -62.8682 4 36.9483
vt -62.8682 4
vt -63.1882 4
f 4677/13740/1330 4676/13741/1330 4687/13742/1330 4686/13743/1330 

vt -70.0218 -2.12171e-15
vn 0.245821 -2.16208e-18 0.969315
vt -69.7218 -2.12171e-15
v -62.5774 4 36.8746
vt -69.7218 4
vt -70.0218 4
f 4676/13744/1334 4675/13745/1334 4688/13746/1334 4687/13747/1334 

vt -69.7725 -2.32988e-15
vn 0.727113 -8.13186e-18 0.686518
vt -69.5725 -2.32988e-15
v -62.4401 4 36.7292
vt -69.5725 4
vt -69.7725 4
f 4675/13748/1335 4674/13749/1335 4689/13750/1335 4688/13751/1335 

vt -36.7292 -2.911e-15
vn 1 -1.19357e-17 -0
vt -36.5092 -2.911e-15
v -62.4401 4 36.5092
vt -36.5092 4
vt -36.7292 4
f 4674/13752/1336 4673/13753/1336 4690/13754/1336 4689/13755/1336 

vt -72.1785 -2.14403e-15
vn 0.447772 -4.63237e-18 0.894148
vt -71.7485 -2.14403e-15
v -62.0556 4 36.3166
vt -71.7485 4
vt -72.1785 4
f 4673/13756/1337 4672/13757/1337 4691/13758/1337 4690/13759/1337 

vt -36.3166 -2.90641e-15
vt -35.9466 -2.90641e-15
v -62.0556 4 35.9466
vt -35.9466 4
vt -36.3166 4
f 4672/13760/1336 4671/13761/1336 4692/13762/1336 4691/13763/1336 

vt -67.1774 -2.13552e-15
vn 0.166612 -1.20335e-18 0.986023
vt -66.6774 -2.13552e-15
v -61.5626 4 35.8633
vt -66.6774 4
vt -67.1774 4
f 4671/13764/1338 4670/13765/1338 4693/13766/1338 4692/13767/1338 

vt -69.3972 -2.28844e-15
vn 0.685914 -7.60734e-18 0.727682
vt -69.2272 -2.28844e-15
v -61.4389 4 35.7467
vt -69.2272 4
vt -69.3972 4
f 4670/13768/1339 4669/13769/1339 4694/13770/1339 4693/13771/1339 

vt -35.7467 -2.89905e-15
vt -35.5167 -2.89905e-15
v -61.4389 4 35.5167
vt -35.5167 4
vt -35.7467 4
f 4669/13772/1336 4668/13773/1336 4695/13774/1336 4694/13775/1336 

vt -70.9649 -2.16783e-15
vn 0.505257 -5.34333e-18 0.862969
vt -70.4749 -2.16783e-15
v -61.0161 4 35.2691
vt -70.4749 4
vt -70.9649 4
f 4668/13776/1340 4667/13777/1340 4696/13778/1340 4695/13779/1340 

vt -35.2691 -2.89401e-15
vt -31.9991 -2.89401e-15
v -61.0161 4 31.9991
vt -31.9991 4
vt -35.2691 4
f 4667/13780/1336 4666/13781/1336 4697/13782/1336 4696/13783/1336 

vt 61.0161 -2.19122e-15
vn 0 -7.96418e-19 -1
vt 63.9996 -2.19122e-15
vt 63.9996 4
vt 61.0161 4
f 4666/13784/1341 4665/13785/1341 4682/13786/1341 4697/13787/1341 

vt -63.9996 -31.9991
vn 1.19357e-17 1 -7.96418e-19
vt -63.9996 -36.4892
vt -63.8396 -36.4892
vt -63.6793 -36.6939
vt -63.2741 -36.7567
vt -63.1882 -36.9483
vt -62.8682 -36.9483
vt -62.5774 -36.8746
vt -62.4401 -36.7292
vt -62.4401 -36.5092
vt -62.0556 -36.3166
vt -62.0556 -35.9466
vt -61.5626 -35.8633
vt -61.4389 -35.7467
vt -61.4389 -35.5167
vt -61.0161 -35.2691
vt -61.0161 -31.9991
f 4682/13788/1342 4681/13789/1342 4683/13790/1342 4684/13791/1342 4685/13792/1342 4686/13793/1342 4687/13794/1342 4688/13795/1342 4689/13796/1342 4690/13797/1342 4691/13798/1342 4692/13799/1342 4693/13800/1342 4694/13801/1342 4695/13802/1342 4696/13803/1342 4697/13804/1342 

g Mesh28 Model

v -59.0165 -2.16573e-15 31.9991
vt 59.0165 -31.9991
v -55.0609 -2.16573e-15 31.9991
vt 55.0609 -31.9991
v -55.0609 -2.16573e-15 33.3078
vt 55.0609 -33.3078
v -55.4418 -2.16573e-15 33.5282
vt 55.4418 -33.5282
v -55.4418 -2.16573e-15 33.7482
vt 55.4418 -33.7482
v -55.5855 -2.16573e-15 33.8873
vt 55.5855 -33.8873
v -55.8455 -2.16573e-15 33.8873
vt 55.8455 -33.8873
v -56.0055 -2.16573e-15 34.0232
vt 56.0055 -34.0232
v -58.1255 -2.16573e-15 34.0232
vt 58.1255 -34.0232
v -58.274 -2.16573e-15 33.7625
vt 58.274 -33.7625
v -58.6893 -2.16573e-15 33.6998
vt 58.6893 -33.6998
v -58.8287 -2.16573e-15 33.5169
vt 58.8287 -33.5169
v -58.9387 -2.16573e-15 33.5169
vt 58.9387 -33.5169
v -59.0165 -2.16573e-15 33.4391
vt 59.0165 -33.4391
f 4698/13805/9 4699/13806/9 4700/13807/9 4701/13808/9 4702/13809/9 4703/13810/9 4704/13811/9 4705/13812/9 4706/13813/9 4707/13814/9 4708/13815/9 4709/13816/9 4710/13817/9 4711/13818/9 

vt 55.0609 -2.16573e-15
vt 59.0165 -2.16573e-15
v -59.0165 4 31.9991
vt 59.0165 4
v -55.0609 4 31.9991
vt 55.0609 4
f 4699/13819/5 4698/13820/5 4712/13821/5 4713/13822/5 

vt 31.9991 -2.16573e-15
vt 33.4391 -2.16573e-15
v -59.0165 4 33.4391
vt 33.4391 4
f 4698/13823/3 4711/13824/3 4714/13825/3 4712/13724/3 

vt -18.1091 -2.16573e-15
vn -0.706856 0 0.707358
vt -17.9991 -2.16573e-15
v -58.9387 4 33.5169
vt -17.9991 4
vt -18.1091 4
f 4711/13826/1343 4710/13827/1343 4715/13828/1343 4714/13829/1343 

vt -58.9387 -2.16573e-15
vt -58.8287 -2.16573e-15
v -58.8287 4 33.5169
vt -58.8287 4
vt -58.9387 4
f 4710/13830/7 4709/13831/7 4716/13832/7 4715/13833/7 

vt -8.98647 -2.16573e-15
vn -0.795485 0 0.605974
vt -8.75647 -2.16573e-15
v -58.6893 4 33.6998
vt -8.75647 4
vt -8.98647 4
f 4709/13834/1344 4708/13835/1344 4717/13836/1344 4716/13837/1344 

vt -53.0061 -2.16573e-15
vn -0.149161 0 0.988813
vt -52.5861 -2.16573e-15
v -58.274 4 33.7625
vt -52.5861 4
vt -53.0061 4
f 4708/13838/1345 4707/13839/1345 4718/13840/1345 4717/13841/1345 

vt 0.502266 -2.16573e-15
vn -0.86898 0 0.494846
vt 0.802266 -2.16573e-15
v -58.1255 4 34.0232
vt 0.802266 4
vt 0.502266 4
f 4707/13842/1346 4706/13843/1346 4719/13844/1346 4718/13845/1346 

vt -58.1255 -2.16573e-15
vt -56.0055 -2.16573e-15
v -56.0055 4 34.0232
vt -56.0055 4
vt -58.1255 4
f 4706/13846/7 4705/13847/7 4720/13848/7 4719/13849/7 

vt -64.7146 -2.16573e-15
vn 0.647152 0 0.762361
vt -64.5046 -2.16573e-15
v -55.8455 4 33.8873
vt -64.5046 4
vt -64.7146 4
f 4705/13850/1347 4704/13851/1347 4721/13852/1347 4720/13853/1347 

vt -55.8455 -2.16573e-15
vt -55.5855 -2.16573e-15
v -55.5855 4 33.8873
vt -55.5855 4
vt -55.8455 4
f 4704/13854/7 4703/13855/7 4722/13856/7 4721/13857/7 

vt -63.5076 -2.16573e-15
vn 0.69553 0 0.718497
vt -63.3076 -2.16573e-15
v -55.4418 4 33.7482
vt -63.3076 4
vt -63.5076 4
f 4703/13858/1348 4702/13859/1348 4723/13860/1348 4722/13861/1348 

vt -33.7482 -2.16573e-15
vt -33.5282 -2.16573e-15
v -55.4418 4 33.5282
vt -33.5282 4
vt -33.7482 4
f 4702/13862/1 4701/13863/1 4724/13864/1 4723/13865/1 

vt -64.7794 -2.16573e-15
vn 0.500884 0 0.865514
vt -64.3394 -2.16573e-15
v -55.0609 4 33.3078
vt -64.3394 4
vt -64.7794 4
f 4701/13866/1349 4700/13867/1349 4725/13868/1349 4724/13869/1349 

vt -33.3078 -2.16573e-15
vt -31.9991 -2.16573e-15
vt -33.3078 4
f 4700/13870/1 4699/13871/1 4713/13782/1 4725/13872/1 

vt -55.0609 -31.9991
vt -59.0165 -31.9991
vt -59.0165 -33.4391
vt -58.9387 -33.5169
vt -58.8287 -33.5169
vt -58.6893 -33.6998
vt -58.274 -33.7625
vt -58.1255 -34.0232
vt -56.0055 -34.0232
vt -55.8455 -33.8873
vt -55.5855 -33.8873
vt -55.4418 -33.7482
vt -55.4418 -33.5282
vt -55.0609 -33.3078
f 4713/13873/45 4712/13874/45 4714/13875/45 4715/13876/45 4716/13877/45 4717/13878/45 4718/13879/45 4719/13880/45 4720/13881/45 4721/13882/45 4722/13883/45 4723/13884/45 4724/13885/45 4725/13886/45 

g Mesh29 Model

v -49.9987 -1.44382e-15 27.1538
vt 49.9987 -27.1538
vn -1.88588e-16 -1 -3.35867e-17
v -49.8495 -1.45663e-15 27.008
vt 49.8495 -27.008
v -46.2295 -1.45663e-15 27.008
vt 46.2295 -27.008
v -46.0391 -2.52942e-15 27.3017
vt 46.0391 -27.3017
v -46.0391 -2.52942e-15 33.3017
vt 46.0391 -33.3017
v -46.4219 -2.16573e-15 33.4974
vt 46.4219 -33.4974
v -46.4219 -2.16573e-15 33.7474
vt 46.4219 -33.7474
v -46.5733 -2.16553e-15 33.8782
vt 46.5733 -33.8782
v -46.8133 -2.16553e-15 33.8782
vt 46.8133 -33.8782
v -47.0442 -2.17871e-15 34.0182
vt 47.0442 -34.0182
v -49.1242 -2.17871e-15 34.0182
vt 49.1242 -34.0182
v -49.2334 -1.44382e-15 33.7822
vt 49.2334 -33.7822
v -49.6627 -1.44382e-15 33.6857
vt 49.6627 -33.6857
v -49.9987 -1.44382e-15 33.4338
vt 49.9987 -33.4338
f 4726/13887/1350 4727/13888/1350 4728/13889/1350 4729/13890/1350 4730/13891/1350 4731/13892/1350 4732/13893/1350 4733/13894/1350 4734/13895/1350 4735/13896/1350 4736/13897/1350 4737/13898/1350 4738/13899/1350 4739/13900/1350 

vt 54.5306 -3.87458e-15
vn -0.698832 1.55816e-16 -0.715285
vt 54.7393 -3.86177e-15
v -49.9987 4 27.1538
vt 54.7393 4
v -49.8495 4 27.008
vt 54.5306 4
f 4727/13901/1351 4726/13902/1351 4740/13903/1351 4741/13904/1351 

vt 27.1538 -1.0873e-14
vn -1 1.88588e-16 -0
vt 33.4338 -1.0873e-14
v -49.9987 4 33.4338
vt 33.4338 4
vt 27.1538 4
f 4726/13905/1352 4739/13906/1352 4742/13907/1352 4740/13908/1352 

vt -19.9438 -6.33907e-15
vn -0.599928 8.62683e-17 0.800054
vt -19.5238 -6.33907e-15
v -49.6627 4 33.6857
vt -19.5238 4
vt -19.9438 4
f 4739/13909/1353 4738/13910/1353 4743/13911/1353 4742/13912/1353 

vt -41.0713 -1.81866e-15
vn -0.219192 8.56722e-18 0.975682
vt -40.6313 -1.81866e-15
v -49.2334 4 33.7822
vt -40.6313 4
vt -41.0713 4
f 4738/13913/1354 4737/13914/1354 4744/13915/1354 4743/13916/1354 

vt 9.98213 -1.06889e-14
vn -0.907538 1.57046e-16 0.419969
vt 10.2421 -1.14238e-14
v -49.1242 4 34.0182
vt 10.2421 4
vt 9.98213 4
f 4737/13917/1355 4736/13918/1355 4745/13919/1355 4744/13920/1355 

vt -49.1242 -1.03615e-15
vn 0 -3.35867e-17 1
vt -47.0442 -1.03615e-15
v -47.0442 4 34.0182
vt -47.0442 4
vt -49.1242 4
f 4736/13921/1356 4735/13922/1356 4746/13923/1356 4745/13924/1356 

vt -57.8643 -1.58396e-15
vn 0.518407 -1.26487e-16 0.855134
vt -57.5943 -1.57078e-15
v -46.8133 4 33.8782
vt -57.5943 4
vt -57.8643 4
f 4735/13925/1357 4734/13926/1357 4747/13927/1357 4746/13928/1357 

vt -46.8133 -1.02768e-15
vt -46.5733 -1.02768e-15
v -46.5733 4 33.8782
vt -46.5733 4
vt -46.8133 4
f 4734/13929/1356 4733/13930/1356 4748/13931/1356 4747/13932/1356 

vt -57.3903 -2.88103e-15
vn 0.653752 -1.48706e-16 0.756708
vt -57.1903 -2.88123e-15
v -46.4219 4 33.7474
vt -57.1903 4
vt -57.3903 4
f 4733/13933/1358 4732/13934/1358 4749/13935/1358 4748/13936/1358 

vt -33.7474 -1.09204e-14
vn 1 -1.88588e-16 -0
vt -33.4974 -1.09204e-14
v -46.4219 4 33.4974
vt -33.4974 4
vt -33.7474 4
f 4732/13937/1359 4731/13938/1359 4750/13939/1359 4749/13940/1359 

vt -56.5819 -1.15953e-15
vn 0.455233 -1.15756e-16 0.890372
vt -56.1519 -1.52322e-15
v -46.0391 4 33.3017
vt -56.1519 4
vt -56.5819 4
f 4731/13941/1360 4730/13942/1360 4751/13943/1360 4750/13944/1360 

vt -33.3017 -1.12119e-14
vt -27.3017 -1.12119e-14
v -46.0391 4 27.3017
vt -27.3017 4
vt -33.3017 4
f 4730/13945/1359 4729/13946/1359 4752/13947/1359 4751/13948/1359 

vt 2.13389 -1.00158e-14
vn 0.839115 -1.39978e-16 -0.543954
vt 2.48389 -8.94306e-15
v -46.2295 4 27.008
vt 2.48389 4
vt 2.13389 4
f 4729/13949/1361 4728/13950/1361 4753/13951/1361 4752/13952/1361 

vt 46.2295 -5.49523e-16
vn 0 3.35867e-17 -1
vt 49.8495 -5.49523e-16
vt 49.8495 4
vt 46.2295 4
f 4728/13953/1362 4727/13954/1362 4741/13955/1362 4753/13956/1362 

vt -49.8495 -27.008
vn 1.88588e-16 1 3.35867e-17
vt -49.9987 -27.1538
vt -49.9987 -33.4338
vt -49.6627 -33.6857
vt -49.2334 -33.7822
vt -49.1242 -34.0182
vt -47.0442 -34.0182
vt -46.8133 -33.8782
vt -46.5733 -33.8782
vt -46.4219 -33.7474
vt -46.4219 -33.4974
vt -46.0391 -33.3017
vt -46.0391 -27.3017
vt -46.2295 -27.008
f 4741/13957/1363 4740/13958/1363 4742/13959/1363 4743/13960/1363 4744/13961/1363 4745/13962/1363 4746/13963/1363 4747/13964/1363 4748/13965/1363 4749/13966/1363 4750/13967/1363 4751/13968/1363 4752/13969/1363 4753/13970/1363 

g Mesh30 Model

v -53.0121 -2.16573e-15 31.9991
vt 53.0121 -31.9991
v -51.0167 -2.16573e-15 31.9991
vt 51.0167 -31.9991
v -51.0167 -2.16573e-15 33.2703
vt 51.0167 -33.2703
v -51.4192 -2.16573e-15 33.513
vt 51.4192 -33.513
v -51.4192 -2.16573e-15 33.733
vt 51.4192 -33.733
v -51.5546 -2.16573e-15 33.8935
vt 51.5546 -33.8935
v -51.8246 -2.16573e-15 33.8935
vt 51.8246 -33.8935
v -51.9727 -2.16573e-15 34.028
vt 51.9727 -34.028
v -52.1227 -2.16573e-15 34.028
vt 52.1227 -34.028
v -52.262 -2.16573e-15 33.7623
vt 52.262 -33.7623
v -52.6764 -2.16573e-15 33.6939
vt 52.6764 -33.6939
v -52.826 -2.16573e-15 33.5193
vt 52.826 -33.5193
v -52.946 -2.16573e-15 33.5193
vt 52.946 -33.5193
v -53.0121 -2.16573e-15 33.4191
vt 53.0121 -33.4191
f 4754/13971/9 4755/13972/9 4756/13973/9 4757/13974/9 4758/13975/9 4759/13976/9 4760/13977/9 4761/13978/9 4762/13979/9 4763/13980/9 4764/13981/9 4765/13982/9 4766/13983/9 4767/13984/9 

vt 51.0167 -2.16573e-15
vt 53.0121 -2.16573e-15
v -53.0121 4 31.9991
vt 53.0121 4
v -51.0167 4 31.9991
vt 51.0167 4
f 4755/13985/5 4754/13986/5 4768/13987/5 4769/13988/5 

vt 33.4191 -2.16573e-15
v -53.0121 4 33.4191
vt 33.4191 4
f 4754/13823/3 4767/13989/3 4770/13990/3 4768/13724/3 

vt -1.31745 -2.16573e-15
vn -0.834539 0 0.55095
vt -1.19745 -2.16573e-15
v -52.946 4 33.5193
vt -1.19745 4
vt -1.31745 4
f 4767/13991/1364 4766/13992/1364 4771/13993/1364 4770/13994/1364 

vt -52.946 -2.16573e-15
vt -52.826 -2.16573e-15
v -52.826 4 33.5193
vt -52.826 4
vt -52.946 4
f 4766/13995/7 4765/13996/7 4772/13997/7 4771/13998/7 

vt -8.9093 -2.16573e-15
vn -0.759463 0 0.65055
vt -8.6793 -2.16573e-15
v -52.6764 4 33.6939
vt -8.6793 4
vt -8.9093 4
f 4765/13999/1365 4764/14000/1365 4773/14001/1365 4772/14002/1365 

vt -46.4913 -2.16573e-15
vn -0.162729 0 0.986671
vt -46.0713 -2.16573e-15
v -52.262 4 33.7623
vt -46.0713 4
vt -46.4913 4
f 4764/14003/1366 4763/14004/1366 4774/14005/1366 4773/14006/1366 

vt 5.6336 -2.16573e-15
vn -0.88565 0 0.464353
vt 5.9336 -2.16573e-15
v -52.1227 4 34.028
vt 5.9336 4
vt 5.6336 4
f 4763/14007/1367 4762/14008/1367 4775/14009/1367 4774/14010/1367 

vt -52.1227 -2.16573e-15
vt -51.9727 -2.16573e-15
v -51.9727 4 34.028
vt -51.9727 4
vt -52.1227 4
f 4762/14011/7 4761/14012/7 4776/14013/7 4775/14014/7 

vt -61.3498 -2.16573e-15
vn 0.672411 0 0.740178
vt -61.1498 -2.16573e-15
v -51.8246 4 33.8935
vt -61.1498 4
vt -61.3498 4
f 4761/14015/1368 4760/14016/1368 4777/14017/1368 4776/14018/1368 

vt -51.8246 -2.16573e-15
vt -51.5546 -2.16573e-15
v -51.5546 4 33.8935
vt -51.5546 4
vt -51.8246 4
f 4760/14019/7 4759/14020/7 4778/14021/7 4777/14022/7 

vt -59.1485 -2.16573e-15
vn 0.764368 0 0.64478
vt -58.9385 -2.16573e-15
v -51.4192 4 33.733
vt -58.9385 4
vt -59.1485 4
f 4759/14023/1369 4758/14024/1369 4779/14025/1369 4778/14026/1369 

vt -33.733 -2.16573e-15
vt -33.513 -2.16573e-15
v -51.4192 4 33.513
vt -33.513 4
vt -33.733 4
f 4758/14027/1 4757/14028/1 4780/14029/1 4779/14030/1 

vt -61.3389 -2.16573e-15
vn 0.516414 0 0.856339
vt -60.8689 -2.16573e-15
v -51.0167 4 33.2703
vt -60.8689 4
vt -61.3389 4
f 4757/14031/1370 4756/14032/1370 4781/14033/1370 4780/14034/1370 

vt -33.2703 -2.16573e-15
vt -33.2703 4
f 4756/14035/1 4755/13871/1 4769/13782/1 4781/14036/1 

vt -51.0167 -31.9991
vt -53.0121 -31.9991
vt -53.0121 -33.4191
vt -52.946 -33.5193
vt -52.826 -33.5193
vt -52.6764 -33.6939
vt -52.262 -33.7623
vt -52.1227 -34.028
vt -51.9727 -34.028
vt -51.8246 -33.8935
vt -51.5546 -33.8935
vt -51.4192 -33.733
vt -51.4192 -33.513
vt -51.0167 -33.2703
f 4769/14037/45 4768/14038/45 4770/14039/45 4771/14040/45 4772/14041/45 4773/14042/45 4774/14043/45 4775/14044/45 4776/14045/45 4777/14046/45 4778/14047/45 4779/14048/45 4780/14049/45 4781/14050/45 

g Mesh31 Model

v 31.9958 -2.16572e-15 12.7616
vt -31.9958 -12.7616
vn -1.95338e-18 -1 3.23892e-17
v 32.1765 -2.16573e-15 12.4873
vt -32.1765 -12.4873
v 32.2865 -2.16573e-15 12.4873
vt -32.2865 -12.4873
v 32.361 -2.16573e-15 12.2486
vt -32.361 -12.2486
v 32.6214 -2.16573e-15 11.9857
vt -32.6214 -11.9857
v 33.2599 -2.16573e-15 12.029
vt -33.2599 -12.029
v 33.5961 -2.16573e-15 12.4258
vt -33.5961 -12.4258
v 33.7961 -2.16573e-15 12.4258
vt -33.7961 -12.4258
v 33.9311 -2.16573e-15 12.6479
vt -33.9311 -12.6479
v 33.9311 -2.16573e-15 13.0379
vt -33.9311 -13.0379
v 34.3125 -2.16573e-15 13.0379
vt -34.3125 -13.0379
v 34.5945 -2.16573e-15 13.4139
vt -34.5945 -13.4139
v 34.8045 -2.16573e-15 13.4139
vt -34.8045 -13.4139
v 34.9273 -2.16573e-15 13.6317
vt -34.9273 -13.6317
v 35.022 -2.16573e-15 14.0306
vt -35.022 -14.0306
v 35.272 -2.16573e-15 14.0306
vt -35.272 -14.0306
v 35.6001 -2.16573e-15 14.434
vt -35.6001 -14.434
v 35.8001 -2.16573e-15 14.434
vt -35.8001 -14.434
v 35.9299 -2.16558e-15 14.6359
vt -35.9299 -14.6359
v 36.0599 -2.16558e-15 14.6359
vt -36.0599 -14.6359
v 36.1694 -2.15647e-15 14.4685
vt -36.1694 -14.4685
v 36.3073 -2.15647e-15 14.4685
vt -36.3073 -14.4685
v 36.3653 -1.45296e-15 14.2563
vt -36.3653 -14.2563
v 36.6323 -2.16573e-15 14.0149
vt -36.6323 -14.0149
v 43.9423 -2.16573e-15 14.0149
vt -43.9423 -14.0149
v 44.0373 -2.16573e-15 13.6366
vt -44.0373 -13.6366
v 44.1812 -2.16573e-15 13.4836
vt -44.1812 -13.4836
v 44.3012 -2.16573e-15 13.4836
vt -44.3012 -13.4836
v 44.3012 -2.16573e-15 13.3836
vt -44.3012 -13.3836
v 44.6185 -2.16573e-15 12.9716
vt -44.6185 -12.9716
v 44.9853 -2.16573e-15 12.9716
vt -44.9853 -12.9716
v 44.9853 -2.16573e-15 11.9116
vt -44.9853 -11.9116
v 45.0458 -2.16573e-15 11.6383
vt -45.0458 -11.6383
v 45.1706 -2.16573e-15 11.495
vt -45.1706 -11.495
v 45.2506 -2.16573e-15 11.495
vt -45.2506 -11.495
v 45.362 -2.16571e-15 11.2381
vt -45.362 -11.2381
v 45.472 -2.16571e-15 11.2381
vt -45.472 -11.2381
v 45.472 -2.16571e-15 11.1281
vt -45.472 -11.1281
v 45.6144 -2.16683e-15 10.9604
vt -45.6144 -10.9604
v 45.9814 -2.16683e-15 10.9604
vt -45.9814 -10.9604
v 46.0475 -1.40724e-15 10.6269
vt -46.0475 -10.6269
v 46.1754 -2.88767e-15 10.4731
vt -46.1754 -10.4731
v 46.2854 -2.88767e-15 10.4731
vt -46.2854 -10.4731
v 46.3692 -2.8844e-15 10.2589
vt -46.3692 -10.2589
v 46.6126 -2.16573e-15 10.0361
vt -46.6126 -10.0361
v 47.3026 -2.16573e-15 10.0361
vt -47.3026 -10.0361
v 47.5972 -2.16573e-15 10.4277
vt -47.5972 -10.4277
v 47.7972 -2.16573e-15 10.4277
vt -47.7972 -10.4277
v 47.9968 -2.16572e-15 10.6516
vt -47.9968 -10.6516
v 47.9968 -2.16572e-15 16.0016
vt -47.9968 -16.0016
v 31.9958 -2.16572e-15 16.0016
vt -31.9958 -16.0016
f 4782/14051/1371 4783/14052/1371 4784/14053/1371 4785/14054/1371 4786/14055/1371 4787/14056/1371 4788/14057/1371 4789/14058/1371 4790/14059/1371 4791/14060/1371 4792/14061/1371 4793/14062/1371 4794/14063/1371 4795/14064/1371 4796/14065/1371 4797/14066/1371 4798/14067/1371 4799/14068/1371 4800/14069/1371 4801/14070/1371 4802/14071/1371 4803/14072/1371 4804/14073/1371 4805/14074/1371 4806/14075/1371 4807/14076/1371 4808/14077/1371 4809/14078/1371 4810/14079/1371 4811/14080/1371 4812/14081/1371 4813/14082/1371 4814/14083/1371 4815/14084/1371 4816/14085/1371 4817/14086/1371 4818/14087/1371 4819/14088/1371 4820/14089/1371 4821/14090/1371 4822/14091/1371 4823/14092/1371 4824/14093/1371 4825/14094/1371 4826/14095/1371 4827/14096/1371 4828/14097/1371 4829/14098/1371 4830/14099/1371 4831/14100/1371 4832/14101/1371 

vt -7.27437 -2.7119e-15
vn -0.835063 -1.61879e-17 -0.550154
vt -6.94591 -2.71189e-15
v 31.9958 4 12.7616
vt -6.94591 4
v 32.1765 4 12.4873
vt -7.27437 4
f 4783/14102/1372 4782/14103/1372 4833/14104/1372 4834/14105/1372 

vt 12.7616 -2.10322e-15
vn -1 1.95338e-18 -0
vt 16.0016 -2.10322e-15
v 31.9958 4 16.0016
vt 16.0016 4
vt 12.7616 4
f 4782/14106/1373 4832/14107/1373 4835/14108/1373 4833/14109/1373 

vt 31.9958 -2.684e-15
vn 0 3.23892e-17 1
vt 47.9968 -2.684e-15
v 47.9968 4 16.0016
vt 47.9968 4
f 4832/14110/1374 4831/14111/1374 4836/14112/1374 4835/400/1374 

vt -16.0016 -2.07197e-15
vn 1 -1.95338e-18 -0
vt -10.6516 -2.07197e-15
v 47.9968 4 10.6516
vt -10.6516 4
vt -16.0016 4
f 4831/14113/1375 4830/14114/1375 4837/14115/1375 4836/14116/1375 

vt -39.8971 -1.50446e-15
vn 0.746285 -2.30169e-17 -0.665626
vt -39.5971 -1.50447e-15
v 47.7972 4 10.4277
vt -39.5971 4
vt -39.8971 4
f 4830/14117/1376 4829/14118/1376 4838/14119/1376 4837/14120/1376 

vt -47.7972 -2.50348e-15
vn 0 -3.23892e-17 -1
vt -47.5972 -2.50348e-15
v 47.5972 4 10.4277
vt -47.5972 4
vt -47.7972 4
f 4829/14121/1377 4828/14122/1377 4839/14123/1377 4838/14124/1377 

vt -36.9449 -1.4976e-15
vn 0.79916 -2.10308e-17 -0.601118
vt -36.4549 -1.4976e-15
v 47.3026 4 10.0361
vt -36.4549 4
vt -36.9449 4
f 4828/14125/1378 4827/14126/1378 4840/14127/1378 4839/14128/1378 

vt -47.3026 -2.4908e-15
vt -46.6126 -2.4908e-15
v 46.6126 4 10.0361
vt -46.6126 4
vt -47.3026 4
f 4827/14129/1377 4826/14130/1377 4841/14131/1377 4840/14132/1377 

vt -27.6034 -3.04323e-15
vn -0.675264 -2.25705e-17 -0.737576
vt -27.2734 -3.7619e-15
v 46.3692 4 10.2589
vt -27.2734 4
vt -27.6034 4
f 4826/14133/1379 4825/14134/1379 4842/14135/1379 4841/14136/1379 

vt -7.3485 -3.35297e-15
vn -0.931203 -9.98693e-18 -0.364501
vt -7.1185 -3.35624e-15
v 46.2854 4 10.4731
vt -7.1185 4
vt -7.3485 4
f 4825/14137/1380 4824/14138/1380 4843/14139/1380 4842/14140/1380 

vt -46.2854 -3.22689e-15
vt -46.1754 -3.22689e-15
v 46.1754 4 10.4731
vt -46.1754 4
vt -46.2854 4
f 4824/14141/1377 4823/14142/1377 4844/14143/1377 4843/14144/1377 

vt -21.4726 -3.69824e-15
vn -0.768865 -1.92082e-17 -0.639411
vt -21.2726 -2.21781e-15
v 46.0475 4 10.6269
vt -21.2726 4
vt -21.4726 4
f 4823/14145/1381 4822/14146/1381 4845/14147/1381 4844/14148/1381 

vt 1.47597 -1.61404e-15
vn -0.980937 -4.378e-18 -0.194328
vt 1.81597 -2.37362e-15
v 45.9814 4 10.9604
vt 1.81597 4
vt 1.47597 4
f 4822/14149/1382 4821/14150/1382 4846/14151/1382 4845/14152/1382 

vt -45.9814 -2.52183e-15
vt -45.6144 -2.52183e-15
v 45.6144 4 10.9604
vt -45.6144 4
vt -45.9814 4
f 4821/14153/1377 4820/14154/1377 4847/14155/1377 4846/14156/1377 

vt -21.1575 -2.98196e-15
vn -0.762456 -1.94678e-17 -0.64704
vt -20.9375 -2.98084e-15
v 45.472 4 11.1281
vt -20.9375 4
vt -21.1575 4
f 4820/14157/1383 4819/14158/1383 4848/14159/1383 4847/14160/1383 

vt 11.1281 -2.07689e-15
vt 11.2381 -2.07689e-15
v 45.472 4 11.2381
vt 11.2381 4
vt 11.1281 4
f 4819/14161/1373 4818/14162/1373 4849/14163/1373 4848/14164/1373 

vt -45.472 -2.52971e-15
vt -45.362 -2.52971e-15
v 45.362 4 11.2381
vt -45.362 4
vt -45.472 4
f 4818/14165/1377 4817/14166/1377 4850/14167/1377 4849/14168/1377 

vt -7.74026 -2.67711e-15
vn -0.917421 -1.10962e-17 -0.397918
vt -7.46026 -2.67713e-15
v 45.2506 4 11.495
vt -7.46026 4
vt -7.74026 4
f 4817/14169/1384 4816/14170/1384 4851/14171/1384 4850/14172/1384 

vt -45.2506 -2.53805e-15
vt -45.1706 -2.53805e-15
v 45.1706 4 11.495
vt -45.1706 4
vt -45.2506 4
f 4816/14173/1377 4815/14174/1377 4852/14175/1377 4851/14176/1377 

vt -21.0031 -2.9897e-15
vn -0.754017 -1.98021e-17 -0.656855
vt -20.8131 -2.9897e-15
v 45.0458 4 11.6383
vt -20.8131 4
vt -21.0031 4
f 4815/14177/1385 4814/14178/1385 4853/14179/1385 4852/14180/1385 

vt 1.62178 -2.40273e-15
vn -0.976338 -5.09698e-18 -0.216249
vt 1.90178 -2.40273e-15
v 44.9853 4 11.9116
vt 1.90178 4
vt 1.62178 4
f 4814/14181/1386 4813/14182/1386 4854/14183/1386 4853/14184/1386 

vt 11.9116 -2.07786e-15
vt 12.9716 -2.07786e-15
v 44.9853 4 12.9716
vt 12.9716 4
vt 11.9116 4
f 4813/14185/1373 4812/14186/1373 4855/14187/1373 4854/14188/1373 

vt -44.9853 -2.58588e-15
vt -44.6185 -2.58588e-15
v 44.6185 4 12.9716
vt -44.6185 4
vt -44.9853 4
f 4812/14189/1377 4811/14190/1377 4856/14191/1377 4855/14192/1377 

vt -16.9494 -2.95385e-15
vn -0.792249 -1.82163e-17 -0.610198
vt -16.4294 -2.95385e-15
v 44.3012 4 13.3836
vt -16.4294 4
vt -16.9494 4
f 4811/14193/1387 4810/14194/1387 4857/14195/1387 4856/14196/1387 

vt 13.3836 -2.0792e-15
vt 13.4836 -2.0792e-15
v 44.3012 4 13.4836
vt 13.4836 4
vt 13.3836 4
f 4810/14197/1373 4809/14198/1373 4858/14199/1373 4857/14200/1373 

vt -44.3012 -2.60246e-15
vt -44.1812 -2.60246e-15
v 44.1812 4 13.4836
vt -44.1812 4
vt -44.3012 4
f 4809/14201/1377 4808/14202/1377 4859/14203/1377 4858/14204/1377 

vt -20.4373 -3.02579e-15
vn -0.7286 -2.07614e-17 -0.684939
vt -20.2273 -3.02579e-15
v 44.0373 4 13.6366
vt -20.2273 4
vt -20.4373 4
f 4808/14205/1388 4807/14206/1388 4860/14207/1388 4859/14208/1388 

vt 2.4986 -2.44171e-15
vn -0.969877 -5.9953e-18 -0.243594
vt 2.8886 -2.44171e-15
v 43.9423 4 14.0149
vt 2.8886 4
vt 2.4986 4
f 4807/14209/1389 4806/14210/1389 4861/14211/1389 4860/14212/1389 

vt -43.9423 -2.61967e-15
vt -36.6323 -2.61967e-15
v 36.6323 4 14.0149
vt -36.6323 4
vt -43.9423 4
f 4806/14213/1377 4805/14214/1377 4862/14215/1377 4861/14216/1377 

vt -17.7717 -2.95992e-15
vn -0.670695 -2.27141e-17 -0.741734
vt -17.4117 -2.24714e-15
v 36.3653 4 14.2563
vt -17.4117 4
vt -17.7717 4
f 4805/14217/1390 4804/14218/1390 4863/14219/1390 4862/14220/1390 

vt 4.15633 -1.71168e-15
vn -0.964565 -6.66159e-18 -0.263845
vt 4.37633 -2.41519e-15
v 36.3073 4 14.4685
vt 4.37633 4
vt 4.15633 4
f 4804/14221/1391 4803/14222/1391 4864/14223/1391 4863/14224/1391 

vt -36.3073 -2.6251e-15
vt -36.1694 -2.6251e-15
v 36.1694 4 14.4685
vt -36.1694 4
vt -36.3073 4
f 4803/14225/1377 4802/14226/1377 4865/14227/1377 4864/14228/1377 

vt -7.69816 -2.77131e-15
vn -0.836766 -1.61005e-17 -0.54756
vt -7.49816 -2.78042e-15
v 36.0599 4 14.6359
vt -7.49816 4
vt -7.69816 4
f 4802/14229/1392 4801/14230/1392 4866/14231/1392 4865/14232/1392 

vt -36.0599 -2.63963e-15
vt -35.9299 -2.63963e-15
v 35.9299 4 14.6359
vt -35.9299 4
vt -36.0599 4
f 4801/14233/1377 4800/14234/1377 4867/14235/1377 4866/14236/1377 

vt -31.7484 -1.73819e-15
vn 0.840994 -1.91668e-17 -0.541045
vt -31.5084 -1.73835e-15
v 35.8001 4 14.434
vt -31.5084 4
vt -31.7484 4
f 4800/14237/1393 4799/14238/1393 4868/14239/1393 4867/14240/1393 

vt -35.8001 -2.63324e-15
vt -35.6001 -2.63324e-15
v 35.6001 4 14.434
vt -35.6001 4
vt -35.8001 4
f 4799/14241/1377 4798/14242/1377 4869/14243/1377 4868/14244/1377 

vt -33.6585 -1.75934e-15
vn 0.775878 -2.19494e-17 -0.630883
vt -33.1385 -1.75934e-15
v 35.272 4 14.0306
vt -33.1385 4
vt -33.6585 4
f 4798/14245/1394 4797/14246/1394 4870/14247/1394 4869/14248/1394 

vt -35.272 -2.62017e-15
vt -35.022 -2.62017e-15
v 35.022 4 14.0306
vt -35.022 4
vt -35.272 4
f 4797/14249/1377 4796/14250/1377 4871/14251/1377 4870/14252/1377 

vt -21.7404 -1.87646e-15
vn 0.97296 -9.38165e-18 -0.230974
vt -21.3304 -1.87646e-15
v 34.9273 4 13.6317
vt -21.3304 4
vt -21.7404 4
f 4796/14253/1395 4795/14254/1395 4872/14255/1395 4871/14256/1395 

vt -29.0319 -1.74786e-15
vn 0.87101 -1.76131e-17 -0.491265
vt -28.7819 -1.74786e-15
v 34.8045 4 13.4139
vt -28.7819 4
vt -29.0319 4
f 4795/14257/1396 4794/14258/1396 4873/14259/1396 4872/14260/1396 

vt -34.8045 -2.6002e-15
vt -34.5945 -2.6002e-15
v 34.5945 4 13.4139
vt -34.5945 4
vt -34.8045 4
f 4794/14261/1377 4793/14262/1377 4874/14263/1377 4873/14264/1377 

vt -31.4873 -1.75363e-15
vn 0.800015 -2.09956e-17 -0.59998
vt -31.0173 -1.75363e-15
v 34.3125 4 13.0379
vt -31.0173 4
vt -31.4873 4
f 4793/14265/1397 4792/14266/1397 4875/14267/1397 4874/14268/1397 

vt -34.3125 -2.58802e-15
vt -33.9311 -2.58802e-15
v 33.9311 4 13.0379
vt -33.9311 4
vt -34.3125 4
f 4792/14269/1377 4791/14270/1377 4876/14271/1377 4875/14272/1377 

vt -13.0379 -2.09945e-15
vt -12.6479 -2.09945e-15
v 33.9311 4 12.6479
vt -12.6479 4
vt -13.0379 4
f 4791/14273/1375 4790/14274/1375 4877/14275/1375 4876/14276/1375 

vt -28.4364 -1.75102e-15
vn 0.854426 -1.84976e-17 -0.519572
vt -28.1764 -1.75102e-15
v 33.7961 4 12.4258
vt -28.1764 4
vt -28.4364 4
f 4790/14277/1398 4789/14278/1398 4878/14279/1398 4877/14280/1398 

vt -33.7961 -2.5682e-15
vt -33.5961 -2.5682e-15
v 33.5961 4 12.4258
vt -33.5961 4
vt -33.7961 4
f 4789/14281/1377 4788/14282/1377 4879/14283/1377 4878/14284/1377 

vt -31.1991 -1.77101e-15
vn 0.762933 -2.24292e-17 -0.646477
vt -30.6791 -1.77101e-15
v 33.2599 4 12.029
vt -30.6791 4
vt -31.1991 4
f 4788/14285/1399 4787/14286/1399 4880/14287/1399 4879/14288/1399 

vt -33.998 -2.48208e-15
vn 0.0677033 -3.24472e-17 -0.997706
vt -33.358 -2.48208e-15
v 32.6214 4 11.9857
vt -33.358 4
vt -33.998 4
f 4787/14289/1400 4786/14290/1400 4881/14291/1400 4880/14292/1400 

vt -14.4352 -2.8423e-15
vn -0.7106 -2.14009e-17 -0.703596
vt -14.0652 -2.8423e-15
v 32.361 4 12.2486
vt -14.0652 4
vt -14.4352 4
f 4786/14293/1401 4785/14294/1401 4882/14295/1401 4881/14296/1401 

vt 2.05111 -2.43463e-15
vn -0.954588 -7.78502e-18 -0.297929
vt 2.30111 -2.43463e-15
v 32.2865 4 12.4873
vt 2.30111 4
vt 2.05111 4
f 4785/14297/1402 4784/14298/1402 4883/14299/1402 4882/14300/1402 

vt -32.2865 -2.57019e-15
vt -32.1765 -2.57019e-15
vt -32.1765 4
vt -32.2865 4
f 4784/14301/1377 4783/14302/1377 4834/14303/1377 4883/14304/1377 

vt 32.1765 -12.4873
vn 1.95338e-18 1 -3.23892e-17
vt 31.9958 -12.7616
vt 31.9958 -16.0016
vt 47.9968 -16.0016
vt 47.9968 -10.6516
vt 47.7972 -10.4277
vt 47.5972 -10.4277
vt 47.3026 -10.0361
vt 46.6126 -10.0361
vt 46.3692 -10.2589
vt 46.2854 -10.4731
vt 46.1754 -10.4731
vt 46.0475 -10.6269
vt 45.9814 -10.9604
vt 45.6144 -10.9604
vt 45.472 -11.1281
vt 45.472 -11.2381
vt 45.362 -11.2381
vt 45.2506 -11.495
vt 45.1706 -11.495
vt 45.0458 -11.6383
vt 44.9853 -11.9116
vt 44.9853 -12.9716
vt 44.6185 -12.9716
vt 44.3012 -13.3836
vt 44.3012 -13.4836
vt 44.1812 -13.4836
vt 44.0373 -13.6366
vt 43.9423 -14.0149
vt 36.6323 -14.0149
vt 36.3653 -14.2563
vt 36.3073 -14.4685
vt 36.1694 -14.4685
vt 36.0599 -14.6359
vt 35.9299 -14.6359
vt 35.8001 -14.434
vt 35.6001 -14.434
vt 35.272 -14.0306
vt 35.022 -14.0306
vt 34.9273 -13.6317
vt 34.8045 -13.4139
vt 34.5945 -13.4139
vt 34.3125 -13.0379
vt 33.9311 -13.0379
vt 33.9311 -12.6479
vt 33.7961 -12.4258
vt 33.5961 -12.4258
vt 33.2599 -12.029
vt 32.6214 -11.9857
vt 32.361 -12.2486
vt 32.2865 -12.4873
f 4834/14305/1403 4833/14306/1403 4835/14307/1403 4836/14308/1403 4837/14309/1403 4838/14310/1403 4839/14311/1403 4840/14312/1403 4841/14313/1403 4842/14314/1403 4843/14315/1403 4844/14316/1403 4845/14317/1403 4846/14318/1403 4847/14319/1403 4848/14320/1403 4849/14321/1403 4850/14322/1403 4851/14323/1403 4852/14324/1403 4853/14325/1403 4854/14326/1403 4855/14327/1403 4856/14328/1403 4857/14329/1403 4858/14330/1403 4859/14331/1403 4860/14332/1403 4861/14333/1403 4862/14334/1403 4863/14335/1403 4864/14336/1403 4865/14337/1403 4866/14338/1403 4867/14339/1403 4868/14340/1403 4869/14341/1403 4870/14342/1403 4871/14343/1403 4872/14344/1403 4873/14345/1403 4874/14346/1403 4875/14347/1403 4876/14348/1403 4877/14349/1403 4878/14350/1403 4879/14351/1403 4880/14352/1403 4881/14353/1403 4882/14354/1403 4883/14355/1403 

g Mesh32 Model

usemtl _4
v -1.00454 -2.88765e-15 -14.0269
vt 1.00454 14.0269
v -1.00454 -2.88765e-15 -6.98693
vt 1.00454 6.98693
v -2.01454 -2.88765e-15 -6.98693
vt 2.01454 6.98693
v -2.01454 -2.88765e-15 -12.1269
vt 2.01454 12.1269
v -14.0145 -2.88765e-15 -12.1269
vt 14.0145 12.1269
v -14.0145 -2.88765e-15 -3.13693
vt 14.0145 3.13693
v -2.01454 -2.88765e-15 -3.13693
vt 2.01454 3.13693
v -2.01454 -2.88765e-15 -6.07693
vt 2.01454 6.07693
v -1.00454 -2.88765e-15 -6.07693
vt 1.00454 6.07693
v -1.00454 -2.88765e-15 -1.19693
vt 1.00454 1.19693
v -14.9745 -2.88765e-15 -1.19693
vt 14.9745 1.19693
v -14.9745 -2.88765e-15 -14.0269
vt 14.9745 14.0269
f 4884/14356/9 4885/14357/9 4886/14358/9 4887/14359/9 4888/14360/9 4889/14361/9 4890/14362/9 4891/14363/9 4892/14364/9 4893/14365/9 4894/14366/9 4895/14367/9 

vt 6.98693 -2.88765e-15
vt 14.0269 -2.88765e-15
v -1.00454 4 -14.0269
vt 14.0269 4
v -1.00454 4 -6.98693
vt 6.98693 4
f 4885/14368/1 4884/14369/1 4896/14370/1 4897/14371/1 

vt 1.00454 -2.88765e-15
vt 14.9745 -2.88765e-15
v -14.9745 4 -14.0269
vt 14.9745 4
vt 1.00454 4
f 4884/14372/5 4895/14373/5 4898/14374/5 4896/14375/5 

vt -14.0269 -2.88765e-15
vt -1.19693 -2.88765e-15
v -14.9745 4 -1.19693
vt -1.19693 4
vt -14.0269 4
f 4895/14376/3 4894/14377/3 4899/14378/3 4898/14379/3 

vt -14.9745 -2.88765e-15
vt -1.00454 -2.88765e-15
v -1.00454 4 -1.19693
vt -1.00454 4
vt -14.9745 4
f 4894/14380/7 4893/14381/7 4900/14382/7 4899/14383/7 

vt 1.19693 -2.88765e-15
vt 6.07693 -2.88765e-15
v -1.00454 4 -6.07693
vt 6.07693 4
vt 1.19693 4
f 4893/14384/1 4892/14385/1 4901/14386/1 4900/14387/1 

vt 2.01454 -2.88765e-15
v -2.01454 4 -6.07693
vt 2.01454 4
f 4892/14372/5 4891/14388/5 4902/14389/5 4901/14375/5 

vt -6.07693 -2.88765e-15
vt -3.13693 -2.88765e-15
v -2.01454 4 -3.13693
vt -3.13693 4
vt -6.07693 4
f 4891/14390/3 4890/14391/3 4903/14392/3 4902/14393/3 

vt 14.0145 -2.88765e-15
v -14.0145 4 -3.13693
vt 14.0145 4
f 4890/14388/5 4889/14394/5 4904/14395/5 4903/14389/5 

vt 3.13693 -2.88765e-15
vt 12.1269 -2.88765e-15
v -14.0145 4 -12.1269
vt 12.1269 4
vt 3.13693 4
f 4889/14396/1 4888/14397/1 4905/14398/1 4904/14399/1 

vt -14.0145 -2.88765e-15
vt -2.01454 -2.88765e-15
v -2.01454 4 -12.1269
vt -2.01454 4
vt -14.0145 4
f 4888/14400/7 4887/14401/7 4906/14402/7 4905/14403/7 

vt -12.1269 -2.88765e-15
vt -6.98693 -2.88765e-15
v -2.01454 4 -6.98693
vt -6.98693 4
vt -12.1269 4
f 4887/14404/3 4886/14405/3 4907/14406/3 4906/14407/3 

f 4886/14401/7 4885/14381/7 4897/14382/7 4907/14402/7 

vt -1.00454 6.98693
vt -1.00454 14.0269
vt -14.9745 14.0269
vt -14.9745 1.19693
vt -1.00454 1.19693
vt -1.00454 6.07693
vt -2.01454 6.07693
vt -2.01454 3.13693
vt -14.0145 3.13693
vt -14.0145 12.1269
vt -2.01454 12.1269
vt -2.01454 6.98693
f 4897/14408/45 4896/14409/45 4898/14410/45 4899/14411/45 4900/14412/45 4901/14413/45 4902/14414/45 4903/14415/45 4904/14416/45 4905/14417/45 4906/14418/45 4907/14419/45 

g Mesh33 Model

v 41.0214 -2.16572e-15 -2.02801
vt -41.0214 2.02801
v 59.9914 -2.16572e-15 -2.02801
vt -59.9914 2.02801
v 59.9914 -2.16572e-15 0.00828118
vt -59.9914 -0.00828118
vt -47.9968 -0.00828118
vt -41.0214 -0.00828118
f 4908/14420/9 4909/14421/9 4910/14422/9 244/14423/9 251/14424/9 

vt -59.9914 -2.16572e-15
vt -41.0214 -2.16572e-15
v 41.0214 4 -2.02801
vt -41.0214 4
v 59.9914 4 -2.02801
vt -59.9914 4
f 4909/14425/5 4908/14426/5 4911/14427/5 4912/14428/5 

vt -2.02801 -2.16572e-15
vt -2.02801 4
f 4908/14429/3 251/401/3 246/404/3 4911/14430/3 

vt 59.9914 2.02801
vn 6.14011e-17 1 -6.8382e-16
vt 41.0214 2.02801
v 59.9914 4 0.00828118
vt 59.9914 -0.00828118
f 4912/14431/1404 4911/14432/1404 246/474/1404 245/473/1404 4913/14433/1404 

vt 47.9968 -2.16573e-15
vt 59.9914 -2.16572e-15
vt 59.9914 4
f 244/14434/7 4910/14435/7 4913/14436/7 245/14112/7 

vt 2.02801 -2.16572e-15
vt 2.02801 4
f 4910/298/1 4909/14437/1 4912/14438/1 4913/299/1 

g Mesh34 Model

v 15.9979 -1.44382e-15 -17.9917
vt -15.9979 17.9917
vn -6.36265e-18 -1 1.09711e-17
v 33.9908 -1.44382e-15 -17.9917
vt -33.9908 17.9917
v 33.9908 -2.16572e-15 -2.02801
vt -33.9908 2.02801
v 39.0008 -2.16572e-15 -2.02801
vt -39.0008 2.02801
vt -39.0008 -0.00828118
vt -31.9958 -0.00828118
v 24.9908 -2.16572e-15 0.00828118
vt -24.9908 -0.00828118
v 24.9908 -2.16572e-15 -2.02801
vt -24.9908 2.02801
v 29.9808 -2.16572e-15 -2.02801
vt -29.9808 2.02801
v 30.0475 -2.16336e-15 -2.36142
vt -30.0475 2.36142
v 30.1797 -1.44967e-15 -2.51148
vt -30.1797 2.51148
v 30.3197 -1.44967e-15 -2.51148
vt -30.3197 2.51148
v 30.3197 -1.44967e-15 -2.65148
vt -30.3197 2.65148
v 30.6342 -2.16573e-15 -3.02727
vt -30.6342 3.02727
v 31.0142 -2.16573e-15 -3.02727
vt -31.0142 3.02727
v 31.0142 -2.16573e-15 -12.9973
vt -31.0142 12.9973
v 30.8842 -2.16573e-15 -12.9973
vt -30.8842 12.9973
v 30.7363 -2.16573e-15 -13.2232
vt -30.7363 13.2232
v 30.3382 -2.16573e-15 -13.3214
vt -30.3382 13.3214
v 29.98 -2.16573e-15 -13.5769
vt -29.98 13.5769
v 29.98 -2.16573e-15 -14.0069
vt -29.98 14.0069
v 18.03 -2.16573e-15 -14.0069
vt -18.03 14.0069
v 17.9359 -2.16573e-15 -13.7011
vt -17.9359 13.7011
v 17.5697 -2.16573e-15 -13.4954
vt -17.5697 13.4954
v 17.5697 -2.16573e-15 -13.2754
vt -17.5697 13.2754
v 17.4141 -2.16573e-15 -13.1344
vt -17.4141 13.1344
v 17.013 -2.16575e-15 -13.0497
vt -17.013 13.0497
v 17.013 -2.16575e-15 -2.9697
vt -17.013 2.9697
v 17.323 -2.16575e-15 -2.9697
vt -17.323 2.9697
v 17.5791 -2.1672e-15 -2.5876
vt -17.5791 2.5876
v 17.8091 -2.1672e-15 -2.5876
vt -17.8091 2.5876
v 17.9478 -1.44382e-15 -2.39172
vt -17.9478 2.39172
v 17.9478 -1.44382e-15 -1.99172
vt -17.9478 1.99172
v 22.9978 -1.44382e-15 -1.99172
vt -22.9978 1.99172
v 22.9978 -1.44382e-15 0.00828118
vt -22.9978 -0.00828118
v 15.9979 -1.44382e-15 0.00828118
vt -15.9979 -0.00828118
f 4914/14439/1405 4915/14440/1405 4916/14441/1405 4917/14442/1405 183/14443/1405 209/14444/1405 4918/14445/1405 4919/14446/1405 4920/14447/1405 4921/14448/1405 4922/14449/1405 4923/14450/1405 4924/14451/1405 4925/14452/1405 4926/14453/1405 4927/14454/1405 4928/14455/1405 4929/14456/1405 4930/14457/1405 4931/14458/1405 4932/14459/1405 4933/14460/1405 4934/14461/1405 4935/14462/1405 4936/14463/1405 4937/14464/1405 4938/14465/1405 4939/14466/1405 4940/14467/1405 4941/14468/1405 4942/14469/1405 4943/14470/1405 4944/14471/1405 4945/14472/1405 4946/14473/1405 4947/14474/1405 

vt -33.9908 -1.24643e-15
vn 0 -1.09711e-17 -1
vt -15.9979 -1.24643e-15
v 15.9979 4 -17.9917
vt -15.9979 4
v 33.9908 4 -17.9917
vt -33.9908 4
f 4915/14475/1406 4914/14476/1406 4948/14477/1406 4949/14478/1406 

vt -17.9917 -1.34203e-15
vn -1 6.36265e-18 -0
vt 0.00828118 -1.34203e-15
v 15.9979 4 0.00828118
vt -17.9917 4
f 4914/14479/1407 4947/14480/1407 4950/404/1407 4948/14481/1407 

vt 15.9979 -1.44391e-15
vn 0 1.09711e-17 1
vt 22.9978 -1.44391e-15
v 22.9978 4 0.00828118
vt 22.9978 4
vt 15.9979 4
f 4947/14482/1408 4946/14483/1408 4951/14484/1408 4950/14485/1408 

vt -0.00828118 -1.2975e-15
vn 1 -6.36265e-18 -0
vt 1.99172 -1.2975e-15
v 22.9978 4 -1.99172
vt 1.99172 4
f 4946/14486/1409 4945/14487/1409 4952/14488/1409 4951/299/1409 

vt -22.9978 -1.42197e-15
vt -17.9478 -1.42197e-15
v 17.9478 4 -1.99172
vt -17.9478 4
vt -22.9978 4
f 4945/14489/1406 4944/14490/1406 4953/14491/1406 4952/14492/1406 

vt 1.99172 -1.32963e-15
vt 2.39172 -1.32963e-15
v 17.9478 4 -2.39172
vt 2.39172 4
f 4944/14493/1409 4943/14494/1409 4954/14495/1409 4953/14488/1409 

vt -8.41778 -1.25896e-15
vn 0.816192 -1.15321e-17 -0.577781
vt -8.17778 -1.98233e-15
v 17.8091 4 -2.5876
vt -8.17778 4
vt -8.41778 4
f 4943/14496/1410 4942/14497/1410 4955/14498/1410 4954/14499/1410 

vt -17.8091 -2.13881e-15
vt -17.5791 -2.13881e-15
v 17.5791 4 -2.5876
vt -17.5791 4
vt -17.8091 4
f 4942/14500/1406 4941/14501/1406 4956/14502/1406 4955/14503/1406 

vt -7.63898 -1.98441e-15
vn 0.830635 -1.1394e-17 -0.556817
vt -7.17898 -1.98296e-15
v 17.323 4 -2.9697
vt -7.17898 4
vt -7.63898 4
f 4941/14504/1411 4940/14505/1411 4957/14506/1411 4956/14507/1411 

vt -17.323 -2.13317e-15
vt -17.013 -2.13317e-15
v 17.013 4 -2.9697
vt -17.013 4
vt -17.323 4
f 4940/14508/1406 4939/14509/1406 4958/14510/1406 4957/14511/1406 

vt 2.9697 -2.0575e-15
vt 13.0497 -2.0575e-15
v 17.013 4 -13.0497
vt 13.0497 4
vt 2.9697 4
f 4939/14512/1409 4938/14513/1409 4959/14514/1409 4958/14515/1409 

vt 19.3415 -2.07857e-15
vn 0.206546 9.42039e-18 0.978437
vt 19.7515 -2.07855e-15
v 17.4141 4 -13.1344
vt 19.7515 4
vt 19.3415 4
f 4938/14516/1412 4937/14517/1412 4960/14518/1412 4959/14519/1412 

vt 21.7235 -2.1733e-15
vn 0.671556 3.85624e-18 0.740954
vt 21.9335 -2.1733e-15
v 17.5697 4 -13.2754
vt 21.9335 4
vt 21.7235 4
f 4937/14520/1413 4936/14521/1413 4961/14522/1413 4960/14523/1413 

vt 13.2754 -2.05394e-15
vt 13.4954 -2.05394e-15
v 17.5697 4 -13.4954
vt 13.4954 4
vt 13.2754 4
f 4936/14524/1409 4935/14525/1409 4962/14526/1409 4961/14527/1409 

vt 21.9275 -2.14533e-15
vn 0.489689 6.44999e-18 0.871897
vt 22.3475 -2.14533e-15
v 17.9359 4 -13.7011
vt 22.3475 4
vt 21.9275 4
f 4935/14528/1414 4934/14529/1414 4963/14530/1414 4962/14531/1414 

vt 18.3694 -2.12829e-15
vn 0.95579 -2.85528e-18 0.294051
vt 18.6894 -2.12829e-15
v 18.03 4 -14.0069
vt 18.6894 4
vt 18.3694 4
f 4934/14532/1415 4933/14533/1415 4964/14534/1415 4963/14535/1415 

vt 18.03 -2.01206e-15
vt 29.98 -2.01206e-15
v 29.98 4 -14.0069
vt 29.98 4
vt 18.03 4
f 4933/14536/1408 4932/14537/1408 4965/14538/1408 4964/14539/1408 

vt -14.0069 -1.97498e-15
vt -13.5769 -1.97498e-15
v 29.98 4 -13.5769
vt -13.5769 4
vt -14.0069 4
f 4932/14540/1407 4931/14541/1407 4966/14542/1407 4965/14543/1407 

vt 16.5231 -1.80635e-15
vn -0.5807 1.26266e-17 0.814118
vt 16.9631 -1.80635e-15
v 30.3382 4 -13.3214
vt 16.9631 4
vt 16.5231 4
f 4931/14544/1416 4930/14545/1416 4967/14546/1416 4966/14547/1416 

vt 26.2623 -1.91974e-15
vn -0.239622 1.21761e-17 0.970866
vt 26.6723 -1.91974e-15
v 30.7363 4 -13.2232
vt 26.6723 4
vt 26.2623 4
f 4930/14548/1417 4929/14549/1417 4968/14550/1417 4967/14551/1417 

vt 5.77024 -1.79224e-15
vn -0.836684 1.13323e-17 0.547687
vt 6.04024 -1.79224e-15
v 30.8842 4 -12.9973
vt 6.04024 4
vt 5.77024 4
f 4929/14552/1418 4928/14553/1418 4969/14554/1418 4968/14555/1418 

vt 30.8842 -2.02314e-15
vt 31.0142 -2.02314e-15
v 31.0142 4 -12.9973
vt 31.0142 4
vt 30.8842 4
f 4928/14556/1408 4927/14557/1408 4970/14558/1408 4969/14559/1408 

vt -12.9973 -1.9684e-15
vt -3.02727 -1.9684e-15
v 31.0142 4 -3.02727
vt -3.02727 4
vt -12.9973 4
f 4927/14560/1407 4926/14561/1407 4971/14562/1407 4970/14563/1407 

vt -31.0142 -2.13252e-15
vt -30.6342 -2.13252e-15
v 30.6342 4 -3.02727
vt -30.6342 4
vt -31.0142 4
f 4926/14564/1406 4925/14565/1406 4972/14566/1406 4971/14567/1406 

vt -21.9806 -2.2123e-15
vn -0.76693 -2.16082e-18 -0.641731
vt -21.4906 -1.49623e-15
v 30.3197 4 -2.65148
vt -21.4906 4
vt -21.9806 4
f 4925/14568/1419 4924/14569/1419 4973/14570/1419 4972/14571/1419 

vt -2.65148 -1.25675e-15
vt -2.51148 -1.25675e-15
v 30.3197 4 -2.51148
vt -2.51148 4
vt -2.65148 4
f 4924/14572/1407 4923/14573/1407 4974/14574/1407 4973/14575/1407 

vt -30.3197 -1.42211e-15
vt -30.1797 -1.42211e-15
v 30.1797 4 -2.51148
vt -30.1797 4
vt -30.3197 4
f 4923/14576/1406 4922/14577/1406 4975/14578/1406 4974/14579/1406 

vt -21.8361 -1.50169e-15
vn -0.750299 -2.47913e-18 -0.661099
vt -21.6361 -2.21538e-15
v 30.0475 4 -2.36142
vt -21.6361 4
vt -21.8361 4
f 4922/14580/1420 4921/14581/1420 4976/14582/1420 4975/14583/1420 

vt -8.20623 -2.04479e-15
vn -0.980595 4.08836e-18 -0.196044
vt -7.86623 -2.04716e-15
v 29.9808 4 -2.02801
vt -7.86623 4
vt -8.20623 4
f 4921/14584/1421 4920/14585/1421 4977/14586/1421 4976/14587/1421 

vt -29.9808 -2.14348e-15
vt -24.9908 -2.14348e-15
v 24.9908 4 -2.02801
vt -24.9908 4
vt -29.9808 4
f 4920/14588/1406 4919/14589/1406 4978/14590/1406 4977/14591/1406 

vt -2.02801 -2.00672e-15
vt 0.00828118 -2.00672e-15
v 24.9908 4 0.00828118
f 4919/14592/1407 4918/14593/1407 4979/404/1407 4978/14430/1407 

vt 24.9908 -2.16601e-15
vn 1.36872e-17 3.45446e-17 1
vt 31.9958 -2.16601e-15
v 31.9958 4 0.00828118
vt 24.9908 4
f 4918/14594/1422 209/14595/1422 4980/400/1422 4979/14596/1422 

vt 33.9908 17.9917
vn -1.50412e-17 1 -2.7972e-17
vt 15.9979 17.9917
vt 15.9979 -0.00828118
vt 22.9978 -0.00828118
vt 22.9978 1.99172
vt 17.9478 1.99172
vt 17.9478 2.39172
vt 17.8091 2.5876
vt 17.5791 2.5876
vt 17.323 2.9697
vt 17.013 2.9697
vt 17.013 13.0497
vt 17.4141 13.1344
vt 17.5697 13.2754
vt 17.5697 13.4954
vt 17.9359 13.7011
vt 18.03 14.0069
vt 29.98 14.0069
vt 29.98 13.5769
vt 30.3382 13.3214
vt 30.7363 13.2232
vt 30.8842 12.9973
vt 31.0142 12.9973
vt 31.0142 3.02727
vt 30.6342 3.02727
vt 30.3197 2.65148
vt 30.3197 2.51148
vt 30.1797 2.51148
vt 30.0475 2.36142
vt 29.9808 2.02801
vt 24.9908 2.02801
vt 24.9908 -0.00828118
v 39.0008 4 0.00828118
v 39.0008 4 -2.02801
vt 39.0008 2.02801
v 33.9908 4 -2.02801
vt 33.9908 2.02801
f 4949/14597/1423 4948/14598/1423 4950/14599/1423 4951/14600/1423 4952/14601/1423 4953/14602/1423 4954/14603/1423 4955/14604/1423 4956/14605/1423 4957/14606/1423 4958/14607/1423 4959/14608/1423 4960/14609/1423 4961/14610/1423 4962/14611/1423 4963/14612/1423 4964/14613/1423 4965/14614/1423 4966/14615/1423 4967/14616/1423 4968/14617/1423 4969/14618/1423 4970/14619/1423 4971/14620/1423 4972/14621/1423 4973/14622/1423 4974/14623/1423 4975/14624/1423 4976/14625/1423 4977/14626/1423 4978/14627/1423 4979/14628/1423 4980/271/1423 4981/270/1423 4982/14629/1423 4983/14630/1423 

f 183/298/1 4917/14437/1 4982/14438/1 4981/299/1 

vt -39.0008 -2.14348e-15
vt -33.9908 -2.14348e-15
vt -39.0008 4
f 4917/14631/1406 4916/14632/1406 4983/14478/1406 4982/14633/1406 

vt 2.02801 -1.94945e-15
vn 1 -6.36265e-18 -2.87728e-34
vt 17.9917 -1.22755e-15
vt 17.9917 4
f 4916/14634/1424 4915/14635/1424 4949/14636/1424 4983/14438/1424 

g Mesh35 Model

v 61.9928 -1.44382e-15 -18.065
vt -61.9928 18.065
v 87.0021 -1.44382e-15 -18.065
vt -87.0021 18.065
v 87.0021 -1.44382e-15 -16.0017
vt -87.0021 16.0017
v 80.0055 -2.16573e-15 -16.0017
vt -80.0055 16.0017
v 64.0021 -1.44382e-15 -16.0017
vt -64.0021 16.0017
v 64.0021 -1.44382e-15 0.00828118
vt -64.0021 -0.00828118
v 61.9928 -1.44382e-15 0.00828118
vt -61.9928 -0.00828118
f 4984/14637/9 4985/14638/9 4986/14639/9 4987/14640/9 4988/14641/9 4989/14642/9 4990/14643/9 

vt -87.0021 -1.44382e-15
vt -61.9928 -1.44382e-15
v 61.9928 4 -18.065
vt -61.9928 4
v 87.0021 4 -18.065
vt -87.0021 4
f 4985/14644/5 4984/14645/5 4991/14646/5 4992/14647/5 

vt -18.065 -1.44382e-15
vt 0.00828118 -1.44382e-15
v 61.9928 4 0.00828118
vt -18.065 4
f 4984/14648/3 4990/14649/3 4993/404/3 4991/14650/3 

vt 61.9928 -1.44382e-15
vt 64.0021 -1.44382e-15
v 64.0021 4 0.00828118
vt 64.0021 4
vt 61.9928 4
f 4990/14651/7 4989/14652/7 4994/14653/7 4993/14654/7 

vt -0.00828118 -1.44382e-15
vt 16.0017 -1.44382e-15
v 64.0021 4 -16.0017
vt 16.0017 4
f 4989/14655/1 4988/14656/1 4995/14657/1 4994/299/1 

vt 80.0055 -2.16573e-15
v 80.0055 4 -16.0017
vt 80.0055 4
f 4988/14652/7 4987/14658/7 4996/14659/7 4995/14653/7 

vt 87.0021 -1.44382e-15
v 87.0021 4 -16.0017
vt 87.0021 4
f 4987/14658/7 4986/14660/7 4997/14661/7 4996/14659/7 

vt 18.065 -1.44382e-15
vt 18.065 4
f 4986/14656/1 4985/14662/1 4992/14663/1 4997/14657/1 

vt 87.0021 18.065
vn 5.58581e-18 1 -2.83999e-18
vt 61.9928 18.065
vt 61.9928 -0.00828118
vt 64.0021 -0.00828118
vt 64.0021 16.0017
vt 80.0055 16.0017
vt 87.0021 16.0017
f 4992/14664/1425 4991/14665/1425 4993/14666/1425 4994/14667/1425 4995/14668/1425 4996/14669/1425 4997/14670/1425 

usemtl _1
vt -16.0017 4
vn -1 8.52768e-17 -0
v 64.0021 7.5 0.00828118
vt 0.00828118 7.5
v 64.0021 7.5 -16.0017
vt -16.0017 7.5
f 4995/14671/1426 4994/404/1426 4998/14672/1426 4999/14673/1426 

vn -1.19535e-33 -1.16139e-17 1
v 71.0161 4 0.00828118
vt 71.0161 4
v 71.0161 7.5 0.00828118
vt 71.0161 7.5
vt 64.0021 7.5
f 4994/14653/1427 5000/14674/1427 5001/14675/1427 4998/14676/1427 

v 71.0161 4 5.02758
vt 71.0161 -5.02758
vn -6.95084e-18 1 1.39046e-17
vt 71.0161 -0.00828118
v 64.0021 4 16.0083
vt 64.0021 -16.0083
v 80.0021 4 16.0083
vt 80.0021 -16.0083
v 80.0021 4 9.70828
vt 80.0021 -9.70828
v 79.8227 4 9.4804
vt 79.8227 -9.4804
v 79.6127 4 9.4804
vt 79.6127 -9.4804
v 79.2897 4 9.09873
vt 79.2897 -9.09873
v 77.5997 4 9.09873
vt 77.5997 -9.09873
v 77.0273 4 9.68586
vt 77.0273 -9.68586
v 77.0273 4 13.9659
vt 77.0273 -13.9659
v 76.6173 4 13.9659
vt 76.6173 -13.9659
v 76.0799 4 14.6115
vt 76.0799 -14.6115
v 75.9599 4 14.6115
vt 75.9599 -14.6115
v 75.8065 4 14.4269
vt 75.8065 -14.4269
v 75.6165 4 14.4269
vt 75.6165 -14.4269
v 75.285 4 14.0393
vt 75.285 -14.0393
v 69.595 4 14.0393
vt 69.595 -14.0393
v 69.0631 4 14.6099
vt 69.0631 -14.6099
v 68.9131 4 14.6099
vt 68.9131 -14.6099
v 68.7866 4 14.4178
vt 68.7866 -14.4178
v 68.5866 4 14.4178
vt 68.5866 -14.4178
v 68.2381 4 14.0185
vt 68.2381 -14.0185
v 66.0181 4 14.0185
vt 66.0181 -14.0185
v 66.0181 4 13.0194
vt 66.0181 -13.0194
v 65.9533 4 12.6247
vt 65.9533 -12.6247
v 65.7953 4 12.4182
vt 65.7953 -12.4182
v 65.6053 4 12.4182
vt 65.6053 -12.4182
v 65.2656 4 12.0513
vt 65.2656 -12.0513
v 65.0156 4 12.0513
vt 65.0156 -12.0513
v 65.0156 4 3.94129
vt 65.0156 -3.94129
v 65.4376 4 3.85881
vt 65.4376 -3.85881
v 65.5787 4 3.71699
vt 65.5787 -3.71699
v 65.5787 4 3.50699
vt 65.5787 -3.50699
v 66.0072 4 3.24948
vt 66.0072 -3.24948
v 66.0072 4 1.93948
vt 66.0072 -1.93948
v 66.4436 4 1.88304
vt 66.4436 -1.88304
v 66.5817 4 1.75249
vt 66.5817 -1.75249
v 66.5817 4 1.51249
vt 66.5817 -1.51249
v 66.9763 4 1.27622
vt 66.9763 -1.27622
v 66.9763 4 1.43622
vt 66.9763 -1.43622
v 67.3388 4 1.68566
vt 67.3388 -1.68566
v 67.763 4 1.75581
vt 67.763 -1.75581
v 67.9036 4 2.00945
vt 67.9036 -2.00945
v 68.0136 4 2.00945
vt 68.0136 -2.00945
v 68.1638 4 1.86261
vt 68.1638 -1.86261
v 68.4338 4 1.86261
vt 68.4338 -1.86261
v 68.5882 4 1.73552
vt 68.5882 -1.73552
v 68.5882 4 1.51552
vt 68.5882 -1.51552
v 68.9673 4 1.2731
vt 68.9673 -1.2731
v 68.9673 4 1.4231
vt 68.9673 -1.4231
v 69.3305 4 1.67144
vt 69.3305 -1.67144
v 69.7585 4 1.77379
vt 69.7585 -1.77379
v 69.8817 4 2.014
vt 69.8817 -2.014
v 69.9917 4 2.014
vt 69.9917 -2.014
v 69.9917 4 4.434
vt 69.9917 -4.434
v 70.1698 4 4.52498
vt 70.1698 -4.52498
v 70.3304 4 4.7034
vt 70.3304 -4.7034
v 70.7625 4 4.78599
vt 70.7625 -4.78599
v 70.8831 4 5.02758
vt 70.8831 -5.02758
f 5002/14677/1428 5000/14678/1428 4994/14667/1428 5003/14679/1428 5004/14680/1428 5005/14681/1428 5006/14682/1428 5007/14683/1428 5008/14684/1428 5009/14685/1428 5010/14686/1428 5011/14687/1428 5012/14688/1428 5013/14689/1428 5014/14690/1428 5015/14691/1428 5016/14692/1428 5017/14693/1428 5018/14694/1428 5019/14695/1428 5020/14696/1428 5021/14697/1428 5022/14698/1428 5023/14699/1428 5024/14700/1428 5025/14701/1428 5026/14702/1428 5027/14703/1428 5028/14704/1428 5029/14705/1428 5030/14706/1428 5031/14707/1428 5032/14708/1428 5033/14709/1428 5034/14710/1428 5035/14711/1428 5036/14712/1428 5037/14713/1428 5038/14714/1428 5039/14715/1428 5040/14716/1428 5041/14717/1428 5042/14718/1428 5043/14719/1428 5044/14720/1428 5045/14721/1428 5046/14722/1428 5047/14723/1428 5048/14724/1428 5049/14725/1428 5050/14726/1428 5051/14727/1428 5052/14728/1428 5053/14729/1428 5054/14730/1428 5055/14731/1428 5056/14732/1428 5057/14733/1428 5058/14734/1428 5059/14735/1428 5060/14736/1428 

vt -5.02758 4
v 71.0161 -2.16573e-15 5.02758
vt -5.02758 -2.16573e-15
v 71.0161 3.5 -2.04242
vt 2.04242 3.5
v 71.0161 7.5 -2.04242
vt 2.04242 7.5
vt -0.00828118 7.5
f 5002/14737/1 5061/14738/1 5062/14739/1 5063/14740/1 5001/14741/1 5000/299/1 

v 70.8831 -2.16573e-15 5.02758
vt 70.8831 -2.14961e-15
vn 0 -3.20651e-18 1
vt 71.0161 -2.14961e-15
vt 70.8831 4
f 5064/14742/1429 5061/14743/1429 5002/14674/1429 5060/14744/1429 

v 70.7625 -2.16573e-15 4.78599
vt 35.8788 -1.13001e-15
vn -0.894777 1.69292e-17 0.446513
vt 36.1488 -1.13001e-15
vt 36.1488 4
vt 35.8788 4
f 5065/14745/1430 5064/14746/1430 5060/14747/1430 5059/14748/1430 

v 70.3304 -2.16573e-15 4.7034
vt 69.9632 -2.15971e-15
vn -0.187696 7.02039e-19 0.982227
vt 70.4032 -2.15971e-15
vt 70.4032 4
vt 69.9632 4
f 5066/14749/1431 5065/14750/1431 5059/14751/1431 5058/14752/1431 

v 70.1698 -2.16573e-15 4.52498
vt 50.2946 -1.52147e-15
vn -0.74343 1.31108e-17 0.668814
vt 50.5346 -1.52147e-15
vt 50.5346 4
vt 50.2946 4
f 5067/14753/1432 5066/14754/1432 5058/14755/1432 5057/14756/1432 

v 69.9917 -2.16573e-15 4.434
vt 64.3475 -1.98503e-15
vn -0.454903 6.47916e-18 0.890541
vt 64.5475 -1.98503e-15
vt 64.5475 4
vt 64.3475 4
f 5068/14757/1433 5067/14758/1433 5057/14759/1433 5056/14760/1433 

v 69.9917 -2.16573e-15 2.014
vt 2.014 -7.29491e-16
vn -1 2.05202e-17 -0
vt 4.434 -7.29491e-16
vt 4.434 4
vt 2.014 4
f 5069/14761/1434 5068/14762/1434 5056/14763/1434 5055/14764/1434 

v 69.8817 -2.16573e-15 2.014
vt 69.8817 -2.15928e-15
vt 69.9917 -2.15928e-15
vt 69.9917 4
vt 69.8817 4
f 5070/14765/1429 5069/14766/1429 5055/14767/1429 5054/14768/1429 

v 69.7585 -2.16573e-15 1.77379
vt 33.429 -1.13716e-15
vn -0.889678 1.67923e-17 0.456588
vt 33.699 -1.13716e-15
vt 33.699 4
vt 33.429 4
f 5071/14769/1435 5070/14770/1435 5054/14771/1435 5053/14772/1435 

v 69.3305 -2.16573e-15 1.67144
vt 67.8176 -2.14174e-15
vn -0.232606 1.65456e-18 0.972571
vt 68.2576 -2.14174e-15
vt 68.2576 4
vt 67.8176 4
f 5072/14773/1436 5071/14774/1436 5053/14775/1436 5052/14776/1436 

v 68.9673 -2.16573e-15 1.4231
vt 57.7354 -1.82844e-15
vn -0.564408 8.9348e-18 0.825496
vt 58.1754 -1.82844e-15
vt 58.1754 4
vt 57.7354 4
f 5073/14777/1437 5072/14778/1437 5052/14779/1437 5051/14780/1437 

v 68.9673 -2.16573e-15 1.2731
vt 1.2731 -7.50512e-16
vt 1.4231 -7.50512e-16
vt 1.4231 4
vt 1.2731 4
f 5074/14781/1434 5073/14782/1434 5051/14783/1434 5050/14784/1434 

v 68.5882 -2.16573e-15 1.51552
vt 56.9686 -1.63991e-15
vn 0.538707 -1.37558e-17 0.842493
vt 57.4186 -1.63991e-15
vt 57.4186 4
vt 56.9686 4
f 5075/14785/1438 5074/14786/1438 5050/14787/1438 5049/14788/1438 

v 68.5882 -2.16573e-15 1.73552
vt -1.73552 -7.58292e-16
vn 1 -2.05202e-17 -0
vt -1.51552 -7.58292e-16
vt -1.51552 4
vt -1.73552 4
f 5076/14789/1439 5075/14790/1439 5049/14791/1439 5048/14792/1439 

v 68.4338 -2.16573e-15 1.86261
vt 51.6573 -1.46872e-15
vn 0.635444 -1.55153e-17 0.772147
vt 51.8573 -1.46872e-15
vt 51.8573 4
vt 51.6573 4
f 5077/14793/1440 5076/14794/1440 5048/14795/1440 5047/14796/1440 

v 68.1638 -2.16573e-15 1.86261
vt 68.1638 -2.15976e-15
vt 68.4338 -2.15976e-15
vt 68.4338 4
vt 68.1638 4
f 5078/14797/1429 5077/14798/1429 5047/14799/1429 5046/14800/1429 

v 68.0136 -2.16573e-15 2.00945
vt 47.2151 -1.35037e-15
vn 0.699268 -1.66413e-17 0.71486
vt 47.4251 -1.35037e-15
vt 47.4251 4
vt 47.2151 4
f 5079/14801/1441 5078/14802/1441 5046/14803/1441 5045/14804/1441 

v 67.9036 -2.16573e-15 2.00945
vt 67.9036 -2.15929e-15
vt 68.0136 -2.15929e-15
vt 68.0136 4
vt 67.9036 4
f 5080/14805/1429 5079/14806/1429 5045/14807/1429 5044/14808/1429 

v 67.763 -2.16573e-15 1.75581
vt 34.3858 -1.20809e-15
vn -0.874636 1.63932e-17 0.48478
vt 34.6758 -1.20809e-15
vt 34.6758 4
vt 34.3858 4
f 5081/14809/1442 5080/14810/1442 5044/14811/1442 5043/14812/1442 

v 67.3388 -2.16573e-15 1.68566
vt 66.7116 -2.16402e-15
vn -0.163151 1.84341e-19 0.986601
vt 67.1416 -2.16402e-15
vt 67.1416 4
vt 66.7116 4
f 5082/14813/1443 5081/14814/1443 5043/14815/1443 5042/14816/1443 

v 66.9763 -2.16573e-15 1.43622
vt 55.9881 -1.83497e-15
vn -0.566906 8.99154e-18 0.823783
vt 56.4281 -1.83497e-15
vt 56.4281 4
vt 55.9881 4
f 5083/14817/1444 5082/14818/1444 5042/14819/1444 5041/14820/1444 

v 66.9763 -2.16573e-15 1.27622
vt 1.27622 -7.91367e-16
vt 1.43622 -7.91367e-16
vt 1.43622 4
vt 1.27622 4
f 5084/14821/1434 5083/14822/1434 5041/14823/1434 5040/14824/1434 

v 66.5817 -2.16573e-15 1.51249
vt 56.3511 -1.69396e-15
vn 0.513628 -1.3291e-17 0.858013
vt 56.8111 -1.69396e-15
vt 56.8111 4
vt 56.3511 4
f 5085/14825/1445 5084/14826/1445 5040/14827/1445 5039/14828/1445 

v 66.5817 -2.16573e-15 1.75249
vt -1.75249 -7.99466e-16
vt -1.51249 -7.99466e-16
vt -1.51249 4
vt -1.75249 4
f 5086/14829/1439 5085/14830/1439 5039/14831/1439 5038/14832/1439 

v 66.4436 -2.16573e-15 1.88304
vt 46.981 -1.39319e-15
vn 0.68711 -1.64293e-17 0.726553
vt 47.171 -1.39319e-15
vt 47.171 4
vt 46.981 4
f 5087/14833/1446 5086/14834/1446 5038/14835/1446 5037/14836/1446 

v 66.0072 -2.16573e-15 1.93948
vt 65.2132 -2.10534e-15
vn 0.128271 -5.81217e-18 0.991739
vt 65.6532 -2.10534e-15
vt 65.6532 4
vt 65.2132 4
f 5088/14837/1447 5087/14838/1447 5037/14839/1447 5036/14840/1447 

v 66.0072 -2.16573e-15 3.24948
vt -3.24948 -8.11253e-16
vt -1.93948 -8.11253e-16
vt -1.93948 4
vt -3.24948 4
f 5089/14841/1439 5088/14842/1439 5036/14843/1439 5035/14844/1439 

v 65.5787 -2.16573e-15 3.50699
vt 54.4059 -1.67592e-15
vn 0.515031 -1.33171e-17 0.857171
vt 54.9059 -1.67592e-15
vt 54.9059 4
vt 54.4059 4
f 5090/14845/1448 5089/14846/1448 5035/14847/1448 5034/14848/1448 

v 65.5787 -2.16573e-15 3.71699
vt -3.71699 -8.20048e-16
vt -3.50699 -8.20048e-16
vt -3.50699 4
vt -3.71699 4
f 5091/14849/1439 5090/14850/1439 5034/14851/1439 5033/14852/1439 

v 65.4376 -2.16573e-15 3.85881
vt 43.4034 -1.33987e-15
vn 0.709114 -1.6812e-17 0.705094
vt 43.6034 -1.33987e-15
vt 43.6034 4
vt 43.4034 4
f 5092/14853/1449 5091/14854/1449 5033/14855/1449 5032/14856/1449 

v 65.0156 -2.16573e-15 3.94129
vt 63.0526 -2.05002e-15
vn 0.191798 -7.08272e-18 0.981434
vt 63.4826 -2.05002e-15
vt 63.4826 4
vt 63.0526 4
f 5093/14857/1450 5092/14858/1450 5032/14859/1450 5031/14860/1450 

v 65.0156 -2.16573e-15 12.0513
vt -12.0513 -8.31602e-16
vt -3.94129 -8.31602e-16
vt -3.94129 4
vt -12.0513 4
f 5094/14861/1439 5093/14862/1439 5031/14863/1439 5030/14864/1439 

v 65.2656 -2.16573e-15 12.0513
vt -65.2656 -2.12709e-15
vn 0 3.20651e-18 -1
vt -65.0156 -2.12709e-15
vt -65.0156 4
vt -65.2656 4
f 5095/14865/1451 5094/14866/1451 5030/14867/1451 5029/14868/1451 

v 65.6053 -2.16577e-15 12.4182
vt -53.6817 -1.65438e-15
vn 0.733813 -1.28796e-17 -0.679351
vt -53.1817 -1.65434e-15
vt -53.1817 4
vt -53.6817 4
f 5096/14869/1452 5095/14870/1452 5029/14871/1452 5028/14872/1452 

v 65.7953 -2.16577e-15 12.4182
vt -65.7953 -2.12595e-15
vt -65.6053 -2.12595e-15
vt -65.6053 4
vt -65.7953 4
f 5097/14873/1451 5096/14874/1451 5028/14875/1451 5027/14876/1451 

v 65.9533 -2.16142e-15 12.6247
vt -50.1026 -1.51989e-15
vn 0.794211 -1.4349e-17 -0.607642
vt -49.8426 -1.52424e-15
vt -49.8426 4
vt -50.1026 4
f 5098/14877/1453 5097/14878/1453 5027/14879/1453 5026/14880/1453 

v 66.0181 -1.80512e-15 13.0194
vt -23.5441 -5.61448e-16
vn 0.986786 -1.97295e-17 -0.162027
vt -23.1441 -9.17748e-16
vt -23.1441 4
vt -23.5441 4
f 5099/14881/1454 5098/14882/1454 5026/14883/1454 5025/14884/1454 

v 66.0181 -1.80512e-15 14.0185
vt -14.0185 -4.50419e-16
vt -13.0194 -4.50419e-16
vt -13.0194 4
vt -14.0185 4
f 5100/14885/1439 5099/14886/1439 5025/14887/1439 5024/14888/1439 

v 68.2381 -1.80512e-15 14.0185
vt -68.2381 -1.76017e-15
vt -66.0181 -1.76017e-15
vt -66.0181 4
vt -68.2381 4
f 5101/14889/1451 5100/14890/1451 5024/14891/1451 5023/14892/1451 

v 68.5866 -2.53671e-15 14.4178
vt -55.9621 -1.97337e-15
vn 0.753404 -1.33515e-17 -0.657558
vt -55.4321 -1.24178e-15
vt -55.4321 4
vt -55.9621 4
f 5102/14893/1455 5101/14894/1455 5023/14895/1455 5022/14896/1455 

v 68.7866 -2.53671e-15 14.4178
vt -68.7866 -2.49048e-15
vt -68.5866 -2.49048e-15
vt -68.5866 4
vt -68.7866 4
f 5103/14897/1451 5102/14898/1451 5022/14899/1451 5021/14900/1451 

v 68.9131 -1.80249e-15 14.6099
vt -50.105 -1.04122e-15
vn 0.835152 -1.53738e-17 -0.550019
vt -49.875 -1.77544e-15
vt -49.875 4
vt -50.105 4
f 5104/14901/1456 5103/14902/1456 5021/14903/1456 5020/14904/1456 

v 69.0631 -1.80249e-15 14.6099
vt -69.0631 -1.75564e-15
vt -68.9131 -1.75564e-15
vt -68.9131 4
vt -69.0631 4
f 5105/14905/1451 5104/14906/1451 5020/14907/1451 5019/14908/1451 

v 69.595 -2.16347e-15 14.0393
vt -37.185 -1.12342e-15
vn -0.731477 1.71965e-17 -0.681866
vt -36.405 -7.62448e-16
vt -36.405 4
vt -37.185 4
f 5106/14909/1457 5105/14910/1457 5019/14911/1457 5018/14912/1457 

v 75.285 -2.16347e-15 14.0393
vt -75.285 -2.11845e-15
vt -69.595 -2.11845e-15
vt -69.595 4
vt -75.285 4
f 5107/14913/1451 5106/14914/1451 5018/14915/1451 5017/14916/1451 

v 75.6165 -2.5378e-15 14.4269
vt -60.121 -1.88839e-15
vn 0.759843 -1.35075e-17 -0.650107
vt -59.611 -1.51406e-15
vt -59.611 4
vt -60.121 4
f 5108/14917/1458 5107/14918/1458 5017/14919/1458 5016/14920/1458 

v 75.8065 -2.5378e-15 14.4269
vt -75.8065 -2.49154e-15
vt -75.6165 -2.49154e-15
vt -75.6165 4
vt -75.8065 4
f 5109/14921/1451 5108/14922/1451 5016/14923/1451 5015/14924/1451 

v 75.9599 -1.44663e-15 14.6115
vt -59.7853 -7.72577e-16
vn 0.769107 -1.37329e-17 -0.63912
vt -59.5453 -1.86375e-15
vt -59.5453 4
vt -59.7853 4
f 5110/14925/1459 5109/14926/1459 5015/14927/1459 5014/14928/1459 

v 76.0799 -1.44663e-15 14.6115
vt -76.0799 -1.39977e-15
vt -75.9599 -1.39977e-15
vt -75.9599 4
vt -76.0799 4
f 5111/14929/1451 5110/14930/1451 5014/14931/1451 5013/14932/1451 

v 76.6173 -2.16573e-15 13.9659
vt -38.2843 -9.57012e-16
vn -0.768562 1.78225e-17 -0.639776
vt -37.4443 -2.37903e-16
vt -37.4443 4
vt -38.2843 4
f 5112/14933/1460 5111/14934/1460 5013/14935/1460 5012/14936/1460 

v 77.0273 -2.16573e-15 13.9659
vt -77.0273 -2.12095e-15
vt -76.6173 -2.12095e-15
vt -76.6173 4
vt -77.0273 4
f 5113/14937/1451 5112/14938/1451 5012/14939/1451 5011/14940/1451 

v 77.0273 -2.16573e-15 9.68586
vt 9.68586 -5.8512e-16
vt 13.9659 -5.8512e-16
vt 13.9659 4
vt 9.68586 4
f 5114/14941/1434 5113/14942/1434 5011/14943/1434 5010/14944/1434 

v 77.5997 -2.16579e-15 9.09873
vt -47.6561 -1.11751e-15
vn -0.716018 1.69312e-17 -0.698082
vt -46.8361 -1.11745e-15
vt -46.8361 4
vt -47.6561 4
f 5115/14945/1461 5114/14946/1461 5010/14947/1461 5009/14948/1461 

v 79.2897 -2.16579e-15 9.09873
vt -79.2897 -2.13662e-15
vt -77.5997 -2.13662e-15
vt -77.5997 4
vt -79.2897 4
f 5116/14949/1451 5115/14950/1451 5009/14951/1451 5008/14952/1451 

v 79.6127 -2.17369e-15 9.4804
vt -58.6662 -1.4309e-15
vn 0.763342 -1.35925e-17 -0.645995
vt -58.1662 -1.423e-15
vt -58.1662 4
vt -58.6662 4
f 5117/14953/1462 5116/14954/1462 5008/14955/1462 5007/14956/1462 

v 79.8227 -2.17369e-15 9.4804
vt -79.8227 -2.1433e-15
vt -79.6127 -2.1433e-15
vt -79.6127 4
vt -79.8227 4
f 5118/14957/1451 5117/14958/1451 5007/14959/1451 5006/14960/1451 

v 80.0021 -1.44382e-15 9.70828
vt -57.1088 -6.39722e-16
vn 0.785797 -1.41415e-17 -0.618484
vt -56.8188 -1.36959e-15
vt -56.8188 4
vt -57.1088 4
f 5119/14961/1463 5118/14962/1463 5006/14963/1463 5005/14964/1463 

v 80.0021 -1.44382e-15 16.0083
vt -16.0083 1.97835e-16
vt -9.70828 1.97835e-16
vt -9.70828 4
vt -16.0083 4
f 5120/14965/1439 5119/14966/1439 5005/14967/1439 5004/14968/1439 

v 64.0021 -1.44382e-15 16.0083
vt 64.0021 -1.39249e-15
vt 80.0021 -1.39249e-15
vt 80.0021 4
f 5121/14969/1429 5120/14970/1429 5004/14971/1429 5003/14653/1429 

vt 16.0083 -1.44382e-15
vt 16.0083 4
f 4989/14649/3 5121/14972/3 5003/14973/3 4994/404/3 

usemtl _7
vt 71.0161 3.38322
vt 71.0161 -4.50569
v 72.0161 -2.16573e-15 5.02758
vt 72.0161 -4.50569
v 72.0161 3.5 -2.04242
vt 72.0161 3.38322
f 5062/14974/36 5061/14975/36 5122/14976/36 5123/14977/36 

usemtl FrontColor
vt -197.936 -8.52651e-14
v 71.0161 -2.16573e-15 -2.04242
vt 80.4102 -8.52651e-14
vt 80.4102 137.795
f 5061/14978/1 5124/14979/1 5062/14980/1

vt -2795.91 80.4102
v 72.0161 -2.16573e-15 -2.04242
vt -2835.28 80.4102
vt -2835.28 -197.936
vt -2795.91 -197.936
f 5124/14981/9 5125/14982/9 5122/14983/9 5061/14984/9 

vt 2795.91 -8.52651e-14
vt 2835.28 -8.52651e-14
vt 2835.28 137.795
vt 2795.91 137.795
f 5124/14985/7 5125/14986/7 5123/14987/7 5062/14988/7 

vt -80.4102 -8.52651e-14
vt 197.936 -8.52651e-14
vt -80.4102 137.795
f 5125/14989/3 5122/14990/3 5123/14991/3

usemtl _1
v 72.0161 4 5.02758
vt 5.02758 4
v 72.0161 4 0.00828118
v 72.0161 7.5 0.00828118
v 72.0161 7.5 -2.04242
vt -2.04242 7.5
vt -2.04242 3.5
vt 5.02758 -2.16573e-15
f 5126/14992/3 5127/404/3 5128/14672/3 5129/14993/3 5123/14994/3 5122/14995/3 

v 80.0055 4 6.26959
vt 80.0055 -6.26959
vn 9.58719e-19 1 -1.10138e-17
v 80.0055 4 0.00828118
vt 80.0055 -0.00828118
vt 72.0161 -0.00828118
vt 72.0161 -5.02758
v 73.9428 4 5.02758
vt 73.9428 -5.02758
v 74.1274 4 4.95061
vt 74.1274 -4.95061
v 74.4215 4 4.89168
vt 74.4215 -4.89168
v 74.5668 4 4.74002
vt 74.5668 -4.74002
v 74.5668 4 4.51002
vt 74.5668 -4.51002
v 74.9742 4 4.29655
vt 74.9742 -4.29655
v 74.9742 4 1.95655
vt 74.9742 -1.95655
v 75.4464 4 1.8701
vt 75.4464 -1.8701
v 75.5781 4 1.73317
vt 75.5781 -1.73317
v 75.5781 4 1.53317
vt 75.5781 -1.53317
v 75.9679 4 1.28887
vt 75.9679 -1.28887
v 75.9679 4 1.42887
vt 75.9679 -1.42887
v 76.3181 4 1.67835
vt 76.3181 -1.67835
v 76.7472 4 1.77557
vt 76.7472 -1.77557
v 76.8737 4 2.00276
vt 76.8737 -2.00276
v 76.9937 4 2.00276
vt 76.9937 -2.00276
v 76.9937 4 6.42276
vt 76.9937 -6.42276
v 77.3235 4 6.68276
vt 77.3235 -6.68276
v 77.7884 4 6.80219
vt 77.7884 -6.80219
v 78.0567 4 6.83256
vt 78.0567 -6.83256
v 78.1083 4 7.00499
vt 78.1083 -7.00499
v 78.9559 4 7.00499
vt 78.9559 -7.00499
v 79.161 4 6.9008
vt 79.161 -6.9008
v 79.4446 4 6.9008
vt 79.4446 -6.9008
v 79.5812 4 6.75465
vt 79.5812 -6.75465
v 79.5812 4 6.51465
vt 79.5812 -6.51465
f 5130/14996/1464 5131/14997/1464 5127/14998/1464 5126/14999/1464 5132/15000/1464 5133/15001/1464 5134/15002/1464 5135/15003/1464 5136/15004/1464 5137/15005/1464 5138/15006/1464 5139/15007/1464 5140/15008/1464 5141/15009/1464 5142/15010/1464 5143/15011/1464 5144/15012/1464 5145/15013/1464 5146/15014/1464 5147/15015/1464 5148/15016/1464 5149/15017/1464 5150/15018/1464 5151/15019/1464 5152/15020/1464 5153/15021/1464 5154/15022/1464 5155/15023/1464 5156/15024/1464 5157/15025/1464 

v 80.0055 -2.16573e-15 6.26959
vt -6.26959 -2.16573e-15
vt 16.0017 -2.16573e-15
v 80.0055 7.5 -16.0017
vt 16.0017 7.5
v 80.0055 7.5 0.00828118
vt -6.26959 4
f 5158/15026/1 4987/15027/1 4996/14657/1 5159/15028/1 5160/14741/1 5131/299/1 5130/15029/1 

vt -80.0055 4
vn 5.23902e-34 1.16139e-17 -1
vt -64.0021 4
vt -64.0021 7.5
vt -80.0055 7.5
f 4996/15030/1465 4995/15031/1465 4999/15032/1465 5159/15033/1465 

vt 72.0161 2.04242
vn 8.52768e-17 1 1.16139e-17
vt 71.0161 2.04242
v 66.9742 7.5 -2.04242
vt 66.9742 2.04242
v 66.9742 7.5 -2.36435
vt 66.9742 2.36435
v 66.8128 7.5 -2.56814
vt 66.8128 2.56814
v 66.6128 7.5 -2.56814
vt 66.6128 2.56814
v 66.2819 7.5 -2.96933
vt 66.2819 2.96933
v 65.9519 7.5 -2.96933
vt 65.9519 2.96933
v 65.9519 7.5 -3.36663
vt 65.9519 3.36663
v 65.8234 7.5 -3.59261
vt 65.8234 3.59261
v 65.5734 7.5 -3.59261
vt 65.5734 3.59261
v 65.3218 7.5 -3.96573
vt 65.3218 3.96573
v 65.0118 7.5 -3.96573
vt 65.0118 3.96573
v 65.0118 7.5 -12.0457
vt 65.0118 12.0457
v 65.4239 7.5 -12.1255
vt 65.4239 12.1255
v 65.5682 7.5 -12.2491
vt 65.5682 12.2491
v 65.5682 7.5 -12.4791
vt 65.5682 12.4791
v 65.8762 7.5 -12.623
vt 65.8762 12.623
v 65.9852 7.5 -12.8025
vt 65.9852 12.8025
v 65.9852 7.5 -12.9725
vt 65.9852 12.9725
v 66.1585 7.5 -13.108
vt 66.1585 13.108
v 66.4285 7.5 -13.108
vt 66.4285 13.108
v 66.5672 7.5 -13.2227
vt 66.5672 13.2227
v 66.5672 7.5 -13.4827
vt 66.5672 13.4827
v 66.8839 7.5 -13.6318
vt 66.8839 13.6318
v 67.0161 7.5 -13.82
vt 67.0161 13.82
v 67.0161 7.5 -13.98
vt 67.0161 13.98
v 75.9061 7.5 -13.98
vt 75.9061 13.98
v 76.1673 7.5 -14.1061
vt 76.1673 14.1061
v 76.4173 7.5 -14.1061
vt 76.4173 14.1061
v 76.5645 7.5 -14.2558
vt 76.5645 14.2558
v 76.5645 7.5 -14.4705
vt 76.5645 14.4705
v 76.9972 7.5 -14.7766
vt 76.9972 14.7766
v 76.9972 7.5 -14.5702
vt 76.9972 14.5702
v 77.5082 7.5 -14.2558
vt 77.5082 14.2558
v 77.7182 7.5 -14.2558
vt 77.7182 14.2558
v 77.8676 7.5 -14.0072
vt 77.8676 14.0072
v 77.9976 7.5 -14.0072
vt 77.9976 14.0072
v 77.9976 7.5 -13.5672
vt 77.9976 13.5672
v 78.3022 7.5 -13.3236
vt 78.3022 13.3236
v 78.496 7.5 -13.2428
vt 78.496 13.2428
v 78.736 7.5 -13.2428
vt 78.736 13.2428
v 78.8682 7.5 -12.996
vt 78.8682 12.996
v 78.9782 7.5 -12.996
vt 78.9782 12.996
v 78.9782 7.5 -3.00598
vt 78.9782 3.00598
v 78.6361 7.5 -3.00598
vt 78.6361 3.00598
v 78.2972 7.5 -2.63839
vt 78.2972 2.63839
v 78.2972 7.5 -2.50839
vt 78.2972 2.50839
v 78.2072 7.5 -2.50839
vt 78.2072 2.50839
v 78.0575 7.5 -2.33381
vt 78.0575 2.33381
v 77.9861 7.5 -2.04242
vt 77.9861 2.04242
f 5129/15034/1466 5128/14998/1466 5160/14997/1466 5159/14669/1466 4999/14668/1466 4998/14667/1466 5001/14678/1466 5063/15035/1466 5161/15036/1466 5162/15037/1466 5163/15038/1466 5164/15039/1466 5165/15040/1466 5166/15041/1466 5167/15042/1466 5168/15043/1466 5169/15044/1466 5170/15045/1466 5171/15046/1466 5172/15047/1466 5173/15048/1466 5174/15049/1466 5175/15050/1466 5176/15051/1466 5177/15052/1466 5178/15053/1466 5179/15054/1466 5180/15055/1466 5181/15056/1466 5182/15057/1466 5183/15058/1466 5184/15059/1466 5185/15060/1466 5186/15061/1466 5187/15062/1466 5188/15063/1466 5189/15064/1466 5190/15065/1466 5191/15066/1466 5192/15067/1466 5193/15068/1466 5194/15069/1466 5195/15070/1466 5196/15071/1466 5197/15072/1466 5198/15073/1466 5199/15074/1466 5200/15075/1466 5201/15076/1466 5202/15077/1466 5203/15078/1466 5204/15079/1466 5205/15080/1466 5206/15081/1466 5207/15082/1466 5208/15083/1466 5209/15084/1466 

vt 72.0161 4
vn 0 -1.16139e-17 1
vt 80.0055 7.5
vt 72.0161 7.5
f 5127/15085/1467 5131/14659/1467 5160/15086/1467 5128/15087/1467 

vt -71.0161 3.5
vn 3.35697e-33 1.87953e-17 -1
v 66.9742 3.5 -2.04242
vt -66.9742 3.5
vt -66.9742 7.5
vt -71.0161 7.5
f 5062/15088/1468 5210/15089/1468 5161/15090/1468 5063/15091/1468 

usemtl Color_C02
v 65.4239 3.5 -12.1255
vt 2575.74 477.382
vn 4.13653e-17 1 1.91878e-18
v 65.0118 3.5 -12.0457
vt 2559.52 474.241
v 65.0118 3.5 -3.96573
vt 2559.52 156.131
v 65.3218 3.5 -3.96573
vt 2571.72 156.131
v 65.5734 3.5 -3.59261
vt 2581.63 141.441
v 65.8234 3.5 -3.59261
vt 2591.47 141.441
v 65.9519 3.5 -3.36663
vt 2596.53 132.544
v 65.9519 3.5 -2.96933
vt 2596.53 116.903
v 66.2819 3.5 -2.96933
vt 2609.52 116.903
v 66.6128 3.5 -2.56814
vt 2622.55 101.108
v 66.8128 3.5 -2.56814
vt 2630.42 101.108
v 66.9742 3.5 -2.36435
vt 2636.78 93.0847
vt 2636.78 80.4102
vt 2795.91 80.4102
vt 2835.28 80.4102
v 77.9861 3.5 -2.04242
vt 3070.32 80.4102
v 78.0575 3.5 -2.33381
vt 3073.13 91.8823
v 78.2072 3.5 -2.50839
vt 3079.02 98.7557
v 78.2972 3.5 -2.50839
vt 3082.57 98.7557
v 78.2972 3.5 -2.63839
vt 3082.57 103.874
v 78.6361 3.5 -3.00598
vt 3095.91 118.346
v 78.9782 3.5 -3.00598
vt 3109.38 118.346
v 78.9782 3.5 -12.996
vt 3109.38 511.653
v 78.8682 3.5 -12.996
vt 3105.05 511.653
v 78.736 3.5 -13.2428
vt 3099.84 521.37
v 78.496 3.5 -13.2428
vt 3090.39 521.37
v 78.3022 3.5 -13.3236
vt 3082.76 524.553
v 77.9976 3.5 -13.5672
vt 3070.77 534.143
v 77.9976 3.5 -14.0072
vt 3070.77 551.466
v 77.8676 3.5 -14.0072
vt 3065.66 551.466
v 77.7182 3.5 -14.2558
vt 3059.77 561.251
v 77.5082 3.5 -14.2558
vt 3051.51 561.251
v 76.9972 3.5 -14.5702
vt 3031.39 573.63
v 76.9972 3.5 -14.7766
vt 3031.39 581.757
v 76.5645 3.5 -14.4705
vt 3014.35 569.706
v 76.5645 3.5 -14.2558
vt 3014.35 561.251
v 76.4173 3.5 -14.1061
vt 3008.55 555.357
v 76.1673 3.5 -14.1061
vt 2998.71 555.357
v 75.9061 3.5 -13.98
vt 2988.43 550.392
v 67.0161 3.5 -13.98
vt 2638.43 550.392
v 67.0161 3.5 -13.82
vt 2638.43 544.093
v 66.8839 3.5 -13.6318
vt 2633.23 536.683
v 66.5672 3.5 -13.4827
vt 2620.76 530.816
v 66.5672 3.5 -13.2227
vt 2620.76 520.579
v 66.4285 3.5 -13.108
vt 2615.3 516.063
v 66.1585 3.5 -13.108
vt 2604.67 516.063
v 65.9852 3.5 -12.9725
vt 2597.84 510.728
v 65.9852 3.5 -12.8025
vt 2597.84 504.035
v 65.8762 3.5 -12.623
vt 2593.55 496.968
v 65.5682 3.5 -12.4791
vt 2581.42 491.303
v 65.5682 3.5 -12.2491
vt 2581.42 482.248
f 5211/15092/1469 5212/15093/1469 5213/15094/1469 5214/15095/1469 5215/15096/1469 5216/15097/1469 5217/15098/1469 5218/15099/1469 5219/15100/1469 5220/15101/1469 5221/15102/1469 5222/15103/1469 5210/15104/1469 5062/15105/1469 5123/15106/1469 5223/15107/1469 5224/15108/1469 5225/15109/1469 5226/15110/1469 5227/15111/1469 5228/15112/1469 5229/15113/1469 5230/15114/1469 5231/15115/1469 5232/15116/1469 5233/15117/1469 5234/15118/1469 5235/15119/1469 5236/15120/1469 5237/15121/1469 5238/15122/1469 5239/15123/1469 5240/15124/1469 5241/15125/1469 5242/15126/1469 5243/15127/1469 5244/15128/1469 5245/15129/1469 5246/15130/1469 5247/15131/1469 5248/15132/1469 5249/15133/1469 5250/15134/1469 5251/15135/1469 5252/15136/1469 5253/15137/1469 5254/15138/1469 5255/15139/1469 5256/15140/1469 5257/15141/1469 5258/15142/1469 

usemtl _1
vt 66.1162 3.5
vn 0.190035 -2.7959e-17 0.981777
vt 66.5359 3.5
vt 66.5359 7.5
vt 66.1162 7.5
f 5212/15143/1470 5211/15144/1470 5173/15145/1470 5172/15146/1470 

vt 57.5762 3.5
vn 0.650529 -4.68164e-17 0.759482
vt 57.7662 3.5
vt 57.7662 7.5
vt 57.5762 7.5
f 5211/15147/1471 5258/15148/1471 5174/15149/1471 5173/15150/1471 

vt 12.2491 3.5
vn 1 -5.00235e-17 -0
vt 12.4791 3.5
vt 12.4791 7.5
vt 12.2491 7.5
f 5258/15151/1472 5257/15152/1472 5175/15153/1472 5174/15154/1472 

vt 64.6876 3.5
vn 0.42324 -3.82008e-17 0.906018
vt 65.0276 3.5
vt 65.0276 7.5
vt 64.6876 7.5
f 5257/15155/1473 5256/15156/1473 5176/15157/1473 5175/15158/1473 

vt 44.982 3.5
vn 0.854749 -5.2513e-17 0.519041
vt 45.192 3.5
vt 45.192 7.5
vt 44.982 7.5
f 5256/15159/1474 5255/15160/1474 5177/15161/1474 5176/15162/1474 

vt 12.8025 3.5
vt 12.9725 3.5
vt 12.9725 7.5
vt 12.8025 7.5
f 5255/15163/1472 5254/15164/1472 5178/15165/1472 5177/15166/1472 

vt 59.9732 3.5
vn 0.615934 -4.5618e-17 0.787798
vt 60.1932 3.5
vt 60.1932 7.5
vt 59.9732 7.5
f 5254/15167/1475 5253/15168/1475 5179/15169/1475 5178/15170/1475 

vt 66.1585 3.5
vn 0 -1.87953e-17 1
vt 66.4285 3.5
vt 66.4285 7.5
vt 66.1585 7.5
f 5253/15171/1476 5252/15172/1476 5180/15173/1476 5179/15174/1476 

vt 59.5438 3.5
vn 0.637319 -4.63645e-17 0.7706
vt 59.7238 3.5
vt 59.7238 7.5
vt 59.5438 7.5
f 5252/15175/1477 5251/15176/1477 5181/15177/1477 5180/15178/1477 

vt 13.2227 3.5
vt 13.4827 3.5
vt 13.4827 7.5
vt 13.2227 7.5
f 5251/15179/1472 5250/15180/1472 5182/15181/1472 5181/15182/1472 

vt 65.9716 3.5
vn 0.425828 -3.83074e-17 0.904804
vt 66.3216 3.5
vt 66.3216 7.5
vt 65.9716 7.5
f 5250/15183/1478 5249/15184/1478 5183/15185/1478 5182/15186/1478 

vt 49.6024 3.5
vn 0.81826 -5.17367e-17 0.574848
vt 49.8324 3.5
vt 49.8324 7.5
vt 49.6024 7.5
f 5249/15187/1479 5248/15188/1479 5184/15189/1479 5183/15190/1479 

vt 13.82 3.5
vt 13.98 3.5
vt 13.98 7.5
vt 13.82 7.5
f 5248/15191/1472 5247/15192/1472 5185/15193/1472 5184/15194/1472 

vt 67.0161 3.5
vt 75.9061 3.5
vt 75.9061 7.5
vt 67.0161 7.5
f 5247/15195/1476 5246/15196/1476 5186/15197/1476 5185/15198/1476 

vt 74.4327 3.5
vn 0.434856 -3.86782e-17 0.9005
vt 74.7227 3.5
vt 74.7227 7.5
vt 74.4327 7.5
f 5246/15199/1480 5245/15200/1480 5187/15201/1480 5186/15202/1480 

vt 76.1673 3.5
vt 76.4173 3.5
vt 76.4173 7.5
vt 76.1673 7.5
f 5245/15203/1476 5244/15204/1476 5188/15205/1476 5187/15206/1476 

vt 63.6425 3.5
vn 0.71294 -4.88434e-17 0.701225
vt 63.8525 3.5
vt 63.8525 7.5
vt 63.6425 7.5
f 5244/15207/1481 5243/15208/1481 5189/15209/1481 5188/15210/1481 

vt 14.2558 3.5
vt 14.4705 3.5
vt 14.4705 7.5
vt 14.2558 7.5
f 5243/15211/1472 5242/15212/1472 5190/15213/1472 5189/15214/1472 

vt 70.8622 3.5
vn 0.577527 -4.42338e-17 0.816372
vt 71.3922 3.5
vt 71.3922 7.5
vt 70.8622 7.5
f 5242/15215/1482 5241/15216/1482 5191/15217/1482 5190/15218/1482 

vt -14.7766 3.5
vn -1 5.00235e-17 -0
vt -14.5702 3.5
vt -14.5702 7.5
vt -14.7766 7.5
f 5241/15219/1483 5240/15220/1483 5192/15221/1483 5191/15222/1483 

vt 57.9426 3.5
vn -0.524041 1.02066e-17 0.851693
vt 58.5426 3.5
vt 58.5426 7.5
vt 57.9426 7.5
f 5240/15223/1484 5239/15224/1484 5193/15225/1484 5192/15226/1484 

vt 77.5082 3.5
vt 77.7182 3.5
vt 77.7182 7.5
vt 77.5082 7.5
f 5239/15227/1476 5238/15228/1476 5194/15229/1476 5193/15230/1476 

vt 27.8232 3.5
vn -0.857063 3.31898e-17 0.515211
vt 28.1132 3.5
vt 28.1132 7.5
vt 27.8232 7.5
f 5238/15231/1485 5237/15232/1485 5195/15233/1485 5194/15234/1485 

vt 77.8676 3.5
vt 77.9976 3.5
vt 77.9976 7.5
vt 77.8676 7.5
f 5237/15235/1476 5236/15236/1476 5196/15237/1476 5195/15238/1476 

vt -14.0072 3.5
vt -13.5672 3.5
vt -13.5672 7.5
vt -14.0072 7.5
f 5236/15239/1483 5235/15240/1483 5197/15241/1483 5196/15242/1483 

vt 52.4375 3.5
vn -0.624604 1.65669e-17 0.780942
vt 52.8275 3.5
vt 52.8275 7.5
vt 52.4375 7.5
f 5235/15243/1486 5234/15244/1486 5198/15245/1486 5197/15246/1486 

vt 67.1415 3.5
vn -0.384898 1.90664e-18 0.922959
vt 67.3515 3.5
vt 67.3515 7.5
vt 67.1415 7.5
f 5234/15247/1487 5233/15248/1487 5199/15249/1487 5198/15250/1487 

vt 78.496 3.5
vt 78.736 3.5
vt 78.736 7.5
vt 78.496 7.5
f 5233/15251/1476 5232/15252/1476 5200/15253/1476 5199/15254/1476 

vt 25.5005 3.5
vn -0.881524 3.52229e-17 0.472139
vt 25.7805 3.5
vt 25.7805 7.5
vt 25.5005 7.5
f 5232/15255/1488 5231/15256/1488 5201/15257/1488 5200/15258/1488 

vt 78.8682 3.5
vt 78.9782 3.5
vt 78.9782 7.5
vt 78.8682 7.5
f 5231/15259/1476 5230/15260/1476 5202/15261/1476 5201/15262/1476 

vt -12.996 3.5
vt -3.00598 3.5
vt -3.00598 7.5
vt -12.996 7.5
f 5230/15263/1483 5229/15264/1483 5203/15265/1483 5202/15266/1483 

vt -78.9782 3.5
vn 0 1.87953e-17 -1
vt -78.6361 3.5
vt -78.6361 7.5
vt -78.9782 7.5
f 5229/15267/1489 5228/15268/1489 5204/15269/1489 5203/15270/1489 

vt -55.5152 3.5
vn -0.73518 4.9517e-17 -0.677872
vt -55.0152 3.5
vt -55.0152 7.5
vt -55.5152 7.5
f 5228/15271/1490 5227/15272/1490 5205/15273/1490 5204/15274/1490 

vt -2.63839 3.5
vt -2.50839 3.5
vt -2.50839 7.5
vt -2.63839 7.5
f 5227/15275/1483 5226/15276/1483 5206/15277/1483 5205/15278/1483 

vt -78.2972 3.5
vt -78.2072 3.5
vt -78.2072 7.5
vt -78.2972 7.5
f 5226/15279/1489 5225/15280/1489 5207/15281/1489 5206/15282/1489 

vt -52.8183 3.5
vn -0.759063 5.0207e-17 -0.651018
vt -52.5883 3.5
vt -52.5883 7.5
vt -52.8183 7.5
f 5225/15283/1491 5224/15284/1491 5208/15285/1491 5207/15286/1491 

vt -20.8328 3.5
vn -0.971302 5.30584e-17 -0.237851
vt -20.5328 3.5
vt -20.5328 7.5
vt -20.8328 7.5
f 5224/15287/1492 5223/15288/1492 5209/15289/1492 5208/15290/1492 

vt -77.9861 3.5
vn -2.27278e-33 1.87953e-17 -1
vt -72.0161 3.5
vt -72.0161 7.5
vt -77.9861 7.5
f 5223/15291/1493 5123/15292/1493 5129/15293/1493 5209/15294/1493 

vt 3.96573 3.5
vt 12.0457 3.5
vt 12.0457 7.5
vt 3.96573 7.5
f 5213/15295/1472 5212/15296/1472 5172/15297/1472 5171/15298/1472 

vt -65.3218 3.5
vt -65.0118 3.5
vt -65.0118 7.5
vt -65.3218 7.5
f 5214/15299/1489 5213/15300/1489 5171/15301/1489 5170/15302/1489 

vt -33.6779 3.5
vn 0.829155 -3.09703e-17 -0.559019
vt -33.2279 3.5
vt -33.2279 7.5
vt -33.6779 7.5
f 5215/15303/1494 5214/15304/1494 5170/15305/1494 5169/15306/1494 

vt -65.8234 3.5
vt -65.5734 3.5
vt -65.5734 7.5
vt -65.8234 7.5
f 5216/15307/1489 5215/15308/1489 5169/15309/1489 5168/15310/1489 

vt -29.6869 3.5
vn 0.869178 -3.41851e-17 -0.494499
vt -29.4269 3.5
vt -29.4269 7.5
vt -29.6869 7.5
f 5217/15311/1495 5216/15312/1495 5168/15313/1495 5167/15314/1495 

vt 2.96933 3.5
vt 3.36663 3.5
vt 3.36663 7.5
vt 2.96933 7.5
f 5218/15315/1472 5217/15316/1472 5167/15317/1472 5166/15318/1472 

vt -66.2819 3.5
vt -65.9519 3.5
vt -65.9519 7.5
vt -66.2819 7.5
f 5219/15319/1489 5218/15320/1489 5166/15321/1489 5165/15322/1489 

vt -40.3985 3.5
vn 0.771513 -2.6636e-17 -0.636213
vt -39.8785 3.5
vt -39.8785 7.5
vt -40.3985 7.5
f 5220/15323/1496 5219/15324/1496 5165/15325/1496 5164/15326/1496 

vt -66.8128 3.5
vt -66.6128 3.5
vt -66.6128 7.5
vt -66.8128 7.5
f 5221/15327/1489 5220/15328/1489 5164/15329/1489 5163/15330/1489 

vt -39.7381 3.5
vn 0.783807 -2.75368e-17 -0.621004
vt -39.4781 3.5
vt -39.4781 7.5
vt -39.7381 7.5
f 5222/15331/1497 5221/15332/1497 5163/15333/1497 5162/15334/1497 

vn 1 -5.00235e-17 -1.12174e-31
vt 2.36435 3.5
vt 2.36435 7.5
f 5210/14739/1498 5222/15335/1498 5162/15336/1498 5161/14740/1498 

v 79.5812 -2.16575e-15 6.51465
vt 65.6555 -1.57322e-15
vn 0.500123 -1.30393e-17 0.865954
vt 66.1455 -1.5732e-15
vt 66.1455 4
vt 65.6555 4
f 5259/15337/1499 5158/15338/1499 5130/15339/1499 5157/15340/1499 

v 79.5812 -2.16575e-15 6.75465
vt -6.75465 -5.3273e-16
vt -6.51465 -5.3273e-16
vt -6.51465 4
vt -6.75465 4
f 5260/15341/1439 5259/15342/1439 5157/15343/1439 5156/15344/1439 

v 79.4446 -2.16213e-15 6.9008
vt 49.1889 -1.08356e-15
vn 0.730759 -1.71842e-17 0.682636
vt 49.3889 -1.08717e-15
vt 49.3889 4
vt 49.1889 4
f 5261/15345/1500 5260/15346/1500 5156/15347/1500 5155/15348/1500 

v 79.161 -2.16213e-15 6.9008
vt 79.161 -2.14001e-15
vt 79.4446 -2.14001e-15
vt 79.4446 4
vt 79.161 4
f 5262/15349/1429 5261/15350/1429 5155/15351/1429 5154/15352/1429 

v 78.9559 -2.34145e-15 7.00499
vt 67.2167 -1.83082e-15
vn 0.453002 -1.21543e-17 0.891509
vt 67.4467 -1.6515e-15
vt 67.4467 4
vt 67.2167 4
f 5263/15353/1501 5262/15354/1501 5154/15355/1501 5153/15356/1501 

v 78.1083 -2.34145e-15 7.00499
vt 78.1083 -2.31899e-15
vt 78.9559 -2.31899e-15
vt 78.9559 4
vt 78.1083 4
f 5264/15357/1429 5263/15358/1429 5153/15359/1429 5152/15360/1429 

v 78.0567 -2.16582e-15 6.83256
vt 28.9395 -8.01439e-16
vn -0.957962 1.87376e-17 0.286896
vt 29.1195 -9.77068e-16
vt 29.1195 4
vt 28.9395 4
f 5265/15361/1502 5264/15362/1502 5152/15363/1502 5151/15364/1502 

v 77.7884 -2.17337e-15 6.80219
vt 78.0599 -2.17512e-15
vn -0.112459 -8.78504e-19 0.993656
vt 78.3299 -2.16757e-15
vt 78.3299 4
vt 78.0599 4
f 5266/15365/1503 5265/15366/1503 5151/15367/1503 5150/15368/1503 

v 77.3235 -1.43878e-15 6.68276
vt 76.5545 -1.41325e-15
vn -0.24882 2.00016e-18 0.96855
vt 77.0345 -2.14784e-15
vt 77.0345 4
vt 76.5545 4
f 5267/15369/1504 5266/15370/1504 5150/15371/1504 5149/15372/1504 

v 76.9937 -2.16573e-15 6.42276
vt 64.4425 -1.73165e-15
vn -0.619062 1.0185e-17 0.785342
vt 64.8625 -1.0047e-15
vt 64.8625 4
vt 64.4425 4
f 5268/15373/1505 5267/15374/1505 5149/15375/1505 5148/15376/1505 

v 76.9937 -2.16573e-15 2.00276
vt 2.00276 -5.8581e-16
vt 6.42276 -5.8581e-16
vt 6.42276 4
vt 2.00276 4
f 5269/15377/1434 5268/15378/1434 5148/15379/1434 5147/15380/1434 

v 76.8737 -2.16573e-15 2.00276
vt 76.8737 -2.15931e-15
vt 76.9937 -2.15931e-15
vt 76.9937 4
vt 76.8737 4
f 5270/15381/1429 5269/15382/1429 5147/15383/1429 5146/15384/1429 

v 76.7472 -2.16573e-15 1.77557
vt 38.8737 -1.08201e-15
vn -0.873792 1.6371e-17 0.4863
vt 39.1337 -1.08201e-15
vt 39.1337 4
vt 38.8737 4
f 5271/15385/1506 5270/15386/1506 5146/15387/1506 5145/15388/1506 

v 76.3181 -2.16573e-15 1.67835
vt 74.8027 -2.14432e-15
vn -0.22095 1.40666e-18 0.975285
vt 75.2427 -2.14432e-15
vt 75.2427 4
vt 74.8027 4
f 5272/15389/1507 5271/15390/1507 5145/15391/1507 5144/15392/1507 

v 75.9679 -2.16573e-15 1.42887
vt 62.7033 -1.76691e-15
vn -0.580192 9.29402e-18 0.814479
vt 63.1333 -1.76691e-15
vt 63.1333 4
vt 62.7033 4
f 5273/15393/1508 5272/15394/1508 5144/15395/1508 5143/15396/1508 

v 75.9679 -2.16573e-15 1.28887
vt 1.28887 -6.0686e-16
vt 1.42887 -6.0686e-16
vt 1.42887 4
vt 1.28887 4
f 5274/15397/1434 5273/15398/1434 5143/15399/1434 5142/15400/1434 

v 75.5781 -2.16573e-15 1.53317
vt 63.2243 -1.60156e-15
vn 0.531089 -1.3615e-17 0.847316
vt 63.6843 -1.60156e-15
vt 63.6843 4
vt 63.2243 4
f 5275/15401/1509 5274/15402/1509 5142/15403/1509 5141/15404/1509 

v 75.5781 -2.16573e-15 1.73317
vt -1.73317 -6.14858e-16
vt -1.53317 -6.14858e-16
vt -1.53317 4
vt -1.73317 4
f 5276/15405/1439 5275/15406/1439 5141/15407/1439 5140/15408/1439 

v 75.4464 -2.16573e-15 1.8701
vt 50.957 -1.21873e-15
vn 0.720677 -1.70114e-17 0.693271
vt 51.147 -1.21873e-15
vt 51.147 4
vt 50.957 4
f 5277/15409/1510 5276/15410/1510 5140/15411/1510 5139/15412/1510 

v 74.9742 -2.16573e-15 1.95655
vt 73.3959 -2.06006e-15
vn 0.180101 -6.84978e-18 0.983648
vt 73.8759 -2.06006e-15
vt 73.8759 4
vt 73.3959 4
f 5278/15413/1511 5277/15414/1511 5139/15415/1511 5138/15416/1511 

v 74.9742 -2.16573e-15 4.29655
vt -4.29655 -6.27249e-16
vt -1.95655 -6.27249e-16
vt -1.95655 4
vt -4.29655 4
f 5279/15417/1439 5278/15418/1439 5138/15419/1439 5137/15420/1439 

v 74.5668 -2.16573e-15 4.51002
vt 63.9584 -1.68854e-15
vn 0.464065 -1.2363e-17 0.885801
vt 64.4184 -1.68854e-15
vt 64.4184 4
vt 63.9584 4
f 5280/15421/1512 5279/15422/1512 5137/15423/1512 5136/15424/1512 

v 74.5668 -2.16573e-15 4.74002
vt -4.74002 -6.3561e-16
vt -4.51002 -6.3561e-16
vt -4.51002 4
vt -4.74002 4
f 5281/15425/1439 5280/15426/1439 5136/15427/1439 5135/15428/1439 

v 74.4215 -2.16573e-15 4.89168
vt 47.9417 -1.19232e-15
vn 0.722221 -1.70379e-17 0.691662
vt 48.1517 -1.19232e-15
vt 48.1517 4
vt 47.9417 4
f 5282/15429/1513 5281/15430/1513 5135/15431/1513 5134/15432/1513 

v 74.1274 -2.16573e-15 4.95061
vt 71.7111 -2.02645e-15
vn 0.196411 -7.17444e-18 0.980522
vt 72.0111 -2.02645e-15
vt 72.0111 4
vt 71.7111 4
f 5283/15433/1514 5282/15434/1514 5134/15435/1514 5133/15436/1514 

v 73.9428 -2.16573e-15 5.02758
vt 66.3119 -1.80637e-15
vn 0.384875 -1.08572e-17 0.922969
vt 66.5119 -1.80637e-15
vt 66.5119 4
vt 66.3119 4
f 5284/15437/1515 5283/15438/1515 5133/15439/1515 5132/15440/1515 

vt 72.0161 -2.14961e-15
vt 73.9428 -2.14961e-15
vt 73.9428 4
f 5122/15441/1429 5284/15442/1429 5132/15443/1429 5126/15085/1429 

g Mesh36 Model

usemtl _4
v 89.0081 -1.44382e-15 -18.065
vt -89.0081 18.065
vn -1.93158e-17 -1 -4.86881e-18
v 98.0255 -1.44388e-15 -18.065
vt -98.0255 18.065
v 98.0255 -1.44388e-15 -2.95814
vt -98.0255 2.95814
v 98.3255 -1.44388e-15 -2.95814
vt -98.3255 2.95814
v 98.6067 -1.43796e-15 -2.58153
vt -98.6067 2.58153
v 98.8267 -1.43796e-15 -2.58153
vt -98.8267 2.58153
v 98.9722 -2.16573e-15 -2.39066
vt -98.9722 2.39066
v 98.9722 -2.16573e-15 -2.04066
vt -98.9722 2.04066
v 117.002 -2.16573e-15 -2.04066
vt -117.002 2.04066
v 117.002 -2.16573e-15 1.26934
vt -117.002 -1.26934
v 116.577 -2.16573e-15 1.51278
vt -116.577 -1.51278
v 116.577 -2.16573e-15 1.72278
vt -116.577 -1.72278
v 116.445 -2.16573e-15 1.87288
vt -116.445 -1.87288
v 116.002 -2.16573e-15 1.95384
vt -116.002 -1.95384
v 116.002 -2.16573e-15 4.25317
vt -116.002 -4.25317
v 115.568 -2.16573e-15 4.5211
vt -115.568 -4.5211
v 115.568 -2.16573e-15 4.7411
vt -115.568 -4.7411
v 115.441 -2.16573e-15 4.86808
vt -115.441 -4.86808
v 115.022 -2.16573e-15 4.96704
vt -115.022 -4.96704
v 114.952 -2.16573e-15 5.29964
vt -114.952 -5.29964
v 114.571 -2.16589e-15 5.52094
vt -114.571 -5.52094
v 114.571 -2.16589e-15 5.73094
vt -114.571 -5.73094
v 114.429 -2.15745e-15 5.87098
vt -114.429 -5.87098
v 114.014 -1.44382e-15 5.94141
vt -114.014 -5.94141
v 114.014 -1.44382e-15 12.0514
vt -114.014 -12.0514
v 114.294 -1.44382e-15 12.0514
vt -114.294 -12.0514
v 114.591 -1.44382e-15 12.4161
vt -114.591 -12.4161
v 114.771 -1.44382e-15 12.4161
vt -114.771 -12.4161
v 114.988 -1.44381e-15 12.6235
vt -114.988 -12.6235
v 114.988 -1.44381e-15 12.9335
vt -114.988 -12.9335
v 115.758 -1.44381e-15 12.9335
vt -115.758 -12.9335
v 116.039 -1.44775e-15 13.2449
vt -116.039 -13.2449
v 116.039 -1.44775e-15 14.0749
vt -116.039 -14.0749
v 116.309 -1.44775e-15 14.0749
vt -116.309 -14.0749
v 116.654 -2.16573e-15 14.451
vt -116.654 -14.451
v 116.954 -2.16573e-15 14.451
vt -116.954 -14.451
v 116.954 -2.16573e-15 17.2902
vt -116.954 -17.2902
v 116.563 -2.16573e-15 17.5133
vt -116.563 -17.5133
v 116.563 -2.16573e-15 17.7433
vt -116.563 -17.7433
v 116.447 -2.16573e-15 17.8679
vt -116.447 -17.8679
v 116.004 -2.16573e-15 17.9417
vt -116.004 -17.9417
v 116.004 -2.16573e-15 20.2617
vt -116.004 -20.2617
v 115.584 -2.16573e-15 20.4941
vt -115.584 -20.4941
v 115.584 -2.16573e-15 20.7341
vt -115.584 -20.7341
v 115.456 -2.16573e-15 20.8745
vt -115.456 -20.8745
v 115.012 -2.16573e-15 20.9476
vt -115.012 -20.9476
v 114.941 -2.16573e-15 21.2904
vt -114.941 -21.2904
v 114.568 -2.16573e-15 21.5051
vt -114.568 -21.5051
v 114.568 -2.16573e-15 21.7251
vt -114.568 -21.7251
v 114.434 -2.16573e-15 21.8735
vt -114.434 -21.8735
v 114.032 -2.16573e-15 21.9543
vt -114.032 -21.9543
v 114.032 -2.16573e-15 27.0543
vt -114.032 -27.0543
v 114.202 -2.16573e-15 27.0543
vt -114.202 -27.0543
v 114.56 -2.16573e-15 27.4453
vt -114.56 -27.4453
v 114.76 -2.16573e-15 27.4453
vt -114.76 -27.4453
v 114.91 -2.16573e-15 28.0469
vt -114.91 -28.0469
v 115.22 -2.16573e-15 28.0469
vt -115.22 -28.0469
v 115.496 -2.16573e-15 28.4392
vt -115.496 -28.4392
v 115.736 -2.16573e-15 28.4392
vt -115.736 -28.4392
v 115.862 -2.16573e-15 28.632
vt -115.862 -28.632
v 115.862 -2.16573e-15 28.932
vt -115.862 -28.932
v 115.986 -2.16573e-15 29.0335
vt -115.986 -29.0335
v 115.986 -2.16573e-15 30.1235
vt -115.986 -30.1235
v 116.133 -2.16573e-15 30.004
vt -116.133 -30.004
v 116.353 -2.16573e-15 30.004
vt -116.353 -30.004
v 116.616 -2.16573e-15 30.4412
vt -116.616 -30.4412
v 116.796 -2.16573e-15 30.4412
vt -116.796 -30.4412
v 116.989 -2.16573e-15 30.6837
vt -116.989 -30.6837
v 117.242 -2.16573e-15 30.7455
vt -117.242 -30.7455
v 117.242 -2.16573e-15 31.2855
vt -117.242 -31.2855
v 117.107 -2.16573e-15 31.4339
vt -117.107 -31.4339
v 116.997 -2.16573e-15 31.4339
vt -116.997 -31.4339
v 116.997 -2.16573e-15 33.2637
vt -116.997 -33.2637
v 116.565 -2.16573e-15 33.5333
vt -116.565 -33.5333
v 116.565 -2.16573e-15 33.7433
vt -116.565 -33.7433
v 116.423 -2.16573e-15 33.8845
vt -116.423 -33.8845
v 116.026 -2.16573e-15 34.0222
vt -116.026 -34.0222
v 112.876 -2.16573e-15 34.0222
vt -112.876 -34.0222
v 112.749 -2.1657e-15 33.7617
vt -112.749 -33.7617
v 112.539 -2.1657e-15 33.7617
vt -112.539 -33.7617
v 112.318 -2.1567e-15 33.6974
vt -112.318 -33.6974
v 112.158 -1.44382e-15 33.5183
vt -112.158 -33.5183
v 111.998 -1.44382e-15 33.5183
vt -111.998 -33.5183
v 111.998 -2.16573e-15 32.0138
vt -111.998 -32.0138
v 111.998 -1.94483e-15 25.7408
vt -111.998 -25.7408
v 111.998 -1.80478e-15 21.7638
vt -111.998 -21.7638
v 111.998 -2.16573e-15 16.0181
vt -111.998 -16.0181
v 111.998 -1.44382e-15 0.00828118
vt -111.998 -0.00828118
v 95.9981 -1.44382e-15 0.00828118
vt -95.9981 -0.00828118
v 95.9981 -1.44382e-15 -16.0017
vt -95.9981 16.0017
v 89.0081 -1.44382e-15 -16.0017
vt -89.0081 16.0017
f 5285/15444/1516 5286/15445/1516 5287/15446/1516 5288/15447/1516 5289/15448/1516 5290/15449/1516 5291/15450/1516 5292/15451/1516 5293/15452/1516 5294/15453/1516 5295/15454/1516 5296/15455/1516 5297/15456/1516 5298/15457/1516 5299/15458/1516 5300/15459/1516 5301/15460/1516 5302/15461/1516 5303/15462/1516 5304/15463/1516 5305/15464/1516 5306/15465/1516 5307/15466/1516 5308/15467/1516 5309/15468/1516 5310/15469/1516 5311/15470/1516 5312/15471/1516 5313/15472/1516 5314/15473/1516 5315/15474/1516 5316/15475/1516 5317/15476/1516 5318/15477/1516 5319/15478/1516 5320/15479/1516 5321/15480/1516 5322/15481/1516 5323/15482/1516 5324/15483/1516 5325/15484/1516 5326/15485/1516 5327/15486/1516 5328/15487/1516 5329/15488/1516 5330/15489/1516 5331/15490/1516 5332/15491/1516 5333/15492/1516 5334/15493/1516 5335/15494/1516 5336/15495/1516 5337/15496/1516 5338/15497/1516 5339/15498/1516 5340/15499/1516 5341/15500/1516 5342/15501/1516 5343/15502/1516 5344/15503/1516 5345/15504/1516 5346/15505/1516 5347/15506/1516 5348/15507/1516 5349/15508/1516 5350/15509/1516 5351/15510/1516 5352/15511/1516 5353/15512/1516 5354/15513/1516 5355/15514/1516 5356/15515/1516 5357/15516/1516 5358/15517/1516 5359/15518/1516 5360/15519/1516 5361/15520/1516 5362/15521/1516 5363/15522/1516 5364/15523/1516 5365/15524/1516 5366/15525/1516 5367/15526/1516 5368/15527/1516 5369/15528/1516 5370/15529/1516 5371/15530/1516 5372/15531/1516 5373/15532/1516 5374/15533/1516 5375/15534/1516 

vt -98.0255 -1.53183e-15
vn 6.40457e-16 4.86881e-18 -1
vt -89.0081 -1.53178e-15
v 89.0081 4 -18.065
vt -89.0081 4
v 98.0255 4 -18.065
vt -98.0255 4
f 5286/15535/1517 5285/15536/1517 5376/15537/1517 5377/15538/1517 

vt -18.065 2.75439e-16
vn -1 1.93158e-17 -0
vt -16.0017 2.75439e-16
v 89.0081 4 -16.0017
f 5285/15539/1518 5375/15540/1518 5378/14671/1518 5376/14650/1518 

vt 89.0081 -1.52173e-15
vn 0 -4.86881e-18 1
vt 95.9981 -1.52173e-15
v 95.9981 4 -16.0017
vt 95.9981 4
vt 89.0081 4
f 5375/15541/1519 5374/15542/1519 5379/15543/1519 5378/15544/1519 

vt -16.0017 4.10457e-16
vt 0.00828118 4.10457e-16
v 95.9981 4 0.00828118
f 5374/15545/1518 5373/15546/1518 5380/404/1518 5379/14671/1518 

vt 95.9981 -1.44378e-15
vt 111.998 -1.44378e-15
v 111.998 4 0.00828118
vt 111.998 4
f 5373/15547/1519 5372/15548/1519 5381/15549/1519 5380/15543/1519 

vt 16.0181 -2.16573e-15
v 111.998 4 16.0181
vt 16.0181 4
f 5372/14649/3 5371/15550/3 5382/15551/3 5381/404/3 

vt 21.7638 -1.80478e-15
v 111.998 4 21.7638
vt 21.7638 4
f 5371/15550/3 5370/15552/3 5383/15553/3 5382/15551/3 

usemtl _1
v 96.0015 -2.16573e-15 16.0181
vt -96.0015 -16.0181
vn -1.42594e-18 -1 2.43991e-17
v 110.998 -2.16573e-15 21.7638
vt -110.998 -21.7638
v 110.998 -2.16573e-15 19.0138
vt -110.998 -19.0138
v 110.868 -2.16573e-15 19.0138
vt -110.868 -19.0138
v 110.77 -2.16573e-15 18.8056
vt -110.77 -18.8056
v 110.312 -2.16573e-15 18.6985
vt -110.312 -18.6985
v 110.148 -2.16573e-15 18.5099
vt -110.148 -18.5099
v 110.068 -2.16573e-15 18.5099
vt -110.068 -18.5099
v 109.986 -2.16573e-15 18.4222
vt -109.986 -18.4222
v 109.986 -2.16573e-15 17.9922
vt -109.986 -17.9922
v 107.956 -2.16573e-15 17.9922
vt -107.956 -17.9922
v 107.956 -2.16573e-15 18.2949
vt -107.956 -18.2949
v 107.578 -2.16573e-15 18.4998
vt -107.578 -18.4998
v 107.578 -2.16573e-15 18.7198
vt -107.578 -18.7198
v 107.432 -2.16573e-15 18.8702
vt -107.432 -18.8702
v 106.945 -2.16573e-15 18.9866
vt -106.945 -18.9866
v 106.945 -2.16573e-15 19.303
vt -106.945 -19.303
v 106.564 -2.16573e-15 19.501
vt -106.564 -19.501
v 106.564 -2.16573e-15 19.731
vt -106.564 -19.731
v 106.352 -2.16573e-15 19.9578
vt -106.352 -19.9578
v 106.031 -2.16573e-15 19.9578
vt -106.031 -19.9578
v 106.009 -2.16573e-15 20.0137
vt -106.009 -20.0137
v 105.879 -2.16573e-15 20.0137
vt -105.879 -20.0137
v 105.748 -2.16573e-15 19.766
vt -105.748 -19.766
v 105.303 -2.16573e-15 19.701
vt -105.303 -19.701
v 105.165 -2.16573e-15 19.5169
vt -105.165 -19.5169
v 105.065 -2.16573e-15 19.5169
vt -105.065 -19.5169
v 104.989 -2.16573e-15 19.4523
vt -104.989 -19.4523
v 104.989 -2.16573e-15 19.0223
vt -104.989 -19.0223
v 104.869 -2.16573e-15 19.0223
vt -104.869 -19.0223
v 104.742 -2.16573e-15 18.7725
vt -104.742 -18.7725
v 104.309 -2.16588e-15 18.6926
vt -104.309 -18.6926
v 104.163 -2.1732e-15 18.5152
vt -104.163 -18.5152
v 104.082 -2.1732e-15 18.5152
vt -104.082 -18.5152
v 103.993 -1.81258e-15 18.4346
vt -103.993 -18.4346
v 103.993 -1.81258e-15 17.9846
vt -103.993 -17.9846
v 102.883 -1.81258e-15 17.9846
vt -102.883 -17.9846
v 102.739 -2.5279e-15 17.7687
vt -102.739 -17.7687
v 102.323 -2.16573e-15 17.7049
vt -102.323 -17.7049
v 102.188 -2.16573e-15 17.5188
vt -102.188 -17.5188
v 102.078 -2.16573e-15 17.5188
vt -102.078 -17.5188
v 101.977 -2.16573e-15 17.4222
vt -101.977 -17.4222
v 101.977 -2.16573e-15 17.3022
vt -101.977 -17.3022
v 101.56 -2.16573e-15 17.4957
vt -101.56 -17.4957
v 101.56 -2.16573e-15 17.747
vt -101.56 -17.747
v 101.406 -2.16573e-15 17.9312
vt -101.406 -17.9312
v 100.859 -2.16573e-15 18.1523
vt -100.859 -18.1523
v 100.859 -2.16573e-15 18.2964
vt -100.859 -18.2964
v 100.514 -2.16573e-15 18.4991
vt -100.514 -18.4991
v 100.514 -2.16573e-15 18.7191
vt -100.514 -18.7191
v 100.371 -2.16573e-15 18.8864
vt -100.371 -18.8864
v 100.111 -2.16573e-15 18.8864
vt -100.111 -18.8864
v 99.9062 -2.16573e-15 19.0116
vt -99.9062 -19.0116
v 98.0362 -2.16573e-15 19.0116
vt -98.0362 -19.0116
v 97.9387 -2.16573e-15 19.3059
vt -97.9387 -19.3059
v 97.5758 -2.16573e-15 19.5172
vt -97.5758 -19.5172
v 97.5758 -2.16573e-15 19.7165
vt -97.5758 -19.7165
v 97.4466 -2.16573e-15 19.8692
vt -97.4466 -19.8692
v 97.0243 -2.16573e-15 19.9502
vt -97.0243 -19.9502
v 96.9419 -2.16568e-15 20.3109
vt -96.9419 -20.3109
v 96.5713 -2.15917e-15 20.5289
vt -96.5713 -20.5289
v 96.5713 -2.15917e-15 20.7389
vt -96.5713 -20.7389
v 96.4335 -1.43925e-15 20.8548
vt -96.4335 -20.8548
v 96.0015 -2.16573e-15 20.9381
vt -96.0015 -20.9381
f 5384/15554/1520 5371/15530/1520 5370/15529/1520 5385/15555/1520 5386/15556/1520 5387/15557/1520 5388/15558/1520 5389/15559/1520 5390/15560/1520 5391/15561/1520 5392/15562/1520 5393/15563/1520 5394/15564/1520 5395/15565/1520 5396/15566/1520 5397/15567/1520 5398/15568/1520 5399/15569/1520 5400/15570/1520 5401/15571/1520 5402/15572/1520 5403/15573/1520 5404/15574/1520 5405/15575/1520 5406/15576/1520 5407/15577/1520 5408/15578/1520 5409/15579/1520 5410/15580/1520 5411/15581/1520 5412/15582/1520 5413/15583/1520 5414/15584/1520 5415/15585/1520 5416/15586/1520 5417/15587/1520 5418/15588/1520 5419/15589/1520 5420/15590/1520 5421/15591/1520 5422/15592/1520 5423/15593/1520 5424/15594/1520 5425/15595/1520 5426/15596/1520 5427/15597/1520 5428/15598/1520 5429/15599/1520 5430/15600/1520 5431/15601/1520 5432/15602/1520 5433/15603/1520 5434/15604/1520 5435/15605/1520 5436/15606/1520 5437/15607/1520 5438/15608/1520 5439/15609/1520 5440/15610/1520 5441/15611/1520 5442/15612/1520 5443/15613/1520 5444/15614/1520 5445/15615/1520 5446/15616/1520 5447/15617/1520 

vt -111.998 -2.16573e-15
vt -96.0015 -2.16573e-15
v 96.0015 4 16.0181
vt -96.0015 4
vt -111.998 4
f 5371/15618/5 5384/15619/5 5448/15620/5 5382/15621/5 

vt 16.0181 -2.02884e-15
vn -1 1.42594e-18 -0
vt 20.9381 -2.02884e-15
v 96.0015 4 20.9381
vt 20.9381 4
f 5384/15622/1521 5447/15623/1521 5449/15624/1521 5448/15551/1521 

vt 90.2972 -3.08348e-15
vn 0.189425 2.36873e-17 0.981895
vt 90.7372 -2.35699e-15
v 96.4335 4 20.8548
vt 90.7372 4
vt 90.2972 4
f 5447/15625/1522 5446/15626/1522 5450/15627/1522 5449/15628/1522 

vt 60.3845 -2.82471e-15
vn 0.643599 1.77564e-17 0.765363
vt 60.5645 -3.54464e-15
v 96.5713 4 20.7389
vt 60.5645 4
vt 60.3845 4
f 5446/15629/1523 5445/15630/1523 5451/15631/1523 5450/15632/1523 

vt -20.7389 -2.02147e-15
vn 1 -1.42594e-18 -0
vt -20.5289 -2.02147e-15
v 96.5713 4 20.5289
vt -20.5289 4
vt -20.7389 4
f 5445/15633/1524 5444/15634/1524 5452/15635/1524 5451/15636/1524 

vt 72.8199 -3.51291e-15
vn 0.507144 2.03055e-17 0.861862
vt 73.2499 -3.51942e-15
v 96.9419 4 20.3109
vt 73.2499 4
vt 72.8199 4
f 5444/15637/1525 5443/15638/1525 5453/15639/1525 5452/15640/1525 

vt 1.78808 -2.56611e-15
vn 0.974887 4.04354e-18 0.222699
vt 2.15808 -2.56617e-15
v 97.0243 4 19.9502
vt 2.15808 4
vt 1.78808 4
f 5443/15641/1526 5442/15642/1526 5454/15643/1526 5453/15644/1526 

vt 91.5354 -3.06269e-15
vn 0.188213 2.36947e-17 0.982128
vt 91.9654 -3.06269e-15
v 97.4466 4 19.8692
vt 91.9654 4
vt 91.5354 4
f 5442/15645/1527 5441/15646/1527 5455/15647/1527 5454/15648/1527 

vt 47.7715 -3.44541e-15
vn 0.763426 1.46707e-17 0.645895
vt 47.9715 -3.44541e-15
v 97.5758 4 19.7165
vt 47.9715 4
vt 47.7715 4
f 5441/15649/1528 5440/15650/1528 5456/15651/1528 5455/15652/1528 

vt -19.7165 -2.0266e-15
vt -19.5172 -2.0266e-15
v 97.5758 4 19.5172
vt -19.5172 4
vt -19.7165 4
f 5440/15653/1524 5439/15654/1524 5457/15655/1524 5456/15656/1524 

vt 74.5053 -3.50926e-15
vn 0.503144 2.03683e-17 0.864203
vt 74.9253 -3.50926e-15
v 97.9387 4 19.3059
vt 74.9253 4
vt 74.5053 4
f 5439/15657/1529 5438/15658/1529 5458/15659/1529 5457/15660/1529 

vt 12.4733 -2.79161e-15
vn 0.949265 6.3194e-18 0.314478
vt 12.7833 -2.79161e-15
v 98.0362 4 19.0116
vt 12.7833 4
vt 12.4733 4
f 5438/15661/1530 5437/15662/1530 5459/15663/1530 5458/15664/1530 

vt 98.0362 -2.6296e-15
vn 0 2.43991e-17 1
vt 99.9062 -2.6296e-15
v 99.9062 4 19.0116
vt 99.9062 4
vt 98.0362 4
f 5437/15665/1531 5436/15666/1531 5460/15667/1531 5459/15668/1531 

vt 75.3347 -3.53728e-15
vn 0.521448 2.00758e-17 0.853283
vt 75.5747 -3.53728e-15
v 100.111 4 18.8864
vt 75.5747 4
vt 75.3347 4
f 5436/15669/1532 5435/15670/1532 5461/15671/1532 5460/15672/1532 

vt 100.111 -2.62655e-15
vt 100.371 -2.62655e-15
v 100.371 4 18.8864
vt 100.371 4
vt 100.111 4
f 5435/15673/1531 5434/15674/1531 5462/15675/1531 5461/15676/1531 

vt 50.8258 -3.47346e-15
vn 0.760396 1.4762e-17 0.64946
vt 51.0458 -3.47346e-15
v 100.514 4 18.7191
vt 51.0458 4
vt 50.8258 4
f 5434/15677/1533 5433/15678/1533 5463/15679/1533 5462/15680/1533 

vt -18.7191 -2.02241e-15
vt -18.4991 -2.02241e-15
v 100.514 4 18.4991
vt -18.4991 4
vt -18.7191 4
f 5433/15681/1524 5432/15682/1524 5464/15683/1524 5463/15684/1524 

vt 77.2676 -3.52435e-15
vn 0.506882 2.03096e-17 0.862015
vt 77.6676 -3.52435e-15
v 100.859 4 18.2964
vt 77.6676 4
vt 77.2676 4
f 5432/15685/1534 5431/15686/1534 5465/15687/1534 5464/15688/1534 

vt -18.2964 -2.02192e-15
vt -18.1523 -2.02192e-15
v 100.859 4 18.1523
vt -18.1523 4
vt -18.2964 4
f 5431/15689/1524 5430/15690/1524 5466/15691/1524 5465/15692/1524 

vt 86.7045 -3.37229e-15
vn 0.374778 2.20864e-17 0.927115
vt 87.2945 -3.37229e-15
v 101.406 4 17.9312
vt 87.2945 4
vt 86.7045 4
f 5430/15693/1535 5429/15694/1535 5467/15695/1535 5466/15696/1535 

vt 51.2736 -3.46543e-15
vn 0.767286 1.45532e-17 0.641305
vt 51.5136 -3.46543e-15
v 101.56 4 17.747
vt 51.5136 4
vt 51.2736 4
f 5429/15697/1536 5428/15698/1536 5468/15699/1536 5467/15700/1536 

vt -17.747 -2.02092e-15
vt -17.4957 -2.02092e-15
v 101.56 4 17.4957
vt -17.4957 4
vt -17.747 4
f 5428/15701/1524 5427/15702/1524 5469/15703/1524 5468/15704/1524 

vt 84.7778 -3.42758e-15
vn 0.420647 2.15357e-17 0.907224
vt 85.2378 -3.42758e-15
v 101.977 4 17.3022
vt 85.2378 4
vt 84.7778 4
f 5427/15705/1537 5426/15706/1537 5470/15707/1537 5469/15708/1537 

vt 17.3022 -2.02032e-15
vt 17.4222 -2.02032e-15
v 101.977 4 17.4222
vt 17.4222 4
vt 17.3022 4
f 5426/15709/1521 5425/15710/1521 5471/15711/1521 5470/15712/1521 

vt 85.8225 -1.08883e-15
vn -0.690134 1.86413e-17 0.723682
vt 85.9625 -1.08883e-15
v 102.078 4 17.5188
vt 85.9625 4
vt 85.8225 4
f 5425/15713/1538 5424/15714/1538 5472/15715/1538 5471/15716/1538 

vt 102.078 -2.59318e-15
vt 102.188 -2.59318e-15
v 102.188 4 17.5188
vt 102.188 4
vt 102.078 4
f 5424/15717/1531 5423/15718/1531 5473/15719/1531 5472/15720/1531 

vt 74.2263 -1.04432e-15
vn -0.80911 1.54921e-17 0.587657
vt 74.4563 -1.04432e-15
v 102.323 4 17.7049
vt 74.4563 4
vt 74.2263 4
f 5423/15721/1539 5422/15722/1539 5474/15723/1539 5473/15724/1539 

vt 103.825 -2.21335e-15
vn -0.151899 2.43326e-17 0.988396
vt 104.245 -2.57551e-15
v 102.739 4 17.7687
vt 104.245 4
vt 103.825 4
f 5422/15725/1540 5421/15726/1540 5475/15727/1540 5474/15728/1540 

vt 72.011 -1.41333e-15
vn -0.830302 1.47819e-17 0.557314
vt 72.271 -6.98006e-16
v 102.883 4 17.9846
vt 72.271 4
vt 72.011 4
f 5421/15729/1541 5420/15730/1541 5476/15731/1541 5475/15732/1541 

vt 102.883 -2.25139e-15
vt 103.993 -2.25139e-15
v 103.993 4 17.9846
vt 103.993 4
vt 102.883 4
f 5420/15733/1531 5419/15734/1531 5477/15735/1531 5476/15736/1531 

vt 17.9846 -1.66429e-15
vt 18.4346 -1.66429e-15
v 103.993 4 18.4346
vt 18.4346 4
vt 17.9846 4
f 5419/15737/1521 5418/15738/1521 5478/15739/1521 5477/15740/1521 

vt 89.4272 -7.43057e-16
vn -0.671648 1.90343e-17 0.740871
vt 89.5472 -1.10367e-15
v 104.082 4 18.5152
vt 89.5472 4
vt 89.4272 4
f 5418/15741/1542 5417/15742/1542 5479/15743/1542 5478/15744/1542 

vt 104.082 -2.62495e-15
vt 104.163 -2.62495e-15
v 104.163 4 18.5152
vt 104.163 4
vt 104.082 4
f 5417/15745/1531 5416/15746/1531 5480/15747/1531 5479/15748/1531 

vt 80.555 -1.03312e-15
vn -0.77151 1.66233e-17 0.636217
vt 80.785 -1.0258e-15
v 104.309 4 18.6926
vt 80.785 4
vt 80.555 4
f 5416/15749/1543 5415/15750/1543 5481/15751/1543 5480/15752/1543 

vt 105.97 -2.15234e-15
vn -0.181574 2.42525e-17 0.983377
vt 106.41 -2.1522e-15
v 104.742 4 18.7725
vt 106.41 4
vt 105.97 4
f 5415/15753/1544 5414/15754/1544 5482/15755/1544 5481/15756/1544 

vt 64.0835 -1.12092e-15
vn -0.892047 1.2299e-17 0.451943
vt 64.3635 -1.12092e-15
v 104.869 4 19.0223
vt 64.3635 4
vt 64.0835 4
f 5414/15757/1545 5413/15758/1545 5483/15759/1545 5482/15760/1545 

vt 104.869 -2.62986e-15
vt 104.989 -2.62986e-15
v 104.989 4 19.0223
vt 104.989 4
vt 104.869 4
f 5413/15761/1531 5412/15762/1531 5484/15763/1531 5483/15764/1531 

vt 19.0223 -2.01603e-15
vt 19.4523 -2.01603e-15
v 104.989 4 19.4523
vt 19.4523 4
vt 19.0223 4
f 5412/15765/1521 5411/15766/1521 5485/15767/1521 5484/15768/1521 

vt 92.7149 -1.13044e-15
vn -0.6459 1.95478e-17 0.763422
vt 92.8149 -1.13044e-15
v 105.065 4 19.5169
vt 92.8149 4
vt 92.7149 4
f 5411/15769/1546 5410/15770/1546 5486/15771/1546 5485/15772/1546 

vt 105.065 -2.64193e-15
vt 105.165 -2.64193e-15
v 105.165 4 19.5169
vt 105.165 4
vt 105.065 4
f 5410/15773/1531 5409/15774/1531 5487/15775/1531 5486/15776/1531 

vt 78.6578 -1.02298e-15
vn -0.800453 1.57661e-17 0.599395
vt 78.8878 -1.02298e-15
v 105.303 4 19.701
vt 78.8878 4
vt 78.6578 4
f 5409/15777/1547 5408/15778/1547 5488/15779/1547 5487/15780/1547 

vt 107.045 -2.26965e-15
vn -0.144595 2.43489e-17 0.989491
vt 107.495 -2.26965e-15
v 105.748 4 19.766
vt 107.495 4
vt 107.045 4
f 5408/15781/1548 5407/15782/1548 5489/15783/1548 5488/15784/1548 

vt 66.8205 -1.09963e-15
vn -0.884491 1.26448e-17 0.466557
vt 67.1005 -1.09963e-15
v 105.879 4 20.0137
vt 67.1005 4
vt 66.8205 4
f 5407/15785/1549 5406/15786/1549 5490/15787/1549 5489/15788/1549 

vt 105.879 -2.65405e-15
vt 106.009 -2.65405e-15
v 106.009 4 20.0137
vt 106.009 4
vt 105.879 4
f 5406/15789/1531 5405/15790/1531 5491/15791/1531 5490/15792/1531 

vt 20.1247 -2.97042e-15
vn 0.930786 7.59222e-18 0.365565
vt 20.1847 -2.97042e-15
v 106.031 4 19.9578
vt 20.1847 4
vt 20.1247 4
f 5405/15793/1550 5404/15794/1550 5492/15795/1550 5491/15796/1550 

vt 106.031 -2.65269e-15
vt 106.352 -2.65269e-15
v 106.352 4 19.9578
vt 106.352 4
vt 106.031 4
f 5404/15797/1531 5403/15798/1531 5493/15799/1531 5492/15800/1531 

vt 57.8843 -3.59075e-15
vn 0.731739 1.55867e-17 0.681585
vt 58.1943 -3.59075e-15
v 106.564 4 19.731
vt 58.1943 4
vt 57.8843 4
f 5403/15801/1551 5402/15802/1551 5494/15803/1551 5493/15804/1551 

vt -19.731 -2.01378e-15
vt -19.501 -2.01378e-15
v 106.564 4 19.501
vt -19.501 4
vt -19.731 4
f 5402/15805/1524 5401/15806/1524 5495/15807/1524 5494/15808/1524 

vt 85.6187 -3.55978e-15
vn 0.460412 2.10027e-17 0.887705
vt 86.0487 -3.55978e-15
v 106.945 4 19.303
vt 86.0487 4
vt 85.6187 4
f 5401/15809/1552 5400/15810/1552 5496/15811/1552 5495/15812/1552 

vt -19.303 -2.01324e-15
vt -18.9866 -2.01324e-15
v 106.945 4 18.9866
vt -18.9866 4
vt -19.303 4
f 5400/15813/1524 5399/15814/1524 5497/15815/1524 5496/15816/1524 

vt 99.5821 -3.18049e-15
vn 0.23291 2.3396e-17 0.972498
vt 100.082 -3.18049e-15
v 107.432 4 18.8702
vt 100.082 4
vt 99.5821 4
f 5399/15817/1553 5398/15818/1553 5498/15819/1553 5497/15820/1553 

vt 61.4967 -3.6084e-15
vn 0.715925 1.6014e-17 0.698177
vt 61.7067 -3.6084e-15
v 107.578 4 18.7198
vt 61.7067 4
vt 61.4967 4
f 5398/15821/1554 5397/15822/1554 5499/15823/1554 5498/15824/1554 

vt -18.7198 -2.01233e-15
vt -18.4998 -2.01233e-15
v 107.578 4 18.4998
vt -18.4998 4
vt -18.7198 4
f 5397/15825/1524 5396/15826/1524 5500/15827/1524 5499/15828/1524 

vt 85.7654 -3.56835e-15
vn 0.476494 2.07717e-17 0.879178
vt 86.1954 -3.56835e-15
v 107.956 4 18.2949
vt 86.1954 4
vt 85.7654 4
f 5396/15829/1555 5395/15830/1555 5501/15831/1555 5500/15832/1555 

vt -18.2949 -2.01179e-15
vt -17.9922 -2.01179e-15
v 107.956 4 17.9922
vt -17.9922 4
vt -18.2949 4
f 5395/15833/1524 5394/15834/1524 5502/15835/1524 5501/15836/1524 

vt 107.956 -2.60473e-15
vt 109.986 -2.60473e-15
v 109.986 4 17.9922
vt 109.986 4
vt 107.956 4
f 5394/15837/1531 5393/15838/1531 5503/15839/1531 5502/15840/1531 

vt 17.9922 -2.0089e-15
vt 18.4222 -2.0089e-15
v 109.986 4 18.4222
vt 18.4222 4
vt 17.9922 4
f 5393/15841/1521 5392/15842/1521 5504/15843/1521 5503/15844/1521 

vt 88.5976 -9.66211e-16
vn -0.730207 1.77114e-17 0.683226
vt 88.7176 -9.66211e-16
v 110.068 4 18.5099
vt 88.7176 4
vt 88.5976 4
f 5392/15845/1556 5391/15846/1556 5505/15847/1556 5504/15848/1556 

vt 110.068 -2.61736e-15
vt 110.148 -2.61736e-15
v 110.148 4 18.5099
vt 110.148 4
vt 110.068 4
f 5391/15849/1531 5390/15850/1531 5506/15851/1531 5505/15852/1531 

vt 86.2558 -9.53115e-16
vn -0.754502 1.7089e-17 0.656298
vt 86.5058 -9.53115e-16
v 110.312 4 18.6985
vt 86.5058 4
vt 86.2558 4
f 5390/15853/1557 5389/15854/1557 5507/15855/1557 5506/15856/1557 

vt 111.671 -1.99865e-15
vn -0.227939 2.40819e-17 0.973675
vt 112.141 -1.99865e-15
v 110.77 4 18.8056
vt 112.141 4
vt 111.671 4
f 5389/15857/1558 5388/15858/1558 5508/15859/1558 5507/15860/1558 

vt 64.1052 -1.08969e-15
vn -0.905169 1.16616e-17 0.425051
vt 64.3352 -1.08969e-15
v 110.868 4 19.0138
vt 64.3352 4
vt 64.1052 4
f 5388/15861/1559 5387/15862/1559 5509/15863/1559 5508/15864/1559 

vt 110.868 -2.62965e-15
vt 110.998 -2.62965e-15
v 110.998 4 19.0138
vt 110.998 4
vt 110.868 4
f 5387/15865/1531 5386/15866/1531 5510/15867/1531 5509/15868/1531 

vt 19.0138 -2.00746e-15
vt 21.7638 -2.00746e-15
v 110.998 4 21.7638
vt 19.0138 4
f 5386/15869/1521 5385/15870/1521 5511/15553/1521 5510/15871/1521 

vt 110.998 -2.16573e-15
vt 111.998 -1.80478e-15
f 5385/15872/7 5370/15873/7 5383/15549/7 5511/15867/7 

usemtl _4
vt 25.7408 -1.94483e-15
v 111.998 4 25.7408
vt 25.7408 4
f 5370/15552/3 5369/15874/3 5512/15875/3 5383/15553/3 

usemtl _1
vt 32.0138 -2.16573e-15
v 111.998 4 32.0138
vt 32.0138 4
f 5369/15874/3 5368/15876/3 5513/15877/3 5512/15875/3 

v 96.0015 -2.16573e-15 26.2838
vt -96.0015 -26.2838
vn 1.05665e-17 -1 -1.34599e-17
v 96.1749 -2.16573e-15 26.0979
vt -96.1749 -26.0979
v 96.3049 -2.16573e-15 26.0979
vt -96.3049 -26.0979
v 96.5647 -2.16573e-15 26.4775
vt -96.5647 -26.4775
v 96.8047 -2.16573e-15 26.4775
vt -96.8047 -26.4775
v 96.989 -2.16573e-15 26.6883
vt -96.989 -26.6883
v 96.989 -2.16573e-15 27.1083
vt -96.989 -27.1083
v 97.309 -2.16573e-15 27.1083
vt -97.309 -27.1083
v 97.566 -2.16573e-15 27.4655
vt -97.566 -27.4655
v 97.786 -2.16573e-15 27.4655
vt -97.786 -27.4655
v 97.9407 -2.16573e-15 27.6867
vt -97.9407 -27.6867
v 97.9407 -2.16573e-15 28.0367
vt -97.9407 -28.0367
v 98.2407 -2.16573e-15 28.0367
vt -98.2407 -28.0367
v 98.5232 -2.16573e-15 28.4124
vt -98.5232 -28.4124
v 98.7432 -2.16573e-15 28.4124
vt -98.7432 -28.4124
v 98.9039 -2.16573e-15 28.6294
vt -98.9039 -28.6294
v 98.9039 -2.16573e-15 28.9994
vt -98.9039 -28.9994
v 101.256 -2.16573e-15 28.9994
vt -101.256 -28.9994
v 101.589 -2.16573e-15 29.4248
vt -101.589 -29.4248
v 101.809 -2.16573e-15 29.4248
vt -101.809 -29.4248
v 101.936 -2.16573e-15 29.6167
vt -101.936 -29.6167
v 102.076 -2.16573e-15 29.6167
vt -102.076 -29.6167
v 102.617 -2.16573e-15 28.9744
vt -102.617 -28.9744
v 103.967 -2.16573e-15 28.9744
vt -103.967 -28.9744
v 104.045 -2.16573e-15 28.6331
vt -104.045 -28.6331
v 104.622 -2.16573e-15 27.9554
vt -104.622 -27.9554
v 104.959 -2.16573e-15 27.9554
vt -104.959 -27.9554
v 105.049 -2.16573e-15 27.638
vt -105.049 -27.638
v 105.611 -2.16573e-15 27.0004
vt -105.611 -27.0004
v 106.291 -2.16573e-15 27.0004
vt -106.291 -27.0004
v 106.588 -2.16573e-15 27.4153
vt -106.588 -27.4153
v 106.818 -2.16573e-15 27.4153
vt -106.818 -27.4153
v 106.925 -2.16573e-15 27.6302
vt -106.925 -27.6302
v 106.987 -2.16573e-15 28.0456
vt -106.987 -28.0456
v 107.317 -2.16573e-15 28.0456
vt -107.317 -28.0456
v 107.58 -2.16566e-15 28.423
vt -107.58 -28.423
v 107.81 -2.16566e-15 28.423
vt -107.81 -28.423
v 107.965 -2.1571e-15 28.6312
vt -107.965 -28.6312
v 107.965 -2.1571e-15 28.9744
vt -107.965 -28.9744
v 109.995 -2.1571e-15 28.9744
vt -109.995 -28.9744
v 110.064 -1.4428e-15 28.6312
vt -110.064 -28.6312
v 110.638 -1.94483e-15 27.9908
vt -110.638 -27.9908
v 110.988 -1.94483e-15 27.9908
vt -110.988 -27.9908
v 110.988 -1.94483e-15 25.7408
vt -110.988 -25.7408
v 96.0015 -2.16573e-15 32.0138
vt -96.0015 -32.0138
f 5514/15878/1560 5515/15879/1560 5516/15880/1560 5517/15881/1560 5518/15882/1560 5519/15883/1560 5520/15884/1560 5521/15885/1560 5522/15886/1560 5523/15887/1560 5524/15888/1560 5525/15889/1560 5526/15890/1560 5527/15891/1560 5528/15892/1560 5529/15893/1560 5530/15894/1560 5531/15895/1560 5532/15896/1560 5533/15897/1560 5534/15898/1560 5535/15899/1560 5536/15900/1560 5537/15901/1560 5538/15902/1560 5539/15903/1560 5540/15904/1560 5541/15905/1560 5542/15906/1560 5543/15907/1560 5544/15908/1560 5545/15909/1560 5546/15910/1560 5547/15911/1560 5548/15912/1560 5549/15913/1560 5550/15914/1560 5551/15915/1560 5552/15916/1560 5553/15917/1560 5554/15918/1560 5555/15919/1560 5556/15920/1560 5557/15921/1560 5369/15528/1560 5368/15527/1560 5558/15922/1560 

vt -46.5266 -2.03742e-15
vn -0.731182 1.45605e-18 -0.682183
vt -46.2723 -2.03742e-15
v 96.0015 4 26.2838
vt -46.2723 4
v 96.1749 4 26.0979
vt -46.5266 4
f 5515/15923/1561 5514/15924/1561 5559/15925/1561 5560/15926/1561 

vt 26.2838 -3.18014e-15
vn -1 -1.05665e-17 -0
vt 32.0138 -3.18014e-15
v 96.0015 4 32.0138
vt 26.2838 4
f 5514/15927/1562 5558/15928/1562 5561/15877/1562 5559/15929/1562 

vt 96.0015 -2.16573e-15
vt 111.998 -2.16573e-15
vt 96.0015 4
f 5558/15930/7 5368/15931/7 5513/15549/7 5561/15932/7 

usemtl _4
vt 33.5183 -1.44382e-15
v 111.998 4 33.5183
vt 33.5183 4
f 5368/15876/3 5367/15933/3 5562/15934/3 5513/15877/3 

vt 111.998 -1.28063e-15
vt 112.158 -1.28063e-15
v 112.158 4 33.5183
vt 112.158 4
f 5367/15935/1519 5366/15936/1519 5563/15937/1519 5562/15549/1519 

vt 99.6506 -7.57163e-16
vn -0.74649 1.11794e-17 0.665396
vt 99.8906 -1.47004e-15
v 112.318 4 33.6974
vt 99.8906 4
vt 99.6506 4
f 5366/15938/1563 5365/15939/1563 5564/15940/1563 5563/15941/1563 

vt 117.26 -2.15739e-15
vn -0.279579 7.25646e-19 0.960123
vt 117.49 -2.16639e-15
v 112.539 4 33.7617
vt 117.49 4
vt 117.26 4
f 5365/15942/1564 5364/15943/1564 5565/15944/1564 5564/15945/1564 

vt 112.539 -2.00132e-15
vt 112.749 -2.00132e-15
v 112.749 4 33.7617
vt 112.749 4
vt 112.539 4
f 5364/15946/1519 5363/15947/1519 5566/15948/1519 5565/15949/1519 

vt 79.916 -8.51945e-16
vn -0.898055 1.5205e-17 0.439882
vt 80.206 -8.51977e-16
v 112.876 4 34.0222
vt 80.206 4
vt 79.916 4
f 5363/15950/1565 5362/15951/1565 5567/15952/1565 5566/15953/1565 

vt 112.876 -2.00009e-15
vt 116.026 -2.00009e-15
v 116.026 4 34.0222
vt 116.026 4
vt 112.876 4
f 5362/15954/1519 5361/15955/1519 5568/15956/1519 5567/15957/1519 

vt 98.4701 -1.39884e-15
vn 0.327703 -1.09298e-17 0.944781
vt 98.8901 -1.39884e-15
v 116.423 4 33.8845
vt 98.8901 4
vt 98.4701 4
f 5361/15958/1566 5360/15959/1566 5569/15960/1566 5568/15961/1566 

vt 58.4723 -3.50306e-16
vn 0.706382 -1.70906e-17 0.707831
vt 58.6723 -3.50306e-16
v 116.565 4 33.7433
vt 58.6723 4
vt 58.4723 4
f 5360/15962/1567 5359/15963/1567 5570/15964/1567 5569/15965/1567 

vt -33.7433 8.58031e-17
vn 1 -1.93158e-17 -0
vt -33.5333 8.58031e-17
v 116.565 4 33.5333
vt -33.5333 4
vt -33.7433 4
f 5359/15966/1568 5358/15967/1568 5571/15968/1568 5570/15969/1568 

vt 81.2195 -8.73585e-16
vn 0.528629 -1.43438e-17 0.848853
vt 81.7295 -8.73585e-16
v 116.997 4 33.2637
vt 81.7295 4
vt 81.2195 4
f 5358/15970/1569 5357/15971/1569 5572/15972/1569 5571/15973/1569 

vt -33.2637 9.41652e-17
vt -31.4339 9.41652e-17
v 116.997 4 31.4339
vt -31.4339 4
vt -33.2637 4
f 5357/15974/1568 5356/15975/1568 5573/15976/1568 5572/15977/1568 

vt 116.997 -2.01269e-15
vt 117.107 -2.01269e-15
v 117.107 4 31.4339
vt 117.107 4
vt 116.997 4
f 5356/15978/1519 5355/15979/1519 5574/15980/1519 5573/15981/1519 

vt 55.2287 -2.6671e-16
vn 0.741728 -1.75926e-17 0.670701
vt 55.4287 -2.6671e-16
v 117.242 4 31.2855
vt 55.4287 4
vt 55.2287 4
f 5355/15982/1570 5354/15983/1570 5575/15984/1570 5574/15985/1570 

vt -31.2855 9.8881e-17
vt -30.7455 9.8881e-17
v 117.242 4 30.7455
vt -30.7455 4
vt -31.2855 4
f 5354/15986/1568 5353/15987/1568 5576/15988/1568 5575/15989/1568 

vt -121.19 -2.16547e-15
vn 0.237968 1.3241e-19 -0.971273
vt -120.93 -2.16547e-15
v 116.989 4 30.6837
vt -120.93 4
vt -121.19 4
f 5353/15990/1571 5352/15991/1571 5577/15992/1571 5576/15993/1571 

vt -96.8997 -1.29194e-15
vn 0.782101 -1.20729e-17 -0.623152
vt -96.5897 -1.29194e-15
v 116.796 4 30.4412
vt -96.5897 4
vt -96.8997 4
f 5352/15994/1572 5351/15995/1572 5578/15996/1572 5577/15997/1572 

vt -116.796 -2.01752e-15
vn 0 4.86881e-18 -1
vt -116.616 -2.01752e-15
v 116.616 4 30.4412
vt -116.616 4
vt -116.796 4
f 5351/15998/1573 5350/15999/1573 5579/16000/1573 5578/16001/1573 

vt -86.1387 -9.81192e-16
vn 0.857266 -1.40519e-17 -0.514874
vt -85.6287 -9.81192e-16
v 116.353 4 30.004
vt -85.6287 4
vt -86.1387 4
f 5350/16002/1574 5349/16003/1574 5580/16004/1574 5579/16005/1574 

vt -116.353 -2.01965e-15
vt -116.133 -2.01965e-15
v 116.133 4 30.004
vt -116.133 4
vt -116.353 4
f 5349/16006/1573 5348/16007/1573 5581/16008/1573 5580/16009/1573 

vt -71.4016 -6.29857e-16
vn -0.629069 1.59357e-17 -0.77735
vt -71.2116 -6.29857e-16
v 115.986 4 30.1235
vt -71.2116 4
vt -71.4016 4
f 5348/16010/1575 5347/16011/1575 5582/16012/1575 5581/16013/1575 

vt -30.1235 7.46205e-17
vt -29.0335 7.46205e-17
v 115.986 4 29.0335
vt -29.0335 4
vt -30.1235 4
f 5347/16014/1568 5346/16015/1568 5583/16016/1568 5582/16017/1568 

vt -108.045 -1.73044e-15
vn 0.634866 -8.5012e-18 -0.772622
vt -107.885 -1.73044e-15
v 115.862 4 28.932
vt -107.885 4
vt -108.045 4
f 5346/16018/1576 5345/16019/1576 5584/16020/1576 5583/16021/1576 

vt -28.932 7.22327e-17
vt -28.632 7.22327e-17
v 115.862 4 28.632
vt -28.632 4
vt -28.932 4
f 5345/16022/1568 5344/16023/1568 5585/16024/1568 5584/16025/1568 

vt -87.2225 -1.06366e-15
vn 0.837957 -1.35287e-17 -0.545737
vt -86.9925 -1.06366e-15
v 115.736 4 28.4392
vt -86.9925 4
vt -87.2225 4
f 5344/16026/1577 5343/16027/1577 5586/16028/1577 5585/16029/1577 

vt -115.736 -2.02727e-15
vt -115.496 -2.02727e-15
v 115.496 4 28.4392
vt -115.496 4
vt -115.736 4
f 5343/16030/1573 5342/16031/1573 5587/16032/1573 5586/16033/1573 

vt -89.7789 -1.15263e-15
vn 0.81741 -1.29842e-17 -0.576056
vt -89.2989 -1.15263e-15
v 115.22 4 28.0469
vt -89.2989 4
vt -89.7789 4
f 5342/16034/1578 5341/16035/1578 5588/16036/1578 5587/16037/1578 

vt -115.22 -2.02918e-15
vt -114.91 -2.02918e-15
v 114.91 4 28.0469
vt -114.91 4
vt -115.22 4
f 5341/16038/1573 5340/16039/1573 5589/16040/1573 5588/16041/1573 

vt -54.983 -3.26006e-16
vn 0.970365 -1.75669e-17 -0.241644
vt -54.363 -3.26006e-16
v 114.76 4 27.4453
vt -54.363 4
vt -54.983 4
f 5340/16042/1579 5339/16043/1579 5590/16044/1579 5589/16045/1579 

vt -114.76 -2.03211e-15
vt -114.56 -2.03211e-15
v 114.56 4 27.4453
vt -114.56 4
vt -114.76 4
f 5339/16046/1573 5338/16047/1573 5591/16048/1573 5590/16049/1573 

vt -97.5864 -1.44234e-15
vn 0.737728 -1.09629e-17 -0.675098
vt -97.0564 -1.44234e-15
v 114.202 4 27.0543
vt -97.0564 4
vt -97.5864 4
f 5338/16050/1580 5337/16051/1580 5592/16052/1580 5591/16053/1580 

vt -114.202 -2.03401e-15
vt -114.032 -2.03401e-15
v 114.032 4 27.0543
vt -114.032 4
vt -114.202 4
f 5337/16054/1573 5336/16055/1573 5593/16056/1573 5592/16057/1573 

vt -27.0543 3.68916e-17
vt -21.9543 3.68916e-17
v 114.032 4 21.9543
vt -21.9543 4
vt -27.0543 4
f 5336/16058/1568 5335/16059/1568 5594/16060/1568 5593/16061/1568 

vt 107.476 -1.78852e-15
vn 0.196917 -8.57709e-18 0.98042
vt 107.886 -1.78852e-15
v 114.434 4 21.8735
vt 107.886 4
vt 107.476 4
f 5335/16062/1581 5334/16063/1581 5595/16064/1581 5594/16065/1581 

vt 60.4642 -4.13139e-16
vn 0.742151 -1.75985e-17 0.670233
vt 60.6642 -4.13139e-16
v 114.568 4 21.7251
vt 60.6642 4
vt 60.4642 4
f 5334/16066/1582 5333/16067/1582 5596/16068/1582 5595/16069/1582 

vt -21.7251 4.72452e-17
vt -21.5051 4.72452e-17
v 114.568 4 21.5051
vt -21.5051 4
vt -21.7251 4
f 5333/16070/1568 5332/16071/1568 5597/16072/1568 5596/16073/1568 

vt 88.5313 -1.11453e-15
vn 0.499261 -1.38622e-17 0.866452
vt 88.9613 -1.11453e-15
v 114.941 4 21.2904
vt 88.9613 4
vt 88.5313 4
f 5332/16074/1583 5331/16075/1583 5598/16076/1583 5597/16077/1583 

vt 2.33406 1.60137e-16
vn 0.979442 -1.99009e-17 0.201728
vt 2.68406 1.60137e-16
v 115.012 4 20.9476
vt 2.68406 4
vt 2.33406 4
f 5331/16078/1584 5330/16079/1584 5599/16080/1584 5598/16081/1584 

vt 110.078 -1.85306e-15
vn 0.162533 -7.94352e-18 0.986703
vt 110.528 -1.85306e-15
v 115.456 4 20.8745
vt 110.528 4
vt 110.078 4
f 5330/16082/1585 5329/16083/1585 5600/16084/1585 5599/16085/1585 

vt 62.3631 -4.21209e-16
vn 0.738957 -1.75539e-17 0.673752
vt 62.5531 -4.21209e-16
v 115.584 4 20.7341
vt 62.5531 4
vt 62.3631 4
f 5329/16086/1586 5328/16087/1586 5601/16088/1586 5600/16089/1586 

vt -20.7341 6.68548e-17
vt -20.4941 6.68548e-17
v 115.584 4 20.4941
vt -20.4941 4
vt -20.7341 4
f 5328/16090/1568 5327/16091/1568 5602/16092/1568 5601/16093/1568 

vt 91.2253 -1.16036e-15
vn 0.483988 -1.36092e-17 0.875075
vt 91.7053 -1.16036e-15
v 116.004 4 20.2617
vt 91.7053 4
vt 91.2253 4
f 5327/16094/1587 5326/16095/1587 5603/16096/1587 5602/16097/1587 

vt -20.2617 7.49681e-17
vt -17.9417 7.49681e-17
v 116.004 4 17.9417
vt -17.9417 4
vt -20.2617 4
f 5326/16098/1568 5325/16099/1568 5604/16100/1568 5603/16101/1568 

vt 111.487 -1.87289e-15
vn 0.164083 -7.97223e-18 0.986446
vt 111.937 -1.87289e-15
v 116.447 4 17.8679
vt 111.937 4
vt 111.487 4
f 5325/16102/1588 5324/16103/1588 5605/16104/1588 5604/16105/1588 

vt 66.1483 -4.62933e-16
vn 0.732759 -1.7467e-17 0.680489
vt 66.3183 -4.62933e-16
v 116.563 4 17.7433
vt 66.3183 4
vt 66.1483 4
f 5324/16106/1589 5323/16107/1589 5606/16108/1589 5605/16109/1589 

vt -17.7433 8.57769e-17
vt -17.5133 8.57769e-17
v 116.563 4 17.5133
vt -17.5133 4
vt -17.7433 4
f 5323/16110/1568 5322/16111/1568 5607/16112/1568 5606/16113/1568 

vt 92.5398 -1.1578e-15
vn 0.495857 -1.3806e-17 0.868404
vt 92.9898 -1.1578e-15
v 116.954 4 17.2902
vt 92.9898 4
vt 92.5398 4
f 5322/16114/1590 5321/16115/1590 5608/16116/1590 5607/16117/1590 

vt -17.2902 9.33252e-17
vt -14.451 9.33252e-17
v 116.954 4 14.451
vt -14.451 4
vt -17.2902 4
f 5321/16118/1568 5320/16119/1568 5609/16120/1568 5608/16121/1568 

vt -116.954 -2.09537e-15
vt -116.654 -2.09537e-15
v 116.654 4 14.451
vt -116.654 4
vt -116.954 4
f 5320/16122/1573 5319/16123/1573 5610/16124/1573 5609/16125/1573 

vt -89.4455 -1.33017e-15
vn 0.737447 -1.0956e-17 -0.675405
vt -88.9355 -6.12189e-16
v 116.309 4 14.0749
vt -88.9355 4
vt -89.4455 4
f 5319/16126/1591 5318/16127/1591 5611/16128/1591 5610/16129/1591 

vt -116.309 -1.37923e-15
vt -116.039 -1.37923e-15
v 116.039 4 14.0749
vt -116.039 4
vt -116.309 4
f 5318/16130/1573 5317/16131/1573 5612/16132/1573 5611/16133/1573 

vt -14.0749 7.93642e-16
vt -13.2449 7.93642e-16
v 116.039 4 13.2449
vt -13.2449 4
vt -14.0749 4
f 5317/16134/1568 5316/16135/1568 5613/16136/1568 5612/16137/1568 

vt -87.6717 -5.9453e-16
vn 0.741556 -1.10573e-17 -0.670891
vt -87.2517 -5.90584e-16
v 115.758 4 12.9335
vt -87.2517 4
vt -87.6717 4
f 5316/16138/1592 5315/16139/1592 5614/16140/1592 5613/16141/1592 

vt -115.758 -1.38084e-15
vt -114.988 -1.38084e-15
v 114.988 4 12.9335
vt -114.988 4
vt -115.758 4
f 5315/16142/1573 5314/16143/1573 5615/16144/1573 5614/16145/1573 

vt -12.9335 7.77273e-16
vt -12.6235 7.77273e-16
v 114.988 4 12.6235
vt -12.6235 4
vt -12.9335 4
f 5314/16146/1568 5313/16147/1568 5616/16148/1568 5615/16149/1568 

vt -91.8206 -7.51953e-16
vn 0.691222 -9.83309e-18 -0.722643
vt -91.5206 -7.51969e-16
v 114.771 4 12.4161
vt -91.5206 4
vt -91.8206 4
f 5313/16150/1593 5312/16151/1593 5617/16152/1593 5616/16153/1593 

vt -114.771 -1.38337e-15
vt -114.591 -1.38337e-15
v 114.591 4 12.4161
vt -114.591 4
vt -114.771 4
f 5312/16154/1573 5311/16155/1573 5618/16156/1573 5617/16157/1573 

vt -81.9178 -4.7755e-16
vn 0.775949 -1.19168e-17 -0.630796
vt -81.4478 -4.7755e-16
v 114.294 4 12.0514
vt -81.4478 4
vt -81.9178 4
f 5311/16158/1594 5310/16159/1594 5619/16160/1594 5618/16161/1594 

vt -114.294 -1.38515e-15
vt -114.014 -1.38515e-15
v 114.014 4 12.0514
vt -114.014 4
vt -114.294 4
f 5310/16162/1573 5309/16163/1573 5620/16164/1573 5619/16165/1573 

vt -12.0514 7.58458e-16
vt -5.94141 7.58458e-16
v 114.014 4 5.94141
vt -5.94141 4
vt -12.0514 4
f 5309/16166/1568 5308/16167/1568 5621/16168/1568 5620/16169/1568 

vt 111.404 -1.24307e-15
vn 0.16767 -8.03856e-18 0.985843
vt 111.824 -1.9567e-15
v 114.429 4 5.87098
vt 111.824 4
vt 111.404 4
f 5308/16170/1595 5307/16171/1595 5622/16172/1595 5621/16173/1595 

vt 77.5852 -7.24029e-16
vn 0.700198 -1.7001e-17 0.713949
vt 77.7852 -7.32471e-16
v 114.571 4 5.73094
vt 77.7852 4
vt 77.5852 4
f 5307/16174/1596 5306/16175/1596 5623/16176/1596 5622/16177/1596 

vt -5.73094 4.71425e-17
vt -5.52094 4.71425e-17
v 114.571 4 5.52094
vt -5.52094 4
vt -5.73094 4
f 5306/16178/1568 5305/16179/1568 5624/16180/1568 5623/16181/1568 

vt 96.2482 -1.29713e-15
vn 0.502961 -1.39233e-17 0.864309
vt 96.6882 -1.29697e-15
v 114.952 4 5.29964
vt 96.6882 4
vt 96.2482 4
f 5305/16182/1597 5304/16183/1597 5625/16184/1597 5624/16185/1597 

vt 18.6615 9.45592e-17
vn 0.978247 -1.99056e-17 0.207443
vt 19.0015 9.45587e-17
v 115.022 4 4.96704
vt 19.0015 4
vt 18.6615 4
f 5304/16186/1598 5303/16187/1598 5626/16188/1598 5625/16189/1598 

vt 110.792 -1.87827e-15
vn 0.230128 -9.18323e-18 0.97316
vt 111.222 -1.87827e-15
v 115.441 4 4.86808
vt 111.222 4
vt 110.792 4
f 5303/16190/1599 5302/16191/1599 5627/16192/1599 5626/16193/1599 

vt 78.3851 -7.16082e-16
vn 0.705453 -1.70772e-17 0.708757
vt 78.5651 -7.16082e-16
v 115.568 4 4.7411
vt 78.5651 4
vt 78.3851 4
f 5302/16194/1600 5301/16195/1600 5628/16196/1600 5627/16197/1600 

vt -4.7411 6.65575e-17
vt -4.5211 6.65575e-17
v 115.568 4 4.5211
vt -4.5211 4
vt -4.7411 4
f 5301/16198/1568 5300/16199/1568 5629/16200/1568 5628/16201/1568 

vt 95.9593 -1.24311e-15
vn 0.525362 -1.42906e-17 0.850879
vt 96.4693 -1.24311e-15
v 116.002 4 4.25317
vt 96.4693 4
vt 95.9593 4
f 5300/16202/1601 5299/16203/1601 5630/16204/1601 5629/16205/1601 

vt -4.25317 7.49396e-17
vt -1.95384 7.49396e-17
v 116.002 4 1.95384
vt -1.95384 4
vt -4.25317 4
f 5299/16206/1568 5298/16207/1568 5631/16208/1568 5630/16209/1568 

vt 113.758 -1.97739e-15
vn 0.179897 -8.26423e-18 0.983685
vt 114.208 -1.97739e-15
v 116.445 4 1.87288
vt 114.208 4
vt 113.758 4
f 5298/16210/1602 5297/16211/1602 5632/16212/1602 5631/16213/1602 

vt 75.5512 -5.95782e-16
vn 0.750486 -1.7714e-17 0.660887
vt 75.7512 -5.95782e-16
v 116.577 4 1.72278
vt 75.7512 4
vt 75.5512 4
f 5297/16214/1603 5296/16215/1603 5633/16216/1603 5632/16217/1603 

vt -1.72278 8.6043e-17
vt -1.51278 8.6043e-17
v 116.577 4 1.51278
vt -1.51278 4
vt -1.72278 4
f 5296/16218/1568 5295/16219/1568 5634/16220/1568 5633/16221/1568 

vt 100.42 -1.34707e-15
vn 0.496815 -1.38218e-17 0.867856
vt 100.91 -1.34707e-15
v 117.002 4 1.26934
vt 100.91 4
vt 100.42 4
f 5295/16222/1604 5294/16223/1604 5635/16224/1604 5634/16225/1604 

vt -1.26934 9.4257e-17
vt 2.04066 9.4257e-17
v 117.002 4 -2.04066
vt 2.04066 4
vt -1.26934 4
f 5294/16226/1568 5293/16227/1568 5636/16228/1568 5635/16229/1568 

vt -117.002 -2.17567e-15
vt -98.9722 -2.17567e-15
v 98.9722 4 -2.04066
vt -98.9722 4
vt -117.002 4
f 5293/16230/1573 5292/16231/1573 5637/16232/1573 5636/16233/1573 

vt 2.04066 -2.54007e-16
vt 2.39066 -2.54007e-16
v 98.9722 4 -2.39066
vt 2.39066 4
f 5292/16234/1568 5291/16235/1568 5638/16236/1568 5637/16228/1568 

vt -58.096 -1.17087e-15
vn 0.795309 -1.24105e-17 -0.606204
vt -57.856 -4.43099e-16
v 98.8267 4 -2.58153
vt -57.856 4
vt -58.096 4
f 5291/16237/1605 5290/16238/1605 5639/16239/1605 5638/16240/1605 

vt -98.8267 -1.45053e-15
vt -98.6067 -1.45053e-15
v 98.6067 4 -2.58153
vt -98.6067 4
vt -98.8267 4
f 5290/16241/1573 5289/16242/1573 5640/16243/1573 5639/16244/1573 

vt -56.9255 -4.25789e-16
vn 0.80129 -1.25647e-17 -0.598276
vt -56.4555 -4.31706e-16
v 98.3255 4 -2.95814
vt -56.4555 4
vt -56.9255 4
f 5289/16245/1606 5288/16246/1606 5641/16247/1606 5640/16248/1606 

vt -98.3255 -1.45828e-15
vt -98.0255 -1.45828e-15
v 98.0255 4 -2.95814
vt -98.3255 4
f 5288/16249/1573 5287/16250/1573 5642/15538/1573 5641/16251/1573 

vt 2.95814 4.49564e-16
vt 18.065 4.49564e-16
vt 2.95814 4
f 5287/16252/1568 5286/16253/1568 5377/14663/1568 5642/16254/1568 

vt 98.0255 18.065
vn 1.8392e-17 1 5.38336e-18
vt 89.0081 18.065
vt 89.0081 16.0017
vt 95.9981 16.0017
vt 95.9981 -0.00828118
vt 111.998 -0.00828118
vt 111.998 -16.0181
vt 111.998 -21.7638
vt 111.998 -25.7408
vt 111.998 -32.0138
vt 111.998 -33.5183
vt 112.158 -33.5183
vt 112.318 -33.6974
vt 112.539 -33.7617
vt 112.749 -33.7617
vt 112.876 -34.0222
vt 116.026 -34.0222
vt 116.423 -33.8845
vt 116.565 -33.7433
vt 116.565 -33.5333
vt 116.997 -33.2637
vt 116.997 -31.4339
vt 117.107 -31.4339
vt 117.242 -31.2855
vt 117.242 -30.7455
vt 116.989 -30.6837
vt 116.796 -30.4412
vt 116.616 -30.4412
vt 116.353 -30.004
vt 116.133 -30.004
vt 115.986 -30.1235
vt 115.986 -29.0335
vt 115.862 -28.932
vt 115.862 -28.632
vt 115.736 -28.4392
vt 115.496 -28.4392
vt 115.22 -28.0469
vt 114.91 -28.0469
vt 114.76 -27.4453
vt 114.56 -27.4453
vt 114.202 -27.0543
vt 114.032 -27.0543
vt 114.032 -21.9543
vt 114.434 -21.8735
vt 114.568 -21.7251
vt 114.568 -21.5051
vt 114.941 -21.2904
vt 115.012 -20.9476
vt 115.456 -20.8745
vt 115.584 -20.7341
vt 115.584 -20.4941
vt 116.004 -20.2617
vt 116.004 -17.9417
vt 116.447 -17.8679
vt 116.563 -17.7433
vt 116.563 -17.5133
vt 116.954 -17.2902
vt 116.954 -14.451
vt 116.654 -14.451
vt 116.309 -14.0749
vt 116.039 -14.0749
vt 116.039 -13.2449
vt 115.758 -12.9335
vt 114.988 -12.9335
vt 114.988 -12.6235
vt 114.771 -12.4161
vt 114.591 -12.4161
vt 114.294 -12.0514
vt 114.014 -12.0514
vt 114.014 -5.94141
vt 114.429 -5.87098
vt 114.571 -5.73094
vt 114.571 -5.52094
vt 114.952 -5.29964
vt 115.022 -4.96704
vt 115.441 -4.86808
vt 115.568 -4.7411
vt 115.568 -4.5211
vt 116.002 -4.25317
vt 116.002 -1.95384
vt 116.445 -1.87288
vt 116.577 -1.72278
vt 116.577 -1.51278
vt 117.002 -1.26934
vt 117.002 2.04066
vt 98.9722 2.04066
vt 98.9722 2.39066
vt 98.8267 2.58153
vt 98.6067 2.58153
vt 98.3255 2.95814
vt 98.0255 2.95814
f 5377/16255/1607 5376/16256/1607 5378/16257/1607 5379/16258/1607 5380/16259/1607 5381/16260/1607 5382/16261/1607 5383/16262/1607 5512/16263/1607 5513/16264/1607 5562/16265/1607 5563/16266/1607 5564/16267/1607 5565/16268/1607 5566/16269/1607 5567/16270/1607 5568/16271/1607 5569/16272/1607 5570/16273/1607 5571/16274/1607 5572/16275/1607 5573/16276/1607 5574/16277/1607 5575/16278/1607 5576/16279/1607 5577/16280/1607 5578/16281/1607 5579/16282/1607 5580/16283/1607 5581/16284/1607 5582/16285/1607 5583/16286/1607 5584/16287/1607 5585/16288/1607 5586/16289/1607 5587/16290/1607 5588/16291/1607 5589/16292/1607 5590/16293/1607 5591/16294/1607 5592/16295/1607 5593/16296/1607 5594/16297/1607 5595/16298/1607 5596/16299/1607 5597/16300/1607 5598/16301/1607 5599/16302/1607 5600/16303/1607 5601/16304/1607 5602/16305/1607 5603/16306/1607 5604/16307/1607 5605/16308/1607 5606/16309/1607 5607/16310/1607 5608/16311/1607 5609/16312/1607 5610/16313/1607 5611/16314/1607 5612/16315/1607 5613/16316/1607 5614/16317/1607 5615/16318/1607 5616/16319/1607 5617/16320/1607 5618/16321/1607 5619/16322/1607 5620/16323/1607 5621/16324/1607 5622/16325/1607 5623/16326/1607 5624/16327/1607 5625/16328/1607 5626/16329/1607 5627/16330/1607 5628/16331/1607 5629/16332/1607 5630/16333/1607 5631/16334/1607 5632/16335/1607 5633/16336/1607 5634/16337/1607 5635/16338/1607 5636/16339/1607 5637/16340/1607 5638/16341/1607 5639/16342/1607 5640/16343/1607 5641/16344/1607 5642/16345/1607 

usemtl _1
vn -2.23234e-17 1 -1.07162e-17
vt 96.0015 -16.0181
vt 96.0015 -20.9381
vt 96.4335 -20.8548
vt 96.5713 -20.7389
vt 96.5713 -20.5289
vt 96.9419 -20.3109
vt 97.0243 -19.9502
vt 97.4466 -19.8692
vt 97.5758 -19.7165
vt 97.5758 -19.5172
vt 97.9387 -19.3059
vt 98.0362 -19.0116
vt 99.9062 -19.0116
vt 100.111 -18.8864
vt 100.371 -18.8864
vt 100.514 -18.7191
vt 100.514 -18.4991
vt 100.859 -18.2964
vt 100.859 -18.1523
vt 101.406 -17.9312
vt 101.56 -17.747
vt 101.56 -17.4957
vt 101.977 -17.3022
vt 101.977 -17.4222
vt 102.078 -17.5188
vt 102.188 -17.5188
vt 102.323 -17.7049
vt 102.739 -17.7687
vt 102.883 -17.9846
vt 103.993 -17.9846
vt 103.993 -18.4346
vt 104.082 -18.5152
vt 104.163 -18.5152
vt 104.309 -18.6926
vt 104.742 -18.7725
vt 104.869 -19.0223
vt 104.989 -19.0223
vt 104.989 -19.4523
vt 105.065 -19.5169
vt 105.165 -19.5169
vt 105.303 -19.701
vt 105.748 -19.766
vt 105.879 -20.0137
vt 106.009 -20.0137
vt 106.031 -19.9578
vt 106.352 -19.9578
vt 106.564 -19.731
vt 106.564 -19.501
vt 106.945 -19.303
vt 106.945 -18.9866
vt 107.432 -18.8702
vt 107.578 -18.7198
vt 107.578 -18.4998
vt 107.956 -18.2949
vt 107.956 -17.9922
vt 109.986 -17.9922
vt 109.986 -18.4222
vt 110.068 -18.5099
vt 110.148 -18.5099
vt 110.312 -18.6985
vt 110.77 -18.8056
vt 110.868 -19.0138
vt 110.998 -19.0138
vt 110.998 -21.7638
f 5382/16261/1608 5448/16346/1608 5449/16347/1608 5450/16348/1608 5451/16349/1608 5452/16350/1608 5453/16351/1608 5454/16352/1608 5455/16353/1608 5456/16354/1608 5457/16355/1608 5458/16356/1608 5459/16357/1608 5460/16358/1608 5461/16359/1608 5462/16360/1608 5463/16361/1608 5464/16362/1608 5465/16363/1608 5466/16364/1608 5467/16365/1608 5468/16366/1608 5469/16367/1608 5470/16368/1608 5471/16369/1608 5472/16370/1608 5473/16371/1608 5474/16372/1608 5475/16373/1608 5476/16374/1608 5477/16375/1608 5478/16376/1608 5479/16377/1608 5480/16378/1608 5481/16379/1608 5482/16380/1608 5483/16381/1608 5484/16382/1608 5485/16383/1608 5486/16384/1608 5487/16385/1608 5488/16386/1608 5489/16387/1608 5490/16388/1608 5491/16389/1608 5492/16390/1608 5493/16391/1608 5494/16392/1608 5495/16393/1608 5496/16394/1608 5497/16395/1608 5498/16396/1608 5499/16397/1608 5500/16398/1608 5501/16399/1608 5502/16400/1608 5503/16401/1608 5504/16402/1608 5505/16403/1608 5506/16404/1608 5507/16405/1608 5508/16406/1608 5509/16407/1608 5510/16408/1608 5511/16409/1608 5383/16262/1608 

vt 96.1749 -26.0979
vn -6.11318e-17 1 -5.32854e-17
vt 96.0015 -26.2838
vt 96.0015 -32.0138
v 110.988 4 25.7408
vt 110.988 -25.7408
v 110.988 4 27.9908
vt 110.988 -27.9908
v 110.638 4 27.9908
vt 110.638 -27.9908
v 110.064 4 28.6312
vt 110.064 -28.6312
v 109.995 4 28.9744
vt 109.995 -28.9744
v 107.965 4 28.9744
vt 107.965 -28.9744
v 107.965 4 28.6312
vt 107.965 -28.6312
v 107.81 4 28.423
vt 107.81 -28.423
v 107.58 4 28.423
vt 107.58 -28.423
v 107.317 4 28.0456
vt 107.317 -28.0456
v 106.987 4 28.0456
vt 106.987 -28.0456
v 106.925 4 27.6302
vt 106.925 -27.6302
v 106.818 4 27.4153
vt 106.818 -27.4153
v 106.588 4 27.4153
vt 106.588 -27.4153
v 106.291 4 27.0004
vt 106.291 -27.0004
v 105.611 4 27.0004
vt 105.611 -27.0004
v 105.049 4 27.638
vt 105.049 -27.638
v 104.959 4 27.9554
vt 104.959 -27.9554
v 104.622 4 27.9554
vt 104.622 -27.9554
v 104.045 4 28.6331
vt 104.045 -28.6331
v 103.967 4 28.9744
vt 103.967 -28.9744
v 102.617 4 28.9744
vt 102.617 -28.9744
v 102.076 4 29.6167
vt 102.076 -29.6167
v 101.936 4 29.6167
vt 101.936 -29.6167
v 101.809 4 29.4248
vt 101.809 -29.4248
v 101.589 4 29.4248
vt 101.589 -29.4248
v 101.256 4 28.9994
vt 101.256 -28.9994
v 98.9039 4 28.9994
vt 98.9039 -28.9994
v 98.9039 4 28.6294
vt 98.9039 -28.6294
v 98.7432 4 28.4124
vt 98.7432 -28.4124
v 98.5232 4 28.4124
vt 98.5232 -28.4124
v 98.2407 4 28.0367
vt 98.2407 -28.0367
v 97.9407 4 28.0367
vt 97.9407 -28.0367
v 97.9407 4 27.6867
vt 97.9407 -27.6867
v 97.786 4 27.4655
vt 97.786 -27.4655
v 97.566 4 27.4655
vt 97.566 -27.4655
v 97.309 4 27.1083
vt 97.309 -27.1083
v 96.989 4 27.1083
vt 96.989 -27.1083
v 96.989 4 26.6883
vt 96.989 -26.6883
v 96.8047 4 26.4775
vt 96.8047 -26.4775
v 96.5647 4 26.4775
vt 96.5647 -26.4775
v 96.3049 4 26.0979
vt 96.3049 -26.0979
f 5560/16410/1609 5559/16411/1609 5561/16412/1609 5513/16264/1609 5512/16263/1609 5643/16413/1609 5644/16414/1609 5645/16415/1609 5646/16416/1609 5647/16417/1609 5648/16418/1609 5649/16419/1609 5650/16420/1609 5651/16421/1609 5652/16422/1609 5653/16423/1609 5654/16424/1609 5655/16425/1609 5656/16426/1609 5657/16427/1609 5658/16428/1609 5659/16429/1609 5660/16430/1609 5661/16431/1609 5662/16432/1609 5663/16433/1609 5664/16434/1609 5665/16435/1609 5666/16436/1609 5667/16437/1609 5668/16438/1609 5669/16439/1609 5670/16440/1609 5671/16441/1609 5672/16442/1609 5673/16443/1609 5674/16444/1609 5675/16445/1609 5676/16446/1609 5677/16447/1609 5678/16448/1609 5679/16449/1609 5680/16450/1609 5681/16451/1609 5682/16452/1609 5683/16453/1609 5684/16454/1609 

vt -111.998 -1.94483e-15
vt -110.988 -1.94483e-15
vt -110.988 4
f 5369/16455/5 5557/16456/5 5643/16457/5 5512/15621/5 

vt 25.7408 -3.11759e-15
vt 27.9908 -3.11759e-15
vt 27.9908 4
f 5557/16458/1562 5556/16459/1562 5644/16460/1562 5643/15875/1562 

vt -110.988 -1.56808e-15
vn 0 1.34599e-17 -1
vt -110.638 -1.56808e-15
vt -110.638 4
f 5556/16461/1610 5555/16462/1610 5645/16463/1610 5644/16457/1610 

vt -53.0008 -1.83212e-15
vn -0.744662 1.11519e-18 -0.667442
vt -52.1408 -1.33009e-15
vt -52.1408 4
vt -53.0008 4
f 5555/16464/1611 5554/16465/1611 5646/16466/1611 5645/16467/1611 

vt 6.50198 -2.31971e-15
vn -0.980602 -7.72326e-18 -0.196012
vt 6.85198 -3.03401e-15
vt 6.85198 4
vt 6.50198 4
f 5554/16468/1612 5553/16469/1612 5647/16470/1612 5646/16471/1612 

vt -109.995 -1.76711e-15
vt -107.965 -1.76711e-15
vt -107.965 4
vt -109.995 4
f 5553/16472/1610 5552/16473/1610 5648/16474/1610 5647/16475/1610 

vt -28.9744 -3.29792e-15
vn 1 1.05665e-17 -0
vt -28.6312 -3.29792e-15
vt -28.6312 4
vt -28.9744 4
f 5552/16476/1613 5551/16477/1613 5649/16478/1613 5648/16479/1613 

vt -87.6018 -3.30217e-15
vn 0.800714 1.65239e-17 -0.599047
vt -87.3418 -3.31073e-15
vt -87.3418 4
vt -87.6018 4
f 5551/16480/1614 5550/16481/1614 5650/16482/1614 5649/16483/1614 

vt -107.81 -1.78308e-15
vt -107.58 -1.78308e-15
vt -107.58 4
vt -107.81 4
f 5550/16484/1610 5549/16485/1610 5651/16486/1610 5650/16487/1610 

vt -84.8078 -3.34437e-15
vn 0.820586 1.63634e-17 -0.571523
vt -84.3478 -3.34445e-15
vt -84.3478 4
vt -84.8078 4
f 5549/16488/1615 5548/16489/1615 5652/16490/1615 5651/16491/1615 

vt -107.317 -1.78825e-15
vt -106.987 -1.78825e-15
vt -106.987 4
vt -107.317 4
f 5548/16492/1610 5547/16493/1610 5653/16494/1610 5652/16495/1610 

vt -43.5628 -3.43053e-15
vn 0.988999 1.24413e-17 -0.147922
vt -43.1428 -3.43053e-15
vt -43.1428 4
vt -43.5628 4
f 5547/16496/1616 5546/16497/1616 5654/16498/1616 5653/16499/1616 

vt -72.3607 -3.45515e-15
vn 0.895341 1.54554e-17 -0.445382
vt -72.1207 -3.45515e-15
vt -72.1207 4
vt -72.3607 4
f 5546/16500/1617 5545/16501/1617 5655/16502/1617 5654/16503/1617 

vt -106.818 -1.79673e-15
vt -106.588 -1.79673e-15
vt -106.588 4
vt -106.818 4
f 5545/16504/1610 5544/16505/1610 5656/16506/1610 5655/16507/1610 

vt -84.2951 -3.32789e-15
vn 0.813459 1.6424e-17 -0.581622
vt -83.7851 -3.32789e-15
vt -83.7851 4
vt -84.2951 4
f 5544/16508/1618 5543/16509/1618 5657/16510/1618 5656/16511/1618 

vt -106.291 -1.80231e-15
vt -105.611 -1.80231e-15
vt -105.611 4
vt -106.291 4
f 5543/16512/1610 5542/16513/1610 5658/16514/1610 5657/16515/1610 

vt -49.5927 -2.07101e-15
vn -0.750083 9.7583e-19 -0.661344
vt -48.7427 -2.07101e-15
vt -48.7427 4
vt -49.5927 4
f 5542/16516/1619 5541/16517/1619 5659/16518/1619 5658/16519/1619 

vt -2.22973 -2.86841e-15
vn -0.961663 -6.47026e-18 -0.274235
vt -1.89973 -2.86841e-15
vt -1.89973 4
vt -2.22973 4
f 5541/16520/1620 5540/16521/1620 5660/16522/1620 5659/16523/1620 

vt -104.959 -1.78946e-15
vt -104.622 -1.78946e-15
vt -104.622 4
vt -104.959 4
f 5540/16524/1610 5539/16525/1610 5661/16526/1610 5660/16527/1610 

vt -46.5165 -2.09958e-15
vn -0.76155 6.76491e-19 -0.648106
vt -45.6265 -2.09958e-15
vt -45.6265 4
vt -46.5165 4
f 5539/16528/1621 5538/16529/1621 5662/16530/1621 5661/16531/1621 

vt 4.81052 -2.95415e-15
vn -0.975026 -7.3133e-18 -0.222092
vt 5.16052 -2.95415e-15
vt 5.16052 4
vt 4.81052 4
f 5538/16532/1622 5537/16533/1622 5663/16534/1622 5662/16535/1622 

vt -103.967 -1.77574e-15
vt -102.617 -1.77574e-15
vt -102.617 4
vt -103.967 4
f 5537/16536/1610 5536/16537/1610 5664/16538/1610 5663/16539/1610 

vt -43.9782 -2.10795e-15
vn -0.764634 5.94875e-19 -0.644464
vt -43.1382 -2.10795e-15
vt -43.1382 4
vt -43.9782 4
f 5536/16540/1623 5535/16541/1623 5665/16542/1623 5664/16543/1623 

vt -102.076 -1.7671e-15
vt -101.936 -1.7671e-15
vt -101.936 4
vt -102.076 4
f 5535/16544/1610 5534/16545/1610 5666/16546/1610 5665/16547/1610 

vt -80.9267 -3.28117e-15
vn 0.834145 1.62377e-17 -0.551545
vt -80.6967 -3.28117e-15
vt -80.6967 4
vt -80.9267 4
f 5534/16548/1624 5533/16549/1624 5667/16550/1624 5666/16551/1624 

vt -101.809 -1.76968e-15
vt -101.589 -1.76968e-15
vt -101.589 4
vt -101.809 4
f 5533/16552/1610 5532/16553/1610 5668/16554/1610 5667/16555/1610 

vt -85.7436 -3.19449e-15
vn 0.78789 1.66141e-17 -0.615817
vt -85.2036 -3.19449e-15
vt -85.2036 4
vt -85.7436 4
f 5532/16556/1625 5531/16557/1625 5669/16558/1625 5668/16559/1625 

vt -101.256 -1.77541e-15
vt -98.9039 -1.77541e-15
vt -98.9039 4
vt -101.256 4
f 5531/16560/1610 5530/16561/1610 5670/16562/1610 5669/16563/1610 

vt -28.9994 -3.2108e-15
vt -28.6294 -3.2108e-15
vt -28.6294 4
vt -28.9994 4
f 5530/16564/1613 5529/16565/1613 5671/16566/1613 5670/16567/1613 

vt -81.8784 -3.196e-15
vn 0.803531 1.65027e-17 -0.595262
vt -81.6084 -3.196e-15
vt -81.6084 4
vt -81.8784 4
f 5529/16568/1626 5528/16569/1626 5672/16570/1626 5671/16571/1626 

vt -98.7432 -1.78331e-15
vt -98.5232 -1.78331e-15
vt -98.5232 4
vt -98.7432 4
f 5528/16572/1610 5527/16573/1610 5673/16574/1610 5672/16575/1610 

vt -81.9161 -3.18549e-15
vn 0.799297 1.65343e-17 -0.600937
vt -81.4461 -3.18549e-15
vt -81.4461 4
vt -81.9161 4
f 5527/16576/1627 5526/16577/1627 5674/16578/1627 5673/16579/1627 

vt -98.2407 -1.78836e-15
vt -97.9407 -1.78836e-15
vt -97.9407 4
vt -98.2407 4
f 5526/16580/1610 5525/16581/1610 5675/16582/1610 5674/16583/1610 

vt -28.0367 -3.20063e-15
vt -27.6867 -3.20063e-15
vt -27.6867 4
vt -28.0367 4
f 5525/16584/1613 5524/16585/1613 5676/16586/1613 5675/16587/1613 

vt -78.823 -3.21999e-15
vn 0.819448 1.63733e-17 -0.573154
vt -78.553 -3.21999e-15
vt -78.553 4
vt -78.823 4
f 5524/16588/1628 5523/16589/1628 5677/16590/1628 5676/16591/1628 

vt -97.786 -1.79605e-15
vt -97.566 -1.79605e-15
vt -97.566 4
vt -97.786 4
f 5523/16592/1610 5522/16593/1610 5678/16594/1610 5677/16595/1610 

vt -79.2728 -3.20397e-15
vn 0.811763 1.64379e-17 -0.583987
vt -78.8328 -3.20397e-15
vt -78.8328 4
vt -79.2728 4
f 5522/16596/1629 5521/16597/1629 5679/16598/1629 5678/16599/1629 

vt -97.309 -1.80086e-15
vt -96.989 -1.80086e-15
vt -96.989 4
vt -97.309 4
f 5521/16600/1610 5520/16601/1610 5680/16602/1610 5679/16603/1610 

vt -27.1083 -3.19057e-15
vt -26.6883 -3.19057e-15
vt -26.6883 4
vt -27.1083 4
f 5520/16604/1613 5519/16605/1613 5681/16606/1613 5680/16607/1613 

vt -83.9267 -3.09818e-15
vn 0.752885 1.6814e-17 -0.658152
vt -83.6467 -3.09818e-15
vt -83.6467 4
vt -83.9267 4
f 5519/16608/1630 5518/16609/1630 5682/16610/1630 5681/16611/1630 

vt -96.8047 -1.80935e-15
vt -96.5647 -1.80935e-15
vt -96.5647 4
vt -96.8047 4
f 5518/16612/1610 5517/16613/1610 5683/16614/1610 5682/16615/1610 

vt -76.3933 -3.22226e-15
vn 0.825197 1.63222e-17 -0.564845
vt -75.9333 -3.22226e-15
vt -75.9333 4
vt -76.3933 4
f 5517/16616/1631 5516/16617/1631 5684/16618/1631 5683/16619/1631 

vt -96.3049 -1.81446e-15
vt -96.1749 -1.81446e-15
vt -96.1749 4
vt -96.3049 4
f 5516/16620/1610 5515/16621/1610 5560/16622/1610 5684/16623/1610 

g Mesh37 Model

usemtl _4
v 111.994 -2.16573e-15 48.0182
vt 111.994 -48.0182
vn 9.84925e-19 1 -1.65309e-18
v 62.0525 -2.16573e-15 48.0182
vt 62.0525 -48.0182
v 62.0525 -2.16573e-15 49.9754
vt 62.0525 -49.9754
v 98.0025 -2.16573e-15 49.9754
vt 98.0025 -49.9754
v 98.0025 -2.16573e-15 51.4154
vt 98.0025 -51.4154
v 98.3682 -1.45178e-15 51.66
vt 98.3682 -51.66
v 98.736 -2.17423e-15 51.7553
vt 98.736 -51.7553
v 98.8851 -2.16574e-15 52.0157
vt 98.8851 -52.0157
v 99.9451 -2.16574e-15 52.0157
vt 99.9451 -52.0157
v 99.9451 -2.16574e-15 51.9557
vt 99.9451 -51.9557
v 100.437 -2.16573e-15 51.8686
vt 100.437 -51.8686
v 100.558 -2.16573e-15 51.7353
vt 100.558 -51.7353
v 100.558 -2.16573e-15 51.5153
vt 100.558 -51.5153
v 100.987 -2.16573e-15 51.2573
vt 100.987 -51.2573
v 100.987 -2.16573e-15 51.4473
vt 100.987 -51.4473
v 101.342 -2.16573e-15 51.689
vt 101.342 -51.689
v 101.751 -2.16573e-15 51.7858
vt 101.751 -51.7858
v 101.89 -2.16573e-15 52.0174
vt 101.89 -52.0174
v 104.95 -2.16573e-15 52.0174
vt 104.95 -52.0174
v 105.185 -2.16573e-15 51.8853
vt 105.185 -51.8853
v 105.435 -2.16573e-15 51.8853
vt 105.435 -51.8853
v 105.561 -2.16573e-15 51.7569
vt 105.561 -51.7569
v 105.58 -2.16573e-15 51.5076
vt 105.58 -51.5076
v 105.981 -2.16573e-15 51.3024
vt 105.981 -51.3024
v 105.981 -2.16573e-15 51.4424
vt 105.981 -51.4424
v 106.312 -2.16573e-15 51.6999
vt 106.312 -51.6999
v 106.728 -2.16573e-15 51.7619
vt 106.728 -51.7619
v 106.864 -2.16573e-15 52.0067
vt 106.864 -52.0067
v 107.947 -2.16573e-15 52.0067
vt 107.947 -52.0067
v 108.151 -2.16573e-15 51.88
vt 108.151 -51.88
v 108.441 -2.16573e-15 51.88
vt 108.441 -51.88
v 108.571 -2.16573e-15 51.7421
vt 108.571 -51.7421
v 108.571 -2.16573e-15 51.5221
vt 108.571 -51.5221
v 108.974 -2.16573e-15 51.2988
vt 108.974 -51.2988
v 108.974 -2.16573e-15 51.4388
vt 108.974 -51.4388
v 109.321 -2.16573e-15 51.6921
vt 109.321 -51.6921
v 109.788 -2.16573e-15 51.8039
vt 109.788 -51.8039
v 109.788 -2.16573e-15 51.9475
vt 109.788 -51.9475
v 109.91 -2.16573e-15 52.0166
vt 109.91 -52.0166
v 110.02 -2.16573e-15 52.0166
vt 110.02 -52.0166
v 110.175 -2.16573e-15 51.8907
vt 110.175 -51.8907
v 110.415 -2.16573e-15 51.8907
vt 110.415 -51.8907
v 110.576 -2.16573e-15 51.7409
vt 110.576 -51.7409
v 110.576 -2.16573e-15 51.5109
vt 110.576 -51.5109
v 110.991 -2.16573e-15 51.2907
vt 110.991 -51.2907
v 110.991 -2.16573e-15 51.4507
vt 110.991 -51.4507
v 111.304 -2.16573e-15 51.6833
vt 111.304 -51.6833
v 111.717 -2.16573e-15 51.7619
vt 111.717 -51.7619
v 111.86 -2.16573e-15 52.0029
vt 111.86 -52.0029
v 112.08 -2.16573e-15 52.0029
vt 112.08 -52.0029
v 112.191 -2.16573e-15 51.8884
vt 112.191 -51.8884
v 112.421 -2.16573e-15 51.8884
vt 112.421 -51.8884
v 112.57 -2.16573e-15 51.7545
vt 112.57 -51.7545
v 112.57 -2.16573e-15 51.5212
vt 112.57 -51.5212
v 112.989 -2.16573e-15 51.2479
vt 112.989 -51.2479
v 112.989 -2.16573e-15 51.4396
vt 112.989 -51.4396
v 113.348 -2.16573e-15 51.694
vt 113.348 -51.694
v 113.746 -2.16573e-15 51.7925
vt 113.746 -51.7925
v 113.867 -2.16573e-15 52.0225
vt 113.867 -52.0225
v 115.937 -2.16573e-15 52.0225
vt 115.937 -52.0225
v 116.137 -2.16573e-15 51.9318
vt 116.137 -51.9318
v 116.421 -2.16573e-15 51.8712
vt 116.421 -51.8712
v 116.572 -2.16573e-15 51.7565
vt 116.572 -51.7565
v 116.572 -2.16573e-15 51.5165
vt 116.572 -51.5165
v 116.993 -2.16573e-15 51.2858
vt 116.993 -51.2858
v 116.993 -2.16573e-15 46.6258
vt 116.993 -46.6258
v 116.809 -2.16573e-15 46.4148
vt 116.809 -46.4148
v 116.599 -2.16573e-15 46.4148
vt 116.599 -46.4148
v 116.307 -2.16573e-15 46.034
vt 116.307 -46.034
v 112.607 -2.16573e-15 46.034
vt 112.607 -46.034
v 112.492 -2.16573e-15 46.1301
vt 112.492 -46.1301
v 112.492 -2.16573e-15 46.2201
vt 112.492 -46.2201
v 112.375 -2.16573e-15 46.2201
vt 112.375 -46.2201
v 112.276 -2.16573e-15 46.4712
vt 112.276 -46.4712
v 112.186 -2.16573e-15 46.4712
vt 112.186 -46.4712
v 111.994 -2.16573e-15 46.6614
vt 111.994 -46.6614
f 5685/16624/1632 5686/16625/1632 5687/16626/1632 5688/16627/1632 5689/16628/1632 5690/16629/1632 5691/16630/1632 5692/16631/1632 5693/16632/1632 5694/16633/1632 5695/16634/1632 5696/16635/1632 5697/16636/1632 5698/16637/1632 5699/16638/1632 5700/16639/1632 5701/16640/1632 5702/16641/1632 5703/16642/1632 5704/16643/1632 5705/16644/1632 5706/16645/1632 5707/16646/1632 5708/16647/1632 5709/16648/1632 5710/16649/1632 5711/16650/1632 5712/16651/1632 5713/16652/1632 5714/16653/1632 5715/16654/1632 5716/16655/1632 5717/16656/1632 5718/16657/1632 5719/16658/1632 5720/16659/1632 5721/16660/1632 5722/16661/1632 5723/16662/1632 5724/16663/1632 5725/16664/1632 5726/16665/1632 5727/16666/1632 5728/16667/1632 5729/16668/1632 5730/16669/1632 5731/16670/1632 5732/16671/1632 5733/16672/1632 5734/16673/1632 5735/16674/1632 5736/16675/1632 5737/16676/1632 5738/16677/1632 5739/16678/1632 5740/16679/1632 5741/16680/1632 5742/16681/1632 5743/16682/1632 5744/16683/1632 5745/16684/1632 5746/16685/1632 5747/16686/1632 5748/16687/1632 5749/16688/1632 5750/16689/1632 5751/16690/1632 5752/16691/1632 5753/16692/1632 5754/16693/1632 5755/16694/1632 5756/16695/1632 5757/16696/1632 5758/16697/1632 5759/16698/1632 5760/16699/1632 

g Mesh38 Model

usemtl FrontColor
v -40.0093 -1.44382e-15 14.9334
vt -587.928 -5.68434e-14
v -40.0093 -2.0755e-15 12.9634
vt -510.369 -8.17124e-14
v -40.0093 1 12.9634
vt -510.369 39.3701
f 5761/16700/1 5762/16701/1 5763/16702/1

usemtl _4
v -32.9693 -1.44382e-15 14.9334
vt 32.9693 -14.9334
vn 3.75194e-20 -1 3.28462e-18
v -39.0093 -1.44382e-15 14.9334
vt 39.0093 -14.9334
v -39.0093 -2.0755e-15 12.9634
vt 39.0093 -12.9634
v -33.9993 -2.0755e-15 12.9634
vt 33.9993 -12.9634
v -33.9993 -2.0755e-15 2.98336
vt 33.9993 -2.98336
v -46.0093 -2.0755e-15 2.98336
vt 46.0093 -2.98336
v -46.0093 -2.0755e-15 12.9634
vt 46.0093 -12.9634
vt 40.0093 -12.9634
vt 40.0093 -14.9334
v -46.9793 -1.44382e-15 14.9334
vt 46.9793 -14.9334
v -46.9793 -1.44382e-15 1.07336
vt 46.9793 -1.07336
v -32.9693 -1.44382e-15 1.07336
vt 32.9693 -1.07336
f 5764/16703/1633 5765/16704/1633 5766/16705/1633 5767/16706/1633 5768/16707/1633 5769/16708/1633 5770/16709/1633 5762/16710/1633 5761/16711/1633 5771/16712/1633 5772/16713/1633 5773/16714/1633 

vt -39.0093 -1.49287e-15
vn 0 3.28462e-18 1
vt -32.9693 -1.49287e-15
v -32.9693 4 14.9334
vt -32.9693 4
v -39.0093 4 14.9334
vt -39.0093 4
f 5765/16715/1634 5764/16716/1634 5774/16717/1634 5775/16718/1634 

vt -14.9334 -1.44259e-15
vn 1 3.75194e-20 -0
vt -1.07336 -1.44259e-15
v -32.9693 4 1.07336
vt -1.07336 4
vt -14.9334 4
f 5764/16719/1635 5773/16720/1635 5776/16721/1635 5774/16722/1635 

vt 32.9693 -1.44735e-15
vn 0 -3.28462e-18 -1
vt 46.9793 -1.44735e-15
v -46.9793 4 1.07336
vt 46.9793 4
vt 32.9693 4
f 5773/16723/1636 5772/16724/1636 5777/16725/1636 5776/16726/1636 

vt 1.07336 -1.44206e-15
vn -1 -3.75194e-20 -0
vt 14.9334 -1.44206e-15
v -46.9793 4 14.9334
vt 14.9334 4
vt 1.07336 4
f 5772/16727/1637 5771/16728/1637 5778/16729/1637 5777/16730/1637 

vt -46.9793 -1.49287e-15
vt -40.0093 -1.49287e-15
v -40.0093 4 14.9334
vt -40.0093 4
vt -46.9793 4
f 5771/16731/1634 5761/16732/1634 5779/16733/1634 5778/16734/1634 

vt -14.9334 -1.44382e-15
vt -12.9634 1
v -40.0093 4 12.9634
vt -12.9634 4
f 5779/16722/1 5761/16735/1 5763/16736/1 5780/16737/1 

usemtl _7
vt -40.0093 -13.316
vn 7.54862e-30 0.891695 0.452637
vt -39.0093 -13.316
v -39.0093 1 12.9634
vt -39.0093 -11.1067
vt -40.0093 -11.1067
f 5761/16738/1638 5765/16739/1638 5781/16740/1638 5763/16741/1638 

usemtl FrontColor
vt 1575.17 -510.369
vn 5.34741e-45 -1 3.20646e-16
vt 1535.8 -510.369
vt 1535.8 -587.928
vt 1575.17 -587.928
f 5762/16742/1639 5766/16743/1639 5765/16744/1639 5761/16745/1639 

vt -1575.17 -8.17124e-14
vt -1535.8 -8.17124e-14
vt -1535.8 39.3701
vt -1575.17 39.3701
f 5762/16746/7 5766/16747/7 5781/16748/7 5763/16749/7 

vt 510.369 -8.17124e-14
vt 587.928 -5.68434e-14
vt 510.369 39.3701
f 5766/16750/3 5765/16751/3 5781/16752/3

usemtl _4
v -39.0093 4 12.9634
vt 12.9634 4
vt 12.9634 1
vt 14.9334 -1.44382e-15
f 5782/16753/3 5781/16754/3 5765/16755/3 5775/16729/3 

v -33.9993 4 12.9634
vt 33.9993 4
v -33.9993 1 12.9634
vt 33.9993 1
vt 39.0093 1
vt 39.0093 4
f 5783/16756/5 5784/16757/5 5781/16758/5 5782/16759/5 

v -33.9993 4 2.98336
vt 2.98336 4
v -33.9993 1 2.98336
vt 2.98336 1
f 5785/16760/3 5786/16761/3 5784/16754/3 5783/16753/3 

v -46.0093 4 2.98336
vt -46.0093 4
v -46.0093 1 2.98336
vt -46.0093 1
vt -33.9993 1
vt -33.9993 4
f 5787/16762/7 5788/16763/7 5786/16764/7 5785/16765/7 

v -46.0093 4 12.9634
v -46.0093 1 12.9634
vt -2.98336 1
vt -2.98336 4
f 5789/16737/1 5790/16736/1 5788/16766/1 5787/16767/1 

vt 40.0093 4
vt 40.0093 1
vt 46.0093 1
vt 46.0093 4
f 5780/16768/5 5763/16769/5 5790/16770/5 5789/16771/5 

usemtl Color_C02
vt -1535.8 -510.369
vn -1.23235e-18 1 -1.80534e-17
vt -1338.55 -510.369
vt -1338.55 -117.455
vt -1811.39 -117.455
vt -1811.39 -510.369
vt -1575.17 -510.369
f 5781/16772/1640 5784/16773/1640 5786/16774/1640 5788/16775/1640 5790/16776/1640 5763/16777/1640 

usemtl FrontColor
vt 1338.55 -8.17124e-14
vt 1535.8 -8.17124e-14
vt 1535.8 39.3701
vt 1338.55 39.3701
f 5767/16778/5 5766/16779/5 5781/16780/5 5784/16781/5 

vt 117.455 -8.17124e-14
vt 117.455 39.3701
f 5768/16782/3 5767/16750/3 5784/16752/3 5786/16783/3 

vt -1811.39 -8.17124e-14
vt -1338.55 -8.17124e-14
vt -1338.55 39.3701
vt -1811.39 39.3701
f 5769/16784/7 5768/16785/7 5786/16786/7 5788/16787/7 

vt -117.455 -8.17124e-14
vt -117.455 39.3701
f 5770/16701/1 5769/16788/1 5788/16789/1 5790/16702/1 

vt 1575.17 -8.17124e-14
vt 1811.39 -8.17124e-14
vt 1811.39 39.3701
vt 1575.17 39.3701
f 5762/16790/5 5770/16791/5 5790/16792/5 5763/16793/5 

usemtl _4
vt -39.0093 -14.9334
vn -3.75194e-20 1 -3.28462e-18
vt -32.9693 -14.9334
vt -32.9693 -1.07336
vt -46.9793 -1.07336
vt -46.9793 -14.9334
vt -40.0093 -14.9334
vt -40.0093 -12.9634
vt -46.0093 -12.9634
vt -46.0093 -2.98336
vt -33.9993 -2.98336
vt -33.9993 -12.9634
vt -39.0093 -12.9634
f 5775/16794/1641 5774/16795/1641 5776/16796/1641 5777/16797/1641 5778/16798/1641 5779/16799/1641 5780/16800/1641 5789/16801/1641 5787/16802/1641 5785/16803/1641 5783/16804/1641 5782/16805/1641 

g Mesh39 Model

v -128 -2.09272e-15 48.0038
vt 128 -48.0038
vn -1.47666e-19 -1 2.39928e-19
v -101.984 -2.16573e-15 48.0038
vt 101.984 -48.0038
v -101.984 -2.16573e-15 49.1638
vt 101.984 -49.1638
v -102.08 -2.16573e-15 49.3161
vt 102.08 -49.3161
v -102.445 -2.16573e-15 49.5241
vt 102.445 -49.5241
v -102.445 -2.16573e-15 49.7541
vt 102.445 -49.7541
v -102.575 -2.16573e-15 49.8788
vt 102.575 -49.8788
v -102.835 -2.16573e-15 49.8788
vt 102.835 -49.8788
v -103.069 -2.16573e-15 50.0129
vt 103.069 -50.0129
v -107.129 -2.16573e-15 50.0129
vt 107.129 -50.0129
v -107.276 -2.16573e-15 49.74
vt 107.276 -49.74
v -107.486 -2.16573e-15 49.74
vt 107.486 -49.74
v -107.695 -2.16573e-15 49.6712
vt 107.695 -49.6712
v -107.989 -2.16573e-15 49.4469
vt 107.989 -49.4469
v -107.989 -2.16573e-15 49.2769
vt 107.989 -49.2769
v -108.443 -2.16573e-15 49.5303
vt 108.443 -49.5303
v -108.443 -2.16573e-15 49.74
vt 108.443 -49.74
v -108.587 -2.16573e-15 49.8789
vt 108.587 -49.8789
v -108.827 -2.16573e-15 49.8789
vt 108.827 -49.8789
v -109.077 -2.16573e-15 50.0049
vt 109.077 -50.0049
v -123.967 -2.16573e-15 50.0049
vt 123.967 -50.0049
v -123.967 -2.16573e-15 50.1849
vt 123.967 -50.1849
v -124.089 -2.16573e-15 50.3307
vt 124.089 -50.3307
v -124.442 -2.16573e-15 50.5188
vt 124.442 -50.5188
v -124.442 -2.16573e-15 50.7388
vt 124.442 -50.7388
v -124.558 -2.16573e-15 50.8894
vt 124.558 -50.8894
v -124.868 -2.16573e-15 50.8894
vt 124.868 -50.8894
v -125.006 -2.16573e-15 51.0338
vt 125.006 -51.0338
v -125.07 -2.16573e-15 51.3167
vt 125.07 -51.3167
v -125.441 -2.16573e-15 51.5349
vt 125.441 -51.5349
v -125.441 -2.16573e-15 51.7649
vt 125.441 -51.7649
v -125.591 -2.16573e-15 51.8969
vt 125.591 -51.8969
v -125.841 -2.16573e-15 51.8969
vt 125.841 -51.8969
v -126.027 -2.16573e-15 52.0486
vt 126.027 -52.0486
v -126.027 -2.16573e-15 52.3186
vt 126.027 -52.3186
v -126.435 -2.16573e-15 52.5302
vt 126.435 -52.5302
v -126.435 -2.16573e-15 52.7394
vt 126.435 -52.7394
v -126.575 -2.16573e-15 52.8826
vt 126.575 -52.8826
v -126.988 -2.16573e-15 52.9608
vt 126.988 -52.9608
v -126.988 -2.16573e-15 58.9908
vt 126.988 -58.9908
v -126.699 -2.16573e-15 59.0721
vt 126.699 -59.0721
v -126.417 -2.16573e-15 59.4234
vt 126.417 -59.4234
v -126.197 -2.16573e-15 59.4234
vt 126.197 -59.4234
v -126.063 -2.16573e-15 59.6577
vt 126.063 -59.6577
v -126.063 -2.16573e-15 59.9577
vt 126.063 -59.9577
v -125.698 -2.16573e-15 60.0628
vt 125.698 -60.0628
v -125.388 -2.16573e-15 60.4548
vt 125.388 -60.4548
v -125.198 -2.16573e-15 60.4548
vt 125.198 -60.4548
v -125.04 -2.16573e-15 60.6358
vt 125.04 -60.6358
v -125.04 -2.16573e-15 61.0758
vt 125.04 -61.0758
v -124.67 -2.16573e-15 61.0758
vt 124.67 -61.0758
v -124.389 -2.16573e-15 61.4646
vt 124.389 -61.4646
v -124.199 -2.16573e-15 61.4646
vt 124.199 -61.4646
v -124.073 -2.16573e-15 61.6573
vt 124.073 -61.6573
v -124.073 -2.16573e-15 61.9873
vt 124.073 -61.9873
v -100.003 -2.16573e-15 61.9873
vt 100.003 -61.9873
v -99.9258 -2.16573e-15 61.646
vt 99.9258 -61.646
v -99.3653 -2.16573e-15 60.9938
vt 99.3653 -60.9938
v -99.0161 -2.16573e-15 60.9938
vt 99.0161 -60.9938
v -98.935 -2.16573e-15 60.643
vt 98.935 -60.643
v -98.8193 -2.16573e-15 60.5052
vt 98.8193 -60.5052
v -98.6693 -2.16573e-15 60.5052
vt 98.6693 -60.5052
v -98.6693 -2.16573e-15 60.3552
vt 98.6693 -60.3552
v -98.3631 -2.16573e-15 59.9986
vt 98.3631 -59.9986
v -98.0041 -2.16573e-15 59.9986
vt 98.0041 -59.9986
v -97.9192 -2.16573e-15 59.618
vt 97.9192 -59.618
v -97.8198 -2.16573e-15 59.5194
vt 97.8198 -59.5194
v -97.6998 -2.16573e-15 59.5194
vt 97.6998 -59.5194
v -97.6998 -2.16573e-15 59.3694
vt 97.6998 -59.3694
v -97.3702 -2.16573e-15 59.0068
vt 97.3702 -59.0068
v -97.1102 -2.16573e-15 59.0068
vt 97.1102 -59.0068
v -96.9774 -2.16573e-15 59.1946
vt 96.9774 -59.1946
v -96.9174 -2.16573e-15 59.1946
vt 96.9174 -59.1946
v -96.8068 -2.16573e-15 59.0526
vt 96.8068 -59.0526
v -96.7168 -2.16573e-15 59.0526
vt 96.7168 -59.0526
v -96.4268 -2.16573e-15 59.4097
vt 96.4268 -59.4097
v -96.2185 -2.16573e-15 59.4097
vt 96.2185 -59.4097
v -96.004 -2.16573e-15 59.6734
vt 96.004 -59.6734
v -96.004 -2.12923e-15 64
vt 96.004 -64
v -128 -2.09272e-15 64
vt 128 -64
f 5791/16806/1642 5792/16807/1642 5793/16808/1642 5794/16809/1642 5795/16810/1642 5796/16811/1642 5797/16812/1642 5798/16813/1642 5799/16814/1642 5800/16815/1642 5801/16816/1642 5802/16817/1642 5803/16818/1642 5804/16819/1642 5805/16820/1642 5806/16821/1642 5807/16822/1642 5808/16823/1642 5809/16824/1642 5810/16825/1642 5811/16826/1642 5812/16827/1642 5813/16828/1642 5814/16829/1642 5815/16830/1642 5816/16831/1642 5817/16832/1642 5818/16833/1642 5819/16834/1642 5820/16835/1642 5821/16836/1642 5822/16837/1642 5823/16838/1642 5824/16839/1642 5825/16840/1642 5826/16841/1642 5827/16842/1642 5828/16843/1642 5829/16844/1642 5830/16845/1642 5831/16846/1642 5832/16847/1642 5833/16848/1642 5834/16849/1642 5835/16850/1642 5836/16851/1642 5837/16852/1642 5838/16853/1642 5839/16854/1642 5840/16855/1642 5841/16856/1642 5842/16857/1642 5843/16858/1642 5844/16859/1642 5845/16860/1642 5846/16861/1642 5847/16862/1642 5848/16863/1642 5849/16864/1642 5850/16865/1642 5851/16866/1642 5852/16867/1642 5853/16868/1642 5854/16869/1642 5855/16870/1642 5856/16871/1642 5857/16872/1642 5858/16873/1642 5859/16874/1642 5860/16875/1642 5861/16876/1642 5862/16877/1642 5863/16878/1642 5864/16879/1642 5865/16880/1642 5866/16881/1642 5867/16882/1642 5868/16883/1642 5869/16884/1642 5870/16885/1642 

vt 101.984 -2.17725e-15
vn -6.734e-37 -2.39928e-19 -1
vt 128 -2.10423e-15
v -128 4 48.0038
v -101.984 4 48.0038
vt 101.984 4
f 5792/16886/1643 5791/16887/1643 5871/4414/1643 5872/16888/1643 

vt 48.0038 -2.11162e-15
vn -1 1.47666e-19 -0
vt 64 -2.11162e-15
v -128 4 64
vt 48.0038 4
f 5791/16889/1644 5870/16890/1644 5873/944/1644 5871/16891/1644 

vt -128 -2.10807e-15
vn 2.73772e-37 2.39928e-19 1
vt -96.004 -2.14458e-15
v -96.004 4 64
vt -96.004 4
f 5870/16892/1645 5869/16893/1645 5874/16894/1645 5873/4408/1645 

vt -64 -2.1434e-15
vn 1 -1.47666e-19 1.24607e-36
vt -59.6734 -2.17991e-15
v -96.004 4 59.6734
vt -59.6734 4
f 5869/16895/1646 5868/16896/1646 5875/16897/1646 5874/953/1646 

vt 14.2774 -2.19556e-15
vn 0.775825 -2.65946e-19 -0.630948
vt 14.6174 -2.19556e-15
v -96.2185 4 59.4097
vt 14.6174 4
vt 14.2774 4
f 5868/16898/1647 5867/16899/1647 5876/16900/1647 5875/16901/1647 

vt 96.2185 -2.17999e-15
vn 0 -2.39928e-19 -1
vt 96.4268 -2.17999e-15
v -96.4268 4 59.4097
vt 96.4268 4
vt 96.2185 4
f 5867/16902/1648 5866/16903/1648 5877/16904/1648 5876/16905/1648 

vt 14.6851 -2.19559e-15
vn 0.776183 -2.65893e-19 -0.630508
vt 15.1451 -2.19559e-15
v -96.7168 4 59.0526
vt 15.1451 4
vt 14.6851 4
f 5866/16906/1649 5865/16907/1649 5878/16908/1649 5877/16909/1649 

vt 96.7168 -2.1799e-15
vt 96.8068 -2.1799e-15
v -96.8068 4 59.0526
vt 96.8068 4
vt 96.7168 4
f 5865/16910/1648 5864/16911/1648 5879/16912/1648 5878/16913/1648 

vt 106.089 -2.16449e-15
vn -0.78871 -3.10342e-20 -0.614766
vt 106.269 -2.16449e-15
v -96.9174 4 59.1946
vt 106.269 4
vt 106.089 4
f 5864/16914/1650 5863/16915/1650 5880/16916/1650 5879/16917/1650 

vt 96.9174 -2.17994e-15
vt 96.9774 -2.17994e-15
v -96.9774 4 59.1946
vt 96.9774 4
vt 96.9174 4
f 5863/16918/1648 5862/16919/1648 5881/16920/1648 5880/16921/1648 

vt 7.66109 -2.1951e-15
vn 0.81648 -2.59095e-19 -0.577374
vt 7.89109 -2.1951e-15
v -97.1102 4 59.0068
vt 7.89109 4
vt 7.66109 4
f 5862/16922/1651 5861/16923/1651 5882/16924/1651 5881/16925/1651 

vt 97.1102 -2.17989e-15
vt 97.3702 -2.17989e-15
v -97.3702 4 59.0068
vt 97.3702 4
vt 97.1102 4
f 5861/16926/1648 5860/16927/1648 5883/16928/1648 5882/16929/1648 

vt 109.157 -2.16405e-15
vn -0.740007 -5.21019e-20 -0.6726
vt 109.647 -2.16405e-15
v -97.6998 4 59.3694
vt 109.647 4
vt 109.157 4
f 5860/16930/1652 5859/16931/1652 5884/16932/1652 5883/16933/1652 

vt 59.3694 -2.18016e-15
vt 59.5194 -2.18016e-15
v -97.6998 4 59.5194
vt 59.5194 4
vt 59.3694 4
f 5859/16934/1644 5858/16935/1644 5885/16936/1644 5884/16937/1644 

vt 97.6998 -2.18001e-15
vt 97.8198 -2.18001e-15
v -97.8198 4 59.5194
vt 97.8198 4
vt 97.6998 4
f 5858/16938/1648 5857/16939/1648 5886/16940/1648 5885/16941/1648 

vt 111.363 -2.16397e-15
vn -0.704276 -6.63338e-20 -0.709926
vt 111.503 -2.16397e-15
v -97.9192 4 59.618
vt 111.503 4
vt 111.363 4
f 5857/16942/1653 5856/16943/1653 5887/16944/1653 5886/16945/1653 

vt 79.5088 -2.17332e-15
vn -0.976006 9.18802e-20 -0.217743
vt 79.8988 -2.17332e-15
v -98.0041 4 59.9986
vt 79.8988 4
vt 79.5088 4
f 5856/16946/1654 5855/16947/1654 5888/16948/1654 5887/16949/1654 

vt 98.0041 -2.18013e-15
vt 98.3631 -2.18013e-15
v -98.3631 4 59.9986
vt 98.3631 4
vt 98.0041 4
f 5855/16950/1648 5854/16951/1648 5889/16952/1648 5888/16953/1648 

vt 109.607 -2.16416e-15
vn -0.758554 -4.43272e-20 -0.65161
vt 110.077 -2.16416e-15
v -98.6693 4 60.3552
vt 110.077 4
vt 109.607 4
f 5854/16954/1655 5853/16955/1655 5890/16956/1655 5889/16957/1655 

vt 60.3552 -2.1803e-15
vt 60.5052 -2.1803e-15
v -98.6693 4 60.5052
vt 60.5052 4
vt 60.3552 4
f 5853/16958/1644 5852/16959/1644 5891/16960/1644 5890/16961/1644 

vt 98.6693 -2.18025e-15
vt 98.8193 -2.18025e-15
v -98.8193 4 60.5052
vt 98.8193 4
vt 98.6693 4
f 5852/16962/1648 5851/16963/1648 5892/16964/1648 5891/16965/1648 

vt 109.877 -2.16422e-15
vn -0.765921 -4.11579e-20 -0.642935
vt 110.057 -2.16422e-15
v -98.935 4 60.643
vt 110.057 4
vt 109.877 4
f 5851/16966/1656 5850/16967/1656 5893/16968/1656 5892/16969/1656 

vt 81.3554 -2.17317e-15
vn -0.97434 8.98736e-20 -0.225081
vt 81.7154 -2.17317e-15
v -99.0161 4 60.9938
vt 81.7154 4
vt 81.3554 4
f 5850/16970/1657 5849/16971/1657 5894/16972/1657 5893/16973/1657 

vt 99.0161 -2.18037e-15
vt 99.3653 -2.18037e-15
v -99.3653 4 60.9938
vt 99.3653 4
vt 99.0161 4
f 5849/16974/1648 5848/16975/1648 5895/16976/1648 5894/16977/1648 

vt 111.022 -2.16415e-15
vn -0.758412 -4.43878e-20 -0.651776
vt 111.882 -2.16415e-15
v -99.9258 4 61.646
vt 111.882 4
vt 111.022 4
f 5848/16978/1658 5847/16979/1658 5896/16980/1658 5895/16981/1658 

vt 82.2471 -2.17335e-15
vn -0.975164 9.08578e-20 -0.221486
vt 82.5971 -2.17335e-15
v -100.003 4 61.9873
vt 82.5971 4
vt 82.2471 4
f 5847/16982/1659 5846/16983/1659 5897/16984/1659 5896/16985/1659 

vt 100.003 -2.18061e-15
vt 124.073 -2.18061e-15
v -124.073 4 61.9873
vt 124.073 4
vt 100.003 4
f 5846/16986/1648 5845/16987/1648 5898/16988/1648 5897/16989/1648 

vt -61.9873 -2.18406e-15
vn 1 -1.47666e-19 -0
vt -61.6573 -2.18406e-15
v -124.073 4 61.6573
vt -61.6573 4
vt -61.9873 4
f 5845/16990/1660 5844/16991/1660 5899/16992/1660 5898/16993/1660 

vt 16.0667 -2.20078e-15
vn 0.837871 -2.54694e-19 -0.545868
vt 16.2967 -2.20078e-15
v -124.199 4 61.4646
vt 16.2967 4
vt 16.0667 4
f 5844/16994/1661 5843/16995/1661 5900/16996/1661 5899/16997/1661 

vt 124.199 -2.18048e-15
vt 124.389 -2.18048e-15
v -124.389 4 61.4646
vt 124.389 4
vt 124.199 4
f 5843/16998/1648 5842/16999/1648 5901/17000/1648 5900/17001/1648 

vt 23.1298 -2.20134e-15
vn 0.810125 -2.60288e-19 -0.586257
vt 23.6098 -2.20134e-15
v -124.67 4 61.0758
vt 23.6098 4
vt 23.1298 4
f 5842/17002/1662 5841/17003/1662 5902/17004/1662 5901/17005/1662 

vt 124.67 -2.18039e-15
vt 125.04 -2.18039e-15
v -125.04 4 61.0758
vt 125.04 4
vt 124.67 4
f 5841/17006/1648 5840/17007/1648 5903/17008/1648 5902/17009/1648 

vt -61.0758 -2.1842e-15
vt -60.6358 -2.1842e-15
v -125.04 4 60.6358
vt -60.6358 4
vt -61.0758 4
f 5840/17010/1660 5839/17011/1660 5904/17012/1660 5903/17013/1660 

vt 36.3989 -2.2018e-15
vn 0.754086 -2.68932e-19 -0.656776
vt 36.6389 -2.2018e-15
v -125.198 4 60.4548
vt 36.6389 4
vt 36.3989 4
f 5839/17014/1663 5838/17015/1663 5905/17016/1663 5904/17017/1663 

vt 125.198 -2.18024e-15
vt 125.388 -2.18024e-15
v -125.388 4 60.4548
vt 125.388 4
vt 125.198 4
f 5838/17018/1648 5837/17019/1648 5906/17020/1648 5905/17021/1648 

vt 30.4324 -2.20169e-15
vn 0.784032 -2.64704e-19 -0.620721
vt 30.9324 -2.20169e-15
v -125.698 4 60.0628
vt 30.9324 4
vt 30.4324 4
f 5837/17022/1664 5836/17023/1664 5907/17024/1664 5906/17025/1664 

vt 104.203 -2.19083e-15
vn 0.276369 -2.71394e-19 -0.961052
vt 104.583 -2.19083e-15
v -126.063 4 59.9577
vt 104.583 4
vt 104.203 4
f 5836/17026/1665 5835/17027/1665 5908/17028/1665 5907/17029/1665 

vt -59.9577 -2.18435e-15
vt -59.6577 -2.18435e-15
v -126.063 4 59.6577
vt -59.6577 4
vt -59.9577 4
f 5835/17030/1660 5834/17031/1660 5909/17032/1660 5908/17033/1660 

vt 10.7827 -2.20012e-15
vn 0.868118 -2.47282e-19 -0.496358
vt 11.0527 -2.20012e-15
v -126.197 4 59.4234
vt 11.0527 4
vt 10.7827 4
f 5834/17034/1666 5833/17035/1666 5910/17036/1666 5909/17037/1666 

vt 126.197 -2.17999e-15
vt 126.417 -2.17999e-15
v -126.417 4 59.4234
vt 126.417 4
vt 126.197 4
f 5833/17038/1648 5832/17039/1648 5911/17040/1648 5910/17041/1648 

vt 32.6571 -2.20176e-15
vn 0.780471 -2.65251e-19 -0.625193
vt 33.1071 -2.20176e-15
v -126.699 4 59.0721
vt 33.1071 4
vt 32.6571 4
f 5832/17042/1667 5831/17043/1667 5912/17044/1667 5911/17045/1667 

vt 105.921 -2.19046e-15
vn 0.271296 -2.70991e-19 -0.962496
vt 106.221 -2.19046e-15
v -126.988 4 58.9908
vt 106.221 4
vt 105.921 4
f 5831/17046/1668 5830/17047/1668 5913/17048/1668 5912/17049/1668 

vt -58.9908 -2.18449e-15
vt -52.9608 -2.18449e-15
v -126.988 4 52.9608
vt -52.9608 4
vt -58.9908 4
f 5830/17050/1660 5829/17051/1660 5914/17052/1660 5913/17053/1660 

vt -134.624 -2.17165e-15
vn 0.186066 2.08263e-19 0.982537
vt -134.204 -2.17165e-15
v -126.575 4 52.8826
vt -134.204 4
vt -134.624 4
f 5829/17054/1669 5828/17055/1669 5915/17056/1669 5914/17057/1669 

vt -126.214 -2.16242e-15
vn 0.716154 6.17046e-20 0.697942
vt -126.014 -2.16242e-15
v -126.435 4 52.7394
vt -126.014 4
vt -126.214 4
f 5828/17058/1670 5827/17059/1670 5916/17060/1670 5915/17061/1670 

vt -52.7394 -2.1844e-15
vt -52.5302 -2.1844e-15
v -126.435 4 52.5302
vt -52.5302 4
vt -52.7394 4
f 5827/17062/1660 5826/17063/1660 5917/17064/1660 5916/17065/1660 

vt -136.43 -2.16407e-15
vn 0.459831 1.45156e-19 0.888006
vt -135.97 -2.16407e-15
v -126.027 4 52.3186
vt -135.97 4
vt -136.43 4
f 5826/17066/1671 5825/17067/1671 5918/17068/1671 5917/17069/1671 

vt -52.3186 -2.18434e-15
vt -52.0486 -2.18434e-15
v -126.027 4 52.0486
vt -52.0486 4
vt -52.3186 4
f 5825/17070/1660 5824/17071/1660 5919/17072/1660 5918/17073/1660 

vt -130.541 -2.16209e-15
vn 0.632411 9.24709e-20 0.774633
vt -130.301 -2.16209e-15
v -125.841 4 51.8969
vt -130.301 4
vt -130.541 4
f 5824/17074/1672 5823/17075/1672 5920/17076/1672 5919/17077/1672 

vt -125.841 -2.17819e-15
vn 0 2.39928e-19 1
vt -125.591 -2.17819e-15
v -125.591 4 51.8969
vt -125.591 4
vt -125.841 4
f 5823/17078/1673 5822/17079/1673 5921/17080/1673 5920/17081/1673 

vt -128.621 -2.1621e-15
vn 0.659712 8.28935e-20 0.751518
vt -128.421 -2.1621e-15
v -125.441 4 51.7649
vt -128.421 4
vt -128.621 4
f 5822/17082/1674 5821/17083/1674 5922/17084/1674 5921/17085/1674 

vt -51.7649 -2.18426e-15
vt -51.5349 -2.18426e-15
v -125.441 4 51.5349
vt -51.5349 4
vt -51.7649 4
f 5821/17086/1660 5820/17087/1660 5923/17088/1660 5922/17089/1660 

vt -134.242 -2.1632e-15
vn 0.507407 1.31821e-19 0.861707
vt -133.812 -2.1632e-15
v -125.07 4 51.3167
vt -133.812 4
vt -134.242 4
f 5820/17090/1675 5819/17091/1675 5924/17092/1675 5923/17093/1675 

vt -77.555 -2.17585e-15
vn 0.975539 -9.13118e-20 0.219825
vt -77.265 -2.17585e-15
v -125.006 4 51.0338
vt -77.265 4
vt -77.555 4
f 5819/17094/1676 5818/17095/1676 5925/17096/1676 5924/17097/1676 

vt -123.327 -2.16247e-15
vn 0.722136 5.93359e-20 0.691751
vt -123.127 -2.16247e-15
v -124.868 4 50.8894
vt -123.127 4
vt -123.327 4
f 5818/17098/1677 5817/17099/1677 5926/17100/1677 5925/17101/1677 

vt -124.868 -2.17794e-15
vt -124.558 -2.17794e-15
v -124.558 4 50.8894
vt -124.558 4
vt -124.868 4
f 5817/17102/1673 5816/17103/1673 5927/17104/1673 5926/17105/1673 

vt -116.289 -2.16375e-15
vn 0.792548 2.92782e-20 0.609809
vt -116.099 -2.16375e-15
v -124.442 4 50.7388
vt -116.099 4
vt -116.289 4
f 5816/17106/1678 5815/17107/1678 5928/17108/1678 5927/17109/1678 

vt -50.7388 -2.18411e-15
vt -50.5188 -2.18411e-15
v -124.442 4 50.5188
vt -50.5188 4
vt -50.7388 4
f 5815/17110/1660 5814/17111/1660 5929/17112/1660 5928/17113/1660 

vt -133.58 -2.16375e-15
vn 0.470269 1.423e-19 0.882523
vt -133.18 -2.16375e-15
v -124.089 4 50.3307
vt -133.18 4
vt -133.58 4
f 5814/17114/1679 5813/17115/1679 5930/17116/1679 5929/17117/1679 

vt -118.18 -2.16318e-15
vn 0.767461 4.04892e-20 0.641096
vt -117.99 -2.16318e-15
v -123.967 4 50.1849
vt -117.99 4
vt -118.18 4
f 5813/17118/1680 5812/17119/1680 5931/17120/1680 5930/17121/1680 

vt -50.1849 -2.18404e-15
vt -50.0049 -2.18404e-15
v -123.967 4 50.0049
vt -50.0049 4
vt -50.1849 4
f 5812/17122/1660 5811/17123/1660 5932/17124/1660 5931/17125/1660 

vt -123.967 -2.17773e-15
vt -109.077 -2.17773e-15
v -109.077 4 50.0049
vt -109.077 4
vt -123.967 4
f 5811/17126/1673 5810/17127/1673 5933/17128/1673 5932/17129/1673 

vt -119.912 -2.16508e-15
vn 0.449778 1.47873e-19 0.89314
vt -119.632 -2.16508e-15
v -108.827 4 49.8789
vt -119.632 4
vt -119.912 4
f 5810/17130/1681 5809/17131/1681 5934/17132/1681 5933/17133/1681 

vt -108.827 -2.1777e-15
vt -108.587 -2.1777e-15
v -108.587 4 49.8789
vt -108.587 4
vt -108.827 4
f 5809/17134/1673 5808/17135/1673 5935/17136/1673 5934/17137/1673 

vt -112.756 -2.16297e-15
vn 0.694737 6.99829e-20 0.719264
vt -112.556 -2.16297e-15
v -108.443 4 49.74
vt -112.556 4
vt -112.756 4
f 5808/17138/1682 5807/17139/1682 5936/17140/1682 5935/17141/1682 

vt -49.74 -2.18175e-15
vt -49.5303 -2.18175e-15
v -108.443 4 49.5303
vt -49.5303 4
vt -49.74 4
f 5807/17142/1660 5806/17143/1660 5937/17144/1660 5936/17145/1660 

vt -118.832 -2.16441e-15
vn 0.487367 1.37537e-19 0.873197
vt -118.312 -2.16441e-15
v -107.989 4 49.2769
vt -118.312 4
vt -118.832 4
f 5806/17146/1683 5805/17147/1683 5938/17148/1683 5937/17149/1683 

vt 49.2769 -2.18168e-15
vt 49.4469 -2.18168e-15
v -107.989 4 49.4469
vt 49.4469 4
vt 49.2769 4
f 5805/17150/1644 5804/17151/1644 5939/17152/1644 5938/17153/1644 

vt -55.9232 -2.19511e-15
vn -0.606103 2.80337e-19 0.795386
vt -55.5532 -2.19511e-15
v -107.695 4 49.6712
vt -55.5532 4
vt -55.9232 4
f 5804/17154/1684 5803/17155/1684 5940/17156/1684 5939/17157/1684 

vt -86.7449 -2.1879e-15
vn -0.312902 2.74086e-19 0.949785
vt -86.5249 -2.1879e-15
v -107.486 4 49.74
vt -86.5249 4
vt -86.7449 4
f 5803/17158/1685 5802/17159/1685 5941/17160/1685 5940/17161/1685 

vt -107.486 -2.17767e-15
vt -107.276 -2.17767e-15
v -107.276 4 49.74
vt -107.276 4
vt -107.486 4
f 5802/17162/1673 5801/17163/1673 5942/17164/1673 5941/17165/1673 

vt -7.08853 -2.19451e-15
vn -0.880376 2.43794e-19 0.474276
vt -6.77853 -2.19451e-15
v -107.129 4 50.0129
vt -6.77853 4
vt -7.08853 4
f 5801/17166/1686 5800/17167/1686 5943/17168/1686 5942/17169/1686 

vt -107.129 -2.17773e-15
vt -103.069 -2.17773e-15
v -103.069 4 50.0129
vt -103.069 4
vt -107.129 4
f 5800/17170/1673 5799/17171/1673 5944/17172/1673 5943/17173/1673 

vt -114.297 -2.16468e-15
vn 0.496691 1.34896e-19 0.867927
vt -114.027 -2.16468e-15
v -102.835 4 49.8788
vt -114.027 4
vt -114.297 4
f 5799/17174/1687 5798/17175/1687 5945/17176/1687 5944/17177/1687 

vt -102.835 -2.1777e-15
vt -102.575 -2.1777e-15
v -102.575 4 49.8788
vt -102.575 4
vt -102.835 4
f 5798/17178/1673 5797/17179/1673 5946/17180/1673 5945/17181/1673 

vt -108.538 -2.16325e-15
vn 0.692552 7.08104e-20 0.721368
vt -108.358 -2.16325e-15
v -102.445 4 49.7541
vt -108.358 4
vt -108.538 4
f 5797/17182/1688 5796/17183/1688 5947/17184/1688 5946/17185/1688 

vt -49.7541 -2.18086e-15
vt -49.5241 -2.18086e-15
v -102.445 4 49.5241
vt -49.5241 4
vt -49.7541 4
f 5796/17186/1660 5795/17187/1660 5948/17188/1660 5947/17189/1660 

vt -113.524 -2.16469e-15
vn 0.495444 1.35251e-19 0.86864
vt -113.104 -2.16469e-15
v -102.08 4 49.3161
vt -113.104 4
vt -113.524 4
f 5795/17190/1689 5794/17191/1689 5949/17192/1689 5948/17193/1689 

vt -96.1755 -2.16555e-15
vn 0.845762 3.126e-21 0.533561
vt -95.9955 -2.16555e-15
v -101.984 4 49.1638
vt -95.9955 4
vt -96.1755 4
f 5794/17194/1690 5793/17195/1690 5950/17196/1690 5949/17197/1690 

vt -49.1638 -2.18079e-15
vt -48.0038 -2.18079e-15
vt -48.0038 4
vt -49.1638 4
f 5793/17198/1660 5792/17199/1660 5872/17200/1660 5950/17201/1660 

vt -101.984 -48.0038
vn 1.47666e-19 1 -2.39928e-19
vt -128 -48.0038
vt -128 -64
vt -96.004 -64
vt -96.004 -59.6734
vt -96.2185 -59.4097
vt -96.4268 -59.4097
vt -96.7168 -59.0526
vt -96.8068 -59.0526
vt -96.9174 -59.1946
vt -96.9774 -59.1946
vt -97.1102 -59.0068
vt -97.3702 -59.0068
vt -97.6998 -59.3694
vt -97.6998 -59.5194
vt -97.8198 -59.5194
vt -97.9192 -59.618
vt -98.0041 -59.9986
vt -98.3631 -59.9986
vt -98.6693 -60.3552
vt -98.6693 -60.5052
vt -98.8193 -60.5052
vt -98.935 -60.643
vt -99.0161 -60.9938
vt -99.3653 -60.9938
vt -99.9258 -61.646
vt -100.003 -61.9873
vt -124.073 -61.9873
vt -124.073 -61.6573
vt -124.199 -61.4646
vt -124.389 -61.4646
vt -124.67 -61.0758
vt -125.04 -61.0758
vt -125.04 -60.6358
vt -125.198 -60.4548
vt -125.388 -60.4548
vt -125.698 -60.0628
vt -126.063 -59.9577
vt -126.063 -59.6577
vt -126.197 -59.4234
vt -126.417 -59.4234
vt -126.699 -59.0721
vt -126.988 -58.9908
vt -126.988 -52.9608
vt -126.575 -52.8826
vt -126.435 -52.7394
vt -126.435 -52.5302
vt -126.027 -52.3186
vt -126.027 -52.0486
vt -125.841 -51.8969
vt -125.591 -51.8969
vt -125.441 -51.7649
vt -125.441 -51.5349
vt -125.07 -51.3167
vt -125.006 -51.0338
vt -124.868 -50.8894
vt -124.558 -50.8894
vt -124.442 -50.7388
vt -124.442 -50.5188
vt -124.089 -50.3307
vt -123.967 -50.1849
vt -123.967 -50.0049
vt -109.077 -50.0049
vt -108.827 -49.8789
vt -108.587 -49.8789
vt -108.443 -49.74
vt -108.443 -49.5303
vt -107.989 -49.2769
vt -107.989 -49.4469
vt -107.695 -49.6712
vt -107.486 -49.74
vt -107.276 -49.74
vt -107.129 -50.0129
vt -103.069 -50.0129
vt -102.835 -49.8788
vt -102.575 -49.8788
vt -102.445 -49.7541
vt -102.445 -49.5241
vt -102.08 -49.3161
vt -101.984 -49.1638
f 5872/17202/1691 5871/17203/1691 5873/17204/1691 5874/17205/1691 5875/17206/1691 5876/17207/1691 5877/17208/1691 5878/17209/1691 5879/17210/1691 5880/17211/1691 5881/17212/1691 5882/17213/1691 5883/17214/1691 5884/17215/1691 5885/17216/1691 5886/17217/1691 5887/17218/1691 5888/17219/1691 5889/17220/1691 5890/17221/1691 5891/17222/1691 5892/17223/1691 5893/17224/1691 5894/17225/1691 5895/17226/1691 5896/17227/1691 5897/17228/1691 5898/17229/1691 5899/17230/1691 5900/17231/1691 5901/17232/1691 5902/17233/1691 5903/17234/1691 5904/17235/1691 5905/17236/1691 5906/17237/1691 5907/17238/1691 5908/17239/1691 5909/17240/1691 5910/17241/1691 5911/17242/1691 5912/17243/1691 5913/17244/1691 5914/17245/1691 5915/17246/1691 5916/17247/1691 5917/17248/1691 5918/17249/1691 5919/17250/1691 5920/17251/1691 5921/17252/1691 5922/17253/1691 5923/17254/1691 5924/17255/1691 5925/17256/1691 5926/17257/1691 5927/17258/1691 5928/17259/1691 5929/17260/1691 5930/17261/1691 5931/17262/1691 5932/17263/1691 5933/17264/1691 5934/17265/1691 5935/17266/1691 5936/17267/1691 5937/17268/1691 5938/17269/1691 5939/17270/1691 5940/17271/1691 5941/17272/1691 5942/17273/1691 5943/17274/1691 5944/17275/1691 5945/17276/1691 5946/17277/1691 5947/17278/1691 5948/17279/1691 5949/17280/1691 5950/17281/1691 

g Mesh40 Model

v -99.9788 -2.16573e-15 48.0038
vt 99.9788 -48.0038
vn -1.80938e-17 -1 1.77187e-17
v -96.004 -2.16573e-15 48.0038
vt 96.004 -48.0038
v -96.004 -2.16573e-15 52.1907
vt 96.004 -52.1907
v -96.4338 -2.16573e-15 52.4559
vt 96.4338 -52.4559
v -96.4338 -2.16573e-15 52.6859
vt 96.4338 -52.6859
v -96.5995 -2.16573e-15 52.8307
vt 96.5995 -52.8307
v -96.8295 -2.16573e-15 52.8307
vt 96.8295 -52.8307
v -96.9833 -2.16573e-15 52.9423
vt 96.9833 -52.9423
v -97.1333 -2.16573e-15 52.9423
vt 97.1333 -52.9423
v -97.2711 -2.16497e-15 52.7101
vt 97.2711 -52.7101
v -97.675 -1.80649e-15 52.6392
vt 97.675 -52.6392
v -98.0082 -2.16573e-15 52.3836
vt 98.0082 -52.3836
v -98.0082 -2.16573e-15 51.9536
vt 98.0082 -51.9536
v -98.1282 -2.16573e-15 51.9536
vt 98.1282 -51.9536
v -98.2739 -2.16586e-15 51.7145
vt 98.2739 -51.7145
v -98.7053 -2.1506e-15 51.628
vt 98.7053 -51.628
v -98.8438 -1.43308e-15 51.4571
vt 98.8438 -51.4571
v -99.001 -2.16573e-15 51.3504
vt 99.001 -51.3504
v -99.001 -2.16573e-15 50.9504
vt 99.001 -50.9504
v -99.121 -2.16573e-15 50.9504
vt 99.121 -50.9504
v -99.2575 -2.16573e-15 50.7059
vt 99.2575 -50.7059
v -99.6734 -2.16573e-15 50.647
vt 99.6734 -50.647
v -99.8184 -2.16573e-15 50.4558
vt 99.8184 -50.4558
v -99.9184 -2.16573e-15 50.4558
vt 99.9184 -50.4558
v -99.9788 -2.16573e-15 50.3638
vt 99.9788 -50.3638
f 5951/17282/1692 5952/17283/1692 5953/17284/1692 5954/17285/1692 5955/17286/1692 5956/17287/1692 5957/17288/1692 5958/17289/1692 5959/17290/1692 5960/17291/1692 5961/17292/1692 5962/17293/1692 5963/17294/1692 5964/17295/1692 5965/17296/1692 5966/17297/1692 5967/17298/1692 5968/17299/1692 5969/17300/1692 5970/17301/1692 5971/17302/1692 5972/17303/1692 5973/17304/1692 5974/17305/1692 5975/17306/1692 

vt 96.004 -3.0163e-15
vn 0 -1.77187e-17 -1
vt 99.9788 -3.0163e-15
v -99.9788 4 48.0038
vt 99.9788 4
v -96.004 4 48.0038
vt 96.004 4
f 5952/17307/1693 5951/17308/1693 5976/17309/1693 5977/17310/1693 

vt 48.0038 -3.97473e-15
vn -1 1.80938e-17 -0
vt 50.3638 -3.97473e-15
v -99.9788 4 50.3638
vt 50.3638 4
f 5951/17311/1694 5975/17312/1694 5978/17313/1694 5976/16891/1694 

vt -12.8139 -4.92954e-15
vn -0.83572 2.48517e-17 0.549156
vt -12.7039 -4.92954e-15
v -99.9184 4 50.4558
vt -12.7039 4
vt -12.8139 4
f 5975/17314/1695 5974/17315/1695 5979/17316/1695 5978/17317/1695 

vt -99.9184 -3.05975e-15
vn 0 1.77187e-17 1
vt -99.8184 -3.05975e-15
v -99.8184 4 50.4558
vt -99.8184 4
vt -99.9184 4
f 5974/17318/1696 5973/17319/1696 5980/17320/1696 5979/17321/1696 

vt -20.1044 -4.92991e-15
vn -0.796839 2.51234e-17 0.604192
vt -19.8644 -4.92991e-15
v -99.6734 4 50.647
vt -19.8644 4
vt -20.1044 4
f 5973/17322/1697 5972/17323/1697 5981/17324/1697 5980/17325/1697 

vt -91.5866 -3.45339e-15
vn -0.140225 2.00809e-17 0.99012
vt -91.1666 -3.45339e-15
v -99.2575 4 50.7059
vt -91.1666 4
vt -91.5866 4
f 5972/17326/1698 5971/17327/1698 5982/17328/1698 5981/17329/1698 

vt -4.1117 -4.88747e-15
vn -0.87314 2.44358e-17 0.48747
vt -3.8317 -4.88747e-15
v -99.121 4 50.9504
vt -3.8317 4
vt -4.1117 4
f 5971/17330/1699 5970/17331/1699 5983/17332/1699 5982/17333/1699 

vt -99.121 -3.06851e-15
vt -99.001 -3.06851e-15
v -99.001 4 50.9504
vt -99.001 4
vt -99.121 4
f 5970/17334/1696 5969/17335/1696 5984/17336/1696 5983/17337/1696 

vt 50.9504 -3.95704e-15
vt 51.3504 -3.95704e-15
v -99.001 4 51.3504
vt 51.3504 4
vt 50.9504 4
f 5969/17338/1694 5968/17339/1694 5985/17340/1694 5984/17341/1694 

vt -53.0858 -4.60027e-15
vn -0.561517 2.48216e-17 0.827465
vt -52.8958 -3.86762e-15
v -98.8438 4 51.4571
vt -52.8958 4
vt -53.0858 4
f 5968/17342/1700 5967/17343/1700 5986/17344/1700 5985/17345/1700 

vt -22.2592 -4.18612e-15
vn -0.77689 2.52132e-17 0.629636
vt -22.0392 -4.90364e-15
v -98.7053 4 51.628
vt -22.0392 4
vt -22.2592 4
f 5967/17346/1701 5966/17347/1701 5987/17348/1701 5986/17349/1701 

vt -86.6302 -3.6162e-15
vn -0.196582 2.09299e-17 0.980487
vt -86.1902 -3.63146e-15
v -98.2739 4 51.7145
vt -86.1902 4
vt -86.6302 4
f 5966/17350/1702 5965/17351/1702 5988/17352/1702 5987/17353/1702 

vt -6.97068 -4.90017e-15
vn -0.853974 2.4671e-17 0.520316
vt -6.69068 -4.90005e-15
v -98.1282 4 51.9536
vt -6.69068 4
vt -6.97068 4
f 5965/17354/1703 5964/17355/1703 5989/17356/1703 5988/17357/1703 

vt -98.1282 -3.08629e-15
vt -98.0082 -3.08629e-15
v -98.0082 4 51.9536
vt -98.0082 4
vt -98.1282 4
f 5964/17358/1696 5963/17359/1696 5990/17360/1696 5989/17361/1696 

vt 51.9536 -3.93907e-15
vt 52.3836 -3.93907e-15
v -98.0082 4 52.3836
vt 52.3836 4
vt 51.9536 4
f 5963/17362/1694 5962/17363/1694 5991/17364/1694 5990/17365/1694 

vt -45.8744 -4.70346e-15
vn -0.608696 2.50717e-17 0.793404
vt -45.4544 -4.34421e-15
v -97.675 4 52.6392
vt -45.4544 4
vt -45.8744 4
f 5962/17366/1704 5961/17367/1704 5992/17368/1704 5991/17369/1704 

vt -87.0993 -3.2212e-15
vn -0.172947 2.0581e-17 0.984931
vt -86.6893 -3.57968e-15
v -97.2711 4 52.7101
vt -86.6893 4
vt -87.0993 4
f 5961/17370/1705 5960/17371/1705 5993/17372/1705 5992/17373/1705 

vt -4.35696 -4.88504e-15
vn -0.859765 2.46052e-17 0.510689
vt -4.08696 -4.88581e-15
v -97.1333 4 52.9423
vt -4.08696 4
vt -4.35696 4
f 5960/17374/1706 5959/17375/1706 5994/17376/1706 5993/17377/1706 

vt -97.1333 -3.1038e-15
vt -96.9833 -3.1038e-15
v -96.9833 4 52.9423
vt -96.9833 4
vt -97.1333 4
f 5959/17378/1696 5958/17379/1696 5995/17380/1696 5994/17381/1696 

vt -109.59 -2.11334e-15
vn 0.587174 3.71841e-18 0.809461
vt -109.4 -2.11334e-15
v -96.8295 4 52.8307
vt -109.4 4
vt -109.59 4
f 5958/17382/1707 5957/17383/1707 5996/17384/1707 5995/17385/1707 

vt -96.8295 -3.10183e-15
vt -96.5995 -3.10183e-15
v -96.5995 4 52.8307
vt -96.5995 4
vt -96.8295 4
f 5957/17386/1696 5956/17387/1696 5997/17388/1696 5996/17389/1696 

vt -107.499 -2.13167e-15
vn 0.658165 1.43126e-18 0.752874
vt -107.279 -2.13167e-15
v -96.4338 4 52.6859
vt -107.279 4
vt -107.499 4
f 5956/17390/1708 5955/17391/1708 5998/17392/1708 5997/17393/1708 

vt -52.6859 -3.91059e-15
vn 1 -1.80938e-17 -0
vt -52.4559 -3.91059e-15
v -96.4338 4 52.4559
vt -52.4559 4
vt -52.6859 4
f 5955/17394/1709 5954/17395/1709 5999/17396/1709 5998/17397/1709 

vt -109.613 -2.13224e-15
vn 0.525201 5.57536e-18 0.850978
vt -109.108 -2.13224e-15
v -96.004 4 52.1907
vt -109.108 4
vt -109.613 4
f 5954/17398/1710 5953/17399/1710 6000/17400/1710 5999/17401/1710 

vt -52.1907 -3.90281e-15
vt -48.0038 -3.90281e-15
vt -52.1907 4
f 5953/17402/1709 5952/17403/1709 5977/17200/1709 6000/17404/1709 

vt -96.004 -48.0038
vn 1.80938e-17 1 -1.77187e-17
vt -99.9788 -48.0038
vt -99.9788 -50.3638
vt -99.9184 -50.4558
vt -99.8184 -50.4558
vt -99.6734 -50.647
vt -99.2575 -50.7059
vt -99.121 -50.9504
vt -99.001 -50.9504
vt -99.001 -51.3504
vt -98.8438 -51.4571
vt -98.7053 -51.628
vt -98.2739 -51.7145
vt -98.1282 -51.9536
vt -98.0082 -51.9536
vt -98.0082 -52.3836
vt -97.675 -52.6392
vt -97.2711 -52.7101
vt -97.1333 -52.9423
vt -96.9833 -52.9423
vt -96.8295 -52.8307
vt -96.5995 -52.8307
vt -96.4338 -52.6859
vt -96.4338 -52.4559
vt -96.004 -52.1907
f 5977/17405/1711 5976/17406/1711 5978/17407/1711 5979/17408/1711 5980/17409/1711 5981/17410/1711 5982/17411/1711 5983/17412/1711 5984/17413/1711 5985/17414/1711 5986/17415/1711 5987/17416/1711 5988/17417/1711 5989/17418/1711 5990/17419/1711 5991/17420/1711 5992/17421/1711 5993/17422/1711 5994/17423/1711 5995/17424/1711 5996/17425/1711 5997/17426/1711 5998/17427/1711 5999/17428/1711 6000/17429/1711 

g Mesh41 Model

usemtl ForegroundColor
v -128 -1.44382e-15 64
vn 0 0.0254 -0
v 128 -1.44382e-15 64
vt 1 0
v 128 -1.44382e-15 -64
vt 1 1
v -128 -1.44382e-15 -64
vt 0 1
f 6001/22/1712 6002/17430/1712 6003/17431/1712 6004/17432/1712 

