<?xml version="1.0" encoding="UTF-8" standalone="no" ?>
<COLLADA xmlns="http://www.collada.org/2005/11/COLLADASchema" version="1.4.1">
    <asset>
        <contributor>
            <authoring_tool>SketchUp 17.2.2555</authoring_tool>
        </contributor>
        <created>2018-11-24T02:34:26Z</created>
        <modified>2018-11-24T02:34:26Z</modified>
        <unit meter="0.0254" name="inch" />
        <up_axis>Z_UP</up_axis>
    </asset>
    <library_cameras>
        <camera id="ID1" name="skp_camera_Last_Saved_SketchUp_View">
            <optics>
                <technique_common>
                    <perspective>
                        <yfov>35</yfov>
                        <aspect_ratio>0</aspect_ratio>
                        <znear>1</znear>
                        <zfar>1000</zfar>
                    </perspective>
                </technique_common>
            </optics>
        </camera>
    </library_cameras>
    <library_visual_scenes>
        <visual_scene id="ID2">
            <node name="SketchUp">
                <node name="skp_camera_Last_Saved_SketchUp_View">
                    <matrix>0.32271 -0.06672606 -0.9441429 361.0198 -0.9464979 -0.02275036 -0.3219071 -48.20439 1.040834e-17 0.9975119 -0.07049784 320.5131 0 0 0 1</matrix>
                    <instance_camera url="#ID1" />
                </node>
                <node id="ID3" name="group_0">
                    <matrix>1 0 0 572.5679 0 1 0 -180 0 0 1 183.7974 0 0 0 1</matrix>
                    <node id="ID4" name="group_1">
                        <matrix>1.352439e-12 0 -1 26.12409 0 1 0 0 1 -0 1.352439e-12 65.5625 0 0 0 1</matrix>
                        <instance_geometry url="#ID5">
                            <bind_material>
                                <technique_common>
                                    <instance_material symbol="Material2" target="#ID6">
                                        <bind_vertex_input semantic="UVSET0" input_semantic="TEXCOORD" input_set="0" />
                                    </instance_material>
                                </technique_common>
                            </bind_material>
                        </instance_geometry>
                        <instance_geometry url="#ID13">
                            <bind_material>
                                <technique_common>
                                    <instance_material symbol="Material2" target="#ID6">
                                        <bind_vertex_input semantic="UVSET0" input_semantic="TEXCOORD" input_set="0" />
                                    </instance_material>
                                </technique_common>
                            </bind_material>
                        </instance_geometry>
                        <instance_geometry url="#ID19">
                            <bind_material>
                                <technique_common>
                                    <instance_material symbol="Material2" target="#ID6">
                                        <bind_vertex_input semantic="UVSET0" input_semantic="TEXCOORD" input_set="0" />
                                    </instance_material>
                                </technique_common>
                            </bind_material>
                        </instance_geometry>
                        <instance_geometry url="#ID25">
                            <bind_material>
                                <technique_common>
                                    <instance_material symbol="Material2" target="#ID26">
                                        <bind_vertex_input semantic="UVSET0" input_semantic="TEXCOORD" input_set="0" />
                                    </instance_material>
                                </technique_common>
                            </bind_material>
                        </instance_geometry>
                        <instance_geometry url="#ID33">
                            <bind_material>
                                <technique_common>
                                    <instance_material symbol="Material2" target="#ID6">
                                        <bind_vertex_input semantic="UVSET0" input_semantic="TEXCOORD" input_set="0" />
                                    </instance_material>
                                </technique_common>
                            </bind_material>
                        </instance_geometry>
                        <instance_geometry url="#ID39">
                            <bind_material>
                                <technique_common>
                                    <instance_material symbol="Material2" target="#ID26">
                                        <bind_vertex_input semantic="UVSET0" input_semantic="TEXCOORD" input_set="0" />
                                    </instance_material>
                                </technique_common>
                            </bind_material>
                        </instance_geometry>
                        <instance_geometry url="#ID45">
                            <bind_material>
                                <technique_common>
                                    <instance_material symbol="Material2" target="#ID6">
                                        <bind_vertex_input semantic="UVSET0" input_semantic="TEXCOORD" input_set="0" />
                                    </instance_material>
                                </technique_common>
                            </bind_material>
                        </instance_geometry>
                        <instance_geometry url="#ID51">
                            <bind_material>
                                <technique_common>
                                    <instance_material symbol="Material2" target="#ID26">
                                        <bind_vertex_input semantic="UVSET0" input_semantic="TEXCOORD" input_set="0" />
                                    </instance_material>
                                </technique_common>
                            </bind_material>
                        </instance_geometry>
                        <instance_geometry url="#ID57">
                            <bind_material>
                                <technique_common>
                                    <instance_material symbol="Material2" target="#ID6">
                                        <bind_vertex_input semantic="UVSET0" input_semantic="TEXCOORD" input_set="0" />
                                    </instance_material>
                                </technique_common>
                            </bind_material>
                        </instance_geometry>
                        <instance_geometry url="#ID63">
                            <bind_material>
                                <technique_common>
                                    <instance_material symbol="Material2" target="#ID26">
                                        <bind_vertex_input semantic="UVSET0" input_semantic="TEXCOORD" input_set="0" />
                                    </instance_material>
                                </technique_common>
                            </bind_material>
                        </instance_geometry>
                        <instance_geometry url="#ID69">
                            <bind_material>
                                <technique_common>
                                    <instance_material symbol="Material2" target="#ID6">
                                        <bind_vertex_input semantic="UVSET0" input_semantic="TEXCOORD" input_set="0" />
                                    </instance_material>
                                </technique_common>
                            </bind_material>
                        </instance_geometry>
                        <instance_geometry url="#ID75">
                            <bind_material>
                                <technique_common>
                                    <instance_material symbol="Material2" target="#ID6">
                                        <bind_vertex_input semantic="UVSET0" input_semantic="TEXCOORD" input_set="0" />
                                    </instance_material>
                                </technique_common>
                            </bind_material>
                        </instance_geometry>
                        <instance_geometry url="#ID81">
                            <bind_material>
                                <technique_common>
                                    <instance_material symbol="Material2" target="#ID26">
                                        <bind_vertex_input semantic="UVSET0" input_semantic="TEXCOORD" input_set="0" />
                                    </instance_material>
                                </technique_common>
                            </bind_material>
                        </instance_geometry>
                        <instance_geometry url="#ID87">
                            <bind_material>
                                <technique_common>
                                    <instance_material symbol="Material2" target="#ID26">
                                        <bind_vertex_input semantic="UVSET0" input_semantic="TEXCOORD" input_set="0" />
                                    </instance_material>
                                </technique_common>
                            </bind_material>
                        </instance_geometry>
                        <instance_geometry url="#ID93">
                            <bind_material>
                                <technique_common>
                                    <instance_material symbol="Material2" target="#ID6">
                                        <bind_vertex_input semantic="UVSET0" input_semantic="TEXCOORD" input_set="0" />
                                    </instance_material>
                                </technique_common>
                            </bind_material>
                        </instance_geometry>
                        <instance_geometry url="#ID99">
                            <bind_material>
                                <technique_common>
                                    <instance_material symbol="Material2" target="#ID26">
                                        <bind_vertex_input semantic="UVSET0" input_semantic="TEXCOORD" input_set="0" />
                                    </instance_material>
                                </technique_common>
                            </bind_material>
                        </instance_geometry>
                    </node>
                    <node id="ID105" name="group_2">
                        <matrix>1.352439e-12 0 -1 38.12409 0 1 0 84 1 -0 1.352439e-12 0 0 0 0 1</matrix>
                        <instance_geometry url="#ID106">
                            <bind_material>
                                <technique_common>
                                    <instance_material symbol="Material2" target="#ID26">
                                        <bind_vertex_input semantic="UVSET0" input_semantic="TEXCOORD" input_set="0" />
                                    </instance_material>
                                </technique_common>
                            </bind_material>
                        </instance_geometry>
                        <instance_geometry url="#ID112">
                            <bind_material>
                                <technique_common>
                                    <instance_material symbol="Material2" target="#ID6">
                                        <bind_vertex_input semantic="UVSET0" input_semantic="TEXCOORD" input_set="0" />
                                    </instance_material>
                                </technique_common>
                            </bind_material>
                        </instance_geometry>
                        <instance_geometry url="#ID118">
                            <bind_material>
                                <technique_common>
                                    <instance_material symbol="Material2" target="#ID26">
                                        <bind_vertex_input semantic="UVSET0" input_semantic="TEXCOORD" input_set="0" />
                                    </instance_material>
                                </technique_common>
                            </bind_material>
                        </instance_geometry>
                        <instance_geometry url="#ID124">
                            <bind_material>
                                <technique_common>
                                    <instance_material symbol="Material2" target="#ID6">
                                        <bind_vertex_input semantic="UVSET0" input_semantic="TEXCOORD" input_set="0" />
                                    </instance_material>
                                </technique_common>
                            </bind_material>
                        </instance_geometry>
                    </node>
                    <node id="ID130" name="instance_0">
                        <matrix>-3.89891e-07 7.6636 1.479351e-19 -5.821368 -9.929405e-12 -6.531004e-19 7.6636 28.52324 7.6636 3.89891e-07 9.929405e-12 11.26016 0 0 0 1</matrix>
                        <instance_node url="#ID131" />
                    </node>
                </node>
                <node id="ID193" name="group_8">
                    <matrix>1 0 0 -330 0 1 0 -330 0 0 1 0 0 0 0 1</matrix>
                    <instance_geometry url="#ID194">
                        <bind_material>
                            <technique_common>
                                <instance_material symbol="Material2" target="#ID195">
                                    <bind_vertex_input semantic="UVSET0" input_semantic="TEXCOORD" input_set="0" />
                                </instance_material>
                            </technique_common>
                        </bind_material>
                    </instance_geometry>
                </node>
                <node id="ID207" name="group_9">
                    <matrix>1 0 0 -119.6814 0 1 0 -119.6814 0 0 1 0 0 0 0 1</matrix>
                    <instance_geometry url="#ID208">
                        <bind_material>
                            <technique_common>
                                <instance_material symbol="Material2" target="#ID209">
                                    <bind_vertex_input semantic="UVSET0" input_semantic="TEXCOORD" input_set="0" />
                                </instance_material>
                            </technique_common>
                        </bind_material>
                    </instance_geometry>
                </node>
            </node>
        </visual_scene>
    </library_visual_scenes>
    <library_geometries>
        <geometry id="ID5">
            <mesh>
                <source id="ID8">
                    <float_array id="ID11" count="108">51 232.9076 1.136868e-13 33 235.4087 1.136868e-13 51 249.6576 1.136868e-13 4 283.5002 1.136868e-13 0 219.0055 1.136868e-13 0 288 1.136868e-13 24 219.0055 1.136868e-13 27.13298 214.1586 1.136868e-13 24 253.4092 1.136868e-13 80 272.9402 1.136868e-13 33 252.1587 1.136868e-13 60 248.4071 1.136868e-13 60 212.3446 1.136868e-13 84 204 2.273737e-13 56.43634 208.9239 2.273737e-13 84 276 2.273737e-13 33 252.1587 24 33 235.4087 1.136868e-13 33 235.4087 24 33 252.1587 1.136868e-13 0 219.0055 24 24 219.0055 24 0 288 24 27.13298 214.1586 24 4 283.5002 24 51 232.9076 24 33 252.1587 24 33 235.4087 24 84 204 24 60 212.3446 24 56.43634 208.9239 24 60 248.4071 24 80 272.9402 24 84 276 24 24 253.4092 24 51 249.6576 24</float_array>
                    <technique_common>
                        <accessor count="36" source="#ID11" stride="3">
                            <param name="X" type="float" />
                            <param name="Y" type="float" />
                            <param name="Z" type="float" />
                        </accessor>
                    </technique_common>
                </source>
                <source id="ID9">
                    <float_array id="ID12" count="108">0 0 -1 0 0 -1 0 0 -1 0 0 -1 0 0 -1 0 0 -1 0 0 -1 0 0 -1 0 0 -1 0 0 -1 0 0 -1 0 0 -1 0 0 -1 0 0 -1 0 0 -1 0 0 -1 -1 0 0 -1 0 0 -1 0 0 -1 0 0 0 0 1 0 0 1 0 0 1 0 0 1 0 0 1 0 0 1 0 0 1 0 0 1 0 0 1 0 0 1 0 0 1 0 0 1 0 0 1 0 0 1 0 0 1 0 0 1</float_array>
                    <technique_common>
                        <accessor count="36" source="#ID12" stride="3">
                            <param name="X" type="float" />
                            <param name="Y" type="float" />
                            <param name="Z" type="float" />
                        </accessor>
                    </technique_common>
                </source>
                <vertices id="ID10">
                    <input semantic="POSITION" source="#ID8" />
                    <input semantic="NORMAL" source="#ID9" />
                </vertices>
                <triangles count="30" material="Material2">
                    <input offset="0" semantic="VERTEX" source="#ID10" />
                    <p>0 1 2 3 4 5 4 3 6 4 6 7 6 3 8 9 8 3 8 9 10 10 9 1 1 9 2 2 9 11 11 9 12 12 13 14 13 12 9 13 9 15 16 17 18 17 16 19 20 21 22 21 20 23 22 21 24 25 26 27 28 29 30 29 28 31 31 28 32 32 28 33 24 34 32 34 24 21 32 34 26 32 26 35 35 26 25 32 35 31</p>
                </triangles>
            </mesh>
        </geometry>
        <geometry id="ID13">
            <mesh>
                <source id="ID14">
                    <float_array id="ID17" count="90">4 139.4222 1.136868e-13 0 110.895 1.136868e-13 0 142.4128 1.136868e-13 4.5489 102.517 2.273737e-13 24 120.5212 1.136868e-13 80 148.9638 1.136868e-13 10.80117 95.32022 2.273737e-13 18.46121 89.645 1.136868e-13 60 125.0409 1.136868e-13 63.88974 90.37013 0 71.36474 96.28693 1.136868e-13 77.38414 103.6796 1.136868e-13 81.66333 112.1986 2.273737e-13 84 153.7968 2.273737e-13 84 121.4411 2.273737e-13 27.16686 85.75965 2.273737e-13 25.19823 115.9394 1.136868e-13 27.54147 111.8239 1.136868e-13 36.50652 83.84785 2.273737e-13 30.87004 108.4551 2.273737e-13 34.9571 106.0626 0 39.52412 104.8095 2.273737e-13 46.03864 84 1.136868e-13 44.25986 104.781 0 48.8416 105.9793 0 55.31253 86.20891 0 52.9571 108.3225 0 56.32589 111.6511 0 58.71839 115.7381 1.136868e-13 59.97156 120.3052 2.273737e-13</float_array>
                    <technique_common>
                        <accessor count="30" source="#ID17" stride="3">
                            <param name="X" type="float" />
                            <param name="Y" type="float" />
                            <param name="Z" type="float" />
                        </accessor>
                    </technique_common>
                </source>
                <source id="ID15">
                    <float_array id="ID18" count="90">0 0 -1 0 0 -1 0 0 -1 0 0 -1 0 0 -1 0 0 -1 0 0 -1 0 0 -1 0 0 -1 0 0 -1 0 0 -1 0 0 -1 0 0 -1 0 0 -1 0 0 -1 0 0 -1 0 0 -1 0 0 -1 0 0 -1 0 0 -1 0 0 -1 0 0 -1 0 0 -1 0 0 -1 0 0 -1 0 0 -1 0 0 -1 0 0 -1 0 0 -1 0 0 -1</float_array>
                    <technique_common>
                        <accessor count="30" source="#ID18" stride="3">
                            <param name="X" type="float" />
                            <param name="Y" type="float" />
                            <param name="Z" type="float" />
                        </accessor>
                    </technique_common>
                </source>
                <vertices id="ID16">
                    <input semantic="POSITION" source="#ID14" />
                    <input semantic="NORMAL" source="#ID15" />
                </vertices>
                <triangles count="30" material="Material2">
                    <input offset="0" semantic="VERTEX" source="#ID16" />
                    <p>0 1 2 1 0 3 3 0 4 4 0 5 3 4 6 6 4 7 4 5 8 8 5 9 9 5 10 10 5 11 11 5 12 12 5 13 12 13 14 4 15 7 15 4 16 15 16 17 15 17 18 18 17 19 18 19 20 18 20 21 18 21 22 22 21 23 22 23 24 22 24 25 25 24 26 25 26 27 25 27 9 9 27 28 9 28 29 9 29 8</p>
                </triangles>
            </mesh>
        </geometry>
        <geometry id="ID19">
            <mesh>
                <source id="ID20">
                    <float_array id="ID23" count="90">27.16686 85.75965 24 24 120.5212 24 18.46121 89.645 24 25.19823 115.9394 24 27.54147 111.8239 24 36.50652 83.84785 24 30.87004 108.4551 24 34.9571 106.0626 24 39.52412 104.8095 24 46.03864 84 24 44.25986 104.781 24 48.8416 105.9793 24 55.31253 86.20891 24 52.9571 108.3225 24 56.32589 111.6511 24 63.88974 90.37013 24 58.71839 115.7381 24 59.97156 120.3052 24 60 125.0409 24 4.5489 102.517 24 0 142.4128 24 0 110.895 24 4 139.4222 24 80 148.9638 24 10.80117 95.32022 24 71.36474 96.28693 24 77.38414 103.6796 24 81.66333 112.1986 24 84 153.7968 24 84 121.4411 24</float_array>
                    <technique_common>
                        <accessor count="30" source="#ID23" stride="3">
                            <param name="X" type="float" />
                            <param name="Y" type="float" />
                            <param name="Z" type="float" />
                        </accessor>
                    </technique_common>
                </source>
                <source id="ID21">
                    <float_array id="ID24" count="90">0 0 1 0 0 1 0 0 1 0 0 1 0 0 1 0 0 1 0 0 1 0 0 1 0 0 1 0 0 1 0 0 1 0 0 1 0 0 1 0 0 1 0 0 1 0 0 1 0 0 1 0 0 1 0 0 1 0 0 1 0 0 1 0 0 1 0 0 1 0 0 1 0 0 1 0 0 1 0 0 1 0 0 1 0 0 1 0 0 1</float_array>
                    <technique_common>
                        <accessor count="30" source="#ID24" stride="3">
                            <param name="X" type="float" />
                            <param name="Y" type="float" />
                            <param name="Z" type="float" />
                        </accessor>
                    </technique_common>
                </source>
                <vertices id="ID22">
                    <input semantic="POSITION" source="#ID20" />
                    <input semantic="NORMAL" source="#ID21" />
                </vertices>
                <triangles count="30" material="Material2">
                    <input offset="0" semantic="VERTEX" source="#ID22" />
                    <p>0 1 2 1 0 3 3 0 4 4 0 5 4 5 6 6 5 7 7 5 8 8 5 9 8 9 10 10 9 11 11 9 12 11 12 13 13 12 14 14 12 15 14 15 16 16 15 17 17 15 18 19 20 21 20 19 22 22 19 1 22 1 23 1 19 24 1 24 2 23 1 18 23 18 15 23 15 25 23 25 26 23 26 27 23 27 28 28 27 29</p>
                </triangles>
            </mesh>
        </geometry>
        <geometry id="ID25">
            <mesh>
                <source id="ID28">
                    <float_array id="ID31" count="138">84 121.4411 2.273737e-13 81.66333 112.1986 24 81.66333 112.1986 2.273737e-13 84 121.4411 24 84 153.7968 2.273737e-13 84 121.4411 24 84 121.4411 2.273737e-13 84 153.7968 24 77.38414 103.6796 24 77.38414 103.6796 1.136868e-13 84 153.7968 24 80 148.9638 1.136868e-13 80 148.9638 24 84 153.7968 2.273737e-13 71.36474 96.28693 24 71.36474 96.28693 1.136868e-13 4 139.4222 24 80 148.9638 1.136868e-13 4 139.4222 1.136868e-13 80 148.9638 24 63.88974 90.37013 24 63.88974 90.37013 0 0 142.4128 24 4 139.4222 1.136868e-13 0 142.4128 1.136868e-13 4 139.4222 24 55.31253 86.20891 0 55.31253 86.20891 24 0 142.4128 24 0 110.895 1.136868e-13 0 110.895 24 0 142.4128 1.136868e-13 46.03864 84 1.136868e-13 46.03864 84 24 0 110.895 24 4.5489 102.517 2.273737e-13 4.5489 102.517 24 0 110.895 1.136868e-13 36.50652 83.84785 2.273737e-13 36.50652 83.84785 24 10.80117 95.32022 2.273737e-13 10.80117 95.32022 24 27.16686 85.75965 2.273737e-13 27.16686 85.75965 24 18.46121 89.645 24 18.46121 89.645 1.136868e-13</float_array>
                    <technique_common>
                        <accessor count="46" source="#ID31" stride="3">
                            <param name="X" type="float" />
                            <param name="Y" type="float" />
                            <param name="Z" type="float" />
                        </accessor>
                    </technique_common>
                </source>
                <source id="ID29">
                    <float_array id="ID32" count="138">0.9694964 -0.2451055 0 0.9371023 -0.349055 0 0.9371023 -0.349055 0 0.9694964 -0.2451055 0 1 0 0 1 0 0 1 0 0 1 0 0 0.839502 -0.5433566 0 0.839502 -0.5433566 0 -0.7703687 0.6375986 0 -0.7703687 0.6375986 0 -0.7703687 0.6375986 0 -0.7703687 0.6375986 0 0.7022109 -0.711969 0 0.7022109 -0.711969 0 -0.1245701 0.9922108 0 -0.1245701 0.9922108 0 -0.1245701 0.9922108 0 -0.1245701 0.9922108 0 0.5317201 -0.8469202 0 0.5317201 -0.8469202 0 0.5988032 0.8008962 0 0.5988032 0.8008962 0 0.5988032 0.8008962 0 0.5988032 0.8008962 0 0.3360901 -0.9418298 0 0.3360901 -0.9418298 0 -1 0 0 -1 0 0 -1 0 0 -1 0 0 0.1245701 -0.9922108 0 0.1245701 -0.9922108 0 -0.8788177 -0.4771576 0 -0.8217327 -0.5698731 2.031526e-28 -0.8217327 -0.5698731 2.031526e-28 -0.8788177 -0.4771576 0 -0.09283947 -0.9956811 0 -0.09283947 -0.9956811 0 -0.6791302 -0.7340178 2.031526e-28 -0.6791302 -0.7340178 2.031526e-28 -0.3058597 -0.9520766 0 -0.3058597 -0.9520766 0 -0.5044191 -0.8634589 0 -0.5044191 -0.8634589 0</float_array>
                    <technique_common>
                        <accessor count="46" source="#ID32" stride="3">
                            <param name="X" type="float" />
                            <param name="Y" type="float" />
                            <param name="Z" type="float" />
                        </accessor>
                    </technique_common>
                </source>
                <vertices id="ID30">
                    <input semantic="POSITION" source="#ID28" />
                    <input semantic="NORMAL" source="#ID29" />
                </vertices>
                <triangles count="34" material="Material2">
                    <input offset="0" semantic="VERTEX" source="#ID30" />
                    <p>0 1 2 1 0 3 4 5 6 5 4 7 2 8 9 8 2 1 10 11 12 11 10 13 9 14 15 14 9 8 16 17 18 17 16 19 15 20 21 20 15 14 22 23 24 23 22 25 20 26 21 26 20 27 28 29 30 29 28 31 27 32 26 32 27 33 34 35 36 35 34 37 33 38 32 38 33 39 36 40 41 40 36 35 39 42 38 42 39 43 44 40 45 40 44 41 42 44 45 44 42 43</p>
                </triangles>
            </mesh>
        </geometry>
        <geometry id="ID33">
            <mesh>
                <source id="ID34">
                    <float_array id="ID37" count="36">0 289.9171 24 24 294.385 24 0 360 24 28.60024 285.9432 24 18.47825 360 24 24 321.8016 24 60 329.0835 24 84 277.1264 24 60 330.9548 24 60 348.8631 24 84 339.0052 24 55.80345 360 24</float_array>
                    <technique_common>
                        <accessor count="12" source="#ID37" stride="3">
                            <param name="X" type="float" />
                            <param name="Y" type="float" />
                            <param name="Z" type="float" />
                        </accessor>
                    </technique_common>
                </source>
                <source id="ID35">
                    <float_array id="ID38" count="36">0 0 1 0 0 1 0 0 1 0 0 1 0 0 1 0 0 1 0 0 1 0 0 1 0 0 1 0 0 1 0 0 1 0 0 1</float_array>
                    <technique_common>
                        <accessor count="12" source="#ID38" stride="3">
                            <param name="X" type="float" />
                            <param name="Y" type="float" />
                            <param name="Z" type="float" />
                        </accessor>
                    </technique_common>
                </source>
                <vertices id="ID36">
                    <input semantic="POSITION" source="#ID34" />
                    <input semantic="NORMAL" source="#ID35" />
                </vertices>
                <triangles count="10" material="Material2">
                    <input offset="0" semantic="VERTEX" source="#ID36" />
                    <p>0 1 2 1 0 3 2 1 4 4 5 6 5 4 1 6 5 7 6 7 8 8 7 9 9 10 11 10 9 7</p>
                </triangles>
            </mesh>
        </geometry>
        <geometry id="ID39">
            <mesh>
                <source id="ID40">
                    <float_array id="ID43" count="138">55.80345 360 24 84 339.0052 2.273737e-13 55.80345 360 1.136868e-13 84 339.0052 24 55.80345 360 24 60 348.8631 1.136868e-13 60 348.8631 24 55.80345 360 1.136868e-13 84 339.0052 2.273737e-13 84 277.1264 24 84 277.1264 2.273737e-13 84 339.0052 24 60 348.8631 24 60 330.9548 1.136868e-13 60 330.9548 24 60 348.8631 1.136868e-13 84 277.1264 2.273737e-13 24 321.8016 24 24 321.8016 1.136868e-13 84 277.1264 24 60 329.0835 1.136868e-13 60 329.0835 24 24 321.8016 1.136868e-13 24 294.385 24 24 294.385 1.136868e-13 24 321.8016 24 18.47825 360 24 60 329.0835 1.136868e-13 18.47825 360 1.136868e-13 60 329.0835 24 24 294.385 1.136868e-13 28.60024 285.9432 24 28.60024 285.9432 2.273737e-13 24 294.385 24 0 360 24 18.47825 360 1.136868e-13 0 360 1.136868e-13 18.47825 360 24 28.60024 285.9432 2.273737e-13 0 289.9171 24 0 289.9171 1.136868e-13 28.60024 285.9432 24 0 360 24 0 289.9171 1.136868e-13 0 289.9171 24 0 360 1.136868e-13</float_array>
                    <technique_common>
                        <accessor count="46" source="#ID43" stride="3">
                            <param name="X" type="float" />
                            <param name="Y" type="float" />
                            <param name="Z" type="float" />
                        </accessor>
                    </technique_common>
                </source>
                <source id="ID41">
                    <float_array id="ID44" count="138">0.5972176 0.8020793 0 0.5972176 0.8020793 0 0.5972176 0.8020793 0 0.5972176 0.8020793 0 -0.9357697 -0.3526118 0 -0.9357697 -0.3526118 0 -0.9357697 -0.3526118 0 -0.9357697 -0.3526118 0 1 0 0 1 0 0 1 0 0 1 0 0 -1 0 0 -1 0 0 -1 0 0 -1 0 0 -0.5972176 -0.8020793 0 -0.5972176 -0.8020793 0 -0.5972176 -0.8020793 0 -0.5972176 -0.8020793 0 -1 0 0 -1 0 0 1 0 0 1 0 0 1 0 0 1 0 0 0.5972176 0.8020793 0 0.5972176 0.8020793 0 0.5972176 0.8020793 0 0.5972176 0.8020793 0 0.8780885 0.4784983 0 0.8780885 0.4784983 0 0.8780885 0.4784983 0 0.8780885 0.4784983 0 0 1 0 0 1 0 0 1 0 0 1 0 -0.1376253 -0.9904844 0 -0.1376253 -0.9904844 0 -0.1376253 -0.9904844 0 -0.1376253 -0.9904844 0 -1 0 0 -1 0 0 -1 0 0 -1 0 0</float_array>
                    <technique_common>
                        <accessor count="46" source="#ID44" stride="3">
                            <param name="X" type="float" />
                            <param name="Y" type="float" />
                            <param name="Z" type="float" />
                        </accessor>
                    </technique_common>
                </source>
                <vertices id="ID42">
                    <input semantic="POSITION" source="#ID40" />
                    <input semantic="NORMAL" source="#ID41" />
                </vertices>
                <triangles count="24" material="Material2">
                    <input offset="0" semantic="VERTEX" source="#ID42" />
                    <p>0 1 2 1 0 3 4 5 6 5 4 7 8 9 10 9 8 11 12 13 14 13 12 15 16 17 18 17 16 19 14 20 21 20 14 13 22 23 24 23 22 25 26 27 28 27 26 29 30 31 32 31 30 33 34 35 36 35 34 37 38 39 40 39 38 41 42 43 44 43 42 45</p>
                </triangles>
            </mesh>
        </geometry>
        <geometry id="ID45">
            <mesh>
                <source id="ID46">
                    <float_array id="ID49" count="24">0 214.3017 1.136868e-13 24 183.3421 1.136868e-13 0 145.454 1.136868e-13 80 200.0107 1.136868e-13 80 173.3384 1.136868e-13 84 202.9988 2.273737e-13 84 169.8651 2.273737e-13 24 148.4671 1.136868e-13</float_array>
                    <technique_common>
                        <accessor count="8" source="#ID49" stride="3">
                            <param name="X" type="float" />
                            <param name="Y" type="float" />
                            <param name="Z" type="float" />
                        </accessor>
                    </technique_common>
                </source>
                <source id="ID47">
                    <float_array id="ID50" count="24">0 0 -1 0 0 -1 0 0 -1 0 0 -1 0 0 -1 0 0 -1 0 0 -1 0 0 -1</float_array>
                    <technique_common>
                        <accessor count="8" source="#ID50" stride="3">
                            <param name="X" type="float" />
                            <param name="Y" type="float" />
                            <param name="Z" type="float" />
                        </accessor>
                    </technique_common>
                </source>
                <vertices id="ID48">
                    <input semantic="POSITION" source="#ID46" />
                    <input semantic="NORMAL" source="#ID47" />
                </vertices>
                <triangles count="6" material="Material2">
                    <input offset="0" semantic="VERTEX" source="#ID48" />
                    <p>0 1 2 1 0 3 1 3 4 4 3 5 4 5 6 7 2 1</p>
                </triangles>
            </mesh>
        </geometry>
        <geometry id="ID51">
            <mesh>
                <source id="ID52">
                    <float_array id="ID55" count="90">52.9571 108.3225 24 56.32589 111.6511 0 52.9571 108.3225 0 56.32589 111.6511 24 48.8416 105.9793 24 48.8416 105.9793 0 58.71839 115.7381 24 58.71839 115.7381 1.136868e-13 44.25986 104.781 24 44.25986 104.781 0 59.97156 120.3052 24 59.97156 120.3052 2.273737e-13 39.52412 104.8095 2.273737e-13 39.52412 104.8095 24 60 125.0409 24 60 125.0409 1.136868e-13 34.9571 106.0626 24 34.9571 106.0626 0 60 125.0409 24 24 120.5212 1.136868e-13 60 125.0409 1.136868e-13 24 120.5212 24 30.87004 108.4551 2.273737e-13 30.87004 108.4551 24 24 120.5212 1.136868e-13 25.19823 115.9394 24 25.19823 115.9394 1.136868e-13 24 120.5212 24 27.54147 111.8239 1.136868e-13 27.54147 111.8239 24</float_array>
                    <technique_common>
                        <accessor count="30" source="#ID55" stride="3">
                            <param name="X" type="float" />
                            <param name="Y" type="float" />
                            <param name="Z" type="float" />
                        </accessor>
                    </technique_common>
                </source>
                <source id="ID53">
                    <float_array id="ID56" count="90">-0.6039863 0.7969947 0 -0.7896833 0.6135146 0 -0.6039863 0.7969947 0 -0.7896833 0.6135146 0 -0.3771285 0.9261609 -5.092275e-29 -0.3771285 0.9261609 -5.092275e-29 -0.9215648 0.3882246 0 -0.9215648 0.3882246 0 -0.1245701 0.9922108 -5.092275e-29 -0.1245701 0.9922108 -5.092275e-29 -0.9906432 0.1364776 0 -0.9906432 0.1364776 0 0.1364776 0.9906432 0 0.1364776 0.9906432 0 -0.999982 0.00600514 0 -0.999982 0.00600514 0 0.3882246 0.9215648 0 0.3882246 0.9215648 0 0.1245701 -0.9922108 0 0.1245701 -0.9922108 0 0.1245701 -0.9922108 0 0.1245701 -0.9922108 0 0.6135146 0.7896833 0 0.6135146 0.7896833 0 0.9674627 0.2530139 -4.038968e-28 0.9261609 0.3771285 -2.03691e-28 0.9261609 0.3771285 -2.03691e-28 0.9674627 0.2530139 -4.038968e-28 0.7969947 0.6039863 0 0.7969947 0.6039863 0</float_array>
                    <technique_common>
                        <accessor count="30" source="#ID56" stride="3">
                            <param name="X" type="float" />
                            <param name="Y" type="float" />
                            <param name="Z" type="float" />
                        </accessor>
                    </technique_common>
                </source>
                <vertices id="ID54">
                    <input semantic="POSITION" source="#ID52" />
                    <input semantic="NORMAL" source="#ID53" />
                </vertices>
                <triangles count="26" material="Material2">
                    <input offset="0" semantic="VERTEX" source="#ID54" />
                    <p>0 1 2 1 0 3 4 2 5 2 4 0 6 1 3 1 6 7 8 5 9 5 8 4 10 7 6 7 10 11 12 8 9 8 12 13 14 11 10 11 14 15 16 12 17 12 16 13 18 19 20 19 18 21 22 16 17 16 22 23 24 25 26 25 24 27 28 23 22 23 28 29 26 29 28 29 26 25</p>
                </triangles>
            </mesh>
        </geometry>
        <geometry id="ID57">
            <mesh>
                <source id="ID58">
                    <float_array id="ID61" count="36">4 72.15057 1.136868e-13 0 52.59181 1.136868e-13 0 77.24706 1.136868e-13 4 52.59181 1.136868e-13 84 84 2.273737e-13 24 56.21032 1.136868e-13 4 30.54307 1.136868e-13 53.49076 60.57843 2.273737e-13 0 0 1.136868e-13 0 27.63421 1.136868e-13 84 61.08614 2.273737e-13 24 39.13228 1.136868e-13</float_array>
                    <technique_common>
                        <accessor count="12" source="#ID61" stride="3">
                            <param name="X" type="float" />
                            <param name="Y" type="float" />
                            <param name="Z" type="float" />
                        </accessor>
                    </technique_common>
                </source>
                <source id="ID59">
                    <float_array id="ID62" count="36">0 0 -1 0 0 -1 0 0 -1 0 0 -1 0 0 -1 0 0 -1 0 0 -1 0 0 -1 0 0 -1 0 0 -1 0 0 -1 0 0 -1</float_array>
                    <technique_common>
                        <accessor count="12" source="#ID62" stride="3">
                            <param name="X" type="float" />
                            <param name="Y" type="float" />
                            <param name="Z" type="float" />
                        </accessor>
                    </technique_common>
                </source>
                <vertices id="ID60">
                    <input semantic="POSITION" source="#ID58" />
                    <input semantic="NORMAL" source="#ID59" />
                </vertices>
                <triangles count="12" material="Material2">
                    <input offset="0" semantic="VERTEX" source="#ID60" />
                    <p>0 1 2 1 0 3 3 0 4 3 4 5 3 5 6 5 4 7 6 8 9 8 6 10 10 6 11 11 6 5 10 11 7 10 7 4</p>
                </triangles>
            </mesh>
        </geometry>
        <geometry id="ID63">
            <mesh>
                <source id="ID64">
                    <float_array id="ID67" count="180">51 249.6576 1.136868e-13 51 232.9076 24 51 232.9076 1.136868e-13 51 249.6576 24 60 248.4071 24 51 249.6576 1.136868e-13 60 248.4071 1.136868e-13 51 249.6576 24 51 232.9076 24 33 235.4087 1.136868e-13 51 232.9076 1.136868e-13 33 235.4087 24 60 248.4071 24 60 212.3446 1.136868e-13 60 212.3446 24 60 248.4071 1.136868e-13 56.43634 208.9239 2.273737e-13 60 212.3446 24 60 212.3446 1.136868e-13 56.43634 208.9239 24 84 204 24 56.43634 208.9239 2.273737e-13 84 204 2.273737e-13 56.43634 208.9239 24 84 276 2.273737e-13 84 204 24 84 204 2.273737e-13 84 276 24 80 272.9402 24 84 276 2.273737e-13 80 272.9402 1.136868e-13 84 276 24 4 283.5002 24 80 272.9402 1.136868e-13 4 283.5002 1.136868e-13 80 272.9402 24 0 288 1.136868e-13 4 283.5002 24 4 283.5002 1.136868e-13 0 288 24 0 288 24 0 219.0055 1.136868e-13 0 219.0055 24 0 288 1.136868e-13 27.13298 214.1586 24 0 219.0055 1.136868e-13 27.13298 214.1586 1.136868e-13 0 219.0055 24 24 219.0055 1.136868e-13 27.13298 214.1586 24 27.13298 214.1586 1.136868e-13 24 219.0055 24 24 253.4092 1.136868e-13 24 219.0055 24 24 219.0055 1.136868e-13 24 253.4092 24 33 252.1587 24 24 253.4092 1.136868e-13 33 252.1587 1.136868e-13 24 253.4092 24</float_array>
                    <technique_common>
                        <accessor count="60" source="#ID67" stride="3">
                            <param name="X" type="float" />
                            <param name="Y" type="float" />
                            <param name="Z" type="float" />
                        </accessor>
                    </technique_common>
                </source>
                <source id="ID65">
                    <float_array id="ID68" count="180">1 0 0 1 0 0 1 0 0 1 0 0 -0.1376253 -0.9904844 0 -0.1376253 -0.9904844 0 -0.1376253 -0.9904844 0 -0.1376253 -0.9904844 0 -0.1376253 -0.9904844 0 -0.1376253 -0.9904844 0 -0.1376253 -0.9904844 0 -0.1376253 -0.9904844 0 -1 0 0 -1 0 0 -1 0 0 -1 0 0 -0.692489 0.7214284 0 -0.692489 0.7214284 0 -0.692489 0.7214284 0 -0.692489 0.7214284 0 -0.1758535 -0.9844164 0 -0.1758535 -0.9844164 0 -0.1758535 -0.9844164 0 -0.1758535 -0.9844164 0 1 0 0 1 0 0 1 0 0 1 0 0 -0.6075668 0.7942686 0 -0.6075668 0.7942686 0 -0.6075668 0.7942686 0 -0.6075668 0.7942686 0 0.1376253 0.9904844 0 0.1376253 0.9904844 0 0.1376253 0.9904844 0 0.1376253 0.9904844 0 0.747391 0.6643844 0 0.747391 0.6643844 0 0.747391 0.6643844 0 0.747391 0.6643844 0 -1 0 0 -1 0 0 -1 0 0 -1 0 0 -0.1758535 -0.9844164 0 -0.1758535 -0.9844164 0 -0.1758535 -0.9844164 0 -0.1758535 -0.9844164 0 0.8398304 0.5428489 0 0.8398304 0.5428489 0 0.8398304 0.5428489 0 0.8398304 0.5428489 0 1 0 0 1 0 0 1 0 0 1 0 0 -0.1376253 -0.9904844 0 -0.1376253 -0.9904844 0 -0.1376253 -0.9904844 0 -0.1376253 -0.9904844 0</float_array>
                    <technique_common>
                        <accessor count="60" source="#ID68" stride="3">
                            <param name="X" type="float" />
                            <param name="Y" type="float" />
                            <param name="Z" type="float" />
                        </accessor>
                    </technique_common>
                </source>
                <vertices id="ID66">
                    <input semantic="POSITION" source="#ID64" />
                    <input semantic="NORMAL" source="#ID65" />
                </vertices>
                <triangles count="30" material="Material2">
                    <input offset="0" semantic="VERTEX" source="#ID66" />
                    <p>0 1 2 1 0 3 4 5 6 5 4 7 8 9 10 9 8 11 12 13 14 13 12 15 16 17 18 17 16 19 20 21 22 21 20 23 24 25 26 25 24 27 28 29 30 29 28 31 32 33 34 33 32 35 36 37 38 37 36 39 40 41 42 41 40 43 44 45 46 45 44 47 48 49 50 49 48 51 52 53 54 53 52 55 56 57 58 57 56 59</p>
                </triangles>
            </mesh>
        </geometry>
        <geometry id="ID69">
            <mesh>
                <source id="ID70">
                    <float_array id="ID73" count="36">84 339.0052 2.273737e-13 60 348.8631 1.136868e-13 55.80345 360 1.136868e-13 60 330.9548 1.136868e-13 60 329.0835 1.136868e-13 24 321.8016 1.136868e-13 18.47825 360 1.136868e-13 84 277.1264 2.273737e-13 0 289.9171 1.136868e-13 0 360 1.136868e-13 24 294.385 1.136868e-13 28.60024 285.9432 2.273737e-13</float_array>
                    <technique_common>
                        <accessor count="12" source="#ID73" stride="3">
                            <param name="X" type="float" />
                            <param name="Y" type="float" />
                            <param name="Z" type="float" />
                        </accessor>
                    </technique_common>
                </source>
                <source id="ID71">
                    <float_array id="ID74" count="36">0 0 -1 0 0 -1 0 0 -1 0 0 -1 0 0 -1 0 0 -1 0 0 -1 0 0 -1 0 0 -1 0 0 -1 0 0 -1 0 0 -1</float_array>
                    <technique_common>
                        <accessor count="12" source="#ID74" stride="3">
                            <param name="X" type="float" />
                            <param name="Y" type="float" />
                            <param name="Z" type="float" />
                        </accessor>
                    </technique_common>
                </source>
                <vertices id="ID72">
                    <input semantic="POSITION" source="#ID70" />
                    <input semantic="NORMAL" source="#ID71" />
                </vertices>
                <triangles count="10" material="Material2">
                    <input offset="0" semantic="VERTEX" source="#ID72" />
                    <p>0 1 2 1 0 3 3 0 4 4 5 6 5 4 7 7 4 0 6 8 9 8 6 10 8 10 11 10 6 5</p>
                </triangles>
            </mesh>
        </geometry>
        <geometry id="ID75">
            <mesh>
                <source id="ID76">
                    <float_array id="ID79" count="24">24 148.4671 24 0 214.3017 24 0 145.454 24 24 183.3421 24 80 200.0107 24 80 173.3384 24 84 169.8651 24 84 202.9988 24</float_array>
                    <technique_common>
                        <accessor count="8" source="#ID79" stride="3">
                            <param name="X" type="float" />
                            <param name="Y" type="float" />
                            <param name="Z" type="float" />
                        </accessor>
                    </technique_common>
                </source>
                <source id="ID77">
                    <float_array id="ID80" count="24">0 0 1 0 0 1 0 0 1 0 0 1 0 0 1 0 0 1 0 0 1 0 0 1</float_array>
                    <technique_common>
                        <accessor count="8" source="#ID80" stride="3">
                            <param name="X" type="float" />
                            <param name="Y" type="float" />
                            <param name="Z" type="float" />
                        </accessor>
                    </technique_common>
                </source>
                <vertices id="ID78">
                    <input semantic="POSITION" source="#ID76" />
                    <input semantic="NORMAL" source="#ID77" />
                </vertices>
                <triangles count="6" material="Material2">
                    <input offset="0" semantic="VERTEX" source="#ID78" />
                    <p>0 1 2 1 0 3 1 3 4 4 3 5 4 5 6 4 6 7</p>
                </triangles>
            </mesh>
        </geometry>
        <geometry id="ID81">
            <mesh>
                <source id="ID82">
                    <float_array id="ID85" count="96">24 183.3421 1.136868e-13 24 148.4671 24 24 148.4671 1.136868e-13 24 183.3421 24 80 173.3384 24 24 183.3421 1.136868e-13 80 173.3384 1.136868e-13 24 183.3421 24 24 148.4671 24 0 145.454 1.136868e-13 24 148.4671 1.136868e-13 0 145.454 24 84 169.8651 2.273737e-13 80 173.3384 24 80 173.3384 1.136868e-13 84 169.8651 24 0 214.3017 24 0 145.454 1.136868e-13 0 145.454 24 0 214.3017 1.136868e-13 84 202.9988 2.273737e-13 84 169.8651 24 84 169.8651 2.273737e-13 84 202.9988 24 0 214.3017 24 80 200.0107 1.136868e-13 0 214.3017 1.136868e-13 80 200.0107 24 80 200.0107 24 84 202.9988 2.273737e-13 80 200.0107 1.136868e-13 84 202.9988 24</float_array>
                    <technique_common>
                        <accessor count="32" source="#ID85" stride="3">
                            <param name="X" type="float" />
                            <param name="Y" type="float" />
                            <param name="Z" type="float" />
                        </accessor>
                    </technique_common>
                </source>
                <source id="ID83">
                    <float_array id="ID86" count="96">1 0 0 1 0 0 1 0 0 1 0 0 -0.1758535 -0.9844164 0 -0.1758535 -0.9844164 0 -0.1758535 -0.9844164 0 -0.1758535 -0.9844164 0 0.1245701 -0.9922108 0 0.1245701 -0.9922108 0 0.1245701 -0.9922108 0 0.1245701 -0.9922108 0 -0.6556528 -0.7550625 0 -0.6556528 -0.7550625 0 -0.6556528 -0.7550625 0 -0.6556528 -0.7550625 0 -1 0 0 -1 0 0 -1 0 0 -1 0 0 1 0 0 1 0 0 1 0 0 1 0 0 0.1758535 0.9844164 0 0.1758535 0.9844164 0 0.1758535 0.9844164 0 0.1758535 0.9844164 0 -0.5984772 0.8011399 0 -0.5984772 0.8011399 0 -0.5984772 0.8011399 0 -0.5984772 0.8011399 0</float_array>
                    <technique_common>
                        <accessor count="32" source="#ID86" stride="3">
                            <param name="X" type="float" />
                            <param name="Y" type="float" />
                            <param name="Z" type="float" />
                        </accessor>
                    </technique_common>
                </source>
                <vertices id="ID84">
                    <input semantic="POSITION" source="#ID82" />
                    <input semantic="NORMAL" source="#ID83" />
                </vertices>
                <triangles count="16" material="Material2">
                    <input offset="0" semantic="VERTEX" source="#ID84" />
                    <p>0 1 2 1 0 3 4 5 6 5 4 7 8 9 10 9 8 11 12 13 14 13 12 15 16 17 18 17 16 19 20 21 22 21 20 23 24 25 26 25 24 27 28 29 30 29 28 31</p>
                </triangles>
            </mesh>
        </geometry>
        <geometry id="ID87">
            <mesh>
                <source id="ID88">
                    <float_array id="ID91" count="108">4 52.59181 24 4 30.54307 1.136868e-13 4 30.54307 24 4 52.59181 1.136868e-13 0 27.63421 24 4 30.54307 1.136868e-13 0 27.63421 1.136868e-13 4 30.54307 24 4 52.59181 24 0 52.59181 1.136868e-13 4 52.59181 1.136868e-13 0 52.59181 24 0 27.63421 24 0 0 1.136868e-13 0 0 24 0 27.63421 1.136868e-13 0 77.24706 24 0 52.59181 1.136868e-13 0 52.59181 24 0 77.24706 1.136868e-13 84 61.08614 2.273737e-13 0 0 24 0 0 1.136868e-13 84 61.08614 24 0 77.24706 1.136868e-13 4 72.15057 24 4 72.15057 1.136868e-13 0 77.24706 24 84 84 2.273737e-13 84 61.08614 24 84 61.08614 2.273737e-13 84 84 24 4 72.15057 24 84 84 2.273737e-13 4 72.15057 1.136868e-13 84 84 24</float_array>
                    <technique_common>
                        <accessor count="36" source="#ID91" stride="3">
                            <param name="X" type="float" />
                            <param name="Y" type="float" />
                            <param name="Z" type="float" />
                        </accessor>
                    </technique_common>
                </source>
                <source id="ID89">
                    <float_array id="ID92" count="108">-1 0 0 -1 0 0 -1 0 0 -1 0 0 -0.5881417 0.8087579 0 -0.5881417 0.8087579 0 -0.5881417 0.8087579 0 -0.5881417 0.8087579 0 -3.552714e-15 -1 0 -3.552714e-15 -1 0 -3.552714e-15 -1 0 -3.552714e-15 -1 0 -1 0 0 -1 0 0 -1 0 0 -1 0 0 -1 0 0 -1 0 0 -1 0 0 -1 0 0 0.5881417 -0.8087579 0 0.5881417 -0.8087579 0 0.5881417 -0.8087579 0 0.5881417 -0.8087579 0 0.7866473 0.6174026 0 0.7866473 0.6174026 0 0.7866473 0.6174026 0 0.7866473 0.6174026 0 1 0 0 1 0 0 1 0 0 1 0 0 -0.1465194 0.9892078 0 -0.1465194 0.9892078 0 -0.1465194 0.9892078 0 -0.1465194 0.9892078 0</float_array>
                    <technique_common>
                        <accessor count="36" source="#ID92" stride="3">
                            <param name="X" type="float" />
                            <param name="Y" type="float" />
                            <param name="Z" type="float" />
                        </accessor>
                    </technique_common>
                </source>
                <vertices id="ID90">
                    <input semantic="POSITION" source="#ID88" />
                    <input semantic="NORMAL" source="#ID89" />
                </vertices>
                <triangles count="18" material="Material2">
                    <input offset="0" semantic="VERTEX" source="#ID90" />
                    <p>0 1 2 1 0 3 4 5 6 5 4 7 8 9 10 9 8 11 12 13 14 13 12 15 16 17 18 17 16 19 20 21 22 21 20 23 24 25 26 25 24 27 28 29 30 29 28 31 32 33 34 33 32 35</p>
                </triangles>
            </mesh>
        </geometry>
        <geometry id="ID93">
            <mesh>
                <source id="ID94">
                    <float_array id="ID97" count="36">84 61.08614 24 0 27.63421 24 0 0 24 4 30.54307 24 24 39.13228 24 4 52.59181 24 4 72.15057 24 53.49076 60.57843 24 24 56.21032 24 84 84 24 0 77.24706 24 0 52.59181 24</float_array>
                    <technique_common>
                        <accessor count="12" source="#ID97" stride="3">
                            <param name="X" type="float" />
                            <param name="Y" type="float" />
                            <param name="Z" type="float" />
                        </accessor>
                    </technique_common>
                </source>
                <source id="ID95">
                    <float_array id="ID98" count="36">0 0 1 0 0 1 0 0 1 0 0 1 0 0 1 0 0 1 0 0 1 0 0 1 0 0 1 0 0 1 0 0 1 0 0 1</float_array>
                    <technique_common>
                        <accessor count="12" source="#ID98" stride="3">
                            <param name="X" type="float" />
                            <param name="Y" type="float" />
                            <param name="Z" type="float" />
                        </accessor>
                    </technique_common>
                </source>
                <vertices id="ID96">
                    <input semantic="POSITION" source="#ID94" />
                    <input semantic="NORMAL" source="#ID95" />
                </vertices>
                <triangles count="12" material="Material2">
                    <input offset="0" semantic="VERTEX" source="#ID96" />
                    <p>0 1 2 1 0 3 3 0 4 3 4 5 5 4 6 4 0 7 6 8 9 8 6 4 9 8 7 9 7 0 5 10 11 10 5 6</p>
                </triangles>
            </mesh>
        </geometry>
        <geometry id="ID99">
            <mesh>
                <source id="ID100">
                    <float_array id="ID103" count="36">24 56.21032 1.136868e-13 24 39.13228 24 24 39.13228 1.136868e-13 24 56.21032 24 53.49076 60.57843 2.273737e-13 24 56.21032 24 24 56.21032 1.136868e-13 53.49076 60.57843 24 24 39.13228 24 53.49076 60.57843 2.273737e-13 24 39.13228 1.136868e-13 53.49076 60.57843 24</float_array>
                    <technique_common>
                        <accessor count="12" source="#ID103" stride="3">
                            <param name="X" type="float" />
                            <param name="Y" type="float" />
                            <param name="Z" type="float" />
                        </accessor>
                    </technique_common>
                </source>
                <source id="ID101">
                    <float_array id="ID104" count="36">1 0 0 1 0 0 1 0 0 1 0 0 0.1465194 -0.9892078 0 0.1465194 -0.9892078 0 0.1465194 -0.9892078 0 0.1465194 -0.9892078 0 -0.5881417 0.8087579 0 -0.5881417 0.8087579 0 -0.5881417 0.8087579 0 -0.5881417 0.8087579 0</float_array>
                    <technique_common>
                        <accessor count="12" source="#ID104" stride="3">
                            <param name="X" type="float" />
                            <param name="Y" type="float" />
                            <param name="Z" type="float" />
                        </accessor>
                    </technique_common>
                </source>
                <vertices id="ID102">
                    <input semantic="POSITION" source="#ID100" />
                    <input semantic="NORMAL" source="#ID101" />
                </vertices>
                <triangles count="6" material="Material2">
                    <input offset="0" semantic="VERTEX" source="#ID102" />
                    <p>0 1 2 1 0 3 4 5 6 5 4 7 8 9 10 9 8 11</p>
                </triangles>
            </mesh>
        </geometry>
        <geometry id="ID106">
            <mesh>
                <source id="ID107">
                    <float_array id="ID110" count="54">156.5701 19.6833 0 25.54507 95.89182 0 23.03766 95.89044 2.273737e-13 155.3261 21.82562 0 155.3261 170.1468 0 156.5701 172.2918 0 156.5701 172.2918 12 156.5701 19.6833 0 156.5701 19.6833 12 156.5701 172.2918 0 156.5701 172.2918 12 23.03766 95.89044 2.273737e-13 156.5701 172.2918 0 23.03766 95.89044 12 23.03766 95.89044 2.273737e-13 156.5701 19.6833 12 156.5701 19.6833 0 23.03766 95.89044 12</float_array>
                    <technique_common>
                        <accessor count="18" source="#ID110" stride="3">
                            <param name="X" type="float" />
                            <param name="Y" type="float" />
                            <param name="Z" type="float" />
                        </accessor>
                    </technique_common>
                </source>
                <source id="ID108">
                    <float_array id="ID111" count="54">0 0 1 0 0 1 0 0 1 0 0 1 0 0 1 0 0 1 -1 0 0 -1 0 0 -1 0 0 -1 0 0 0.4966148 -0.8679711 0 0.4966148 -0.8679711 0 0.4966148 -0.8679711 0 0.4966148 -0.8679711 0 0.4956627 0.8685151 0 0.4956627 0.8685151 0 0.4956627 0.8685151 0 0.4956627 0.8685151 0</float_array>
                    <technique_common>
                        <accessor count="18" source="#ID111" stride="3">
                            <param name="X" type="float" />
                            <param name="Y" type="float" />
                            <param name="Z" type="float" />
                        </accessor>
                    </technique_common>
                </source>
                <vertices id="ID109">
                    <input semantic="POSITION" source="#ID107" />
                    <input semantic="NORMAL" source="#ID108" />
                </vertices>
                <triangles count="12" material="Material2">
                    <input offset="0" semantic="VERTEX" source="#ID109" />
                    <p>0 1 2 1 0 3 3 0 4 1 5 2 5 1 4 5 4 0 6 7 8 7 6 9 10 11 12 11 10 13 14 15 16 15 14 17</p>
                </triangles>
            </mesh>
        </geometry>
        <geometry id="ID112">
            <mesh>
                <source id="ID113">
                    <float_array id="ID116" count="72">168 0 12 23.03766 95.89044 12 0 95.87781 12 156.5701 19.6833 12 156.5701 172.2918 12 168 192 12 168 0 12 0 95.87781 0 168 0 0 0 95.87781 12 168 192 0 168 0 12 168 0 0 168 192 12 0 95.87781 12 168 192 0 0 95.87781 0 168 192 12 168 192 0 23.03766 95.89044 2.273737e-13 0 95.87781 0 156.5701 172.2918 0 156.5701 19.6833 0 168 0 0</float_array>
                    <technique_common>
                        <accessor count="24" source="#ID116" stride="3">
                            <param name="X" type="float" />
                            <param name="Y" type="float" />
                            <param name="Z" type="float" />
                        </accessor>
                    </technique_common>
                </source>
                <source id="ID114">
                    <float_array id="ID117" count="72">0 0 1 0 0 1 0 0 1 0 0 1 0 0 1 0 0 1 -0.4956627 -0.8685151 0 -0.4956627 -0.8685151 0 -0.4956627 -0.8685151 0 -0.4956627 -0.8685151 0 1 0 0 1 0 0 1 0 0 1 0 0 -0.4966148 0.8679711 0 -0.4966148 0.8679711 0 -0.4966148 0.8679711 0 -0.4966148 0.8679711 0 0 0 -1 0 0 -1 0 0 -1 0 0 -1 0 0 -1 0 0 -1</float_array>
                    <technique_common>
                        <accessor count="24" source="#ID117" stride="3">
                            <param name="X" type="float" />
                            <param name="Y" type="float" />
                            <param name="Z" type="float" />
                        </accessor>
                    </technique_common>
                </source>
                <vertices id="ID115">
                    <input semantic="POSITION" source="#ID113" />
                    <input semantic="NORMAL" source="#ID114" />
                </vertices>
                <triangles count="18" material="Material2">
                    <input offset="0" semantic="VERTEX" source="#ID115" />
                    <p>0 1 2 1 0 3 3 0 4 1 5 2 5 1 4 5 4 0 6 7 8 7 6 9 10 11 12 11 10 13 14 15 16 15 14 17 18 19 20 19 18 21 21 18 22 19 23 20 23 19 22 23 22 18</p>
                </triangles>
            </mesh>
        </geometry>
        <geometry id="ID118">
            <mesh>
                <source id="ID119">
                    <float_array id="ID122" count="36">155.3261 21.82562 12 25.54507 95.89182 0 155.3261 21.82562 0 25.54507 95.89182 12 155.3261 170.1468 0 155.3261 21.82562 12 155.3261 21.82562 0 155.3261 170.1468 12 25.54507 95.89182 12 155.3261 170.1468 0 25.54507 95.89182 0 155.3261 170.1468 12</float_array>
                    <technique_common>
                        <accessor count="12" source="#ID122" stride="3">
                            <param name="X" type="float" />
                            <param name="Y" type="float" />
                            <param name="Z" type="float" />
                        </accessor>
                    </technique_common>
                </source>
                <source id="ID120">
                    <float_array id="ID123" count="36">-0.4956627 -0.8685151 0 -0.4956627 -0.8685151 0 -0.4956627 -0.8685151 0 -0.4956627 -0.8685151 0 1 0 0 1 0 0 1 0 0 1 0 0 -0.4966148 0.8679711 0 -0.4966148 0.8679711 0 -0.4966148 0.8679711 0 -0.4966148 0.8679711 0</float_array>
                    <technique_common>
                        <accessor count="12" source="#ID123" stride="3">
                            <param name="X" type="float" />
                            <param name="Y" type="float" />
                            <param name="Z" type="float" />
                        </accessor>
                    </technique_common>
                </source>
                <vertices id="ID121">
                    <input semantic="POSITION" source="#ID119" />
                    <input semantic="NORMAL" source="#ID120" />
                </vertices>
                <triangles count="6" material="Material2">
                    <input offset="0" semantic="VERTEX" source="#ID121" />
                    <p>0 1 2 1 0 3 4 5 6 5 4 7 8 9 10 9 8 11</p>
                </triangles>
            </mesh>
        </geometry>
        <geometry id="ID124">
            <mesh>
                <source id="ID125">
                    <float_array id="ID128" count="9">155.3261 170.1468 12 25.54507 95.89182 12 155.3261 21.82562 12</float_array>
                    <technique_common>
                        <accessor count="3" source="#ID128" stride="3">
                            <param name="X" type="float" />
                            <param name="Y" type="float" />
                            <param name="Z" type="float" />
                        </accessor>
                    </technique_common>
                </source>
                <source id="ID126">
                    <float_array id="ID129" count="9">0 0 1 0 0 1 0 0 1</float_array>
                    <technique_common>
                        <accessor count="3" source="#ID129" stride="3">
                            <param name="X" type="float" />
                            <param name="Y" type="float" />
                            <param name="Z" type="float" />
                        </accessor>
                    </technique_common>
                </source>
                <vertices id="ID127">
                    <input semantic="POSITION" source="#ID125" />
                    <input semantic="NORMAL" source="#ID126" />
                </vertices>
                <triangles count="1" material="Material2">
                    <input offset="0" semantic="VERTEX" source="#ID127" />
                    <p>0 1 2</p>
                </triangles>
            </mesh>
        </geometry>
        <geometry id="ID135">
            <mesh>
                <source id="ID138">
                    <float_array id="ID141" count="2304">3.729857 3.134751 6.692913 3.348645 3.348645 6.692913 3.698676 3.086823 6.692913 3.698676 3.086823 6.692913 3.348645 3.348645 6.692913 3.729857 3.134751 6.692913 3.348645 3.348645 6.692913 3.661507 3.043374 6.692913 3.661507 3.043374 6.692913 3.348645 3.348645 6.692913 4.042718 2.82948 6.578886 4.104545 2.924516 6.578886 4.104545 2.924516 6.578886 4.042718 2.82948 6.578886 3.754514 3.186339 6.692913 3.348645 3.348645 6.692913 3.348645 3.348645 6.692913 3.754514 3.186339 6.692913 3.348645 3.348645 6.692913 3.618985 3.005149 6.692913 3.618985 3.005149 6.692913 3.348645 3.348645 6.692913 3.969016 2.743327 6.578886 3.969016 2.743327 6.578886 4.374885 2.58102 6.43818 4.4663 2.721538 6.43818 4.4663 2.721538 6.43818 4.374885 2.58102 6.43818 4.153438 3.026809 6.578886 4.153438 3.026809 6.578886 3.772227 3.240704 6.692913 3.348645 3.348645 6.692913 3.348645 3.348645 6.692913 3.772227 3.240704 6.692913 3.348645 3.348645 6.692913 3.571837 2.972802 6.692913 3.571837 2.972802 6.692913 3.348645 3.348645 6.692913 3.884698 2.667531 6.578886 3.884698 2.667531 6.578886 4.26591 2.453636 6.43818 4.26591 2.453636 6.43818 4.689492 2.345694 6.244573 4.808932 2.52929 6.244573 4.808932 2.52929 6.244573 4.689492 2.345694 6.244573 4.538592 2.872786 6.43818 4.538592 2.872786 6.43818 4.188561 3.134609 6.578886 4.188561 3.134609 6.578886 3.782692 3.296916 6.692913 3.348645 3.348645 6.692913 3.348645 3.348645 6.692913 3.782692 3.296916 6.692913 3.348645 3.348645 6.692913 3.52087 2.946885 6.692913 3.52087 2.946885 6.692913 3.348645 3.348645 6.692913 3.791209 2.603389 6.578886 3.791209 2.603389 6.578886 4.14124 2.341566 6.43818 4.14124 2.341566 6.43818 4.547109 2.179259 6.244573 4.547109 2.179259 6.244573 4.903386 2.726906 6.244573 4.903386 2.726906 6.244573 4.590524 3.032177 6.43818 4.590524 3.032177 6.43818 4.209313 3.246071 6.578886 4.209313 3.246071 6.578886 3.785731 3.354013 6.692913 3.348645 3.348645 6.692913 3.348645 3.348645 6.692913 3.785731 3.354013 6.692913 3.348645 3.348645 6.692913 3.466956 2.927842 6.692913 3.466956 2.927842 6.692913 3.348645 3.348645 6.692913 3.690147 2.551998 6.578886 3.690147 2.551998 6.578886 4.003009 2.246727 6.43818 4.003009 2.246727 6.43818 4.384221 2.032833 6.244573 4.384221 2.032833 6.244573 4.971238 2.935159 6.244573 4.971238 2.935159 6.244573 4.621207 3.196982 6.43818 4.621207 3.196982 6.43818 4.215338 3.359288 6.578886 4.215338 3.359288 6.578886 3.781291 3.411018 6.692913 3.348645 3.348645 6.692913 3.348645 3.348645 6.692913 3.781291 3.411018 6.692913 3.348645 3.348645 6.692913 3.411018 2.915999 6.692913 3.411018 2.915999 6.692913 3.348645 3.348645 6.692913 3.583243 2.514239 6.578886 3.583243 2.514239 6.578886 3.853582 2.170743 6.43818 3.853582 2.170743 6.43818 4.203613 1.90892 6.244573 4.203613 1.90892 6.244573 5.011328 3.150488 6.244573 5.011328 3.150488 6.244573 4.630116 3.364382 6.43818 4.630116 3.364382 6.43818 4.206534 3.472324 6.578886 4.206534 3.472324 6.578886 3.769449 3.466956 6.692913 3.348645 3.348645 6.692913 3.348645 3.348645 6.692913 3.769449 3.466956 6.692913 3.348645 3.348645 6.692913 3.354013 2.911559 6.692913 3.354013 2.911559 6.692913 3.348645 3.348645 6.692913 3.472324 2.490756 6.578886 3.472324 2.490756 6.578886 3.695515 2.114912 6.43818 3.695515 2.114912 6.43818 4.008377 1.809641 6.244573 4.008377 1.809641 6.244573 5.022968 3.369206 6.244573 5.022968 3.369206 6.244573 4.617099 3.531513 6.43818 4.617099 3.531513 6.43818 4.183052 3.583243 6.578886 4.183052 3.583243 6.578886 3.750406 3.52087 6.692913 3.348645 3.348645 6.692913 3.348645 3.348645 6.692913 3.750406 3.52087 6.692913 3.348645 3.348645 6.692913 3.296916 2.914598 6.692913 3.296916 2.914598 6.692913 3.348645 3.348645 6.692913 3.359288 2.481952 6.578886 3.359288 2.481952 6.578886 3.531513 2.080191 6.43818 3.531513 2.080191 6.43818 3.801852 1.736695 6.244573 3.801852 1.736695 6.244573 5.00596 3.587573 6.244573 5.00596 3.587573 6.244573 4.582378 3.695515 6.43818 4.582378 3.695515 6.43818 4.145292 3.690147 6.578886 4.145292 3.690147 6.578886 3.724489 3.571837 6.692913 3.348645 3.348645 6.692913 3.348645 3.348645 6.692913 3.724489 3.571837 6.692913 3.348645 3.348645 6.692913 3.240704 2.925063 6.692913 3.240704 2.925063 6.692913 3.348645 3.348645 6.692913 3.246071 2.487978 6.578886 3.246071 2.487978 6.578886 3.364382 2.067174 6.43818 3.364382 2.067174 6.43818 3.587438 1.692269 6.24504 3.592592 1.692393 6.244573 3.592592 1.692393 6.244573 3.587438 1.692269 6.24504 4.960595 3.801852 6.244573 4.960595 3.801852 6.244573 4.526548 3.853582 6.43818 4.526548 3.853582 6.43818 4.093902 3.791209 6.578886 4.093902 3.791209 6.578886 3.692141 3.618985 6.692913 3.348645 3.348645 6.692913 3.348645 3.348645 6.692913 3.692141 3.618985 6.692913 3.348645 3.348645 6.692913 3.186339 2.942776 6.692913 3.186339 2.942776 6.692913 3.348645 3.348645 6.692913 3.134609 2.508729 6.578886 3.134609 2.508729 6.578886 3.196982 2.076083 6.43818 3.196982 2.076083 6.43818 3.36901 1.690304 6.252449 3.36901 1.690304 6.252449 4.887649 4.008377 6.244573 4.887649 4.008377 6.244573 4.450563 4.003009 6.43818 4.450563 4.003009 6.43818 4.02976 3.884698 6.578886 4.02976 3.884698 6.578886 3.653916 3.661507 6.692913 3.348645 3.348645 6.692913 3.348645 3.348645 6.692913 3.653916 3.661507 6.692913 3.348645 3.348645 6.692913 3.134751 2.967434 6.692913 3.134751 2.967434 6.692913 3.348645 3.348645 6.692913 3.026809 2.543852 6.578886 3.026809 2.543852 6.578886 3.032177 2.106766 6.43818 3.032177 2.106766 6.43818 3.151165 1.691645 6.247393 3.151165 1.691645 6.247393 4.788371 4.203613 6.244573 4.788371 4.203613 6.244573 4.355725 4.14124 6.43818 4.355725 4.14124 6.43818 3.953964 3.969016 6.578886 3.953964 3.969016 6.578886 3.610468 3.698676 6.692913 3.348645 3.348645 6.692913 3.348645 3.348645 6.692913 3.610468 3.698676 6.692913 3.348645 3.348645 6.692913 3.086823 2.998614 6.692913 3.086823 2.998614 6.692913 3.348645 3.348645 6.692913 2.924516 2.592745 6.578886 2.924516 2.592745 6.578886 2.872786 2.158698 6.43818 2.872786 2.158698 6.43818 3.115951 1.692393 6.244573 2.935159 1.726052 6.244573 3.115951 1.692393 6.244573 2.935159 1.726052 6.244573 4.664458 4.384221 6.244573 4.664458 4.384221 6.244573 4.243654 4.26591 6.43818 4.243654 4.26591 6.43818 3.867811 4.042718 6.578886 3.867811 4.042718 6.578886 3.56254 3.729857 6.692913 3.348645 3.348645 6.692913 3.348645 3.348645 6.692913 3.56254 3.729857 6.692913 3.348645 3.348645 6.692913 3.043374 3.035783 6.692913 3.043374 3.035783 6.692913 3.348645 3.348645 6.692913 2.82948 2.654572 6.578886 2.82948 2.654572 6.578886 2.721538 2.23099 6.43818 2.721538 2.23099 6.43818 2.726906 1.793904 6.244573 2.726906 1.793904 6.244573 2.927907 1.697594 6.224964 2.927907 1.697594 6.224964 4.518031 4.547109 6.244573 4.518031 4.547109 6.244573 4.116271 4.374885 6.43818 4.116271 4.374885 6.43818 3.772775 4.104545 6.578886 3.772775 4.104545 6.578886 3.510952 3.754514 6.692913 3.348645 3.348645 6.692913 3.348645 3.348645 6.692913 3.510952 3.754514 6.692913 3.348645 3.348645 6.692913 3.005149 3.078306 6.692913 3.005149 3.078306 6.692913 3.348645 3.348645 6.692913 2.743327 2.728275 6.578886 2.743327 2.728275 6.578886 2.58102 2.322406 6.43818 2.58102 2.322406 6.43818 2.52929 1.888359 6.244573 2.52929 1.888359 6.244573 2.692814 1.708653 6.183269 2.692814 1.708653 6.183269 4.351596 4.689492 6.244573 4.351596 4.689492 6.244573 3.975752 4.4663 6.43818 3.975752 4.4663 6.43818 3.670481 4.153438 6.578886 3.670481 4.153438 6.578886 3.456587 3.772227 6.692913 3.348645 3.348645 6.692913 3.348645 3.348645 6.692913 3.456587 3.772227 6.692913 3.348645 3.348645 6.692913 2.972802 3.125454 6.692913 2.972802 3.125454 6.692913 3.348645 3.348645 6.692913 2.667531 2.812592 6.578886 2.667531 2.812592 6.578886 2.453636 2.431381 6.43818 2.453636 2.431381 6.43818 2.345694 2.007799 6.244573 2.345694 2.007799 6.244573 2.437895 1.72547 6.119863 2.437895 1.72547 6.119863 4.168 4.808932 6.244573 4.168 4.808932 6.244573 3.824504 4.538592 6.43818 3.824504 4.538592 6.43818 3.562681 4.188561 6.578886 3.562681 4.188561 6.578886 3.400375 3.782692 6.692913 3.348645 3.348645 6.692913 3.348645 3.348645 6.692913 3.400375 3.782692 6.692913 3.348645 3.348645 6.692913 2.946885 3.176421 6.692913 2.946885 3.176421 6.692913 3.348645 3.348645 6.692913 2.603389 2.906081 6.578886 2.603389 2.906081 6.578886 2.341566 2.55605 6.43818 2.341566 2.55605 6.43818 2.179259 2.150181 6.244573 2.179259 2.150181 6.244573 2.152497 1.749513 6.029211 2.152497 1.749513 6.029211 3.970385 4.903386 6.244573 3.970385 4.903386 6.244573 3.665114 4.590524 6.43818 3.665114 4.590524 6.43818 3.451219 4.209313 6.578886 3.451219 4.209313 6.578886 3.343278 3.785731 6.692913 3.343278 3.785731 6.692913 2.927842 3.230334 6.692913 2.927842 3.230334 6.692913 2.551998 3.007143 6.578886 2.551998 3.007143 6.578886 2.246727 2.694281 6.43818 2.246727 2.694281 6.43818 2.032833 2.31307 6.244573 2.032833 2.31307 6.244573 2.079883 1.756895 6.001379 1.924891 1.889488 6.001379 2.079883 1.756895 6.001379 1.924891 1.889488 6.001379 3.762131 4.971238 6.244573 3.762131 4.971238 6.244573 3.500309 4.621207 6.43818 3.500309 4.621207 6.43818 3.338002 4.215338 6.578886 3.338002 4.215338 6.578886 3.348645 3.348645 6.692913 3.286272 3.781291 6.692913 3.286272 3.781291 6.692913 3.348645 3.348645 6.692913 3.348645 3.348645 6.692913 2.915999 3.286272 6.692913 2.915999 3.286272 6.692913 3.348645 3.348645 6.692913 2.514239 3.114048 6.578886 2.514239 3.114048 6.578886 2.170743 2.843709 6.43818 2.170743 2.843709 6.43818 1.90892 2.493677 6.244573 1.90892 2.493677 6.244573 1.746613 2.087809 6.001379 1.746613 2.087809 6.001379 1.82723 1.789399 5.878831 1.82723 1.789399 5.878831 3.546126 5.005645 6.247393 3.58134 5.004898 6.244573 3.58134 5.004898 6.244573 3.546126 5.005645 6.247393 3.332908 4.630116 6.43818 3.332908 4.630116 6.43818 3.224967 4.206534 6.578886 3.224967 4.206534 6.578886 3.348645 3.348645 6.692913 3.230334 3.769449 6.692913 3.230334 3.769449 6.692913 3.348645 3.348645 6.692913 3.348645 3.348645 6.692913 2.911559 3.343278 6.692913 2.911559 3.343278 6.692913 3.348645 3.348645 6.692913 2.490756 3.224967 6.578886 2.490756 3.224967 6.578886 2.114912 3.001776 6.43818 2.114912 3.001776 6.43818 1.809641 2.688914 6.244573 1.809641 2.688914 6.244573 1.595747 2.307702 6.001379 1.595747 2.307702 6.001379 1.533358 1.833446 5.712759 1.487805 1.884121 5.712759 1.533358 1.833446 5.712759 1.487805 1.884121 5.712759 3.32828 5.006987 6.252449 3.32828 5.006987 6.252449 3.165778 4.617099 6.43818 3.165778 4.617099 6.43818 3.114048 4.183052 6.578886 3.114048 4.183052 6.578886 3.348645 3.348645 6.692913 3.176421 3.750406 6.692913 3.176421 3.750406 6.692913 3.348645 3.348645 6.692913 3.348645 3.348645 6.692913 2.914598 3.400375 6.692913 2.914598 3.400375 6.692913 3.348645 3.348645 6.692913 2.481952 3.338002 6.578886 2.481952 3.338002 6.578886 2.080191 3.165778 6.43818 2.080191 3.165778 6.43818 1.736695 2.895438 6.244573 1.736695 2.895438 6.244573 1.474873 2.545407 6.001379 1.474873 2.545407 6.001379 1.312566 2.139538 5.712759 1.312566 2.139538 5.712759 1.444553 1.850081 5.650043 1.444553 1.850081 5.650043 3.109852 5.005022 6.24504 3.109852 5.005022 6.24504 3.001776 4.582378 6.43818 3.001776 4.582378 6.43818 3.007143 4.145292 6.578886 3.007143 4.145292 6.578886 3.348645 3.348645 6.692913 3.125454 3.724489 6.692913 3.125454 3.724489 6.692913 3.348645 3.348645 6.692913 3.348645 3.348645 6.692913 2.925063 3.456587 6.692913 2.925063 3.456587 6.692913 3.348645 3.348645 6.692913 2.487978 3.451219 6.578886 2.487978 3.451219 6.578886 2.067174 3.332908 6.43818 2.067174 3.332908 6.43818 1.69133 3.109717 6.244573 1.69133 3.109717 6.244573 1.386059 2.796855 6.001379 1.386059 2.796855 6.001379 1.172165 2.415644 5.712759 1.172165 2.415644 5.712759 1.113159 1.920736 5.38365 1.064223 1.992062 5.38365 1.113159 1.920736 5.38365 1.064223 1.992062 5.38365 3.104699 5.004898 6.244573 2.895438 4.960595 6.244573 3.104699 5.004898 6.244573 2.895438 4.960595 6.244573 2.843709 4.526548 6.43818 2.843709 4.526548 6.43818 2.906081 4.093902 6.578886 2.906081 4.093902 6.578886 3.348645 3.348645 6.692913 3.078306 3.692141 6.692913 3.078306 3.692141 6.692913 3.348645 3.348645 6.692913 3.348645 3.348645 6.692913 2.942776 3.510952 6.692913 2.942776 3.510952 6.692913 3.348645 3.348645 6.692913 2.508729 3.562681 6.578886 2.508729 3.562681 6.578886 2.076083 3.500309 6.43818 2.076083 3.500309 6.43818 1.674323 3.328084 6.244573 1.674323 3.328084 6.244573 1.330827 3.057745 6.001379 1.330827 3.057745 6.001379 1.069004 2.707714 5.712759 1.069004 2.707714 5.712759 0.9066973 2.301845 5.38365 0.9066973 2.301845 5.38365 0.9966263 1.95192 5.266077 0.9966263 1.95192 5.266077 2.884918 4.998014 6.21862 2.884918 4.998014 6.21862 2.688914 4.887649 6.244573 2.688914 4.887649 6.244573 2.694281 4.450563 6.43818 2.694281 4.450563 6.43818 2.812592 4.02976 6.578886 2.812592 4.02976 6.578886 3.348645 3.348645 6.692913 3.035783 3.653916 6.692913 3.035783 3.653916 6.692913 3.348645 3.348645 6.692913 3.348645 3.348645 6.692913 2.967434 3.56254 6.692913 2.967434 3.56254 6.692913 3.348645 3.348645 6.692913 2.543852 3.670481 6.578886 2.543852 3.670481 6.578886 2.106766 3.665114 6.43818 2.106766 3.665114 6.43818 1.685963 3.546803 6.244573 1.685963 3.546803 6.244573 1.310119 3.323612 6.001379 1.310119 3.323612 6.001379 1.004848 3.01075 5.712759 1.004848 3.01075 5.712759 0.7909537 2.629538 5.38365 0.7909537 2.629538 5.38365 0.7789599 2.017271 5.019685 0.6830121 2.205957 5.019685 0.6830121 2.205957 5.019685 0.7789599 2.017271 5.019685 2.646772 4.985956 6.173158 2.646772 4.985956 6.173158 2.493677 4.788371 6.244573 2.493677 4.788371 6.244573 2.55605 4.355725 6.43818 2.55605 4.355725 6.43818 2.728275 3.953964 6.578886 2.728275 3.953964 6.578886 3.348645 3.348645 6.692913 2.998614 3.610468 6.692913 2.998614 3.610468 6.692913 3.348645 3.348645 6.692913 3.348645 3.348645 6.692913 3.348645 3.348645 6.692913 2.592745 3.772775 6.578886 2.592745 3.772775 6.578886 2.158698 3.824504 6.43818 2.158698 3.824504 6.43818 1.726052 3.762131 6.244573 1.726052 3.762131 6.244573 1.324292 3.589907 6.001379 1.324292 3.589907 6.001379 0.9807955 3.319567 5.712759 0.9807955 3.319567 5.712759 0.7189728 2.969536 5.38365 0.7189728 2.969536 5.38365 0.5566662 2.563667 5.019685 0.5566662 2.563667 5.019685 0.5091172 2.121399 4.62709 0.5049367 2.12962 4.62709 0.5049367 2.12962 4.62709 0.5091172 2.121399 4.62709 2.387055 4.967917 6.105147 2.387055 4.967917 6.105147 2.31307 4.664458 6.244573 2.31307 4.664458 6.244573 2.431381 4.243654 6.43818 2.431381 4.243654 6.43818 2.654572 3.867811 6.578886 2.654572 3.867811 6.578886 2.23099 3.975752 6.43818 2.23099 3.975752 6.43818 1.793904 3.970385 6.244573 1.793904 3.970385 6.244573 1.373101 3.852074 6.001379 1.373101 3.852074 6.001379 0.9972573 3.628883 5.712759 0.9972573 3.628883 5.712759 0.6919864 3.316021 5.38365 0.6919864 3.316021 5.38365 0.4780918 2.934809 5.019685 0.4780918 2.934809 5.019685 0.3701503 2.511228 4.62709 0.3701503 2.511228 4.62709 2.094413 4.942286 6.008509 2.094413 4.942286 6.008509 2.150181 4.518031 6.244573 2.150181 4.518031 6.244573 2.322406 4.116271 6.43818 2.322406 4.116271 6.43818 1.888359 4.168 6.244573 1.888359 4.168 6.244573 1.455713 4.105627 6.001379 1.455713 4.105627 6.001379 1.053952 3.933403 5.712759 1.053952 3.933403 5.712759 0.7104561 3.663063 5.38365 0.7104561 3.663063 5.38365 0.4486334 3.313032 5.019685 0.4486334 3.313032 5.019685 0.2863268 2.907163 4.62709 0.2863268 2.907163 4.62709 0.3199947 2.231339 4.212583 0.4985045 2.126863 4.606489 0.2345973 2.473116 4.212583 0.2345973 2.473116 4.212583 0.3199947 2.231339 4.212583 0.4985045 2.126863 4.606489 2.076371 4.940395 6.001379 1.889488 4.772399 6.001379 2.076371 4.940395 6.001379 1.889488 4.772399 6.001379 2.007799 4.351596 6.244573 2.007799 4.351596 6.244573 1.570713 4.346228 6.001379 1.570713 4.346228 6.001379 1.14991 4.227918 5.712759 1.14991 4.227918 5.712759 0.774066 4.004726 5.38365 0.774066 4.004726 5.38365 0.468795 3.691864 5.019685 0.468795 3.691864 5.019685 0.2549004 3.310653 4.62709 0.2549004 3.310653 4.62709 0.1469589 2.887071 4.212583 0.1469589 2.887071 4.212583 0.1893341 2.345209 3.783257 0.1523265 2.449985 3.783257 0.1523265 2.449985 3.783257 0.1893341 2.345209 3.783257 1.760309 4.898445 5.843214 1.760309 4.898445 5.843214 1.716134 4.569761 6.001379 1.716134 4.569761 6.001379 1.283488 4.507388 5.712759 1.283488 4.507388 5.712759 0.8817276 4.335163 5.38365 0.8817276 4.335163 5.38365 0.5382316 4.064824 5.019685 0.5382316 4.064824 5.019685 0.2764089 3.714793 4.62709 0.2764089 3.714793 4.62709 0.1141023 3.308924 4.212583 0.1141023 3.308924 4.212583 0.06237278 2.874877 3.783257 0.06237278 2.874877 3.783257 0.1289474 2.443412 3.413002 0.1289474 2.443412 3.413002 1.535224 4.863844 5.712759 1.452402 4.767032 5.712759 1.535224 4.863844 5.712759 1.452402 4.767032 5.712759 1.031599 4.648721 5.38365 1.031599 4.648721 5.38365 0.6557552 4.42553 5.019685 0.6557552 4.42553 5.019685 0.3504842 4.112668 4.62709 0.3504842 4.112668 4.62709 0.1365896 3.731457 4.212583 0.1365896 3.731457 4.212583 0.02864812 3.307875 3.783257 0.02864812 3.307875 3.783257 0.1207588 2.461062 3.346457 0.03401566 2.870789 3.346457 0.03401566 2.870789 3.346457 0.1207588 2.461062 3.346457 1.366378 4.831378 5.590351 1.366378 4.831378 5.590351 1.114762 4.776554 5.38365 1.114762 4.776554 5.38365 0.7773939 4.68002 5.019685 0.9057688 4.719323 5.167872 0.9057688 4.719323 5.167872 0.7773939 4.68002 5.019685 0.4758588 4.49747 4.62709 0.4758588 4.49747 4.62709 0.2140361 4.147439 4.212583 0.2140361 4.147439 4.212583 0.05172954 3.74157 3.783257 0.05172954 3.74157 3.783257 0 3.307523 3.346457 0 3.307523 3.346457 0.1254542 2.576915 2.909656 0.06237278 2.874877 2.909656 0.06237278 2.874877 2.909656 0.1254542 2.576915 2.909656 0.513342 4.575891 4.62709 0.513342 4.575891 4.62709 0.3178126 4.465952 4.212583 0.412656 4.522745 4.426711 0.412656 4.522745 4.426711 0.3178126 4.465952 4.212583 0.1312221 4.168542 3.783257 0.1312221 4.168542 3.783257 0.02328059 3.744961 3.346457 0.02328059 3.744961 3.346457 0.02864812 3.307875 2.909656 0.02864812 3.307875 2.909656 0.1885145 2.690786 2.48033 0.1469589 2.887071 2.48033 0.1469589 2.887071 2.48033 0.1885145 2.690786 2.48033 0.1910219 4.352081 3.783257 0.1910219 4.352081 3.783257 0.1034591 4.175617 3.346457 0.1034591 4.175617 3.346457 0.05172954 3.74157 2.909656 0.05172954 3.74157 2.909656 0.1141023 3.308924 2.48033 0.1141023 3.308924 2.48033 0.3088608 2.800726 2.065823 0.2863268 2.907163 2.065823 0.2863268 2.907163 2.065823 0.3088608 2.800726 2.065823 0.1232071 4.236228 3.346457 0.1232071 4.236228 3.346457 0.1222545 4.120375 2.909656 0.1189286 4.171675 3.103072 0.1189286 4.171675 3.103072 0.1222545 4.120375 2.909656 0.1365896 3.731457 2.48033 0.1365896 3.731457 2.48033 0.2549004 3.310653 2.065823 0.2549004 3.310653 2.065823 0.4844337 2.904854 1.673228 0.4780918 2.934809 1.673228 0.4780918 2.934809 1.673228 0.4844337 2.904854 1.673228 0.1877974 4.006505 2.48033 0.1877974 4.006505 2.48033 0.2764089 3.714793 2.065823 0.2764089 3.714793 2.065823 0.4486334 3.313032 1.673228 0.4486334 3.313032 1.673228 0.5948366 2.95164 1.49683 0.5948366 2.95164 1.49683 0.3102507 3.896565 2.065823 0.3102507 3.896565 2.065823 0.468795 3.691864 1.673228 0.468795 3.691864 1.673228 0.7164919 3.001389 1.309263 0.6919864 3.316021 1.309263 0.6919864 3.316021 1.309263 0.7164919 3.001389 1.309263 0.4875192 3.792437 1.673228 0.4875192 3.792437 1.673228 0.7104561 3.663063 1.309263 0.7104561 3.663063 1.309263 0.9987786 3.088678 0.9801545 0.9807955 3.319567 0.9801545 0.9807955 3.319567 0.9801545 0.9987786 3.088678 0.9801545 0.7165699 3.695902 1.309263 0.7165699 3.695902 1.309263 0.9961786 3.608612 0.9801545 0.8877925 3.641929 1.105767 0.8877925 3.641929 1.105767 0.9961786 3.608612 0.9801545 1.310119 3.323612 0.6915341 1.322455 3.165229 0.6915341 1.322455 3.165229 0.6915341 1.310119 3.323612 0.6915341 1.321213 3.532061 0.6915341 1.321213 3.532061 0.6915341 1.674323 3.328084 0.4483402 1.681983 3.229732 0.4483402 1.681983 3.229732 0.4483402 1.674323 3.328084 0.4483402 1.681746 3.467559 0.4483402 1.681746 3.467559 0.4483402 2.067174 3.332908 0.2547338 2.071211 3.281082 0.2547338 2.071211 3.281082 0.2547338 2.067174 3.332908 0.2547338 2.071607 3.416208 0.2547338 2.071607 3.416208 0.2547338 2.481952 3.338002 0.1140277 2.483479 3.318402 0.1140277 2.483479 3.318402 0.1140277 2.481952 3.338002 0.1140277 2.484128 3.378889 0.1140277 2.484128 3.378889 0.1140277 2.911559 3.343278 0.0286294 2.902989 3.340872 0.0298714 2.901768 3.340525 0.03061648 2.901768 3.340525 0.03061648 2.902989 3.340872 0.0298714 2.911559 3.343278 0.0286294 2.912249 3.356239 0.0286294 2.912249 3.356239 0.0286294 3.348645 3.348645 0 3.348645 3.348645 0 2.911845 3.341306 0.0276726 2.911845 3.341306 0.0276726</float_array>
                    <technique_common>
                        <accessor count="768" source="#ID141" stride="3">
                            <param name="X" type="float" />
                            <param name="Y" type="float" />
                            <param name="Z" type="float" />
                        </accessor>
                    </technique_common>
                </source>
                <source id="ID139">
                    <float_array id="ID142" count="2304">0.1174192 -0.06588297 0.9908946 -8.144946e-15 5.298778e-15 1 0.1078152 -0.08064561 0.9908946 -0.1078152 0.08064561 -0.9908946 8.144946e-15 -5.298778e-15 -1 -0.1174192 0.06588297 -0.9908946 -7.383636e-15 6.316575e-15 1 0.09636649 -0.09402839 0.9908946 -0.09636649 0.09402839 -0.9908946 7.383636e-15 -6.316575e-15 -1 0.2324875 -0.1739003 0.9569265 0.2531971 -0.1420668 0.9569265 -0.2531971 0.1420668 -0.9569265 -0.2324875 0.1739003 -0.9569265 0.1250141 -0.04999304 0.9908946 -8.766895e-15 4.190318e-15 1 8.766895e-15 -4.190318e-15 -1 -0.1250141 0.04999304 -0.9908946 -6.495989e-15 7.226294e-15 1 0.08326889 -0.1058023 0.9908946 -0.08326889 0.1058023 -0.9908946 6.495989e-15 -7.226294e-15 -1 0.2078 -0.2027582 0.9569265 -0.2078 0.2027582 -0.9569265 0.3081099 -0.2304657 0.9230135 0.3355558 -0.1882776 0.9230135 -0.3355558 0.1882776 -0.9230135 -0.3081099 0.2304657 -0.9230135 0.2695744 -0.1078026 0.9569265 -0.2695744 0.1078026 -0.9569265 0.13047 -0.03324773 0.9908946 -9.238839e-15 3.01016e-15 1 9.238839e-15 -3.01016e-15 -1 -0.13047 0.03324773 -0.9908946 -5.497195e-15 8.012369e-15 1 0.06874654 -0.1157659 0.9908946 -0.06874654 0.1157659 -0.9908946 5.497195e-15 -8.012369e-15 -1 0.179557 -0.2281469 0.9569265 -0.179557 0.2281469 -0.9569265 0.2753922 -0.2687104 0.9230135 -0.2753922 0.2687104 -0.9230135 0.3539632 -0.2647639 0.8970006 0.3854937 -0.2162974 0.8970006 -0.3854937 0.2162974 -0.8970006 -0.3539632 0.2647639 -0.8970006 0.3572602 -0.1428681 0.9230135 -0.3572602 0.1428681 -0.9230135 0.2813392 -0.07169378 0.9569265 -0.2813392 0.07169378 -0.9569265 0.1336935 -0.01593353 0.9908946 -9.552704e-15 1.778497e-15 1 9.552704e-15 -1.778497e-15 -1 -0.1336935 0.01593353 -0.9908946 -4.404341e-15 8.66135e-15 1 0.05304792 -0.1237488 0.9908946 -0.05304792 0.1237488 -0.9908946 4.404341e-15 -8.66135e-15 -1 0.1482417 -0.249632 0.9569265 -0.1482417 0.249632 -0.9569265 0.2379624 -0.3023575 0.9230135 -0.2379624 0.3023575 -0.9230135 0.3163764 -0.3087003 0.8970006 -0.3163764 0.3087003 -0.8970006 0.4104282 -0.1641299 0.8970006 -0.4104282 0.1641299 -0.8970006 0.3728518 -0.09501399 0.9230135 -0.3728518 0.09501399 -0.9230135 0.2882902 -0.03435829 0.9569265 -0.2882902 0.03435829 -0.9569265 0.1346295 0.001653288 0.9908946 -9.70312e-15 5.164034e-16 1 9.70312e-15 -5.164034e-16 -1 -0.1346295 -0.001653288 -0.9908946 -3.236129e-15 9.162133e-15 1 0.03644163 -0.1296142 0.9908946 -0.03644163 0.1296142 -0.9908946 3.236129e-15 -9.162133e-15 -1 0.1143899 -0.2668458 0.9569265 -0.1143899 0.2668458 -0.9569265 0.196461 -0.3308311 0.9230135 -0.196461 0.3308311 -0.9230135 0.2733763 -0.3473547 0.8970006 -0.2733763 0.3473547 -0.8970006 0.4283402 -0.1091541 0.8970006 -0.4283402 0.1091541 -0.8970006 0.3820639 -0.0455342 0.9230135 -0.3820639 0.0455342 -0.9230135 0.2903085 0.003565069 0.9569265 -0.2903085 -0.003565069 -0.9569265 0.1332619 0.01921182 0.9908946 -9.687512e-15 -7.545257e-16 1 9.687512e-15 7.545257e-16 -1 -0.1332619 -0.01921182 -0.9908946 -2.012545e-15 9.506149e-15 1 0.01921182 -0.1332619 0.9908946 -0.01921182 0.1332619 -0.9908946 2.012545e-15 -9.506149e-15 -1 0.07858096 -0.2794938 0.9569265 -0.07858096 0.2794938 -0.9569265 0.1515982 -0.3536441 0.9230135 -0.1515982 0.3536441 -0.9230135 0.2256986 -0.3800658 0.8970006 -0.2256986 0.3800658 -0.8970006 0.4389231 -0.05231066 0.8970006 -0.4389231 0.05231066 -0.8970006 0.3847387 0.004724697 0.9230135 -0.3847387 -0.004724697 -0.9230135 0.2873595 0.04142743 0.9569265 -0.2873595 -0.04142743 -0.9569265 0.1296142 0.03644163 0.9908946 -9.506149e-15 -2.012545e-15 1 9.506149e-15 2.012545e-15 -1 -0.1296142 -0.03644163 -0.9908946 -7.545257e-16 9.687512e-15 1 0.001653288 -0.1346295 0.9908946 -0.001653288 0.1346295 -0.9908946 7.545257e-16 -9.687512e-15 -1 0.04142743 -0.2873595 0.9569265 -0.04142743 0.2873595 -0.9569265 0.1041414 -0.3704062 0.9230135 -0.1041414 0.3704062 -0.9230135 0.1741592 -0.4062739 0.8970006 -0.1741592 0.4062739 -0.8970006 0.441996 0.005427833 0.8970006 -0.441996 -0.005427833 -0.8970006 0.3808305 0.05490275 0.9230135 -0.3808305 -0.05490275 -0.9230135 0.2794938 0.07858096 0.9569265 -0.2794938 -0.07858096 -0.9569265 0.1237488 0.05304792 0.9908946 -9.162133e-15 -3.236129e-15 1 9.162133e-15 3.236129e-15 -1 -0.1237488 -0.05304792 -0.9908946 5.164034e-16 9.70312e-15 1 -0.01593353 -0.1336935 0.9908946 0.01593353 0.1336935 -0.9908946 -5.164034e-16 -9.70312e-15 -1 0.003565069 -0.2903085 0.9569265 -0.003565069 0.2903085 -0.9569265 0.05490275 -0.3808305 0.9230135 -0.05490275 0.3808305 -0.9230135 0.1196399 -0.4255305 0.8970006 -0.1196399 0.4255305 -0.8970006 0.4375062 0.06307345 0.8970006 -0.4375062 -0.06307345 -0.8970006 0.3704062 0.1041414 0.9230135 -0.3704062 -0.1041414 -0.9230135 0.2668458 0.1143899 0.9569265 -0.2668458 -0.1143899 -0.9569265 0.1157659 0.06874654 0.9908946 -8.66135e-15 -4.404341e-15 1 8.66135e-15 4.404341e-15 -1 -0.1157659 -0.06874654 -0.9908946 1.778497e-15 9.552704e-15 1 -0.03324773 -0.13047 0.9908946 0.03324773 0.13047 -0.9908946 -1.778497e-15 -9.552704e-15 -1 -0.03435829 -0.2882902 0.9569265 0.03435829 0.2882902 -0.9569265 0.004724697 -0.3847387 0.9230135 -0.004724697 0.3847387 -0.9230135 0.06563744 -0.437135 0.8969976 0.09171064 -0.4331904 0.8966244 -0.09171064 0.4331904 -0.8966244 -0.06563744 0.437135 -0.8969976 0.4255305 0.1196399 0.8970006 -0.4255305 -0.1196399 -0.8970006 0.3536441 0.1515982 0.9230135 -0.3536441 -0.1515982 -0.9230135 0.249632 0.1482417 0.9569265 -0.249632 -0.1482417 -0.9569265 0.1058023 0.08326889 0.9908946 -8.012369e-15 -5.497195e-15 1 8.012369e-15 5.497195e-15 -1 -0.1058023 -0.08326889 -0.9908946 3.01016e-15 9.238839e-15 1 -0.04999304 -0.1250141 0.9908946 0.04999304 0.1250141 -0.9908946 -3.01016e-15 -9.238839e-15 -1 -0.07169378 -0.2813392 0.9569265 0.07169378 0.2813392 -0.9569265 -0.0455342 -0.3820639 0.9230135 0.0455342 0.3820639 -0.9230135 0.005650197 -0.4419932 0.8970006 -0.005650197 0.4419932 -0.8970006 0.4062739 0.1741592 0.8970006 -0.4062739 -0.1741592 -0.8970006 0.3308311 0.196461 0.9230135 -0.3308311 -0.196461 -0.9230135 0.2281469 0.179557 0.9569265 -0.2281469 -0.179557 -0.9569265 0.09402839 0.09636649 0.9908946 -7.226294e-15 -6.495989e-15 1 7.226294e-15 6.495989e-15 -1 -0.09402839 -0.09636649 -0.9908946 4.190318e-15 8.766895e-15 1 -0.06588297 -0.1174192 0.9908946 0.06588297 0.1174192 -0.9908946 -4.190318e-15 -8.766895e-15 -1 -0.1078026 -0.2695744 0.9569265 0.1078026 0.2695744 -0.9569265 -0.09501399 -0.3728518 0.9230135 0.09501399 0.3728518 -0.9230135 -0.05444236 -0.438668 0.8969985 0.05444236 0.438668 -0.8969985 0.3800658 0.2256986 0.8970006 -0.3800658 -0.2256986 -0.8970006 0.3023575 0.2379624 0.9230135 -0.3023575 -0.2379624 -0.9230135 0.2027582 0.2078 0.9569265 -0.2027582 -0.2078 -0.9569265 0.08064561 0.1078152 0.9908946 -6.316575e-15 -7.383636e-15 1 6.316575e-15 7.383636e-15 -1 -0.08064561 -0.1078152 -0.9908946 5.298778e-15 8.144946e-15 1 -0.08064561 -0.1078152 0.9908946 0.08064561 0.1078152 -0.9908946 -5.298778e-15 -8.144946e-15 -1 -0.1420668 -0.2531971 0.9569265 0.1420668 0.2531971 -0.9569265 -0.1428681 -0.3572602 0.9230135 0.1428681 0.3572602 -0.9230135 -0.08232032 -0.4421609 0.8931501 -0.1239056 -0.4862278 0.8650029 0.08232032 0.4421609 -0.8931501 0.1239056 0.4862278 -0.8650029 0.3473547 0.2733763 0.8970006 -0.3473547 -0.2733763 -0.8970006 0.2687104 0.2753922 0.9230135 -0.2687104 -0.2753922 -0.9230135 0.1739003 0.2324875 0.9569265 -0.1739003 -0.2324875 -0.9569265 0.06588297 0.1174192 0.9908946 -5.298778e-15 -8.144946e-15 1 5.298778e-15 8.144946e-15 -1 -0.06588297 -0.1174192 -0.9908946 6.316575e-15 7.383636e-15 1 -0.09402839 -0.09636649 0.9908946 0.09402839 0.09636649 -0.9908946 -6.316575e-15 -7.383636e-15 -1 -0.1739003 -0.2324875 0.9569265 0.1739003 0.2324875 -0.9569265 -0.1882776 -0.3355558 0.9230135 0.1882776 0.3355558 -0.9230135 -0.186311 -0.4658951 0.8650029 0.186311 0.4658951 -0.8650029 -0.1427666 -0.5366455 0.8316426 0.1427666 0.5366455 -0.8316426 0.3087003 0.3163764 0.8970006 -0.3087003 -0.3163764 -0.8970006 0.2304657 0.3081099 0.9230135 -0.2304657 -0.3081099 -0.9230135 0.1420668 0.2531971 0.9569265 -0.1420668 -0.2531971 -0.9569265 0.04999304 0.1250141 0.9908946 -4.190318e-15 -8.766895e-15 1 4.190318e-15 8.766895e-15 -1 -0.04999304 -0.1250141 -0.9908946 7.226294e-15 6.495989e-15 1 -0.1058023 -0.08326889 0.9908946 0.1058023 0.08326889 -0.9908946 -7.226294e-15 -6.495989e-15 -1 -0.2027582 -0.2078 0.9569265 0.2027582 0.2078 -0.9569265 -0.2304657 -0.3081099 0.9230135 0.2304657 0.3081099 -0.9230135 -0.2455286 -0.4375908 0.8650029 0.2455286 0.4375908 -0.8650029 -0.2143752 -0.5122933 0.8316243 0.2143752 0.5122933 -0.8316243 0.2647639 0.3539632 0.8970006 -0.2647639 -0.3539632 -0.8970006 0.1882776 0.3355558 0.9230135 -0.1882776 -0.3355558 -0.9230135 0.1078026 0.2695744 0.9569265 -0.1078026 -0.2695744 -0.9569265 0.03324773 0.13047 0.9908946 -3.01016e-15 -9.238839e-15 1 3.01016e-15 9.238839e-15 -1 -0.03324773 -0.13047 -0.9908946 8.012369e-15 5.497195e-15 1 -0.1157659 -0.06874654 0.9908946 0.1157659 0.06874654 -0.9908946 -8.012369e-15 -5.497195e-15 -1 -0.2281469 -0.179557 0.9569265 0.2281469 0.179557 -0.9569265 -0.2687104 -0.2753922 0.9230135 0.2687104 0.2753922 -0.9230135 -0.3005452 -0.4017993 0.8650029 0.3005452 0.4017993 -0.8650029 -0.2819658 -0.478475 0.8315991 0.2819658 0.478475 -0.8315991 0.2162974 0.3854937 0.8970006 -0.2162974 -0.3854937 -0.8970006 0.1428681 0.3572602 0.9230135 -0.1428681 -0.3572602 -0.9230135 0.07169378 0.2813392 0.9569265 -0.07169378 -0.2813392 -0.9569265 0.01593353 0.1336935 0.9908946 -1.778497e-15 -9.552704e-15 1 1.778497e-15 9.552704e-15 -1 -0.01593353 -0.1336935 -0.9908946 8.66135e-15 4.404341e-15 1 -0.1237488 -0.05304792 0.9908946 0.1237488 0.05304792 -0.9908946 -8.66135e-15 -4.404341e-15 -1 -0.249632 -0.1482417 0.9569265 0.249632 0.1482417 -0.9569265 -0.3023575 -0.2379624 0.9230135 0.3023575 0.2379624 -0.9230135 -0.3504193 -0.3591328 0.8650029 0.3504193 0.3591328 -0.8650029 -0.3442908 -0.4358432 0.8315676 0.3442908 0.4358432 -0.8315676 0.1641299 0.4104282 0.8970006 -0.1641299 -0.4104282 -0.8970006 0.09501399 0.3728518 0.9230135 -0.09501399 -0.3728518 -0.9230135 0.03435829 0.2882902 0.9569265 -0.03435829 -0.2882902 -0.9569265 -0.001653288 0.1346295 0.9908946 0.001653288 -0.1346295 -0.9908946 -0.1296142 -0.03644163 0.9908946 0.1296142 0.03644163 -0.9908946 -0.2668458 -0.1143899 0.9569265 0.2668458 0.1143899 -0.9569265 -0.3308311 -0.196461 0.9230135 0.3308311 0.196461 -0.9230135 -0.3942977 -0.3103215 0.8650029 0.3942977 0.3103215 -0.8650029 -0.3773616 -0.4411094 0.8142608 -0.4261417 -0.4367381 0.7922519 0.3773616 0.4411094 -0.8142608 0.4261417 0.4367381 -0.7922519 0.1091541 0.4283402 0.8970006 -0.1091541 -0.4283402 -0.8970006 0.0455342 0.3820639 0.9230135 -0.0455342 -0.3820639 -0.9230135 -0.003565069 0.2903085 0.9569265 0.003565069 -0.2903085 -0.9569265 7.545257e-16 -9.687512e-15 1 -0.01921182 0.1332619 0.9908946 0.01921182 -0.1332619 -0.9908946 -7.545257e-16 9.687512e-15 -1 9.506149e-15 2.012545e-15 1 -0.1332619 -0.01921182 0.9908946 0.1332619 0.01921182 -0.9908946 -9.506149e-15 -2.012545e-15 -1 -0.2794938 -0.07858096 0.9569265 0.2794938 0.07858096 -0.9569265 -0.3536441 -0.1515982 0.9230135 0.3536441 0.1515982 -0.9230135 -0.4314295 -0.2562005 0.8650029 0.4314295 0.2562005 -0.8650029 -0.4795018 -0.3773791 0.7922519 0.4795018 0.3773791 -0.7922519 -0.4753334 -0.4568265 0.7519094 0.4753334 0.4568265 -0.7519094 0.05444236 0.438668 0.8969985 0.08104519 0.4353118 0.8966244 -0.08104519 -0.4353118 -0.8966244 -0.05444236 -0.438668 -0.8969985 -0.004724697 0.3847387 0.9230135 0.004724697 -0.3847387 -0.9230135 -0.04142743 0.2873595 0.9569265 0.04142743 -0.2873595 -0.9569265 2.012545e-15 -9.506149e-15 1 -0.03644163 0.1296142 0.9908946 0.03644163 -0.1296142 -0.9908946 -2.012545e-15 9.506149e-15 -1 9.687512e-15 7.545257e-16 1 -0.1346295 -0.001653288 0.9908946 0.1346295 0.001653288 -0.9908946 -9.687512e-15 -7.545257e-16 -1 -0.2873595 -0.04142743 0.9569265 0.2873595 0.04142743 -0.9569265 -0.3704062 -0.1041414 0.9230135 0.3704062 0.1041414 -0.9230135 -0.4611794 -0.1976958 0.8650029 0.4611794 0.1976958 -0.8650029 -0.5246574 -0.311563 0.7922519 0.5246574 0.311563 -0.7922519 -0.5102569 -0.4586893 0.7274902 -0.5565237 -0.4379971 0.7060028 0.5102569 0.4586893 -0.7274902 0.5565237 0.4379971 -0.7060028 -0.005650197 0.4419932 0.8970006 0.005650197 -0.4419932 -0.8970006 -0.05490275 0.3808305 0.9230135 0.05490275 -0.3808305 -0.9230135 -0.07858096 0.2794938 0.9569265 0.07858096 -0.2794938 -0.9569265 3.236129e-15 -9.162133e-15 1 -0.05304792 0.1237488 0.9908946 0.05304792 -0.1237488 -0.9908946 -3.236129e-15 9.162133e-15 -1 9.70312e-15 -5.164034e-16 1 -0.1336935 0.01593353 0.9908946 0.1336935 -0.01593353 -0.9908946 -9.70312e-15 5.164034e-16 -1 -0.2903085 -0.003565069 0.9569265 0.2903085 0.003565069 -0.9569265 -0.3808305 -0.05490275 0.9230135 0.3808305 0.05490275 -0.9230135 -0.4830384 -0.1358085 0.8650029 0.4830384 0.1358085 -0.8650029 -0.5608361 -0.240416 0.7922519 0.5608361 0.240416 -0.7922519 -0.6089326 -0.3616091 0.7060028 0.6089326 0.3616091 -0.7060028 -0.6079698 -0.4422999 0.6593508 0.6079698 0.4422999 -0.6593508 -0.06563744 0.437135 0.8969976 0.06563744 -0.437135 -0.8969976 -0.1041414 0.3704062 0.9230135 0.1041414 -0.3704062 -0.9230135 -0.1143899 0.2668458 0.9569265 0.1143899 -0.2668458 -0.9569265 4.404341e-15 -8.66135e-15 1 -0.06874654 0.1157659 0.9908946 0.06874654 -0.1157659 -0.9908946 -4.404341e-15 8.66135e-15 -1 9.552704e-15 -1.778497e-15 1 -0.13047 0.03324773 0.9908946 0.13047 -0.03324773 -0.9908946 -9.552704e-15 1.778497e-15 -1 -0.2882902 0.03435829 0.9569265 0.2882902 -0.03435829 -0.9569265 -0.3847387 -0.004724697 0.9230135 0.3847387 0.004724697 -0.9230135 -0.4966325 -0.07159745 0.8650029 0.4966325 0.07159745 -0.8650029 -0.5874186 -0.1651555 0.7922519 0.5874186 0.1651555 -0.7922519 -0.6509226 -0.2790338 0.7060028 0.6509226 0.2790338 -0.7060028 -0.6420959 -0.4405347 0.627409 -0.6828238 -0.4054887 0.6077257 0.6420959 0.4405347 -0.627409 0.6828238 0.4054887 -0.6077257 -0.093344 0.4409054 0.8926866 -0.1358085 0.4830384 0.8650029 0.093344 -0.4409054 -0.8926866 0.1358085 -0.4830384 -0.8650029 -0.1515982 0.3536441 0.9230135 0.1515982 -0.3536441 -0.9230135 -0.1482417 0.249632 0.9569265 0.1482417 -0.249632 -0.9569265 5.497195e-15 -8.012369e-15 1 -0.08326889 0.1058023 0.9908946 0.08326889 -0.1058023 -0.9908946 -5.497195e-15 8.012369e-15 -1 9.238839e-15 -3.01016e-15 1 -0.1250141 0.04999304 0.9908946 0.1250141 -0.04999304 -0.9908946 -9.238839e-15 3.01016e-15 -1 -0.2813392 0.07169378 0.9569265 0.2813392 -0.07169378 -0.9569265 -0.3820639 0.0455342 0.9230135 0.3820639 -0.0455342 -0.9230135 -0.5017291 -0.006161372 0.8650029 0.5017291 0.006161372 -0.8650029 -0.6039503 -0.08706901 0.7922519 0.6039503 0.08706901 -0.7922519 -0.6817751 -0.1916842 0.7060028 0.6817751 0.1916842 -0.7060028 -0.7299091 -0.3128933 0.6077257 0.7299091 0.3128933 -0.6077257 -0.7326048 -0.3933422 0.5554928 0.7326048 0.3933422 -0.5554928 -0.1564475 0.5328223 0.8316397 0.1564475 -0.5328223 -0.8316397 -0.1976958 0.4611794 0.8650029 0.1976958 -0.4611794 -0.8650029 -0.196461 0.3308311 0.9230135 0.196461 -0.3308311 -0.9230135 -0.179557 0.2281469 0.9569265 0.179557 -0.2281469 -0.9569265 6.495989e-15 -7.226294e-15 1 -0.09636649 0.09402839 0.9908946 0.09636649 -0.09402839 -0.9908946 -6.495989e-15 7.226294e-15 -1 8.766895e-15 -4.190318e-15 1 -0.1174192 0.06588297 0.9908946 0.1174192 -0.06588297 -0.9908946 -8.766895e-15 4.190318e-15 -1 -0.2695744 0.1078026 0.9569265 0.2695744 -0.1078026 -0.9569265 -0.3728518 0.09501399 0.9230135 0.3728518 -0.09501399 -0.9230135 -0.498241 0.05938013 0.8650029 0.498241 -0.05938013 -0.8650029 -0.6101482 -0.007492789 0.7922519 0.6101482 0.007492789 -0.7922519 -0.7009622 -0.1010548 0.7060028 0.7009622 0.1010548 -0.7060028 -0.7645054 -0.2149442 0.6077257 0.7645054 0.2149442 -0.6077257 -0.7633987 -0.3881922 0.5162647 -0.7964532 -0.3414191 0.4990945 0.7964532 0.3414191 -0.4990945 0.7633987 0.3881922 -0.5162647 -0.2274017 0.5066523 0.83162 0.2274017 -0.5066523 -0.83162 -0.2562005 0.4314295 0.8650029 0.2562005 -0.4314295 -0.8650029 -0.2379624 0.3023575 0.9230135 0.2379624 -0.3023575 -0.9230135 -0.2078 0.2027582 0.9569265 0.2078 -0.2027582 -0.9569265 7.383636e-15 -6.316575e-15 1 -0.1078152 0.08064561 0.9908946 0.1078152 -0.08064561 -0.9908946 -7.383636e-15 6.316575e-15 -1 8.144946e-15 -5.298778e-15 1 -8.144946e-15 5.298778e-15 -1 -0.2531971 0.1420668 0.9569265 0.2531971 -0.1420668 -0.9569265 -0.3572602 0.1428681 0.9230135 0.3572602 -0.1428681 -0.9230135 -0.4862278 0.1239056 0.8650029 0.4862278 -0.1239056 -0.8650029 -0.6059063 0.07221163 0.7922519 0.6059063 -0.07221163 -0.7922519 -0.7081557 -0.008696347 0.7060028 0.7081557 0.008696347 -0.7060028 -0.7860208 -0.1133174 0.6077257 0.7860208 0.1133174 -0.6077257 -0.8342036 -0.2345402 0.4990945 0.8342036 0.2345402 -0.4990945 -0.7996701 -0.4066364 0.4417857 -0.8496566 -0.3412012 0.4020763 0.8496566 0.3412012 -0.4020763 0.7996701 0.4066364 -0.4417857 -0.2940964 0.4711256 0.8315936 0.2940964 -0.4711256 -0.8315936 -0.3103215 0.3942977 0.8650029 0.3103215 -0.3942977 -0.8650029 -0.2753922 0.2687104 0.9230135 0.2753922 -0.2687104 -0.9230135 -0.2324875 0.1739003 0.9569265 0.2324875 -0.1739003 -0.9569265 -0.3355558 0.1882776 0.9230135 0.3355558 -0.1882776 -0.9230135 -0.4658951 0.186311 0.8650029 0.4658951 -0.186311 -0.8650029 -0.5912972 0.1506805 0.7922519 0.5912972 -0.1506805 -0.7922519 -0.7032324 0.08381091 0.7060028 0.7032324 -0.08381091 -0.7060028 -0.7940871 -0.00975161 0.6077257 0.7940871 0.00975161 -0.6077257 -0.8576805 -0.1236482 0.4990945 0.8576805 0.1236482 -0.4990945 -0.8896841 -0.2501388 0.3819591 0.8896841 0.2501388 -0.3819591 -0.355303 0.4269263 0.831561 0.355303 -0.4269263 -0.831561 -0.3591328 0.3504193 0.8650029 0.3591328 -0.3504193 -0.8650029 -0.3081099 0.2304657 0.9230135 0.3081099 -0.2304657 -0.9230135 -0.4375908 0.2455286 0.8650029 0.4375908 -0.2455286 -0.8650029 -0.5665708 0.2265712 0.7922519 0.5665708 -0.2265712 -0.7922519 -0.6862766 0.1748841 0.7060028 0.6862766 -0.1748841 -0.7060028 -0.7885664 0.09398099 0.6077257 0.7885664 -0.09398099 -0.6077257 -0.8664822 -0.01064064 0.4990945 0.8664822 0.01064064 -0.4990945 -0.9147224 -0.1318717 0.3819591 0.9147224 0.1318717 -0.3819591 -0.9072802 -0.3204576 0.2723043 -0.8930018 -0.3154144 0.3210321 -0.9300025 -0.2614745 0.2583145 0.9300025 0.2614745 -0.2583145 0.9072802 0.3204576 -0.2723043 0.8930018 0.3154144 -0.3210321 -0.3885794 0.4322651 0.8137278 -0.4367381 0.4261417 0.7922519 0.3885794 -0.4322651 -0.8137278 0.4367381 -0.4261417 -0.7922519 -0.4017993 0.3005452 0.8650029 0.4017993 -0.3005452 -0.8650029 -0.5321502 0.2985852 0.7922519 0.5321502 -0.2985852 -0.7922519 -0.6575785 0.2629651 0.7060028 0.6575785 -0.2629651 -0.7060028 -0.7695532 0.1961055 0.6077257 0.7695532 -0.1961055 -0.6077257 -0.8604582 0.102549 0.4990945 0.8604582 -0.102549 -0.4990945 -0.9241096 -0.01134832 0.3819591 0.9241096 0.01134832 -0.3819591 -0.9561755 -0.1378479 0.2583145 0.9561755 0.1378479 -0.2583145 -0.933203 -0.3296138 0.1431324 -0.9544718 -0.2683541 0.1302675 0.9544718 0.2683541 -0.1302675 0.933203 0.3296138 -0.1431324 -0.4868185 0.4445836 0.7518998 0.4868185 -0.4445836 -0.7518998 -0.4886244 0.3654903 0.7922519 0.4886244 -0.3654903 -0.7922519 -0.617629 0.3465466 0.7060028 0.617629 -0.3465466 -0.7060028 -0.7373726 0.2948747 0.6077257 0.7373726 -0.2948747 -0.6077257 -0.8397116 0.213984 0.4990945 0.8397116 -0.213984 -0.4990945 -0.9176849 0.1093693 0.3819591 0.9176849 -0.1093693 -0.3819591 -0.965988 -0.0118626 0.2583145 0.965988 0.0118626 -0.2583145 -0.9813334 -0.1414748 0.1302675 0.9813334 0.1414748 -0.1302675 -0.9736632 -0.2184223 0.06535773 0.9736632 0.2184223 -0.06535773 -0.521831 0.4464176 0.7269138 -0.5671117 0.4241986 0.7060028 0.521831 -0.4464176 -0.7269138 0.5671117 -0.4241986 -0.7060028 -0.6925754 0.3885984 0.6077257 0.6925754 -0.3885984 -0.6077257 -0.8045972 0.3217577 0.4990945 0.8045972 -0.3217577 -0.4990945 -0.8955585 0.2282155 0.3819591 0.8955585 -0.2282155 -0.3819591 -0.9592722 0.1143256 0.2583145 0.9592722 -0.1143256 -0.2583145 -0.9914041 -0.01217472 0.1302675 0.9914041 0.01217472 -0.1302675 -0.9782575 -0.2071067 0.0109167 -0.9897673 -0.1426907 -1.747041e-13 0.9897673 0.1426907 1.747041e-13 0.9782575 0.2071067 -0.0109167 -0.6190065 0.4267351 0.6593391 0.6190065 -0.4267351 -0.6593391 -0.653103 0.4248829 0.6268421 0.653103 -0.4248829 -0.6268421 -0.7729762 0.3694599 0.5157588 -0.7423126 0.3747169 0.5554811 0.7423126 -0.3747169 -0.5554811 0.7729762 -0.3694599 -0.5157588 -0.8581087 0.3431569 0.3819591 0.8581087 -0.3431569 -0.3819591 -0.9361431 0.2385577 0.2583145 0.9361431 -0.2385577 -0.2583145 -0.9845117 0.1173336 0.1302675 0.9845117 -0.1173336 -0.1302675 -0.9999246 -0.01227935 -1.317026e-13 0.9999246 0.01227935 1.317026e-13 -0.9711659 -0.2056053 -0.120678 -0.9813334 -0.1414748 -0.1302675 0.9813334 0.1414748 0.1302675 0.9711659 0.2056053 0.120678 -0.8275531 0.3955461 0.3983706 0.8275531 -0.3955461 -0.3983706 -0.9149608 0.2981087 0.271989 -0.8955787 0.3077448 0.3212973 0.8955787 -0.3077448 -0.3212973 0.9149608 -0.2981087 -0.271989 -0.9607739 0.2448344 0.1302675 0.9607739 -0.2448344 -0.1302675 -0.9929729 0.1183421 1.018108e-13 0.9929729 -0.1183421 -1.018108e-13 -0.9914041 -0.01217472 -0.1302675 0.9914041 0.01217472 0.1302675 -0.9471602 -0.2005231 -0.250356 -0.9561755 -0.1378479 -0.2583145 0.9561755 0.1378479 0.2583145 0.9471602 0.2005231 0.250356 -0.9410439 0.306607 0.1429284 0.9410439 -0.306607 -0.1429284 -0.9690311 0.2469386 9.681782e-13 0.9690311 -0.2469386 -9.681782e-13 -0.9845117 0.1173336 -0.1302675 0.9845117 -0.1173336 0.1302675 -0.965988 -0.0118626 -0.2583145 0.965988 0.0118626 0.2583145 -0.9065908 -0.1919341 -0.3758384 -0.9147224 -0.1318717 -0.3819591 0.9147224 0.1318717 0.3819591 0.9065908 0.1919341 0.3758384 -0.9507465 0.3097682 0.01116646 0.9507465 -0.3097682 -0.01116646 -0.9759326 0.1816965 -0.1205899 -0.9790122 0.1930394 -0.06535266 0.9790122 -0.1930394 0.06535266 0.9759326 -0.1816965 0.1205899 -0.9592722 0.1143256 -0.2583145 0.9592722 -0.1143256 0.2583145 -0.9241096 -0.01134832 -0.3819591 0.9241096 0.01134832 0.3819591 -0.8501074 -0.1799761 -0.4949 -0.8576805 -0.1236482 -0.4990945 0.8576805 0.1236482 0.4990945 0.8501074 0.1799761 0.4949 -0.9518526 0.1772134 -0.2501441 0.9518526 -0.1772134 0.2501441 -0.9176849 0.1093693 -0.3819591 0.9176849 -0.1093693 0.3819591 -0.8664822 -0.01064064 -0.4990945 0.8664822 0.01064064 0.4990945 -0.8288244 -0.06953933 -0.5551706 0.8288244 0.06953933 0.5551706 -0.9111592 0.1696372 -0.3755157 0.9111592 -0.1696372 0.3755157 -0.8604582 0.102549 -0.4990945 0.8604582 -0.102549 0.4990945 -0.7954109 -0.06195172 -0.6028959 -0.7940871 -0.00975161 -0.6077257 0.7940871 0.00975161 0.6077257 0.7954109 0.06195172 0.6028959 -0.8545012 0.1590887 -0.4944882 0.8545012 -0.1590887 0.4944882 -0.7885664 0.09398099 -0.6077257 0.7885664 -0.09398099 0.6077257 -0.7093006 -0.05524489 -0.702738 -0.7081557 -0.008696347 -0.7060028 0.7081557 0.008696347 0.7060028 0.7093006 0.05524489 0.702738 -0.7828197 0.1457433 -0.6049398 0.7828197 -0.1457433 0.6049398 -0.7109322 0.03783606 -0.702242 -0.7509191 0.04381999 -0.6589388 0.7509191 -0.04381999 0.6589388 0.7109322 -0.03783606 0.702242 -0.6101482 -0.007492789 -0.7922519 -0.6107109 -0.04756609 -0.7904237 0.6107109 0.04756609 0.7904237 0.6101482 0.007492789 0.7922519 -0.6123174 0.03258775 -0.7899401 0.6123174 -0.03258775 0.7899401 -0.5017291 -0.006161372 -0.8650029 -0.5013463 -0.03904808 -0.8643651 0.5013463 0.03904808 0.8643651 0.5017291 0.006161372 0.8650029 -0.5029029 0.02676467 -0.8639284 0.5029029 -0.02676467 0.8639284 -0.3847387 -0.004724697 -0.9230135 -0.3831216 -0.02983997 -0.9232158 0.3831216 0.02983997 0.9232158 0.3847387 0.004724697 0.9230135 -0.3845971 0.02046839 -0.9228576 0.3845971 -0.02046839 0.9228576 -0.2612592 -0.002843997 -0.9652645 -0.2583322 -0.01934482 -0.9658624 0.2583322 0.01934482 0.9658624 0.2612592 0.002843997 0.9652645 -0.2594843 0.01380984 -0.9656486 0.2594843 -0.01380984 0.9656486 -0.118565 0.1331347 -0.9839804 -0.1951805 -0.0136598 -0.9806722 -0.1951805 -0.0136598 -0.9806722 0.1951805 0.0136598 0.9806722 0.1951805 0.0136598 0.9806722 0.118565 -0.1331347 0.9839804 -0.1297851 0.006907209 -0.9915181 0.1297851 -0.006907209 0.9915181 -0.06602137 0.06553283 -0.9956639 0.06602137 -0.06553283 0.9956639 -0.06430302 0.4280524 -0.9014634 0.06430302 -0.4280524 0.9014634</float_array>
                    <technique_common>
                        <accessor count="768" source="#ID142" stride="3">
                            <param name="X" type="float" />
                            <param name="Y" type="float" />
                            <param name="Z" type="float" />
                        </accessor>
                    </technique_common>
                </source>
                <vertices id="ID140">
                    <input semantic="POSITION" source="#ID138" />
                    <input semantic="NORMAL" source="#ID139" />
                </vertices>
                <triangles count="1164" material="Material2">
                    <input offset="0" semantic="VERTEX" source="#ID140" />
                    <p>0 1 2 3 4 5 2 6 7 8 9 3 10 0 2 0 10 11 12 13 5 3 5 13 14 15 0 5 16 17 7 18 19 20 21 8 22 2 7 2 22 10 13 23 3 8 3 23 24 11 10 11 24 25 26 27 12 13 12 27 11 14 0 14 11 28 29 12 17 5 17 12 30 31 14 17 32 33 19 34 35 36 37 20 38 7 19 7 38 22 23 39 8 20 8 39 40 10 22 10 40 24 27 41 13 23 13 41 42 25 24 25 42 43 44 45 26 27 26 45 25 28 11 28 25 46 47 26 29 12 29 26 28 30 14 30 28 48 49 29 33 17 33 29 50 51 30 33 52 53 35 54 55 56 57 36 58 19 35 19 58 38 39 59 20 36 20 59 60 22 38 22 60 40 41 61 23 39 23 61 62 24 40 24 62 42 45 63 27 41 27 63 43 46 25 46 43 64 65 44 47 26 47 44 46 48 28 48 46 66 67 47 49 29 49 47 48 50 30 50 48 68 69 49 53 33 53 49 70 71 50 53 72 73 55 74 75 76 77 56 78 35 55 35 78 58 59 79 36 56 36 79 80 38 58 38 80 60 61 81 39 59 39 81 82 40 60 40 82 62 63 83 41 61 41 83 64 66 46 66 64 84 85 65 67 47 67 65 66 68 48 68 66 86 87 67 69 49 69 67 68 70 50 70 68 88 89 69 73 53 73 69 70 90 91 92 93 73 75 94 95 96 97 76 98 55 75 55 98 78 79 99 56 76 56 99 100 58 78 58 100 80 81 101 59 79 59 101 102 60 80 60 102 82 83 103 61 81 61 103 84 86 66 86 84 104 105 85 87 67 87 85 86 88 68 88 86 106 107 87 89 69 89 87 70 108 90 108 70 88 89 73 109 93 109 73 90 110 111 112 113 93 95 114 115 116 117 96 118 75 95 75 118 98 99 119 76 96 76 119 120 78 98 78 120 100 101 121 79 99 79 121 122 80 100 80 122 102 103 123 81 101 81 123 104 106 86 106 104 124 125 105 107 87 107 105 88 126 108 126 88 106 107 89 127 109 127 89 90 128 110 128 90 108 109 93 129 113 129 93 110 130 131 132 133 113 115 134 135 136 137 116 138 95 115 95 138 118 119 139 96 116 96 139 140 98 118 98 140 120 121 141 99 119 99 141 142 100 120 100 142 122 123 143 101 121 101 143 106 144 126 144 106 124 125 107 145 127 145 107 108 146 128 146 108 126 127 109 147 129 147 109 110 148 130 148 110 128 129 113 149 133 149 113 130 150 151 152 153 133 154 155 135 136 156 157 138 135 158 135 138 115 116 139 136 159 136 139 160 118 138 118 160 140 141 161 119 139 119 161 162 120 140 120 162 163 120 163 142 143 164 121 164 165 121 141 121 165 126 166 146 166 126 144 145 127 167 147 167 127 128 168 148 168 128 146 147 129 169 149 169 129 130 170 150 170 130 148 149 133 171 153 171 133 150 172 173 174 175 153 176 177 155 156 178 179 158 155 180 155 158 135 136 159 156 181 156 159 160 158 182 158 160 138 139 161 159 183 159 161 184 140 160 140 184 162 165 185 141 161 141 185 146 186 168 186 146 166 167 147 187 169 187 147 148 188 170 188 148 168 169 149 189 171 189 149 150 190 172 190 150 170 171 153 191 175 191 153 172 192 193 194 195 175 196 197 177 178 198 199 180 177 200 177 180 155 156 181 178 201 178 181 182 180 202 180 182 158 159 183 181 203 181 183 184 182 204 182 184 160 161 185 183 205 183 185 168 206 188 206 168 186 187 169 207 189 207 169 170 208 190 208 170 188 189 171 209 191 209 171 172 210 192 210 172 190 191 175 211 195 211 175 192 212 213 214 215 195 216 217 197 198 218 219 200 197 220 197 200 177 178 201 198 221 198 201 202 200 222 200 202 180 181 203 201 223 201 203 224 202 225 202 224 182 182 224 204 205 226 183 183 226 203 227 203 226 188 228 208 228 188 206 207 189 229 209 229 189 190 230 210 230 190 208 209 191 231 211 231 191 192 232 212 232 192 210 211 195 233 215 233 195 212 234 235 236 237 215 238 239 217 218 240 241 220 217 242 217 220 197 198 221 218 243 218 221 222 220 244 220 222 200 201 223 221 245 221 223 225 222 246 222 225 202 203 227 223 247 223 227 224 225 248 249 227 226 208 250 230 250 208 228 229 209 251 231 251 209 210 252 232 252 210 230 231 211 253 233 253 211 212 254 234 254 212 232 233 215 255 237 255 215 234 256 257 258 259 237 260 261 239 240 262 263 242 239 264 239 242 217 218 243 240 265 240 243 244 242 266 242 244 220 221 245 243 267 243 245 246 244 268 244 246 222 223 247 245 269 245 247 248 246 270 246 248 225 227 249 247 271 247 249 230 272 252 272 230 250 251 231 273 253 273 231 232 274 254 274 232 252 253 233 275 255 275 233 234 276 256 276 234 254 255 237 277 259 277 237 256 278 279 280 281 259 282 283 261 262 284 285 264 261 286 261 264 239 240 265 262 287 262 265 266 264 288 264 266 242 243 267 265 289 265 267 268 266 290 266 268 244 245 269 267 291 267 269 270 268 292 268 270 246 247 271 269 293 269 271 252 294 274 294 252 272 273 253 295 275 295 253 254 296 276 296 254 274 275 255 297 277 297 255 256 298 278 298 256 276 277 259 299 281 299 259 278 300 301 302 303 281 304 305 283 284 306 307 286 283 308 283 286 261 262 287 284 309 284 287 288 286 310 286 288 264 265 289 287 311 287 289 290 288 312 288 290 266 267 291 289 313 289 291 292 290 314 290 292 268 269 293 291 315 291 293 274 316 296 316 274 294 295 275 317 297 317 275 276 318 298 318 276 296 297 277 319 299 319 277 278 320 300 320 278 298 299 281 321 303 321 281 300 322 238 241 323 303 114 324 305 306 325 117 308 305 326 305 308 283 284 309 306 327 306 309 310 308 328 308 310 286 287 311 309 329 309 311 312 310 330 310 312 288 289 313 311 331 311 313 332 312 333 312 332 314 312 314 290 291 315 313 315 334 313 335 313 334 296 336 318 336 296 316 317 297 337 319 337 297 298 338 320 338 298 318 319 299 339 321 339 299 322 320 340 320 322 300 303 323 321 341 321 323 342 322 343 344 323 345 346 347 324 325 348 349 326 324 350 324 326 305 306 327 325 351 325 327 328 326 352 326 328 308 309 329 327 353 327 329 330 328 354 328 330 310 311 331 329 355 329 331 333 330 356 330 333 312 313 335 331 357 331 335 332 333 358 359 335 334 318 360 338 360 318 361 361 318 336 337 319 362 362 319 363 339 363 319 340 338 364 338 340 320 321 341 339 365 339 341 343 340 366 340 343 322 323 344 341 367 341 344 368 343 369 370 344 371 372 373 347 348 374 375 350 347 376 347 350 324 325 351 348 377 348 351 352 350 378 350 352 326 327 353 351 379 351 353 354 352 380 352 354 328 329 355 353 381 353 355 356 354 382 354 356 330 331 357 355 383 355 357 384 356 385 356 384 358 356 358 333 335 359 357 359 386 357 387 357 386 364 360 388 360 364 338 339 365 363 389 363 365 366 364 390 364 366 340 341 367 365 391 365 367 369 366 392 366 369 343 344 370 367 393 367 370 394 369 395 396 370 397 398 399 373 374 400 401 376 373 402 373 376 347 348 377 374 403 374 377 378 376 404 376 378 350 351 379 377 405 377 379 380 378 406 378 380 352 353 381 379 407 379 381 382 380 408 380 382 354 355 383 381 409 381 383 385 382 410 382 385 356 357 387 383 411 383 387 384 385 412 413 387 386 390 388 414 388 390 364 365 391 389 415 389 391 392 390 416 390 392 366 367 393 391 417 391 393 395 392 418 392 395 369 370 396 393 419 393 396 420 395 421 422 396 423 424 425 399 400 426 427 373 428 402 428 373 399 400 374 429 403 429 374 404 402 430 402 404 376 377 405 403 431 403 405 406 404 432 404 406 378 379 407 405 433 405 407 408 406 434 406 408 380 381 409 407 435 407 409 410 408 436 408 410 382 383 411 409 437 409 411 438 410 439 410 438 412 410 412 385 387 413 411 413 440 411 441 411 440 416 442 443 442 416 390 442 390 414 415 391 444 391 417 444 445 444 417 418 416 446 416 418 392 393 419 417 447 417 419 421 418 448 418 421 395 396 422 419 449 419 422 450 421 451 452 422 453 454 455 425 426 456 457 399 458 428 458 399 425 426 400 459 429 459 400 402 460 430 460 402 428 429 403 461 431 461 403 432 430 462 430 432 404 405 433 431 463 431 433 434 432 464 432 434 406 407 435 433 465 433 435 436 434 466 434 436 408 409 437 435 467 435 437 410 468 439 468 410 436 437 411 469 441 469 411 439 470 438 440 471 441 442 472 443 445 473 444 446 443 474 443 446 416 417 447 445 475 445 447 448 446 476 446 448 418 419 449 447 477 447 449 451 448 478 448 451 421 422 452 449 479 449 452 480 451 481 482 452 483 484 485 455 456 486 487 425 488 458 488 425 455 456 426 489 459 489 426 428 490 460 490 428 458 459 429 491 461 491 429 430 492 462 492 430 460 461 431 493 463 493 431 464 462 494 462 464 432 433 465 463 495 463 465 466 464 496 464 466 434 435 467 465 497 465 467 436 498 468 498 436 466 467 437 499 469 499 437 439 500 470 500 439 468 500 468 501 502 469 503 469 441 503 471 503 441 474 472 504 472 474 443 445 475 473 505 473 475 476 474 506 474 476 446 447 477 475 507 475 477 478 476 508 476 478 448 449 479 477 509 477 479 481 478 510 478 481 451 452 482 479 511 479 482 512 481 513 514 482 515 516 513 485 486 514 517 455 518 488 518 455 485 486 456 519 489 519 456 458 520 490 520 458 488 489 459 521 491 521 459 460 522 492 522 460 490 491 461 523 493 523 461 462 524 494 524 462 492 493 463 525 495 525 463 496 494 526 494 496 464 465 497 495 527 495 497 466 528 498 528 466 496 497 467 529 499 529 467 468 530 501 530 468 498 499 469 531 502 531 469 501 532 500 532 501 533 534 502 535 503 535 502 506 504 536 504 506 474 475 507 505 537 505 507 508 506 538 506 508 476 477 509 507 539 507 509 510 508 540 508 510 478 479 511 509 541 509 511 513 510 542 510 513 481 482 514 511 543 511 514 485 542 518 542 485 513 514 486 543 519 543 486 488 544 520 544 488 518 519 489 545 521 545 489 490 546 522 546 490 520 521 491 547 523 547 491 492 548 524 548 492 522 523 493 549 525 549 493 494 550 526 550 494 524 525 495 551 527 551 495 496 552 528 552 496 526 527 497 553 529 553 497 498 554 530 554 498 528 529 499 555 531 555 499 501 556 533 556 501 530 531 502 557 534 557 502 538 536 558 536 538 506 507 539 537 559 537 539 540 538 560 538 540 508 509 541 539 561 539 541 542 540 562 540 542 510 511 543 541 563 541 543 518 562 544 562 518 542 543 519 563 545 563 519 520 564 546 564 520 544 545 521 565 547 565 521 522 566 548 566 522 546 547 523 567 549 567 523 524 568 550 568 524 548 549 525 569 551 569 525 526 570 552 570 526 550 551 527 571 553 571 527 528 572 554 572 528 552 553 529 573 555 573 529 530 574 556 574 530 554 555 531 575 557 575 531 533 576 577 576 533 556 576 556 578 579 557 580 557 534 580 581 580 534 560 582 583 582 560 558 558 560 538 539 561 559 559 561 584 585 584 561 562 560 586 560 562 540 541 563 561 587 561 563 544 586 564 586 544 562 563 545 587 565 587 545 546 588 566 588 546 564 565 547 589 567 589 547 548 590 568 590 548 566 567 549 591 569 591 549 568 570 550 570 568 592 593 569 571 551 571 569 552 594 572 594 552 570 571 553 595 573 595 553 554 596 574 596 554 572 573 555 597 575 597 555 556 598 578 598 556 574 575 557 599 579 599 557 578 600 576 600 578 601 602 579 603 580 603 579 582 604 583 585 605 584 586 583 606 583 586 560 561 587 585 607 585 587 564 606 588 606 564 586 587 565 607 589 607 565 566 608 590 608 566 588 589 567 609 591 609 567 590 592 568 592 590 610 611 591 593 569 593 591 592 594 570 594 592 612 613 593 595 571 595 593 572 614 596 614 572 594 595 573 615 597 615 573 574 616 598 616 574 596 597 575 617 599 617 575 578 618 601 618 578 598 599 579 619 602 619 579 601 620 600 603 621 602 606 622 623 622 606 604 604 606 583 585 607 605 605 607 624 625 624 607 588 623 608 623 588 606 607 589 625 609 625 589 608 610 590 610 608 626 627 609 611 591 611 609 610 612 592 612 610 628 629 611 613 593 613 611 612 614 594 614 612 630 631 613 615 595 615 613 596 632 616 632 596 614 615 597 633 617 633 597 598 634 618 634 598 616 617 599 635 619 635 599 601 636 620 636 601 618 636 618 637 638 619 639 619 602 639 621 639 602 622 640 623 625 641 624 608 642 626 642 608 640 640 608 623 625 609 641 641 609 643 627 643 609 626 628 610 628 626 644 644 626 645 646 627 647 647 627 629 611 629 627 628 630 612 630 628 648 649 629 631 613 631 629 630 632 614 632 630 650 651 631 633 615 633 631 616 652 634 652 616 632 633 617 653 635 653 617 618 654 637 654 618 634 635 619 655 638 655 619 637 656 636 656 637 657 658 638 659 639 659 638 642 645 626 627 646 643 644 648 628 648 644 660 661 647 649 629 649 647 648 650 630 650 648 662 662 648 663 664 649 665 665 649 651 631 651 649 650 652 632 652 650 666 667 651 653 633 653 651 634 668 654 668 634 652 653 635 669 655 669 635 654 657 637 657 654 670 671 655 658 638 658 655 657 672 656 672 657 673 674 658 675 659 675 658 660 663 648 649 664 661 662 666 650 666 662 676 677 665 667 651 667 665 666 668 652 668 666 678 679 667 669 653 669 667 668 670 654 670 668 680 681 669 671 655 671 669 670 673 657 673 670 682 683 671 674 658 674 671 673 684 672 684 673 685 686 674 687 675 687 674 676 678 666 678 676 688 689 677 679 667 679 677 668 690 680 690 668 678 690 678 691 692 679 693 679 669 693 681 693 669 680 682 670 682 680 694 695 681 683 671 683 681 682 685 673 685 682 696 697 683 686 674 686 683 685 698 684 698 685 699 700 686 701 687 701 686 688 691 678 679 692 689 680 702 694 702 680 690 693 681 703 695 703 681 694 696 682 696 694 704 705 695 697 683 697 695 696 699 685 699 696 706 707 697 700 686 700 697 708 698 699 700 701 709 694 710 704 710 694 702 703 695 711 705 711 695 704 706 696 706 704 712 713 705 707 697 707 705 706 708 699 708 706 714 714 706 715 716 707 717 717 707 709 700 709 707 704 718 712 718 704 710 711 705 719 713 719 705 712 715 706 715 712 720 721 713 716 707 716 713 715 722 714 722 715 723 724 716 725 717 725 716 712 726 720 726 712 718 719 713 727 721 727 713 720 723 715 723 720 728 728 720 729 730 721 731 731 721 724 716 724 721 732 722 723 722 732 733 734 735 725 724 725 735 726 729 720 721 730 727 728 732 723 732 728 736 737 731 735 724 735 731 738 733 732 733 738 739 740 741 734 735 734 741 736 738 732 738 736 742 743 737 741 735 741 737 744 739 738 739 744 745 746 747 740 741 740 747 742 744 738 744 742 748 749 743 747 741 747 743 750 745 744 745 750 751 752 753 746 747 746 753 748 750 744 750 748 754 755 749 753 747 753 749 756 751 750 751 756 757 751 757 758 759 760 752 760 761 752 753 752 761 754 756 750 756 754 762 763 755 761 753 761 755 764 756 762 763 761 765 764 766 756 761 767 765</p>
                </triangles>
            </mesh>
        </geometry>
        <geometry id="ID143">
            <mesh>
                <source id="ID146">
                    <float_array id="ID148" count="9">3.348645 3.348645 0 3.785445 3.355985 0.0276726 3.794301 3.356419 0.0298714</float_array>
                    <technique_common>
                        <accessor count="3" source="#ID148" stride="3">
                            <param name="X" type="float" />
                            <param name="Y" type="float" />
                            <param name="Z" type="float" />
                        </accessor>
                    </technique_common>
                </source>
                <vertices id="ID147">
                    <input semantic="POSITION" source="#ID146" />
                </vertices>
                <lines count="2" material="Material2">
                    <input offset="0" semantic="VERTEX" source="#ID147" />
                    <p>1 0 2 1</p>
                </lines>
            </mesh>
        </geometry>
        <geometry id="ID149">
            <mesh>
                <source id="ID150">
                    <float_array id="ID152" count="6">2.902989 3.340872 0.0298714 2.911845 3.341306 0.0276726</float_array>
                    <technique_common>
                        <accessor count="2" source="#ID152" stride="3">
                            <param name="X" type="float" />
                            <param name="Y" type="float" />
                            <param name="Z" type="float" />
                        </accessor>
                    </technique_common>
                </source>
                <vertices id="ID151">
                    <input semantic="POSITION" source="#ID150" />
                </vertices>
                <lines count="1" material="Material2">
                    <input offset="0" semantic="VERTEX" source="#ID151" />
                    <p>1 0</p>
                </lines>
            </mesh>
        </geometry>
        <geometry id="ID153">
            <mesh>
                <source id="ID154">
                    <float_array id="ID156" count="6">0.1207588 2.461062 3.346457 0.1247456 2.442231 3.346457</float_array>
                    <technique_common>
                        <accessor count="2" source="#ID156" stride="3">
                            <param name="X" type="float" />
                            <param name="Y" type="float" />
                            <param name="Z" type="float" />
                        </accessor>
                    </technique_common>
                </source>
                <vertices id="ID155">
                    <input semantic="POSITION" source="#ID154" />
                </vertices>
                <lines count="1" material="Material2">
                    <input offset="0" semantic="VERTEX" source="#ID155" />
                    <p>1 0</p>
                </lines>
            </mesh>
        </geometry>
        <geometry id="ID158">
            <mesh>
                <source id="ID159">
                    <float_array id="ID162" count="864">0.5680747 0.4082727 0 0.5804899 0.3716985 5.610236 0.5804899 0.3716985 0 0.5680747 0.4082727 5.610236 0.5680747 0.4082727 5.610236 0.5680747 0.4082727 0 0.5804899 0.3716985 5.610236 0.5804899 0.3716985 0 0.5880251 0.3338168 5.610236 0.5880251 0.3338168 0 0.5880251 0.3338168 5.610236 0.5880251 0.3338168 0 0.5509918 0.4429134 0 0.5509918 0.4429134 5.610236 0.5509918 0.4429134 5.610236 0.5509918 0.4429134 0 0.002526124 0.2567344 5.610236 0.002526124 0.3338168 5.610236 0 0.2952756 5.610236 0.01006127 0.3716985 5.610236 0.01006127 0.2188526 5.610236 0.02247652 0.4082727 5.610236 0.02247652 0.1822785 5.610236 0.03955943 0.1476378 5.610236 0.03955943 0.4429134 5.610236 0.06101771 0.475028 5.610236 0.06101771 0.1155232 5.610236 0.08648422 0.504067 5.610236 0.08648422 0.08648422 5.610236 0.1155232 0.5295335 5.610236 0.1155232 0.06101771 5.610236 0.1476378 0.5509918 5.610236 0.1476378 0.03955943 5.610236 0.1822785 0.02247652 5.610236 0.1822785 0.5680747 5.610236 0.2188526 0.5804899 5.610236 0.2188526 0.01006127 5.610236 0.2567344 0.002526124 5.610236 0.2567344 0.5880251 5.610236 0.2952756 0.5905512 5.610236 0.2952756 0 5.610236 0.3338168 0.5880251 5.610236 0.3338168 0.002526124 5.610236 0.3716985 0.01006127 5.610236 0.3716985 0.5804899 5.610236 0.4082727 0.02247652 5.610236 0.4082727 0.5680747 5.610236 0.4429134 0.03955943 5.610236 0.4429134 0.5509918 5.610236 0.475028 0.06101771 5.610236 0.475028 0.5295335 5.610236 0.504067 0.08648422 5.610236 0.504067 0.504067 5.610236 0.5295335 0.1155232 5.610236 0.5295335 0.475028 5.610236 0.5509918 0.1476378 5.610236 0.5509918 0.4429134 5.610236 0.5680747 0.1822785 5.610236 0.5680747 0.4082727 5.610236 0.5804899 0.2188526 5.610236 0.5804899 0.3716985 5.610236 0.5880251 0.2567344 5.610236 0.5880251 0.3338168 5.610236 0.5905512 0.2952756 5.610236 0.5905512 0.2952756 5.610236 0.5880251 0.2567344 5.610236 0.5880251 0.3338168 5.610236 0.5804899 0.3716985 5.610236 0.5804899 0.2188526 5.610236 0.5680747 0.4082727 5.610236 0.5680747 0.1822785 5.610236 0.5509918 0.4429134 5.610236 0.5509918 0.1476378 5.610236 0.5295335 0.475028 5.610236 0.5295335 0.1155232 5.610236 0.504067 0.504067 5.610236 0.504067 0.08648422 5.610236 0.475028 0.5295335 5.610236 0.475028 0.06101771 5.610236 0.4429134 0.5509918 5.610236 0.4429134 0.03955943 5.610236 0.4082727 0.5680747 5.610236 0.4082727 0.02247652 5.610236 0.3716985 0.5804899 5.610236 0.3716985 0.01006127 5.610236 0.3338168 0.5880251 5.610236 0.3338168 0.002526124 5.610236 0.2952756 0 5.610236 0.2952756 0.5905512 5.610236 0.2567344 0.002526124 5.610236 0.2567344 0.5880251 5.610236 0.2188526 0.5804899 5.610236 0.2188526 0.01006127 5.610236 0.1822785 0.02247652 5.610236 0.1822785 0.5680747 5.610236 0.1476378 0.5509918 5.610236 0.1476378 0.03955943 5.610236 0.1155232 0.06101771 5.610236 0.1155232 0.5295335 5.610236 0.08648422 0.08648422 5.610236 0.08648422 0.504067 5.610236 0.06101771 0.1155232 5.610236 0.06101771 0.475028 5.610236 0.03955943 0.1476378 5.610236 0.03955943 0.4429134 5.610236 0.02247652 0.4082727 5.610236 0.02247652 0.1822785 5.610236 0.01006127 0.2188526 5.610236 0.01006127 0.3716985 5.610236 0.002526124 0.2567344 5.610236 0.002526124 0.3338168 5.610236 0 0.2952756 5.610236 0.5905512 0.2952756 5.610236 0.5905512 0.2952756 0 0.5905512 0.2952756 5.610236 0.5905512 0.2952756 0 0.5295335 0.475028 0 0.5295335 0.475028 5.610236 0.5295335 0.475028 5.610236 0.5295335 0.475028 0 0.01006127 0.2188526 5.610236 0.02247652 0.1822785 0 0.02247652 0.1822785 5.610236 0.01006127 0.2188526 0 0.01006127 0.2188526 0 0.01006127 0.2188526 5.610236 0.02247652 0.1822785 0 0.02247652 0.1822785 5.610236 0.03955943 0.1476378 0 0.03955943 0.1476378 5.610236 0.03955943 0.1476378 0 0.03955943 0.1476378 5.610236 0.06101771 0.1155232 0 0.06101771 0.1155232 5.610236 0.06101771 0.1155232 0 0.06101771 0.1155232 5.610236 0.08648422 0.08648422 0 0.08648422 0.08648422 5.610236 0.08648422 0.08648422 0 0.08648422 0.08648422 5.610236 0.1155232 0.06101771 5.610236 0.1155232 0.06101771 0 0.1155232 0.06101771 5.610236 0.1155232 0.06101771 0 0.1476378 0.03955943 5.610236 0.1476378 0.03955943 0 0.1476378 0.03955943 5.610236 0.1476378 0.03955943 0 0.1822785 0.02247652 5.610236 0.1822785 0.02247652 0 0.1822785 0.02247652 5.610236 0.1822785 0.02247652 0 0.2188526 0.01006127 5.610236 0.2188526 0.01006127 0 0.2188526 0.01006127 5.610236 0.2188526 0.01006127 0 0.2567344 0.002526124 5.610236 0.2567344 0.002526124 0 0.2567344 0.002526124 5.610236 0.2567344 0.002526124 0 0.2952756 0 5.610236 0.2952756 0 0 0.2952756 0 5.610236 0.2952756 0 0 0.3338168 0.002526124 5.610236 0.3338168 0.002526124 0 0.3338168 0.002526124 5.610236 0.3338168 0.002526124 0 0.3716985 0.01006127 5.610236 0.3716985 0.01006127 0 0.3716985 0.01006127 5.610236 0.3716985 0.01006127 0 0.4082727 0.02247652 5.610236 0.4082727 0.02247652 0 0.4082727 0.02247652 5.610236 0.4082727 0.02247652 0 0.4429134 0.03955943 5.610236 0.4429134 0.03955943 0 0.4429134 0.03955943 5.610236 0.4429134 0.03955943 0 0.475028 0.06101771 5.610236 0.475028 0.06101771 0 0.475028 0.06101771 5.610236 0.475028 0.06101771 0 0.504067 0.08648422 5.610236 0.504067 0.08648422 0 0.504067 0.08648422 5.610236 0.504067 0.08648422 0 0.5295335 0.1155232 0 0.5295335 0.1155232 5.610236 0.5295335 0.1155232 5.610236 0.5295335 0.1155232 0 0.5509918 0.1476378 0 0.5509918 0.1476378 5.610236 0.5509918 0.1476378 5.610236 0.5509918 0.1476378 0 0.5680747 0.1822785 0 0.5680747 0.1822785 5.610236 0.5680747 0.1822785 5.610236 0.5680747 0.1822785 0 0.5804899 0.2188526 0 0.5804899 0.2188526 5.610236 0.5804899 0.2188526 5.610236 0.5804899 0.2188526 0 0.5880251 0.2567344 0 0.5880251 0.2567344 5.610236 0.5880251 0.2567344 5.610236 0.5880251 0.2567344 0 0.504067 0.504067 0 0.504067 0.504067 5.610236 0.504067 0.504067 5.610236 0.504067 0.504067 0 0.475028 0.5295335 5.610236 0.475028 0.5295335 0 0.475028 0.5295335 5.610236 0.475028 0.5295335 0 0.4429134 0.5509918 5.610236 0.4429134 0.5509918 0 0.4429134 0.5509918 5.610236 0.4429134 0.5509918 0 0.4082727 0.5680747 5.610236 0.4082727 0.5680747 0 0.4082727 0.5680747 5.610236 0.4082727 0.5680747 0 0.3716985 0.5804899 5.610236 0.3716985 0.5804899 0 0.3716985 0.5804899 5.610236 0.3716985 0.5804899 0 0.3338168 0.5880251 5.610236 0.3338168 0.5880251 0 0.3338168 0.5880251 5.610236 0.3338168 0.5880251 0 0.2952756 0.5905512 5.610236 0.2952756 0.5905512 0 0.2952756 0.5905512 5.610236 0.2952756 0.5905512 0 0.2567344 0.5880251 5.610236 0.2567344 0.5880251 0 0.2567344 0.5880251 5.610236 0.2567344 0.5880251 0 0.2188526 0.5804899 5.610236 0.2188526 0.5804899 0 0.2188526 0.5804899 5.610236 0.2188526 0.5804899 0 0.1822785 0.5680747 5.610236 0.1822785 0.5680747 0 0.1822785 0.5680747 5.610236 0.1822785 0.5680747 0 0.1476378 0.5509918 5.610236 0.1476378 0.5509918 0 0.1476378 0.5509918 5.610236 0.1476378 0.5509918 0 0.1155232 0.5295335 5.610236 0.1155232 0.5295335 0 0.1155232 0.5295335 5.610236 0.1155232 0.5295335 0 0.08648422 0.504067 5.610236 0.08648422 0.504067 0 0.08648422 0.504067 5.610236 0.08648422 0.504067 0 0.06101771 0.475028 0 0.06101771 0.475028 5.610236 0.06101771 0.475028 0 0.06101771 0.475028 5.610236 0.03955943 0.4429134 0 0.03955943 0.4429134 5.610236 0.03955943 0.4429134 0 0.03955943 0.4429134 5.610236 0.02247652 0.4082727 0 0.02247652 0.4082727 5.610236 0.02247652 0.4082727 0 0.02247652 0.4082727 5.610236 0.01006127 0.3716985 0 0.01006127 0.3716985 5.610236 0.01006127 0.3716985 0 0.01006127 0.3716985 5.610236 0.002526124 0.3338168 0 0.002526124 0.3338168 5.610236 0.002526124 0.3338168 0 0.002526124 0.3338168 5.610236 0 0.2952756 0 0 0.2952756 5.610236 0 0.2952756 0 0 0.2952756 5.610236 0.002526124 0.2567344 0 0.002526124 0.2567344 5.610236 0.002526124 0.2567344 0 0.002526124 0.2567344 5.610236</float_array>
                    <technique_common>
                        <accessor count="288" source="#ID162" stride="3">
                            <param name="X" type="float" />
                            <param name="Y" type="float" />
                            <param name="Z" type="float" />
                        </accessor>
                    </technique_common>
                </source>
                <source id="ID160">
                    <float_array id="ID163" count="864">0.9238795 0.3826834 0 0.9659258 0.258819 0 0.9659258 0.258819 0 0.9238795 0.3826834 0 -0.9238795 -0.3826834 -0 -0.9238795 -0.3826834 -0 -0.9659258 -0.258819 -0 -0.9659258 -0.258819 -0 0.9914449 0.1305262 0 0.9914449 0.1305262 0 -0.9914449 -0.1305262 -0 -0.9914449 -0.1305262 -0 0.8660254 0.5 0 0.8660254 0.5 0 -0.8660254 -0.5 -0 -0.8660254 -0.5 -0 0 0 1 0 0 1 0 0 1 0 0 1 0 0 1 0 0 1 0 0 1 0 0 1 0 0 1 0 0 1 0 0 1 0 0 1 0 0 1 0 0 1 0 0 1 0 0 1 0 0 1 0 0 1 0 0 1 0 0 1 0 0 1 0 0 1 0 0 1 0 0 1 0 0 1 0 0 1 0 0 1 0 0 1 0 0 1 0 0 1 0 0 1 0 0 1 0 0 1 0 0 1 0 0 1 0 0 1 0 0 1 0 0 1 0 0 1 0 0 1 0 0 1 0 0 1 0 0 1 0 0 1 0 0 1 0 0 1 0 0 1 0 0 1 -0 -0 -1 -0 -0 -1 -0 -0 -1 -0 -0 -1 -0 -0 -1 -0 -0 -1 -0 -0 -1 -0 -0 -1 -0 -0 -1 -0 -0 -1 -0 -0 -1 -0 -0 -1 -0 -0 -1 -0 -0 -1 -0 -0 -1 -0 -0 -1 -0 -0 -1 -0 -0 -1 -0 -0 -1 -0 -0 -1 -0 -0 -1 -0 -0 -1 -0 -0 -1 -0 -0 -1 -0 -0 -1 -0 -0 -1 -0 -0 -1 -0 -0 -1 -0 -0 -1 -0 -0 -1 -0 -0 -1 -0 -0 -1 -0 -0 -1 -0 -0 -1 -0 -0 -1 -0 -0 -1 -0 -0 -1 -0 -0 -1 -0 -0 -1 -0 -0 -1 -0 -0 -1 -0 -0 -1 -0 -0 -1 -0 -0 -1 -0 -0 -1 -0 -0 -1 -0 -0 -1 -0 -0 -1 1 -1.492632e-12 0 1 -1.492632e-12 0 -1 1.492632e-12 -0 -1 1.492632e-12 -0 0.7933533 0.6087614 0 0.7933533 0.6087614 0 -0.7933533 -0.6087614 -0 -0.7933533 -0.6087614 -0 -0.9659258 -0.258819 0 -0.9238795 -0.3826834 0 -0.9238795 -0.3826834 0 -0.9659258 -0.258819 0 0.9659258 0.258819 -0 0.9659258 0.258819 -0 0.9238795 0.3826834 -0 0.9238795 0.3826834 -0 -0.8660254 -0.5 0 -0.8660254 -0.5 0 0.8660254 0.5 -0 0.8660254 0.5 -0 -0.7933533 -0.6087614 0 -0.7933533 -0.6087614 0 0.7933533 0.6087614 -0 0.7933533 0.6087614 -0 -0.7071068 -0.7071068 0 -0.7071068 -0.7071068 0 0.7071068 0.7071068 -0 0.7071068 0.7071068 -0 -0.6087614 -0.7933533 0 -0.6087614 -0.7933533 0 0.6087614 0.7933533 -0 0.6087614 0.7933533 -0 -0.5 -0.8660254 0 -0.5 -0.8660254 0 0.5 0.8660254 -0 0.5 0.8660254 -0 -0.3826834 -0.9238795 0 -0.3826834 -0.9238795 0 0.3826834 0.9238795 -0 0.3826834 0.9238795 -0 -0.258819 -0.9659258 0 -0.258819 -0.9659258 0 0.258819 0.9659258 -0 0.258819 0.9659258 -0 -0.1305262 -0.9914449 0 -0.1305262 -0.9914449 0 0.1305262 0.9914449 -0 0.1305262 0.9914449 -0 8.929088e-15 -1 0 8.929088e-15 -1 0 -8.929088e-15 1 -0 -8.929088e-15 1 -0 0.1305262 -0.9914449 0 0.1305262 -0.9914449 0 -0.1305262 0.9914449 -0 -0.1305262 0.9914449 -0 0.258819 -0.9659258 0 0.258819 -0.9659258 0 -0.258819 0.9659258 -0 -0.258819 0.9659258 -0 0.3826834 -0.9238795 0 0.3826834 -0.9238795 0 -0.3826834 0.9238795 -0 -0.3826834 0.9238795 -0 0.5 -0.8660254 0 0.5 -0.8660254 0 -0.5 0.8660254 -0 -0.5 0.8660254 -0 0.6087614 -0.7933533 0 0.6087614 -0.7933533 0 -0.6087614 0.7933533 -0 -0.6087614 0.7933533 -0 0.7071068 -0.7071068 0 0.7071068 -0.7071068 0 -0.7071068 0.7071068 -0 -0.7071068 0.7071068 -0 0.7933533 -0.6087614 0 0.7933533 -0.6087614 0 -0.7933533 0.6087614 -0 -0.7933533 0.6087614 -0 0.8660254 -0.5 0 0.8660254 -0.5 0 -0.8660254 0.5 -0 -0.8660254 0.5 -0 0.9238795 -0.3826834 0 0.9238795 -0.3826834 0 -0.9238795 0.3826834 -0 -0.9238795 0.3826834 -0 0.9659258 -0.258819 0 0.9659258 -0.258819 0 -0.9659258 0.258819 -0 -0.9659258 0.258819 -0 0.9914449 -0.1305262 0 0.9914449 -0.1305262 0 -0.9914449 0.1305262 -0 -0.9914449 0.1305262 -0 0.7071068 0.7071068 0 0.7071068 0.7071068 0 -0.7071068 -0.7071068 -0 -0.7071068 -0.7071068 -0 0.6087614 0.7933533 0 0.6087614 0.7933533 0 -0.6087614 -0.7933533 -0 -0.6087614 -0.7933533 -0 0.5 0.8660254 0 0.5 0.8660254 0 -0.5 -0.8660254 -0 -0.5 -0.8660254 -0 0.3826834 0.9238795 0 0.3826834 0.9238795 0 -0.3826834 -0.9238795 -0 -0.3826834 -0.9238795 -0 0.258819 0.9659258 0 0.258819 0.9659258 0 -0.258819 -0.9659258 -0 -0.258819 -0.9659258 -0 0.1305262 0.9914449 0 0.1305262 0.9914449 0 -0.1305262 -0.9914449 -0 -0.1305262 -0.9914449 -0 0 1 0 0 1 0 -0 -1 -0 -0 -1 -0 -0.1305262 0.9914449 0 -0.1305262 0.9914449 0 0.1305262 -0.9914449 -0 0.1305262 -0.9914449 -0 -0.258819 0.9659258 0 -0.258819 0.9659258 0 0.258819 -0.9659258 -0 0.258819 -0.9659258 -0 -0.3826834 0.9238795 0 -0.3826834 0.9238795 0 0.3826834 -0.9238795 -0 0.3826834 -0.9238795 -0 -0.5 0.8660254 0 -0.5 0.8660254 0 0.5 -0.8660254 -0 0.5 -0.8660254 -0 -0.6087614 0.7933533 0 -0.6087614 0.7933533 0 0.6087614 -0.7933533 -0 0.6087614 -0.7933533 -0 -0.7071068 0.7071068 0 -0.7071068 0.7071068 0 0.7071068 -0.7071068 -0 0.7071068 -0.7071068 -0 -0.7933533 0.6087614 0 -0.7933533 0.6087614 0 0.7933533 -0.6087614 -0 0.7933533 -0.6087614 -0 -0.8660254 0.5 0 -0.8660254 0.5 0 0.8660254 -0.5 -0 0.8660254 -0.5 -0 -0.9238795 0.3826834 0 -0.9238795 0.3826834 0 0.9238795 -0.3826834 -0 0.9238795 -0.3826834 -0 -0.9659258 0.258819 0 -0.9659258 0.258819 0 0.9659258 -0.258819 -0 0.9659258 -0.258819 -0 -0.9914449 0.1305262 0 -0.9914449 0.1305262 0 0.9914449 -0.1305262 -0 0.9914449 -0.1305262 -0 -1 -1.492623e-12 0 -1 -1.492623e-12 0 1 1.492623e-12 -0 1 1.492623e-12 -0 -0.9914449 -0.1305262 0 -0.9914449 -0.1305262 0 0.9914449 0.1305262 -0 0.9914449 0.1305262 -0</float_array>
                    <technique_common>
                        <accessor count="288" source="#ID163" stride="3">
                            <param name="X" type="float" />
                            <param name="Y" type="float" />
                            <param name="Z" type="float" />
                        </accessor>
                    </technique_common>
                </source>
                <vertices id="ID161">
                    <input semantic="POSITION" source="#ID159" />
                    <input semantic="NORMAL" source="#ID160" />
                </vertices>
                <triangles count="284" material="Material2">
                    <input offset="0" semantic="VERTEX" source="#ID161" />
                    <p>0 1 2 1 0 3 4 5 6 7 6 5 2 8 9 8 2 1 6 7 10 11 10 7 12 3 0 3 12 13 14 15 4 5 4 15 16 17 18 17 16 19 19 16 20 19 20 21 21 20 22 21 22 23 21 23 24 24 23 25 25 23 26 25 26 27 27 26 28 27 28 29 29 28 30 29 30 31 31 30 32 31 32 33 31 33 34 34 33 35 35 33 36 35 36 37 35 37 38 38 37 39 39 37 40 39 40 41 41 40 42 41 42 43 41 43 44 44 43 45 44 45 46 46 45 47 46 47 48 48 47 49 48 49 50 50 49 51 50 51 52 52 51 53 52 53 54 54 53 55 54 55 56 56 55 57 56 57 58 58 57 59 58 59 60 60 59 61 60 61 62 62 61 63 64 65 66 66 65 67 65 68 67 67 68 69 68 70 69 69 70 71 70 72 71 71 72 73 72 74 73 73 74 75 74 76 75 75 76 77 76 78 77 77 78 79 78 80 79 79 80 81 80 82 81 81 82 83 82 84 83 83 84 85 84 86 85 86 87 85 85 87 88 87 89 88 88 89 90 90 89 91 89 92 91 92 93 91 91 93 94 94 93 95 93 96 95 96 97 95 95 97 98 97 99 98 98 99 100 99 101 100 100 101 102 101 103 102 102 103 104 104 103 105 103 106 105 106 107 105 105 107 108 107 109 108 108 109 110 111 110 109 9 112 113 112 9 8 10 11 114 115 114 11 116 13 12 13 116 117 118 119 14 15 14 119 120 121 122 121 120 123 124 125 126 127 126 125 122 128 129 128 122 121 126 127 130 131 130 127 129 132 133 132 129 128 130 131 134 135 134 131 133 136 137 136 133 132 134 135 138 139 138 135 140 136 141 136 140 137 139 142 138 143 138 142 144 141 145 141 144 140 142 146 143 147 143 146 148 145 149 145 148 144 146 150 147 151 147 150 152 149 153 149 152 148 150 154 151 155 151 154 156 153 157 153 156 152 154 158 155 159 155 158 160 157 161 157 160 156 158 162 159 163 159 162 164 161 165 161 164 160 162 166 163 167 163 166 168 165 169 165 168 164 166 170 167 171 167 170 172 169 173 169 172 168 170 174 171 175 171 174 176 173 177 173 176 172 174 178 175 179 175 178 180 177 181 177 180 176 178 182 179 183 179 182 184 181 185 181 184 180 182 186 183 187 183 186 188 184 185 184 188 189 190 191 186 187 186 191 192 189 188 189 192 193 194 195 190 191 190 195 196 193 192 193 196 197 198 199 194 195 194 199 200 197 196 197 200 201 202 203 198 199 198 203 204 201 200 201 204 205 206 207 202 203 202 207 113 205 204 205 113 112 114 115 206 207 206 115 208 117 116 117 208 209 210 211 118 119 118 211 212 208 213 208 212 209 210 214 211 215 211 214 216 213 217 213 216 212 214 218 215 219 215 218 220 217 221 217 220 216 218 222 219 223 219 222 224 221 225 221 224 220 222 226 223 227 223 226 228 225 229 225 228 224 226 230 227 231 227 230 232 229 233 229 232 228 230 234 231 235 231 234 236 233 237 233 236 232 234 238 235 239 235 238 240 237 241 237 240 236 238 242 239 243 239 242 244 241 245 241 244 240 242 246 243 247 243 246 248 245 249 245 248 244 246 250 247 251 247 250 252 249 253 249 252 248 250 254 251 255 251 254 256 253 257 253 256 252 254 258 255 259 255 258 256 260 261 260 256 257 259 258 262 263 262 258 261 264 265 264 261 260 262 263 266 267 266 263 265 268 269 268 265 264 266 267 270 271 270 267 269 272 273 272 269 268 270 271 274 275 274 271 273 276 277 276 273 272 274 275 278 279 278 275 277 280 281 280 277 276 278 279 282 283 282 279 281 284 285 284 281 280 282 283 286 287 286 283 285 123 120 123 285 284 286 287 124 125 124 287</p>
                </triangles>
            </mesh>
        </geometry>
        <geometry id="ID165">
            <mesh>
                <source id="ID166">
                    <float_array id="ID169" count="1440">-0.09589907 0.2353916 0 -0.09589907 0.1583092 0 -0.0984252 0.1968504 0 -0.08836393 0.2732733 0 -0.08836393 0.1204274 0 -0.07594868 0.3098475 0 -0.07594868 0.08385332 0 -0.05886577 0.3444882 0 -0.05886577 0.0492126 0 -0.03740748 0.3766028 0 -0.03740748 0.017098 0 -0.01194098 0.4056418 0 -0.01194098 -0.01194098 0 0.017098 0.4311083 0 0.017098 -0.03740748 0 0.0492126 0.4525666 0 0.0492126 -0.05886577 0 0.08385332 -0.07594868 0 0.08385332 0.4696495 0 0.1204274 0.4820647 0 0.1204274 -0.08836393 0 0.1583092 -0.09589907 0 0.1583092 0.4895999 0 0.1968504 0.492126 0 0.1968504 -0.0984252 0 0.2353916 0.4895999 0 0.2353916 -0.09589907 0 0.2732733 -0.08836393 0 0.2732733 0.4820647 0 0.3098475 0.4696495 0 0.3098475 -0.07594868 0 0.3444882 0.4525666 0 0.3444882 -0.05886577 0 0.3766028 0.4311083 0 0.3766028 -0.03740748 0 0.4056418 -0.01194098 0 0.4056418 0.4056418 0 0.4311083 0.017098 0 0.4311083 0.3766028 0 0.4525666 0.0492126 0 0.4525666 0.3444882 0 0.4696495 0.08385332 0 0.4696495 0.3098475 0 0.4820647 0.1204274 0 0.4820647 0.2732733 0 0.4895999 0.1583092 0 0.4895999 0.2353916 0 0.492126 0.1968504 0 0.492126 0.1968504 0 0.4895999 0.2353916 0 0.4895999 0.1583092 0 0.4820647 0.2732733 0 0.4820647 0.1204274 0 0.4696495 0.3098475 0 0.4696495 0.08385332 0 0.4525666 0.3444882 0 0.4525666 0.0492126 0 0.4311083 0.3766028 0 0.4311083 0.017098 0 0.4056418 0.4056418 0 0.4056418 -0.01194098 0 0.3766028 0.4311083 0 0.3766028 -0.03740748 0 0.3444882 -0.05886577 0 0.3444882 0.4525666 0 0.3098475 -0.07594868 0 0.3098475 0.4696495 0 0.2732733 -0.08836393 0 0.2732733 0.4820647 0 0.2353916 0.4895999 0 0.2353916 -0.09589907 0 0.1968504 -0.0984252 0 0.1968504 0.492126 0 0.1583092 -0.09589907 0 0.1583092 0.4895999 0 0.1204274 0.4820647 0 0.1204274 -0.08836393 0 0.08385332 -0.07594868 0 0.08385332 0.4696495 0 0.0492126 0.4525666 0 0.0492126 -0.05886577 0 0.017098 -0.03740748 0 0.017098 0.4311083 0 -0.01194098 -0.01194098 0 -0.01194098 0.4056418 0 -0.03740748 0.017098 0 -0.03740748 0.3766028 0 -0.05886577 0.0492126 0 -0.05886577 0.3444882 0 -0.07594868 0.08385332 0 -0.07594868 0.3098475 0 -0.08836393 0.1204274 0 -0.08836393 0.2732733 0 -0.09589907 0.1583092 0 -0.09589907 0.2353916 0 -0.0984252 0.1968504 0 -0.08836393 0.1204274 0.0492126 -0.07594868 0.08385332 0 -0.07594868 0.08385332 0.0492126 -0.08836393 0.1204274 0 -0.08836393 0.1204274 0 -0.08836393 0.1204274 0.0492126 -0.07594868 0.08385332 0 -0.07594868 0.08385332 0.0492126 -0.09589907 0.1583092 0.0492126 -0.09589907 0.1583092 0 -0.09589907 0.1583092 0 -0.09589907 0.1583092 0.0492126 -0.0984252 0.1968504 0.0492126 -0.0984252 0.1968504 0 -0.0984252 0.1968504 0 -0.0984252 0.1968504 0.0492126 -0.09589907 0.2353916 0.0492126 -0.09589907 0.2353916 0 -0.09589907 0.2353916 0 -0.09589907 0.2353916 0.0492126 -0.08836393 0.2732733 0.0492126 -0.08836393 0.2732733 0 -0.08836393 0.2732733 0 -0.08836393 0.2732733 0.0492126 -0.07594868 0.3098475 0.0492126 -0.07594868 0.3098475 0 -0.07594868 0.3098475 0 -0.07594868 0.3098475 0.0492126 -0.05886577 0.3444882 0.0492126 -0.05886577 0.3444882 0 -0.05886577 0.3444882 0 -0.05886577 0.3444882 0.0492126 -0.03740748 0.3766028 0.0492126 -0.03740748 0.3766028 0 -0.03740748 0.3766028 0 -0.03740748 0.3766028 0.0492126 -0.01194098 0.4056418 0.0492126 -0.01194098 0.4056418 0 -0.01194098 0.4056418 0 -0.01194098 0.4056418 0.0492126 0.017098 0.4311083 0 0.017098 0.4311083 0.0492126 0.017098 0.4311083 0.0492126 0.017098 0.4311083 0 0.0492126 0.4525666 0 0.0492126 0.4525666 0.0492126 0.0492126 0.4525666 0.0492126 0.0492126 0.4525666 0 0.08385332 0.4696495 0 0.08385332 0.4696495 0.0492126 0.08385332 0.4696495 0.0492126 0.08385332 0.4696495 0 0.1204274 0.4820647 0 0.1204274 0.4820647 0.0492126 0.1204274 0.4820647 0.0492126 0.1204274 0.4820647 0 0.1583092 0.4895999 0 0.1583092 0.4895999 0.0492126 0.1583092 0.4895999 0.0492126 0.1583092 0.4895999 0 0.1968504 0.492126 0 0.1968504 0.492126 0.0492126 0.1968504 0.492126 0.0492126 0.1968504 0.492126 0 0.2353916 0.4895999 0 0.2353916 0.4895999 0.0492126 0.2353916 0.4895999 0.0492126 0.2353916 0.4895999 0 0.2732733 0.4820647 0 0.2732733 0.4820647 0.0492126 0.2732733 0.4820647 0.0492126 0.2732733 0.4820647 0 0.3098475 0.4696495 0 0.3098475 0.4696495 0.0492126 0.3098475 0.4696495 0.0492126 0.3098475 0.4696495 0 0.3444882 0.4525666 0 0.3444882 0.4525666 0.0492126 0.3444882 0.4525666 0.0492126 0.3444882 0.4525666 0 0.3766028 0.4311083 0 0.3766028 0.4311083 0.0492126 0.3766028 0.4311083 0.0492126 0.3766028 0.4311083 0 0.4056418 0.4056418 0 0.4056418 0.4056418 0.0492126 0.4056418 0.4056418 0.0492126 0.4056418 0.4056418 0 0.4311083 0.3766028 0.0492126 0.4311083 0.3766028 0 0.4311083 0.3766028 0.0492126 0.4311083 0.3766028 0 0.4525666 0.3444882 0.0492126 0.4525666 0.3444882 0 0.4525666 0.3444882 0.0492126 0.4525666 0.3444882 0 0.4696495 0.3098475 0.0492126 0.4696495 0.3098475 0 0.4696495 0.3098475 0.0492126 0.4696495 0.3098475 0 0.4820647 0.2732733 0.0492126 0.4820647 0.2732733 0 0.4820647 0.2732733 0.0492126 0.4820647 0.2732733 0 0.4895999 0.2353916 0.0492126 0.4895999 0.2353916 0 0.4895999 0.2353916 0.0492126 0.4895999 0.2353916 0 0.492126 0.1968504 0.0492126 0.492126 0.1968504 0 0.492126 0.1968504 0.0492126 0.492126 0.1968504 0 0.4895999 0.1583092 0.0492126 0.4895999 0.1583092 0 0.4895999 0.1583092 0.0492126 0.4895999 0.1583092 0 0.4820647 0.1204274 0.0492126 0.4820647 0.1204274 0 0.4820647 0.1204274 0.0492126 0.4820647 0.1204274 0 0.4696495 0.08385332 0.0492126 0.4696495 0.08385332 0 0.4696495 0.08385332 0.0492126 0.4696495 0.08385332 0 0.4525666 0.0492126 0.0492126 0.4525666 0.0492126 0 0.4525666 0.0492126 0.0492126 0.4525666 0.0492126 0 0.4311083 0.017098 0.0492126 0.4311083 0.017098 0 0.4311083 0.017098 0.0492126 0.4311083 0.017098 0 0.4056418 -0.01194098 0.0492126 0.4056418 -0.01194098 0 0.4056418 -0.01194098 0.0492126 0.4056418 -0.01194098 0 0.3766028 -0.03740748 0 0.3766028 -0.03740748 0.0492126 0.3766028 -0.03740748 0.0492126 0.3766028 -0.03740748 0 0.3444882 -0.05886577 0 0.3444882 -0.05886577 0.0492126 0.3444882 -0.05886577 0.0492126 0.3444882 -0.05886577 0 0.3098475 -0.07594868 0 0.3098475 -0.07594868 0.0492126 0.3098475 -0.07594868 0.0492126 0.3098475 -0.07594868 0 0.2732733 -0.08836393 0 0.2732733 -0.08836393 0.0492126 0.2732733 -0.08836393 0.0492126 0.2732733 -0.08836393 0 0.2353916 -0.09589907 0 0.2353916 -0.09589907 0.0492126 0.2353916 -0.09589907 0.0492126 0.2353916 -0.09589907 0 0.1968504 -0.0984252 0 0.1968504 -0.0984252 0.0492126 0.1968504 -0.0984252 0.0492126 0.1968504 -0.0984252 0 0.1583092 -0.09589907 0 0.1583092 -0.09589907 0.0492126 0.1583092 -0.09589907 0.0492126 0.1583092 -0.09589907 0 0.1204274 -0.08836393 0 0.1204274 -0.08836393 0.0492126 0.1204274 -0.08836393 0.0492126 0.1204274 -0.08836393 0 0.08385332 -0.07594868 0 0.08385332 -0.07594868 0.0492126 0.08385332 -0.07594868 0.0492126 0.08385332 -0.07594868 0 0.0492126 -0.05886577 0 0.0492126 -0.05886577 0.0492126 0.0492126 -0.05886577 0.0492126 0.0492126 -0.05886577 0 0.017098 -0.03740748 0 0.017098 -0.03740748 0.0492126 0.017098 -0.03740748 0.0492126 0.017098 -0.03740748 0 -0.01194098 -0.01194098 0 -0.01194098 -0.01194098 0.0492126 -0.01194098 -0.01194098 0.0492126 -0.01194098 -0.01194098 0 -0.03740748 0.017098 0.0492126 -0.03740748 0.017098 0 -0.03740748 0.017098 0 -0.03740748 0.017098 0.0492126 -0.05886577 0.0492126 0.0492126 -0.05886577 0.0492126 0 -0.05886577 0.0492126 0 -0.05886577 0.0492126 0.0492126 -0.01194098 -0.01194098 0.0492126 0.001961307 0.1711928 0.0492126 0.000279617 0.1968504 0.0492126 0.017098 -0.03740748 0.0492126 0.006977604 0.1459741 0.0492126 0.01524268 0.121626 0.0492126 0.02661511 0.09856501 0.0492126 0.0492126 -0.05886577 0.0492126 0.04090031 0.07718569 0.0492126 0.05785386 0.05785386 0.0492126 0.08385332 -0.07594868 0.0492126 0.07718569 0.04090031 0.0492126 0.09856501 0.02661511 0.0492126 0.1204274 -0.08836393 0.0492126 0.121626 0.01524268 0.0492126 0.1583092 -0.09589907 0.0492126 0.1459741 0.006977604 0.0492126 0.1711928 0.001961307 0.0492126 0.1968504 -0.0984252 0.0492126 0.1968504 0.000279617 0.0492126 0.222508 0.001961307 0.0492126 0.2353916 -0.09589907 0.0492126 0.2477267 0.006977604 0.0492126 0.2732733 -0.08836393 0.0492126 0.2720748 0.01524268 0.0492126 0.2951358 0.02661511 0.0492126 0.3098475 -0.07594868 0.0492126 0.3165151 0.04090031 0.0492126 0.3444882 -0.05886577 0.0492126 0.3358469 0.05785386 0.0492126 0.3528005 0.07718569 0.0492126 0.3766028 -0.03740748 0.0492126 0.3670857 0.09856501 0.0492126 0.3784581 0.121626 0.0492126 0.4056418 -0.01194098 0.0492126 0.3867232 0.1459741 0.0492126 0.3917395 0.1711928 0.0492126 0.3934212 0.1968504 0.0492126 -0.09589907 0.1583092 0.0492126 -0.09589907 0.2353916 0.0492126 -0.0984252 0.1968504 0.0492126 -0.08836393 0.2732733 0.0492126 -0.08836393 0.1204274 0.0492126 -0.07594868 0.3098475 0.0492126 -0.07594868 0.08385332 0.0492126 -0.05886577 0.0492126 0.0492126 -0.05886577 0.3444882 0.0492126 -0.03740748 0.3766028 0.0492126 -0.03740748 0.017098 0.0492126 -0.01194098 0.4056418 0.0492126 0.001961307 0.222508 0.0492126 0.017098 0.4311083 0.0492126 0.006977604 0.2477267 0.0492126 0.01524268 0.2720748 0.0492126 0.02661511 0.2951358 0.0492126 0.0492126 0.4525666 0.0492126 0.04090031 0.3165151 0.0492126 0.05785386 0.3358469 0.0492126 0.08385332 0.4696495 0.0492126 0.07718569 0.3528005 0.0492126 0.09856501 0.3670857 0.0492126 0.1204274 0.4820647 0.0492126 0.121626 0.3784581 0.0492126 0.1583092 0.4895999 0.0492126 0.1459741 0.3867232 0.0492126 0.1711928 0.3917395 0.0492126 0.1968504 0.492126 0.0492126 0.1968504 0.3934212 0.0492126 0.2353916 0.4895999 0.0492126 0.222508 0.3917395 0.0492126 0.2477267 0.3867232 0.0492126 0.2732733 0.4820647 0.0492126 0.2720748 0.3784581 0.0492126 0.2951358 0.3670857 0.0492126 0.3098475 0.4696495 0.0492126 0.3165151 0.3528005 0.0492126 0.3444882 0.4525666 0.0492126 0.3358469 0.3358469 0.0492126 0.3528005 0.3165151 0.0492126 0.3766028 0.4311083 0.0492126 0.3670857 0.2951358 0.0492126 0.3784581 0.2720748 0.0492126 0.4056418 0.4056418 0.0492126 0.3867232 0.2477267 0.0492126 0.3917395 0.222508 0.0492126 0.4311083 0.017098 0.0492126 0.4311083 0.3766028 0.0492126 0.4525666 0.0492126 0.0492126 0.4525666 0.3444882 0.0492126 0.4696495 0.08385332 0.0492126 0.4696495 0.3098475 0.0492126 0.4820647 0.1204274 0.0492126 0.4820647 0.2732733 0.0492126 0.4895999 0.1583092 0.0492126 0.4895999 0.2353916 0.0492126 0.492126 0.1968504 0.0492126 0.492126 0.1968504 0.0492126 0.4895999 0.1583092 0.0492126 0.4895999 0.2353916 0.0492126 0.4820647 0.2732733 0.0492126 0.4820647 0.1204274 0.0492126 0.4696495 0.3098475 0.0492126 0.4696495 0.08385332 0.0492126 0.4525666 0.3444882 0.0492126 0.4525666 0.0492126 0.0492126 0.4311083 0.3766028 0.0492126 0.4311083 0.017098 0.0492126 0.4056418 0.4056418 0.0492126 0.4056418 -0.01194098 0.0492126 0.3934212 0.1968504 0.0492126 0.3917395 0.222508 0.0492126 0.3867232 0.2477267 0.0492126 0.3784581 0.2720748 0.0492126 0.3766028 0.4311083 0.0492126 0.3670857 0.2951358 0.0492126 0.3528005 0.3165151 0.0492126 0.3444882 0.4525666 0.0492126 0.3358469 0.3358469 0.0492126 0.3165151 0.3528005 0.0492126 0.3098475 0.4696495 0.0492126 0.2951358 0.3670857 0.0492126 0.2732733 0.4820647 0.0492126 0.2720748 0.3784581 0.0492126 0.2477267 0.3867232 0.0492126 0.2353916 0.4895999 0.0492126 0.222508 0.3917395 0.0492126 0.1968504 0.3934212 0.0492126 0.1968504 0.492126 0.0492126 0.1711928 0.3917395 0.0492126 0.1583092 0.4895999 0.0492126 0.1459741 0.3867232 0.0492126 0.121626 0.3784581 0.0492126 0.1204274 0.4820647 0.0492126 0.09856501 0.3670857 0.0492126 0.08385332 0.4696495 0.0492126 0.07718569 0.3528005 0.0492126 0.05785386 0.3358469 0.0492126 0.0492126 0.4525666 0.0492126 0.04090031 0.3165151 0.0492126 0.02661511 0.2951358 0.0492126 0.017098 0.4311083 0.0492126 0.01524268 0.2720748 0.0492126 0.006977604 0.2477267 0.0492126 0.001961307 0.222508 0.0492126 -0.01194098 0.4056418 0.0492126 0.000279617 0.1968504 0.0492126 -0.01194098 -0.01194098 0.0492126 -0.03740748 0.017098 0.0492126 -0.03740748 0.3766028 0.0492126 -0.05886577 0.0492126 0.0492126 -0.05886577 0.3444882 0.0492126 -0.07594868 0.3098475 0.0492126 -0.07594868 0.08385332 0.0492126 -0.08836393 0.1204274 0.0492126 -0.08836393 0.2732733 0.0492126 -0.09589907 0.1583092 0.0492126 -0.09589907 0.2353916 0.0492126 -0.0984252 0.1968504 0.0492126 0.3917395 0.1711928 0.0492126 0.3867232 0.1459741 0.0492126 0.3784581 0.121626 0.0492126 0.3766028 -0.03740748 0.0492126 0.3670857 0.09856501 0.0492126 0.3528005 0.07718569 0.0492126 0.3444882 -0.05886577 0.0492126 0.3358469 0.05785386 0.0492126 0.3165151 0.04090031 0.0492126 0.3098475 -0.07594868 0.0492126 0.2951358 0.02661511 0.0492126 0.2732733 -0.08836393 0.0492126 0.2720748 0.01524268 0.0492126 0.2477267 0.006977604 0.0492126 0.2353916 -0.09589907 0.0492126 0.222508 0.001961307 0.0492126 0.1968504 -0.0984252 0.0492126 0.1968504 0.000279617 0.0492126 0.1711928 0.001961307 0.0492126 0.1583092 -0.09589907 0.0492126 0.1459741 0.006977604 0.0492126 0.121626 0.01524268 0.0492126 0.1204274 -0.08836393 0.0492126 0.09856501 0.02661511 0.0492126 0.08385332 -0.07594868 0.0492126 0.07718569 0.04090031 0.0492126 0.05785386 0.05785386 0.0492126 0.0492126 -0.05886577 0.0492126 0.04090031 0.07718569 0.0492126 0.02661511 0.09856501 0.0492126 0.017098 -0.03740748 0.0492126 0.01524268 0.121626 0.0492126 0.006977604 0.1459741 0.0492126 0.001961307 0.1711928 0.0492126</float_array>
                    <technique_common>
                        <accessor count="480" source="#ID169" stride="3">
                            <param name="X" type="float" />
                            <param name="Y" type="float" />
                            <param name="Z" type="float" />
                        </accessor>
                    </technique_common>
                </source>
                <source id="ID167">
                    <float_array id="ID170" count="1440">-0 -0 -1 -0 -0 -1 -0 -0 -1 -0 -0 -1 -0 -0 -1 -0 -0 -1 -0 -0 -1 -0 -0 -1 -0 -0 -1 -0 -0 -1 -0 -0 -1 -0 -0 -1 -0 -0 -1 -0 -0 -1 -0 -0 -1 -0 -0 -1 -0 -0 -1 -0 -0 -1 -0 -0 -1 -0 -0 -1 -0 -0 -1 -0 -0 -1 -0 -0 -1 -0 -0 -1 -0 -0 -1 -0 -0 -1 -0 -0 -1 -0 -0 -1 -0 -0 -1 -0 -0 -1 -0 -0 -1 -0 -0 -1 -0 -0 -1 -0 -0 -1 -0 -0 -1 -0 -0 -1 -0 -0 -1 -0 -0 -1 -0 -0 -1 -0 -0 -1 -0 -0 -1 -0 -0 -1 -0 -0 -1 -0 -0 -1 -0 -0 -1 -0 -0 -1 -0 -0 -1 -0 -0 -1 0 0 1 0 0 1 0 0 1 0 0 1 0 0 1 0 0 1 0 0 1 0 0 1 0 0 1 0 0 1 0 0 1 0 0 1 0 0 1 0 0 1 0 0 1 0 0 1 0 0 1 0 0 1 0 0 1 0 0 1 0 0 1 0 0 1 0 0 1 0 0 1 0 0 1 0 0 1 0 0 1 0 0 1 0 0 1 0 0 1 0 0 1 0 0 1 0 0 1 0 0 1 0 0 1 0 0 1 0 0 1 0 0 1 0 0 1 0 0 1 0 0 1 0 0 1 0 0 1 0 0 1 0 0 1 0 0 1 0 0 1 0 0 1 -0.9659258 -0.258819 0 -0.9238795 -0.3826834 0 -0.9238795 -0.3826834 0 -0.9659258 -0.258819 0 0.9659258 0.258819 -0 0.9659258 0.258819 -0 0.9238795 0.3826834 -0 0.9238795 0.3826834 -0 -0.9914449 -0.1305262 0 -0.9914449 -0.1305262 0 0.9914449 0.1305262 -0 0.9914449 0.1305262 -0 -1 -1.492636e-12 0 -1 -1.492636e-12 0 1 1.492636e-12 -0 1 1.492636e-12 -0 -0.9914449 0.1305262 0 -0.9914449 0.1305262 0 0.9914449 -0.1305262 -0 0.9914449 -0.1305262 -0 -0.9659258 0.258819 0 -0.9659258 0.258819 0 0.9659258 -0.258819 -0 0.9659258 -0.258819 -0 -0.9238795 0.3826834 0 -0.9238795 0.3826834 0 0.9238795 -0.3826834 -0 0.9238795 -0.3826834 -0 -0.8660254 0.5 0 -0.8660254 0.5 0 0.8660254 -0.5 -0 0.8660254 -0.5 -0 -0.7933533 0.6087614 0 -0.7933533 0.6087614 0 0.7933533 -0.6087614 -0 0.7933533 -0.6087614 -0 -0.7071068 0.7071068 0 -0.7071068 0.7071068 0 0.7071068 -0.7071068 -0 0.7071068 -0.7071068 -0 -0.6087614 0.7933533 0 -0.6087614 0.7933533 0 0.6087614 -0.7933533 -0 0.6087614 -0.7933533 -0 -0.5 0.8660254 0 -0.5 0.8660254 0 0.5 -0.8660254 -0 0.5 -0.8660254 -0 -0.3826834 0.9238795 0 -0.3826834 0.9238795 0 0.3826834 -0.9238795 -0 0.3826834 -0.9238795 -0 -0.258819 0.9659258 0 -0.258819 0.9659258 0 0.258819 -0.9659258 -0 0.258819 -0.9659258 -0 -0.1305262 0.9914449 0 -0.1305262 0.9914449 0 0.1305262 -0.9914449 -0 0.1305262 -0.9914449 -0 0 1 0 0 1 0 -0 -1 -0 -0 -1 -0 0.1305262 0.9914449 0 0.1305262 0.9914449 0 -0.1305262 -0.9914449 -0 -0.1305262 -0.9914449 -0 0.258819 0.9659258 0 0.258819 0.9659258 0 -0.258819 -0.9659258 -0 -0.258819 -0.9659258 -0 0.3826834 0.9238795 0 0.3826834 0.9238795 0 -0.3826834 -0.9238795 -0 -0.3826834 -0.9238795 -0 0.5 0.8660254 0 0.5 0.8660254 0 -0.5 -0.8660254 -0 -0.5 -0.8660254 -0 0.6087614 0.7933533 0 0.6087614 0.7933533 0 -0.6087614 -0.7933533 -0 -0.6087614 -0.7933533 -0 0.7071068 0.7071068 0 0.7071068 0.7071068 0 -0.7071068 -0.7071068 -0 -0.7071068 -0.7071068 -0 0.7933533 0.6087614 0 0.7933533 0.6087614 0 -0.7933533 -0.6087614 -0 -0.7933533 -0.6087614 -0 0.8660254 0.5 0 0.8660254 0.5 0 -0.8660254 -0.5 -0 -0.8660254 -0.5 -0 0.9238795 0.3826834 0 0.9238795 0.3826834 0 -0.9238795 -0.3826834 -0 -0.9238795 -0.3826834 -0 0.9659258 0.258819 0 0.9659258 0.258819 0 -0.9659258 -0.258819 -0 -0.9659258 -0.258819 -0 0.9914449 0.1305262 0 0.9914449 0.1305262 0 -0.9914449 -0.1305262 -0 -0.9914449 -0.1305262 -0 1 -1.492623e-12 0 1 -1.492623e-12 0 -1 1.492623e-12 -0 -1 1.492623e-12 -0 0.9914449 -0.1305262 0 0.9914449 -0.1305262 0 -0.9914449 0.1305262 -0 -0.9914449 0.1305262 -0 0.9659258 -0.258819 0 0.9659258 -0.258819 0 -0.9659258 0.258819 -0 -0.9659258 0.258819 -0 0.9238795 -0.3826834 0 0.9238795 -0.3826834 0 -0.9238795 0.3826834 -0 -0.9238795 0.3826834 -0 0.8660254 -0.5 0 0.8660254 -0.5 0 -0.8660254 0.5 -0 -0.8660254 0.5 -0 0.7933533 -0.6087614 0 0.7933533 -0.6087614 0 -0.7933533 0.6087614 -0 -0.7933533 0.6087614 -0 0.7071068 -0.7071068 0 0.7071068 -0.7071068 0 -0.7071068 0.7071068 -0 -0.7071068 0.7071068 -0 0.6087614 -0.7933533 0 0.6087614 -0.7933533 0 -0.6087614 0.7933533 -0 -0.6087614 0.7933533 -0 0.5 -0.8660254 0 0.5 -0.8660254 0 -0.5 0.8660254 -0 -0.5 0.8660254 -0 0.3826834 -0.9238795 0 0.3826834 -0.9238795 0 -0.3826834 0.9238795 -0 -0.3826834 0.9238795 -0 0.258819 -0.9659258 0 0.258819 -0.9659258 0 -0.258819 0.9659258 -0 -0.258819 0.9659258 -0 0.1305262 -0.9914449 0 0.1305262 -0.9914449 0 -0.1305262 0.9914449 -0 -0.1305262 0.9914449 -0 8.937942e-15 -1 0 8.937942e-15 -1 0 -8.937942e-15 1 -0 -8.937942e-15 1 -0 -0.1305262 -0.9914449 0 -0.1305262 -0.9914449 0 0.1305262 0.9914449 -0 0.1305262 0.9914449 -0 -0.258819 -0.9659258 0 -0.258819 -0.9659258 0 0.258819 0.9659258 -0 0.258819 0.9659258 -0 -0.3826834 -0.9238795 0 -0.3826834 -0.9238795 0 0.3826834 0.9238795 -0 0.3826834 0.9238795 -0 -0.5 -0.8660254 0 -0.5 -0.8660254 0 0.5 0.8660254 -0 0.5 0.8660254 -0 -0.6087614 -0.7933533 0 -0.6087614 -0.7933533 0 0.6087614 0.7933533 -0 0.6087614 0.7933533 -0 -0.7071068 -0.7071068 0 -0.7071068 -0.7071068 0 0.7071068 0.7071068 -0 0.7071068 0.7071068 -0 -0.7933533 -0.6087614 0 -0.7933533 -0.6087614 0 0.7933533 0.6087614 -0 0.7933533 0.6087614 -0 -0.8660254 -0.5 0 -0.8660254 -0.5 0 0.8660254 0.5 -0 0.8660254 0.5 -0 0 0 1 0 0 1 0 0 1 0 0 1 0 0 1 0 0 1 0 0 1 0 0 1 0 0 1 0 0 1 0 0 1 0 0 1 0 0 1 0 0 1 0 0 1 0 0 1 0 0 1 0 0 1 0 0 1 0 0 1 0 0 1 0 0 1 0 0 1 0 0 1 0 0 1 0 0 1 0 0 1 0 0 1 0 0 1 0 0 1 0 0 1 0 0 1 0 0 1 0 0 1 0 0 1 0 0 1 0 0 1 0 0 1 0 0 1 0 0 1 0 0 1 0 0 1 0 0 1 0 0 1 0 0 1 0 0 1 0 0 1 0 0 1 0 0 1 0 0 1 0 0 1 0 0 1 0 0 1 0 0 1 0 0 1 0 0 1 0 0 1 0 0 1 0 0 1 0 0 1 0 0 1 0 0 1 0 0 1 0 0 1 0 0 1 0 0 1 0 0 1 0 0 1 0 0 1 0 0 1 0 0 1 0 0 1 0 0 1 0 0 1 0 0 1 0 0 1 0 0 1 0 0 1 0 0 1 0 0 1 0 0 1 0 0 1 0 0 1 0 0 1 0 0 1 0 0 1 0 0 1 0 0 1 0 0 1 0 0 1 0 0 1 0 0 1 0 0 1 0 0 1 0 0 1 0 0 1 -0 -0 -1 -0 -0 -1 -0 -0 -1 -0 -0 -1 -0 -0 -1 -0 -0 -1 -0 -0 -1 -0 -0 -1 -0 -0 -1 -0 -0 -1 -0 -0 -1 -0 -0 -1 -0 -0 -1 -0 -0 -1 -0 -0 -1 -0 -0 -1 -0 -0 -1 -0 -0 -1 -0 -0 -1 -0 -0 -1 -0 -0 -1 -0 -0 -1 -0 -0 -1 -0 -0 -1 -0 -0 -1 -0 -0 -1 -0 -0 -1 -0 -0 -1 -0 -0 -1 -0 -0 -1 -0 -0 -1 -0 -0 -1 -0 -0 -1 -0 -0 -1 -0 -0 -1 -0 -0 -1 -0 -0 -1 -0 -0 -1 -0 -0 -1 -0 -0 -1 -0 -0 -1 -0 -0 -1 -0 -0 -1 -0 -0 -1 -0 -0 -1 -0 -0 -1 -0 -0 -1 -0 -0 -1 -0 -0 -1 -0 -0 -1 -0 -0 -1 -0 -0 -1 -0 -0 -1 -0 -0 -1 -0 -0 -1 -0 -0 -1 -0 -0 -1 -0 -0 -1 -0 -0 -1 -0 -0 -1 -0 -0 -1 -0 -0 -1 -0 -0 -1 -0 -0 -1 -0 -0 -1 -0 -0 -1 -0 -0 -1 -0 -0 -1 -0 -0 -1 -0 -0 -1 -0 -0 -1 -0 -0 -1 -0 -0 -1 -0 -0 -1 -0 -0 -1 -0 -0 -1 -0 -0 -1 -0 -0 -1 -0 -0 -1 -0 -0 -1 -0 -0 -1 -0 -0 -1 -0 -0 -1 -0 -0 -1 -0 -0 -1 -0 -0 -1 -0 -0 -1 -0 -0 -1 -0 -0 -1 -0 -0 -1 -0 -0 -1 -0 -0 -1 -0 -0 -1 -0 -0 -1 -0 -0 -1 -0 -0 -1</float_array>
                    <technique_common>
                        <accessor count="480" source="#ID170" stride="3">
                            <param name="X" type="float" />
                            <param name="Y" type="float" />
                            <param name="Z" type="float" />
                        </accessor>
                    </technique_common>
                </source>
                <vertices id="ID168">
                    <input semantic="POSITION" source="#ID166" />
                    <input semantic="NORMAL" source="#ID167" />
                </vertices>
                <triangles count="476" material="Material2">
                    <input offset="0" semantic="VERTEX" source="#ID168" />
                    <p>0 1 2 1 0 3 1 3 4 4 3 5 4 5 6 6 5 7 6 7 8 8 7 9 8 9 10 10 9 11 10 11 12 12 11 13 12 13 14 14 13 15 14 15 16 16 15 17 17 15 18 17 18 19 17 19 20 20 19 21 21 19 22 21 22 23 21 23 24 24 23 25 24 25 26 26 25 27 27 25 28 27 28 29 27 29 30 30 29 31 30 31 32 32 31 33 32 33 34 34 33 35 35 33 36 35 36 37 37 36 38 37 38 39 39 38 40 39 40 41 41 40 42 41 42 43 43 42 44 43 44 45 45 44 46 45 46 47 48 49 50 49 51 50 50 51 52 51 53 52 52 53 54 53 55 54 54 55 56 55 57 56 56 57 58 57 59 58 58 59 60 59 61 60 60 61 62 62 61 63 61 64 63 63 64 65 64 66 65 65 66 67 66 68 67 68 69 67 67 69 70 70 69 71 69 72 71 71 72 73 72 74 73 74 75 73 73 75 76 76 75 77 75 78 77 78 79 77 77 79 80 80 79 81 79 82 81 81 82 83 82 84 83 83 84 85 84 86 85 85 86 87 86 88 87 87 88 89 88 90 89 89 90 91 90 92 91 91 92 93 92 94 93 95 93 94 96 97 98 97 96 99 100 101 102 103 102 101 104 99 96 99 104 105 106 107 100 101 100 107 108 105 104 105 108 109 110 111 106 107 106 111 112 109 108 109 112 113 114 115 110 111 110 115 116 113 112 113 116 117 118 119 114 115 114 119 120 117 116 117 120 121 122 123 118 119 118 123 124 121 120 121 124 125 126 127 122 123 122 127 128 125 124 125 128 129 130 131 126 127 126 131 132 129 128 129 132 133 134 135 130 131 130 135 132 136 133 136 132 137 138 135 139 134 139 135 137 140 136 140 137 141 142 138 143 139 143 138 141 144 140 144 141 145 146 142 147 143 147 142 145 148 144 148 145 149 150 146 151 147 151 146 149 152 148 152 149 153 154 150 155 151 155 150 153 156 152 156 153 157 158 154 159 155 159 154 157 160 156 160 157 161 162 158 163 159 163 158 161 164 160 164 161 165 166 162 167 163 167 162 165 168 164 168 165 169 170 166 171 167 171 166 169 172 168 172 169 173 174 170 175 171 175 170 173 176 172 176 173 177 178 174 179 175 179 174 177 180 176 180 177 181 182 178 183 179 183 178 180 184 185 184 180 181 182 183 186 187 186 183 185 188 189 188 185 184 186 187 190 191 190 187 189 192 193 192 189 188 190 191 194 195 194 191 193 196 197 196 193 192 194 195 198 199 198 195 197 200 201 200 197 196 198 199 202 203 202 199 201 204 205 204 201 200 202 203 206 207 206 203 205 208 209 208 205 204 206 207 210 211 210 207 209 212 213 212 209 208 210 211 214 215 214 211 213 216 217 216 213 212 214 215 218 219 218 215 217 220 221 220 217 216 218 219 222 223 222 219 221 224 225 224 221 220 222 223 226 227 226 223 225 228 229 228 225 224 226 227 230 231 230 227 228 232 229 232 228 233 234 230 235 231 235 230 233 236 232 236 233 237 238 234 239 235 239 234 237 240 236 240 237 241 242 238 243 239 243 238 241 244 240 244 241 245 246 242 247 243 247 242 245 248 244 248 245 249 250 246 251 247 251 246 249 252 248 252 249 253 254 250 255 251 255 250 253 256 252 256 253 257 258 254 259 255 259 254 257 260 256 260 257 261 262 258 263 259 263 258 261 264 260 264 261 265 266 262 267 263 267 262 265 268 264 268 265 269 270 266 271 267 271 266 269 272 268 272 269 273 274 270 275 271 275 270 273 276 272 276 273 277 278 274 279 275 279 274 280 276 277 276 280 281 282 283 279 278 279 283 284 281 280 281 284 285 286 287 282 283 282 287 98 285 284 285 98 97 102 103 286 287 286 103 288 289 290 289 288 291 289 291 292 292 291 293 293 291 294 294 291 295 294 295 296 296 295 297 297 295 298 297 298 299 299 298 300 300 298 301 300 301 302 302 301 303 302 303 304 304 303 305 305 303 306 305 306 307 307 306 308 308 306 309 308 309 310 310 309 311 310 311 312 312 311 313 313 311 314 313 314 315 315 314 316 315 316 317 317 316 318 318 316 319 318 319 320 320 319 321 321 319 322 321 322 323 323 322 324 324 322 325 326 327 328 327 326 329 329 326 330 329 330 331 331 330 332 331 332 333 331 333 334 334 333 335 335 333 336 335 336 337 337 336 288 337 288 290 337 290 338 337 338 339 339 338 340 339 340 341 339 341 342 339 342 343 343 342 344 343 344 345 343 345 346 346 345 347 346 347 348 346 348 349 349 348 350 349 350 351 351 350 352 351 352 353 351 353 354 354 353 355 354 355 356 356 355 357 356 357 358 356 358 359 359 358 360 359 360 361 359 361 362 362 361 363 362 363 364 364 363 365 364 365 366 364 366 367 367 366 368 367 368 369 367 369 370 370 369 371 370 371 372 370 372 325 370 325 322 370 322 373 370 373 374 374 373 375 374 375 376 376 375 377 376 377 378 378 377 379 378 379 380 380 379 381 380 381 382 382 381 383 384 385 386 386 385 387 385 388 387 387 388 389 388 390 389 389 390 391 390 392 391 391 392 393 392 394 393 393 394 395 394 396 395 396 397 395 397 398 395 398 399 395 399 400 395 395 400 401 400 402 401 402 403 401 401 403 404 403 405 404 405 406 404 404 406 407 406 408 407 407 408 409 408 410 409 410 411 409 409 411 412 411 413 412 413 414 412 412 414 415 414 416 415 415 416 417 416 418 417 418 419 417 417 419 420 419 421 420 420 421 422 421 423 422 423 424 422 422 424 425 424 426 425 426 427 425 425 427 428 427 429 428 429 430 428 430 431 428 428 431 432 431 433 432 433 434 432 434 435 432 432 435 436 435 437 436 436 437 438 438 437 439 437 440 439 440 441 439 439 441 442 441 443 442 442 443 444 445 444 443 397 396 446 446 396 447 447 396 448 396 449 448 448 449 450 450 449 451 449 452 451 451 452 453 453 452 454 452 455 454 454 455 456 455 457 456 456 457 458 458 457 459 457 460 459 459 460 461 460 462 461 461 462 463 463 462 464 462 465 464 464 465 466 466 465 467 465 468 467 467 468 469 468 470 469 469 470 471 471 470 472 470 473 472 472 473 474 474 473 475 473 476 475 475 476 477 477 476 478 478 476 479 476 434 479 433 479 434</p>
                </triangles>
            </mesh>
        </geometry>
        <geometry id="ID171">
            <mesh>
                <source id="ID172">
                    <float_array id="ID175" count="864">0.3528005 0.3165151 0.0492126 0.1968504 0.1968504 34.64567 0.3670857 0.2951358 0.0492126 0.3670857 0.2951358 0.0492126 0.1968504 0.1968504 34.64567 0.3528005 0.3165151 0.0492126 0.1968504 0.1968504 34.64567 0.3784581 0.2720748 0.0492126 0.3784581 0.2720748 0.0492126 0.1968504 0.1968504 34.64567 0.001961307 0.1711928 0.0492126 0.001961307 0.222508 0.0492126 0.000279617 0.1968504 0.0492126 0.006977604 0.2477267 0.0492126 0.006977604 0.1459741 0.0492126 0.01524268 0.2720748 0.0492126 0.01524268 0.121626 0.0492126 0.02661511 0.2951358 0.0492126 0.02661511 0.09856501 0.0492126 0.04090031 0.3165151 0.0492126 0.04090031 0.07718569 0.0492126 0.05785386 0.3358469 0.0492126 0.05785386 0.05785386 0.0492126 0.07718569 0.3528005 0.0492126 0.07718569 0.04090031 0.0492126 0.09856501 0.3670857 0.0492126 0.09856501 0.02661511 0.0492126 0.121626 0.3784581 0.0492126 0.121626 0.01524268 0.0492126 0.1459741 0.3867232 0.0492126 0.1459741 0.006977604 0.0492126 0.1711928 0.3917395 0.0492126 0.1711928 0.001961307 0.0492126 0.1968504 0.3934212 0.0492126 0.1968504 0.000279617 0.0492126 0.222508 0.3917395 0.0492126 0.222508 0.001961307 0.0492126 0.2477267 0.006977604 0.0492126 0.2477267 0.3867232 0.0492126 0.2720748 0.01524268 0.0492126 0.2720748 0.3784581 0.0492126 0.2951358 0.02661511 0.0492126 0.2951358 0.3670857 0.0492126 0.3165151 0.04090031 0.0492126 0.3165151 0.3528005 0.0492126 0.3358469 0.05785386 0.0492126 0.3358469 0.3358469 0.0492126 0.3528005 0.07718569 0.0492126 0.3528005 0.3165151 0.0492126 0.3670857 0.09856501 0.0492126 0.3670857 0.2951358 0.0492126 0.3784581 0.121626 0.0492126 0.3784581 0.2720748 0.0492126 0.3867232 0.1459741 0.0492126 0.3867232 0.2477267 0.0492126 0.3917395 0.1711928 0.0492126 0.3917395 0.222508 0.0492126 0.3934212 0.1968504 0.0492126 0.3934212 0.1968504 0.0492126 0.3917395 0.1711928 0.0492126 0.3917395 0.222508 0.0492126 0.3867232 0.2477267 0.0492126 0.3867232 0.1459741 0.0492126 0.3784581 0.2720748 0.0492126 0.3784581 0.121626 0.0492126 0.3670857 0.2951358 0.0492126 0.3670857 0.09856501 0.0492126 0.3528005 0.3165151 0.0492126 0.3528005 0.07718569 0.0492126 0.3358469 0.3358469 0.0492126 0.3358469 0.05785386 0.0492126 0.3165151 0.3528005 0.0492126 0.3165151 0.04090031 0.0492126 0.2951358 0.3670857 0.0492126 0.2951358 0.02661511 0.0492126 0.2720748 0.3784581 0.0492126 0.2720748 0.01524268 0.0492126 0.2477267 0.3867232 0.0492126 0.2477267 0.006977604 0.0492126 0.222508 0.3917395 0.0492126 0.222508 0.001961307 0.0492126 0.1968504 0.000279617 0.0492126 0.1968504 0.3934212 0.0492126 0.1711928 0.001961307 0.0492126 0.1711928 0.3917395 0.0492126 0.1459741 0.006977604 0.0492126 0.1459741 0.3867232 0.0492126 0.121626 0.01524268 0.0492126 0.121626 0.3784581 0.0492126 0.09856501 0.02661511 0.0492126 0.09856501 0.3670857 0.0492126 0.07718569 0.04090031 0.0492126 0.07718569 0.3528005 0.0492126 0.05785386 0.05785386 0.0492126 0.05785386 0.3358469 0.0492126 0.04090031 0.07718569 0.0492126 0.04090031 0.3165151 0.0492126 0.02661511 0.09856501 0.0492126 0.02661511 0.2951358 0.0492126 0.01524268 0.121626 0.0492126 0.01524268 0.2720748 0.0492126 0.006977604 0.1459741 0.0492126 0.006977604 0.2477267 0.0492126 0.001961307 0.1711928 0.0492126 0.001961307 0.222508 0.0492126 0.000279617 0.1968504 0.0492126 0.3358469 0.3358469 0.0492126 0.1968504 0.1968504 34.64567 0.1968504 0.1968504 34.64567 0.3358469 0.3358469 0.0492126 0.1968504 0.1968504 34.64567 0.3867232 0.2477267 0.0492126 0.3867232 0.2477267 0.0492126 0.1968504 0.1968504 34.64567 0.1968504 0.1968504 34.64567 0.3917395 0.222508 0.0492126 0.3917395 0.222508 0.0492126 0.1968504 0.1968504 34.64567 0.1968504 0.1968504 34.64567 0.3165151 0.3528005 0.0492126 0.3165151 0.3528005 0.0492126 0.1968504 0.1968504 34.64567 0.1968504 0.1968504 34.64567 0.2951358 0.3670857 0.0492126 0.2951358 0.3670857 0.0492126 0.1968504 0.1968504 34.64567 0.1968504 0.1968504 34.64567 0.2720748 0.3784581 0.0492126 0.2720748 0.3784581 0.0492126 0.1968504 0.1968504 34.64567 0.1968504 0.1968504 34.64567 0.2477267 0.3867232 0.0492126 0.2477267 0.3867232 0.0492126 0.1968504 0.1968504 34.64567 0.1968504 0.1968504 34.64567 0.222508 0.3917395 0.0492126 0.222508 0.3917395 0.0492126 0.1968504 0.1968504 34.64567 0.1968504 0.1968504 34.64567 0.1968504 0.3934212 0.0492126 0.1968504 0.3934212 0.0492126 0.1968504 0.1968504 34.64567 0.1968504 0.1968504 34.64567 0.1711928 0.3917395 0.0492126 0.1711928 0.3917395 0.0492126 0.1968504 0.1968504 34.64567 0.1968504 0.1968504 34.64567 0.1459741 0.3867232 0.0492126 0.1459741 0.3867232 0.0492126 0.1968504 0.1968504 34.64567 0.1968504 0.1968504 34.64567 0.121626 0.3784581 0.0492126 0.121626 0.3784581 0.0492126 0.1968504 0.1968504 34.64567 0.1968504 0.1968504 34.64567 0.09856501 0.3670857 0.0492126 0.09856501 0.3670857 0.0492126 0.1968504 0.1968504 34.64567 0.1968504 0.1968504 34.64567 0.07718569 0.3528005 0.0492126 0.07718569 0.3528005 0.0492126 0.1968504 0.1968504 34.64567 0.1968504 0.1968504 34.64567 0.05785386 0.3358469 0.0492126 0.05785386 0.3358469 0.0492126 0.1968504 0.1968504 34.64567 0.04090031 0.3165151 0.0492126 0.1968504 0.1968504 34.64567 0.1968504 0.1968504 34.64567 0.04090031 0.3165151 0.0492126 0.02661511 0.2951358 0.0492126 0.1968504 0.1968504 34.64567 0.1968504 0.1968504 34.64567 0.02661511 0.2951358 0.0492126 0.01524268 0.2720748 0.0492126 0.1968504 0.1968504 34.64567 0.1968504 0.1968504 34.64567 0.01524268 0.2720748 0.0492126 0.006977604 0.2477267 0.0492126 0.1968504 0.1968504 34.64567 0.1968504 0.1968504 34.64567 0.006977604 0.2477267 0.0492126 0.001961307 0.222508 0.0492126 0.1968504 0.1968504 34.64567 0.1968504 0.1968504 34.64567 0.001961307 0.222508 0.0492126 0.000279617 0.1968504 0.0492126 0.1968504 0.1968504 34.64567 0.1968504 0.1968504 34.64567 0.000279617 0.1968504 0.0492126 0.001961307 0.1711928 0.0492126 0.1968504 0.1968504 34.64567 0.1968504 0.1968504 34.64567 0.001961307 0.1711928 0.0492126 0.1968504 0.1968504 34.64567 0.006977604 0.1459741 0.0492126 0.006977604 0.1459741 0.0492126 0.1968504 0.1968504 34.64567 0.1968504 0.1968504 34.64567 0.01524268 0.121626 0.0492126 0.01524268 0.121626 0.0492126 0.1968504 0.1968504 34.64567 0.1968504 0.1968504 34.64567 0.02661511 0.09856501 0.0492126 0.02661511 0.09856501 0.0492126 0.1968504 0.1968504 34.64567 0.1968504 0.1968504 34.64567 0.04090031 0.07718569 0.0492126 0.04090031 0.07718569 0.0492126 0.1968504 0.1968504 34.64567 0.1968504 0.1968504 34.64567 0.05785386 0.05785386 0.0492126 0.05785386 0.05785386 0.0492126 0.1968504 0.1968504 34.64567 0.1968504 0.1968504 34.64567 0.07718569 0.04090031 0.0492126 0.07718569 0.04090031 0.0492126 0.1968504 0.1968504 34.64567 0.1968504 0.1968504 34.64567 0.09856501 0.02661511 0.0492126 0.09856501 0.02661511 0.0492126 0.1968504 0.1968504 34.64567 0.1968504 0.1968504 34.64567 0.121626 0.01524268 0.0492126 0.121626 0.01524268 0.0492126 0.1968504 0.1968504 34.64567 0.1968504 0.1968504 34.64567 0.1459741 0.006977604 0.0492126 0.1459741 0.006977604 0.0492126 0.1968504 0.1968504 34.64567 0.1968504 0.1968504 34.64567 0.1711928 0.001961307 0.0492126 0.1711928 0.001961307 0.0492126 0.1968504 0.1968504 34.64567 0.1968504 0.1968504 34.64567 0.1968504 0.000279617 0.0492126 0.1968504 0.000279617 0.0492126 0.1968504 0.1968504 34.64567 0.1968504 0.1968504 34.64567 0.222508 0.001961307 0.0492126 0.222508 0.001961307 0.0492126 0.1968504 0.1968504 34.64567 0.1968504 0.1968504 34.64567 0.2477267 0.006977604 0.0492126 0.2477267 0.006977604 0.0492126 0.1968504 0.1968504 34.64567 0.1968504 0.1968504 34.64567 0.2720748 0.01524268 0.0492126 0.2720748 0.01524268 0.0492126 0.1968504 0.1968504 34.64567 0.1968504 0.1968504 34.64567 0.2951358 0.02661511 0.0492126 0.2951358 0.02661511 0.0492126 0.1968504 0.1968504 34.64567 0.1968504 0.1968504 34.64567 0.3165151 0.04090031 0.0492126 0.3165151 0.04090031 0.0492126 0.1968504 0.1968504 34.64567 0.1968504 0.1968504 34.64567 0.3358469 0.05785386 0.0492126 0.3358469 0.05785386 0.0492126 0.1968504 0.1968504 34.64567 0.1968504 0.1968504 34.64567 0.3528005 0.07718569 0.0492126 0.3528005 0.07718569 0.0492126 0.1968504 0.1968504 34.64567 0.1968504 0.1968504 34.64567 0.3670857 0.09856501 0.0492126 0.3670857 0.09856501 0.0492126 0.1968504 0.1968504 34.64567 0.1968504 0.1968504 34.64567 0.3784581 0.121626 0.0492126 0.3784581 0.121626 0.0492126 0.1968504 0.1968504 34.64567 0.1968504 0.1968504 34.64567 0.3867232 0.1459741 0.0492126 0.3867232 0.1459741 0.0492126 0.1968504 0.1968504 34.64567 0.1968504 0.1968504 34.64567 0.3917395 0.1711928 0.0492126 0.3917395 0.1711928 0.0492126 0.1968504 0.1968504 34.64567 0.1968504 0.1968504 34.64567 0.3934212 0.1968504 0.0492126 0.3934212 0.1968504 0.0492126 0.1968504 0.1968504 34.64567 0.1968504 0.1968504 34.64567 0.1968504 0.1968504 34.64567</float_array>
                    <technique_common>
                        <accessor count="288" source="#ID175" stride="3">
                            <param name="X" type="float" />
                            <param name="Y" type="float" />
                            <param name="Z" type="float" />
                        </accessor>
                    </technique_common>
                </source>
                <source id="ID173">
                    <float_array id="ID176" count="864">0.7933405 0.6087516 0.005681726 0.8314562 0.5555613 0.005669562 0.8660114 0.4999919 0.005681726 -0.8660114 -0.4999919 -0.005681726 -0.8314562 -0.5555613 -0.005669562 -0.7933405 -0.6087516 -0.005681726 0.8968583 0.4422816 0.005669562 0.9238646 0.3826773 0.005681726 -0.9238646 -0.3826773 -0.005681726 -0.8968583 -0.4422816 -0.005669562 5.103904e-30 -9.357158e-30 1 5.103904e-30 -9.357158e-30 1 5.103904e-30 -9.357158e-30 1 5.103904e-30 -9.357158e-30 1 5.103904e-30 -9.357158e-30 1 5.103904e-30 -9.357158e-30 1 5.103904e-30 -9.357158e-30 1 5.103904e-30 -9.357158e-30 1 5.103904e-30 -9.357158e-30 1 5.103904e-30 -9.357158e-30 1 5.103904e-30 -9.357158e-30 1 5.103904e-30 -9.357158e-30 1 5.103904e-30 -9.357158e-30 1 5.103904e-30 -9.357158e-30 1 5.103904e-30 -9.357158e-30 1 5.103904e-30 -9.357158e-30 1 5.103904e-30 -9.357158e-30 1 5.103904e-30 -9.357158e-30 1 5.103904e-30 -9.357158e-30 1 5.103904e-30 -9.357158e-30 1 5.103904e-30 -9.357158e-30 1 5.103904e-30 -9.357158e-30 1 5.103904e-30 -9.357158e-30 1 5.103904e-30 -9.357158e-30 1 5.103904e-30 -9.357158e-30 1 5.103904e-30 -9.357158e-30 1 5.103904e-30 -9.357158e-30 1 5.103904e-30 -9.357158e-30 1 5.103904e-30 -9.357158e-30 1 5.103904e-30 -9.357158e-30 1 5.103904e-30 -9.357158e-30 1 5.103904e-30 -9.357158e-30 1 5.103904e-30 -9.357158e-30 1 5.103904e-30 -9.357158e-30 1 5.103904e-30 -9.357158e-30 1 5.103904e-30 -9.357158e-30 1 5.103904e-30 -9.357158e-30 1 5.103904e-30 -9.357158e-30 1 5.103904e-30 -9.357158e-30 1 5.103904e-30 -9.357158e-30 1 5.103904e-30 -9.357158e-30 1 5.103904e-30 -9.357158e-30 1 5.103904e-30 -9.357158e-30 1 5.103904e-30 -9.357158e-30 1 5.103904e-30 -9.357158e-30 1 5.103904e-30 -9.357158e-30 1 5.103904e-30 -9.357158e-30 1 5.103904e-30 -9.357158e-30 1 -5.103904e-30 9.357158e-30 -1 -5.103904e-30 9.357158e-30 -1 -5.103904e-30 9.357158e-30 -1 -5.103904e-30 9.357158e-30 -1 -5.103904e-30 9.357158e-30 -1 -5.103904e-30 9.357158e-30 -1 -5.103904e-30 9.357158e-30 -1 -5.103904e-30 9.357158e-30 -1 -5.103904e-30 9.357158e-30 -1 -5.103904e-30 9.357158e-30 -1 -5.103904e-30 9.357158e-30 -1 -5.103904e-30 9.357158e-30 -1 -5.103904e-30 9.357158e-30 -1 -5.103904e-30 9.357158e-30 -1 -5.103904e-30 9.357158e-30 -1 -5.103904e-30 9.357158e-30 -1 -5.103904e-30 9.357158e-30 -1 -5.103904e-30 9.357158e-30 -1 -5.103904e-30 9.357158e-30 -1 -5.103904e-30 9.357158e-30 -1 -5.103904e-30 9.357158e-30 -1 -5.103904e-30 9.357158e-30 -1 -5.103904e-30 9.357158e-30 -1 -5.103904e-30 9.357158e-30 -1 -5.103904e-30 9.357158e-30 -1 -5.103904e-30 9.357158e-30 -1 -5.103904e-30 9.357158e-30 -1 -5.103904e-30 9.357158e-30 -1 -5.103904e-30 9.357158e-30 -1 -5.103904e-30 9.357158e-30 -1 -5.103904e-30 9.357158e-30 -1 -5.103904e-30 9.357158e-30 -1 -5.103904e-30 9.357158e-30 -1 -5.103904e-30 9.357158e-30 -1 -5.103904e-30 9.357158e-30 -1 -5.103904e-30 9.357158e-30 -1 -5.103904e-30 9.357158e-30 -1 -5.103904e-30 9.357158e-30 -1 -5.103904e-30 9.357158e-30 -1 -5.103904e-30 9.357158e-30 -1 -5.103904e-30 9.357158e-30 -1 -5.103904e-30 9.357158e-30 -1 -5.103904e-30 9.357158e-30 -1 -5.103904e-30 9.357158e-30 -1 -5.103904e-30 9.357158e-30 -1 -5.103904e-30 9.357158e-30 -1 -5.103904e-30 9.357158e-30 -1 -5.103904e-30 9.357158e-30 -1 0.7070954 0.7070954 0.005681726 0.7518277 0.6593352 0.005669562 -0.7518277 -0.6593352 -0.005669562 -0.7070954 -0.7070954 -0.005681726 0.9469149 0.3214343 0.005669562 0.9659102 0.2588149 0.005681726 -0.9659102 -0.2588149 -0.005681726 -0.9469149 -0.3214343 -0.005669562 0.9807695 0.1950872 0.005669562 0.9914289 0.1305241 0.005681726 -0.9914289 -0.1305241 -0.005681726 -0.9807695 -0.1950872 -0.005669562 0.6593352 0.7518277 0.005669562 0.6087516 0.7933405 0.005681726 -0.6087516 -0.7933405 -0.005681726 -0.6593352 -0.7518277 -0.005669562 0.5555613 0.8314562 0.005669562 0.4999919 0.8660114 0.005681726 -0.4999919 -0.8660114 -0.005681726 -0.5555613 -0.8314562 -0.005669562 0.4422816 0.8968583 0.005669562 0.3826773 0.9238646 0.005681726 -0.3826773 -0.9238646 -0.005681726 -0.4422816 -0.8968583 -0.005669562 0.3214343 0.9469149 0.005669562 0.2588149 0.9659102 0.005681726 -0.2588149 -0.9659102 -0.005681726 -0.3214343 -0.9469149 -0.005669562 0.1950872 0.9807695 0.005669562 0.1305241 0.9914289 0.005681726 -0.1305241 -0.9914289 -0.005681726 -0.1950872 -0.9807695 -0.005669562 0.06540208 0.9978429 0.005669562 2.890131e-13 0.9999839 0.005681726 -2.890131e-13 -0.9999839 -0.005681726 -0.06540208 -0.9978429 -0.005669562 -0.06540208 0.9978429 0.005669562 -0.1305241 0.9914289 0.005681726 0.1305241 -0.9914289 -0.005681726 0.06540208 -0.9978429 -0.005669562 -0.1950872 0.9807695 0.005669562 -0.2588149 0.9659102 0.005681726 0.2588149 -0.9659102 -0.005681726 0.1950872 -0.9807695 -0.005669562 -0.3214343 0.9469149 0.005669562 -0.3826773 0.9238646 0.005681726 0.3826773 -0.9238646 -0.005681726 0.3214343 -0.9469149 -0.005669562 -0.4422816 0.8968583 0.005669562 -0.4999919 0.8660114 0.005681726 0.4999919 -0.8660114 -0.005681726 0.4422816 -0.8968583 -0.005669562 -0.5555613 0.8314562 0.005669562 -0.6087516 0.7933405 0.005681726 0.6087516 -0.7933405 -0.005681726 0.5555613 -0.8314562 -0.005669562 -0.6593352 0.7518277 0.005669562 -0.7070954 0.7070954 0.005681726 0.7070954 -0.7070954 -0.005681726 0.6593352 -0.7518277 -0.005669562 -0.7933405 0.6087516 0.005681726 -0.7518277 0.6593352 0.005669562 0.7518277 -0.6593352 -0.005669562 0.7933405 -0.6087516 -0.005681726 -0.8660114 0.4999919 0.005681726 -0.8314562 0.5555613 0.005669562 0.8314562 -0.5555613 -0.005669562 0.8660114 -0.4999919 -0.005681726 -0.9238646 0.3826773 0.005681726 -0.8968583 0.4422816 0.005669562 0.8968583 -0.4422816 -0.005669562 0.9238646 -0.3826773 -0.005681726 -0.9659102 0.2588149 0.005681726 -0.9469149 0.3214343 0.005669562 0.9469149 -0.3214343 -0.005669562 0.9659102 -0.2588149 -0.005681726 -0.9914289 0.1305241 0.005681726 -0.9807695 0.1950872 0.005669562 0.9807695 -0.1950872 -0.005669562 0.9914289 -0.1305241 -0.005681726 -0.9999839 -9.326441e-12 0.005681726 -0.9978429 0.06540208 0.005669562 0.9978429 -0.06540208 -0.005669562 0.9999839 9.326441e-12 -0.005681726 -0.9914289 -0.1305241 0.005681726 -0.9978429 -0.06540208 0.005669562 0.9978429 0.06540208 -0.005669562 0.9914289 0.1305241 -0.005681726 -0.9807695 -0.1950872 0.005669562 -0.9659102 -0.2588149 0.005681726 0.9659102 0.2588149 -0.005681726 0.9807695 0.1950872 -0.005669562 -0.9469149 -0.3214343 0.005669562 -0.9238646 -0.3826773 0.005681726 0.9238646 0.3826773 -0.005681726 0.9469149 0.3214343 -0.005669562 -0.8968583 -0.4422816 0.005669562 -0.8660114 -0.4999919 0.005681726 0.8660114 0.4999919 -0.005681726 0.8968583 0.4422816 -0.005669562 -0.8314562 -0.5555613 0.005669562 -0.7933405 -0.6087516 0.005681726 0.7933405 0.6087516 -0.005681726 0.8314562 0.5555613 -0.005669562 -0.7518277 -0.6593352 0.005669562 -0.7070954 -0.7070954 0.005681726 0.7070954 0.7070954 -0.005681726 0.7518277 0.6593352 -0.005669562 -0.6593352 -0.7518277 0.005669562 -0.6087516 -0.7933405 0.005681726 0.6087516 0.7933405 -0.005681726 0.6593352 0.7518277 -0.005669562 -0.5555613 -0.8314562 0.005669562 -0.4999919 -0.8660114 0.005681726 0.4999919 0.8660114 -0.005681726 0.5555613 0.8314562 -0.005669562 -0.4422816 -0.8968583 0.005669562 -0.3826773 -0.9238646 0.005681726 0.3826773 0.9238646 -0.005681726 0.4422816 0.8968583 -0.005669562 -0.3214343 -0.9469149 0.005669562 -0.2588149 -0.9659102 0.005681726 0.2588149 0.9659102 -0.005681726 0.3214343 0.9469149 -0.005669562 -0.1950872 -0.9807695 0.005669562 -0.1305241 -0.9914289 0.005681726 0.1305241 0.9914289 -0.005681726 0.1950872 0.9807695 -0.005669562 -0.06540208 -0.9978429 0.005669562 -7.519743e-13 -0.9999839 0.005681726 7.519743e-13 0.9999839 -0.005681726 0.06540208 0.9978429 -0.005669562 0.06540208 -0.9978429 0.005669562 0.1305241 -0.9914289 0.005681726 -0.1305241 0.9914289 -0.005681726 -0.06540208 0.9978429 -0.005669562 0.1950872 -0.9807695 0.005669562 0.2588149 -0.9659102 0.005681726 -0.2588149 0.9659102 -0.005681726 -0.1950872 0.9807695 -0.005669562 0.3214343 -0.9469149 0.005669562 0.3826773 -0.9238646 0.005681726 -0.3826773 0.9238646 -0.005681726 -0.3214343 0.9469149 -0.005669562 0.4422816 -0.8968583 0.005669562 0.4999919 -0.8660114 0.005681726 -0.4999919 0.8660114 -0.005681726 -0.4422816 0.8968583 -0.005669562 0.5555613 -0.8314562 0.005669562 0.6087516 -0.7933405 0.005681726 -0.6087516 0.7933405 -0.005681726 -0.5555613 0.8314562 -0.005669562 0.6593352 -0.7518277 0.005669562 0.7070954 -0.7070954 0.005681726 -0.7070954 0.7070954 -0.005681726 -0.6593352 0.7518277 -0.005669562 0.7518277 -0.6593352 0.005669562 0.7933405 -0.6087516 0.005681726 -0.7933405 0.6087516 -0.005681726 -0.7518277 0.6593352 -0.005669562 0.8314562 -0.5555613 0.005669562 0.8660114 -0.4999919 0.005681726 -0.8660114 0.4999919 -0.005681726 -0.8314562 0.5555613 -0.005669562 0.8968583 -0.4422816 0.005669562 0.9238646 -0.3826773 0.005681726 -0.9238646 0.3826773 -0.005681726 -0.8968583 0.4422816 -0.005669562 0.9469149 -0.3214343 0.005669562 0.9659102 -0.2588149 0.005681726 -0.9659102 0.2588149 -0.005681726 -0.9469149 0.3214343 -0.005669562 0.9807695 -0.1950872 0.005669562 0.9914289 -0.1305241 0.005681726 -0.9914289 0.1305241 -0.005681726 -0.9807695 0.1950872 -0.005669562 0.9978429 -0.06540208 0.005669562 0.9999839 -1.877717e-12 0.005681726 -0.9999839 1.877717e-12 -0.005681726 -0.9978429 0.06540208 -0.005669562 0.9978429 0.06540208 0.005669562 -0.9978429 -0.06540208 -0.005669562</float_array>
                    <technique_common>
                        <accessor count="288" source="#ID176" stride="3">
                            <param name="X" type="float" />
                            <param name="Y" type="float" />
                            <param name="Z" type="float" />
                        </accessor>
                    </technique_common>
                </source>
                <vertices id="ID174">
                    <input semantic="POSITION" source="#ID172" />
                    <input semantic="NORMAL" source="#ID173" />
                </vertices>
                <triangles count="188" material="Material2">
                    <input offset="0" semantic="VERTEX" source="#ID174" />
                    <p>0 1 2 3 4 5 2 6 7 8 9 3 10 11 12 11 10 13 13 10 14 13 14 15 15 14 16 15 16 17 17 16 18 17 18 19 19 18 20 19 20 21 21 20 22 21 22 23 23 22 24 23 24 25 25 24 26 25 26 27 27 26 28 27 28 29 29 28 30 29 30 31 31 30 32 31 32 33 33 32 34 33 34 35 35 34 36 35 36 37 35 37 38 38 37 39 38 39 40 40 39 41 40 41 42 42 41 43 42 43 44 44 43 45 44 45 46 46 45 47 46 47 48 48 47 49 48 49 50 50 49 51 50 51 52 52 51 53 52 53 54 54 53 55 54 55 56 56 55 57 58 59 60 60 59 61 59 62 61 61 62 63 62 64 63 63 64 65 64 66 65 65 66 67 66 68 67 67 68 69 68 70 69 69 70 71 70 72 71 71 72 73 72 74 73 73 74 75 74 76 75 75 76 77 76 78 77 77 78 79 78 80 79 80 81 79 79 81 82 81 83 82 82 83 84 83 85 84 84 85 86 85 87 86 86 87 88 87 89 88 88 89 90 89 91 90 90 91 92 91 93 92 92 93 94 93 95 94 94 95 96 95 97 96 96 97 98 97 99 98 98 99 100 99 101 100 100 101 102 101 103 102 102 103 104 105 104 103 106 107 0 5 108 109 7 110 111 112 113 8 111 114 115 116 117 112 118 106 119 120 109 121 122 119 123 124 120 125 126 123 127 128 124 129 130 127 131 132 128 133 134 131 135 136 132 137 138 135 139 140 136 141 142 139 143 144 140 145 146 143 147 148 144 149 150 147 151 152 148 153 154 151 155 156 152 157 158 155 159 160 156 161 162 159 163 164 160 165 163 166 167 168 169 164 166 170 171 172 173 169 170 174 175 176 177 173 174 178 179 180 181 177 178 182 183 184 185 181 182 186 187 188 189 185 186 190 191 192 193 189 194 190 195 196 193 197 198 195 199 200 196 201 202 199 203 204 200 205 206 203 207 208 204 209 210 207 211 212 208 213 214 211 215 216 212 217 218 215 219 220 216 221 222 219 223 224 220 225 226 223 227 228 224 229 230 227 231 232 228 233 234 231 235 236 232 237 238 235 239 240 236 241 242 239 243 244 240 245 246 243 247 248 244 249 250 247 251 252 248 253 254 251 255 256 252 257 258 255 259 260 256 261 262 259 263 264 260 265 266 263 267 268 264 269 270 267 271 272 268 273 274 271 275 276 272 277 278 275 279 280 276 281 282 279 283 284 280 285 115 286 283 284 287 116</p>
                </triangles>
            </mesh>
        </geometry>
        <geometry id="ID179">
            <mesh>
                <source id="ID180">
                    <float_array id="ID183" count="1440">0.6627538 0.4763181 0 0.6772382 0.4336483 1.082677 0.6772382 0.4336483 0 0.6627538 0.4763181 1.082677 0.6627538 0.4763181 1.082677 0.6627538 0.4763181 0 0.6772382 0.4336483 1.082677 0.6772382 0.4336483 0 0.6428237 0.5167323 0 0.6428237 0.5167323 1.082677 0.6428237 0.5167323 1.082677 0.6428237 0.5167323 0 0.002947144 0.2995235 1.082677 0.002947144 0.3894529 1.082677 0 0.3444882 1.082677 0.01173815 0.2553281 1.082677 0.01173815 0.4336483 1.082677 0.0262226 0.2126583 1.082677 0.0262226 0.4763181 1.082677 0.04615267 0.1722441 1.082677 0.04615267 0.5167323 1.082677 0.0492126 0.3444882 1.082677 0.05173872 0.305947 1.082677 0.07118733 0.1347771 1.082677 0.05927387 0.2680652 1.082677 0.07168911 0.2314911 1.082677 0.1008983 0.1008983 1.082677 0.08877203 0.1968504 1.082677 0.1102303 0.1647358 1.082677 0.1347771 0.07118733 1.082677 0.1356968 0.1356968 1.082677 0.1722441 0.04615267 1.082677 0.1647358 0.1102303 1.082677 0.1968504 0.08877203 1.082677 0.2126583 0.0262226 1.082677 0.2314911 0.07168911 1.082677 0.2553281 0.01173815 1.082677 0.2680652 0.05927387 1.082677 0.2995235 0.002947144 1.082677 0.305947 0.05173872 1.082677 0.3444882 0 1.082677 0.3444882 0.0492126 1.082677 0.3894529 0.002947144 1.082677 0.3830294 0.05173872 1.082677 0.4209111 0.05927387 1.082677 0.4336483 0.01173815 1.082677 0.4574853 0.07168911 1.082677 0.4763181 0.0262226 1.082677 0.492126 0.08877203 1.082677 0.5167323 0.04615267 1.082677 0.5242406 0.1102303 1.082677 0.5541993 0.07118733 1.082677 0.5532796 0.1356968 1.082677 0.5787461 0.1647358 1.082677 0.5880781 0.1008983 1.082677 0.6002044 0.1968504 1.082677 0.617789 0.1347771 1.082677 0.6172873 0.2314911 1.082677 0.6297025 0.2680652 1.082677 0.6428237 0.1722441 1.082677 0.6372377 0.305947 1.082677 0.6397638 0.3444882 1.082677 0.05173872 0.3830294 1.082677 0.07118733 0.5541993 1.082677 0.05927387 0.4209111 1.082677 0.07168911 0.4574853 1.082677 0.1008983 0.5880781 1.082677 0.08877203 0.492126 1.082677 0.1102303 0.5242406 1.082677 0.1347771 0.617789 1.082677 0.1356968 0.5532796 1.082677 0.1722441 0.6428237 1.082677 0.1647358 0.5787461 1.082677 0.1968504 0.6002044 1.082677 0.2126583 0.6627538 1.082677 0.2314911 0.6172873 1.082677 0.2553281 0.6772382 1.082677 0.2680652 0.6297025 1.082677 0.2995235 0.6860292 1.082677 0.305947 0.6372377 1.082677 0.3444882 0.6889764 1.082677 0.3444882 0.6397638 1.082677 0.3830294 0.6372377 1.082677 0.3894529 0.6860292 1.082677 0.4209111 0.6297025 1.082677 0.4336483 0.6772382 1.082677 0.4574853 0.6172873 1.082677 0.4763181 0.6627538 1.082677 0.492126 0.6002044 1.082677 0.5167323 0.6428237 1.082677 0.5242406 0.5787461 1.082677 0.5541993 0.617789 1.082677 0.5532796 0.5532796 1.082677 0.5787461 0.5242406 1.082677 0.5880781 0.5880781 1.082677 0.6002044 0.492126 1.082677 0.617789 0.5541993 1.082677 0.6172873 0.4574853 1.082677 0.6297025 0.4209111 1.082677 0.6428237 0.5167323 1.082677 0.6372377 0.3830294 1.082677 0.6627538 0.2126583 1.082677 0.6627538 0.4763181 1.082677 0.6772382 0.2553281 1.082677 0.6772382 0.4336483 1.082677 0.6860292 0.2995235 1.082677 0.6860292 0.3894529 1.082677 0.6889764 0.3444882 1.082677 0.6889764 0.3444882 1.082677 0.6860292 0.2995235 1.082677 0.6860292 0.3894529 1.082677 0.6772382 0.4336483 1.082677 0.6772382 0.2553281 1.082677 0.6627538 0.4763181 1.082677 0.6627538 0.2126583 1.082677 0.6428237 0.5167323 1.082677 0.6428237 0.1722441 1.082677 0.6397638 0.3444882 1.082677 0.6372377 0.3830294 1.082677 0.6297025 0.4209111 1.082677 0.617789 0.5541993 1.082677 0.6172873 0.4574853 1.082677 0.6002044 0.492126 1.082677 0.5880781 0.5880781 1.082677 0.5787461 0.5242406 1.082677 0.5541993 0.617789 1.082677 0.5532796 0.5532796 1.082677 0.5242406 0.5787461 1.082677 0.5167323 0.6428237 1.082677 0.492126 0.6002044 1.082677 0.4763181 0.6627538 1.082677 0.4574853 0.6172873 1.082677 0.4336483 0.6772382 1.082677 0.4209111 0.6297025 1.082677 0.3894529 0.6860292 1.082677 0.3830294 0.6372377 1.082677 0.3444882 0.6889764 1.082677 0.3444882 0.6397638 1.082677 0.305947 0.6372377 1.082677 0.2995235 0.6860292 1.082677 0.2680652 0.6297025 1.082677 0.2553281 0.6772382 1.082677 0.2314911 0.6172873 1.082677 0.2126583 0.6627538 1.082677 0.1968504 0.6002044 1.082677 0.1722441 0.6428237 1.082677 0.1647358 0.5787461 1.082677 0.1356968 0.5532796 1.082677 0.1347771 0.617789 1.082677 0.1102303 0.5242406 1.082677 0.1008983 0.5880781 1.082677 0.08877203 0.492126 1.082677 0.07168911 0.4574853 1.082677 0.07118733 0.5541993 1.082677 0.05927387 0.4209111 1.082677 0.05173872 0.3830294 1.082677 0.0492126 0.3444882 1.082677 0.04615267 0.5167323 1.082677 0.6372377 0.305947 1.082677 0.6297025 0.2680652 1.082677 0.617789 0.1347771 1.082677 0.6172873 0.2314911 1.082677 0.6002044 0.1968504 1.082677 0.5880781 0.1008983 1.082677 0.5787461 0.1647358 1.082677 0.5541993 0.07118733 1.082677 0.5532796 0.1356968 1.082677 0.5242406 0.1102303 1.082677 0.5167323 0.04615267 1.082677 0.492126 0.08877203 1.082677 0.4763181 0.0262226 1.082677 0.4574853 0.07168911 1.082677 0.4336483 0.01173815 1.082677 0.4209111 0.05927387 1.082677 0.3894529 0.002947144 1.082677 0.3830294 0.05173872 1.082677 0.3444882 0.0492126 1.082677 0.3444882 0 1.082677 0.305947 0.05173872 1.082677 0.2995235 0.002947144 1.082677 0.2680652 0.05927387 1.082677 0.2553281 0.01173815 1.082677 0.2314911 0.07168911 1.082677 0.2126583 0.0262226 1.082677 0.1968504 0.08877203 1.082677 0.1722441 0.04615267 1.082677 0.1647358 0.1102303 1.082677 0.1356968 0.1356968 1.082677 0.1347771 0.07118733 1.082677 0.1102303 0.1647358 1.082677 0.1008983 0.1008983 1.082677 0.08877203 0.1968504 1.082677 0.07168911 0.2314911 1.082677 0.07118733 0.1347771 1.082677 0.05927387 0.2680652 1.082677 0.05173872 0.305947 1.082677 0.04615267 0.1722441 1.082677 0.0262226 0.4763181 1.082677 0.0262226 0.2126583 1.082677 0.01173815 0.4336483 1.082677 0.01173815 0.2553281 1.082677 0.002947144 0.3894529 1.082677 0.002947144 0.2995235 1.082677 0 0.3444882 1.082677 0.6860292 0.3894529 1.082677 0.6860292 0.3894529 0 0.6860292 0.3894529 1.082677 0.6860292 0.3894529 0 0.002947144 0.3894529 0 0.002947144 0.2995235 0 0 0.3444882 0 0.01173815 0.4336483 0 0.01173815 0.2553281 0 0.0262226 0.2126583 0 0.0262226 0.4763181 0 0.04615267 0.1722441 0 0.04615267 0.5167323 0 0.07118733 0.5541993 0 0.07118733 0.1347771 0 0.1008983 0.5880781 0 0.1008983 0.1008983 0 0.1347771 0.617789 0 0.1347771 0.07118733 0 0.1722441 0.04615267 0 0.1722441 0.6428237 0 0.2126583 0.0262226 0 0.2126583 0.6627538 0 0.2553281 0.6772382 0 0.2553281 0.01173815 0 0.2995235 0.002947144 0 0.2995235 0.6860292 0 0.3444882 0.6889764 0 0.3444882 0 0 0.3894529 0.6860292 0 0.3894529 0.002947144 0 0.4336483 0.01173815 0 0.4336483 0.6772382 0 0.4763181 0.6627538 0 0.4763181 0.0262226 0 0.5167323 0.6428237 0 0.5167323 0.04615267 0 0.5541993 0.617789 0 0.5541993 0.07118733 0 0.5880781 0.5880781 0 0.5880781 0.1008983 0 0.617789 0.1347771 0 0.617789 0.5541993 0 0.6428237 0.1722441 0 0.6428237 0.5167323 0 0.6627538 0.2126583 0 0.6627538 0.4763181 0 0.6772382 0.4336483 0 0.6772382 0.2553281 0 0.6860292 0.3894529 0 0.6860292 0.2995235 0 0.6889764 0.3444882 0 0.6889764 0.3444882 0 0.6860292 0.3894529 0 0.6860292 0.2995235 0 0.6772382 0.2553281 0 0.6772382 0.4336483 0 0.6627538 0.2126583 0 0.6627538 0.4763181 0 0.6428237 0.5167323 0 0.6428237 0.1722441 0 0.617789 0.5541993 0 0.617789 0.1347771 0 0.5880781 0.5880781 0 0.5880781 0.1008983 0 0.5541993 0.07118733 0 0.5541993 0.617789 0 0.5167323 0.04615267 0 0.5167323 0.6428237 0 0.4763181 0.0262226 0 0.4763181 0.6627538 0 0.4336483 0.01173815 0 0.4336483 0.6772382 0 0.3894529 0.6860292 0 0.3894529 0.002947144 0 0.3444882 0 0 0.3444882 0.6889764 0 0.2995235 0.002947144 0 0.2995235 0.6860292 0 0.2553281 0.6772382 0 0.2553281 0.01173815 0 0.2126583 0.0262226 0 0.2126583 0.6627538 0 0.1722441 0.6428237 0 0.1722441 0.04615267 0 0.1347771 0.617789 0 0.1347771 0.07118733 0 0.1008983 0.1008983 0 0.1008983 0.5880781 0 0.07118733 0.1347771 0 0.07118733 0.5541993 0 0.04615267 0.1722441 0 0.04615267 0.5167323 0 0.0262226 0.4763181 0 0.0262226 0.2126583 0 0.01173815 0.4336483 0 0.01173815 0.2553281 0 0.002947144 0.2995235 0 0.002947144 0.3894529 0 0 0.3444882 0 0.617789 0.5541993 0 0.617789 0.5541993 1.082677 0.617789 0.5541993 1.082677 0.617789 0.5541993 0 0.1347771 0.617789 1.082677 0.1722441 0.6428237 0 0.1347771 0.617789 0 0.1722441 0.6428237 1.082677 0.1722441 0.6428237 1.082677 0.1347771 0.617789 1.082677 0.1722441 0.6428237 0 0.1347771 0.617789 0 0.1008983 0.5880781 1.082677 0.1008983 0.5880781 0 0.1008983 0.5880781 1.082677 0.1008983 0.5880781 0 0.07118733 0.5541993 1.082677 0.07118733 0.5541993 0 0.07118733 0.5541993 1.082677 0.07118733 0.5541993 0 0.04615267 0.5167323 1.082677 0.04615267 0.5167323 0 0.04615267 0.5167323 1.082677 0.04615267 0.5167323 0 0.0262226 0.4763181 1.082677 0.0262226 0.4763181 0 0.0262226 0.4763181 1.082677 0.0262226 0.4763181 0 0.01173815 0.4336483 1.082677 0.01173815 0.4336483 0 0.01173815 0.4336483 1.082677 0.01173815 0.4336483 0 0.002947144 0.3894529 1.082677 0.002947144 0.3894529 0 0.002947144 0.3894529 1.082677 0.002947144 0.3894529 0 0 0.3444882 1.082677 0 0.3444882 0 0 0.3444882 1.082677 0 0.3444882 0 0.002947144 0.2995235 1.082677 0.002947144 0.2995235 0 0.002947144 0.2995235 1.082677 0.002947144 0.2995235 0 0.01173815 0.2553281 0 0.01173815 0.2553281 1.082677 0.01173815 0.2553281 0 0.01173815 0.2553281 1.082677 0.0262226 0.2126583 0 0.0262226 0.2126583 1.082677 0.0262226 0.2126583 0 0.0262226 0.2126583 1.082677 0.04615267 0.1722441 1.082677 0.04615267 0.1722441 0 0.04615267 0.1722441 1.082677 0.04615267 0.1722441 0 0.07118733 0.1347771 1.082677 0.07118733 0.1347771 0 0.07118733 0.1347771 1.082677 0.07118733 0.1347771 0 0.1008983 0.1008983 1.082677 0.1008983 0.1008983 0 0.1008983 0.1008983 1.082677 0.1008983 0.1008983 0 0.1347771 0.07118733 1.082677 0.1347771 0.07118733 0 0.1347771 0.07118733 1.082677 0.1347771 0.07118733 0 0.1722441 0.04615267 1.082677 0.1722441 0.04615267 0 0.1722441 0.04615267 1.082677 0.1722441 0.04615267 0 0.2126583 0.0262226 1.082677 0.2126583 0.0262226 0 0.2126583 0.0262226 1.082677 0.2126583 0.0262226 0 0.2553281 0.01173815 1.082677 0.2553281 0.01173815 0 0.2553281 0.01173815 1.082677 0.2553281 0.01173815 0 0.2995235 0.002947144 1.082677 0.2995235 0.002947144 0 0.2995235 0.002947144 1.082677 0.2995235 0.002947144 0 0.3444882 0 1.082677 0.3444882 0 0 0.3444882 0 1.082677 0.3444882 0 0 0.3894529 0.002947144 1.082677 0.3894529 0.002947144 0 0.3894529 0.002947144 1.082677 0.3894529 0.002947144 0 0.4336483 0.01173815 1.082677 0.4336483 0.01173815 0 0.4336483 0.01173815 1.082677 0.4336483 0.01173815 0 0.4763181 0.0262226 1.082677 0.4763181 0.0262226 0 0.4763181 0.0262226 1.082677 0.4763181 0.0262226 0 0.5167323 0.04615267 1.082677 0.5167323 0.04615267 0 0.5167323 0.04615267 1.082677 0.5167323 0.04615267 0 0.5541993 0.07118733 1.082677 0.5541993 0.07118733 0 0.5541993 0.07118733 1.082677 0.5541993 0.07118733 0 0.5880781 0.1008983 1.082677 0.5880781 0.1008983 0 0.5880781 0.1008983 1.082677 0.5880781 0.1008983 0 0.617789 0.1347771 0 0.617789 0.1347771 1.082677 0.617789 0.1347771 1.082677 0.617789 0.1347771 0 0.6428237 0.1722441 0 0.6428237 0.1722441 1.082677 0.6428237 0.1722441 1.082677 0.6428237 0.1722441 0 0.6627538 0.2126583 0 0.6627538 0.2126583 1.082677 0.6627538 0.2126583 1.082677 0.6627538 0.2126583 0 0.6772382 0.2553281 1.082677 0.6772382 0.2553281 0 0.6772382 0.2553281 0 0.6772382 0.2553281 1.082677 0.6860292 0.2995235 1.082677 0.6860292 0.2995235 0 0.6860292 0.2995235 0 0.6860292 0.2995235 1.082677 0.6889764 0.3444882 0 0.6889764 0.3444882 1.082677 0.6889764 0.3444882 1.082677 0.6889764 0.3444882 0 0.5880781 0.5880781 0 0.5880781 0.5880781 1.082677 0.5880781 0.5880781 1.082677 0.5880781 0.5880781 0 0.5541993 0.617789 1.082677 0.5541993 0.617789 0 0.5541993 0.617789 1.082677 0.5541993 0.617789 0 0.5167323 0.6428237 1.082677 0.5167323 0.6428237 0 0.5167323 0.6428237 1.082677 0.5167323 0.6428237 0 0.4763181 0.6627538 1.082677 0.4763181 0.6627538 0 0.4763181 0.6627538 1.082677 0.4763181 0.6627538 0 0.4336483 0.6772382 1.082677 0.4336483 0.6772382 0 0.4336483 0.6772382 1.082677 0.4336483 0.6772382 0 0.3894529 0.6860292 1.082677 0.3894529 0.6860292 0 0.3894529 0.6860292 1.082677 0.3894529 0.6860292 0 0.3444882 0.6889764 1.082677 0.3444882 0.6889764 0 0.3444882 0.6889764 1.082677 0.3444882 0.6889764 0 0.2995235 0.6860292 1.082677 0.2995235 0.6860292 0 0.2995235 0.6860292 1.082677 0.2995235 0.6860292 0 0.2553281 0.6772382 1.082677 0.2553281 0.6772382 0 0.2553281 0.6772382 1.082677 0.2553281 0.6772382 0 0.2126583 0.6627538 1.082677 0.2126583 0.6627538 0 0.2126583 0.6627538 1.082677 0.2126583 0.6627538 0</float_array>
                    <technique_common>
                        <accessor count="480" source="#ID183" stride="3">
                            <param name="X" type="float" />
                            <param name="Y" type="float" />
                            <param name="Z" type="float" />
                        </accessor>
                    </technique_common>
                </source>
                <source id="ID181">
                    <float_array id="ID184" count="1440">0.9238795 0.3826834 -8.717296e-15 0.9659258 0.258819 -5.895666e-15 0.9659258 0.258819 -5.895666e-15 0.9238795 0.3826834 -8.717296e-15 -0.9238795 -0.3826834 8.717296e-15 -0.9238795 -0.3826834 8.717296e-15 -0.9659258 -0.258819 5.895666e-15 -0.9659258 -0.258819 5.895666e-15 0.8660254 0.5 -1.138986e-14 0.8660254 0.5 -1.138986e-14 -0.8660254 -0.5 1.138986e-14 -0.8660254 -0.5 1.138986e-14 0 0 1 0 0 1 0 0 1 0 0 1 0 0 1 0 0 1 0 0 1 0 0 1 0 0 1 0 0 1 0 0 1 0 0 1 0 0 1 0 0 1 0 0 1 0 0 1 0 0 1 0 0 1 0 0 1 0 0 1 0 0 1 0 0 1 0 0 1 0 0 1 0 0 1 0 0 1 0 0 1 0 0 1 0 0 1 0 0 1 0 0 1 0 0 1 0 0 1 0 0 1 0 0 1 0 0 1 0 0 1 0 0 1 0 0 1 0 0 1 0 0 1 0 0 1 0 0 1 0 0 1 0 0 1 0 0 1 0 0 1 0 0 1 0 0 1 0 0 1 0 0 1 0 0 1 0 0 1 0 0 1 0 0 1 0 0 1 0 0 1 0 0 1 0 0 1 0 0 1 0 0 1 0 0 1 0 0 1 0 0 1 0 0 1 0 0 1 0 0 1 0 0 1 0 0 1 0 0 1 0 0 1 0 0 1 0 0 1 0 0 1 0 0 1 0 0 1 0 0 1 0 0 1 0 0 1 0 0 1 0 0 1 0 0 1 0 0 1 0 0 1 0 0 1 0 0 1 0 0 1 0 0 1 0 0 1 0 0 1 0 0 1 0 0 1 0 0 1 0 0 1 0 0 1 0 0 1 -0 -0 -1 -0 -0 -1 -0 -0 -1 -0 -0 -1 -0 -0 -1 -0 -0 -1 -0 -0 -1 -0 -0 -1 -0 -0 -1 -0 -0 -1 -0 -0 -1 -0 -0 -1 -0 -0 -1 -0 -0 -1 -0 -0 -1 -0 -0 -1 -0 -0 -1 -0 -0 -1 -0 -0 -1 -0 -0 -1 -0 -0 -1 -0 -0 -1 -0 -0 -1 -0 -0 -1 -0 -0 -1 -0 -0 -1 -0 -0 -1 -0 -0 -1 -0 -0 -1 -0 -0 -1 -0 -0 -1 -0 -0 -1 -0 -0 -1 -0 -0 -1 -0 -0 -1 -0 -0 -1 -0 -0 -1 -0 -0 -1 -0 -0 -1 -0 -0 -1 -0 -0 -1 -0 -0 -1 -0 -0 -1 -0 -0 -1 -0 -0 -1 -0 -0 -1 -0 -0 -1 -0 -0 -1 -0 -0 -1 -0 -0 -1 -0 -0 -1 -0 -0 -1 -0 -0 -1 -0 -0 -1 -0 -0 -1 -0 -0 -1 -0 -0 -1 -0 -0 -1 -0 -0 -1 -0 -0 -1 -0 -0 -1 -0 -0 -1 -0 -0 -1 -0 -0 -1 -0 -0 -1 -0 -0 -1 -0 -0 -1 -0 -0 -1 -0 -0 -1 -0 -0 -1 -0 -0 -1 -0 -0 -1 -0 -0 -1 -0 -0 -1 -0 -0 -1 -0 -0 -1 -0 -0 -1 -0 -0 -1 -0 -0 -1 -0 -0 -1 -0 -0 -1 -0 -0 -1 -0 -0 -1 -0 -0 -1 -0 -0 -1 -0 -0 -1 -0 -0 -1 -0 -0 -1 -0 -0 -1 -0 -0 -1 -0 -0 -1 -0 -0 -1 -0 -0 -1 -0 -0 -1 -0 -0 -1 -0 -0 -1 0.9914449 0.1305262 -2.993169e-15 0.9914449 0.1305262 -2.993169e-15 -0.9914449 -0.1305262 2.993169e-15 -0.9914449 -0.1305262 2.993169e-15 0 0 -1 0 0 -1 0 0 -1 0 0 -1 0 0 -1 0 0 -1 0 0 -1 0 0 -1 0 0 -1 0 0 -1 0 0 -1 0 0 -1 0 0 -1 0 0 -1 0 0 -1 0 0 -1 0 0 -1 0 0 -1 0 0 -1 0 0 -1 0 0 -1 0 0 -1 0 0 -1 0 0 -1 0 0 -1 0 0 -1 0 0 -1 0 0 -1 0 0 -1 0 0 -1 0 0 -1 0 0 -1 0 0 -1 0 0 -1 0 0 -1 0 0 -1 0 0 -1 0 0 -1 0 0 -1 0 0 -1 0 0 -1 0 0 -1 0 0 -1 0 0 -1 0 0 -1 0 0 -1 0 0 -1 0 0 -1 -0 -0 1 -0 -0 1 -0 -0 1 -0 -0 1 -0 -0 1 -0 -0 1 -0 -0 1 -0 -0 1 -0 -0 1 -0 -0 1 -0 -0 1 -0 -0 1 -0 -0 1 -0 -0 1 -0 -0 1 -0 -0 1 -0 -0 1 -0 -0 1 -0 -0 1 -0 -0 1 -0 -0 1 -0 -0 1 -0 -0 1 -0 -0 1 -0 -0 1 -0 -0 1 -0 -0 1 -0 -0 1 -0 -0 1 -0 -0 1 -0 -0 1 -0 -0 1 -0 -0 1 -0 -0 1 -0 -0 1 -0 -0 1 -0 -0 1 -0 -0 1 -0 -0 1 -0 -0 1 -0 -0 1 -0 -0 1 -0 -0 1 -0 -0 1 -0 -0 1 -0 -0 1 -0 -0 1 -0 -0 1 0.7933533 0.6087614 -1.386755e-14 0.7933533 0.6087614 -1.386755e-14 -0.7933533 -0.6087614 1.386755e-14 -0.7933533 -0.6087614 1.386755e-14 -0.6087614 0.7933533 -1.807177e-14 -0.5 0.8660254 -1.972692e-14 -0.6087614 0.7933533 -1.807177e-14 -0.5 0.8660254 -1.972692e-14 0.5 -0.8660254 1.972692e-14 0.6087614 -0.7933533 1.807177e-14 0.5 -0.8660254 1.972692e-14 0.6087614 -0.7933533 1.807177e-14 -0.7071068 0.7071068 -1.610721e-14 -0.7071068 0.7071068 -1.610721e-14 0.7071068 -0.7071068 1.610721e-14 0.7071068 -0.7071068 1.610721e-14 -0.7933533 0.6087614 -1.386712e-14 -0.7933533 0.6087614 -1.386712e-14 0.7933533 -0.6087614 1.386712e-14 0.7933533 -0.6087614 1.386712e-14 -0.8660254 0.5 -1.138987e-14 -0.8660254 0.5 -1.138987e-14 0.8660254 -0.5 1.138987e-14 0.8660254 -0.5 1.138987e-14 -0.9238795 0.3826834 -8.716994e-15 -0.9238795 0.3826834 -8.716994e-15 0.9238795 -0.3826834 8.716994e-15 0.9238795 -0.3826834 8.716994e-15 -0.9659258 0.258819 -5.895484e-15 -0.9659258 0.258819 -5.895484e-15 0.9659258 -0.258819 5.895484e-15 0.9659258 -0.258819 5.895484e-15 -0.9914449 0.1305262 -3.057948e-15 -0.9914449 0.1305262 -3.057948e-15 0.9914449 -0.1305262 3.057948e-15 0.9914449 -0.1305262 3.057948e-15 -1 -6.573969e-15 -1.148604e-16 -1 -8.893673e-15 -1.148604e-16 1 6.573969e-15 1.148604e-16 1 8.893673e-15 1.148604e-16 -0.9914449 -0.1305262 2.099255e-14 -0.9914449 -0.1305262 2.099255e-14 0.9914449 0.1305262 -2.099255e-14 0.9914449 0.1305262 -2.099255e-14 -0.9659258 -0.258819 4.723888e-14 -0.9659258 -0.258819 4.723888e-14 0.9659258 0.258819 -4.723888e-14 0.9659258 0.258819 -4.723888e-14 -0.9238795 -0.3826834 2.599204e-14 -0.9238795 -0.3826834 2.599204e-14 0.9238795 0.3826834 -2.599204e-14 0.9238795 0.3826834 -2.599204e-14 -0.8660254 -0.5 -1.330909e-16 -0.8660254 -0.5 -1.330909e-16 0.8660254 0.5 1.330909e-16 0.8660254 0.5 1.330909e-16 -0.7933533 -0.6087614 1.966462e-14 -0.7933533 -0.6087614 1.966462e-14 0.7933533 0.6087614 -1.966462e-14 0.7933533 0.6087614 -1.966462e-14 -0.7071068 -0.7071068 3.924926e-14 -0.7071068 -0.7071068 3.924926e-14 0.7071068 0.7071068 -3.924926e-14 0.7071068 0.7071068 -3.924926e-14 -0.6087614 -0.7933533 2.755046e-14 -0.6087614 -0.7933533 2.755046e-14 0.6087614 0.7933533 -2.755046e-14 0.6087614 0.7933533 -2.755046e-14 -0.5 -0.8660254 -1.485167e-15 -0.5 -0.8660254 -1.485167e-15 0.5 0.8660254 1.485167e-15 0.5 0.8660254 1.485167e-15 -0.3826834 -0.9238795 -1.401734e-14 -0.3826834 -0.9238795 -1.401734e-14 0.3826834 0.9238795 1.401734e-14 0.3826834 0.9238795 1.401734e-14 -0.258819 -0.9659258 -1.722726e-14 -0.258819 -0.9659258 -1.722726e-14 0.258819 0.9659258 1.722726e-14 0.258819 0.9659258 1.722726e-14 -0.1305262 -0.9914449 -1.426968e-14 -0.1305262 -0.9914449 -1.426968e-14 0.1305262 0.9914449 1.426968e-14 0.1305262 0.9914449 1.426968e-14 2.457823e-14 -1 7.053998e-16 3.332582e-14 -1 7.053998e-16 -2.457823e-14 1 -7.053998e-16 -3.332582e-14 1 -7.053998e-16 0.1305262 -0.9914449 9.493914e-15 0.1305262 -0.9914449 9.493914e-15 -0.1305262 0.9914449 -9.493914e-15 -0.1305262 0.9914449 -9.493914e-15 0.258819 -0.9659258 2.867573e-14 0.258819 -0.9659258 2.867573e-14 -0.258819 0.9659258 -2.867573e-14 -0.258819 0.9659258 -2.867573e-14 0.3826834 -0.9238795 4.381553e-14 0.3826834 -0.9238795 4.381553e-14 -0.3826834 0.9238795 -4.381553e-14 -0.3826834 0.9238795 -4.381553e-14 0.5 -0.8660254 4.585078e-14 0.5 -0.8660254 4.585078e-14 -0.5 0.8660254 -4.585078e-14 -0.5 0.8660254 -4.585078e-14 0.6087614 -0.7933533 6.459321e-14 0.6087614 -0.7933533 6.459321e-14 -0.6087614 0.7933533 -6.459321e-14 -0.6087614 0.7933533 -6.459321e-14 0.7071068 -0.7071068 7.90159e-14 0.7071068 -0.7071068 7.90159e-14 -0.7071068 0.7071068 -7.90159e-14 -0.7071068 0.7071068 -7.90159e-14 0.7933533 -0.6087614 8.317982e-14 0.7933533 -0.6087614 8.317982e-14 -0.7933533 0.6087614 -8.317982e-14 -0.7933533 0.6087614 -8.317982e-14 0.8660254 -0.5 7.890617e-14 0.8660254 -0.5 7.890617e-14 -0.8660254 0.5 -7.890617e-14 -0.8660254 0.5 -7.890617e-14 0.9238795 -0.3826834 6.627841e-14 0.9238795 -0.3826834 6.627841e-14 -0.9238795 0.3826834 -6.627841e-14 -0.9238795 0.3826834 -6.627841e-14 0.9659258 -0.258819 5.272182e-14 0.9659258 -0.258819 5.272182e-14 -0.9659258 0.258819 -5.272182e-14 -0.9659258 0.258819 -5.272182e-14 0.9914449 -0.1305262 2.146939e-14 0.9914449 -0.1305262 2.146939e-14 -0.9914449 0.1305262 -2.146939e-14 -0.9914449 0.1305262 -2.146939e-14 1 -1.258802e-12 -2.583952e-16 1 -1.257023e-12 -2.583952e-16 -1 1.257023e-12 2.583952e-16 -1 1.258802e-12 2.583952e-16 0.7071068 0.7071068 -1.610666e-14 0.7071068 0.7071068 -1.610666e-14 -0.7071068 -0.7071068 1.610666e-14 -0.7071068 -0.7071068 1.610666e-14 0.6087614 0.7933533 -1.807133e-14 0.6087614 0.7933533 -1.807133e-14 -0.6087614 -0.7933533 1.807133e-14 -0.6087614 -0.7933533 1.807133e-14 0.5 0.8660254 -1.972746e-14 0.5 0.8660254 -1.972746e-14 -0.5 -0.8660254 1.972746e-14 -0.5 -0.8660254 1.972746e-14 0.3826834 0.9238795 -2.104453e-14 0.3826834 0.9238795 -2.104453e-14 -0.3826834 -0.9238795 2.104453e-14 -0.3826834 -0.9238795 2.104453e-14 0.258819 0.9659258 -2.200214e-14 0.258819 0.9659258 -2.200214e-14 -0.258819 -0.9659258 2.200214e-14 -0.258819 -0.9659258 2.200214e-14 0.1305262 0.9914449 -2.258384e-14 0.1305262 0.9914449 -2.258384e-14 -0.1305262 -0.9914449 2.258384e-14 -0.1305262 -0.9914449 2.258384e-14 1.583508e-14 1 -2.277879e-14 1.583508e-14 1 -2.277879e-14 -1.583508e-14 -1 2.277879e-14 -1.583508e-14 -1 2.277879e-14 -0.1305262 0.9914449 -2.258372e-14 -0.1305262 0.9914449 -2.258372e-14 0.1305262 -0.9914449 2.258372e-14 0.1305262 -0.9914449 2.258372e-14 -0.258819 0.9659258 -2.200266e-14 -0.258819 0.9659258 -2.200266e-14 0.258819 -0.9659258 2.200266e-14 0.258819 -0.9659258 2.200266e-14 -0.3826834 0.9238795 -2.10452e-14 -0.3826834 0.9238795 -2.10452e-14 0.3826834 -0.9238795 2.10452e-14 0.3826834 -0.9238795 2.10452e-14</float_array>
                    <technique_common>
                        <accessor count="480" source="#ID184" stride="3">
                            <param name="X" type="float" />
                            <param name="Y" type="float" />
                            <param name="Z" type="float" />
                        </accessor>
                    </technique_common>
                </source>
                <vertices id="ID182">
                    <input semantic="POSITION" source="#ID180" />
                    <input semantic="NORMAL" source="#ID181" />
                </vertices>
                <triangles count="476" material="Material2">
                    <input offset="0" semantic="VERTEX" source="#ID182" />
                    <p>0 1 2 1 0 3 4 5 6 7 6 5 8 3 0 3 8 9 10 11 4 5 4 11 12 13 14 13 12 15 13 15 16 16 15 17 16 17 18 18 17 19 18 19 20 20 19 21 21 19 22 22 19 23 22 23 24 24 23 25 25 23 26 25 26 27 27 26 28 28 26 29 28 29 30 30 29 31 30 31 32 32 31 33 33 31 34 33 34 35 35 34 36 35 36 37 37 36 38 37 38 39 39 38 40 39 40 41 41 40 42 41 42 43 43 42 44 44 42 45 44 45 46 46 45 47 46 47 48 48 47 49 48 49 50 50 49 51 50 51 52 52 51 53 53 51 54 53 54 55 55 54 56 55 56 57 57 56 58 58 56 59 58 59 60 60 59 61 20 62 63 62 20 21 63 62 64 63 64 65 63 65 66 66 65 67 66 67 68 66 68 69 69 68 70 69 70 71 71 70 72 71 72 73 71 73 74 74 73 75 74 75 76 76 75 77 76 77 78 78 77 79 78 79 80 80 79 81 80 81 82 80 82 83 83 82 84 83 84 85 85 84 86 85 86 87 87 86 88 87 88 89 89 88 90 89 90 91 91 90 92 91 92 93 91 93 94 94 93 95 94 95 96 96 95 97 96 97 98 96 98 99 99 98 100 99 100 61 99 61 59 99 59 101 99 101 102 102 101 103 102 103 104 104 103 105 104 105 106 106 105 107 108 109 110 110 109 111 109 112 111 111 112 113 112 114 113 113 114 115 114 116 115 116 117 115 117 118 115 118 119 115 115 119 120 119 121 120 121 122 120 120 122 123 122 124 123 123 124 125 124 126 125 126 127 125 125 127 128 127 129 128 128 129 130 129 131 130 130 131 132 131 133 132 132 133 134 133 135 134 134 135 136 135 137 136 137 138 136 136 138 139 138 140 139 139 140 141 140 142 141 141 142 143 142 144 143 143 144 145 144 146 145 146 147 145 145 147 148 147 149 148 148 149 150 149 151 150 151 152 150 150 152 153 152 154 153 154 155 153 156 157 155 153 155 157 117 116 158 158 116 159 116 160 159 159 160 161 161 160 162 160 163 162 162 163 164 163 165 164 164 165 166 166 165 167 165 168 167 167 168 169 168 170 169 169 170 171 170 172 171 171 172 173 172 174 173 173 174 175 175 174 176 174 177 176 176 177 178 177 179 178 178 179 180 179 181 180 180 181 182 181 183 182 182 183 184 183 185 184 184 185 186 186 185 187 185 188 187 187 188 189 188 190 189 189 190 191 191 190 192 190 193 192 192 193 194 194 193 195 193 196 195 195 196 156 156 196 157 157 196 197 196 198 197 197 198 199 198 200 199 199 200 201 200 202 201 203 201 202 2 204 205 204 2 1 6 7 206 207 206 7 208 209 210 209 208 211 209 211 212 212 211 213 213 211 214 213 214 215 215 214 216 215 216 217 215 217 218 218 217 219 218 219 220 220 219 221 220 221 222 222 221 223 223 221 224 223 224 225 225 224 226 225 226 227 225 227 228 228 227 229 229 227 230 229 230 231 229 231 232 232 231 233 232 233 234 234 233 235 235 233 236 235 236 237 235 237 238 238 237 239 238 239 240 240 239 241 240 241 242 242 241 243 242 243 244 244 243 245 245 243 246 245 246 247 247 246 248 247 248 249 249 248 250 249 250 251 249 251 252 252 251 253 252 253 254 254 253 255 256 257 258 258 257 259 257 260 259 259 260 261 260 262 261 262 263 261 261 263 264 263 265 264 264 265 266 265 267 266 266 267 268 268 267 269 267 270 269 269 270 271 270 272 271 271 272 273 272 274 273 273 274 275 274 276 275 276 277 275 275 277 278 278 277 279 277 280 279 279 280 281 280 282 281 282 283 281 281 283 284 284 283 285 283 286 285 286 287 285 285 287 288 287 289 288 288 289 290 290 289 291 289 292 291 291 292 293 292 294 293 293 294 295 294 296 295 296 297 295 295 297 298 297 299 298 298 299 300 300 299 301 299 302 301 303 301 302 304 9 8 9 304 305 306 307 10 11 10 307 308 309 310 309 308 311 312 313 314 315 314 313 316 310 317 310 316 308 313 318 315 319 315 318 320 317 321 317 320 316 318 322 319 323 319 322 324 321 325 321 324 320 322 326 323 327 323 326 328 325 329 325 328 324 326 330 327 331 327 330 332 329 333 329 332 328 330 334 331 335 331 334 336 333 337 333 336 332 334 338 335 339 335 338 340 337 341 337 340 336 338 342 339 343 339 342 344 341 345 341 344 340 342 346 343 347 343 346 344 348 349 348 344 345 347 346 350 351 350 346 349 352 353 352 349 348 350 351 354 355 354 351 356 352 357 352 356 353 355 358 354 359 354 358 360 357 361 357 360 356 358 362 359 363 359 362 364 361 365 361 364 360 362 366 363 367 363 366 368 365 369 365 368 364 366 370 367 371 367 370 372 369 373 369 372 368 370 374 371 375 371 374 376 373 377 373 376 372 374 378 375 379 375 378 380 377 381 377 380 376 378 382 379 383 379 382 384 381 385 381 384 380 382 386 383 387 383 386 388 385 389 385 388 384 386 390 387 391 387 390 392 389 393 389 392 388 390 394 391 395 391 394 396 393 397 393 396 392 394 398 395 399 395 398 400 397 401 397 400 396 398 402 399 403 399 402 404 401 405 401 404 400 402 406 403 407 403 406 408 405 409 405 408 404 406 410 407 411 407 410 412 409 413 409 412 408 410 414 411 415 411 414 416 412 413 412 416 417 418 419 414 415 414 419 420 417 416 417 420 421 422 423 418 419 418 423 424 421 420 421 424 425 426 427 422 423 422 427 424 428 425 428 424 429 430 427 431 426 431 427 429 432 428 432 429 433 434 430 435 431 435 430 436 432 433 432 436 437 438 439 435 434 435 439 205 437 436 437 205 204 206 207 438 439 438 207 440 305 304 305 440 441 442 443 306 307 306 443 444 440 445 440 444 441 442 446 443 447 443 446 448 445 449 445 448 444 446 450 447 451 447 450 452 449 453 449 452 448 450 454 451 455 451 454 456 453 457 453 456 452 454 458 455 459 455 458 460 457 461 457 460 456 458 462 459 463 459 462 464 461 465 461 464 460 462 466 463 467 463 466 468 465 469 465 468 464 466 470 467 471 467 470 472 469 473 469 472 468 470 474 471 475 471 474 476 473 477 473 476 472 474 478 475 479 475 478 311 477 309 477 311 476 478 312 479 314 479 312</p>
                </triangles>
            </mesh>
        </geometry>
        <geometry id="ID185">
            <mesh>
                <source id="ID186">
                    <float_array id="ID188" count="144">0.1008983 0.5880781 0.1968504 0.1347771 0.617789 0.1968504 0.07118733 0.5541993 0.1968504 0.04615267 0.5167323 0.1968504 0.0262226 0.4763181 0.1968504 0.01173815 0.4336483 0.1968504 0.002947144 0.3894529 0.1968504 0 0.3444882 0.1968504 0.002947144 0.2995235 0.1968504 0.01173815 0.2553281 0.1968504 0.0262226 0.2126583 0.1968504 0.04615267 0.1722441 0.1968504 0.07118733 0.1347771 0.1968504 0.1008983 0.1008983 0.1968504 0.1347771 0.07118733 0.1968504 0.1722441 0.04615267 0.1968504 0.2126583 0.0262226 0.1968504 0.2553281 0.01173815 0.1968504 0.2995235 0.002947144 0.1968504 0.3444882 0 0.1968504 0.3894529 0.002947144 0.1968504 0.4336483 0.01173815 0.1968504 0.4763181 0.0262226 0.1968504 0.5167323 0.04615267 0.1968504 0.5541993 0.07118733 0.1968504 0.5880781 0.1008983 0.1968504 0.617789 0.1347771 0.1968504 0.6428237 0.1722441 0.1968504 0.6627538 0.2126583 0.1968504 0.6772382 0.2553281 0.1968504 0.6860292 0.2995235 0.1968504 0.6889764 0.3444882 0.1968504 0.6860292 0.3894529 0.1968504 0.6772382 0.4336483 0.1968504 0.6627538 0.4763181 0.1968504 0.6428237 0.5167323 0.1968504 0.617789 0.5541993 0.1968504 0.5880781 0.5880781 0.1968504 0.5541993 0.617789 0.1968504 0.5167323 0.6428237 0.1968504 0.4763181 0.6627538 0.1968504 0.4336483 0.6772382 0.1968504 0.3894529 0.6860292 0.1968504 0.3444882 0.6889764 0.1968504 0.2995235 0.6860292 0.1968504 0.2553281 0.6772382 0.1968504 0.2126583 0.6627538 0.1968504 0.1722441 0.6428237 0.1968504</float_array>
                    <technique_common>
                        <accessor count="48" source="#ID188" stride="3">
                            <param name="X" type="float" />
                            <param name="Y" type="float" />
                            <param name="Z" type="float" />
                        </accessor>
                    </technique_common>
                </source>
                <vertices id="ID187">
                    <input semantic="POSITION" source="#ID186" />
                </vertices>
                <lines count="48" material="Material2">
                    <input offset="0" semantic="VERTEX" source="#ID187" />
                    <p>1 0 0 2 2 3 3 4 4 5 5 6 6 7 7 8 8 9 9 10 10 11 11 12 12 13 13 14 14 15 15 16 16 17 17 18 18 19 19 20 20 21 21 22 22 23 23 24 24 25 25 26 26 27 27 28 28 29 29 30 30 31 31 32 32 33 33 34 34 35 35 36 36 37 37 38 38 39 39 40 40 41 41 42 42 43 43 44 44 45 45 46 46 47 47 1</p>
                </lines>
            </mesh>
        </geometry>
        <geometry id="ID189">
            <mesh>
                <source id="ID190">
                    <float_array id="ID192" count="6">2.940396 1.961391 6.692913 2.940396 1.370839 6.692913</float_array>
                    <technique_common>
                        <accessor count="2" source="#ID192" stride="3">
                            <param name="X" type="float" />
                            <param name="Y" type="float" />
                            <param name="Z" type="float" />
                        </accessor>
                    </technique_common>
                </source>
                <vertices id="ID191">
                    <input semantic="POSITION" source="#ID190" />
                </vertices>
                <lines count="1" material="Material2">
                    <input offset="0" semantic="VERTEX" source="#ID191" />
                    <p>1 0</p>
                </lines>
            </mesh>
        </geometry>
        <geometry id="ID194">
            <mesh>
                <source id="ID200">
                    <float_array id="ID204" count="6762">141.2241 474.8528 156.5625 139.0812 520.9188 156.5625 117.6272 492.9594 156.5625 160.2944 499.7056 156.5625 139.0812 520.9188 119.1875 160.2944 499.7056 156.5625 160.2944 499.7056 119.1875 139.0812 520.9188 156.5625 139.0812 520.9188 156.5625 117.6272 492.9594 228.125 117.6272 492.9594 156.5625 117.6272 492.9594 257 139.0812 520.9188 257 139.0812 520.9188 189.4375 117.6272 492.9594 228.125 141.2241 474.8528 156.5625 117.6272 492.9594 156.5625 141.2241 474.8528 228.125 160.2944 499.7056 0 141.2241 474.8528 156.5625 141.2241 474.8528 0 160.2944 499.7056 156.5625 160.2944 499.7056 119.1875 160.2944 499.7056 119.1875 167.0406 542.3728 119.1875 139.0812 520.9188 119.1875 185.1472 518.7759 119.1875 167.0406 542.3728 148.625 139.0812 520.9188 119.1875 167.0406 542.3728 119.1875 139.0812 520.9188 156.5625 167.0406 542.3728 189.4375 139.0812 520.9188 189.4375 117.868 542.132 189.4375 139.0812 520.9188 257 139.0812 520.9188 189.4375 117.868 542.132 257 117.6272 492.9594 257 117.868 542.132 257 94.03017 511.066 257 139.0812 520.9188 257 117.6272 492.9594 228.125 96.17314 465 294.6875 96.17314 465 228.125 117.6272 492.9594 294.6875 117.6272 492.9594 257 141.2241 474.8528 0 122.1539 450 187.6875 122.1539 450 0 122.1539 450 228.125 141.2241 474.8528 228.125 141.2241 474.8528 156.5625 122.1539 450 228.125 117.6272 492.9594 228.125 96.17314 465 228.125 141.2241 474.8528 228.125 185.1472 518.7759 119.1875 160.2944 499.7056 0 185.1472 518.7759 0 160.2944 499.7056 119.1875 167.0406 542.3728 148.625 185.1472 518.7759 119.1875 185.1472 518.7759 148.625 167.0406 542.3728 119.1875 195 563.8269 179.5 167.0406 542.3728 148.625 195 563.8269 148.625 167.0406 542.3728 189.4375 195 563.8269 216.9375 167.0406 542.3728 216.9375 139.0812 520.9188 189.4375 148.934 565.9698 189.4375 117.868 542.132 189.4375 167.0406 542.3728 189.4375 148.934 565.9698 216.9375 117.868 542.132 189.4375 148.934 565.9698 189.4375 117.868 542.132 257 148.934 565.9698 241.1875 148.934 565.9698 282.1875 117.868 542.132 282.1875 94.03017 511.066 294.6875 117.6272 492.9594 257 94.03017 511.066 257 117.6272 492.9594 294.6875 117.868 542.132 257 94.03017 511.066 294.6875 94.03017 511.066 257 94.03017 511.066 326.9375 117.868 542.132 326.9375 117.868 542.132 282.1875 96.17314 465 187.6875 70.19238 480 116.0625 96.17314 465 116.0625 70.19238 480 253.25 96.17314 465 228.125 96.17314 465 294.6875 70.19238 480 294.6875 96.17314 465 294.6875 94.03017 511.066 294.6875 70.19238 480 294.6875 117.6272 492.9594 294.6875 122.1539 450 228.125 96.17314 465 187.6875 122.1539 450 187.6875 96.17314 465 228.125 122.1539 450 0 110.1659 421.0583 139 110.1659 421.0583 0 110.1659 421.0583 187.6875 122.1539 450 187.6875 210 537.8461 72.1875 185.1472 518.7759 0 210 537.8461 0 185.1472 518.7759 119.1875 210 537.8461 148.625 185.1472 518.7759 148.625 185.1472 518.7759 148.625 195 563.8269 148.625 167.0406 542.3728 148.625 210 537.8461 148.625 227.5594 577.3134 136.0625 195 563.8269 72.1875 227.5594 577.3134 72.1875 195 563.8269 148.625 227.5594 577.3134 179.5 195 563.8269 179.5 180 589.8076 179.5 195 563.8269 216.9375 195 563.8269 179.5 180 589.8076 216.9375 167.0406 542.3728 216.9375 180 589.8076 216.9375 148.934 565.9698 216.9375 195 563.8269 216.9375 148.934 565.9698 216.9375 167.0406 542.3728 189.4375 167.0406 542.3728 216.9375 148.934 565.9698 189.4375 180 589.8076 241.1875 148.934 565.9698 216.9375 180 589.8076 216.9375 148.934 565.9698 241.1875 130.8274 589.5668 241.1875 148.934 565.9698 282.1875 148.934 565.9698 241.1875 130.8274 589.5668 282.1875 117.868 542.132 282.1875 130.8274 589.5668 282.1875 96.65476 563.3452 282.1875 148.934 565.9698 282.1875 94.03017 511.066 294.6875 70.19238 480 253.25 70.19238 480 294.6875 94.03017 511.066 253.25 94.03017 511.066 257 94.03017 511.066 257 70.43319 529.1726 253.25 94.03017 511.066 253.25 70.43319 529.1726 326.9375 94.03017 511.066 294.6875 94.03017 511.066 326.9375 96.65476 563.3452 282.1875 117.868 542.132 326.9375 117.868 542.132 282.1875 96.65476 563.3452 326.9375 94.03017 511.066 326.9375 96.65476 563.3452 326.9375 70.43319 529.1726 326.9375 117.868 542.132 326.9375 70.19238 480 116.0625 55.20732 443.8229 215.4375 55.20732 443.8229 116.0625 55.20732 443.8229 296.5 55.20732 443.8229 344.9375 70.19238 480 344.9375 70.19238 480 253.25 70.19238 480 294.6875 82.68658 432.4406 116.0625 70.19238 480 116.0625 55.20732 443.8229 116.0625 96.17314 465 116.0625 96.17314 465 187.6875 82.68658 432.4406 139 82.68658 432.4406 187.6875 82.68658 432.4406 116.0625 96.17314 465 116.0625 110.1659 421.0583 187.6875 96.17314 465 187.6875 82.68658 432.4406 187.6875 122.1539 450 187.6875 110.1659 421.0583 187.6875 82.68658 432.4406 139 110.1659 421.0583 139 82.68658 432.4406 187.6875 110.1659 421.0583 0 98.1778 392.1166 139 98.1778 392.1166 0 110.1659 421.0583 139 238.9417 549.8341 72.1875 210 537.8461 0 238.9417 549.8341 0 210 537.8461 72.1875 195 563.8269 72.1875 210 537.8461 148.625 210 537.8461 72.1875 195 563.8269 148.625 210 537.8461 72.1875 227.5594 577.3134 72.1875 195 563.8269 72.1875 238.9417 549.8341 72.1875 227.5594 577.3134 136.0625 238.9417 549.8341 72.1875 238.9417 549.8341 136.0625 227.5594 577.3134 72.1875 260.1189 590.8 194.6875 227.5594 577.3134 136.0625 260.1189 590.8 136.0625 227.5594 577.3134 179.5 227.5594 577.3134 220.25 260.1189 590.8 220.25 195 563.8269 179.5 216.1771 604.7927 179.5 180 589.8076 179.5 227.5594 577.3134 179.5 216.1771 604.7927 220.25 180 589.8076 179.5 216.1771 604.7927 179.5 180 589.8076 216.9375 180 589.8076 241.1875 216.1771 604.7927 290.3125 180 589.8076 329.1875 216.1771 604.7927 329.1875 148.934 565.9698 241.1875 165 615.7884 241.1875 130.8274 589.5668 241.1875 180 589.8076 241.1875 96.65476 563.3452 282.1875 130.8274 589.5668 0 96.65476 563.3452 0 130.8274 589.5668 241.1875 130.8274 589.5668 282.1875 70.19238 480 253.25 70.43319 529.1726 253.25 44.21162 495 253.25 94.03017 511.066 253.25 44.21162 495 344.9375 70.19238 480 253.25 44.21162 495 253.25 70.19238 480 294.6875 70.19238 480 344.9375 96.65476 563.3452 326.9375 70.43319 529.1726 253.25 70.43319 529.1726 326.9375 70.43319 529.1726 0 96.65476 563.3452 0 96.65476 563.3452 282.1875 55.20732 443.8229 215.4375 82.68658 432.4406 116.0625 55.20732 443.8229 116.0625 82.68658 432.4406 139 82.68658 432.4406 187.6875 82.68658 432.4406 215.4375 55.20732 443.8229 344.9375 44.21162 495 344.9375 27.72805 455.2051 344.9375 70.19238 480 344.9375 55.20732 443.8229 344.9375 27.72805 455.2051 296.5 55.20732 443.8229 296.5 27.72805 455.2051 344.9375 55.20732 443.8229 215.4375 40.22225 407.6457 242.0625 40.22225 407.6457 215.4375 40.22225 407.6457 279.375 40.22225 407.6457 296.5 55.20732 443.8229 296.5 82.68658 432.4406 139 69.20003 399.8811 195.5625 69.20003 399.8811 139 69.20003 399.8811 215.4375 82.68658 432.4406 215.4375 82.68658 432.4406 187.6875 98.1778 392.1166 139 82.68658 432.4406 139 69.20003 399.8811 139 110.1659 421.0583 139 98.1778 392.1166 0 94.0889 361.0583 134.6875 94.0889 361.0583 0 94.0889 361.0583 195.5625 98.1778 392.1166 195.5625 98.1778 392.1166 139 267.8834 561.8222 136.0625 238.9417 549.8341 0 267.8834 561.8222 0 238.9417 549.8341 72.1875 238.9417 549.8341 136.0625 238.9417 549.8341 136.0625 260.1189 590.8 136.0625 227.5594 577.3134 136.0625 267.8834 561.8222 136.0625 260.1189 590.8 194.6875 267.8834 561.8222 136.0625 267.8834 561.8222 194.6875 260.1189 590.8 136.0625 252.3543 619.7777 106.75 260.1189 590.8 136.0625 260.1189 590.8 106.75 260.1189 590.8 194.6875 260.1189 590.8 220.25 252.3543 619.7777 220.25 227.5594 577.3134 220.25 252.3543 619.7777 220.25 216.1771 604.7927 220.25 260.1189 590.8 220.25 216.1771 604.7927 220.25 227.5594 577.3134 179.5 227.5594 577.3134 220.25 216.1771 604.7927 179.5 252.3543 619.7777 254.0625 216.1771 604.7927 220.25 252.3543 619.7777 220.25 216.1771 604.7927 290.3125 252.3543 619.7777 290.3125 204.7949 632.272 290.3125 216.1771 604.7927 329.1875 216.1771 604.7927 290.3125 204.7949 632.272 329.1875 180 589.8076 329.1875 204.7949 632.272 329.1875 165 615.7884 329.1875 216.1771 604.7927 329.1875 165 615.7884 329.1875 180 589.8076 241.1875 180 589.8076 329.1875 165 615.7884 241.1875 130.8274 589.5668 241.1875 165 615.7884 0 130.8274 589.5668 0 165 615.7884 241.1875 70.43319 529.1726 253.25 44.21162 495 0 44.21162 495 253.25 70.43319 529.1726 0 44.21162 495 344.9375 27.72805 455.2051 296.5 27.72805 455.2051 344.9375 27.72805 455.2051 0 44.21162 495 0 44.21162 495 253.25 69.20003 399.8811 215.4375 55.20732 443.8229 215.4375 40.22225 407.6457 215.4375 82.68658 432.4406 215.4375 40.22225 407.6457 296.5 27.72805 455.2051 296.5 11.24448 415.4103 296.5 55.20732 443.8229 296.5 40.22225 407.6457 242.0625 69.20003 399.8811 215.4375 40.22225 407.6457 215.4375 69.20003 399.8811 242.0625 40.22225 407.6457 296.5 11.24448 415.4103 279.375 40.22225 407.6457 279.375 11.24448 415.4103 296.5 40.22225 407.6457 242.0625 35.11113 368.8229 271.5625 35.11113 368.8229 242.0625 35.11113 368.8229 279.375 40.22225 407.6457 279.375 69.20003 399.8811 195.5625 98.1778 392.1166 139 69.20003 399.8811 139 98.1778 392.1166 195.5625 69.20003 399.8811 195.5625 64.60001 364.9406 242.0625 64.60001 364.9406 195.5625 69.20003 399.8811 242.0625 69.20003 399.8811 215.4375 94.0889 361.0583 195.5625 69.20003 399.8811 195.5625 64.60001 364.9406 195.5625 98.1778 392.1166 195.5625 94.0889 361.0583 195.5625 64.60001 364.9406 134.6875 94.0889 361.0583 134.6875 64.60001 364.9406 195.5625 90 330 134.6875 90 330 0 298.9417 565.9111 159.8125 267.8834 561.8222 0 298.9417 565.9111 0 267.8834 561.8222 136.0625 267.8834 561.8222 194.6875 298.9417 565.9111 194.6875 267.8834 561.8222 194.6875 295.0594 595.4 194.6875 260.1189 590.8 194.6875 298.9417 565.9111 194.6875 260.1189 590.8 136.0625 295.0594 595.4 106.75 260.1189 590.8 106.75 295.0594 595.4 159.8125 260.1189 590.8 194.6875 295.0594 595.4 194.6875 260.1189 590.8 106.75 291.1771 624.8889 106.75 252.3543 619.7777 106.75 295.0594 595.4 106.75 291.1771 624.8889 209.875 252.3543 619.7777 106.75 291.1771 624.8889 106.75 252.3543 619.7777 220.25 291.1771 624.8889 254.0625 252.3543 619.7777 254.0625 244.5897 648.7555 254.0625 252.3543 619.7777 290.3125 252.3543 619.7777 254.0625 244.5897 648.7555 290.3125 216.1771 604.7927 290.3125 244.5897 648.7555 290.3125 204.7949 632.272 290.3125 252.3543 619.7777 290.3125 165 615.7884 241.1875 204.7949 632.272 0 165 615.7884 0 204.7949 632.272 290.3125 165 615.7884 329.1875 204.7949 632.272 329.1875 27.72805 455.2051 296.5 11.24448 415.4103 279.375 11.24448 415.4103 296.5 11.24448 415.4103 0 27.72805 455.2051 0 64.60001 364.9406 242.0625 40.22225 407.6457 242.0625 35.11113 368.8229 242.0625 69.20003 399.8811 242.0625 35.11113 368.8229 279.375 11.24448 415.4103 279.375 5.622239 372.7051 279.375 40.22225 407.6457 279.375 35.11113 368.8229 271.5625 64.60001 364.9406 242.0625 35.11113 368.8229 242.0625 64.60001 364.9406 271.5625 35.11113 368.8229 242.0625 5.622239 372.7051 241.25 35.11113 368.8229 241.25 5.622239 372.7051 279.375 35.11113 368.8229 271.5625 35.11113 368.8229 279.375 64.60001 364.9406 134.6875 60 330 162.5625 60 330 134.6875 60 330 196.875 60 330 271.5625 64.60001 364.9406 271.5625 64.60001 364.9406 195.5625 64.60001 364.9406 242.0625 90 330 134.6875 64.60001 364.9406 134.6875 60 330 134.6875 94.0889 361.0583 134.6875 90 330 0 94.0889 298.9417 67.0625 94.0889 298.9417 0 94.0889 298.9417 162.5625 90 330 162.5625 90 330 134.6875 330 570 126.4375 298.9417 565.9111 0 330 570 0 298.9417 565.9111 159.8125 330 570 159.8125 295.0594 595.4 159.8125 298.9417 565.9111 194.6875 298.9417 565.9111 159.8125 295.0594 595.4 194.6875 291.1771 624.8889 263.9375 295.0594 595.4 194.6875 295.0594 595.4 263.9375 295.0594 595.4 159.8125 295.0594 595.4 106.75 291.1771 624.8889 106.75 291.1771 624.8889 254.0625 291.1771 624.8889 209.875 287.2949 654.3778 209.875 291.1771 624.8889 254.0625 291.1771 624.8889 209.875 287.2949 654.3778 254.0625 252.3543 619.7777 254.0625 287.2949 654.3778 254.0625 244.5897 648.7555 254.0625 291.1771 624.8889 254.0625 204.7949 632.272 290.3125 244.5897 648.7555 0 204.7949 632.272 0 244.5897 648.7555 254.0625 244.5897 648.7555 290.3125 11.24448 415.4103 279.375 5.622239 372.7051 241.25 5.622239 372.7051 279.375 5.622239 372.7051 0 11.24448 415.4103 0 35.11113 368.8229 271.5625 30 330 241.25 30 330 271.5625 35.11113 368.8229 241.25 35.11113 368.8229 242.0625 60 330 271.5625 35.11113 368.8229 271.5625 30 330 271.5625 64.60001 364.9406 271.5625 30 330 241.25 5.622239 372.7051 241.25 0 330 241.25 35.11113 368.8229 241.25 60 330 162.5625 90 330 134.6875 60 330 134.6875 90 330 162.5625 60 330 271.5625 30 330 196.875 60 330 196.875 30 330 241.25 30 330 271.5625 60 330 162.5625 64.60001 295.0594 196.875 64.60001 295.0594 162.5625 60 330 196.875 64.60001 295.0594 162.5625 90 330 162.5625 60 330 162.5625 94.0889 298.9417 162.5625 94.0889 298.9417 162.5625 64.60001 295.0594 67.0625 94.0889 298.9417 67.0625 64.60001 295.0594 162.5625 94.0889 298.9417 0 98.1778 267.8834 67.0625 98.1778 267.8834 0 94.0889 298.9417 67.0625 361.0583 565.9111 126.4375 330 570 0 361.0583 565.9111 0 330 570 126.4375 330 600 126.4375 330 570 159.8125 330 570 126.4375 330 600 159.8125 298.9417 565.9111 159.8125 330 600 159.8125 295.0594 595.4 159.8125 330 570 159.8125 330 600 205.9375 295.0594 595.4 159.8125 330 600 159.8125 295.0594 595.4 194.6875 295.0594 595.4 263.9375 330 600 263.9375 295.0594 595.4 263.9375 330 630 263.9375 291.1771 624.8889 263.9375 330 600 263.9375 291.1771 624.8889 254.0625 330 630 209.875 291.1771 624.8889 209.875 330 630 254.8125 291.1771 624.8889 263.9375 330 630 263.9375 291.1771 624.8889 209.875 330 660 209.875 287.2949 654.3778 209.875 330 630 209.875 244.5897 648.7555 254.0625 287.2949 654.3778 0 244.5897 648.7555 0 287.2949 654.3778 209.875 287.2949 654.3778 254.0625 5.622239 372.7051 241.25 0 330 0 0 330 241.25 5.622239 372.7051 0 0 330 308.25 30 330 241.25 0 330 241.25 30 330 271.5625 30 330 308.25 35.11113 291.1771 196.875 60 330 196.875 30 330 196.875 64.60001 295.0594 196.875 30 330 196.875 35.11113 291.1771 258.25 35.11113 291.1771 196.875 35.11113 291.1771 308.25 30 330 308.25 30 330 241.25 30 330 271.5625 64.60001 295.0594 67.0625 69.20003 260.1189 118 69.20003 260.1189 67.0625 69.20003 260.1189 160.5 69.20003 260.1189 258.25 64.60001 295.0594 258.25 64.60001 295.0594 162.5625 64.60001 295.0594 196.875 69.20003 260.1189 67.0625 94.0889 298.9417 67.0625 64.60001 295.0594 67.0625 98.1778 267.8834 67.0625 98.1778 267.8834 0 110.1659 238.9417 118 110.1659 238.9417 0 98.1778 267.8834 118 98.1778 267.8834 67.0625 392.1166 561.8222 170.75 361.0583 565.9111 0 392.1166 561.8222 0 361.0583 565.9111 126.4375 361.0583 565.9111 192.75 392.1166 561.8222 192.75 361.0583 565.9111 126.4375 330 600 126.4375 330 570 126.4375 364.9406 595.4 126.4375 364.9406 595.4 167.1875 330 600 126.4375 364.9406 595.4 126.4375 330 600 159.8125 330 600 205.9375 364.9406 595.4 192.75 364.9406 595.4 205.9375 330 630 205.9375 330 600 263.9375 330 600 205.9375 330 630 263.9375 330 630 209.875 330 630 254.8125 330 660 254.8125 330 630 209.875 330 630 254.8125 330 660 209.875 287.2949 654.3778 209.875 330 660 0 287.2949 654.3778 0 330 660 209.875 0 330 308.25 5.622239 287.2949 0 5.622239 287.2949 308.25 0 330 0 0 330 241.25 5.622239 287.2949 308.25 30 330 308.25 0 330 308.25 35.11113 291.1771 308.25 35.11113 291.1771 258.25 64.60001 295.0594 196.875 35.11113 291.1771 196.875 64.60001 295.0594 258.25 35.11113 291.1771 258.25 40.22225 252.3543 268.8125 40.22225 252.3543 258.25 40.22225 252.3543 338.75 35.11113 291.1771 338.75 35.11113 291.1771 308.25 69.20003 260.1189 118 98.1778 267.8834 67.0625 69.20003 260.1189 67.0625 98.1778 267.8834 118 40.22225 252.3543 258.25 64.60001 295.0594 258.25 35.11113 291.1771 258.25 69.20003 260.1189 258.25 69.20003 260.1189 258.25 40.22225 252.3543 160.5 69.20003 260.1189 160.5 40.22225 252.3543 258.25 69.20003 260.1189 118 82.68658 227.5594 160.5 82.68658 227.5594 118 69.20003 260.1189 160.5 82.68658 227.5594 118 98.1778 267.8834 118 69.20003 260.1189 118 110.1659 238.9417 118 110.1659 238.9417 0 122.1539 210 179.5625 122.1539 210 0 110.1659 238.9417 179.5625 110.1659 238.9417 118 421.0583 549.8341 133.625 392.1166 561.8222 0 421.0583 549.8341 0 392.1166 561.8222 170.75 421.0583 549.8341 170.75 399.8811 590.8 170.75 392.1166 561.8222 192.75 392.1166 561.8222 170.75 399.8811 590.8 192.75 392.1166 561.8222 192.75 364.9406 595.4 192.75 361.0583 565.9111 192.75 399.8811 590.8 192.75 364.9406 595.4 192.75 361.0583 565.9111 126.4375 361.0583 565.9111 192.75 364.9406 595.4 126.4375 364.9406 595.4 167.1875 368.8229 624.8889 167.1875 364.9406 595.4 192.75 364.9406 595.4 167.1875 364.9406 595.4 205.9375 368.8229 624.8889 205.9375 364.9406 595.4 205.9375 330 630 205.9375 330 600 205.9375 368.8229 624.8889 205.9375 368.8229 624.8889 254.8125 330 630 205.9375 368.8229 624.8889 205.9375 330 630 209.875 330 630 254.8125 368.8229 624.8889 254.8125 330 660 254.8125 330 630 254.8125 372.7051 654.3778 254.8125 330 660 209.875 372.7051 654.3778 0 330 660 0 372.7051 654.3778 254.8125 330 660 254.8125 5.622239 287.2949 338.75 11.24448 244.5897 268.8125 11.24448 244.5897 338.75 11.24448 244.5897 0 5.622239 287.2949 338.75 35.11113 291.1771 308.25 5.622239 287.2949 308.25 35.11113 291.1771 338.75 40.22225 252.3543 160.5 55.20732 216.1771 240.75 55.20732 216.1771 160.5 55.20732 216.1771 268.8125 40.22225 252.3543 268.8125 40.22225 252.3543 258.25 11.24448 244.5897 338.75 35.11113 291.1771 338.75 5.622239 287.2949 338.75 40.22225 252.3543 338.75 40.22225 252.3543 338.75 11.24448 244.5897 268.8125 40.22225 252.3543 268.8125 11.24448 244.5897 338.75 55.20732 216.1771 160.5 69.20003 260.1189 160.5 40.22225 252.3543 160.5 82.68658 227.5594 160.5 82.68658 227.5594 160.5 110.1659 238.9417 118 82.68658 227.5594 118 110.1659 238.9417 179.5625 82.68658 227.5594 179.5625 96.17314 195 179.5625 110.1659 238.9417 179.5625 82.68658 227.5594 179.5625 122.1539 210 179.5625 122.1539 210 0 141.2241 185.1472 164.125 141.2241 185.1472 0 141.2241 185.1472 216.25 122.1539 210 216.25 122.1539 210 179.5625 450 537.8461 87.6875 421.0583 549.8341 0 450 537.8461 0 421.0583 549.8341 133.625 450 537.8461 133.625 432.4406 577.3134 133.625 421.0583 549.8341 170.75 421.0583 549.8341 133.625 432.4406 577.3134 170.75 421.0583 549.8341 170.75 399.8811 590.8 170.75 392.1166 561.8222 170.75 432.4406 577.3134 170.75 364.9406 595.4 192.75 399.8811 590.8 167.1875 364.9406 595.4 167.1875 399.8811 590.8 170.75 399.8811 590.8 192.75 432.4406 577.3134 231.8125 399.8811 590.8 170.75 432.4406 577.3134 170.75 399.8811 590.8 192.75 399.8811 590.8 231.8125 399.8811 590.8 167.1875 368.8229 624.8889 167.1875 364.9406 595.4 167.1875 407.6457 619.7777 167.1875 407.6457 619.7777 231.8125 368.8229 624.8889 167.1875 407.6457 619.7777 167.1875 368.8229 624.8889 205.9375 368.8229 624.8889 254.8125 407.6457 619.7777 256.875 368.8229 624.8889 283.6875 407.6457 619.7777 283.6875 372.7051 654.3778 283.6875 368.8229 624.8889 254.8125 368.8229 624.8889 283.6875 372.7051 654.3778 254.8125 372.7051 654.3778 254.8125 415.4103 648.7555 0 372.7051 654.3778 0 415.4103 648.7555 256.875 372.7051 654.3778 283.6875 415.4103 648.7555 283.6875 11.24448 244.5897 268.8125 27.72805 204.7949 0 27.72805 204.7949 268.8125 11.24448 244.5897 0 55.20732 216.1771 240.75 82.68658 227.5594 160.5 55.20732 216.1771 160.5 82.68658 227.5594 179.5625 82.68658 227.5594 240.75 27.72805 204.7949 268.8125 40.22225 252.3543 268.8125 11.24448 244.5897 268.8125 55.20732 216.1771 268.8125 55.20732 216.1771 240.75 70.19238 180 291.375 70.19238 180 240.75 70.19238 180 310.0625 55.20732 216.1771 310.0625 55.20732 216.1771 268.8125 82.68658 227.5594 179.5625 96.17314 195 216.25 96.17314 195 179.5625 96.17314 195 240.75 82.68658 227.5594 240.75 96.17314 195 216.25 122.1539 210 179.5625 96.17314 195 179.5625 122.1539 210 216.25 117.6272 167.0406 216.25 122.1539 210 216.25 96.17314 195 216.25 141.2241 185.1472 216.25 141.2241 185.1472 216.25 117.6272 167.0406 164.125 141.2241 185.1472 164.125 117.6272 167.0406 183.25 117.6272 167.0406 216.25 141.2241 185.1472 0 160.2944 160.2944 164.125 160.2944 160.2944 0 141.2241 185.1472 164.125 474.8528 518.7759 87.6875 450 537.8461 0 474.8528 518.7759 0 450 537.8461 87.6875 465 563.8269 87.6875 450 537.8461 133.625 450 537.8461 87.6875 465 563.8269 133.625 450 537.8461 133.625 432.4406 577.3134 133.625 421.0583 549.8341 133.625 465 563.8269 133.625 465 563.8269 214.25 432.4406 577.3134 133.625 465 563.8269 133.625 432.4406 577.3134 170.75 432.4406 577.3134 231.8125 465 563.8269 274.875 432.4406 577.3134 274.875 407.6457 619.7777 231.8125 399.8811 590.8 192.75 399.8811 590.8 231.8125 399.8811 590.8 170.75 399.8811 590.8 167.1875 407.6457 619.7777 167.1875 432.4406 577.3134 231.8125 407.6457 619.7777 231.8125 399.8811 590.8 231.8125 443.8229 604.7927 231.8125 443.8229 604.7927 256.875 407.6457 619.7777 231.8125 443.8229 604.7927 231.8125 407.6457 619.7777 256.875 415.4103 648.7555 256.875 407.6457 619.7777 283.6875 407.6457 619.7777 256.875 415.4103 648.7555 283.6875 407.6457 619.7777 283.6875 372.7051 654.3778 283.6875 368.8229 624.8889 283.6875 415.4103 648.7555 283.6875 415.4103 648.7555 256.875 455.2051 632.272 0 415.4103 648.7555 0 455.2051 632.272 256.875 27.72805 204.7949 310.0625 44.21162 165 0 44.21162 165 310.0625 27.72805 204.7949 0 27.72805 204.7949 268.8125 70.19238 180 240.75 82.68658 227.5594 240.75 55.20732 216.1771 240.75 96.17314 195 240.75 27.72805 204.7949 310.0625 55.20732 216.1771 268.8125 27.72805 204.7949 268.8125 55.20732 216.1771 310.0625 70.19238 180 291.375 96.17314 195 240.75 70.19238 180 240.75 96.17314 195 291.375 44.21162 165 310.0625 55.20732 216.1771 310.0625 27.72805 204.7949 310.0625 70.19238 180 310.0625 70.19238 180 291.375 94.03017 148.934 327.25 94.03017 148.934 291.375 70.19238 180 327.25 70.19238 180 310.0625 96.17314 195 216.25 117.6272 167.0406 291.375 117.6272 167.0406 216.25 96.17314 195 291.375 96.17314 195 240.75 139.0812 139.0812 164.125 141.2241 185.1472 164.125 117.6272 167.0406 164.125 160.2944 160.2944 164.125 94.03017 148.934 183.25 94.03017 148.934 227.0625 117.6272 167.0406 291.375 94.03017 148.934 291.375 117.6272 167.0406 164.125 139.0812 139.0812 183.25 139.0812 139.0812 164.125 117.6272 167.0406 183.25 160.2944 160.2944 164.125 185.1472 141.2241 0 160.2944 160.2944 0 185.1472 141.2241 148.8125 185.1472 141.2241 197.875 160.2944 160.2944 197.875 499.7056 499.7056 41.1875 474.8528 518.7759 0 499.7056 499.7056 0 474.8528 518.7759 87.6875 499.7056 499.7056 137.1875 474.8528 518.7759 137.1875 474.8528 518.7759 87.6875 465 563.8269 87.6875 450 537.8461 87.6875 492.9594 542.3728 87.6875 492.9594 542.3728 137.1875 465 563.8269 87.6875 492.9594 542.3728 87.6875 465 563.8269 133.625 465 563.8269 214.25 492.9594 542.3728 168.125 492.9594 542.3728 214.25 480 589.8076 214.25 465 563.8269 274.875 465 563.8269 214.25 480 589.8076 274.875 480 589.8076 235.6875 465 563.8269 274.875 443.8229 604.7927 274.875 432.4406 577.3134 274.875 480 589.8076 274.875 443.8229 604.7927 274.875 432.4406 577.3134 231.8125 432.4406 577.3134 274.875 443.8229 604.7927 231.8125 443.8229 604.7927 256.875 443.8229 604.7927 256.875 415.4103 648.7555 256.875 407.6457 619.7777 256.875 455.2051 632.272 256.875 455.2051 632.272 256.875 495 615.7884 0 455.2051 632.272 0 495 615.7884 235.6875 495 615.7884 318.5625 455.2051 632.272 318.5625 44.21162 165 327.25 70.43319 130.8274 227.0625 70.43319 130.8274 327.25 70.43319 130.8274 0 44.21162 165 0 44.21162 165 310.0625 94.03017 148.934 291.375 96.17314 195 291.375 70.19238 180 291.375 117.6272 167.0406 291.375 44.21162 165 327.25 70.19238 180 310.0625 44.21162 165 310.0625 70.19238 180 327.25 94.03017 148.934 291.375 70.43319 130.8274 227.0625 94.03017 148.934 227.0625 70.43319 130.8274 327.25 94.03017 148.934 327.25 70.43319 130.8274 327.25 70.19238 180 327.25 44.21162 165 327.25 94.03017 148.934 327.25 160.2944 160.2944 197.875 139.0812 139.0812 183.25 139.0812 139.0812 197.875 139.0812 139.0812 164.125 160.2944 160.2944 164.125 117.868 117.868 183.25 117.6272 167.0406 183.25 94.03017 148.934 183.25 139.0812 139.0812 183.25 94.03017 148.934 183.25 117.868 117.868 227.0625 117.868 117.868 183.25 94.03017 148.934 227.0625 139.0812 139.0812 138.0625 117.868 117.868 183.25 117.868 117.868 138.0625 139.0812 139.0812 183.25 139.0812 139.0812 164.125 167.0406 117.6272 197.875 160.2944 160.2944 197.875 139.0812 139.0812 197.875 185.1472 141.2241 197.875 185.1472 141.2241 148.8125 167.0406 117.6272 197.875 167.0406 117.6272 148.8125 185.1472 141.2241 197.875 185.1472 141.2241 148.8125 210 122.1539 0 185.1472 141.2241 0 210 122.1539 148.8125 499.7056 499.7056 41.1875 518.7759 474.8528 0 518.7759 474.8528 41.1875 499.7056 499.7056 0 520.9188 520.9188 41.1875 499.7056 499.7056 137.1875 499.7056 499.7056 41.1875 520.9188 520.9188 137.1875 499.7056 499.7056 137.1875 492.9594 542.3728 137.1875 474.8528 518.7759 137.1875 520.9188 520.9188 137.1875 492.9594 542.3728 137.1875 474.8528 518.7759 87.6875 474.8528 518.7759 137.1875 492.9594 542.3728 87.6875 520.9188 520.9188 168.125 492.9594 542.3728 137.1875 520.9188 520.9188 137.1875 492.9594 542.3728 168.125 511.066 565.9698 168.125 492.9594 542.3728 214.25 492.9594 542.3728 168.125 511.066 565.9698 214.25 492.9594 542.3728 214.25 480 589.8076 214.25 465 563.8269 214.25 511.066 565.9698 214.25 511.066 565.9698 235.6875 480 589.8076 214.25 511.066 565.9698 214.25 480 589.8076 235.6875 495 615.7884 235.6875 480 589.8076 274.875 480 589.8076 235.6875 480 589.8076 318.5625 495 615.7884 318.5625 480 589.8076 318.5625 443.8229 604.7927 274.875 480 589.8076 274.875 443.8229 604.7927 318.5625 455.2051 632.272 318.5625 443.8229 604.7927 274.875 443.8229 604.7927 318.5625 443.8229 604.7927 256.875 455.2051 632.272 256.875 480 589.8076 318.5625 455.2051 632.272 318.5625 443.8229 604.7927 318.5625 495 615.7884 318.5625 495 615.7884 235.6875 529.1726 589.5668 0 495 615.7884 0 529.1726 589.5668 235.6875 70.43319 130.8274 227.0625 96.65476 96.65476 0 96.65476 96.65476 227.0625 70.43319 130.8274 0 96.65476 96.65476 227.0625 94.03017 148.934 227.0625 70.43319 130.8274 227.0625 117.868 117.868 227.0625 167.0406 117.6272 148.8125 139.0812 139.0812 138.0625 167.0406 117.6272 138.0625 139.0812 139.0812 164.125 167.0406 117.6272 197.875 139.0812 139.0812 183.25 139.0812 139.0812 197.875 117.868 117.868 183.25 148.934 94.03017 138.0625 117.868 117.868 138.0625 148.934 94.03017 206.9375 117.868 117.868 227.0625 148.934 94.03017 231.625 117.868 117.868 275.75 148.934 94.03017 275.75 148.934 94.03017 138.0625 139.0812 139.0812 138.0625 117.868 117.868 138.0625 167.0406 117.6272 138.0625 195 96.17314 148.8125 185.1472 141.2241 148.8125 167.0406 117.6272 148.8125 210 122.1539 148.8125 167.0406 117.6272 197.875 195 96.17314 148.8125 167.0406 117.6272 148.8125 195 96.17314 195.75 195 96.17314 231.625 167.0406 117.6272 231.625 210 122.1539 148.8125 238.9417 110.1659 0 210 122.1539 0 238.9417 110.1659 195.75 210 122.1539 195.75 518.7759 474.8528 63.6875 537.8461 450 34.25 537.8461 450 63.6875 537.8461 450 0 518.7759 474.8528 0 518.7759 474.8528 41.1875 518.7759 474.8528 41.1875 520.9188 520.9188 41.1875 499.7056 499.7056 41.1875 542.3728 492.9594 41.1875 542.132 542.132 32.625 520.9188 520.9188 41.1875 520.9188 520.9188 32.625 520.9188 520.9188 137.1875 520.9188 520.9188 168.125 542.132 542.132 168.125 542.132 542.132 58.1875 520.9188 520.9188 168.125 511.066 565.9698 168.125 492.9594 542.3728 168.125 542.132 542.132 168.125 542.132 542.132 279.5 511.066 565.9698 168.125 542.132 542.132 168.125 511.066 565.9698 214.25 511.066 565.9698 235.6875 511.066 565.9698 279.5 511.066 565.9698 235.6875 495 615.7884 235.6875 480 589.8076 235.6875 529.1726 589.5668 235.6875 529.1726 589.5668 235.6875 563.3452 563.3452 0 529.1726 589.5668 0 563.3452 563.3452 58.1875 563.3452 563.3452 279.5 529.1726 589.5668 279.5 130.8274 70.43319 206.9375 96.65476 96.65476 0 130.8274 70.43319 0 96.65476 96.65476 227.0625 130.8274 70.43319 275.75 96.65476 96.65476 275.75 117.868 117.868 275.75 96.65476 96.65476 227.0625 96.65476 96.65476 275.75 117.868 117.868 227.0625 167.0406 117.6272 231.625 148.934 94.03017 206.9375 148.934 94.03017 231.625 148.934 94.03017 138.0625 167.0406 117.6272 138.0625 167.0406 117.6272 197.875 167.0406 117.6272 148.8125 130.8274 70.43319 275.75 117.868 117.868 275.75 96.65476 96.65476 275.75 148.934 94.03017 275.75 148.934 94.03017 206.9375 130.8274 70.43319 275.75 130.8274 70.43319 206.9375 148.934 94.03017 275.75 148.934 94.03017 231.625 210 122.1539 195.75 195 96.17314 148.8125 195 96.17314 195.75 210 122.1539 148.8125 180 70.19238 231.625 167.0406 117.6272 231.625 148.934 94.03017 231.625 195 96.17314 231.625 195 96.17314 231.625 227.5594 82.68658 195.75 195 96.17314 195.75 227.5594 82.68658 240.6875 195 96.17314 278.8125 227.5594 82.68658 242.125 227.5594 82.68658 278.8125 227.5594 82.68658 195.75 210 122.1539 195.75 195 96.17314 195.75 238.9417 110.1659 195.75 238.9417 110.1659 195.75 267.8834 98.1778 0 238.9417 110.1659 0 267.8834 98.1778 220.5 238.9417 110.1659 242.125 267.8834 98.1778 242.125 537.8461 450 34.25 549.8341 421.0583 0 549.8341 421.0583 34.25 537.8461 450 0 563.8269 465 52.9375 537.8461 450 34.25 563.8269 465 34.25 537.8461 450 63.6875 563.8269 465 57.875 563.8269 465 63.6875 537.8461 450 63.6875 542.3728 492.9594 63.6875 518.7759 474.8528 63.6875 563.8269 465 63.6875 518.7759 474.8528 63.6875 542.3728 492.9594 41.1875 518.7759 474.8528 41.1875 542.3728 492.9594 52.9375 542.3728 492.9594 63.6875 520.9188 520.9188 32.625 542.3728 492.9594 41.1875 542.3728 492.9594 32.625 520.9188 520.9188 41.1875 542.3728 492.9594 32.625 542.132 542.132 32.625 520.9188 520.9188 32.625 565.9698 511.066 32.625 542.132 542.132 58.1875 565.9698 511.066 52.9375 565.9698 511.066 58.1875 565.9698 511.066 32.625 542.132 542.132 32.625 563.3452 563.3452 58.1875 542.132 542.132 168.125 542.132 542.132 58.1875 542.132 542.132 279.5 563.3452 563.3452 279.5 542.132 542.132 279.5 529.1726 589.5668 279.5 511.066 565.9698 279.5 563.3452 563.3452 279.5 529.1726 589.5668 279.5 511.066 565.9698 235.6875 511.066 565.9698 279.5 529.1726 589.5668 235.6875 563.3452 563.3452 0 589.5668 529.1726 58.1875 589.5668 529.1726 0 563.3452 563.3452 58.1875 165 44.21162 206.9375 130.8274 70.43319 0 165 44.21162 0 130.8274 70.43319 206.9375 180 70.19238 231.625 148.934 94.03017 206.9375 180 70.19238 206.9375 148.934 94.03017 231.625 165 44.21162 206.9375 148.934 94.03017 206.9375 130.8274 70.43319 206.9375 180 70.19238 206.9375 195 96.17314 278.8125 180 70.19238 240.6875 180 70.19238 278.8125 180 70.19238 231.625 195 96.17314 231.625 238.9417 110.1659 242.125 227.5594 82.68658 240.6875 227.5594 82.68658 242.125 227.5594 82.68658 195.75 238.9417 110.1659 195.75 227.5594 82.68658 192.125 216.1771 55.20732 240.6875 216.1771 55.20732 192.125 216.1771 55.20732 278.8125 227.5594 82.68658 278.8125 227.5594 82.68658 195.75 227.5594 82.68658 240.6875 227.5594 82.68658 242.125 216.1771 55.20732 278.8125 195 96.17314 278.8125 180 70.19238 278.8125 227.5594 82.68658 278.8125 260.1189 69.20003 242.125 238.9417 110.1659 242.125 227.5594 82.68658 242.125 267.8834 98.1778 242.125 267.8834 98.1778 220.5 260.1189 69.20003 242.125 260.1189 69.20003 220.5 267.8834 98.1778 242.125 267.8834 98.1778 220.5 298.9417 94.0889 0 267.8834 98.1778 0 298.9417 94.0889 142.75 298.9417 94.0889 220.5 549.8341 421.0583 62.0625 561.8222 392.1166 52.6875 561.8222 392.1166 62.0625 561.8222 392.1166 0 549.8341 421.0583 0 549.8341 421.0583 34.25 549.8341 421.0583 34.25 563.8269 465 34.25 537.8461 450 34.25 577.3134 432.4406 34.25 563.8269 465 64.25 577.3134 432.4406 62.0625 577.3134 432.4406 64.25 577.3134 432.4406 57.875 577.3134 432.4406 38.4375 577.3134 432.4406 34.25 563.8269 465 34.25 563.8269 465 63.6875 563.8269 465 57.875 563.8269 465 52.9375 542.3728 492.9594 52.9375 563.8269 465 57.875 563.8269 465 52.9375 563.8269 465 63.6875 542.3728 492.9594 63.6875 565.9698 511.066 32.625 542.3728 492.9594 32.625 565.9698 511.066 52.9375 565.9698 511.066 76.0625 589.8076 480 64.25 589.8076 480 76.0625 589.8076 480 57.875 589.8076 480 52.9375 565.9698 511.066 52.9375 565.9698 511.066 58.1875 565.9698 511.066 58.1875 563.3452 563.3452 58.1875 542.132 542.132 58.1875 589.5668 529.1726 58.1875 589.5668 529.1726 0 615.7884 495 57.875 615.7884 495 0 615.7884 495 76.0625 589.5668 529.1726 76.0625 589.5668 529.1726 58.1875 204.7949 27.72805 240.6875 165 44.21162 0 204.7949 27.72805 0 165 44.21162 206.9375 165 44.21162 240.6875 165 44.21162 206.9375 165 44.21162 240.6875 180 70.19238 206.9375 216.1771 55.20732 278.8125 180 70.19238 240.6875 216.1771 55.20732 240.6875 180 70.19238 278.8125 260.1189 69.20003 220.5 227.5594 82.68658 192.125 260.1189 69.20003 192.125 227.5594 82.68658 195.75 227.5594 82.68658 240.6875 260.1189 69.20003 242.125 227.5594 82.68658 242.125 252.3543 40.22225 192.125 227.5594 82.68658 192.125 216.1771 55.20732 192.125 260.1189 69.20003 192.125 216.1771 55.20732 240.6875 252.3543 40.22225 192.125 216.1771 55.20732 192.125 252.3543 40.22225 267.25 216.1771 55.20732 278.8125 252.3543 40.22225 294.5625 216.1771 55.20732 294.5625 295.0594 64.60001 220.5 267.8834 98.1778 220.5 260.1189 69.20003 220.5 298.9417 94.0889 220.5 260.1189 69.20003 242.125 295.0594 64.60001 220.5 260.1189 69.20003 220.5 295.0594 64.60001 267.25 260.1189 69.20003 267.25 298.9417 94.0889 142.75 295.0594 64.60001 183.9375 295.0594 64.60001 142.75 295.0594 64.60001 220.5 298.9417 94.0889 220.5 298.9417 94.0889 142.75 330 90 0 298.9417 94.0889 0 330 90 142.75 561.8222 392.1166 52.6875 565.9111 361.0583 0 565.9111 361.0583 52.6875 561.8222 392.1166 0 590.8 399.8811 62.0625 561.8222 392.1166 52.6875 590.8 399.8811 52.6875 561.8222 392.1166 62.0625 561.8222 392.1166 62.0625 577.3134 432.4406 62.0625 549.8341 421.0583 62.0625 590.8 399.8811 62.0625 549.8341 421.0583 62.0625 577.3134 432.4406 34.25 549.8341 421.0583 34.25 577.3134 432.4406 38.4375 577.3134 432.4406 57.875 577.3134 432.4406 62.0625 604.7927 443.8229 52.25 577.3134 432.4406 38.4375 604.7927 443.8229 38.4375 577.3134 432.4406 57.875 604.7927 443.8229 57.875 604.7927 443.8229 64.25 577.3134 432.4406 62.0625 577.3134 432.4406 64.25 577.3134 432.4406 64.25 589.8076 480 64.25 563.8269 465 64.25 604.7927 443.8229 64.25 563.8269 465 57.875 589.8076 480 52.9375 563.8269 465 52.9375 589.8076 480 57.875 563.8269 465 63.6875 589.8076 480 64.25 563.8269 465 64.25 563.8269 465 52.9375 565.9698 511.066 52.9375 542.3728 492.9594 52.9375 589.8076 480 52.9375 615.7884 495 76.0625 589.8076 480 57.875 615.7884 495 57.875 589.8076 480 64.25 589.8076 480 76.0625 589.8076 480 76.0625 589.5668 529.1726 76.0625 565.9698 511.066 76.0625 615.7884 495 76.0625 565.9698 511.066 76.0625 589.5668 529.1726 58.1875 565.9698 511.066 58.1875 589.5668 529.1726 76.0625 615.7884 495 0 632.272 455.2051 52.25 632.272 455.2051 0 632.272 455.2051 57.875 615.7884 495 57.875 244.5897 11.24448 294.5625 204.7949 27.72805 0 244.5897 11.24448 0 204.7949 27.72805 240.6875 204.7949 27.72805 294.5625 204.7949 27.72805 240.6875 180 70.19238 240.6875 165 44.21162 240.6875 216.1771 55.20732 240.6875 216.1771 55.20732 294.5625 204.7949 27.72805 240.6875 204.7949 27.72805 294.5625 216.1771 55.20732 240.6875 216.1771 55.20732 278.8125 260.1189 69.20003 267.25 252.3543 40.22225 192.125 252.3543 40.22225 267.25 260.1189 69.20003 192.125 260.1189 69.20003 242.125 260.1189 69.20003 220.5 244.5897 11.24448 294.5625 216.1771 55.20732 294.5625 204.7949 27.72805 294.5625 252.3543 40.22225 294.5625 252.3543 40.22225 294.5625 291.1771 35.11113 267.25 252.3543 40.22225 267.25 291.1771 35.11113 327.25 252.3543 40.22225 327.25 291.1771 35.11113 218.375 291.1771 35.11113 183.9375 291.1771 35.11113 267.25 295.0594 64.60001 267.25 291.1771 35.11113 267.25 260.1189 69.20003 267.25 252.3543 40.22225 267.25 295.0594 64.60001 267.25 330 60 142.75 298.9417 94.0889 142.75 295.0594 64.60001 142.75 330 90 142.75 295.0594 64.60001 183.9375 330 60 142.75 295.0594 64.60001 142.75 330 60 158.5625 330 60 183.9375 330 90 142.75 361.0583 94.0889 0 330 90 0 361.0583 94.0889 158.5625 330 90 158.5625 565.9111 361.0583 62 570 330 40.375 570 330 62 570 330 0 565.9111 361.0583 0 565.9111 361.0583 52.6875 565.9111 361.0583 52.6875 590.8 399.8811 52.6875 561.8222 392.1166 52.6875 595.4 364.9406 52.6875 577.3134 432.4406 38.4375 590.8 399.8811 46.4375 590.8 399.8811 38.4375 590.8 399.8811 52.6875 590.8 399.8811 62.0625 577.3134 432.4406 62.0625 577.3134 432.4406 57.875 590.8 399.8811 38.4375 604.7927 443.8229 38.4375 577.3134 432.4406 38.4375 619.7777 407.6457 38.4375 604.7927 443.8229 52.25 619.7777 407.6457 46.4375 619.7777 407.6457 52.25 619.7777 407.6457 38.4375 604.7927 443.8229 38.4375 632.272 455.2051 57.875 604.7927 443.8229 52.25 632.272 455.2051 52.25 604.7927 443.8229 57.875 589.8076 480 57.875 604.7927 443.8229 64.25 604.7927 443.8229 57.875 589.8076 480 64.25 604.7927 443.8229 57.875 615.7884 495 57.875 589.8076 480 57.875 632.272 455.2051 57.875 632.272 455.2051 0 648.7555 415.4103 52.25 648.7555 415.4103 0 632.272 455.2051 52.25 287.2949 5.622239 218.375 244.5897 11.24448 0 287.2949 5.622239 0 244.5897 11.24448 294.5625 287.2949 5.622239 327.25 244.5897 11.24448 327.25 252.3543 40.22225 327.25 244.5897 11.24448 294.5625 244.5897 11.24448 327.25 252.3543 40.22225 294.5625 287.2949 5.622239 327.25 287.2949 5.622239 218.375 291.1771 35.11113 327.25 287.2949 5.622239 327.25 252.3543 40.22225 327.25 244.5897 11.24448 327.25 291.1771 35.11113 327.25 291.1771 35.11113 218.375 330 30 183.9375 291.1771 35.11113 183.9375 330 30 218.375 330 30 183.9375 295.0594 64.60001 183.9375 291.1771 35.11113 183.9375 330 60 183.9375 330 90 158.5625 330 60 142.75 330 60 158.5625 330 90 142.75 330 60 183.9375 364.9406 64.60001 158.5625 330 60 158.5625 364.9406 64.60001 178 364.9406 64.60001 199 330 60 244.1875 364.9406 64.60001 244.1875 364.9406 64.60001 158.5625 330 90 158.5625 330 60 158.5625 361.0583 94.0889 158.5625 361.0583 94.0889 158.5625 392.1166 98.1778 0 361.0583 94.0889 0 392.1166 98.1778 114.375 392.1166 98.1778 199 361.0583 94.0889 199 570 330 40.375 565.9111 298.9417 0 565.9111 298.9417 40.375 570 330 0 600 330 44.875 570 330 40.375 600 330 40.375 570 330 62 600 330 52.6875 600 330 61 600 330 62 570 330 62 595.4 364.9406 62 565.9111 361.0583 62 600 330 62 565.9111 361.0583 62 595.4 364.9406 52.6875 565.9111 361.0583 52.6875 595.4 364.9406 62 590.8 399.8811 46.4375 595.4 364.9406 52.6875 595.4 364.9406 46.4375 590.8 399.8811 52.6875 590.8 399.8811 46.4375 619.7777 407.6457 38.4375 590.8 399.8811 38.4375 619.7777 407.6457 46.4375 619.7777 407.6457 86.625 624.8889 368.8229 62.0625 624.8889 368.8229 86.625 624.8889 368.8229 46.4375 619.7777 407.6457 46.4375 619.7777 407.6457 52.25 619.7777 407.6457 52.25 632.272 455.2051 52.25 604.7927 443.8229 52.25 648.7555 415.4103 52.25 648.7555 415.4103 0 654.3778 372.7051 62.0625 654.3778 372.7051 0 654.3778 372.7051 86.625 648.7555 415.4103 86.625 648.7555 415.4103 52.25 330 0 218.375 287.2949 5.622239 0 330 0 0 287.2949 5.622239 218.375 330 0 218.375 291.1771 35.11113 218.375 287.2949 5.622239 218.375 330 30 218.375 330 60 244.1875 330 30 218.375 330 30 244.1875 330 30 183.9375 330 60 183.9375 361.0583 94.0889 199 364.9406 64.60001 178 364.9406 64.60001 199 364.9406 64.60001 158.5625 361.0583 94.0889 158.5625 368.8229 35.11113 244.1875 330 60 244.1875 330 30 244.1875 364.9406 64.60001 244.1875 364.9406 64.60001 178 368.8229 35.11113 244.1875 368.8229 35.11113 178 364.9406 64.60001 244.1875 364.9406 64.60001 199 364.9406 64.60001 199 392.1166 98.1778 199 361.0583 94.0889 199 399.8811 69.20003 199 392.1166 98.1778 114.375 399.8811 69.20003 178 399.8811 69.20003 114.375 399.8811 69.20003 199 392.1166 98.1778 199 392.1166 98.1778 114.375 421.0583 110.1659 0 392.1166 98.1778 0 421.0583 110.1659 114.375 565.9111 298.9417 49.5625 561.8222 267.8834 0 561.8222 267.8834 49.5625 565.9111 298.9417 0 565.9111 298.9417 40.375 595.4 295.0594 40.375 570 330 40.375 565.9111 298.9417 40.375 600 330 40.375 600 330 61 595.4 295.0594 49.5625 595.4 295.0594 61 595.4 295.0594 40.375 600 330 40.375 600 330 52.6875 600 330 44.875 595.4 364.9406 44.875 600 330 52.6875 600 330 44.875 600 330 61 600 330 62 595.4 364.9406 62 595.4 364.9406 46.4375 595.4 364.9406 52.6875 595.4 364.9406 46.4375 619.7777 407.6457 46.4375 590.8 399.8811 46.4375 624.8889 368.8229 46.4375 624.8889 368.8229 62.0625 630 330 61 630 330 62.0625 630 330 44.875 624.8889 368.8229 44.875 624.8889 368.8229 46.4375 654.3778 372.7051 86.625 624.8889 368.8229 62.0625 654.3778 372.7051 62.0625 624.8889 368.8229 86.625 624.8889 368.8229 86.625 648.7555 415.4103 86.625 619.7777 407.6457 86.625 654.3778 372.7051 86.625 619.7777 407.6457 86.625 648.7555 415.4103 52.25 619.7777 407.6457 52.25 648.7555 415.4103 86.625 654.3778 372.7051 0 660 330 62.0625 660 330 0 654.3778 372.7051 62.0625 372.7051 5.622239 288.625 330 0 0 372.7051 5.622239 0 330 0 218.375 330 0 288.625 330 30 288.625 330 0 218.375 330 0 288.625 399.8811 69.20003 199 364.9406 64.60001 178 399.8811 69.20003 178 364.9406 64.60001 199 330 30 288.625 368.8229 35.11113 244.1875 330 30 244.1875 368.8229 35.11113 288.625 368.8229 35.11113 178 399.8811 69.20003 178 364.9406 64.60001 178 407.6457 40.22225 178 368.8229 35.11113 244.1875 407.6457 40.22225 178 368.8229 35.11113 178 407.6457 40.22225 213 407.6457 40.22225 255.9375 368.8229 35.11113 288.625 407.6457 40.22225 313.875 368.8229 35.11113 313.875 399.8811 69.20003 114.375 421.0583 110.1659 114.375 392.1166 98.1778 114.375 432.4406 82.68658 114.375 399.8811 69.20003 178 432.4406 82.68658 114.375 399.8811 69.20003 114.375 432.4406 82.68658 147.3125 432.4406 82.68658 174.875 432.4406 82.68658 213 399.8811 69.20003 199 399.8811 69.20003 213 421.0583 110.1659 114.375 450 122.1539 0 421.0583 110.1659 0 450 122.1539 147.3125 421.0583 110.1659 147.3125 561.8222 267.8834 66.875 549.8341 238.9417 35.625 549.8341 238.9417 66.875 549.8341 238.9417 0 561.8222 267.8834 0 561.8222 267.8834 49.5625 590.8 260.1189 49.5625 565.9111 298.9417 49.5625 561.8222 267.8834 49.5625 595.4 295.0594 49.5625 565.9111 298.9417 49.5625 595.4 295.0594 40.375 565.9111 298.9417 40.375 595.4 295.0594 49.5625 624.8889 291.1771 49.625 595.4 295.0594 26.8125 624.8889 291.1771 26.8125 595.4 295.0594 40.375 595.4 295.0594 49.5625 595.4 295.0594 61 624.8889 291.1771 61 624.8889 291.1771 61 600 330 61 595.4 295.0594 61 630 330 61 600 330 52.6875 630 330 44.875 600 330 44.875 630 330 61 600 330 61 600 330 44.875 624.8889 368.8229 44.875 595.4 364.9406 44.875 630 330 44.875 624.8889 368.8229 46.4375 595.4 364.9406 44.875 624.8889 368.8229 44.875 595.4 364.9406 46.4375 630 330 76.25 624.8889 291.1771 61 624.8889 291.1771 76.25 630 330 61 630 330 62.0625 630 330 62.0625 654.3778 372.7051 62.0625 624.8889 368.8229 62.0625 660 330 62.0625 660 330 0 654.3778 287.2949 49.625 654.3778 287.2949 0 654.3778 287.2949 76.25 660 330 76.25 660 330 62.0625 415.4103 11.24448 255.9375 372.7051 5.622239 0 415.4103 11.24448 0 372.7051 5.622239 288.625 415.4103 11.24448 313.875 372.7051 5.622239 313.875 372.7051 5.622239 288.625 330 30 288.625 330 0 288.625 368.8229 35.11113 288.625 399.8811 69.20003 213 407.6457 40.22225 178 407.6457 40.22225 213 399.8811 69.20003 178 399.8811 69.20003 199 368.8229 35.11113 313.875 372.7051 5.622239 288.625 372.7051 5.622239 313.875 368.8229 35.11113 288.625 372.7051 5.622239 313.875 407.6457 40.22225 313.875 368.8229 35.11113 313.875 415.4103 11.24448 313.875 407.6457 40.22225 255.9375 415.4103 11.24448 313.875 415.4103 11.24448 255.9375 407.6457 40.22225 313.875 407.6457 40.22225 255.9375 443.8229 55.20732 213 407.6457 40.22225 213 443.8229 55.20732 228 443.8229 55.20732 255.9375 421.0583 110.1659 147.3125 432.4406 82.68658 114.375 432.4406 82.68658 147.3125 421.0583 110.1659 114.375 407.6457 40.22225 213 432.4406 82.68658 213 399.8811 69.20003 213 443.8229 55.20732 213 432.4406 82.68658 174.875 443.8229 55.20732 213 443.8229 55.20732 174.875 432.4406 82.68658 213 432.4406 82.68658 174.875 465 96.17314 147.3125 432.4406 82.68658 147.3125 465 96.17314 168.625 465 96.17314 174.875 432.4406 82.68658 147.3125 450 122.1539 147.3125 421.0583 110.1659 147.3125 465 96.17314 147.3125 450 122.1539 147.3125 474.8528 141.2241 0 450 122.1539 0 474.8528 141.2241 78.3125 474.8528 141.2241 168.625 450 122.1539 168.625 549.8341 238.9417 35.625 537.8461 210 0 537.8461 210 35.625 549.8341 238.9417 0 577.3134 227.5594 39.8125 549.8341 238.9417 35.625 577.3134 227.5594 35.625 549.8341 238.9417 66.875 577.3134 227.5594 45.875 577.3134 227.5594 66.875 577.3134 227.5594 66.875 561.8222 267.8834 66.875 549.8341 238.9417 66.875 590.8 260.1189 66.875 561.8222 267.8834 66.875 590.8 260.1189 49.5625 561.8222 267.8834 49.5625 590.8 260.1189 66.875 595.4 295.0594 26.8125 590.8 260.1189 39.8125 590.8 260.1189 26.8125 590.8 260.1189 49.5625 595.4 295.0594 49.5625 595.4 295.0594 40.375 619.7777 252.3543 26.8125 595.4 295.0594 26.8125 590.8 260.1189 26.8125 624.8889 291.1771 26.8125 624.8889 291.1771 49.625 619.7777 252.3543 39.8125 619.7777 252.3543 49.625 619.7777 252.3543 26.8125 624.8889 291.1771 26.8125 654.3778 287.2949 76.25 624.8889 291.1771 49.625 654.3778 287.2949 49.625 624.8889 291.1771 61 624.8889 291.1771 76.25 654.3778 287.2949 76.25 630 330 76.25 624.8889 291.1771 76.25 660 330 76.25 630 330 76.25 660 330 62.0625 630 330 62.0625 660 330 76.25 654.3778 287.2949 0 648.7555 244.5897 49.625 648.7555 244.5897 0 654.3778 287.2949 49.625 455.2051 27.72805 228 415.4103 11.24448 0 455.2051 27.72805 0 415.4103 11.24448 255.9375 455.2051 27.72805 255.9375 415.4103 11.24448 255.9375 443.8229 55.20732 255.9375 407.6457 40.22225 255.9375 455.2051 27.72805 255.9375 443.8229 55.20732 213 480 70.19238 174.875 443.8229 55.20732 174.875 480 70.19238 200 480 70.19238 228 443.8229 55.20732 228 443.8229 55.20732 228 455.2051 27.72805 255.9375 455.2051 27.72805 228 443.8229 55.20732 255.9375 443.8229 55.20732 174.875 465 96.17314 174.875 432.4406 82.68658 174.875 480 70.19238 174.875 450 122.1539 168.625 465 96.17314 147.3125 465 96.17314 168.625 450 122.1539 147.3125 465 96.17314 174.875 492.9594 117.6272 168.625 465 96.17314 168.625 492.9594 117.6272 200 465 96.17314 200 465 96.17314 168.625 474.8528 141.2241 168.625 450 122.1539 168.625 492.9594 117.6272 168.625 474.8528 141.2241 78.3125 492.9594 117.6272 125.75 492.9594 117.6272 78.3125 492.9594 117.6272 168.625 474.8528 141.2241 168.625 474.8528 141.2241 78.3125 499.7056 160.2944 0 474.8528 141.2241 0 499.7056 160.2944 35.25 499.7056 160.2944 78.3125 537.8461 210 49.125 518.7759 185.1472 35.25 518.7759 185.1472 49.125 518.7759 185.1472 0 537.8461 210 0 537.8461 210 35.625 563.8269 195 35.625 549.8341 238.9417 35.625 537.8461 210 35.625 577.3134 227.5594 35.625 577.3134 227.5594 45.875 563.8269 195 35.625 563.8269 195 45.875 577.3134 227.5594 35.625 577.3134 227.5594 39.8125 590.8 260.1189 39.8125 577.3134 227.5594 45.875 577.3134 227.5594 39.8125 577.3134 227.5594 66.875 590.8 260.1189 66.875 590.8 260.1189 49.5625 590.8 260.1189 39.8125 619.7777 252.3543 26.8125 590.8 260.1189 26.8125 619.7777 252.3543 39.8125 619.7777 252.3543 89.25 604.7927 216.1771 70.3125 604.7927 216.1771 89.25 604.7927 216.1771 45.875 604.7927 216.1771 39.8125 619.7777 252.3543 39.8125 619.7777 252.3543 49.625 648.7555 244.5897 49.625 624.8889 291.1771 49.625 619.7777 252.3543 49.625 654.3778 287.2949 49.625 648.7555 244.5897 0 632.272 204.7949 70.3125 632.272 204.7949 0 632.272 204.7949 89.25 648.7555 244.5897 89.25 648.7555 244.5897 49.625 495 44.21162 228 455.2051 27.72805 0 495 44.21162 0 455.2051 27.72805 228 465 96.17314 200 480 70.19238 174.875 480 70.19238 200 465 96.17314 174.875 455.2051 27.72805 228 480 70.19238 228 443.8229 55.20732 228 495 44.21162 228 480 70.19238 228 511.066 94.03017 200 480 70.19238 200 511.066 94.03017 288.6875 480 70.19238 288.6875 492.9594 117.6272 125.75 511.066 94.03017 200 511.066 94.03017 125.75 492.9594 117.6272 200 492.9594 117.6272 168.625 480 70.19238 200 492.9594 117.6272 200 465 96.17314 200 511.066 94.03017 200 492.9594 117.6272 78.3125 499.7056 160.2944 78.3125 474.8528 141.2241 78.3125 520.9188 139.0812 78.3125 492.9594 117.6272 125.75 520.9188 139.0812 78.3125 492.9594 117.6272 78.3125 520.9188 139.0812 125.75 499.7056 160.2944 35.25 520.9188 139.0812 52.0625 520.9188 139.0812 35.25 520.9188 139.0812 78.3125 499.7056 160.2944 78.3125 518.7759 185.1472 35.25 499.7056 160.2944 0 499.7056 160.2944 35.25 518.7759 185.1472 0 542.3728 167.0406 49.125 518.7759 185.1472 35.25 542.3728 167.0406 35.25 518.7759 185.1472 49.125 542.3728 167.0406 49.125 537.8461 210 49.125 518.7759 185.1472 49.125 563.8269 195 49.125 537.8461 210 49.125 563.8269 195 35.625 537.8461 210 35.625 563.8269 195 45.875 563.8269 195 49.125 589.8076 180 45.875 577.3134 227.5594 45.875 563.8269 195 45.875 604.7927 216.1771 45.875 577.3134 227.5594 45.875 604.7927 216.1771 39.8125 577.3134 227.5594 39.8125 604.7927 216.1771 45.875 604.7927 216.1771 39.8125 590.8 260.1189 39.8125 577.3134 227.5594 39.8125 619.7777 252.3543 39.8125 604.7927 216.1771 70.3125 589.8076 180 64.125 589.8076 180 70.3125 589.8076 180 45.875 604.7927 216.1771 45.875 632.272 204.7949 89.25 604.7927 216.1771 70.3125 632.272 204.7949 70.3125 604.7927 216.1771 89.25 632.272 204.7949 89.25 619.7777 252.3543 89.25 604.7927 216.1771 89.25 648.7555 244.5897 89.25 619.7777 252.3543 89.25 648.7555 244.5897 49.625 619.7777 252.3543 49.625 648.7555 244.5897 89.25 632.272 204.7949 0 615.7884 165 70.3125 615.7884 165 0 632.272 204.7949 70.3125 529.1726 70.43319 288.6875 495 44.21162 0 529.1726 70.43319 0 495 44.21162 228 495 44.21162 288.6875 480 70.19238 288.6875 495 44.21162 228 495 44.21162 288.6875 480 70.19238 228 511.066 94.03017 200 542.132 117.868 125.75 511.066 94.03017 125.75 542.132 117.868 329.8125 511.066 94.03017 288.6875 511.066 94.03017 329.8125 495 44.21162 288.6875 511.066 94.03017 288.6875 480 70.19238 288.6875 529.1726 70.43319 288.6875 511.066 94.03017 125.75 520.9188 139.0812 125.75 492.9594 117.6272 125.75 542.132 117.868 125.75 542.132 117.868 125.75 542.132 117.868 52.0625 520.9188 139.0812 125.75 520.9188 139.0812 35.25 518.7759 185.1472 35.25 499.7056 160.2944 35.25 542.3728 167.0406 35.25 542.3728 167.0406 52.0625 520.9188 139.0812 35.25 520.9188 139.0812 52.0625 542.3728 167.0406 35.25 542.3728 167.0406 49.125 563.8269 195 64.125 542.3728 167.0406 52.0625 542.3728 167.0406 64.125 542.3728 167.0406 49.125 563.8269 195 49.125 563.8269 195 49.125 589.8076 180 45.875 563.8269 195 45.875 589.8076 180 64.125 563.8269 195 64.125 589.8076 180 88.8125 565.9698 148.934 64.125 565.9698 148.934 88.8125 589.8076 180 64.125 589.8076 180 70.3125 615.7884 165 70.3125 604.7927 216.1771 70.3125 589.8076 180 70.3125 632.272 204.7949 70.3125 615.7884 165 0 589.5668 130.8274 31.4375 589.5668 130.8274 0 589.5668 130.8274 88.8125 615.7884 165 88.8125 615.7884 165 70.3125 563.3452 96.65476 31.4375 529.1726 70.43319 0 563.3452 96.65476 0 529.1726 70.43319 288.6875 563.3452 96.65476 329.8125 529.1726 70.43319 329.8125 542.132 117.868 52.0625 563.3452 96.65476 31.4375 542.132 117.868 31.4375 563.3452 96.65476 329.8125 542.132 117.868 125.75 542.132 117.868 329.8125 511.066 94.03017 329.8125 529.1726 70.43319 288.6875 529.1726 70.43319 329.8125 511.066 94.03017 288.6875 529.1726 70.43319 329.8125 542.132 117.868 329.8125 511.066 94.03017 329.8125 563.3452 96.65476 329.8125 542.132 117.868 52.0625 542.3728 167.0406 52.0625 520.9188 139.0812 52.0625 565.9698 148.934 52.0625 565.9698 148.934 64.125 542.3728 167.0406 52.0625 565.9698 148.934 52.0625 542.3728 167.0406 64.125 565.9698 148.934 64.125 563.8269 195 64.125 542.3728 167.0406 64.125 589.8076 180 64.125 589.5668 130.8274 88.8125 565.9698 148.934 31.4375 589.5668 130.8274 31.4375 565.9698 148.934 52.0625 565.9698 148.934 64.125 565.9698 148.934 88.8125 589.5668 130.8274 88.8125 589.8076 180 88.8125 565.9698 148.934 88.8125 615.7884 165 88.8125 589.8076 180 88.8125 615.7884 165 70.3125 589.8076 180 70.3125 615.7884 165 88.8125 563.3452 96.65476 31.4375 563.3452 96.65476 0 563.3452 96.65476 31.4375 565.9698 148.934 31.4375 542.132 117.868 31.4375 589.5668 130.8274 31.4375 565.9698 148.934 31.4375 542.132 117.868 52.0625 542.132 117.868 31.4375 565.9698 148.934 52.0625</float_array>
                    <technique_common>
                        <accessor count="2254" source="#ID204" stride="3">
                            <param name="X" type="float" />
                            <param name="Y" type="float" />
                            <param name="Z" type="float" />
                        </accessor>
                    </technique_common>
                </source>
                <source id="ID201">
                    <float_array id="ID205" count="6762">0 0 1 0 0 1 0 0 1 0 0 1 0.7071068 0.7071068 0 0.7071068 0.7071068 0 0.7071068 0.7071068 0 0.7071068 0.7071068 0 0.7933533 -0.6087614 0 0.7933533 -0.6087614 0 0.7933533 -0.6087614 0 0.7933533 -0.6087614 0 0.7933533 -0.6087614 0 0.7933533 -0.6087614 0 0.6087614 0.7933533 0 0.6087614 0.7933533 0 0.6087614 0.7933533 0 0.6087614 0.7933533 0 0.7933533 -0.6087614 0 0.7933533 -0.6087614 0 0.7933533 -0.6087614 0 0.7933533 -0.6087614 0 0.7933533 -0.6087614 0 0 0 1 0 0 1 0 0 1 0 0 1 0.6087614 -0.7933533 -5.607152e-18 0.6087614 -0.7933533 -5.607152e-18 0.6087614 -0.7933533 -5.607152e-18 0.6087614 -0.7933533 -5.607152e-18 0.6087614 -0.7933533 -5.607152e-18 0.6087614 -0.7933533 -5.607152e-18 0.7071068 0.7071068 0 0.7071068 0.7071068 0 0.7071068 0.7071068 0 0.7071068 0.7071068 0 0 0 1 0 0 1 0 0 1 0 0 1 0.7933533 -0.6087614 0 0.7933533 -0.6087614 0 0.7933533 -0.6087614 0 0.7933533 -0.6087614 0 0.7933533 -0.6087614 0 0.7933533 -0.6087614 0 0.7933533 -0.6087614 0 0.7933533 -0.6087614 0 0.7933533 -0.6087614 0 0.7933533 -0.6087614 0 0.7933533 -0.6087614 0 0 0 1 0 0 1 0 0 1 0 0 1 0.6087614 -0.7933533 0 0.6087614 -0.7933533 0 0.6087614 -0.7933533 0 0.6087614 -0.7933533 0 -0.7933533 -0.6087614 -0 -0.7933533 -0.6087614 -0 -0.7933533 -0.6087614 -0 -0.7933533 -0.6087614 -0 0.6087614 -0.7933533 2.49642e-18 0.6087614 -0.7933533 2.49642e-18 0.6087614 -0.7933533 2.49642e-18 0.6087614 -0.7933533 2.49642e-18 0.6087614 -0.7933533 2.49642e-18 0.6087614 -0.7933533 2.49642e-18 0 0 1 0 0 1 0 0 1 0 0 1 0.6087614 -0.7933533 0 0.6087614 -0.7933533 0 0.6087614 -0.7933533 0 0.6087614 -0.7933533 0 0.6087614 -0.7933533 0 0.6087614 -0.7933533 0 0.6087614 -0.7933533 0 0.6087614 0.7933533 -7.327526e-19 0.6087614 0.7933533 -7.327526e-19 0.6087614 0.7933533 -7.327526e-19 0.6087614 0.7933533 -7.327526e-19 0.7933533 -0.6087614 0 0.7933533 -0.6087614 0 0.7933533 -0.6087614 0 0.7933533 -0.6087614 0 0.7933533 -0.6087614 0 0.7933533 -0.6087614 0 -0.5 -0.8660254 -1.479841e-18 -0.5 -0.8660254 -1.479841e-18 -0.5 -0.8660254 -1.479841e-18 -0.5 -0.8660254 -1.479841e-18 -0.5 -0.8660254 -1.479841e-18 -0.5 -0.8660254 -1.479841e-18 -0.5 -0.8660254 -1.479841e-18 0 0 1 0 0 1 0 0 1 0 0 1 -0.5 -0.8660254 -0 -0.5 -0.8660254 -0 -0.5 -0.8660254 -0 -0.5 -0.8660254 -0 0.9238795 -0.3826834 2.193523e-18 0.9238795 -0.3826834 2.193523e-18 0.9238795 -0.3826834 2.193523e-18 0.9238795 -0.3826834 2.193523e-18 0.9238795 -0.3826834 2.193523e-18 0.6087614 -0.7933533 0 0.6087614 -0.7933533 0 0.6087614 -0.7933533 0 0.6087614 -0.7933533 0 0.6087614 -0.7933533 0 0.6087614 -0.7933533 0 0 0 1 0 0 1 0 0 1 0 0 1 0.3826834 -0.9238795 1.781862e-18 0.3826834 -0.9238795 1.781862e-18 0.3826834 -0.9238795 1.781862e-18 0.3826834 -0.9238795 1.781862e-18 0.3826834 -0.9238795 1.781862e-18 0.3826834 -0.9238795 1.781862e-18 0.8660254 0.5 0 0.8660254 0.5 0 0.8660254 0.5 0 0.8660254 0.5 0 0 0 1 0 0 1 0 0 1 0 0 1 -0.7933533 -0.6087614 -0 -0.7933533 -0.6087614 -0 -0.7933533 -0.6087614 -0 -0.7933533 -0.6087614 -0 0.6087614 -0.7933533 0 0.6087614 -0.7933533 0 0.6087614 -0.7933533 0 0.6087614 -0.7933533 0 0.7933533 0.6087614 0 0.7933533 0.6087614 0 0.7933533 0.6087614 0 0.7933533 0.6087614 0 0 0 1 0 0 1 0 0 1 0 0 1 -0.7933533 0.6087614 0 -0.7933533 0.6087614 0 -0.7933533 0.6087614 0 -0.7933533 0.6087614 0 -0.7933533 0.6087614 0 -0.6087614 -0.7933533 -3.967265e-18 -0.6087614 -0.7933533 -3.967265e-18 -0.6087614 -0.7933533 -3.967265e-18 -0.6087614 -0.7933533 -3.967265e-18 -0.6087614 -0.7933533 -3.967265e-18 -0.6087614 -0.7933533 -3.967265e-18 0.7071068 0.7071068 0 0.7071068 0.7071068 0 0.7071068 0.7071068 0 0.7071068 0.7071068 0 0 0 1 0 0 1 0 0 1 0 0 1 0.9238795 -0.3826834 -8.347766e-18 0.9238795 -0.3826834 -8.347766e-18 0.9238795 -0.3826834 -8.347766e-18 0.9238795 -0.3826834 -8.347766e-18 0.9238795 -0.3826834 -8.347766e-18 0.9238795 -0.3826834 -8.347766e-18 0.9238795 -0.3826834 -8.347766e-18 0.9238795 -0.3826834 -8.347766e-18 0 0 1 0 0 1 0 0 1 0 0 1 -0.9238795 0.3826834 0 -0.9238795 0.3826834 0 -0.9238795 0.3826834 0 -0.9238795 0.3826834 0 -0.9238795 0.3826834 0 0 0 1 0 0 1 0 0 1 0 0 1 -0.3826834 -0.9238795 0 -0.3826834 -0.9238795 0 -0.3826834 -0.9238795 0 -0.3826834 -0.9238795 0 0.9238795 -0.3826834 0 0.9238795 -0.3826834 0 0.9238795 -0.3826834 0 0.9238795 -0.3826834 0 0.3826834 -0.9238795 0 0.3826834 -0.9238795 0 0.3826834 -0.9238795 0 0.3826834 -0.9238795 0 0.8660254 0.5 0 0.8660254 0.5 0 0.8660254 0.5 0 0.8660254 0.5 0 0 0 1 0 0 1 0 0 1 0 0 1 -0.9238795 -0.3826834 -0 -0.9238795 -0.3826834 -0 -0.9238795 -0.3826834 -0 -0.9238795 -0.3826834 -0 0.3826834 -0.9238795 6.976734e-18 0.3826834 -0.9238795 6.976734e-18 0.3826834 -0.9238795 6.976734e-18 0.3826834 -0.9238795 6.976734e-18 0.3826834 -0.9238795 6.976734e-18 0.3826834 -0.9238795 6.976734e-18 0 0 1 0 0 1 0 0 1 0 0 1 0.3826834 -0.9238795 0 0.3826834 -0.9238795 0 0.3826834 -0.9238795 0 0.3826834 -0.9238795 0 0.3826834 -0.9238795 0 0.3826834 -0.9238795 0 0.3826834 -0.9238795 0 0.3826834 -0.9238795 0 0 0 1 0 0 1 0 0 1 0 0 1 -0.6087614 0.7933533 0 -0.6087614 0.7933533 0 -0.6087614 0.7933533 0 -0.6087614 0.7933533 0 -0.6087614 0.7933533 0 0 0 1 0 0 1 0 0 1 0 0 1 0.5 0.8660254 1.847895e-18 0.5 0.8660254 1.847895e-18 0.5 0.8660254 1.847895e-18 0.5 0.8660254 1.847895e-18 0.5 0.8660254 1.847895e-18 -0.7933533 0.6087614 0 -0.7933533 0.6087614 0 -0.7933533 0.6087614 0 -0.7933533 0.6087614 0 -0.7933533 0.6087614 0 -0.7933533 0.6087614 0 0.3826834 0.9238795 -1.508306e-18 0.3826834 0.9238795 -1.508306e-18 0.3826834 0.9238795 -1.508306e-18 0.3826834 0.9238795 -1.508306e-18 0.3826834 0.9238795 -1.508306e-18 0.3826834 0.9238795 -1.508306e-18 0 0 1 0 0 1 0 0 1 0 0 1 -0.3826834 -0.9238795 -0 -0.3826834 -0.9238795 -0 -0.3826834 -0.9238795 -0 -0.3826834 -0.9238795 -0 0.9238795 -0.3826834 0 0.9238795 -0.3826834 0 0.9238795 -0.3826834 0 0.9238795 -0.3826834 0 0.9238795 -0.3826834 0 0.9238795 -0.3826834 0 0.9238795 -0.3826834 -4.130833e-18 0.9238795 -0.3826834 -4.130833e-18 0.9238795 -0.3826834 -4.130833e-18 0.9238795 -0.3826834 -4.130833e-18 0.9238795 -0.3826834 -4.130833e-18 0.9238795 -0.3826834 -4.130833e-18 0 0 1 0 0 1 0 0 1 0 0 1 0.9914449 -0.1305262 0 0.9914449 -0.1305262 0 0.9914449 -0.1305262 0 0.9914449 -0.1305262 0 0.9914449 -0.1305262 0 0.9914449 -0.1305262 0 0.3826834 -0.9238795 1.80509e-18 0.3826834 -0.9238795 1.80509e-18 0.3826834 -0.9238795 1.80509e-18 0.3826834 -0.9238795 1.80509e-18 0.3826834 -0.9238795 1.80509e-18 0 0 1 0 0 1 0 0 1 0 0 1 -0.9659258 -0.258819 0 -0.9659258 -0.258819 0 -0.9659258 -0.258819 0 -0.9659258 -0.258819 0 0.9659258 0.258819 -3.116198e-18 0.9659258 0.258819 -3.116198e-18 0.9659258 0.258819 -3.116198e-18 0.9659258 0.258819 -3.116198e-18 0.9659258 0.258819 -3.116198e-18 0.9659258 0.258819 -3.116198e-18 0 0 1 0 0 1 0 0 1 0 0 1 -0.9238795 -0.3826834 -0 -0.9238795 -0.3826834 -0 -0.9238795 -0.3826834 -0 -0.9238795 -0.3826834 -0 0.3826834 -0.9238795 1.367007e-18 0.3826834 -0.9238795 1.367007e-18 0.3826834 -0.9238795 1.367007e-18 0.3826834 -0.9238795 1.367007e-18 0.3826834 -0.9238795 1.367007e-18 0.9238795 0.3826834 0 0.9238795 0.3826834 0 0.9238795 0.3826834 0 0.9238795 0.3826834 0 0 0 1 0 0 1 0 0 1 0 0 1 -0.8660254 -0.5 -0 -0.8660254 -0.5 -0 -0.8660254 -0.5 -0 -0.8660254 -0.5 -0 -0.6087614 0.7933533 0 -0.6087614 0.7933533 0 -0.6087614 0.7933533 0 -0.6087614 0.7933533 0 -0.7933533 0.6087614 0 -0.7933533 0.6087614 0 -0.7933533 0.6087614 0 -0.7933533 0.6087614 0 -0.9238795 0.3826834 0 -0.9238795 0.3826834 0 -0.9238795 0.3826834 0 -0.9238795 0.3826834 0 -0.9238795 0.3826834 0 -0.9238795 0.3826834 0 0 0 1 0 0 1 0 0 1 0 0 1 0 0 1 0 0 1 0 0 1 0 0 1 0.258819 0.9659258 0 0.258819 0.9659258 0 0.258819 0.9659258 0 0.258819 0.9659258 0 -0.258819 -0.9659258 -0 -0.258819 -0.9659258 -0 -0.258819 -0.9659258 -0 -0.258819 -0.9659258 -0 0.9914449 -0.1305262 -1.24675e-18 0.9914449 -0.1305262 -1.24675e-18 0.9914449 -0.1305262 -1.24675e-18 0.9914449 -0.1305262 -1.24675e-18 0.9914449 -0.1305262 -1.24675e-18 0.258819 0.9659258 0 0.258819 0.9659258 0 0.258819 0.9659258 0 0.258819 0.9659258 0 0.9914449 -0.1305262 0 0.9914449 -0.1305262 0 0.9914449 -0.1305262 0 0.9914449 -0.1305262 0 0.9914449 -0.1305262 0 0 0 1 0 0 1 0 0 1 0 0 1 -0.1305262 -0.9914449 -0 -0.1305262 -0.9914449 -0 -0.1305262 -0.9914449 -0 -0.1305262 -0.9914449 -0 0.9914449 -0.1305262 0 0.9914449 -0.1305262 0 0.1305262 -0.9914449 0 0.1305262 -0.9914449 0 0.1305262 -0.9914449 0 0.1305262 -0.9914449 0 0.1305262 -0.9914449 0 0.1305262 -0.9914449 0 0 0 1 0 0 1 0 0 1 0 0 1 -0.1305262 0.9914449 9.975756e-19 -0.1305262 0.9914449 9.975756e-19 -0.1305262 0.9914449 9.975756e-19 -0.1305262 0.9914449 9.975756e-19 -0.1305262 0.9914449 9.975756e-19 -0.1305262 0.9914449 9.975756e-19 0 0 1 0 0 1 0 0 1 0 0 1 0.1305262 -0.9914449 1.777327e-18 0.1305262 -0.9914449 1.777327e-18 0.1305262 -0.9914449 1.777327e-18 0.1305262 -0.9914449 1.777327e-18 0.1305262 -0.9914449 1.777327e-18 0.1305262 -0.9914449 1.777327e-18 0.9659258 0.258819 0 0.9659258 0.258819 0 0.9659258 0.258819 0 0.9659258 0.258819 0 0 0 1 0 0 1 0 0 1 0 0 1 -0.3826834 0.9238795 0 -0.3826834 0.9238795 0 -0.3826834 0.9238795 0 -0.3826834 0.9238795 0 -0.3826834 0.9238795 0 -0.3826834 0.9238795 0 -0.9238795 0.3826834 -4.556215e-18 -0.9238795 0.3826834 -4.556215e-18 -0.9238795 0.3826834 -4.556215e-18 -0.9238795 0.3826834 -4.556215e-18 -0.9238795 0.3826834 -4.556215e-18 0 0 1 0 0 1 0 0 1 0 0 1 0 0 1 0 0 1 0 0 1 0 0 1 0.1305262 0.9914449 6.813938e-19 0.1305262 0.9914449 6.813938e-19 0.1305262 0.9914449 6.813938e-19 0.1305262 0.9914449 6.813938e-19 -0.1305262 -0.9914449 0 -0.1305262 -0.9914449 0 -0.1305262 -0.9914449 0 -0.1305262 -0.9914449 0 -0.1305262 -0.9914449 0 -0.1305262 -0.9914449 0 0.9914449 -0.1305262 -9.491782e-19 0.9914449 -0.1305262 -9.491782e-19 0.9914449 -0.1305262 -9.491782e-19 0.9914449 -0.1305262 -9.491782e-19 0.9914449 -0.1305262 -9.491782e-19 0.9914449 -0.1305262 -9.491782e-19 0.9914449 -0.1305262 -9.491782e-19 0.9914449 -0.1305262 -9.491782e-19 0 0 1 0 0 1 0 0 1 0 0 1 0.9914449 0.1305262 0 0.9914449 0.1305262 0 0.9914449 0.1305262 0 0.9914449 0.1305262 0 0.9914449 0.1305262 0 0.9914449 0.1305262 0 0.1305262 -0.9914449 0 0.1305262 -0.9914449 0 0.1305262 -0.9914449 0 0.1305262 -0.9914449 0 0.1305262 -0.9914449 0 0.9914449 0.1305262 9.261696e-19 0.9914449 0.1305262 9.261696e-19 0.9914449 0.1305262 9.261696e-19 0.9914449 0.1305262 9.261696e-19 -0.9914449 -0.1305262 0 -0.9914449 -0.1305262 0 -0.9914449 -0.1305262 0 -0.9914449 -0.1305262 0 -0.9914449 -0.1305262 0 -0.9914449 -0.1305262 0 -0.9914449 -0.1305262 0 -0.9914449 -0.1305262 0 0.9914449 0.1305262 0 0.9914449 0.1305262 0 0.9914449 0.1305262 0 0.9914449 0.1305262 0 0 0 1 0 0 1 0 0 1 0 0 1 -0.3826834 0.9238795 0 -0.3826834 0.9238795 0 -0.3826834 0.9238795 0 -0.3826834 0.9238795 0 -0.3826834 0.9238795 0 -0.9914449 0.1305262 -1.552499e-18 -0.9914449 0.1305262 -1.552499e-18 -0.9914449 0.1305262 -1.552499e-18 -0.9914449 0.1305262 -1.552499e-18 -0.9914449 0.1305262 -1.552499e-18 -0.9914449 0.1305262 0 -0.9914449 0.1305262 0 -0.9914449 0.1305262 0 -0.9914449 0.1305262 0 -0.9914449 0.1305262 0 0 0 1 0 0 1 0 0 1 0 0 1 0 0 1 0 0 1 0 0 1 0 0 1 -6.123234e-17 1 0 -6.123234e-17 1 0 -6.123234e-17 1 0 -6.123234e-17 1 0 6.123234e-17 -1 1.332976e-34 6.123234e-17 -1 1.332976e-34 6.123234e-17 -1 1.332976e-34 6.123234e-17 -1 1.332976e-34 6.123234e-17 -1 1.332976e-34 0.9914449 0.1305262 0 0.9914449 0.1305262 0 0.9914449 0.1305262 0 0.9914449 0.1305262 0 0 0 1 0 0 1 0 0 1 0 0 1 0.1305262 -0.9914449 0 0.1305262 -0.9914449 0 0.1305262 -0.9914449 0 0.1305262 -0.9914449 0 0.9914449 0.1305262 0 0.9914449 0.1305262 0 0.9914449 0.1305262 0 0.9914449 0.1305262 0 -0.1305262 -0.9914449 0 -0.1305262 -0.9914449 0 -0.1305262 -0.9914449 0 -0.1305262 -0.9914449 0 1 1.224647e-16 0 1 1.224647e-16 0 1 1.224647e-16 0 1 1.224647e-16 0 0 0 1 0 0 1 0 0 1 0 0 1 0.1305262 -0.9914449 -1.181899e-18 0.1305262 -0.9914449 -1.181899e-18 0.1305262 -0.9914449 -1.181899e-18 0.1305262 -0.9914449 -1.181899e-18 0.1305262 -0.9914449 -1.181899e-18 0.1305262 -0.9914449 -1.181899e-18 0 0 1 0 0 1 0 0 1 0 0 1 -0.1305262 0.9914449 9.573964e-19 -0.1305262 0.9914449 9.573964e-19 -0.1305262 0.9914449 9.573964e-19 -0.1305262 0.9914449 9.573964e-19 -0.1305262 0.9914449 9.573964e-19 -0.1305262 0.9914449 9.573964e-19 0 0 1 0 0 1 0 0 1 0 0 1 -0.1305262 0.9914449 0 -0.1305262 0.9914449 0 -0.1305262 0.9914449 0 -0.1305262 0.9914449 0 -0.1305262 0.9914449 0 -0.9914449 0.1305262 0 -0.9914449 0.1305262 0 -0.9914449 0.1305262 0 -0.9914449 0.1305262 0 -6.123234e-17 1 4.991068e-34 -6.123234e-17 1 4.991068e-34 -6.123234e-17 1 4.991068e-34 -6.123234e-17 1 4.991068e-34 -6.123234e-17 1 4.991068e-34 0 0 1 0 0 1 0 0 1 0 0 1 0.9914449 0.1305262 -2.367139e-20 0.9914449 0.1305262 -2.367139e-20 0.9914449 0.1305262 -2.367139e-20 0.9914449 0.1305262 -2.367139e-20 0.9914449 0.1305262 -2.367139e-20 0.9914449 0.1305262 -2.367139e-20 0.9914449 0.1305262 -2.367139e-20 0.9914449 0.1305262 7.10968e-19 0.9914449 0.1305262 7.10968e-19 0.9914449 0.1305262 7.10968e-19 0.9914449 0.1305262 7.10968e-19 0.9914449 0.1305262 7.10968e-19 0.9914449 0.1305262 7.10968e-19 0.9914449 0.1305262 7.10968e-19 0.9914449 0.1305262 7.10968e-19 0 0 1 0 0 1 0 0 1 0 0 1 0.9238795 0.3826834 0 0.9238795 0.3826834 0 0.9238795 0.3826834 0 0.9238795 0.3826834 0 0.9238795 0.3826834 0 -0.1305262 -0.9914449 0 -0.1305262 -0.9914449 0 -0.1305262 -0.9914449 0 -0.1305262 -0.9914449 0 -0.1305262 -0.9914449 0 -0.1305262 -0.9914449 0 0 0 1 0 0 1 0 0 1 0 0 1 -0.1305262 -0.9914449 -2.008626e-18 -0.1305262 -0.9914449 -2.008626e-18 -0.1305262 -0.9914449 -2.008626e-18 -0.1305262 -0.9914449 -2.008626e-18 -0.1305262 -0.9914449 -2.008626e-18 -0.1305262 -0.9914449 -2.008626e-18 -0.1305262 -0.9914449 -2.008626e-18 1 1.224647e-16 -5.335415e-34 1 1.224647e-16 -5.335415e-34 1 1.224647e-16 -5.335415e-34 1 1.224647e-16 -5.335415e-34 1 1.224647e-16 -5.335415e-34 1 1.224647e-16 -5.335415e-34 -1 -1.224647e-16 0 -1 -1.224647e-16 0 -1 -1.224647e-16 0 -1 -1.224647e-16 0 -0.1305262 0.9914449 0 -0.1305262 0.9914449 0 -0.1305262 0.9914449 0 -0.1305262 0.9914449 0 -0.9914449 -0.1305262 -0 -0.9914449 -0.1305262 -0 -0.9914449 -0.1305262 -0 -0.9914449 -0.1305262 -0 -0.9914449 -0.1305262 -0 0 0 1 0 0 1 0 0 1 0 0 1 -0.1305262 0.9914449 0 -0.1305262 0.9914449 0 -0.1305262 0.9914449 0 -0.1305262 0.9914449 0 0.9914449 0.1305262 -1.487972e-18 0.9914449 0.1305262 -1.487972e-18 0.9914449 0.1305262 -1.487972e-18 0.9914449 0.1305262 -1.487972e-18 0.9914449 0.1305262 -1.487972e-18 0.9914449 0.1305262 -1.487972e-18 -0.258819 0.9659258 0 -0.258819 0.9659258 0 -0.258819 0.9659258 0 -0.258819 0.9659258 0 0 0 1 0 0 1 0 0 1 0 0 1 0.258819 -0.9659258 0 0.258819 -0.9659258 0 0.258819 -0.9659258 0 0.258819 -0.9659258 0 0.9238795 0.3826834 0 0.9238795 0.3826834 0 0.9238795 0.3826834 0 0.9238795 0.3826834 0 0 0 1 0 0 1 0 0 1 0 0 1 0.9238795 0.3826834 0 0.9238795 0.3826834 0 0.9238795 0.3826834 0 0.9238795 0.3826834 0 0.9238795 0.3826834 0 -0.3826834 -0.9238795 -0 -0.3826834 -0.9238795 -0 -0.3826834 -0.9238795 -0 -0.3826834 -0.9238795 -0 -0.3826834 -0.9238795 -0 0.9659258 -0.258819 6.889312e-19 0.9659258 -0.258819 6.889312e-19 0.9659258 -0.258819 6.889312e-19 0.9659258 -0.258819 6.889312e-19 0 0 1 0 0 1 0 0 1 0 0 1 -0.9914449 0.1305262 1.168829e-18 -0.9914449 0.1305262 1.168829e-18 -0.9914449 0.1305262 1.168829e-18 -0.9914449 0.1305262 1.168829e-18 -0.9914449 0.1305262 1.168829e-18 0.9914449 -0.1305262 1.131715e-18 0.9914449 -0.1305262 1.131715e-18 0.9914449 -0.1305262 1.131715e-18 0.9914449 -0.1305262 1.131715e-18 0.9914449 -0.1305262 1.131715e-18 0 0 1 0 0 1 0 0 1 0 0 1 -0.1305262 -0.9914449 -9.186837e-19 -0.1305262 -0.9914449 -9.186837e-19 -0.1305262 -0.9914449 -9.186837e-19 -0.1305262 -0.9914449 -9.186837e-19 -0.1305262 -0.9914449 -9.186837e-19 0 0 1 0 0 1 0 0 1 0 0 1 0.1305262 0.9914449 0 0.1305262 0.9914449 0 0.1305262 0.9914449 0 0.1305262 0.9914449 0 0.1305262 0.9914449 0 -0.9914449 -0.1305262 -0 -0.9914449 -0.1305262 -0 -0.9914449 -0.1305262 -0 -0.9914449 -0.1305262 -0 -0.1305262 0.9914449 0 -0.1305262 0.9914449 0 -0.1305262 0.9914449 0 -0.1305262 0.9914449 0 0.9238795 0.3826834 4.214955e-18 0.9238795 0.3826834 4.214955e-18 0.9238795 0.3826834 4.214955e-18 0.9238795 0.3826834 4.214955e-18 0.9238795 0.3826834 4.214955e-18 0.9238795 0.3826834 4.214955e-18 0 0 1 0 0 1 0 0 1 0 0 1 0.258819 -0.9659258 0 0.258819 -0.9659258 0 0.258819 -0.9659258 0 0.258819 -0.9659258 0 0 0 1 0 0 1 0 0 1 0 0 1 -0.3826834 0.9238795 0 -0.3826834 0.9238795 0 -0.3826834 0.9238795 0 -0.3826834 0.9238795 0 -0.3826834 0.9238795 0 0 0 1 0 0 1 0 0 1 0 0 1 0.7933533 0.6087614 0 0.7933533 0.6087614 0 0.7933533 0.6087614 0 0.7933533 0.6087614 0 0.7933533 0.6087614 0 0.7933533 0.6087614 0 -0.3826834 -0.9238795 -0 -0.3826834 -0.9238795 -0 -0.3826834 -0.9238795 -0 -0.3826834 -0.9238795 -0 -0.3826834 -0.9238795 -0 0.9238795 -0.3826834 0 0.9238795 -0.3826834 0 0.9238795 -0.3826834 0 0.9238795 -0.3826834 0 0 0 1 0 0 1 0 0 1 0 0 1 0.1305262 0.9914449 0 0.1305262 0.9914449 0 0.1305262 0.9914449 0 0.1305262 0.9914449 0 0.1305262 0.9914449 0 -0.3826834 -0.9238795 1.119171e-17 -0.3826834 -0.9238795 1.119171e-17 -0.3826834 -0.9238795 1.119171e-17 -0.3826834 -0.9238795 1.119171e-17 -0.3826834 -0.9238795 1.119171e-17 0 0 1 0 0 1 0 0 1 0 0 1 -0.1305262 -0.9914449 -2.891313e-18 -0.1305262 -0.9914449 -2.891313e-18 -0.1305262 -0.9914449 -2.891313e-18 -0.1305262 -0.9914449 -2.891313e-18 -0.1305262 -0.9914449 -2.891313e-18 -0.1305262 -0.9914449 -2.891313e-18 -0.1305262 -0.9914449 -2.891313e-18 -0.1305262 -0.9914449 -2.891313e-18 -0.9914449 0.1305262 0 -0.9914449 0.1305262 0 -0.9914449 0.1305262 0 -0.9914449 0.1305262 0 0.1305262 0.9914449 -5.926697e-19 0.1305262 0.9914449 -5.926697e-19 0.1305262 0.9914449 -5.926697e-19 0.1305262 0.9914449 -5.926697e-19 0.1305262 0.9914449 -5.926697e-19 0.1305262 0.9914449 -5.926697e-19 -0.9238795 -0.3826834 -0 -0.9238795 -0.3826834 -0 -0.9238795 -0.3826834 -0 -0.9238795 -0.3826834 -0 -0.3826834 0.9238795 -2.202692e-18 -0.3826834 0.9238795 -2.202692e-18 -0.3826834 0.9238795 -2.202692e-18 -0.3826834 0.9238795 -2.202692e-18 -0.3826834 0.9238795 -2.202692e-18 0 0 1 0 0 1 0 0 1 0 0 1 0.9238795 0.3826834 0 0.9238795 0.3826834 0 0.9238795 0.3826834 0 0.9238795 0.3826834 0 0.9238795 0.3826834 0 0.9238795 0.3826834 0 0.9238795 0.3826834 0 0.9238795 0.3826834 0 0.9238795 0.3826834 0 0.9238795 0.3826834 0 0.9238795 0.3826834 0 -0.5 0.8660254 0 -0.5 0.8660254 0 -0.5 0.8660254 0 -0.5 0.8660254 0 0 0 1 0 0 1 0 0 1 0 0 1 0.6087614 -0.7933533 0 0.6087614 -0.7933533 0 0.6087614 -0.7933533 0 0.6087614 -0.7933533 0 0.6087614 -0.7933533 0 0.7933533 0.6087614 0 0.7933533 0.6087614 0 0.7933533 0.6087614 0 0.7933533 0.6087614 0 -0.6087614 -0.7933533 -0 -0.6087614 -0.7933533 -0 -0.6087614 -0.7933533 -0 -0.6087614 -0.7933533 -0 0.8660254 -0.5 0 0.8660254 -0.5 0 0.8660254 -0.5 0 0.8660254 -0.5 0 0 0 1 0 0 1 0 0 1 0 0 1 -0.3826834 -0.9238795 -2.170888e-18 -0.3826834 -0.9238795 -2.170888e-18 -0.3826834 -0.9238795 -2.170888e-18 -0.3826834 -0.9238795 -2.170888e-18 -0.3826834 -0.9238795 -2.170888e-18 -0.3826834 -0.9238795 -2.170888e-18 -0.3826834 -0.9238795 -2.170888e-18 -0.9659258 0.258819 -8.289805e-18 -0.9659258 0.258819 -8.289805e-18 -0.9659258 0.258819 -8.289805e-18 -0.9659258 0.258819 -8.289805e-18 -0.9659258 0.258819 -8.289805e-18 -0.9659258 0.258819 -8.289805e-18 0 0 1 0 0 1 0 0 1 0 0 1 -0.3826834 -0.9238795 0 -0.3826834 -0.9238795 0 -0.3826834 -0.9238795 0 -0.3826834 -0.9238795 0 0.9659258 -0.258819 0 0.9659258 -0.258819 0 0.9659258 -0.258819 0 0.9659258 -0.258819 0 0 0 1 0 0 1 0 0 1 0 0 1 0.3826834 0.9238795 0 0.3826834 0.9238795 0 0.3826834 0.9238795 0 0.3826834 0.9238795 0 -0.9238795 -0.3826834 -0 -0.9238795 -0.3826834 -0 -0.9238795 -0.3826834 -0 -0.9238795 -0.3826834 -0 -0.9238795 -0.3826834 -0 0 0 1 0 0 1 0 0 1 0 0 1 -0.3826834 0.9238795 0 -0.3826834 0.9238795 0 -0.3826834 0.9238795 0 -0.3826834 0.9238795 0 -0.5 0.8660254 0 -0.5 0.8660254 0 -0.5 0.8660254 0 -0.5 0.8660254 0 0 0 1 0 0 1 0 0 1 0 0 1 0.7933533 0.6087614 -5.483698e-18 0.7933533 0.6087614 -5.483698e-18 0.7933533 0.6087614 -5.483698e-18 0.7933533 0.6087614 -5.483698e-18 0.7933533 0.6087614 -5.483698e-18 0.7933533 0.6087614 0 0.7933533 0.6087614 0 0.7933533 0.6087614 0 0.7933533 0.6087614 0 0.7933533 0.6087614 0 0 0 1 0 0 1 0 0 1 0 0 1 0.6087614 -0.7933533 0 0.6087614 -0.7933533 0 0.6087614 -0.7933533 0 0.6087614 -0.7933533 0 0.7933533 0.6087614 0 0.7933533 0.6087614 0 0.7933533 0.6087614 0 0.7933533 0.6087614 0 0.6087614 0.7933533 0 0.6087614 0.7933533 0 0.6087614 0.7933533 0 0.6087614 0.7933533 0 0.6087614 0.7933533 0 0.6087614 0.7933533 0 -0.6087614 -0.7933533 0 -0.6087614 -0.7933533 0 -0.6087614 -0.7933533 0 -0.6087614 -0.7933533 0 -0.6087614 -0.7933533 0 -0.6087614 -0.7933533 0 0 0 1 0 0 1 0 0 1 0 0 1 -0.6087614 -0.7933533 -0 -0.6087614 -0.7933533 -0 -0.6087614 -0.7933533 -0 -0.6087614 -0.7933533 -0 -0.6087614 -0.7933533 -0 -0.6087614 -0.7933533 -0 -0.6087614 -0.7933533 -0 0.8660254 -0.5 0 0.8660254 -0.5 0 0.8660254 -0.5 0 0.8660254 -0.5 0 0.8660254 -0.5 0 0 0 1 0 0 1 0 0 1 0 0 1 -0.9238795 0.3826834 0 -0.9238795 0.3826834 0 -0.9238795 0.3826834 0 -0.9238795 0.3826834 0 -0.9238795 0.3826834 0 0 0 1 0 0 1 0 0 1 0 0 1 0.3826834 0.9238795 0 0.3826834 0.9238795 0 0.3826834 0.9238795 0 0.3826834 0.9238795 0 0.3826834 0.9238795 0 0.3826834 0.9238795 0 -0.7933533 -0.6087614 0 -0.7933533 -0.6087614 0 -0.7933533 -0.6087614 0 -0.7933533 -0.6087614 0 -0.7933533 -0.6087614 0 -0.7933533 -0.6087614 0 0 0 1 0 0 1 0 0 1 0 0 1 -0.5 0.8660254 0 -0.5 0.8660254 0 -0.5 0.8660254 0 -0.5 0.8660254 0 0.6087614 -0.7933533 0 0.6087614 -0.7933533 0 0.6087614 -0.7933533 0 0.6087614 -0.7933533 0 0.6087614 -0.7933533 0 0 0 1 0 0 1 0 0 1 0 0 1 -0.7071068 0.7071068 0 -0.7071068 0.7071068 0 -0.7071068 0.7071068 0 -0.7071068 0.7071068 0 -0.7071068 0.7071068 0 0 0 1 0 0 1 0 0 1 0 0 1 0.7933533 0.6087614 0 0.7933533 0.6087614 0 0.7933533 0.6087614 0 0.7933533 0.6087614 0 0.7071068 -0.7071068 0 0.7071068 -0.7071068 0 0.7071068 -0.7071068 0 0.7071068 -0.7071068 0 0.7071068 -0.7071068 0 0 0 1 0 0 1 0 0 1 0 0 1 0.7933533 -0.6087614 0 0.7933533 -0.6087614 0 0.7933533 -0.6087614 0 0.7933533 -0.6087614 0 0.6087614 0.7933533 0 0.6087614 0.7933533 0 0.6087614 0.7933533 0 0.6087614 0.7933533 0 -0.7933533 -0.6087614 0 -0.7933533 -0.6087614 0 -0.7933533 -0.6087614 0 -0.7933533 -0.6087614 0 0.7071068 -0.7071068 0 0.7071068 -0.7071068 0 0.7071068 -0.7071068 0 0.7071068 -0.7071068 0 0 0 1 0 0 1 0 0 1 0 0 1 -0.7933533 0.6087614 0 -0.7933533 0.6087614 0 -0.7933533 0.6087614 0 -0.7933533 0.6087614 0 -0.6087614 -0.7933533 -7.547902e-18 -0.6087614 -0.7933533 -7.547902e-18 -0.6087614 -0.7933533 -7.547902e-18 -0.6087614 -0.7933533 -7.547902e-18 0.7933533 -0.6087614 0 0.7933533 -0.6087614 0 0.7933533 -0.6087614 0 0.7933533 -0.6087614 0 0 0 1 0 0 1 0 0 1 0 0 1 -0.6087614 -0.7933533 0 -0.6087614 -0.7933533 0 -0.6087614 -0.7933533 0 -0.6087614 -0.7933533 0 0.8660254 -0.5 0 0.8660254 -0.5 0 0.8660254 -0.5 0 0.8660254 -0.5 0 0.8660254 -0.5 0 -0.3826834 -0.9238795 -3.116604e-18 -0.3826834 -0.9238795 -3.116604e-18 -0.3826834 -0.9238795 -3.116604e-18 -0.3826834 -0.9238795 -3.116604e-18 -0.9238795 0.3826834 0 -0.9238795 0.3826834 0 -0.9238795 0.3826834 0 -0.9238795 0.3826834 0 -0.9238795 0.3826834 0 0 0 1 0 0 1 0 0 1 0 0 1 0.6087614 0.7933533 0 0.6087614 0.7933533 0 0.6087614 0.7933533 0 0.6087614 0.7933533 0 -0.7933533 -0.6087614 0 -0.7933533 -0.6087614 0 -0.7933533 -0.6087614 0 -0.7933533 -0.6087614 0 0 0 1 0 0 1 0 0 1 0 0 1 -0.6087614 -0.7933533 -2.560282e-17 -0.6087614 -0.7933533 -2.560282e-17 -0.6087614 -0.7933533 -2.560282e-17 -0.6087614 -0.7933533 -2.560282e-17 -0.6087614 -0.7933533 -2.560282e-17 -0.6087614 -0.7933533 -2.560282e-17 -0.6087614 -0.7933533 -2.560282e-17 0.6087614 0.7933533 3.460246e-18 0.6087614 0.7933533 3.460246e-18 0.6087614 0.7933533 3.460246e-18 0.6087614 0.7933533 3.460246e-18 0.6087614 0.7933533 3.460246e-18 0.6087614 0.7933533 3.460246e-18 0.6087614 0.7933533 3.460246e-18 0.6087614 0.7933533 3.460246e-18 0 0 1 0 0 1 0 0 1 0 0 1 0 0 1 0 0 1 0 0 1 0 0 1 0.6087614 0.7933533 -1.530051e-17 0.6087614 0.7933533 -1.530051e-17 0.6087614 0.7933533 -1.530051e-17 0.6087614 0.7933533 -1.530051e-17 0.6087614 0.7933533 -1.530051e-17 0.6087614 0.7933533 -1.530051e-17 0.3826834 0.9238795 0 0.3826834 0.9238795 0 0.3826834 0.9238795 0 0.3826834 0.9238795 0 0.3826834 0.9238795 0 -0.7933533 -0.6087614 -0 -0.7933533 -0.6087614 -0 -0.7933533 -0.6087614 -0 -0.7933533 -0.6087614 -0 -0.7933533 -0.6087614 -0 -0.7933533 -0.6087614 -0 0 0 1 0 0 1 0 0 1 0 0 1 0.7071068 -0.7071068 -6.269785e-18 0.7071068 -0.7071068 -6.269785e-18 0.7071068 -0.7071068 -6.269785e-18 0.7071068 -0.7071068 -6.269785e-18 0.7071068 -0.7071068 -6.269785e-18 0.7071068 -0.7071068 -6.269785e-18 0.7071068 -0.7071068 -6.269785e-18 0 0 1 0 0 1 0 0 1 0 0 1 -0.6087614 -0.7933533 0 -0.6087614 -0.7933533 0 -0.6087614 -0.7933533 0 -0.6087614 -0.7933533 0 -0.6087614 -0.7933533 0 -0.6087614 -0.7933533 0 0 0 1 0 0 1 0 0 1 0 0 1 0.6087614 0.7933533 -1.137894e-18 0.6087614 0.7933533 -1.137894e-18 0.6087614 0.7933533 -1.137894e-18 0.6087614 0.7933533 -1.137894e-18 0.6087614 0.7933533 -1.137894e-18 0.6087614 0.7933533 -1.137894e-18 -0.6087614 -0.7933533 0 -0.6087614 -0.7933533 0 -0.6087614 -0.7933533 0 -0.6087614 -0.7933533 0 -0.6087614 -0.7933533 0 -0.6087614 -0.7933533 0 -0.7071068 0.7071068 0 -0.7071068 0.7071068 0 -0.7071068 0.7071068 0 -0.7071068 0.7071068 0 -0.7933533 0.6087614 -9.289962e-18 -0.7933533 0.6087614 -9.289962e-18 -0.7933533 0.6087614 -9.289962e-18 -0.7933533 0.6087614 -9.289962e-18 -0.7933533 0.6087614 -9.289962e-18 -0.7933533 0.6087614 -9.289962e-18 -0.7933533 0.6087614 -9.289962e-18 0 0 1 0 0 1 0 0 1 0 0 1 0.7933533 -0.6087614 -3.600979e-18 0.7933533 -0.6087614 -3.600979e-18 0.7933533 -0.6087614 -3.600979e-18 0.7933533 -0.6087614 -3.600979e-18 0.7933533 -0.6087614 -3.600979e-18 -0.8660254 0.5 0 -0.8660254 0.5 0 -0.8660254 0.5 0 -0.8660254 0.5 0 2.326845e-15 3.032404e-15 1 2.326845e-15 3.032404e-15 1 2.326845e-15 3.032404e-15 1 2.326845e-15 3.032404e-15 1 0.3826834 0.9238795 0 0.3826834 0.9238795 0 0.3826834 0.9238795 0 0.3826834 0.9238795 0 0.3826834 0.9238795 0 0.3826834 0.9238795 0 0.3826834 0.9238795 0 0 0 1 0 0 1 0 0 1 0 0 1 0.3826834 0.9238795 0 0.3826834 0.9238795 0 0.3826834 0.9238795 0 0.3826834 0.9238795 0 0.3826834 0.9238795 0 0.3826834 0.9238795 0 -0.9238795 -0.3826834 0 -0.9238795 -0.3826834 0 -0.9238795 -0.3826834 0 -0.9238795 -0.3826834 0 0.5 -0.8660254 -1.262336e-17 0.5 -0.8660254 -1.262336e-17 0.5 -0.8660254 -1.262336e-17 0.5 -0.8660254 -1.262336e-17 0.5 -0.8660254 -1.262336e-17 0.5 -0.8660254 -1.262336e-17 0 0 1 0 0 1 0 0 1 0 0 1 -0.6087614 0.7933533 0 -0.6087614 0.7933533 0 -0.6087614 0.7933533 0 -0.6087614 0.7933533 0 -0.6087614 0.7933533 0 0.7933533 0.6087614 0 0.7933533 0.6087614 0 0.7933533 0.6087614 0 0.7933533 0.6087614 0 0 0 1 0 0 1 0 0 1 0 0 1 -0.7933533 -0.6087614 4.32631e-17 -0.7933533 -0.6087614 4.32631e-17 -0.7933533 -0.6087614 4.32631e-17 -0.7933533 -0.6087614 4.32631e-17 -0.7933533 -0.6087614 4.32631e-17 0.7071068 -0.7071068 0 0.7071068 -0.7071068 0 0.7071068 -0.7071068 0 0.7071068 -0.7071068 0 0.7071068 -0.7071068 0 0 0 1 0 0 1 0 0 1 0 0 1 -0.7933533 0.6087614 0 -0.7933533 0.6087614 0 -0.7933533 0.6087614 0 -0.7933533 0.6087614 0 0.7933533 0.6087614 0 0.7933533 0.6087614 0 0.7933533 0.6087614 0 0.7933533 0.6087614 0 -0.6087614 -0.7933533 0 -0.6087614 -0.7933533 0 -0.6087614 -0.7933533 0 -0.6087614 -0.7933533 0 -0.6087614 -0.7933533 0 -0.6087614 -0.7933533 0 -0.6087614 -0.7933533 0 -0.6087614 -0.7933533 0 0 0 1 0 0 1 0 0 1 0 0 1 -0.8660254 0.5 0 -0.8660254 0.5 0 -0.8660254 0.5 0 -0.8660254 0.5 0 -0.8660254 0.5 0 -0.9238795 0.3826834 -3.101161e-18 -0.9238795 0.3826834 -3.101161e-18 -0.9238795 0.3826834 -3.101161e-18 -0.9238795 0.3826834 -3.101161e-18 -0.9238795 0.3826834 -3.101161e-18 0.9238795 -0.3826834 6.860628e-19 0.9238795 -0.3826834 6.860628e-19 0.9238795 -0.3826834 6.860628e-19 0.9238795 -0.3826834 6.860628e-19 0.9238795 -0.3826834 6.860628e-19 0.9238795 -0.3826834 6.860628e-19 0.9238795 -0.3826834 6.860628e-19 0.9238795 -0.3826834 6.860628e-19 0 0 1 0 0 1 0 0 1 0 0 1 0 0 1 0 0 1 0 0 1 0 0 1 0.9659258 -0.258819 0 0.9659258 -0.258819 0 0.9659258 -0.258819 0 0.9659258 -0.258819 0 0.1305262 0.9914449 -6.317287e-19 0.1305262 0.9914449 -6.317287e-19 0.1305262 0.9914449 -6.317287e-19 0.1305262 0.9914449 -6.317287e-19 0.1305262 0.9914449 -6.317287e-19 -0.9238795 -0.3826834 9.575388e-18 -0.9238795 -0.3826834 9.575388e-18 -0.9238795 -0.3826834 9.575388e-18 -0.9238795 -0.3826834 9.575388e-18 -0.9238795 -0.3826834 9.575388e-18 -0.9238795 -0.3826834 9.575388e-18 0 0 1 0 0 1 0 0 1 0 0 1 -0.9238795 -0.3826834 -1.264695e-17 -0.9238795 -0.3826834 -1.264695e-17 -0.9238795 -0.3826834 -1.264695e-17 -0.9238795 -0.3826834 -1.264695e-17 -0.9238795 -0.3826834 -1.264695e-17 -0.9238795 -0.3826834 -1.264695e-17 -0.9238795 -0.3826834 -1.264695e-17 -0.9238795 -0.3826834 -1.264695e-17 -0.9238795 -0.3826834 -1.264695e-17 -0.9238795 -0.3826834 -1.264695e-17 0.7933533 0.6087614 1.495945e-16 0.7933533 0.6087614 1.495945e-16 0.7933533 0.6087614 1.495945e-16 0.7933533 0.6087614 1.495945e-16 0.7933533 0.6087614 1.495945e-16 -0.6087614 0.7933533 0 -0.6087614 0.7933533 0 -0.6087614 0.7933533 0 -0.7933533 -0.6087614 -9.495545e-17 -0.7933533 -0.6087614 -9.495545e-17 -0.7933533 -0.6087614 -9.495545e-17 -0.7933533 -0.6087614 -9.495545e-17 -0.7933533 -0.6087614 -9.495545e-17 -0.7933533 -0.6087614 -9.495545e-17 -0.7933533 -0.6087614 -9.495545e-17 0 0 1 0 0 1 0 0 1 0 0 1 0.7933533 0.6087614 0 0.7933533 0.6087614 0 0.7933533 0.6087614 0 0.7933533 0.6087614 0 0.7933533 0.6087614 0 0.7933533 0.6087614 0 -0.3826834 -0.9238795 -0 -0.3826834 -0.9238795 -0 -0.3826834 -0.9238795 -0 -0.3826834 -0.9238795 -0 -0.3826834 -0.9238795 -0 -0.8660254 0.5 0 -0.8660254 0.5 0 -0.8660254 0.5 0 -0.3826834 -0.9238795 0 -0.3826834 -0.9238795 0 -0.3826834 -0.9238795 0 -0.3826834 -0.9238795 0 -0.3826834 -0.9238795 2.350347e-17 -0.3826834 -0.9238795 2.350347e-17 -0.3826834 -0.9238795 2.350347e-17 -0.3826834 -0.9238795 2.350347e-17 -0.3826834 -0.9238795 2.350347e-17 -0.3826834 -0.9238795 2.350347e-17 -0.3826834 -0.9238795 2.350347e-17 0 0 1 0 0 1 0 0 1 0 0 1 0.3826834 0.9238795 -1.829901e-18 0.3826834 0.9238795 -1.829901e-18 0.3826834 0.9238795 -1.829901e-18 0.3826834 0.9238795 -1.829901e-18 0.3826834 0.9238795 -1.829901e-18 0.3826834 0.9238795 -1.829901e-18 0.3826834 0.9238795 -1.829901e-18 0 0 1 0 0 1 0 0 1 0 0 1 0.1305262 0.9914449 0 0.1305262 0.9914449 0 0.1305262 0.9914449 0 0.1305262 0.9914449 0 0.1305262 0.9914449 0 0.9914449 -0.1305262 0 0.9914449 -0.1305262 0 0.9914449 -0.1305262 0 0.9914449 -0.1305262 0 0.9914449 -0.1305262 0 0.1305262 0.9914449 0 0.1305262 0.9914449 0 0.1305262 0.9914449 0 0.1305262 0.9914449 0 -0.9914449 -0.1305262 0 -0.9914449 -0.1305262 0 -0.9914449 -0.1305262 0 -0.9914449 -0.1305262 0 0.258819 -0.9659258 0 0.258819 -0.9659258 0 0.258819 -0.9659258 0 0.258819 -0.9659258 0 0 0 1 0 0 1 0 0 1 0 0 1 -0.3826834 0.9238795 -4.451611e-18 -0.3826834 0.9238795 -4.451611e-18 -0.3826834 0.9238795 -4.451611e-18 -0.3826834 0.9238795 -4.451611e-18 -0.3826834 0.9238795 -4.451611e-18 -0.3826834 0.9238795 -4.451611e-18 0.3826834 -0.9238795 0 0.3826834 -0.9238795 0 0.3826834 -0.9238795 0 0.3826834 -0.9238795 0 0.3826834 -0.9238795 0 0.3826834 -0.9238795 0 0.3826834 -0.9238795 0 0.3826834 -0.9238795 0 0 0 1 0 0 1 0 0 1 0 0 1 -0.5 0.8660254 0 -0.5 0.8660254 0 -0.5 0.8660254 0 -0.5 0.8660254 0 -0.5 0.8660254 0 -0.5 0.8660254 0 -0.5 0.8660254 0 0 0 1 0 0 1 0 0 1 0 0 1 0.5 -0.8660254 5.793057e-18 0.5 -0.8660254 5.793057e-18 0.5 -0.8660254 5.793057e-18 0.5 -0.8660254 5.793057e-18 0.5 -0.8660254 5.793057e-18 0 0 1 0 0 1 0 0 1 0 0 1 -0.6087614 0.7933533 0 -0.6087614 0.7933533 0 -0.6087614 0.7933533 0 -0.6087614 0.7933533 0 0.9238795 0.3826834 7.623812e-18 0.9238795 0.3826834 7.623812e-18 0.9238795 0.3826834 7.623812e-18 0.9238795 0.3826834 7.623812e-18 0.9238795 0.3826834 7.623812e-18 -0.3826834 -0.9238795 -0 -0.3826834 -0.9238795 -0 -0.3826834 -0.9238795 -0 -0.3826834 -0.9238795 -0 -0.3826834 -0.9238795 -0 0 0 1 0 0 1 0 0 1 0 0 1 -0.9238795 0.3826834 0 -0.9238795 0.3826834 0 -0.9238795 0.3826834 0 -0.9238795 0.3826834 0 -0.9238795 0.3826834 0 -0.9659258 0.258819 5.337539e-19 -0.9659258 0.258819 5.337539e-19 -0.9659258 0.258819 5.337539e-19 -0.9659258 0.258819 5.337539e-19 -0.9659258 0.258819 5.337539e-19 -0.9659258 0.258819 5.337539e-19 0 0 1 0 0 1 0 0 1 0 0 1 0.1305262 0.9914449 0 0.1305262 0.9914449 0 0.1305262 0.9914449 0 0.1305262 0.9914449 0 0.1305262 0.9914449 0 0.9914449 -0.1305262 0 0.9914449 -0.1305262 0 0.9914449 -0.1305262 0 0.9914449 -0.1305262 0 0 0 1 0 0 1 0 0 1 0 0 1 0 0 1 0 0 1 0 0 1 0 0 1 0.1305262 0.9914449 -7.19188e-19 0.1305262 0.9914449 -7.19188e-19 0.1305262 0.9914449 -7.19188e-19 0.1305262 0.9914449 -7.19188e-19 0.1305262 0.9914449 -7.19188e-19 -0.1305262 0.9914449 0 -0.1305262 0.9914449 0 -0.1305262 0.9914449 0 -0.1305262 0.9914449 0 -0.1305262 0.9914449 0 -0.9914449 -0.1305262 5.359005e-18 -0.9914449 -0.1305262 5.359005e-18 -0.9914449 -0.1305262 5.359005e-18 -0.9914449 -0.1305262 5.359005e-18 -0.9914449 -0.1305262 5.359005e-18 -0.9914449 -0.1305262 5.359005e-18 0 0 1 0 0 1 0 0 1 0 0 1 0.9238795 0.3826834 -2.398339e-17 0.9238795 0.3826834 -2.398339e-17 0.9238795 0.3826834 -2.398339e-17 0.9238795 0.3826834 -2.398339e-17 0.9238795 0.3826834 -2.398339e-17 0.9238795 0.3826834 -2.398339e-17 0.9238795 0.3826834 -2.398339e-17 0 0 1 0 0 1 0 0 1 0 0 1 -0.9238795 -0.3826834 1.675563e-17 -0.9238795 -0.3826834 1.675563e-17 -0.9238795 -0.3826834 1.675563e-17 -0.9238795 -0.3826834 1.675563e-17 -0.9238795 -0.3826834 1.675563e-17 0.3826834 -0.9238795 0 0.3826834 -0.9238795 0 0.3826834 -0.9238795 0 0.3826834 -0.9238795 0 0.9238795 0.3826834 0 0.9238795 0.3826834 0 0.9238795 0.3826834 0 0.9238795 0.3826834 0 0 0 1 0 0 1 0 0 1 0 0 1 0.9238795 0.3826834 0 0.9238795 0.3826834 0 0.9238795 0.3826834 0 0.9238795 0.3826834 0 -0.1305262 -0.9914449 0 -0.1305262 -0.9914449 0 -0.1305262 -0.9914449 0 -0.1305262 -0.9914449 0 -0.1305262 -0.9914449 0 -0.1305262 -0.9914449 0 -0.9659258 0.258819 0 -0.9659258 0.258819 0 -0.9659258 0.258819 0 -0.9659258 0.258819 0 0.9914449 -0.1305262 0 0.9914449 -0.1305262 0 0.9914449 -0.1305262 0 0 0 1 0 0 1 0 0 1 0 0 1 0.1305262 0.9914449 0 0.1305262 0.9914449 0 0.1305262 0.9914449 0 0.1305262 0.9914449 0 0 0 1 0 0 1 0 0 1 0 0 1 -1 -0 -0 -1 -0 -0 -1 -0 -0 -1 -0 -0 -0.1305262 0.9914449 -1.103453e-18 -0.1305262 0.9914449 -1.103453e-18 -0.1305262 0.9914449 -1.103453e-18 -0.1305262 0.9914449 -1.103453e-18 -0.1305262 0.9914449 -1.103453e-18 -0.1305262 0.9914449 -1.103453e-18 -0.1305262 0.9914449 -1.103453e-18 0 0 1 0 0 1 0 0 1 0 0 1 -0.1305262 0.9914449 0 -0.1305262 0.9914449 0 -0.1305262 0.9914449 0 -0.1305262 0.9914449 0 -0.1305262 0.9914449 0 -0.1305262 0.9914449 0 -0.9914449 0.1305262 0 -0.9914449 0.1305262 0 -0.9914449 0.1305262 0 -0.9914449 0.1305262 0 1.83697e-16 -1 -1.045357e-32 1.83697e-16 -1 -1.045357e-32 1.83697e-16 -1 -1.045357e-32 1.83697e-16 -1 -1.045357e-32 1.83697e-16 -1 -1.045357e-32 1.83697e-16 -1 -1.045357e-32 1.83697e-16 -1 -1.045357e-32 0 0 1 0 0 1 0 0 1 0 0 1 -0.1305262 0.9914449 0 -0.1305262 0.9914449 0 -0.1305262 0.9914449 0 -0.1305262 0.9914449 0 0.9914449 0.1305262 -6.012271e-18 0.9914449 0.1305262 -6.012271e-18 0.9914449 0.1305262 -6.012271e-18 0.9914449 0.1305262 -6.012271e-18 -0.258819 0.9659258 -1.258029e-17 -0.258819 0.9659258 -1.258029e-17 -0.258819 0.9659258 -1.258029e-17 -0.258819 0.9659258 -1.258029e-17 -0.9914449 -0.1305262 -6.667809e-18 -0.9914449 -0.1305262 -6.667809e-18 -0.9914449 -0.1305262 -6.667809e-18 -0.9914449 -0.1305262 -6.667809e-18 -0.9914449 -0.1305262 -6.667809e-18 -0.9914449 -0.1305262 -6.667809e-18 0 0 1 0 0 1 0 0 1 0 0 1 0.9914449 0.1305262 0 0.9914449 0.1305262 0 0.9914449 0.1305262 0 0.9914449 0.1305262 0 0.9914449 0.1305262 0 0.9914449 0.1305262 0 -0.1305262 -0.9914449 0 -0.1305262 -0.9914449 0 -0.1305262 -0.9914449 0 -0.1305262 -0.9914449 0 0 0 1 0 0 1 0 0 1 0 0 1 -1 -0 -0 -1 -0 -0 -1 -0 -0 -1 -0 -0 -1 -0 -0 -0.9914449 -0.1305262 3.163138e-19 -0.9914449 -0.1305262 3.163138e-19 -0.9914449 -0.1305262 3.163138e-19 -0.9914449 -0.1305262 3.163138e-19 -0.9914449 -0.1305262 3.163138e-19 0 0 1 0 0 1 0 0 1 0 0 1 0.9914449 0.1305262 -2.315473e-18 0.9914449 0.1305262 -2.315473e-18 0.9914449 0.1305262 -2.315473e-18 0.9914449 0.1305262 -2.315473e-18 0.9914449 0.1305262 -2.315473e-18 0 0 1 0 0 1 0 0 1 0 0 1 0.9659258 0.258819 1.868827e-18 0.9659258 0.258819 1.868827e-18 0.9659258 0.258819 1.868827e-18 0.9659258 0.258819 1.868827e-18 0.9659258 0.258819 1.868827e-18 -0.3826834 0.9238795 0 -0.3826834 0.9238795 0 -0.3826834 0.9238795 0 -0.3826834 0.9238795 0 -0.9914449 0.1305262 3.569872e-18 -0.9914449 0.1305262 3.569872e-18 -0.9914449 0.1305262 3.569872e-18 -0.9914449 0.1305262 3.569872e-18 -0.9914449 0.1305262 3.569872e-18 0 0 1 0 0 1 0 0 1 0 0 1 -0.9914449 0.1305262 -1.871689e-18 -0.9914449 0.1305262 -1.871689e-18 -0.9914449 0.1305262 -1.871689e-18 -0.9914449 0.1305262 -1.871689e-18 -0.9914449 0.1305262 -1.871689e-18 -0.9914449 0.1305262 -1.871689e-18 -0.9914449 0.1305262 -1.871689e-18 0.9914449 0.1305262 5.07192e-18 0.9914449 0.1305262 5.07192e-18 0.9914449 0.1305262 5.07192e-18 0.9914449 0.1305262 5.07192e-18 0.9914449 0.1305262 5.07192e-18 0.9914449 0.1305262 5.07192e-18 0.9914449 0.1305262 5.07192e-18 0.9914449 0.1305262 5.07192e-18 0 0 1 0 0 1 0 0 1 0 0 1 -0.9914449 -0.1305262 0 -0.9914449 -0.1305262 0 -0.9914449 -0.1305262 0 -0.9914449 -0.1305262 0 -0.9914449 -0.1305262 0 -0.9914449 -0.1305262 0 0.1305262 -0.9914449 0 0.1305262 -0.9914449 0 0.1305262 -0.9914449 0 0.1305262 -0.9914449 0 0 0 1 0 0 1 0 0 1 0 0 1 -0.258819 0.9659258 0 -0.258819 0.9659258 0 -0.258819 0.9659258 0 -0.258819 0.9659258 0 0.9914449 0.1305262 0 0.9914449 0.1305262 0 0.9914449 0.1305262 0 0.9914449 0.1305262 0 0.1305262 -0.9914449 0 0.1305262 -0.9914449 0 0.1305262 -0.9914449 0 0.1305262 -0.9914449 0 0.1305262 -0.9914449 0 -1 -0 -0 -1 -0 -0 -1 -0 -0 0.1305262 -0.9914449 0 0.1305262 -0.9914449 0 0.1305262 -0.9914449 0 0.1305262 -0.9914449 0 -0.1305262 0.9914449 0 -0.1305262 0.9914449 0 -0.1305262 0.9914449 0 -0.1305262 0.9914449 0 0 0 1 0 0 1 0 0 1 0 0 1 -0.1305262 0.9914449 -2.154852e-18 -0.1305262 0.9914449 -2.154852e-18 -0.1305262 0.9914449 -2.154852e-18 -0.1305262 0.9914449 -2.154852e-18 -0.1305262 0.9914449 -2.154852e-18 -0.1305262 0.9914449 -2.154852e-18 -0.1305262 0.9914449 -2.154852e-18 -0.1305262 0.9914449 -2.154852e-18 0 0 1 0 0 1 0 0 1 0 0 1 -0.3826834 0.9238795 0 -0.3826834 0.9238795 0 -0.3826834 0.9238795 0 -0.3826834 0.9238795 0 -0.3826834 0.9238795 0 -0.3826834 0.9238795 0 -0.3826834 0.9238795 0 -0.3826834 0.9238795 0 -0.3826834 0.9238795 0 -0.3826834 0.9238795 0 -0.3826834 0.9238795 0 -0.3826834 0.9238795 0 -0.3826834 0.9238795 0 -0.9238795 0.3826834 0 -0.9238795 0.3826834 0 -0.9238795 0.3826834 0 -0.9238795 0.3826834 0 -0.9238795 0.3826834 0 -0.9238795 0.3826834 0 0 0 1 0 0 1 0 0 1 0 0 1 0.1305262 0.9914449 0 0.1305262 0.9914449 0 0.1305262 0.9914449 0 0.1305262 0.9914449 0 -0.1305262 -0.9914449 1.960835e-18 -0.1305262 -0.9914449 1.960835e-18 -0.1305262 -0.9914449 1.960835e-18 -0.1305262 -0.9914449 1.960835e-18 -0.1305262 -0.9914449 1.960835e-18 -0.1305262 -0.9914449 1.960835e-18 -0.1305262 -0.9914449 1.960835e-18 0 0 1 0 0 1 0 0 1 0 0 1 -1.83697e-16 1 2.516608e-33 -1.83697e-16 1 2.516608e-33 -1.83697e-16 1 2.516608e-33 -1.83697e-16 1 2.516608e-33 -1.83697e-16 1 2.516608e-33 0 0 1 0 0 1 0 0 1 0 0 1 0.1305262 -0.9914449 9.354523e-18 0.1305262 -0.9914449 9.354523e-18 0.1305262 -0.9914449 9.354523e-18 0.1305262 -0.9914449 9.354523e-18 -0.9914449 0.1305262 5.988398e-18 -0.9914449 0.1305262 5.988398e-18 -0.9914449 0.1305262 5.988398e-18 -0.9914449 0.1305262 5.988398e-18 -0.9914449 0.1305262 5.988398e-18 0 0 1 0 0 1 0 0 1 0 0 1 0.9914449 -0.1305262 0 0.9914449 -0.1305262 0 0.9914449 -0.1305262 0 0.9914449 -0.1305262 0 0.9914449 -0.1305262 0 0.9914449 -0.1305262 0 0.1305262 -0.9914449 0 0.1305262 -0.9914449 0 0.1305262 -0.9914449 0 0.1305262 -0.9914449 0 0.1305262 -0.9914449 0 0.1305262 -0.9914449 0 0 0 1 0 0 1 0 0 1 0 0 1 -0.9659258 -0.258819 1.555369e-17 -0.9659258 -0.258819 1.555369e-17 -0.9659258 -0.258819 1.555369e-17 -0.9659258 -0.258819 1.555369e-17 -0.9659258 -0.258819 1.555369e-17 -0.9914449 -0.1305262 -0 -0.9914449 -0.1305262 -0 -0.9914449 -0.1305262 -0 -0.9914449 -0.1305262 -0 0 0 1 0 0 1 0 0 1 0 0 1 0.9659258 0.258819 0 0.9659258 0.258819 0 0.9659258 0.258819 0 0.9659258 0.258819 0 -0.3826834 0.9238795 1.153867e-17 -0.3826834 0.9238795 1.153867e-17 -0.3826834 0.9238795 1.153867e-17 -0.3826834 0.9238795 1.153867e-17 -0.3826834 0.9238795 1.153867e-17 -0.9238795 -0.3826834 -0 -0.9238795 -0.3826834 -0 -0.9238795 -0.3826834 -0 -0.9238795 -0.3826834 -0 0 0 1 0 0 1 0 0 1 0 0 1 0.9238795 0.3826834 0 0.9238795 0.3826834 0 0.9238795 0.3826834 0 0.9238795 0.3826834 0 -0.3826834 0.9238795 -6.625788e-18 -0.3826834 0.9238795 -6.625788e-18 -0.3826834 0.9238795 -6.625788e-18 -0.3826834 0.9238795 -6.625788e-18 -0.3826834 0.9238795 -6.625788e-18 0 0 1 0 0 1 0 0 1 0 0 1 -0.6087614 0.7933533 0 -0.6087614 0.7933533 0 -0.6087614 0.7933533 0 -0.6087614 0.7933533 0 -0.6087614 0.7933533 0 -0.6087614 0.7933533 0 -0.9238795 0.3826834 0 -0.9238795 0.3826834 0 -0.9238795 0.3826834 0 -0.9238795 0.3826834 0 -0.3826834 -0.9238795 0 -0.3826834 -0.9238795 0 -0.3826834 -0.9238795 0 -0.3826834 -0.9238795 0 -0.3826834 -0.9238795 0 -0.3826834 -0.9238795 0 0 0 1 0 0 1 0 0 1 0 0 1 0.258819 0.9659258 0 0.258819 0.9659258 0 0.258819 0.9659258 0 0.258819 0.9659258 0 0.9914449 -0.1305262 1.46067e-17 0.9914449 -0.1305262 1.46067e-17 0.9914449 -0.1305262 1.46067e-17 0.9914449 -0.1305262 1.46067e-17 0.9914449 -0.1305262 1.46067e-17 0.9914449 -0.1305262 1.46067e-17 0 0 1 0 0 1 0 0 1 0 0 1 -0.9914449 0.1305262 0 -0.9914449 0.1305262 0 -0.9914449 0.1305262 0 -0.9914449 0.1305262 0 -0.9914449 0.1305262 0 -0.1305262 -0.9914449 -0 -0.1305262 -0.9914449 -0 -0.1305262 -0.9914449 -0 -0.1305262 -0.9914449 -0 -0.1305262 -0.9914449 -0 0 0 1 0 0 1 0 0 1 0 0 1 -1.83697e-16 1 0 -1.83697e-16 1 0 -1.83697e-16 1 0 -1.83697e-16 1 0 0.9914449 -0.1305262 0 0.9914449 -0.1305262 0 0.9914449 -0.1305262 0 0.9914449 -0.1305262 0 0.3826834 -0.9238795 4.704958e-18 0.3826834 -0.9238795 4.704958e-18 0.3826834 -0.9238795 4.704958e-18 0.3826834 -0.9238795 4.704958e-18 0.3826834 -0.9238795 4.704958e-18 0 0 1 0 0 1 0 0 1 0 0 1 -0.3826834 0.9238795 -3.031628e-18 -0.3826834 0.9238795 -3.031628e-18 -0.3826834 0.9238795 -3.031628e-18 -0.3826834 0.9238795 -3.031628e-18 -0.3826834 0.9238795 -3.031628e-18 -0.3826834 0.9238795 -3.031628e-18 0.9238795 0.3826834 0 0.9238795 0.3826834 0 0.9238795 0.3826834 0 0.9238795 0.3826834 0 0 0 1 0 0 1 0 0 1 0 0 1 -0.8660254 -0.5 1.069375e-18 -0.8660254 -0.5 1.069375e-18 -0.8660254 -0.5 1.069375e-18 -0.8660254 -0.5 1.069375e-18 -0.6087614 0.7933533 0 -0.6087614 0.7933533 0 -0.6087614 0.7933533 0 -0.6087614 0.7933533 0 -0.6087614 0.7933533 0 0 0 1 0 0 1 0 0 1 0 0 1 0.7933533 0.6087614 0 0.7933533 0.6087614 0 0.7933533 0.6087614 0 0.7933533 0.6087614 0 0.7933533 0.6087614 0 -0.6087614 0.7933533 -5.704992e-18 -0.6087614 0.7933533 -5.704992e-18 -0.6087614 0.7933533 -5.704992e-18 -0.6087614 0.7933533 -5.704992e-18 -0.6087614 0.7933533 -5.704992e-18 -0.7933533 0.6087614 0 -0.7933533 0.6087614 0 -0.7933533 0.6087614 0 -0.7933533 0.6087614 0 -0.7933533 0.6087614 0 -0.7933533 0.6087614 0 0 0 1 0 0 1 0 0 1 0 0 1 -0.9238795 0.3826834 -6.251981e-18 -0.9238795 0.3826834 -6.251981e-18 -0.9238795 0.3826834 -6.251981e-18 -0.9238795 0.3826834 -6.251981e-18 -0.9238795 0.3826834 -6.251981e-18 0.9238795 -0.3826834 -6.880147e-17 0.9238795 -0.3826834 -6.880147e-17 0.9238795 -0.3826834 -6.880147e-17 0.9238795 -0.3826834 -6.880147e-17 0.9238795 -0.3826834 -6.880147e-17 0.9238795 -0.3826834 -6.880147e-17 0.258819 0.9659258 0 0.258819 0.9659258 0 0.258819 0.9659258 0 0.258819 0.9659258 0 -0.9238795 0.3826834 2.031047e-17 -0.9238795 0.3826834 2.031047e-17 -0.9238795 0.3826834 2.031047e-17 -0.9238795 0.3826834 2.031047e-17 -0.9238795 0.3826834 2.031047e-17 -0.9238795 0.3826834 2.031047e-17 -0.9238795 0.3826834 2.031047e-17 0 0 1 0 0 1 0 0 1 0 0 1 0.9238795 -0.3826834 0 0.9238795 -0.3826834 0 0.9238795 -0.3826834 0 0.9238795 -0.3826834 0 0.9238795 -0.3826834 0 0.9238795 -0.3826834 0 0.3826834 -0.9238795 0 0.3826834 -0.9238795 0 0.3826834 -0.9238795 0 0.3826834 -0.9238795 0 -0.8660254 -0.5 1.467795e-18 -0.8660254 -0.5 1.467795e-18 -0.8660254 -0.5 1.467795e-18 -0.8660254 -0.5 1.467795e-18 0 0 1 0 0 1 0 0 1 0 0 1 -0.6087614 0.7933533 2.228739e-18 -0.6087614 0.7933533 2.228739e-18 -0.6087614 0.7933533 2.228739e-18 -0.6087614 0.7933533 2.228739e-18 -0.6087614 0.7933533 2.228739e-18 0.7933533 0.6087614 0 0.7933533 0.6087614 0 0.7933533 0.6087614 0 0.7933533 0.6087614 0 0.7933533 0.6087614 0 0 0 1 0 0 1 0 0 1 0 0 1 0 0 1 0 0 1 0 0 1 0 0 1 -0.6087614 0.7933533 0 -0.6087614 0.7933533 0 -0.6087614 0.7933533 0 -0.6087614 0.7933533 0 0.7071068 0.7071068 0 0.7071068 0.7071068 0 0.7071068 0.7071068 0 0.7071068 0.7071068 0 0.7071068 0.7071068 0 -0.7933533 0.6087614 0 -0.7933533 0.6087614 0 -0.7933533 0.6087614 0 -0.7933533 0.6087614 0 -0.6087614 -0.7933533 -0 -0.6087614 -0.7933533 -0 -0.6087614 -0.7933533 -0 -0.6087614 -0.7933533 -0 0 0 1 0 0 1 0 0 1 0 0 1 0.5 0.8660254 0 0.5 0.8660254 0 0.5 0.8660254 0 0.5 0.8660254 0 0.5 0.8660254 0 0 0 1 0 0 1 0 0 1 0 0 1 0.3826834 0.9238795 0 0.3826834 0.9238795 0 0.3826834 0.9238795 0 0.3826834 0.9238795 0 0 0 1 0 0 1 0 0 1 0 0 1 -0.9238795 0.3826834 0 -0.9238795 0.3826834 0 -0.9238795 0.3826834 0 -0.9238795 0.3826834 0 -0.9238795 0.3826834 0 -0.3826834 -0.9238795 -0 -0.3826834 -0.9238795 -0 -0.3826834 -0.9238795 -0 -0.3826834 -0.9238795 -0 0 0 1 0 0 1 0 0 1 0 0 1 0.258819 0.9659258 0 0.258819 0.9659258 0 0.258819 0.9659258 0 0.258819 0.9659258 0 0.9238795 -0.3826834 0 0.9238795 -0.3826834 0 0.9238795 -0.3826834 0 0.9238795 -0.3826834 0 0.6087614 -0.7933533 0 0.6087614 -0.7933533 0 0.6087614 -0.7933533 0 0.6087614 -0.7933533 0 0.6087614 -0.7933533 0 -0.8660254 -0.5 -0 -0.8660254 -0.5 -0 -0.8660254 -0.5 -0 -0.8660254 -0.5 -0 -0.6087614 0.7933533 -1.807767e-18 -0.6087614 0.7933533 -1.807767e-18 -0.6087614 0.7933533 -1.807767e-18 -0.6087614 0.7933533 -1.807767e-18 -0.6087614 0.7933533 -1.807767e-18 -0.6087614 0.7933533 -1.807767e-18 0 0 1 0 0 1 0 0 1 0 0 1 0 0 1 0 0 1 0 0 1 0 0 1 0.7071068 0.7071068 0 0.7071068 0.7071068 0 0.7071068 0.7071068 0 0 0 1 0 0 1 0 0 1 0 0 1 -0.7933533 0.6087614 -2.033541e-17 -0.7933533 0.6087614 -2.033541e-17 -0.7933533 0.6087614 -2.033541e-17 -0.7933533 0.6087614 -2.033541e-17 -0.7933533 0.6087614 -2.033541e-17 -0.7933533 0.6087614 -2.076289e-17 -0.7933533 0.6087614 -2.076289e-17 -0.7933533 0.6087614 -2.076289e-17 -0.7933533 0.6087614 -2.076289e-17 -0.7933533 0.6087614 -2.076289e-17 0.5 0.8660254 0 0.5 0.8660254 0 0.5 0.8660254 0 0.5 0.8660254 0 0.5 0.8660254 0 -0.7933533 0.6087614 0 -0.7933533 0.6087614 0 -0.7933533 0.6087614 0 -0.7933533 0.6087614 0 -0.7933533 0.6087614 0 0 0 1 0 0 1 0 0 1 0 0 1 0.7933533 -0.6087614 0 0.7933533 -0.6087614 0 0.7933533 -0.6087614 0 0.7933533 -0.6087614 0 0.7933533 -0.6087614 0 0.7933533 -0.6087614 0 0.6087614 -0.7933533 0 0.6087614 -0.7933533 0 0.6087614 -0.7933533 0 0.6087614 -0.7933533 0 0.6087614 -0.7933533 0 0.6087614 -0.7933533 0 0.7071068 0.7071068 -1.5237e-18 0.7071068 0.7071068 -1.5237e-18 0.7071068 0.7071068 -1.5237e-18 0.7071068 0.7071068 -1.5237e-18 0.7071068 0.7071068 -1.5237e-18 0.7071068 0.7071068 -1.5237e-18 -0.7933533 -0.6087614 -0 -0.7933533 -0.6087614 -0 -0.7933533 -0.6087614 -0 -0.7933533 -0.6087614 -0 0 0 1 0 0 1 0 0 1 0 0 1 0 0 1 0 0 1 0 0 1 0 0 1 -0.6087614 -0.7933533 -0 -0.6087614 -0.7933533 -0 -0.6087614 -0.7933533 -0 -0.6087614 -0.7933533 -0 0 0 1 0 0 1 0 0 1 0 0 1 -0.6087614 -0.7933533 -0 -0.6087614 -0.7933533 -0 -0.6087614 -0.7933533 -0 -0.6087614 -0.7933533 -0 -0.6087614 -0.7933533 -0 -0.6087614 -0.7933533 -0 0 0 1 0 0 1 0 0 1 0 0 1 0.5 0.8660254 0 0.5 0.8660254 0 0.5 0.8660254 0 0.5 0.8660254 0 0.7933533 -0.6087614 0 0.7933533 -0.6087614 0 0 0 1 0 0 1 0 0 1 0 0 1 0.7933533 -0.6087614 0 0.7933533 -0.6087614 0 0.7933533 -0.6087614 0 0.7933533 -0.6087614 0</float_array>
                    <technique_common>
                        <accessor count="2254" source="#ID205" stride="3">
                            <param name="X" type="float" />
                            <param name="Y" type="float" />
                            <param name="Z" type="float" />
                        </accessor>
                    </technique_common>
                </source>
                <source id="ID203">
                    <float_array id="ID206" count="3468">-7.865661 6.035534 -7.954951 7.954951 -8.848869 6.789976 -7.071068 7.071068 11.25 4.966146 10 6.523438 10 4.966146 11.25 6.523438 1.46842 6.523438 7.105427e-15 9.505208 7.105427e-15 6.523438 7.105427e-15 10.70833 1.46842 10.70833 1.46842 7.893229 11.15375 9.505208 9.914449 6.523438 11.15375 6.523438 9.914449 9.505208 1.305262 0 3.552714e-15 6.523438 3.552714e-15 0 1.305262 6.523438 1.305262 4.966146 -6.789976 8.848869 -6.035534 7.865661 0 6.192708 -1.46842 4.966146 0 4.966146 -1.46842 6.523438 0 7.893229 -1.46842 7.893229 12.5 7.893229 11.25 10.70833 11.25 7.893229 12.5 10.70833 -8.838835 8.838835 -9.832076 7.544417 3.552714e-15 9.505208 -1.46842 12.27865 -1.46842 9.505208 3.552714e-15 12.27865 3.552714e-15 10.70833 0 0 -1.305262 7.820313 -1.305262 0 -1.305262 9.505208 0 9.505208 0 6.523438 -8.660254 5 -9.742786 5.625 -1.305262 0 -1.305262 4.966146 -11.15375 6.192708 -9.914449 4.966146 -9.914449 6.192708 -11.15375 4.966146 1.46842 7.479167 3.552714e-15 6.192708 1.46842 6.192708 3.552714e-15 7.893229 1.46842 9.039063 3.552714e-15 9.039063 -7.544417 9.832076 0 9.039063 -1.631577 7.893229 -1.631577 10.70833 0 10.04948 0 11.75781 -1.631577 11.75781 12.39306 12.27865 11.15375 10.70833 12.39306 10.70833 11.15375 12.27865 1.631577 10.70833 7.105427e-15 12.27865 7.105427e-15 13.6224 1.631577 13.6224 1.631577 11.75781 -11.25 7.820313 -12.5 4.835938 -11.25 4.835938 -12.5 10.55208 -11.25 9.505208 -11.25 12.27865 -12.5 12.27865 -10.82532 6.25 -10 9.505208 -10 7.820313 1.305262 2.174757e-17 -3.552714e-15 5.791667 -3.552714e-15 2.174757e-17 -3.552714e-15 7.820313 1.305262 7.820313 1.305262 3.007813 1.305262 0 3.552714e-15 4.966146 1.305262 6.192708 -5.625 9.742786 -5 8.660254 0 5.669271 -1.46842 3.007813 0 3.007813 -1.46842 6.192708 0 7.479167 -1.46842 7.479167 12.5 7.479167 11.25 9.039063 11.25 7.479167 12.5 9.039063 -6.25 10.82532 -12.39306 9.039063 -11.15375 7.893229 -11.15375 9.039063 -12.39306 7.893229 1.631577 10.04948 7.105427e-15 9.039063 1.631577 9.039063 7.105427e-15 10.04948 13.63237 10.04948 12.39306 11.75781 12.39306 10.04948 13.63237 11.75781 -8.298859 10.81528 -9.722718 9.722718 0 12.27865 1.631577 10.55208 1.631577 12.27865 0 10.55208 0 10.70833 -12.39306 10.70833 -13.63237 10.55208 -12.39306 10.55208 -13.63237 13.6224 -12.39306 12.27865 -12.39306 13.6224 13.75 11.75781 12.5 13.6224 12.5 11.75781 13.75 13.6224 -10.81528 8.298859 1.631577 4.835938 0 8.976563 0 4.835938 0 12.35417 0 14.3724 1.631577 14.3724 -10.30473 4.268357 -11.4497 4.742619 -1.46842 7.820313 3.552714e-15 5.791667 3.552714e-15 7.820313 3.552714e-15 4.835938 -1.46842 4.835938 -9.159756 3.794095 -9.914449 7.820313 -11.15375 5.791667 -9.914449 5.791667 -11.15375 7.820313 -7.105427e-15 0 -1.305262 5.791667 -1.305262 0 -7.105427e-15 5.791667 -1.305262 0 -1.305262 3.007813 11.25 3.007813 10 6.192708 10 3.007813 11.25 6.192708 -4.268357 10.30473 -3.794095 9.159756 -11.15375 5.669271 -9.914449 3.007813 -9.914449 5.669271 -11.15375 3.007813 1.46842 8.111979 1.065814e-14 5.669271 1.46842 5.669271 1.065814e-14 7.479167 1.065814e-14 9.177083 1.46842 9.177083 -4.742619 11.4497 -1.065814e-14 9.177083 -1.631577 7.479167 -1.065814e-14 7.479167 -1.631577 9.039063 -1.631577 10.04948 -1.065814e-14 12.09635 -1.631577 13.71615 -1.065814e-14 13.71615 -6.875 11.90785 1.794735 11.75781 1.794735 0 -7.105427e-15 10.04948 -7.105427e-15 11.75781 -11.90785 6.875 13.75 14.3724 12.5 10.55208 13.75 10.55208 12.5 12.27865 12.5 14.3724 -1.794735 13.6224 -1.065814e-14 10.55208 -1.065814e-14 13.6224 -1.065814e-14 0 -1.794735 0 -1.794735 11.75781 12.39306 8.976563 11.15375 4.835938 12.39306 4.835938 11.15375 5.791667 11.15375 7.820313 11.15375 8.976563 -12.59466 5.216881 -12.39306 14.3724 -13.63237 12.35417 -12.39306 12.35417 -13.63237 14.3724 -1.631577 10.08594 -1.631577 8.976563 -1.631577 11.64063 -1.631577 12.35417 -1.46842 8.148438 -1.46842 5.791667 -1.46842 8.976563 -7.105427e-15 8.976563 -7.105427e-15 7.820313 -9.659258 2.58819 -10.86667 2.911714 1.305262 0 0 5.611979 0 8.148438 1.305262 8.148438 1.305262 5.791667 1.305262 5.669271 3.552714e-15 1.789647e-17 1.305262 1.789647e-17 3.552714e-15 3.007813 3.552714e-15 5.669271 -2.911714 10.86667 -2.58819 9.659258 -11.25 8.111979 -10 5.669271 -10 8.111979 -11.25 5.669271 12.5 4.447917 11.25 5.669271 11.25 4.447917 11.25 8.111979 11.25 9.177083 12.5 9.177083 -3.235238 12.07407 -12.39306 9.177083 -11.15375 7.479167 -11.15375 9.177083 -12.39306 7.479167 1.631577 10.58594 7.105427e-15 9.177083 1.631577 9.177083 7.105427e-15 12.09635 1.631577 12.09635 13.63237 12.09635 12.39306 13.71615 12.39306 12.09635 13.63237 13.71615 -5.216881 12.59466 -13.75 13.71615 -12.5 10.04948 -12.5 13.71615 -13.75 10.04948 -1.794735 0 -1.794735 10.04948 1.794735 0 1.794735 10.55208 -1.794735 14.3724 1.421085e-14 12.35417 1.421085e-14 14.3724 1.421085e-14 0 -1.794735 0 -1.794735 10.55208 -12.07407 3.235238 -13.28148 3.558762 12.5 10.08594 11.25 8.976563 12.5 8.976563 11.25 10.08594 -12.5 12.35417 -13.75 11.64063 -12.5 11.64063 -13.75 12.35417 1.631577 10.08594 -5.329071e-15 11.3151 -5.329071e-15 10.08594 -5.329071e-15 11.64063 1.631577 11.64063 11.25 8.148438 10 5.791667 11.25 5.791667 10 8.148438 1.46842 8.148438 0 10.08594 1.46842 10.08594 1.46842 8.976563 -9.829629 1.294095 -11.05833 1.455857 -9.914449 8.148438 -11.15375 5.611979 -9.914449 5.611979 -11.15375 8.148438 -1.305262 5.611979 1.776357e-15 6.658854 1.776357e-15 0 -1.305262 5.669271 -1.305262 8.111979 1.776357e-15 8.111979 -1.455857 11.05833 -1.294095 9.829629 1.46842 5.669271 0 4.447917 1.46842 4.447917 0 6.658854 1.46842 8.111979 0 8.111979 -1.617619 12.28704 0 8.744792 -1.631577 4.447917 -1.631577 9.177083 0 10.58594 -1.631577 10.58594 13.75 10.58594 12.5 12.09635 12.5 10.58594 13.75 12.09635 -3.558762 13.28148 1.794735 10.04948 1.065814e-14 0 1.794735 0 1.065814e-14 12.09635 1.794735 13.71615 1.065814e-14 13.71615 1.794735 11.64063 1.794735 12.35417 1.794735 6.2112e-17 0 6.2112e-17 -12.28704 1.617619 -13.51574 1.779381 12.39306 11.3151 11.15375 10.08594 12.39306 10.08594 11.15375 11.3151 -12.39306 10.08594 -13.63237 10.05208 -12.39306 10.05208 -13.63237 11.64063 -12.39306 11.3151 -12.39306 11.64063 -1.776357e-15 5.611979 -1.46842 6.773438 -1.46842 5.611979 -1.46842 8.203125 -1.46842 11.3151 -1.776357e-15 11.3151 -1.776357e-15 8.148438 -1.776357e-15 10.08594 -10 0 -11.25 0 1.305262 0 -7.105427e-15 2.794271 -7.105427e-15 6.773438 1.305262 6.773438 1.305262 5.611979 1.305262 5.268229 1.305262 0 -7.105427e-15 6.658854 1.305262 6.658854 11.15375 6.658854 9.914449 8.111979 9.914449 6.658854 11.15375 8.111979 -12.39306 10.9974 -11.15375 8.111979 -11.15375 10.9974 -11.15375 6.658854 -11.15375 4.447917 -12.39306 4.447917 -12.39306 10.58594 -12.39306 8.744792 13.63237 8.744792 12.39306 10.58594 12.39306 8.744792 13.63237 10.58594 -1.779381 13.51574 -7.105427e-15 12.09635 -1.794735 0 -1.794735 10.58594 -1.794735 12.09635 -1.794735 11.64063 -1.065814e-14 10.05208 -1.065814e-14 11.64063 -1.065814e-14 2.116423e-17 -1.794735 2.116423e-17 1.776357e-15 11.3151 1.631577 10.05208 1.631577 11.3151 1.776357e-15 10.05208 1.776357e-15 10.08594 -12.5 0 -13.75 0 11.25 6.773438 10 5.611979 11.25 5.611979 10 6.773438 -11.25 11.3151 -12.5 8.203125 -11.25 8.203125 -12.5 10.05208 -12.5 11.3151 1.46842 6.773438 -5.329071e-15 8.203125 -5.329071e-15 6.773438 1.46842 8.203125 -11.05833 -1.455857 -9.829629 -1.294095 -9.914449 6.773438 -11.15375 2.794271 -9.914449 2.794271 -11.15375 6.773438 -1.305262 2.794271 -1.305262 0 0 2.794271 0 5.268229 -1.305262 5.268229 11.25 5.268229 10 6.658854 10 5.268229 11.25 6.658854 -3.552714e-15 11.25 -3.552714e-15 10 1.46842 8.580729 -1.776357e-15 6.658854 1.46842 6.658854 -1.776357e-15 8.111979 -1.776357e-15 10.9974 1.46842 10.9974 -3.552714e-15 12.5 -1.631577 8.744792 -1.631577 10.61719 0 10.9974 -1.631577 10.9974 -3.552714e-15 13.75 1.794735 10.58594 1.794735 0 1.776357e-15 8.744792 1.776357e-15 10.58594 7.105427e-15 10.05208 1.794735 10.05208 7.105427e-15 0 13.75 12.84375 12.5 10.05208 13.75 10.05208 12.5 11.3151 12.5 12.84375 -12.28704 -1.617619 1.631577 8.203125 0 10.76042 0 8.203125 0 12.84375 1.631577 12.84375 1.631577 10.05208 1.631577 11.3151 -5.329071e-15 2.794271 -1.46842 4.916667 -1.46842 2.794271 -1.46842 6.6875 -1.46842 10.76042 -5.329071e-15 10.76042 -10.86667 -2.911714 -9.659258 -2.58819 1.305262 0 0 4.916667 1.305262 4.916667 1.305262 2.794271 1.305262 7.114583 8.881784e-15 0 1.305262 0 8.881784e-15 5.268229 8.881784e-15 8.03125 1.305262 8.03125 1.294095 9.829629 1.455857 11.05833 -3.552714e-15 6.966146 -1.46842 5.268229 -3.552714e-15 5.268229 -1.46842 6.658854 -1.46842 8.580729 -3.552714e-15 8.03125 -3.552714e-15 8.580729 12.5 8.580729 11.25 10.9974 11.25 8.580729 12.5 10.9974 12.5 8.744792 12.5 10.61719 -13.75 10.61719 -12.5 8.744792 -12.5 10.61719 -13.75 8.744792 -1.794735 0 -1.794735 8.744792 -1.794735 12.84375 3.552714e-15 12.84375 -1.794735 0 -1.794735 10.05208 -13.51574 -1.779381 12.39306 10.76042 11.15375 8.203125 12.39306 8.203125 11.15375 10.76042 -1.631577 11.20052 -1.631577 10.76042 -1.631577 14.11458 0 14.11458 11.25 4.916667 10 2.794271 11.25 2.794271 10 4.916667 -12.07407 -3.235238 -11.25 10.76042 -12.5 6.6875 -11.25 6.6875 -12.5 10.76042 1.46842 4.916667 8.881784e-16 6.6875 8.881784e-16 4.916667 1.46842 6.6875 -10.30473 -4.268357 -9.159756 -3.794095 2.664535e-15 0 -1.305262 7.481771 2.664535e-15 7.481771 2.664535e-15 4.916667 -2.664535e-15 5.567708 -1.305262 0 -2.664535e-15 0 -1.305262 7.114583 -2.664535e-15 7.114583 11.25 7.114583 10 8.03125 10 7.114583 11.25 8.03125 2.58819 9.659258 2.911714 10.86667 -11.15375 8.03125 -9.914449 5.268229 -9.914449 8.03125 -11.15375 5.268229 -11.15375 6.966146 12.39306 6.966146 11.15375 8.03125 11.15375 6.966146 11.15375 8.580729 12.39306 8.580729 1.617619 12.28704 1.24345e-14 10.61719 -1.631577 8.580729 1.24345e-14 8.580729 -1.631577 8.744792 -1.631577 10.61719 1.779381 13.51574 1.794735 8.744792 1.794735 0 1.065814e-14 10.61719 1.794735 10.61719 3.552714e-15 14.11458 1.794735 11.20052 1.794735 14.11458 13.63237 14.11458 12.39306 12.84375 13.63237 12.84375 12.39306 14.11458 1.631577 6.6875 -3.552714e-15 10.03125 -3.552714e-15 6.6875 -3.552714e-15 11.20052 1.631577 11.20052 1.631577 10.76042 -13.28148 -3.558762 -12.5 14.11458 -13.75 11.20052 -12.5 11.20052 -13.75 14.11458 -11.4497 -4.742619 11.15375 6.6875 9.914449 4.916667 11.15375 4.916667 9.914449 7.481771 11.15375 7.481771 -9.742786 -5.625 -8.660254 -5 1.305262 0 -3.996803e-15 6.838542 -3.996803e-15 0 -3.996803e-15 9.010417 1.305262 9.010417 1.305262 7.481771 1.305262 3.653646 -5.329071e-15 0 1.305262 0 -5.329071e-15 5.567708 1.305262 5.567708 11.15375 5.567708 9.914449 7.114583 9.914449 5.567708 11.15375 7.114583 3.794095 9.159756 4.268357 10.30473 -1.421085e-14 8.03125 -1.46842 6.966146 -1.421085e-14 6.966146 -1.46842 7.114583 -1.46842 8.03125 -7.105427e-15 9.658854 -1.46842 7.114583 -7.105427e-15 7.114583 -1.46842 8.03125 -1.46842 9.658854 3.235238 12.07407 1.631577 9.658854 -5.329071e-15 6.966146 1.631577 6.966146 -5.329071e-15 8.580729 -5.329071e-15 10.61719 1.631577 10.70313 -5.329071e-15 11.82031 1.631577 11.82031 -13.63237 11.82031 -12.39306 10.61719 -12.39306 11.82031 -13.63237 10.61719 -1.794735 8.079491e-18 -5.329071e-15 8.079491e-18 -1.794735 10.70313 -1.794735 11.82031 -1.794735 11.20052 3.552714e-15 11.20052 12.39306 10.03125 12.39306 6.6875 11.15375 10.03125 -12.59466 -5.216881 -2.664535e-15 10.03125 -1.631577 12.14063 -1.631577 10.03125 -1.631577 12.91927 -2.664535e-15 12.91927 -2.664535e-15 11.20052 7.993606e-15 7.481771 -1.46842 9.010417 -1.46842 7.481771 -1.46842 10.03125 7.993606e-15 10.03125 11.25 9.010417 10 7.481771 11.25 7.481771 10 9.010417 -8.848869 -6.789976 -7.865661 -6.035534 -9.914449 9.010417 -11.15375 6.838542 -9.914449 6.838542 -11.15375 7.635417 -11.15375 9.010417 -1.305262 6.838542 -1.305262 0 0 6.838542 3.552714e-15 3.653646 -1.305262 3.653646 11.25 3.653646 10 5.567708 10 3.653646 11.25 5.567708 5 8.660254 5.625 9.742786 1.46842 8.927083 -4.440892e-15 5.567708 1.46842 5.567708 -4.440892e-15 7.114583 -4.440892e-15 9.658854 1.46842 11.45313 -4.440892e-15 11.45313 -12.5 9.658854 -11.25 8.03125 -11.25 9.658854 -11.25 7.114583 -11.25 6.966146 -12.5 6.966146 4.742619 11.4497 -3.552714e-15 10.70313 -1.631577 9.658854 -3.552714e-15 9.658854 -1.631577 10.70313 13.75 10.70313 12.5 11.82031 12.5 10.70313 13.75 11.82031 3.558762 13.28148 1.794735 10.70313 -4.440892e-15 0 1.794735 0 -4.440892e-15 10.70313 4.440892e-15 12.91927 1.794735 0 1.794735 12.91927 4.440892e-15 0 4.440892e-15 11.20052 -10.82532 -6.25 13.63237 12.91927 12.39306 11.20052 13.63237 11.20052 12.39306 12.91927 12.5 12.14063 11.25 10.03125 12.5 10.03125 11.25 12.14063 -11.90785 -6.875 1.631577 12.14063 7.105427e-15 13.63542 7.105427e-15 12.14063 1.631577 13.63542 1.631577 12.91927 1.46842 9.010417 -3.108624e-15 12.14063 -3.108624e-15 9.010417 1.46842 12.14063 1.46842 10.03125 -7.954951 -7.954951 -7.071068 -7.071068 -12.39306 7.635417 -12.39306 9.460938 -11.15375 12.14063 -12.39306 12.14063 -4.440892e-16 6.838542 -1.46842 7.635417 -1.46842 6.838542 -4.440892e-16 7.635417 1.305262 6.838542 8.881784e-16 0 1.305262 0 8.881784e-16 6.200521 8.881784e-16 8.244792 1.305262 8.244792 1.305262 1.716146 -1.332268e-15 0 -1.332268e-15 3.653646 1.305262 5.716146 -1.332268e-15 5.716146 6.035534 7.865661 6.789976 8.848869 -3.552714e-15 5.716146 -1.46842 3.653646 -3.552714e-15 3.653646 -1.46842 5.567708 -1.46842 8.927083 -3.552714e-15 7.005208 -3.552714e-15 8.927083 12.5 8.927083 11.25 11.45313 11.25 8.927083 12.5 11.45313 12.5 9.820313 6.25 10.82532 -12.39306 11.45313 -11.15375 9.658854 -11.15375 11.45313 -12.39306 9.658854 -12.39306 10.70313 5.216881 12.59466 8.881784e-16 10.70313 -1.794735 0 -1.794735 9.820313 -1.794735 13.27344 8.881784e-16 13.27344 -1.794735 13.63542 -4.440892e-15 9.460938 -4.440892e-15 13.63542 -1.794735 0 -1.794735 12.91927 -9.832076 -7.544417 13.75 13.63542 12.5 12.91927 13.75 12.91927 12.5 13.63542 -12.39306 12.14063 -13.63237 9.460938 -12.39306 9.460938 -13.63237 13.63542 -12.39306 13.63542 -10.81528 -8.298859 10 8.244792 11.25 7.635417 11.25 8.244792 11.25 6.838542 10 6.838542 -8.838835 -8.838835 -2.220446e-15 7.635417 -1.631577 9.460938 -1.631577 7.635417 -2.220446e-15 9.460938 -11.25 5.752604 -12.5 7.635417 -12.5 5.752604 -11.25 7.635417 -11.25 6.838542 -6.789976 -8.848869 -6.035534 -7.865661 -9.914449 6.200521 -11.15375 8.244792 -11.15375 6.200521 -9.914449 8.244792 2.220446e-15 6.200521 -1.305262 0 2.220446e-15 0 -1.305262 6.200521 -1.305262 1.716146 3.996803e-15 0 3.996803e-15 1.716146 -1.305262 0 11.25 1.716146 10 5.716146 10 1.716146 11.25 5.716146 7.071068 7.071068 7.954951 7.954951 -11.15375 5.716146 -9.914449 3.653646 -9.914449 5.716146 -11.15375 3.653646 1.46842 7.005208 5.329071e-15 5.716146 1.46842 5.716146 5.329071e-15 7.005208 12.39306 7.005208 11.15375 8.927083 11.15375 7.005208 12.39306 8.927083 7.544417 9.832076 -2.220446e-15 9.820313 -1.631577 8.927083 -2.220446e-15 8.927083 -1.631577 9.820313 13.75 9.820313 12.5 13.27344 13.75 13.27344 1.631577 13.27344 -3.552714e-15 11.45313 1.631577 11.45313 -3.552714e-15 13.27344 -13.63237 13.27344 -12.39306 11.45313 -12.39306 13.27344 -12.39306 10.70313 -13.63237 10.70313 6.875 11.90785 1.794735 9.820313 -2.220446e-15 0 6.661338e-15 9.460938 1.794735 9.460938 6.661338e-15 0 -9.722718 -9.722718 -4.440892e-16 6.200521 -1.46842 5.752604 -4.440892e-16 5.752604 -1.46842 6.838542 -4.440892e-16 8.244792 -1.46842 7.635417 -1.46842 8.244792 1.631577 7.635417 2.664535e-15 5.752604 1.631577 5.752604 2.664535e-15 8.622396 1.631577 9.460938 2.664535e-15 9.651042 1.631577 11.48958 2.664535e-15 11.48958 -7.544417 -9.832076 -5.625 -9.742786 -5 -8.660254 6.217249e-15 8.244792 -1.46842 6.200521 6.217249e-15 6.200521 -1.46842 8.15625 -1.46842 9.651042 6.217249e-15 9.651042 1.305262 6.200521 -3.552714e-15 0 1.305262 0 -3.552714e-15 8.15625 1.305262 8.15625 0 2.653646 1.305262 1.427083 1.305262 2.653646 1.305262 0 0 1.716146 7.865661 6.035534 8.848869 6.789976 12.5 1.359375 11.25 1.716146 11.25 1.359375 11.25 5.716146 11.25 7.005208 12.5 7.005208 12.5 2.424479 8.838835 8.838835 1.631577 11.64583 4.440892e-16 7.005208 1.631577 7.005208 4.440892e-16 8.927083 4.440892e-16 9.820313 4.440892e-16 11.64583 8.298859 10.81528 0 9.820313 -1.794735 1.551218e-17 0 1.551218e-17 -1.794735 2.424479 -1.794735 11.64583 0 11.64583 -1.421085e-14 8.622396 -1.794735 0 -1.421085e-14 0 -1.794735 9.460938 -1.421085e-14 11.48958 -1.794735 11.48958 12.5 11.48958 13.75 9.460938 13.75 11.48958 12.5 9.460938 11.15375 9.651042 12.39306 8.622396 12.39306 9.651042 12.39306 5.752604 11.15375 5.752604 11.15375 8.244792 11.15375 6.200521 -8.298859 -10.81528 -12.39306 8.622396 -13.63237 11.48958 -13.63237 8.622396 -12.39306 11.48958 -12.39306 9.651042 10 8.15625 11.25 6.200521 11.25 8.15625 10 6.200521 -6.25 -10.82532 -6.789976 -8.848869 -7.544417 -9.832076 -5.625 -9.742786 1.46842 9.651042 1.46842 8.15625 -3.552714e-15 10.02865 1.46842 11.61719 -3.552714e-15 10.08854 -3.552714e-15 11.61719 -4.268357 -10.30473 -3.794095 -9.159756 -2.664535e-15 8.15625 -1.305262 9.1875 -2.664535e-15 10.08854 -1.305262 10.08854 -1.305262 1.427083 8.881784e-16 1.427083 -1.305262 0 11.25 2.205729 10 1.427083 11.25 1.427083 10 2.653646 11.25 2.411458 11.25 2.653646 8.660254 5 9.742786 5.625 -9.914449 2.653646 -11.15375 1.716146 -9.914449 1.716146 -11.15375 2.205729 -11.15375 2.653646 1.46842 1.359375 -2.664535e-15 1.716146 -2.664535e-15 1.359375 1.46842 1.716146 9.832076 7.544417 -1.631577 2.424479 -4.884981e-15 2.205729 -4.884981e-15 2.424479 -4.884981e-15 1.359375 -1.631577 1.359375 13.75 2.424479 12.5 7.005208 12.5 2.424479 12.5 11.64583 13.75 11.64583 9.722718 9.722718 -13.63237 11.64583 -12.39306 9.820313 -12.39306 11.64583 -13.63237 9.820313 1.794735 0 -1.509903e-14 2.424479 -1.509903e-14 0 1.794735 2.424479 1.794735 8.622396 7.549517e-15 0 1.794735 0 7.549517e-15 8.622396 1.631577 9.651042 -7.105427e-15 8.622396 1.631577 8.622396 -7.105427e-15 9.651042 -6.875 -11.90785 -6.25 -10.82532 11.25 11.61719 12.5 10.02865 12.5 11.61719 12.5 9.651042 11.25 9.651042 9.914449 10.08854 11.15375 10.02865 11.15375 10.08854 11.15375 8.15625 9.914449 8.15625 -11.15375 8.005208 -12.39306 10.02865 -12.39306 8.005208 -12.39306 11.61719 -11.15375 11.61719 -11.15375 8.15625 -11.15375 10.02865 -11.15375 10.08854 -4.742619 -11.4497 -2.911714 -10.86667 -2.58819 -9.659258 -10 9.1875 -11.25 10.08854 -11.25 9.1875 -10 10.08854 1.305262 9.1875 1.776357e-15 -6.263241e-18 1.305262 -6.263241e-18 1.776357e-15 5.947917 1.776357e-15 9.1875 8.881784e-16 2.585938 1.305262 2.195313 1.305262 2.585938 1.305262 9.49347e-17 8.881784e-16 9.49347e-17 9.159756 3.794095 10.30473 4.268357 -1.46842 2.677083 2.664535e-15 2.585938 2.664535e-15 2.677083 2.664535e-15 2.411458 2.664535e-15 1.601562 2.664535e-15 1.427083 -1.46842 1.427083 -1.46842 2.653646 -1.46842 2.411458 -1.46842 2.205729 -4.440892e-16 2.205729 -1.46842 2.411458 -1.46842 2.205729 -1.46842 2.653646 -4.440892e-16 2.653646 -12.39306 1.359375 -11.15375 1.359375 -12.39306 2.205729 1.287859e-14 3.169271 1.631577 2.677083 1.631577 3.169271 1.631577 2.411458 1.631577 2.205729 1.287859e-14 2.205729 1.287859e-14 2.424479 10.81528 8.298859 -1.794735 2.411458 -1.794735 0 -1.794735 3.169271 1.776357e-15 3.169271 1.776357e-15 2.424479 1.687539e-14 10.02865 -1.794735 0 1.687539e-14 0 -1.794735 8.622396 -1.794735 10.02865 13.75 8.622396 13.75 10.02865 12.5 8.622396 0 11.61719 -1.631577 10.02865 0 10.02865 -1.631577 11.61719 1.46842 9.1875 -8.881784e-16 8.005208 1.46842 8.005208 -8.881784e-16 8.15625 -8.881784e-16 10.02865 1.46842 10.08854 -8.881784e-16 10.08854 -3.235238 -12.07407 -1.631577 8.005208 0 8.005208 -1.631577 11.13542 -1.631577 12.27344 0 12.27344 -1.455857 -11.05833 -1.294095 -9.829629 1.46842 10.08854 3.552714e-15 9.1875 1.46842 9.1875 3.552714e-15 11.13542 1.46842 11.13542 -9.914449 5.947917 -11.15375 7.664063 -11.15375 5.947917 -11.15375 9.1875 -9.914449 9.1875 -1.305262 5.947917 -1.305262 2.195313 -3.552714e-15 2.195313 11.25 2.585938 10 2.195313 11.25 2.195313 10 2.585938 9.659258 2.58819 10.86667 2.911714 -9.914449 2.585938 -11.15375 1.427083 -9.914449 1.427083 -11.15375 1.601563 -11.15375 2.411458 -11.15375 2.585938 12.39306 2.177083 11.15375 1.601563 12.39306 1.601563 11.15375 2.411458 12.39306 2.411458 12.39306 2.677083 11.15375 2.585938 11.15375 2.677083 10.82532 6.25 11.4497 4.742619 -11.25 2.411458 -12.5 2.205729 -11.25 2.205729 -12.5 2.411458 -11.25 2.653646 -12.5 2.677083 -11.25 2.677083 13.75 3.169271 12.5 2.411458 13.75 2.411458 12.5 2.677083 12.5 3.169271 11.90785 6.875 -12.39306 3.169271 -13.63237 2.424479 -12.39306 2.424479 -13.63237 3.169271 1.794735 -1.039306e-16 -8.881784e-16 2.177083 -8.881784e-16 -1.039306e-16 -8.881784e-16 2.411458 1.794735 2.411458 1.794735 12.27344 1.794735 0 -5.216881 -12.59466 12.39306 12.27344 13.63237 10.02865 13.63237 12.27344 12.39306 10.02865 12.39306 11.61719 11.25 11.13542 12.5 8.005208 12.5 11.13542 11.25 8.005208 11.25 10.08854 11.25 9.1875 -3.558762 -13.28148 1.631577 12.27344 -1.776357e-15 11.13542 1.631577 11.13542 -1.776357e-15 13.63542 1.631577 13.63542 -12.39306 9.098958 -12.39306 7.664063 -12.39306 11.13542 -11.15375 11.13542 -1.617619 -12.28704 0 -11.25 0 -10 3.552714e-15 7.664063 -1.46842 5.947917 3.552714e-15 5.947917 -1.46842 6.606771 -1.46842 7.664063 1.305262 5.947917 -5.329071e-15 6.606771 1.305262 6.606771 -3.552714e-15 2.583333 1.305262 1.682292 1.305262 2.583333 1.305262 5.313158e-17 -3.552714e-15 5.313158e-17 9.829629 1.294095 11.05833 1.455857 1.776357e-15 1.601563 -1.46842 1.934896 -1.46842 1.601563 -1.46842 2.195313 -1.46842 2.585938 1.776357e-15 2.585938 1.776357e-15 2.411458 12.07407 3.235238 -3.552714e-15 2.177083 1.631577 1.934896 1.631577 2.177083 1.631577 1.601563 -3.552714e-15 1.601563 13.63237 2.411458 12.39306 2.177083 13.63237 2.177083 12.39306 2.411458 1.631577 2.411458 3.552714e-15 2.677083 3.552714e-15 2.411458 1.631577 2.677083 12.59466 5.216881 5.329071e-15 0 -1.794735 2.177083 -1.794735 0 5.329071e-15 2.177083 -1.421085e-14 9.098958 -1.794735 0 -1.794735 12.27344 -1.421085e-14 13.63542 -1.794735 13.63542 12.5 13.63542 13.75 12.27344 13.75 13.63542 12.5 12.27344 -13.63237 13.63542 -13.63237 9.098958 -12.39306 13.63542 -1.779381 -13.51574 -1.776357e-15 9.098958 -1.631577 7.664063 -1.776357e-15 7.664063 -1.631577 9.098958 0 -12.5 10 6.606771 11.25 5.947917 11.25 6.606771 10 5.947917 1.46842 7.664063 -8.881784e-15 6.606771 1.46842 6.606771 -8.881784e-15 7.416667 -8.881784e-15 8.291667 1.46842 10.17448 -8.881784e-15 10.17448 1.455857 -11.05833 1.294095 -9.829629 -1.305262 4.765625 -1.305262 8.291667 -5.329071e-15 8.291667 -1.305262 1.682292 1.776357e-15 1.682292 11.25 1.869792 10 1.682292 11.25 1.682292 10 2.583333 11.25 2.195313 11.25 2.541667 11.25 2.583333 10 1.776357e-15 11.25 1.776357e-15 -9.914449 2.583333 -11.15375 2.195313 -9.914449 2.195313 -11.15375 2.583333 1.46842 1.934896 -7.105427e-15 2.195313 -7.105427e-15 1.934896 1.46842 2.195313 -11.25 1.934896 -12.5 1.601562 -11.25 1.601562 -12.5 1.934896 -1.631577 3.609375 2.4869e-14 2.585937 2.4869e-14 3.609375 2.4869e-14 1.934896 -1.631577 1.934896 -1.631577 2.177083 13.28148 3.558762 1.794735 0 -1.065814e-14 2.585938 -1.065814e-14 3.609375 1.794735 3.609375 1.794735 2.177083 1.794735 9.098958 1.794735 0 1.776357e-15 9.098958 0 -13.75 11.25 10.17448 12.5 9.098958 12.5 10.17448 12.5 7.664063 11.25 7.664063 9.914449 8.291667 11.15375 7.416667 11.15375 8.291667 11.15375 6.606771 9.914449 6.606771 1.617619 -12.28704 -11.15375 7.416667 -12.39306 10.17448 -12.39306 7.416667 -11.15375 10.17448 -11.15375 8.291667 2.58819 -9.659258 2.911714 -10.86667 -10 4.765625 -11.25 7.416667 -11.25 4.765625 -11.25 8.291667 -10 8.291667 1.305262 4.765625 0 4.765625 7.105427e-15 2.065104 1.305262 3.539332e-17 1.305262 2.065104 7.105427e-15 3.539332e-17 7.105427e-15 1.682292 11.05833 -1.455857 9.829629 -1.294095 -1.46842 2.541667 -5.329071e-15 2.065104 -5.329071e-15 2.541667 -5.329071e-15 1.682292 -1.46842 1.682292 -1.46842 2.195313 -1.46842 1.869792 5.329071e-15 1.869792 -1.46842 1.869792 -1.46842 2.541667 -1.46842 2.583333 5.329071e-15 2.583333 5.329071e-15 1.934896 5.329071e-15 2.195313 12.28704 1.617619 -2.4869e-14 2.585938 1.631577 2.541667 1.631577 2.585938 1.631577 1.869792 -2.4869e-14 1.869792 -2.4869e-14 1.934896 13.63237 3.609375 12.39306 2.585938 13.63237 2.585938 12.39306 3.609375 13.51574 1.779381 -12.5 3.609375 -13.75 2.177083 -12.5 2.177083 -13.75 3.609375 -1.794735 2.585938 -1.794735 0 8.881784e-15 2.585938 7.105427e-15 12.02604 -1.794735 9.098958 -1.794735 12.02604 12.5 12.02604 13.75 9.098958 13.75 12.02604 1.46842 8.291667 -7.105427e-15 7.416667 1.46842 7.416667 -7.105427e-15 8.291667 1.631577 12.02604 1.065814e-14 10.17448 1.631577 10.17448 1.065814e-14 12.02604 3.235238 -12.07407 -1.065814e-14 10.17448 -1.631577 7.416667 -1.065814e-14 7.416667 -1.631577 8.875 -1.631577 10.66406 -1.065814e-14 12.02604 -1.631577 13.07813 -1.065814e-14 13.07813 3.794095 -9.159756 4.268357 -10.30473 1.46842 4.765625 0 6.138021 0 7.286458 0 8.875 1.46842 8.875 -3.552714e-15 4.765625 -1.305262 6.138021 -3.552714e-15 6.138021 -1.305262 2.786458 -3.552714e-15 1.484375 -3.552714e-15 2.786458 -1.305262 2.065104 10.86667 -2.911714 9.659258 -2.58819 -9.914449 2.065104 -11.15375 1.682292 -9.914449 1.682292 -11.15375 2.065104 12.39306 2.067708 11.15375 1.117188 12.39306 1.117188 11.15375 1.682292 11.15375 2.065104 11.15375 2.541667 12.39306 2.541667 12.28704 -1.617619 12.5 1.776357e-15 -11.25 2.195313 -12.5 1.869792 -11.25 1.869792 -12.5 2.541667 -11.25 2.541667 12.39306 1.934896 11.15375 1.869792 12.39306 1.869792 11.15375 1.934896 -1.631577 3.177083 2.842171e-14 2.541667 2.842171e-14 3.177083 -1.631577 2.541667 -1.631577 2.585938 13.75 1.776357e-15 7.105427e-15 2.067708 7.105427e-15 3.177083 1.794735 3.177083 1.794735 2.585938 1.794735 10.66406 1.794735 13.07813 1.779381 -13.51574 11.25 8.875 12.5 7.416667 12.5 8.875 11.25 7.416667 11.25 8.291667 12.39306 13.07813 13.63237 12.02604 13.63237 13.07813 12.39306 12.02604 3.558762 -13.28148 -12.5 10.66406 -13.75 13.07813 -13.75 10.66406 -12.5 13.07813 1.631577 10.66406 -7.105427e-15 8.875 1.631577 8.875 -7.105427e-15 9.5 -7.105427e-15 10.66406 9.914449 6.138021 11.15375 4.765625 11.15375 6.138021 9.914449 4.765625 4.742619 -11.4497 -11.15375 7.286458 -12.39306 8.875 -12.39306 7.286458 -11.15375 8.875 7.105427e-15 7.286458 -1.46842 6.138021 7.105427e-15 6.138021 -1.46842 7.026042 -1.46842 7.286458 5 -8.660254 5.625 -9.742786 1.305262 6.138021 7.105427e-15 3.263021 7.105427e-15 7.026042 1.305262 7.026042 0 1.484375 1.305262 1.484375 11.15375 1.658854 9.914449 1.484375 11.15375 1.484375 9.914449 2.786458 11.15375 1.911458 11.15375 2.786458 10.30473 -4.268357 9.159756 -3.794095 -10 2.786458 -11.25 2.065104 -10 2.065104 -11.25 2.786458 -1.421085e-14 1.117187 -1.46842 1.658854 -1.46842 1.117187 -1.46842 2.065104 -1.421085e-14 2.065104 -1.421085e-14 1.682292 12.07407 -3.235238 -2.309264e-14 2.067708 1.631577 1.658854 1.631577 2.067708 1.631577 1.117188 -2.309264e-14 1.117188 13.63237 3.177083 12.39306 2.067708 13.63237 2.067708 12.39306 2.541667 12.39306 3.177083 13.51574 -1.779381 -12.5 3.177083 -13.75 2.585938 -12.5 2.585938 -13.75 3.177083 -1.794735 2.067708 -7.105427e-15 2.067708 3.552714e-15 9.5 -1.794735 -6.413972e-17 3.552714e-15 -6.413972e-17 -1.794735 10.66406 3.552714e-15 10.66406 5.216881 -12.59466 1.421085e-14 8.875 -1.631577 7.286458 1.421085e-14 7.286458 -1.631577 8.333333 -1.631577 9.5 1.421085e-14 9.5 -12.39306 9.5 -13.63237 10.66406 -13.63237 9.5 -12.39306 10.66406 6.25 -10.82532 10 7.026042 11.25 6.138021 11.25 7.026042 10 6.138021 1.46842 7.286458 0 7.026042 1.46842 7.026042 0 8.333333 1.46842 8.333333 6.035534 -7.865661 6.789976 -8.848869 -9.914449 3.263021 -11.15375 5.239583 -11.15375 3.263021 -11.15375 7.026042 -9.914449 7.026042 0 3.263021 -1.305262 -5.656185e-17 0 -5.656185e-17 -1.305262 1.46875 -1.305262 3.263021 -1.305262 2.046875 0 1.46875 0 2.046875 -1.305262 0 -1.305262 1.484375 9.742786 -5.625 8.660254 -5 0 1.911458 1.46842 1.484375 1.46842 1.911458 0 1.658854 1.46842 1.658854 3.552714e-15 1.911458 3.552714e-15 1.658854 3.552714e-15 2.786458 1.46842 2.786458 1.46842 2.065104 -11.25 1.658854 -12.5 1.117188 -11.25 1.117188 -12.5 1.658854 -1.631577 3.71875 2.4869e-14 2.929688 2.4869e-14 3.71875 2.4869e-14 1.911458 2.4869e-14 1.658854 -1.631577 1.658854 -1.631577 2.067708 13.28148 -3.558762 1.794735 0 3.552714e-15 2.929688 3.552714e-15 3.71875 1.794735 3.71875 1.794735 2.067708 1.794735 9.5 1.794735 0 11.25 8.333333 12.5 7.286458 12.5 8.333333 11.25 7.286458 6.875 -11.90785 1.631577 9.5 -3.552714e-15 8.333333 1.631577 8.333333 -3.552714e-15 12.02865 1.631577 12.02865 -11.15375 5.239583 -12.39306 8.333333 -12.39306 5.239583 -11.15375 8.333333 -11.15375 7.026042 7.544417 -9.832076 7.071068 -7.071068 7.954951 -7.954951 0 5.239583 -1.46842 3.263021 -1.46842 5.239583 -10 1.46875 -11.25 2.169271 -11.25 1.46875 -11.25 3.263021 -10 3.263021 1.305262 1.46875 11.15375 2.046875 9.914449 1.46875 11.15375 1.46875 9.914449 2.046875 8.848869 -6.789976 7.865661 -6.035534 -10 2.046875 -11.25 1.484375 -10 1.484375 -11.25 1.911458 -11.25 2.046875 10.82532 -6.25 11.4497 -4.742619 -11.15375 1.911458 -12.39306 1.658854 -11.15375 1.658854 -12.39306 1.911458 -2.842171e-14 2.929688 1.631577 2.671875 1.631577 2.929688 1.631577 1.911458 -2.842171e-14 1.911458 13.63237 3.71875 12.39306 2.929688 13.63237 2.929688 12.39306 3.71875 12.59466 -5.216881 -12.5 3.71875 -13.75 2.067708 -12.5 2.067708 -13.75 3.71875 -1.794735 2.929688 -7.105427e-15 2.929688 3.552714e-15 12.02865 -1.794735 9.5 -1.794735 12.02865 12.5 12.02865 13.75 9.5 13.75 12.02865 12.5 9.5 -1.631577 5.239583 -3.552714e-15 5.239583 -1.631577 13.74219 -3.552714e-15 13.74219 8.298859 -10.81528 8.838835 -8.838835 -12.5 5.239583 -12.5 2.169271 -11.25 5.239583 0 2.169271 1.46842 1.46875 1.46842 2.169271 0 1.46875 0 2.046875 -1.46842 2.671875 -1.421085e-14 2.169271 -1.421085e-14 2.671875 -1.421085e-14 2.046875 -1.46842 2.046875 -11.25 2.046875 -12.5 1.911458 -11.25 1.911458 -12.5 2.671875 -11.25 2.671875 -1.631577 3.700521 0 2.671875 0 3.700521 -1.631577 2.671875 -1.631577 2.929688 11.90785 -6.875 0 1.309896 1.794735 3.700521 1.794735 2.929688 1.794735 1.309896 1.065814e-14 12.02865 1.794735 13.74219 1.065814e-14 13.74219 -12.5 2.169271 -13.75 1.309896 -12.5 1.309896 -13.75 13.74219 -12.5 5.239583 -12.5 13.74219 12.39306 13.74219 13.63237 12.02865 13.63237 13.74219 12.39306 12.02865 9.722718 -9.722718 9.832076 -7.544417 12.39306 2.671875 11.15375 2.169271 12.39306 2.169271 11.15375 2.671875 13.63237 3.700521 12.39306 1.309896 13.63237 1.309896 12.39306 3.700521 10.81528 -8.298859 -12.5 3.700521 -13.75 2.929688 -12.5 2.929688 -13.75 3.700521 -1.794735 1.309896 -3.552714e-15 1.309896 -1.631577 2.169271 -1.631577 1.309896 -3.552714e-15 2.169271</float_array>
                    <technique_common>
                        <accessor count="1734" source="#ID206" stride="2">
                            <param name="S" type="float" />
                            <param name="T" type="float" />
                        </accessor>
                    </technique_common>
                </source>
                <vertices id="ID202">
                    <input semantic="POSITION" source="#ID200" />
                    <input semantic="NORMAL" source="#ID201" />
                </vertices>
                <triangles count="1314" material="Material2">
                    <input offset="0" semantic="VERTEX" source="#ID202" />
                    <input offset="1" semantic="TEXCOORD" source="#ID203" />
                    <p>0 0 1 1 2 2 1 1 0 0 3 3 4 4 5 5 6 6 5 5 4 4 7 7 8 8 9 9 10 10 9 9 8 8 11 11 11 11 8 8 12 12 12 12 8 8 13 13 14 14 15 15 16 16 15 15 14 14 17 17 18 18 19 19 20 20 19 19 18 18 21 21 21 21 18 18 22 22 23 3 24 23 25 1 24 23 23 3 26 24 27 25 28 26 29 27 28 26 27 25 30 28 30 28 27 25 31 29 30 28 31 29 32 30 33 31 34 32 35 33 34 32 33 31 36 34 37 2 38 35 39 36 38 35 37 2 40 1 41 37 42 38 43 39 42 38 41 37 44 40 44 40 41 37 45 41 46 42 47 43 48 44 47 43 46 42 49 45 49 45 46 42 50 46 50 46 46 42 51 47 52 48 53 2 54 49 53 2 52 48 55 0 56 27 57 50 58 42 57 50 56 27 59 51 60 52 61 53 62 54 61 53 60 52 63 55 64 56 65 57 66 58 65 57 64 56 67 59 67 59 64 56 68 60 67 59 68 60 69 61 70 1 71 62 72 35 71 62 70 1 73 23 74 63 75 64 76 29 75 64 74 63 77 65 77 65 74 63 78 66 77 65 78 66 79 67 77 65 79 67 80 68 81 69 82 70 83 71 82 70 81 69 84 72 85 73 86 74 87 11 86 74 85 73 88 75 88 75 85 73 89 76 89 76 85 73 90 77 91 78 92 79 93 80 92 79 91 78 94 81 94 81 91 78 95 82 94 81 95 82 96 83 94 81 96 83 97 84 98 49 99 36 100 85 99 36 98 49 101 2 102 86 103 78 104 87 103 78 102 86 105 82 106 88 107 89 108 90 107 89 106 88 109 91 109 91 106 88 110 92 111 93 112 20 113 94 112 20 111 93 114 95 114 95 111 93 115 96 114 95 115 96 116 57 117 24 118 97 119 23 118 97 117 24 120 98 121 99 122 100 123 101 122 100 121 99 124 102 124 102 121 99 125 103 124 102 125 103 126 104 127 105 128 106 129 107 128 106 127 105 130 108 131 23 132 109 133 62 132 109 131 23 134 97 135 110 136 111 137 112 136 111 135 110 138 113 139 114 140 115 141 116 140 115 139 114 142 117 143 118 144 119 145 120 144 119 143 118 146 121 147 35 148 122 149 123 148 122 147 35 150 62 151 124 152 125 153 126 152 125 151 124 154 127 154 127 151 124 155 128 156 129 157 130 158 131 157 130 156 129 159 132 159 132 156 129 160 133 159 132 160 133 161 134 162 135 163 136 164 137 163 136 162 135 165 138 166 36 167 123 168 139 167 123 166 36 169 35 170 140 171 141 172 142 171 141 170 140 173 143 173 143 170 140 174 144 174 144 170 140 175 145 175 145 170 140 176 125 175 145 176 125 177 126 178 146 179 85 180 147 179 85 178 146 181 49 182 148 183 149 184 150 183 149 182 148 185 151 185 151 182 148 186 152 187 153 188 49 189 146 188 49 187 153 190 48 191 154 192 155 193 156 192 155 191 154 194 157 195 158 196 159 197 160 196 159 195 158 198 161 199 101 200 162 201 42 200 162 199 101 202 163 203 164 204 165 205 166 204 165 203 164 206 167 207 98 208 168 209 97 208 168 207 98 210 169 211 170 212 171 213 172 212 171 211 170 214 173 215 174 216 175 217 176 216 175 215 174 218 177 218 177 215 174 219 178 219 178 215 174 220 179 221 97 222 180 223 109 222 180 221 97 224 168 225 181 226 182 227 183 226 182 225 181 228 184 228 184 225 181 229 185 229 185 225 181 230 186 229 185 230 186 231 187 231 187 230 186 232 188 233 62 234 189 235 122 234 189 233 62 236 109 237 190 238 158 239 191 238 158 237 190 240 192 240 192 237 190 241 193 242 85 243 139 244 194 243 139 242 85 245 36 246 195 247 196 248 197 247 196 246 195 249 198 249 198 246 195 250 199 251 200 252 201 253 202 252 201 251 200 254 203 254 203 251 200 255 204 255 204 251 200 256 205 257 206 258 207 259 208 258 207 257 206 260 209 260 209 257 206 261 210 261 210 257 206 262 211 263 147 264 194 265 212 264 194 263 147 266 85 267 213 268 214 269 215 268 214 267 213 270 216 271 141 272 217 273 218 272 217 271 141 274 219 274 219 271 141 275 220 275 220 271 141 276 143 277 161 278 221 279 222 278 221 277 161 280 223 280 223 277 161 281 224 281 224 277 161 282 225 283 226 284 146 285 227 284 146 283 226 286 153 287 228 288 229 289 42 288 229 287 228 290 230 290 230 287 228 291 231 291 231 287 228 292 232 293 233 294 234 295 235 294 234 293 233 296 236 296 236 293 233 297 237 298 169 299 238 300 168 299 238 298 169 301 239 302 240 303 241 304 242 303 241 302 240 305 243 306 244 307 245 308 246 307 245 306 244 309 247 309 247 306 244 310 248 310 248 306 244 311 249 312 168 313 250 314 180 313 250 312 168 315 238 316 251 317 252 318 253 317 252 316 251 319 254 320 255 321 256 322 257 321 256 320 255 323 258 323 258 320 255 324 259 325 260 326 261 327 262 326 261 325 260 328 263 329 109 330 264 331 189 330 264 329 109 332 180 333 265 334 266 335 267 334 266 333 265 336 268 337 66 338 269 339 42 338 269 337 66 340 270 341 127 342 271 343 272 342 271 341 127 344 42 345 273 346 274 347 275 346 274 345 273 348 276 348 276 345 273 349 277 349 277 345 273 350 278 351 227 352 147 353 279 352 147 351 227 354 146 355 279 356 212 357 280 356 212 355 279 358 147 359 281 360 282 361 283 360 282 359 281 362 284 363 285 364 286 365 287 364 286 363 285 366 288 367 289 368 290 369 291 368 290 367 289 370 292 370 292 367 289 371 293 372 294 373 295 374 296 373 295 372 294 375 297 376 298 377 299 378 230 377 299 376 298 379 300 379 300 376 298 380 301 381 302 382 227 383 303 382 227 381 302 384 226 385 304 386 305 387 306 386 305 385 304 388 307 289 42 389 308 390 162 389 308 289 42 288 229 391 309 392 162 393 310 392 162 391 309 394 311 394 311 391 309 395 312 395 312 391 309 396 313 397 239 398 314 399 238 398 314 397 239 400 315 401 316 402 317 403 318 402 317 401 316 404 319 404 319 401 316 405 320 404 319 405 320 406 321 407 238 408 322 409 250 408 322 407 238 410 314 411 323 412 324 413 317 412 324 411 323 414 325 414 325 411 323 415 326 414 325 415 326 416 327 417 328 418 329 419 330 418 329 417 328 420 331 421 180 422 332 423 264 422 332 421 180 424 250 425 333 426 334 427 335 426 334 425 333 428 336 428 336 425 333 429 337 428 336 429 337 430 338 431 143 432 339 433 340 432 339 431 143 434 341 434 341 431 143 435 342 436 303 437 279 438 343 437 279 436 303 439 227 440 343 441 280 442 344 441 280 440 343 443 279 444 345 445 346 446 347 445 346 444 345 447 348 448 349 449 350 450 351 449 350 448 349 451 352 451 352 448 349 452 353 451 352 452 353 453 354 454 355 455 356 456 357 455 356 454 355 457 358 457 358 454 355 458 359 458 359 454 355 459 360 459 360 454 355 460 361 459 360 460 361 461 362 462 363 463 303 464 364 463 303 462 363 465 302 466 365 467 366 468 158 467 366 466 365 469 367 469 367 466 365 470 368 470 368 466 365 471 369 472 370 473 158 474 371 473 158 472 370 475 372 475 372 472 370 476 373 477 374 478 375 479 376 478 375 477 374 480 377 481 378 482 379 483 380 482 379 481 378 484 381 484 381 481 378 485 382 485 382 481 378 486 383 486 383 481 378 487 384 486 383 487 384 488 385 489 386 490 387 491 388 490 387 489 386 492 389 493 250 494 390 495 332 494 390 493 250 496 322 497 391 498 392 499 158 498 392 497 391 500 393 500 393 497 391 501 394 502 395 503 396 504 397 503 396 502 395 505 398 505 398 502 395 506 399 507 400 508 401 509 402 508 401 507 400 510 403 510 403 507 400 511 404 512 364 513 343 514 405 513 343 512 364 515 303 516 405 517 344 518 406 517 344 516 405 519 343 520 407 521 408 522 409 521 408 520 407 523 410 524 411 525 412 526 413 525 412 524 411 527 414 527 414 524 411 528 415 529 416 530 417 531 418 530 417 529 416 532 419 533 420 534 363 535 364 534 363 533 420 536 421 537 422 538 423 539 424 538 423 537 422 540 425 541 42 542 426 543 427 542 426 541 42 544 428 545 429 546 44 547 42 546 44 545 429 548 430 549 431 550 432 551 433 550 432 549 431 552 434 553 315 554 435 555 314 554 435 553 315 556 436 557 437 558 438 559 439 558 438 557 437 560 440 560 440 557 437 561 441 561 441 557 437 562 442 563 314 564 443 565 322 564 443 563 314 566 435 567 326 568 444 569 323 568 444 567 326 570 445 570 445 567 326 571 446 570 445 571 446 572 447 573 322 574 448 575 390 574 448 573 322 576 443 577 449 578 310 579 450 578 310 577 449 580 451 580 451 577 449 581 452 582 453 583 271 584 454 583 271 582 453 585 455 586 456 587 457 588 458 587 457 586 456 589 459 589 459 586 456 590 460 591 461 592 364 593 405 592 364 591 461 594 420 595 462 596 463 597 464 596 463 595 462 598 465 598 465 595 462 599 466 599 466 595 462 600 467 599 466 600 467 601 468 602 469 603 470 604 471 603 470 602 469 605 472 605 472 602 469 606 473 606 473 602 469 607 474 607 474 602 469 608 418 607 474 608 418 609 417 610 475 611 421 612 420 611 421 610 475 613 476 614 477 615 478 616 42 615 478 614 477 617 479 617 479 614 477 618 480 619 481 620 482 621 483 620 482 619 481 622 484 622 484 619 481 623 485 623 485 619 481 624 486 625 487 626 435 627 436 626 435 625 487 628 488 629 489 630 490 631 491 630 490 629 489 632 492 632 492 629 489 633 493 633 493 629 489 634 494 633 493 634 494 635 495 636 496 637 497 638 498 637 497 636 496 639 499 639 499 636 496 640 500 639 499 640 500 641 501 642 502 643 503 644 504 643 503 642 502 645 505 646 323 647 506 648 42 647 506 646 323 649 507 650 508 651 20 652 509 651 20 650 508 653 510 653 510 650 508 654 511 655 512 656 405 657 406 656 405 655 512 658 461 659 513 660 514 661 515 660 514 659 513 662 516 663 463 664 517 665 518 664 517 663 463 666 519 666 519 663 463 667 520 667 520 663 463 668 465 669 521 670 522 671 523 670 522 669 521 672 524 673 525 674 420 675 461 674 420 673 525 676 475 677 526 678 527 679 528 678 527 677 526 680 529 681 530 682 531 683 532 682 531 681 530 684 533 685 534 686 476 687 475 686 476 685 534 688 535 689 536 690 537 691 162 690 537 689 536 692 538 692 538 689 536 693 539 694 540 695 541 696 542 695 541 694 540 697 543 697 543 694 540 698 544 699 545 700 546 701 547 700 546 699 545 702 548 703 549 704 488 705 487 704 488 703 549 706 550 707 551 708 552 709 553 708 552 707 551 710 554 710 554 707 551 711 555 712 556 713 557 714 558 713 557 712 556 715 559 715 559 712 556 716 560 717 488 718 443 719 435 718 443 717 488 720 561 721 562 722 563 723 564 722 563 721 562 724 565 724 565 721 562 725 566 726 561 727 448 728 443 727 448 726 561 729 567 730 568 731 334 732 569 731 334 730 568 733 570 733 570 730 568 734 571 735 572 736 573 737 574 736 573 735 572 738 450 738 450 735 572 651 20 651 20 735 572 652 509 739 575 740 576 741 577 740 576 739 575 742 578 743 579 744 580 745 581 744 580 743 579 746 582 746 582 743 579 747 583 747 583 743 579 748 584 749 585 750 461 751 512 750 461 749 585 752 525 753 586 754 587 755 588 754 587 753 586 756 589 757 590 758 475 759 525 758 475 757 590 760 534 761 591 762 592 763 593 762 592 761 591 764 594 764 594 761 591 765 595 766 596 767 535 768 534 767 535 766 596 769 597 770 598 771 599 772 600 771 599 770 598 773 601 773 601 770 598 774 602 774 602 770 598 775 603 776 604 777 605 778 606 777 605 776 604 779 607 779 607 776 604 780 608 781 609 782 610 783 611 782 610 781 609 784 612 785 613 786 550 787 549 786 550 785 613 788 614 789 615 790 616 791 617 790 616 789 615 792 618 792 618 789 615 793 619 794 620 795 621 796 622 795 621 794 620 797 623 797 623 794 620 798 624 799 550 800 561 801 488 800 561 799 550 802 625 803 626 804 627 805 628 804 627 803 626 806 629 806 629 803 626 807 630 807 630 803 626 808 631 807 630 808 631 809 632 809 632 808 631 810 633 811 634 812 635 813 636 812 635 811 634 814 637 815 630 816 638 817 639 816 638 815 630 818 640 818 640 815 630 819 632 818 640 819 632 820 641 821 642 822 20 823 643 822 20 821 642 824 269 825 644 826 591 827 645 826 591 825 644 828 595 828 595 825 644 829 646 830 647 831 525 832 585 831 525 830 647 833 590 834 648 835 649 836 650 835 649 834 648 837 651 837 651 834 648 838 652 838 652 834 648 839 653 840 654 841 655 842 656 841 655 840 654 843 657 843 657 840 654 844 658 845 659 846 660 847 661 846 660 845 659 848 662 849 663 850 597 851 596 850 597 849 663 852 664 853 665 854 666 855 667 854 666 853 665 856 668 856 668 853 665 857 669 858 42 859 670 860 671 859 670 858 42 861 672 862 673 863 50 864 20 863 50 862 673 865 674 866 675 867 676 868 677 867 676 866 675 869 678 870 679 871 614 872 613 871 614 870 679 873 680 874 681 875 682 876 683 875 682 874 681 877 684 877 684 874 681 878 685 878 685 874 681 879 686 878 685 879 686 880 687 881 688 882 689 883 690 882 689 881 688 884 691 884 691 881 688 885 692 885 692 881 688 886 693 887 614 888 625 889 550 888 625 887 614 890 694 891 695 892 696 893 697 892 696 891 695 894 698 895 699 896 700 897 701 896 700 895 699 898 702 899 625 900 567 901 561 900 567 899 625 902 703 903 704 904 705 905 706 904 705 903 704 906 707 907 708 908 709 909 710 908 709 907 708 910 711 910 711 907 708 911 712 912 713 913 534 914 590 913 534 912 713 915 596 916 714 917 715 918 716 917 715 916 714 919 717 920 718 921 719 922 720 921 719 920 718 923 721 924 722 925 590 926 647 925 590 924 722 927 713 928 723 929 724 930 725 929 724 928 723 931 726 931 726 928 723 932 727 933 728 934 729 935 730 934 729 933 728 936 731 936 731 933 728 937 732 938 733 939 664 940 663 939 664 938 733 941 734 857 669 942 735 856 668 942 735 857 669 943 736 943 736 857 669 944 737 943 736 944 737 945 738 946 739 947 740 948 741 947 740 946 739 949 742 950 743 951 744 952 745 951 744 950 743 953 746 953 746 950 743 954 747 954 747 950 743 955 748 956 749 957 750 958 606 957 750 956 749 959 751 959 751 956 749 960 752 959 751 960 752 961 753 962 754 963 680 964 679 963 680 962 754 965 755 966 756 967 757 968 758 967 757 966 756 969 759 969 759 966 756 970 760 970 760 966 756 971 761 970 760 971 761 972 762 973 763 974 764 975 765 974 764 973 763 976 766 976 766 973 763 977 767 978 680 979 694 980 614 979 694 978 680 981 768 982 769 983 770 984 771 983 770 982 769 985 772 985 772 982 769 986 773 987 694 988 703 989 625 988 703 987 694 990 774 991 775 992 776 993 744 992 776 991 775 994 777 994 777 991 775 995 778 995 778 991 775 996 779 997 780 998 781 999 782 998 781 997 780 1000 705 1000 705 997 780 1001 783 1001 783 997 780 1002 784 1003 785 1004 596 1005 713 1004 596 1003 785 1006 663 1007 786 1008 787 1009 788 1008 787 1007 786 1010 789 1011 790 1012 791 1013 792 1012 791 1011 790 1014 793 1014 793 1011 790 1015 794 1016 795 1017 713 1018 722 1017 713 1016 795 1019 785 1020 796 1021 797 1022 798 1021 797 1020 796 1023 799 1023 799 1020 796 1024 800 1025 801 1026 663 1027 785 1026 663 1025 801 1028 733 1029 802 1030 803 1031 804 1030 803 1029 802 1032 805 1033 806 1034 807 1035 808 1034 807 1033 806 1036 809 1036 809 1033 806 1037 810 1038 811 1039 734 1040 733 1039 734 1038 811 1041 812 1042 813 1043 814 1044 815 1043 814 1042 813 1045 816 1046 817 1047 818 1048 819 1047 818 1046 817 1049 820 1050 821 1051 822 1052 823 1051 822 1050 821 1053 824 1054 825 1055 826 1056 827 1055 826 1054 825 1057 828 1058 829 1059 755 1060 754 1059 755 1058 829 1061 830 1062 831 1063 832 1064 833 1063 832 1062 831 1065 834 1066 835 1067 836 1068 837 1067 836 1066 835 1069 838 1070 839 1071 840 1072 841 1071 840 1070 839 1073 842 1074 755 1075 768 1076 680 1075 768 1074 755 1077 843 1078 844 1079 845 1080 846 1079 845 1078 844 1081 847 1082 848 1083 766 1084 767 1083 766 1082 848 1085 849 1085 849 1082 848 1086 850 1087 851 1088 852 1089 853 1088 852 1087 851 1090 854 1091 855 1092 856 1093 857 1092 856 1091 855 1094 858 1094 858 1091 855 1095 859 1096 768 1097 774 1098 694 1097 774 1096 768 1099 860 1100 861 1101 862 1102 450 1101 862 1100 861 1103 844 1104 863 1105 709 1106 864 1105 709 1104 863 1107 865 1108 866 1109 785 1110 795 1109 785 1108 866 1111 801 1112 867 1113 868 1114 869 1113 868 1112 867 1115 870 1115 870 1112 867 1116 871 1115 870 1116 871 1117 872 1117 872 1116 871 1118 873 1119 874 1120 875 1121 876 1120 875 1119 874 1122 877 1122 877 1119 874 1123 878 1122 877 1123 878 1124 879 1124 879 1123 878 1125 880 1124 879 1125 880 1126 881 1127 882 1128 733 1129 801 1128 733 1127 882 1130 811 1131 883 1132 812 1133 811 1132 812 1131 883 1134 884 1135 885 1136 886 1137 887 1136 886 1135 885 1138 888 1138 888 1135 885 1139 889 1139 889 1135 885 1140 890 1141 891 1142 892 1143 893 1142 892 1141 891 1144 894 1144 894 1141 891 1145 895 1146 896 1147 897 1148 898 1147 897 1146 896 1149 899 1149 899 1146 896 1150 42 1150 42 1146 896 1151 900 1152 901 1153 830 1154 829 1153 830 1152 901 1155 902 1156 903 1157 904 1158 905 1157 904 1156 903 1159 906 1159 906 1156 903 1160 907 1160 907 1156 903 1161 908 1161 908 1156 903 1162 909 1163 830 1164 843 1165 755 1164 843 1163 830 1166 910 1167 911 1168 912 1169 913 1168 912 1167 911 1170 914 1170 914 1167 911 1171 915 1171 915 1167 911 1172 916 1173 843 1174 860 1175 768 1174 860 1173 843 1176 917 1177 918 1178 919 1179 920 1178 919 1177 918 1180 921 1180 921 1177 918 1181 922 1181 922 1177 918 1182 923 1183 924 1184 925 1185 926 1184 925 1183 924 1186 927 1186 927 1183 924 1187 928 1186 927 1187 928 1188 929 1189 930 1190 931 1191 932 1190 931 1189 930 1192 933 1193 934 1194 935 1195 936 1194 935 1193 934 1196 937 1196 937 1193 934 1197 938 1197 938 1193 934 1198 939 1197 938 1198 939 1199 940 1200 941 1201 801 1202 866 1201 801 1200 941 1203 882 1204 942 1205 943 1206 944 1205 943 1204 942 1207 945 1207 945 1204 942 1208 946 1209 947 1210 948 1211 949 1210 948 1209 947 1212 950 1213 951 1214 952 1215 953 1214 952 1213 951 1216 954 1217 955 1218 894 1219 956 1218 894 1217 955 1220 957 1220 957 1217 955 1221 958 1220 957 1221 958 1222 959 1222 959 1221 958 1223 960 1224 961 1225 884 1226 883 1225 884 1224 961 1227 962 1228 963 1229 541 1230 542 1229 541 1228 963 1231 964 1231 964 1228 963 1232 965 1231 964 1232 965 1233 966 1234 967 1235 744 1236 968 1235 744 1234 967 1237 969 1238 970 1239 971 1240 972 1239 971 1238 970 1241 973 1241 973 1238 970 1242 974 1241 973 1242 974 1243 975 1244 976 1245 902 1246 901 1245 902 1244 976 1247 977 1248 978 1249 979 1250 980 1249 979 1248 978 1251 981 1251 981 1248 978 1252 982 1253 983 1254 984 1255 985 1254 984 1253 983 1256 986 1257 902 1258 910 1259 830 1258 910 1257 902 1260 987 1261 988 1262 989 1263 990 1262 989 1261 988 1264 991 1264 991 1261 988 1265 992 1266 993 1267 994 1268 995 1267 994 1266 993 1269 996 1269 996 1266 993 1270 997 1271 910 1272 917 1273 843 1272 917 1271 910 1274 998 1275 999 1276 1000 1277 1001 1276 1000 1275 999 1278 1002 1279 1003 1280 1004 1281 1005 1280 1004 1279 1003 1282 1006 1283 1007 1284 1008 1285 1009 1284 1008 1283 1007 1286 1010 1287 1011 1288 1012 1289 1013 1288 1012 1287 1011 1290 1014 1291 1015 1292 882 1293 941 1292 882 1291 1015 1294 1016 1295 1017 1296 1018 1297 1019 1296 1018 1295 1017 1298 1020 1298 1020 1295 1017 1299 1021 1300 1022 1301 1023 1302 1024 1301 1023 1300 1022 1303 1025 1303 1025 1300 1022 1304 1026 1305 1027 1306 1028 1307 1029 1306 1028 1305 1027 1308 1030 1308 1030 1305 1027 1309 1031 1309 1031 1305 1027 1310 1032 1309 1031 1310 1032 1311 1033 1309 1031 1311 1033 1312 1034 1313 1035 1314 883 1315 1016 1314 883 1313 1035 1316 961 1317 1036 1318 962 1319 961 1318 962 1317 1036 1320 1037 1321 1038 1322 1039 1323 1040 1322 1039 1321 1038 1324 1041 1325 1042 1326 1043 1327 1044 1326 1043 1325 1042 1328 1045 1328 1045 1325 1042 1329 1046 1330 1047 1331 1048 1332 1049 1331 1048 1330 1047 1333 1050 1333 1050 1330 1047 1334 1051 1334 1051 1330 1047 1335 968 1336 1052 1337 977 1338 976 1337 977 1336 1052 1339 1053 1340 1054 1341 1055 1342 1056 1341 1055 1340 1054 1343 1057 1343 1057 1340 1054 1344 1058 1344 1058 1340 1054 1345 1059 1345 1059 1340 1054 1346 1060 1346 1060 1340 1054 1347 1061 1346 1060 1347 1061 1348 1062 1346 1060 1348 1062 1349 1063 1350 1064 1351 1065 1352 1066 1351 1065 1350 1064 1353 1067 1353 1067 1350 1064 1354 1068 1249 979 1355 1069 1356 1070 1355 1069 1249 979 1357 1071 1357 1071 1249 979 1251 981 1358 1072 1359 1073 1360 1074 1359 1073 1358 1072 1361 1075 1361 1075 1358 1072 1362 1076 1362 1076 1358 1072 1363 1077 1363 1077 1358 1072 1364 1078 1365 987 1366 998 1367 910 1366 998 1365 987 1368 1079 1369 310 1370 1080 1371 1081 1370 1080 1369 310 1372 1082 1372 1082 1369 310 1373 1083 1373 1083 1369 310 1374 1084 1375 1085 1376 1086 1377 1087 1376 1086 1375 1085 1378 1088 1378 1088 1375 1085 1379 1089 1296 1018 1380 1090 1381 1091 1380 1090 1296 1018 1382 1092 1382 1092 1296 1018 1298 1020 1383 1093 1384 1094 1385 1095 1384 1094 1383 1093 1386 1096 1387 1097 1388 1098 1389 1099 1388 1098 1387 1097 1390 1100 1390 1100 1387 1097 1391 1101 1391 1101 1387 1097 1392 1102 1391 1101 1392 1102 1393 1103 1394 1104 1395 961 1396 1035 1395 961 1394 1104 1397 1036 1398 1095 1399 1105 1400 1106 1399 1105 1398 1095 1401 1107 1401 1107 1398 1095 1402 1093 1401 1107 1402 1093 1403 1108 1403 1108 1402 1093 1404 1109 1405 1110 1406 1037 1407 1036 1406 1037 1405 1110 1408 1111 1409 1112 1410 1113 1411 1114 1410 1113 1409 1112 1412 1115 1412 1115 1409 1112 1413 1116 1414 1117 1415 1118 1416 1119 1415 1118 1414 1117 1417 1120 1417 1120 1414 1117 1418 1121 1419 1045 1420 162 1421 310 1420 162 1419 1045 1422 1122 1423 1123 1424 892 1425 1124 1424 892 1423 1123 1426 160 1427 1125 1428 1126 1429 1127 1428 1126 1427 1125 1430 1128 1431 1129 1432 1053 1433 1052 1432 1053 1431 1129 1434 1130 1435 1131 1436 1132 1437 1133 1436 1132 1435 1131 1438 1134 1438 1134 1435 1131 1439 1135 1439 1135 1435 1131 1440 1136 1441 1137 1442 1138 1443 1139 1442 1138 1441 1137 1444 1140 1444 1140 1441 1137 1445 1141 1444 1140 1445 1141 1446 1142 1444 1140 1446 1142 1447 1143 1447 1143 1446 1142 1448 1144 1449 1053 1450 1145 1451 977 1450 1145 1449 1053 1452 1146 1453 1147 1454 1148 1455 1149 1454 1148 1453 1147 1456 1150 1456 1150 1453 1147 1457 1151 1456 1150 1457 1151 1458 1152 1458 1152 1457 1151 1459 1153 1460 977 1461 987 1462 902 1461 987 1460 977 1463 1145 1464 1154 1465 1155 1466 1156 1465 1155 1464 1154 1467 1157 1467 1157 1464 1154 1468 1158 1469 1145 1470 1079 1471 987 1470 1079 1469 1145 1472 1159 1473 1160 1474 1161 1475 1162 1474 1161 1473 1160 1476 1163 1477 1164 1478 1165 1479 1166 1478 1165 1477 1164 1480 1167 1480 1167 1477 1164 1481 1168 1482 1169 1483 42 1484 1170 1483 42 1482 1169 1485 1095 1485 1095 1482 1169 1486 1109 1487 1171 1488 1016 1489 1015 1488 1016 1487 1171 1490 1035 1491 1172 1492 1173 1493 1174 1492 1173 1491 1172 1494 1175 1494 1175 1491 1172 1495 1176 1496 1177 1497 1178 1498 1179 1497 1178 1496 1177 1499 1180 1499 1180 1496 1177 1500 1181 1499 1180 1500 1181 1501 1182 1502 1183 1503 1035 1504 1171 1503 1035 1502 1183 1505 1104 1506 1184 1507 1185 1508 1186 1507 1185 1506 1184 1509 1187 1509 1187 1506 1184 1510 1188 1415 1118 1511 1189 1512 1190 1511 1189 1415 1118 1513 1191 1513 1191 1415 1118 1514 1192 1514 1192 1415 1118 1417 1120 1515 1193 1516 1036 1517 1104 1516 1036 1515 1193 1518 1110 1519 1194 1520 1111 1521 1110 1520 1111 1519 1194 1522 1195 1523 1196 1524 1197 1525 1198 1524 1197 1523 1196 1526 1199 1526 1199 1523 1196 1527 1200 1528 1201 1529 605 1530 745 1529 605 1528 1201 1531 1202 1531 1202 1528 1201 1532 1203 1533 1204 1534 1205 1535 1206 1534 1205 1533 1204 1536 1207 1536 1207 1533 1204 1537 1208 1537 1208 1533 1204 1538 1124 1539 1209 1540 1130 1541 1129 1540 1130 1539 1209 1542 1210 1543 1211 1544 1212 1545 1213 1544 1212 1543 1211 1546 1214 1546 1214 1543 1211 1547 1215 1547 1215 1543 1211 1548 1216 1548 1216 1543 1211 1549 1217 1550 1130 1551 1146 1552 1053 1551 1146 1550 1130 1553 1218 1554 1219 1555 1220 1556 1221 1555 1220 1554 1219 1557 1222 1557 1222 1554 1219 1558 1223 1559 1224 1560 1225 1561 1226 1560 1225 1559 1224 1562 1227 1563 1228 1564 1229 1565 1230 1564 1229 1563 1228 1566 1231 1567 1146 1568 1159 1569 1145 1568 1159 1567 1146 1570 1232 1571 1233 1572 1234 1573 1235 1572 1234 1571 1233 1574 1236 1575 1237 1576 1238 1577 926 1576 1238 1575 1237 1578 1239 1578 1239 1575 1237 1579 1240 1578 1239 1579 1240 1580 1241 1581 1242 1582 1243 1583 1244 1582 1243 1581 1242 1584 1245 1511 1189 1585 1246 1586 1247 1585 1246 1511 1189 1587 1248 1587 1248 1511 1189 1513 1191 1588 1249 1589 1104 1590 1183 1589 1104 1588 1249 1591 1193 1592 1250 1593 1251 1594 1252 1593 1251 1592 1250 1595 1253 1596 1254 1597 1110 1598 1193 1597 1110 1596 1254 1599 1194 1600 1255 1601 1256 1602 1257 1601 1256 1600 1255 1603 1258 1604 1259 1605 1260 1606 1261 1605 1260 1604 1259 1607 1262 1607 1262 1604 1259 1608 1263 1608 1263 1604 1259 1609 1264 1608 1263 1609 1264 1610 1265 1611 1266 1612 1195 1613 1194 1612 1195 1611 1266 1614 1267 1615 1202 1616 160 1617 605 1616 160 1615 1202 1618 1268 1618 1268 1615 1202 1619 1269 1619 1269 1615 1202 1620 1270 1621 1271 1622 310 1623 1272 1622 310 1621 1271 1624 162 1625 1273 1626 1274 1627 1275 1626 1274 1625 1273 1628 1276 1628 1276 1625 1273 1629 1277 1628 1276 1629 1277 1630 1278 1628 1276 1630 1278 1631 1279 1632 1280 1633 1210 1634 1209 1633 1210 1632 1280 1635 1281 1636 1282 1637 1283 1638 1284 1637 1283 1636 1282 1639 1285 1640 1286 1641 1287 1642 1288 1641 1287 1640 1286 1643 1289 1644 1290 1645 1291 1646 1292 1645 1291 1644 1290 1647 1293 1648 1294 1649 1295 1650 1296 1649 1295 1648 1294 1651 1297 1651 1297 1648 1294 1652 1298 1652 1298 1648 1294 1653 1299 1654 1218 1655 1232 1656 1146 1655 1232 1654 1218 1657 1300 1658 1301 1659 1302 1660 203 1659 1302 1658 1301 1661 1303 1661 1303 1658 1301 1662 1304 1662 1304 1658 1301 1663 1305 1664 1306 1665 310 1666 1307 1665 310 1664 1306 1667 1308 1668 1309 1669 1193 1670 1249 1669 1193 1668 1309 1671 1254 1672 1310 1673 1311 1674 1312 1673 1311 1672 1310 1675 1313 1675 1313 1672 1310 1676 1314 1677 1315 1678 1316 1679 1317 1678 1316 1677 1315 1680 1318 1680 1318 1677 1315 1681 1319 1682 1320 1683 1194 1684 1254 1683 1194 1682 1320 1685 1266 1686 1321 1687 1322 1688 1323 1687 1322 1686 1321 1689 1324 1689 1324 1686 1321 1690 1325 1691 1266 1692 1326 1693 1267 1692 1326 1691 1266 1694 1327 1695 1328 1696 1329 1697 1330 1696 1329 1695 1328 1698 1331 1698 1331 1695 1328 1699 1332 1700 1333 1701 42 1702 228 1701 42 1700 1333 1703 1334 1704 1335 1705 1336 1706 1337 1705 1336 1704 1335 1707 1338 1707 1338 1704 1335 1708 1339 1709 1340 1710 1280 1711 1341 1710 1280 1709 1340 1712 1281 1713 1342 1714 1343 1715 1344 1714 1343 1713 1342 1716 1345 1716 1345 1713 1342 1717 1346 1717 1346 1713 1342 1718 1347 1717 1346 1718 1347 1719 1348 1720 1349 1721 1214 1722 1350 1721 1214 1720 1349 1723 1351 1723 1351 1720 1349 1724 1352 1724 1352 1720 1349 1725 1353 1725 1353 1720 1349 1726 1354 1725 1353 1726 1354 1727 1355 1728 1210 1729 1218 1730 1130 1729 1218 1728 1210 1731 1356 1732 1357 1733 1358 1734 1359 1733 1358 1732 1357 1735 1360 1735 1360 1732 1357 1736 1361 1736 1361 1732 1357 1737 1362 1738 1363 1739 1364 1740 1365 1739 1364 1738 1363 1741 1366 1742 1356 1743 1300 1744 1218 1743 1300 1742 1356 1745 1367 1746 1368 1747 1369 1748 1370 1747 1369 1746 1368 1749 1371 1750 482 1751 1372 1752 1373 1751 1372 1750 482 1753 1374 1754 1375 1755 506 1756 455 1755 506 1754 1375 1757 1376 1757 1376 1754 1375 1758 1377 1759 1378 1760 1379 1761 1380 1760 1379 1759 1378 1673 1311 1673 1311 1759 1378 1674 1312 1762 1381 1763 1382 1764 1383 1763 1382 1762 1381 1765 1384 1766 1385 1767 1386 1768 1387 1767 1386 1766 1385 1769 1388 1770 1320 1771 1327 1772 1266 1771 1327 1770 1320 1773 1389 1774 1390 1775 1391 1776 1392 1775 1391 1774 1390 1777 1393 1777 1393 1774 1390 1778 1394 1778 1394 1774 1390 1779 1395 1778 1394 1779 1395 1780 1396 1780 1396 1779 1395 1781 1397 1782 1327 1783 1398 1784 1326 1783 1398 1782 1327 1785 1399 1786 1383 1787 1334 1788 1400 1787 1334 1786 1383 1789 1401 1789 1401 1786 1383 1790 1402 1790 1402 1786 1383 1791 1403 1791 1403 1786 1383 1792 1381 1791 1403 1792 1381 1793 1404 1794 1405 1795 44 1796 892 1795 44 1794 1405 1797 1406 1797 1406 1794 1405 1798 1407 1799 1408 1800 1409 1801 1410 1800 1409 1799 1408 1802 892 1802 892 1799 1408 1803 44 1803 44 1799 1408 1804 1411 1805 1412 1806 1341 1807 1413 1806 1341 1805 1412 1808 1340 1809 1414 1810 1415 1811 1416 1810 1415 1809 1414 1812 1417 1813 1418 1814 1419 1815 1420 1814 1419 1813 1418 1816 1421 1816 1421 1813 1418 1817 1422 1817 1422 1813 1418 1818 1423 1818 1423 1813 1418 1819 1424 1820 1425 1821 1281 1822 1340 1821 1281 1820 1425 1823 1426 1824 1427 1825 1428 1826 1429 1825 1428 1824 1427 1827 1430 1827 1430 1824 1427 1828 1431 1829 1281 1830 1356 1831 1210 1830 1356 1829 1281 1832 1426 1833 1432 1834 1433 1835 1434 1834 1433 1833 1432 1836 1435 1837 1436 1838 1437 1839 1438 1838 1437 1837 1436 1840 1439 1840 1439 1837 1436 1841 1440 1842 1426 1843 1367 1844 1356 1843 1367 1842 1426 1845 1441 1846 569 1847 1442 1848 455 1847 1442 1846 569 1849 1443 1849 1443 1846 569 1850 1444 1850 1444 1846 569 1851 1445 1852 1446 1853 203 1854 191 1853 203 1852 1446 1855 1395 1855 1395 1852 1446 1856 1447 1855 1395 1856 1447 1857 1397 1858 1448 1859 1254 1860 1309 1859 1254 1858 1448 1861 1320 1862 1449 1863 1450 1864 1451 1863 1450 1862 1449 1865 1452 1865 1452 1862 1449 1866 1453 1867 1454 1868 1455 1869 1456 1868 1455 1867 1454 1870 1457 1871 1448 1872 1389 1873 1320 1872 1389 1871 1448 1874 1458 1875 1459 1876 1460 1877 1461 1876 1460 1875 1459 1878 1462 1879 1463 1880 1464 1881 1465 1880 1464 1879 1463 1882 1466 1882 1466 1879 1463 1883 1467 1884 1468 1885 1469 1886 1470 1885 1469 1884 1468 1887 1471 1888 1389 1889 1399 1890 1327 1889 1399 1888 1389 1891 1472 1892 1473 1893 1474 1894 1475 1893 1474 1892 1473 1895 1476 1896 1477 1897 1478 1898 1479 1897 1478 1896 1477 1899 1480 1899 1480 1896 1477 1900 1481 1901 1399 1902 1482 1903 1398 1902 1482 1901 1399 1904 1483 1905 1484 1906 455 1907 18 1906 455 1905 1484 1908 1485 1908 1485 1905 1484 1909 1486 1909 1486 1905 1484 1910 1487 1911 1488 1912 228 1913 1489 1912 228 1911 1488 1914 42 1915 1490 1916 1491 1917 1492 1916 1491 1915 1490 1918 1493 1918 1493 1915 1490 1919 1494 1918 1493 1919 1494 1920 1495 1921 1496 1922 1413 1923 1497 1922 1413 1921 1496 1924 1412 1925 1498 1926 1499 1927 1500 1926 1499 1925 1498 1928 1501 1929 1502 1930 1503 1931 1504 1930 1503 1929 1502 1932 1505 1932 1505 1929 1502 1933 1506 1933 1506 1929 1502 1934 1507 1935 1508 1936 1340 1937 1412 1936 1340 1935 1508 1938 1425 1939 1509 1940 1510 1941 1511 1940 1510 1939 1509 1942 1512 1942 1512 1939 1509 1943 1513 1944 1514 1945 1515 1946 1516 1945 1515 1944 1514 1947 1517 1947 1517 1944 1514 1948 1518 1949 1519 1950 1426 1951 1425 1950 1426 1949 1519 1952 1441 1953 1520 1954 1521 1955 1522 1954 1521 1953 1520 1956 1523 1957 158 1958 1524 1959 392 1958 1524 1957 158 1960 1525 1961 1526 1962 1527 1963 1528 1962 1527 1961 1526 1964 1529 1964 1529 1961 1526 1965 1530 1966 1458 1967 1472 1968 1389 1967 1472 1966 1458 1969 1531 1970 1532 1971 1533 1972 1534 1971 1533 1970 1532 1973 1535 1973 1535 1970 1532 1974 1536 1974 1536 1970 1532 1975 1537 1976 1538 1977 1539 1978 1540 1977 1539 1976 1538 1979 1541 1980 1472 1981 1483 1982 1399 1981 1483 1980 1472 1983 1542 1984 1543 1985 1544 1986 1545 1985 1544 1984 1543 1987 1546 1988 1547 1989 1548 1990 1549 1989 1548 1988 1547 1991 1550 1991 1550 1988 1547 1992 1551 1993 1483 1994 1552 1995 1482 1994 1552 1993 1483 1996 1553 1997 1554 1998 1555 1999 1556 1998 1555 1997 1554 2000 1557 2000 1557 1997 1554 2001 1558 2002 1559 2003 1560 2004 1561 2003 1560 2002 1559 2005 1562 2005 1562 2002 1559 2006 1563 2007 1564 2008 1565 2009 1566 2008 1565 2007 1564 2010 42 2010 42 2007 1564 2011 1567 2011 1567 2007 1564 2012 1568 2013 1569 2014 1497 2015 1570 2014 1497 2013 1569 2016 1496 2017 1571 2018 1572 2019 1573 2018 1572 2017 1571 2020 1488 2020 1488 2017 1571 2021 1574 2022 1575 2023 1576 2024 1577 2023 1576 2022 1575 2025 1578 2025 1578 2022 1575 2026 1579 2026 1579 2022 1575 2027 1580 2028 1581 2029 1582 2030 1583 2029 1582 2028 1581 2031 1584 2032 1585 2033 1586 2034 1587 2033 1586 2032 1585 2035 1588 2035 1588 2032 1585 2036 1589 2036 1589 2032 1585 2037 1590 2037 1590 2032 1585 2038 1591 2039 1592 2040 1425 2041 1508 2040 1425 2039 1592 2042 1519 2043 1593 2044 1594 2045 20 2044 1594 2043 1593 2046 1595 2046 1595 2043 1593 2047 1596 2047 1596 2043 1593 2048 1597 2049 1598 2050 158 2051 1599 2050 158 2049 1598 2052 1466 2053 1600 2054 1601 2055 1602 2054 1601 2053 1600 2056 1603 2057 1531 2058 1542 2059 1472 2058 1542 2057 1531 2060 1604 2061 1605 2062 1606 2063 1607 2062 1606 2061 1605 2064 1608 2064 1608 2061 1605 2065 1609 2066 1610 2067 1611 2068 1612 2067 1611 2066 1610 2069 1613 2069 1613 2066 1610 2070 1614 2071 1542 2072 1553 2073 1483 2072 1553 2071 1542 2074 1615 2075 1553 2076 1616 2077 1552 2076 1616 2075 1553 2078 1617 2079 1618 2080 1619 2081 1559 2080 1619 2079 1618 2082 1620 2083 1621 2084 1622 2085 1623 2084 1622 2083 1621 2086 1624 2086 1624 2083 1621 2087 1625 2088 1565 2089 228 2090 1626 2089 228 2088 1565 2091 42 2092 1627 2093 1628 2094 1629 2093 1628 2092 1627 2095 1630 2096 1631 2097 1570 2098 1632 2097 1570 2096 1631 2099 1569 2100 1633 2101 1634 2102 1635 2101 1634 2100 1633 2103 1636 2103 1636 2100 1633 2104 1637 2105 1638 2106 1496 2107 1569 2106 1496 2105 1638 2108 1639 2109 1640 2110 1641 2111 1642 2110 1641 2109 1640 2112 1643 2113 1639 2114 1412 2115 1496 2114 1412 2113 1639 2116 1508 2117 1644 2118 1645 2119 1646 2118 1645 2117 1644 2120 1647 2120 1647 2117 1644 2121 1648 2122 1649 2123 1650 2124 1651 2123 1650 2122 1649 2125 1652 2126 1653 2127 1508 2128 1639 2127 1508 2126 1653 2129 1592 2130 1654 2131 1655 2132 1656 2131 1655 2130 1654 2133 1657 2134 158 2135 1658 2136 392 2135 1658 2134 158 2137 1659 2138 1660 2139 269 2140 20 2139 269 2138 1660 2141 1661 2141 1661 2138 1660 2142 1662 2143 1663 2144 1664 2145 1665 2144 1664 2143 1663 2146 1666 2147 1606 2148 1667 2149 1668 2148 1667 2147 1606 2150 1669 2150 1669 2147 1606 2151 1608 2150 1669 2151 1608 2152 1670 2153 1604 2154 1615 2155 1542 2154 1615 2153 1604 2156 1671 2157 1615 2158 1617 2159 1553 2158 1617 2157 1615 2160 1672 2084 1622 2161 1673 2162 1674 2161 1673 2084 1622 2163 1675 2163 1675 2084 1622 2086 1624 2164 1617 2165 1632 2166 1616 2165 1632 2164 1617 2167 1631 2168 1676 2169 1677 2170 1678 2169 1677 2168 1676 2171 1679 2171 1679 2168 1676 2172 1680 2173 1681 2174 1682 2175 1683 2174 1682 2173 1681 2176 1684 2176 1684 2173 1681 2177 1685 2178 1686 2179 1687 2180 1688 2179 1687 2178 1686 2181 1689 2181 1689 2178 1686 2182 1690 2183 1691 2184 1692 2185 1693 2184 1692 2183 1691 2186 1694 2186 1694 2183 1691 2187 1695 2188 1696 2189 1639 2190 1638 2189 1639 2188 1696 2191 1653 2192 271 2193 1697 2194 42 2193 1697 2192 271 2195 1693 2195 1693 2192 271 2196 1698 2196 1698 2192 271 2197 1699 2198 1700 2199 334 2200 271 2199 334 2198 1700 2201 1701 2201 1701 2198 1700 2202 1702 2201 1701 2202 1702 2203 1703 2204 1704 2205 1705 2206 1706 2205 1705 2204 1704 2207 1707 2207 1707 2204 1704 2208 1708 2207 1707 2208 1708 2209 1709 2210 1710 2211 1711 2212 1712 2211 1711 2210 1710 2213 1713 2214 1671 2215 1672 2216 1615 2215 1672 2214 1671 2217 1714 2218 1672 2219 1631 2220 1617 2219 1631 2218 1672 2221 1715 2222 1716 2223 1717 2224 1718 2223 1717 2222 1716 2225 1719 2226 1715 2227 1569 2228 1631 2227 1569 2226 1715 2229 1638 2230 1720 2231 1721 2232 1722 2231 1721 2230 1720 2233 1718 2233 1718 2230 1720 2234 1716 2234 1716 2230 1720 2235 1723 2236 1724 2237 1638 2238 1715 2237 1638 2236 1724 2239 1696 2240 1725 2241 1726 2242 1727 2241 1726 2240 1725 2243 1728 2194 42 2244 1729 2245 1081 2244 1729 2194 42 2193 1697 2246 1714 2247 1715 2248 1672 2247 1715 2246 1714 2249 1724 2250 1730 2251 1731 2252 1732 2251 1731 2250 1730 2253 1733</p>
                </triangles>
            </mesh>
        </geometry>
        <geometry id="ID208">
            <mesh>
                <source id="ID211">
                    <float_array id="ID214" count="144">1.816486 97.14586 0 6.339607 159.0975 0 0 128.4194 0 11.66527 67.40805 0 20.40327 187.0895 0 28.87518 41.23258 0 41.23258 210.4877 0 52.27339 20.40327 0 67.40805 227.6976 0 80.26535 6.339607 0 97.14586 237.5464 0 110.9434 0 0 128.4194 239.3629 0 142.217 1.816486 0 159.0975 233.0233 0 171.9548 11.66527 0 187.0895 218.9596 0 198.1303 28.87518 0 210.4877 198.1303 0 218.9596 52.27339 0 227.6976 171.9548 0 233.0233 80.26535 0 237.5464 142.217 0 239.3629 110.9434 0 239.3629 110.9434 0 233.0233 80.26535 0 237.5464 142.217 0 227.6976 171.9548 0 218.9596 52.27339 0 210.4877 198.1303 0 198.1303 28.87518 0 187.0895 218.9596 0 171.9548 11.66527 0 159.0975 233.0233 0 142.217 1.816486 0 128.4194 239.3629 0 110.9434 0 0 97.14586 237.5464 0 80.26535 6.339607 0 67.40805 227.6976 0 52.27339 20.40327 0 41.23258 210.4877 0 28.87518 41.23258 0 20.40327 187.0895 0 11.66527 67.40805 0 6.339607 159.0975 0 1.816486 97.14586 0 0 128.4194 0</float_array>
                    <technique_common>
                        <accessor count="48" source="#ID214" stride="3">
                            <param name="X" type="float" />
                            <param name="Y" type="float" />
                            <param name="Z" type="float" />
                        </accessor>
                    </technique_common>
                </source>
                <source id="ID212">
                    <float_array id="ID215" count="144">0 0 1 0 0 1 0 0 1 0 0 1 0 0 1 0 0 1 0 0 1 0 0 1 0 0 1 0 0 1 0 0 1 0 0 1 0 0 1 0 0 1 0 0 1 0 0 1 0 0 1 0 0 1 0 0 1 0 0 1 0 0 1 0 0 1 0 0 1 0 0 1 -0 -0 -1 -0 -0 -1 -0 -0 -1 -0 -0 -1 -0 -0 -1 -0 -0 -1 -0 -0 -1 -0 -0 -1 -0 -0 -1 -0 -0 -1 -0 -0 -1 -0 -0 -1 -0 -0 -1 -0 -0 -1 -0 -0 -1 -0 -0 -1 -0 -0 -1 -0 -0 -1 -0 -0 -1 -0 -0 -1 -0 -0 -1 -0 -0 -1 -0 -0 -1 -0 -0 -1</float_array>
                    <technique_common>
                        <accessor count="48" source="#ID215" stride="3">
                            <param name="X" type="float" />
                            <param name="Y" type="float" />
                            <param name="Z" type="float" />
                        </accessor>
                    </technique_common>
                </source>
                <vertices id="ID213">
                    <input semantic="POSITION" source="#ID211" />
                    <input semantic="NORMAL" source="#ID212" />
                </vertices>
                <triangles count="44" material="Material2">
                    <input offset="0" semantic="VERTEX" source="#ID213" />
                    <p>0 1 2 1 0 3 1 3 4 4 3 5 4 5 6 6 5 7 6 7 8 8 7 9 8 9 10 10 9 11 10 11 12 12 11 13 12 13 14 14 13 15 14 15 16 16 15 17 16 17 18 18 17 19 18 19 20 20 19 21 20 21 22 22 21 23 24 25 26 26 25 27 25 28 27 27 28 29 28 30 29 29 30 31 30 32 31 31 32 33 32 34 33 33 34 35 34 36 35 35 36 37 36 38 37 37 38 39 38 40 39 39 40 41 40 42 41 41 42 43 42 44 43 43 44 45 44 46 45 47 45 46</p>
                </triangles>
            </mesh>
        </geometry>
    </library_geometries>
    <library_materials>
        <material id="ID6" name="Color_B07">
            <instance_effect url="#ID7" />
        </material>
        <material id="ID26" name="Color_M09">
            <instance_effect url="#ID27" />
        </material>
        <material id="ID136" name="Color_H03">
            <instance_effect url="#ID137" />
        </material>
        <material id="ID144" name="edge_color170255222255">
            <instance_effect url="#ID145" />
        </material>
        <material id="ID195" name="ZeldaFluffyRock">
            <instance_effect url="#ID196" />
        </material>
        <material id="ID209" name="Chris_Skin">
            <instance_effect url="#ID210" />
        </material>
    </library_materials>
    <library_effects>
        <effect id="ID7">
            <profile_COMMON>
                <technique sid="COMMON">
                    <lambert>
                        <diffuse>
                            <color>0.6 0.1490196 0 1</color>
                        </diffuse>
                    </lambert>
                </technique>
            </profile_COMMON>
        </effect>
        <effect id="ID27">
            <profile_COMMON>
                <technique sid="COMMON">
                    <lambert>
                        <diffuse>
                            <color>0 0 0 1</color>
                        </diffuse>
                    </lambert>
                </technique>
            </profile_COMMON>
        </effect>
        <effect id="ID137">
            <profile_COMMON>
                <technique sid="COMMON">
                    <lambert>
                        <diffuse>
                            <color>0.6666667 1 0.8705882 1</color>
                        </diffuse>
                    </lambert>
                </technique>
            </profile_COMMON>
        </effect>
        <effect id="ID145">
            <profile_COMMON>
                <technique sid="COMMON">
                    <constant>
                        <transparent opaque="A_ONE">
                            <color>0.6666667 1 0.8705882 1</color>
                        </transparent>
                        <transparency>
                            <float>1</float>
                        </transparency>
                    </constant>
                </technique>
            </profile_COMMON>
        </effect>
        <effect id="ID196">
            <profile_COMMON>
                <newparam sid="ID198">
                    <surface type="2D">
                        <init_from>ID197</init_from>
                    </surface>
                </newparam>
                <newparam sid="ID199">
                    <sampler2D>
                        <source>ID198</source>
                    </sampler2D>
                </newparam>
                <technique sid="COMMON">
                    <lambert>
                        <diffuse>
                            <texture texture="ID199" texcoord="UVSET0" />
                        </diffuse>
                    </lambert>
                </technique>
            </profile_COMMON>
        </effect>
        <effect id="ID210">
            <profile_COMMON>
                <technique sid="COMMON">
                    <lambert>
                        <diffuse>
                            <color>0.7529412 0.6431373 0.4509804 1</color>
                        </diffuse>
                    </lambert>
                </technique>
            </profile_COMMON>
        </effect>
    </library_effects>
    <library_nodes>
        <node id="ID131" name="Component_1">
            <node id="ID132" name="instance_1">
                <matrix>1 0 0 1.421085e-14 0 1 0 0.7518393 0 0 1 0.0492126 0 0 0 1</matrix>
                <instance_node url="#ID133" />
            </node>
        </node>
        <node id="ID133" name="Saber">
            <instance_geometry url="#ID189">
                <bind_material>
                    <technique_common>
                        <instance_material symbol="Material2" target="#ID144">
                            <bind_vertex_input semantic="UVSET0" input_semantic="TEXCOORD" input_set="0" />
                        </instance_material>
                    </technique_common>
                </bind_material>
            </instance_geometry>
            <node id="ID134" name="group_3">
                <matrix>0.83 6.617445e-24 -1.537101e-29 0.1610209 0 1 -9.027797e-36 -1.68253 -7.283777e-30 -6.018531e-36 0.8382353 1.082677 0 0 0 1</matrix>
                <instance_geometry url="#ID135">
                    <bind_material>
                        <technique_common>
                            <instance_material symbol="Material2" target="#ID136">
                                <bind_vertex_input semantic="UVSET0" input_semantic="TEXCOORD" input_set="0" />
                            </instance_material>
                        </technique_common>
                    </bind_material>
                </instance_geometry>
                <instance_geometry url="#ID143">
                    <bind_material>
                        <technique_common>
                            <instance_material symbol="Material2" target="#ID144">
                                <bind_vertex_input semantic="UVSET0" input_semantic="TEXCOORD" input_set="0" />
                            </instance_material>
                        </technique_common>
                    </bind_material>
                </instance_geometry>
                <instance_geometry url="#ID149">
                    <bind_material>
                        <technique_common>
                            <instance_material symbol="Material2" target="#ID144">
                                <bind_vertex_input semantic="UVSET0" input_semantic="TEXCOORD" input_set="0" />
                            </instance_material>
                        </technique_common>
                    </bind_material>
                </instance_geometry>
                <instance_geometry url="#ID153">
                    <bind_material>
                        <technique_common>
                            <instance_material symbol="Material2" target="#ID144">
                                <bind_vertex_input semantic="UVSET0" input_semantic="TEXCOORD" input_set="0" />
                            </instance_material>
                        </technique_common>
                    </bind_material>
                </instance_geometry>
            </node>
            <node id="ID157" name="group_4">
                <matrix>1 0 0 2.645121 0 1 0 1.370839 0 0 1 1.082677 0 0 0 1</matrix>
                <instance_geometry url="#ID158">
                    <bind_material>
                        <technique_common>
                            <instance_material symbol="Material2" target="#ID136">
                                <bind_vertex_input semantic="UVSET0" input_semantic="TEXCOORD" input_set="0" />
                            </instance_material>
                        </technique_common>
                    </bind_material>
                </instance_geometry>
            </node>
            <node id="ID164" name="group_5">
                <matrix>1 0 0 2.743546 0 1 0 1.469265 0 0 1 6.692913 0 0 0 1</matrix>
                <instance_geometry url="#ID165">
                    <bind_material>
                        <technique_common>
                            <instance_material symbol="Material2" target="#ID136">
                                <bind_vertex_input semantic="UVSET0" input_semantic="TEXCOORD" input_set="0" />
                            </instance_material>
                        </technique_common>
                    </bind_material>
                </instance_geometry>
                <instance_geometry url="#ID171">
                    <bind_material>
                        <technique_common>
                            <instance_material symbol="Material2" target="#ID136">
                                <bind_vertex_input semantic="UVSET0" input_semantic="TEXCOORD" input_set="0" />
                            </instance_material>
                        </technique_common>
                    </bind_material>
                </instance_geometry>
            </node>
            <node id="ID177" name="group_6">
                <matrix>1 0 0 2.595908 0 1 0 1.321627 0 0 1 0 0 0 0 1</matrix>
                <instance_geometry url="#ID185">
                    <bind_material>
                        <technique_common>
                            <instance_material symbol="Material2" target="#ID144">
                                <bind_vertex_input semantic="UVSET0" input_semantic="TEXCOORD" input_set="0" />
                            </instance_material>
                        </technique_common>
                    </bind_material>
                </instance_geometry>
                <node id="ID178" name="group_7">
                    <matrix>1 0 0 0 0 1 0 0 0 0 1 0 0 0 0 1</matrix>
                    <instance_geometry url="#ID179">
                        <bind_material>
                            <technique_common>
                                <instance_material symbol="Material2" target="#ID136">
                                    <bind_vertex_input semantic="UVSET0" input_semantic="TEXCOORD" input_set="0" />
                                </instance_material>
                            </technique_common>
                        </bind_material>
                    </instance_geometry>
                </node>
            </node>
        </node>
    </library_nodes>
    <library_images>
        <image id="ID197">
            <init_from>Opening/ZeldaFluffyRock.png</init_from>
        </image>
    </library_images>
    <scene>
        <instance_visual_scene url="#ID2" />
    </scene>
</COLLADA>
