<?xml version="1.0" encoding="UTF-8" standalone="no" ?>
<COLLADA xmlns="http://www.collada.org/2005/11/COLLADASchema" version="1.4.1">
    <asset>
        <contributor>
            <authoring_tool>SketchUp 17.1.174</authoring_tool>
        </contributor>
        <created>2017-05-29T02:06:22Z</created>
        <modified>2017-05-29T02:06:22Z</modified>
        <unit meter="0.0254" name="inch" />
        <up_axis>Z_UP</up_axis>
    </asset>
    <library_cameras>
        <camera id="ID1" name="skp_camera_Last_Saved_SketchUp_View">
            <optics>
                <technique_common>
                    <perspective>
                        <yfov>35</yfov>
                        <aspect_ratio>0</aspect_ratio>
                        <znear>1</znear>
                        <zfar>1000</zfar>
                    </perspective>
                </technique_common>
            </optics>
        </camera>
    </library_cameras>
    <library_visual_scenes>
        <visual_scene id="ID2">
            <node name="SketchUp">
                <node name="skp_camera_Last_Saved_SketchUp_View">
                    <matrix>0.9999029 -0.0100415 0.009660694 316.2646 0.01393415 0.7205691 -0.6932431 523.1151 1.301043e-17 0.6933104 0.7206391 170.0295 0 0 0 1</matrix>
                    <instance_camera url="#ID1" />
                </node>
                <node id="ID3" name="instance_0">
                    <matrix>1 0 0 285.4331 0 1 0 610.2362 0 0 1 -2.218671e-31 0 0 0 1</matrix>
                    <instance_geometry url="#ID4">
                        <bind_material>
                            <technique_common>
                                <instance_material symbol="Material2" target="#ID5">
                                    <bind_vertex_input semantic="UVSET0" input_semantic="TEXCOORD" input_set="0" />
                                </instance_material>
                            </technique_common>
                        </bind_material>
                    </instance_geometry>
                    <instance_geometry url="#ID12">
                        <bind_material>
                            <technique_common>
                                <instance_material symbol="Material2" target="#ID13">
                                    <bind_vertex_input semantic="UVSET0" input_semantic="TEXCOORD" input_set="0" />
                                </instance_material>
                            </technique_common>
                        </bind_material>
                    </instance_geometry>
                    <instance_geometry url="#ID25">
                        <bind_material>
                            <technique_common>
                                <instance_material symbol="Material2" target="#ID13">
                                    <bind_vertex_input semantic="UVSET0" input_semantic="TEXCOORD" input_set="0" />
                                </instance_material>
                            </technique_common>
                        </bind_material>
                    </instance_geometry>
                    <instance_geometry url="#ID33">
                        <bind_material>
                            <technique_common>
                                <instance_material symbol="Material2" target="#ID34">
                                    <bind_vertex_input semantic="UVSET0" input_semantic="TEXCOORD" input_set="0" />
                                </instance_material>
                            </technique_common>
                        </bind_material>
                    </instance_geometry>
                    <instance_geometry url="#ID46">
                        <bind_material>
                            <technique_common>
                                <instance_material symbol="Material2" target="#ID47">
                                    <bind_vertex_input semantic="UVSET0" input_semantic="TEXCOORD" input_set="0" />
                                </instance_material>
                            </technique_common>
                        </bind_material>
                    </instance_geometry>
                    <instance_geometry url="#ID59">
                        <bind_material>
                            <technique_common>
                                <instance_material symbol="Material2" target="#ID47">
                                    <bind_vertex_input semantic="UVSET0" input_semantic="TEXCOORD" input_set="0" />
                                </instance_material>
                            </technique_common>
                        </bind_material>
                    </instance_geometry>
                    <instance_geometry url="#ID67">
                        <bind_material>
                            <technique_common>
                                <instance_material symbol="Material2" target="#ID34">
                                    <bind_vertex_input semantic="UVSET0" input_semantic="TEXCOORD" input_set="0" />
                                </instance_material>
                            </technique_common>
                        </bind_material>
                    </instance_geometry>
                    <instance_geometry url="#ID75">
                        <bind_material>
                            <technique_common>
                                <instance_material symbol="Material2" target="#ID34">
                                    <bind_vertex_input semantic="UVSET0" input_semantic="TEXCOORD" input_set="0" />
                                </instance_material>
                            </technique_common>
                        </bind_material>
                    </instance_geometry>
                    <instance_geometry url="#ID83">
                        <bind_material>
                            <technique_common>
                                <instance_material symbol="Material2" target="#ID34">
                                    <bind_vertex_input semantic="UVSET0" input_semantic="TEXCOORD" input_set="0" />
                                </instance_material>
                            </technique_common>
                        </bind_material>
                    </instance_geometry>
                    <instance_geometry url="#ID91">
                        <bind_material>
                            <technique_common>
                                <instance_material symbol="Material2" target="#ID13">
                                    <bind_vertex_input semantic="UVSET0" input_semantic="TEXCOORD" input_set="0" />
                                </instance_material>
                            </technique_common>
                        </bind_material>
                    </instance_geometry>
                    <instance_geometry url="#ID99">
                        <bind_material>
                            <technique_common>
                                <instance_material symbol="Material2" target="#ID47">
                                    <bind_vertex_input semantic="UVSET0" input_semantic="TEXCOORD" input_set="0" />
                                </instance_material>
                            </technique_common>
                        </bind_material>
                    </instance_geometry>
                    <instance_geometry url="#ID107">
                        <bind_material>
                            <technique_common>
                                <instance_material symbol="Material2" target="#ID47">
                                    <bind_vertex_input semantic="UVSET0" input_semantic="TEXCOORD" input_set="0" />
                                </instance_material>
                            </technique_common>
                        </bind_material>
                    </instance_geometry>
                    <instance_geometry url="#ID115">
                        <bind_material>
                            <technique_common>
                                <instance_material symbol="Material2" target="#ID13">
                                    <bind_vertex_input semantic="UVSET0" input_semantic="TEXCOORD" input_set="0" />
                                </instance_material>
                            </technique_common>
                        </bind_material>
                    </instance_geometry>
                    <instance_geometry url="#ID123">
                        <bind_material>
                            <technique_common>
                                <instance_material symbol="Material2" target="#ID124">
                                    <bind_vertex_input semantic="UVSET0" input_semantic="TEXCOORD" input_set="0" />
                                </instance_material>
                            </technique_common>
                        </bind_material>
                    </instance_geometry>
                </node>
            </node>
        </visual_scene>
    </library_visual_scenes>
    <library_geometries>
        <geometry id="ID4">
            <mesh>
                <source id="ID7">
                    <float_array id="ID10" count="1668">13.77953 3.558398e-11 50.34993 13.77953 3.558398e-11 50.92521 12.68669 3.649347e-11 50.97327 12.49478 3.672085e-11 50.97329 12.15882 3.694822e-11 50.82951 11.63077 3.740297e-11 50.54188 9.326157 3.922196e-11 50.06242 8.173668 4.001777e-11 50.1584 7.020504 4.092726e-11 49.91855 4.567942 4.285994e-11 48.81456 4.423493 4.308731e-11 48.67052 4.807896 4.274625e-11 48.52655 5.384898 4.22915e-11 48.62264 5.961814 4.183676e-11 48.71872 6.49083 4.138201e-11 49.00676 7.596391 4.047251e-11 49.39074 8.172792 4.001777e-11 49.34279 8.941662 3.944933e-11 49.72663 11.24618 3.763034e-11 49.63072 12.39818 3.672085e-11 49.87052 12.97413 3.62661e-11 50.15821 13.77953 39.37008 55.11811 13.77953 3.558398e-11 55.11811 13.77953 3.558398e-11 50.92521 13.77953 3.558398e-11 50.34993 13.77953 3.558398e-11 19.68504 13.77953 3.558398e-11 2.218671e-31 13.77953 39.37008 2.218671e-31 13.77953 39.37008 19.68504 13.77953 39.37008 52.44191 13.77953 39.37008 53.15421 13.77953 39.37008 59.05512 13.77953 3.558398e-11 59.05512 13.77953 3.558398e-11 55.11811 13.77953 39.37008 55.11811 13.77953 39.37008 53.15421 13.77953 39.37008 52.44191 11.18408 39.37008 53.54988 10.55205 39.37008 53.7081 9.919727 39.37008 53.62893 8.971003 39.37008 53.31237 6.759368 39.37008 53.5496 5.495652 39.37008 53.54952 4.863875 39.37008 53.54948 4.627433 39.37008 53.78676 5.734203 39.37008 54.41963 6.997742 39.37008 54.34068 7.62994 39.37008 54.49897 8.261511 39.37008 54.26172 9.209329 39.37008 54.1036 10.47351 39.37008 54.0246 11.42234 39.37008 54.3412 12.60686 39.37008 53.54997 13.77953 3.558398e-11 59.05512 13.77953 39.37008 59.05512 13.85578 39.37008 59.63434 14.04783 39.37008 61.09306 14.31613 39.37008 63.13101 14.31613 3.512923e-11 63.13101 13.9219 3.547029e-11 60.13653 14.04783 39.37008 61.09306 13.85578 39.37008 59.63434 11.58914 39.37008 60.3523 10.64177 39.37008 60.74707 9.693566 39.37008 60.50941 8.746109 39.37008 60.66699 7.79798 39.37008 60.35032 6.851058 39.37008 60.66596 6.457892 39.37008 61.53501 7.32699 39.37008 61.93064 8.274032 39.37008 61.69416 10.16943 39.37008 61.77436 11.11666 39.37008 61.37973 11.74851 39.37008 61.30105 12.06474 39.37008 61.45934 13.01196 39.37008 60.82743 13.6437 39.37008 60.51152 14.31613 3.512923e-11 63.13101 14.31613 39.37008 63.13101 15.10275 39.37008 65.03007 15.28886 39.37008 65.47938 15.46362 39.37008 65.9013 15.88936 39.37008 66.92913 15.88936 3.387868e-11 66.92913 15.49437 3.421974e-11 65.97552 15.10275 3.444711e-11 65.03007 13.77953 3.558398e-11 59.05512 13.9219 3.547029e-11 60.13653 13.72769 3.569767e-11 60.15949 13.6144 3.581135e-11 60.18951 13.60229 3.569767e-11 60.26243 13.21902 3.592504e-11 60.40637 12.64395 3.637979e-11 60.40705 12.59624 3.649347e-11 60.78977 12.02118 3.694822e-11 60.88614 11.11075 3.763034e-11 61.31779 10.29627 3.819878e-11 61.94067 9.960873 3.853984e-11 62.18028 9.385642 3.899459e-11 62.32457 9.002031 3.922196e-11 62.3251 8.47481 3.967671e-11 62.61284 8.139353 3.990408e-11 62.85249 7.563799 4.035883e-11 62.85332 6.604559 4.115464e-11 62.99824 6.412653 4.126832e-11 62.99852 6.31645 4.138201e-11 62.8073 6.364183 4.138201e-11 62.61586 7.323119 4.05862e-11 62.13608 8.28206 3.979039e-11 61.75203 9.240972 3.910827e-11 61.46372 9.624601 3.876721e-11 61.46322 10.15176 3.831246e-11 61.12766 10.53528 3.808509e-11 61.07934 11.06242 3.763034e-11 60.79165 11.44583 3.740297e-11 60.64767 11.87696 3.694822e-11 60.2166 12.78739 3.62661e-11 59.785 13.36241 3.581135e-11 59.64084 15.25422 39.37008 66.5889 15.88936 39.37008 66.92913 15.43599 39.37008 66.2142 15.46362 39.37008 65.9013 15.28886 39.37008 65.47938 14.78849 39.37008 65.70035 14.65143 39.37008 65.841 14.4237 39.37008 66.16886 14.29074 39.37008 66.91725 14.25463 39.37008 68.41271 14.25708 39.37008 68.78638 14.07562 39.37008 69.11308 13.34367 39.37008 69.39221 12.89005 39.37008 70.04436 13.21545 39.37008 70.74428 13.76632 39.37008 70.88556 14.1323 39.37008 70.74657 14.72542 39.37008 70.1879 15.22708 39.37008 69.58162 15.03843 39.37008 68.83374 14.93694 39.37008 67.33769 15.88936 3.387868e-11 66.92913 15.88936 39.37008 66.92913 18.39202 39.37008 70.19066 18.39202 3.1946e-11 70.19066 15.10275 3.444711e-11 65.03007 15.49437 3.421974e-11 65.97552 14.9658 3.467449e-11 66.01303 14.58312 3.490186e-11 66.2043 13.6263 3.569767e-11 66.58688 13.53107 3.581135e-11 67.35193 13.48333 3.581135e-11 67.54318 13.29195 3.592504e-11 67.59102 12.71784 3.637979e-11 67.83017 11.95227 3.694822e-11 68.11719 10.99495 3.774403e-11 68.21303 10.70797 3.79714e-11 68.49998 10.13351 3.842615e-11 68.59576 9.176043 3.922196e-11 68.83512 8.984309 3.933565e-11 68.69172 9.031982 3.933565e-11 68.50042 9.366964 3.899459e-11 68.26122 10.32427 3.831246e-11 67.83061 10.70733 3.79714e-11 67.83054 11.23377 3.763034e-11 67.59135 12.09507 3.694822e-11 67.11302 12.5732 3.649347e-11 66.39562 12.8123 3.637979e-11 66.06082 13.33866 3.592504e-11 65.82169 14.24776 3.524292e-11 65.43911 14.63061 3.490186e-11 65.48697 18.39202 3.1946e-11 70.19066 18.39202 39.37008 70.19066 20.99775 39.37008 72.19011 21.65354 39.37008 72.69331 21.65354 2.93312e-11 72.69331 20.72757 3.012701e-11 71.98279 20.02278 3.058176e-11 71.44199 21.65354 39.37008 72.69331 20.99775 39.37008 72.19011 20.78938 39.37008 73.34191 20.69845 39.37008 73.71623 20.51301 39.37008 73.7153 20.14233 39.37008 73.71343 18.29603 39.37008 74.35838 16.45514 39.37008 74.8145 15.95122 39.37008 75.13777 15.76968 39.37008 75.50942 15.91097 39.37008 76.06946 16.23415 39.37008 76.30473 18.07252 39.37008 75.66472 19.86922 39.37008 74.64792 20.79548 39.37008 74.60652 21.72411 39.37008 74.75249 22.1405 39.37008 74.37996 22.32497 39.37008 74.05275 22.69024 39.37008 73.12273 21.65354 2.93312e-11 72.69331 21.65354 39.37008 72.69331 22.69024 39.37008 73.12273 25.45167 39.37008 74.26655 25.45167 2.637535e-11 74.26655 23.55261 2.785328e-11 73.47993 23.0802 2.819434e-11 73.28425 20.02278 3.058176e-11 71.44199 20.72757 3.012701e-11 71.98279 20.37051 3.035439e-11 72.09389 19.89199 3.069545e-11 72.52421 19.60475 3.092282e-11 72.8111 19.02983 3.137757e-11 72.9088 16.96576 3.296918e-11 73.7765 16.00341 3.376499e-11 74.02002 15.03935 3.45608e-11 74.07282 14.07359 3.524292e-11 74.03007 13.49393 3.569767e-11 74.3201 12.91304 3.615241e-11 74.22755 12.71915 3.637979e-11 74.13286 12.91267 3.615241e-11 74.03612 13.49307 3.569767e-11 73.84174 13.88002 3.547029e-11 73.88761 14.07335 3.524292e-11 73.88662 14.16938 3.524292e-11 73.50358 14.21709 3.512923e-11 73.12074 14.41021 3.501555e-11 73.02423 14.79677 3.467449e-11 73.16597 15.95427 3.376499e-11 73.16078 16.33955 3.353762e-11 73.11131 16.86864 3.308287e-11 72.72712 18.02214 3.217338e-11 72.5793 18.35807 3.1946e-11 72.33955 18.88572 3.149125e-11 72.09922 25.45167 2.637535e-11 74.26655 25.45167 39.37008 74.26655 26.88855 39.37008 74.45572 29.52756 39.37008 74.80315 29.52756 2.319211e-11 74.80315 23.0802 2.819434e-11 73.28425 23.55261 2.785328e-11 73.47993 23.61243 2.773959e-11 74.26494 23.61208 2.773959e-11 74.64428 23.46895 2.785328e-11 75.21404 23.13548 2.808065e-11 75.92725 22.94492 2.830802e-11 76.30778 22.9445 2.830802e-11 76.87647 22.99178 2.830802e-11 77.25511 22.80126 2.842171e-11 77.63563 22.2297 2.887646e-11 78.49325 21.61022 2.93312e-11 79.30441 20.65654 3.012701e-11 79.64555 20.27469 3.035439e-11 79.5071 20.13142 3.046807e-11 79.36622 20.22694 3.046807e-11 79.17556 20.51344 3.02407e-11 78.88825 20.65665 3.012701e-11 78.74463 21.03836 2.978595e-11 78.69369 21.41982 2.944489e-11 78.69018 21.61067 2.93312e-11 78.11964 21.84933 2.921752e-11 77.16941 21.94498 2.910383e-11 76.40984 22.32662 2.876277e-11 75.45843 22.8034 2.842171e-11 74.55406 26.88855 39.37008 74.45572 25.45167 39.37008 74.26655 25.95362 39.37008 74.90162 25.95989 39.37008 75.48483 25.86237 39.37008 75.87408 26.06991 39.37008 76.26105 26.27927 39.37008 76.84153 25.82941 39.37008 77.52421 25.42798 39.37008 78.01291 25.23042 39.37008 78.54821 24.92828 39.37008 78.84241 24.93049 39.37008 79.03626 25.69018 39.37008 78.73689 25.88757 39.37008 78.20204 26.83968 39.37008 77.07909 27.08949 39.37008 76.73803 27.03493 39.37008 76.35094 26.77557 39.37008 75.77099 26.56658 39.37008 75.18988 29.52756 2.319211e-11 74.80315 29.52756 39.37008 74.80315 33.60345 39.37008 74.26655 33.60345 2.000888e-11 74.26655 32.16657 2.114575e-11 74.45572 33.60345 2.000888e-11 74.26655 33.60345 39.37008 74.26655 35.50251 39.37008 73.47993 35.97492 39.37008 73.28425 37.40157 39.37008 72.69331 37.40157 1.693934e-11 72.69331 36.36488 1.773515e-11 73.12273 32.16657 2.114575e-11 74.45572 33.60345 2.000888e-11 74.26655 33.1015 2.034994e-11 74.90162 33.09522 2.034994e-11 75.48483 33.19275 2.023626e-11 75.87408 32.98521 2.046363e-11 76.26105 32.77585 2.057732e-11 76.84153 33.22571 2.023626e-11 77.52421 33.62714 1.98952e-11 78.01291 33.8247 1.978151e-11 78.54821 34.12684 1.955414e-11 78.84241 34.12463 1.955414e-11 79.03626 33.36494 2.012257e-11 78.73689 33.16755 2.034994e-11 78.20204 32.21544 2.103206e-11 77.07909 31.96562 2.125944e-11 76.73803 32.02018 2.125944e-11 76.35094 32.27955 2.103206e-11 75.77099 32.48854 2.080469e-11 75.18988 35.97492 39.37008 73.28425 35.50251 39.37008 73.47993 35.44269 39.37008 74.26494 35.44303 39.37008 74.64428 35.58617 39.37008 75.21404 35.91964 39.37008 75.92725 36.1102 39.37008 76.30778 36.11062 39.37008 76.87647 36.06333 39.37008 77.25511 36.25386 39.37008 77.63563 36.82542 39.37008 78.49325 37.44489 39.37008 79.30441 38.39858 39.37008 79.64555 38.78043 39.37008 79.5071 38.9237 39.37008 79.36622 38.82818 39.37008 79.17556 38.54168 39.37008 78.88825 38.39847 39.37008 78.74463 38.01676 39.37008 78.69369 37.6353 39.37008 78.69018 37.44445 39.37008 78.11964 37.20579 39.37008 77.16941 37.11014 39.37008 76.40984 36.7285 39.37008 75.45843 36.25172 39.37008 74.55406 37.40157 1.693934e-11 72.69331 37.40157 39.37008 72.69331 38.32754 39.37008 71.98279 39.03234 39.37008 71.44199 40.6631 39.37008 70.19066 40.6631 1.443823e-11 70.19066 38.05737 1.648459e-11 72.19011 37.40157 1.693934e-11 72.69331 38.05737 1.648459e-11 72.19011 38.26574 1.625722e-11 73.34191 38.35667 1.614353e-11 73.71623 38.5421 1.602984e-11 73.7153 38.91279 1.568878e-11 73.71343 40.75909 1.421085e-11 74.35838 42.59997 1.284661e-11 74.8145 43.1039 1.239187e-11 75.13777 43.28544 1.227818e-11 75.50942 43.14414 1.239187e-11 76.06946 42.82097 1.261924e-11 76.30473 40.9826 1.409717e-11 75.66472 39.1859 1.546141e-11 74.64792 38.25964 1.625722e-11 74.60652 37.33101 1.693934e-11 74.75249 36.91462 1.72804e-11 74.37996 36.73015 1.739409e-11 74.05275 36.36488 1.773515e-11 73.12273 39.03234 39.37008 71.44199 38.32754 39.37008 71.98279 38.68461 39.37008 72.09389 39.16313 39.37008 72.52421 39.45037 39.37008 72.8111 40.02529 39.37008 72.9088 42.08935 39.37008 73.7765 43.0517 39.37008 74.02002 44.01576 39.37008 74.07282 44.98153 39.37008 74.03007 45.56119 39.37008 74.3201 46.14208 39.37008 74.22755 46.33597 39.37008 74.13286 46.14245 39.37008 74.03612 45.56205 39.37008 73.84174 45.1751 39.37008 73.88761 44.98176 39.37008 73.88662 44.88574 39.37008 73.50358 44.83803 39.37008 73.12074 44.64491 39.37008 73.02423 44.25835 39.37008 73.16597 43.10085 39.37008 73.16078 42.71557 39.37008 73.11131 42.18648 39.37008 72.72712 41.03298 39.37008 72.5793 40.69704 39.37008 72.33955 40.1694 39.37008 72.09922 40.6631 1.443823e-11 70.19066 40.6631 39.37008 70.19066 43.16575 39.37008 66.92913 43.16575 1.250555e-11 66.92913 43.16575 1.250555e-11 66.92913 43.16575 39.37008 66.92913 43.56075 39.37008 65.97552 43.95237 39.37008 65.03007 44.73899 39.37008 63.13101 44.73899 1.1255e-11 63.13101 43.95237 1.193712e-11 65.03007 43.76626 1.20508e-11 65.47938 43.5915 1.216449e-11 65.9013 43.95237 39.37008 65.03007 43.56075 39.37008 65.97552 44.08932 39.37008 66.01303 44.472 39.37008 66.2043 45.42882 39.37008 66.58688 45.52405 39.37008 67.35193 45.57178 39.37008 67.54318 45.76317 39.37008 67.59102 46.33727 39.37008 67.83017 47.10285 39.37008 68.11719 48.06016 39.37008 68.21303 48.34715 39.37008 68.49998 48.9216 39.37008 68.59576 49.87907 39.37008 68.83512 50.07081 39.37008 68.69172 50.02314 39.37008 68.50042 49.68815 39.37008 68.26122 48.73085 39.37008 67.83061 48.34779 39.37008 67.83054 47.82135 39.37008 67.59135 46.96005 39.37008 67.11302 46.48191 39.37008 66.39562 46.24282 39.37008 66.06082 45.71646 39.37008 65.82169 44.80736 39.37008 65.43911 44.42451 39.37008 65.48697 44.73899 1.1255e-11 63.13101 44.73899 39.37008 63.13101 45.13322 39.37008 60.13653 45.27559 39.37008 59.05512 45.27559 1.080025e-11 59.05512 45.19933 1.091394e-11 59.63434 45.00729 1.102762e-11 61.09306 43.8009 1.193712e-11 66.5889 43.16575 1.250555e-11 66.92913 43.61913 1.20508e-11 66.2142 43.5915 1.216449e-11 65.9013 43.76626 1.20508e-11 65.47938 44.26663 1.148237e-11 65.70035 44.40369 1.136868e-11 65.841 44.63142 1.1255e-11 66.16886 44.76437 1.114131e-11 66.91725 44.80049 1.102762e-11 68.41271 44.79804 1.114131e-11 68.78638 44.9795 1.091394e-11 69.11308 45.71145 1.03455e-11 69.39221 46.16507 1.000444e-11 70.04436 45.83967 1.023182e-11 70.74428 45.2888 1.068656e-11 70.88556 44.92282 1.102762e-11 70.74657 44.32969 1.148237e-11 70.1879 43.82804 1.182343e-11 69.58162 44.01669 1.170974e-11 68.83374 44.11818 1.159606e-11 67.33769 45.27559 39.37008 59.05512 45.13322 39.37008 60.13653 45.32743 39.37008 60.15949 45.44072 39.37008 60.18951 45.45283 39.37008 60.26243 45.8361 39.37008 60.40637 46.41116 39.37008 60.40705 46.45888 39.37008 60.78977 47.03394 39.37008 60.88614 47.94437 39.37008 61.31779 48.75885 39.37008 61.94067 49.09424 39.37008 62.18028 49.66948 39.37008 62.32457 50.05309 39.37008 62.3251 50.58031 39.37008 62.61284 50.91576 39.37008 62.85249 51.49132 39.37008 62.85332 52.45056 39.37008 62.99824 52.64247 39.37008 62.99852 52.73867 39.37008 62.8073 52.69094 39.37008 62.61586 51.732 39.37008 62.13608 50.77306 39.37008 61.75203 49.81415 39.37008 61.46372 49.43052 39.37008 61.46322 48.90336 39.37008 61.12766 48.51983 39.37008 61.07934 47.99269 39.37008 60.79165 47.60929 39.37008 60.64767 47.17816 39.37008 60.2166 46.26773 39.37008 59.785 45.6927 39.37008 59.64084 45.27559 1.080025e-11 59.05512 45.27559 39.37008 59.05512 45.27559 39.37008 55.11811 45.27559 1.080025e-11 55.11811 45.00729 1.102762e-11 61.09306 45.19933 1.091394e-11 59.63434 47.46598 8.98126e-12 60.3523 48.41335 8.299139e-12 60.74707 49.36155 7.503331e-12 60.50941 50.30901 6.82121e-12 60.66699 51.25714 6.025402e-12 60.35032 52.20406 5.343281e-12 60.66596 52.59723 5.002221e-12 61.53501 51.72813 5.684342e-12 61.93064 50.78109 6.366463e-12 61.69416 48.88569 7.844392e-12 61.77436 47.93846 8.6402e-12 61.37973 47.30661 9.094947e-12 61.30105 46.99038 9.436008e-12 61.45934 46.04315 1.011813e-11 60.82743 45.41142 1.057288e-11 60.51152 45.27559 1.080025e-11 55.11811 45.27559 39.37008 55.11811 45.27559 39.37008 50.92521 45.27559 39.37008 50.34993 45.27559 39.37008 19.68504 45.27559 39.37008 2.218671e-31 45.27559 1.080025e-11 2.218671e-31 45.27559 1.080025e-11 19.68504 45.27559 1.080025e-11 52.44191 45.27559 1.080025e-11 53.15421 45.27559 39.37008 50.34993 45.27559 39.37008 50.92521 46.36843 39.37008 50.97327 46.56034 39.37008 50.97329 46.8963 39.37008 50.82951 47.42434 39.37008 50.54188 49.72896 39.37008 50.06242 50.88145 39.37008 50.1584 52.03461 39.37008 49.91855 54.48718 39.37008 48.81456 54.63162 39.37008 48.67052 54.24722 39.37008 48.52655 53.67022 39.37008 48.62264 53.0933 39.37008 48.71872 52.56429 39.37008 49.00676 51.45873 39.37008 49.39074 50.88233 39.37008 49.34279 50.11346 39.37008 49.72663 47.80894 39.37008 49.63072 46.65694 39.37008 49.87052 46.08099 39.37008 50.15821 45.27559 1.080025e-11 53.15421 45.27559 1.080025e-11 52.44191 47.87104 8.753887e-12 53.54988 48.50306 8.299139e-12 53.7081 49.13539 7.844392e-12 53.62893 50.08412 7.048584e-12 53.31237 52.29575 5.343281e-12 53.5496 53.55947 4.3201e-12 53.54952 54.19124 3.865352e-12 53.54948 54.42769 3.637979e-12 53.78676 53.32092 4.547474e-12 54.41963 52.05738 5.570655e-12 54.34068 51.42518 6.025402e-12 54.49897 50.79361 6.48015e-12 54.26172 49.84579 7.275958e-12 54.1036 48.58161 8.185452e-12 54.0246 47.63277 8.98126e-12 54.3412 46.44825 9.890755e-12 53.54997</float_array>
                    <technique_common>
                        <accessor count="556" source="#ID10" stride="3">
                            <param name="X" type="float" />
                            <param name="Y" type="float" />
                            <param name="Z" type="float" />
                        </accessor>
                    </technique_common>
                </source>
                <source id="ID8">
                    <float_array id="ID11" count="1668">-7.924273e-13 -1 9.805541e-15 -7.924273e-13 -1 9.805541e-15 -7.924273e-13 -1 9.805541e-15 -7.924273e-13 -1 9.805541e-15 -7.924273e-13 -1 9.805541e-15 -7.924273e-13 -1 9.805541e-15 -7.924273e-13 -1 9.805541e-15 -7.924273e-13 -1 9.805541e-15 -7.924273e-13 -1 9.805541e-15 -7.924273e-13 -1 9.805541e-15 -7.924273e-13 -1 9.805541e-15 -7.924273e-13 -1 9.805541e-15 -7.924273e-13 -1 9.805541e-15 -7.924273e-13 -1 9.805541e-15 -7.924273e-13 -1 9.805541e-15 -7.924273e-13 -1 9.805541e-15 -7.924273e-13 -1 9.805541e-15 -7.924273e-13 -1 9.805541e-15 -7.924273e-13 -1 9.805541e-15 -7.924273e-13 -1 9.805541e-15 -7.924273e-13 -1 9.805541e-15 1 -4.475851e-14 -1.762162e-31 1 -4.475851e-14 -1.762162e-31 1 -4.475851e-14 -1.762162e-31 1 -4.475851e-14 -1.762162e-31 1 -4.475851e-14 -1.762162e-31 1 -4.475851e-14 -1.762162e-31 1 -4.475851e-14 -1.762162e-31 1 -4.475851e-14 -1.762162e-31 1 -4.475851e-14 -1.762162e-31 1 -4.475851e-14 -1.762162e-31 1 -4.475851e-14 0 1 -4.475851e-14 0 1 -4.475851e-14 0 1 -4.475851e-14 0 -9.38743e-14 1 -3.753068e-13 -9.38743e-14 1 -3.753068e-13 -9.38743e-14 1 -3.753068e-13 -9.38743e-14 1 -3.753068e-13 -9.38743e-14 1 -3.753068e-13 -9.38743e-14 1 -3.753068e-13 -9.38743e-14 1 -3.753068e-13 -9.38743e-14 1 -3.753068e-13 -9.38743e-14 1 -3.753068e-13 -9.38743e-14 1 -3.753068e-13 -9.38743e-14 1 -3.753068e-13 -9.38743e-14 1 -3.753068e-13 -9.38743e-14 1 -3.753068e-13 -9.38743e-14 1 -3.753068e-13 -9.38743e-14 1 -3.753068e-13 -9.38743e-14 1 -3.753068e-13 -9.38743e-14 1 -3.753068e-13 -9.38743e-14 1 -3.753068e-13 0.9914449 -3.759713e-14 -0.1305262 0.9914449 -3.759713e-14 -0.1305262 0.9914449 -3.759713e-14 -0.1305262 0.9914449 -3.759713e-14 -0.1305262 0.9914449 -3.759713e-14 -0.1305262 0.9914449 -3.759713e-14 -0.1305262 0.9914449 -3.759713e-14 -0.1305262 5.573135e-14 1 -1.314413e-13 5.573135e-14 1 -1.314413e-13 5.573135e-14 1 -1.314413e-13 5.573135e-14 1 -1.314413e-13 5.573135e-14 1 -1.314413e-13 5.573135e-14 1 -1.314413e-13 5.573135e-14 1 -1.314413e-13 5.573135e-14 1 -1.314413e-13 5.573135e-14 1 -1.314413e-13 5.573135e-14 1 -1.314413e-13 5.573135e-14 1 -1.314413e-13 5.573135e-14 1 -1.314413e-13 5.573135e-14 1 -1.314413e-13 5.573135e-14 1 -1.314413e-13 5.573135e-14 1 -1.314413e-13 5.573135e-14 1 -1.314413e-13 5.573135e-14 1 -1.314413e-13 0.9238795 -3.951194e-14 -0.3826834 0.9238795 -3.951194e-14 -0.3826834 0.9238795 -3.951194e-14 -0.3826834 0.9238795 -3.951194e-14 -0.3826834 0.9238795 -3.951194e-14 -0.3826834 0.9238795 -3.951194e-14 -0.3826834 0.9238795 -3.951194e-14 -0.3826834 0.9238795 -3.951194e-14 -0.3826834 0.9238795 -3.951194e-14 -0.3826834 -7.708756e-13 -1 1.375465e-14 -7.708756e-13 -1 1.375465e-14 -7.708756e-13 -1 1.375465e-14 -7.708756e-13 -1 1.375465e-14 -7.708756e-13 -1 1.375465e-14 -7.708756e-13 -1 1.375465e-14 -7.708756e-13 -1 1.375465e-14 -7.708756e-13 -1 1.375465e-14 -7.708756e-13 -1 1.375465e-14 -7.708756e-13 -1 1.375465e-14 -7.708756e-13 -1 1.375465e-14 -7.708756e-13 -1 1.375465e-14 -7.708756e-13 -1 1.375465e-14 -7.708756e-13 -1 1.375465e-14 -7.708756e-13 -1 1.375465e-14 -7.708756e-13 -1 1.375465e-14 -7.708756e-13 -1 1.375465e-14 -7.708756e-13 -1 1.375465e-14 -7.708756e-13 -1 1.375465e-14 -7.708756e-13 -1 1.375465e-14 -7.708756e-13 -1 1.375465e-14 -7.708756e-13 -1 1.375465e-14 -7.708756e-13 -1 1.375465e-14 -7.708756e-13 -1 1.375465e-14 -7.708756e-13 -1 1.375465e-14 -7.708756e-13 -1 1.375465e-14 -7.708756e-13 -1 1.375465e-14 -7.708756e-13 -1 1.375465e-14 -7.708756e-13 -1 1.375465e-14 -7.708756e-13 -1 1.375465e-14 -7.708756e-13 -1 1.375465e-14 -7.708756e-13 -1 1.375465e-14 -1.141111e-13 1 -2.226425e-15 -1.141111e-13 1 -2.226425e-15 -1.141111e-13 1 -2.226425e-15 -1.141111e-13 1 -2.226425e-15 -1.141111e-13 1 -2.226425e-15 -1.141111e-13 1 -2.226425e-15 -1.141111e-13 1 -2.226425e-15 -1.141111e-13 1 -2.226425e-15 -1.141111e-13 1 -2.226425e-15 -1.141111e-13 1 -2.226425e-15 -1.141111e-13 1 -2.226425e-15 -1.141111e-13 1 -2.226425e-15 -1.141111e-13 1 -2.226425e-15 -1.141111e-13 1 -2.226425e-15 -1.141111e-13 1 -2.226425e-15 -1.141111e-13 1 -2.226425e-15 -1.141111e-13 1 -2.226425e-15 -1.141111e-13 1 -2.226425e-15 -1.141111e-13 1 -2.226425e-15 -1.141111e-13 1 -2.226425e-15 -1.141111e-13 1 -2.226425e-15 0.7933533 -2.910133e-14 -0.6087614 0.7933533 -2.910133e-14 -0.6087614 0.7933533 -2.910133e-14 -0.6087614 0.7933533 -2.910133e-14 -0.6087614 -7.926008e-13 -1 -9.814877e-15 -7.926008e-13 -1 -9.814877e-15 -7.926008e-13 -1 -9.814877e-15 -7.926008e-13 -1 -9.814877e-15 -7.926008e-13 -1 -9.814877e-15 -7.926008e-13 -1 -9.814877e-15 -7.926008e-13 -1 -9.814877e-15 -7.926008e-13 -1 -9.814877e-15 -7.926008e-13 -1 -9.814877e-15 -7.926008e-13 -1 -9.814877e-15 -7.926008e-13 -1 -9.814877e-15 -7.926008e-13 -1 -9.814877e-15 -7.926008e-13 -1 -9.814877e-15 -7.926008e-13 -1 -9.814877e-15 -7.926008e-13 -1 -9.814877e-15 -7.926008e-13 -1 -9.814877e-15 -7.926008e-13 -1 -9.814877e-15 -7.926008e-13 -1 -9.814877e-15 -7.926008e-13 -1 -9.814877e-15 -7.926008e-13 -1 -9.814877e-15 -7.926008e-13 -1 -9.814877e-15 -7.926008e-13 -1 -9.814877e-15 -7.926008e-13 -1 -9.814877e-15 -7.926008e-13 -1 -9.814877e-15 -7.926008e-13 -1 -9.814877e-15 -7.926008e-13 -1 -9.814877e-15 0.6087614 -1.73071e-14 -0.7933533 0.6087614 -1.73071e-14 -0.7933533 0.6087614 -1.73071e-14 -0.7933533 0.6087614 -1.73071e-14 -0.7933533 0.6087614 -1.73071e-14 -0.7933533 0.6087614 -1.73071e-14 -0.7933533 0.6087614 -1.73071e-14 -0.7933533 -5.651578e-14 1 1.864651e-13 -5.651578e-14 1 1.864651e-13 -5.651578e-14 1 1.864651e-13 -5.651578e-14 1 1.864651e-13 -5.651578e-14 1 1.864651e-13 -5.651578e-14 1 1.864651e-13 -5.651578e-14 1 1.864651e-13 -5.651578e-14 1 1.864651e-13 -5.651578e-14 1 1.864651e-13 -5.651578e-14 1 1.864651e-13 -5.651578e-14 1 1.864651e-13 -5.651578e-14 1 1.864651e-13 -5.651578e-14 1 1.864651e-13 -5.651578e-14 1 1.864651e-13 -5.651578e-14 1 1.864651e-13 -5.651578e-14 1 1.864651e-13 -5.651578e-14 1 1.864651e-13 -5.651578e-14 1 1.864651e-13 -5.651578e-14 1 1.864651e-13 0.3826834 -1.515465e-14 -0.9238795 0.3826834 -1.515465e-14 -0.9238795 0.3826834 -1.515465e-14 -0.9238795 0.3826834 -1.515465e-14 -0.9238795 0.3826834 -1.515465e-14 -0.9238795 0.3826834 -1.515465e-14 -0.9238795 0.3826834 -1.515465e-14 -0.9238795 -7.822518e-13 -1 -1.066894e-15 -7.822518e-13 -1 -1.066894e-15 -7.822518e-13 -1 -1.066894e-15 -7.822518e-13 -1 -1.066894e-15 -7.822518e-13 -1 -1.066894e-15 -7.822518e-13 -1 -1.066894e-15 -7.822518e-13 -1 -1.066894e-15 -7.822518e-13 -1 -1.066894e-15 -7.822518e-13 -1 -1.066894e-15 -7.822518e-13 -1 -1.066894e-15 -7.822518e-13 -1 -1.066894e-15 -7.822518e-13 -1 -1.066894e-15 -7.822518e-13 -1 -1.066894e-15 -7.822518e-13 -1 -1.066894e-15 -7.822518e-13 -1 -1.066894e-15 -7.822518e-13 -1 -1.066894e-15 -7.822518e-13 -1 -1.066894e-15 -7.822518e-13 -1 -1.066894e-15 -7.822518e-13 -1 -1.066894e-15 -7.822518e-13 -1 -1.066894e-15 -7.822518e-13 -1 -1.066894e-15 -7.822518e-13 -1 -1.066894e-15 -7.822518e-13 -1 -1.066894e-15 -7.822518e-13 -1 -1.066894e-15 -7.822518e-13 -1 -1.066894e-15 -7.822518e-13 -1 -1.066894e-15 -7.822518e-13 -1 -1.066894e-15 0.1305262 -6.6262e-15 -0.9914449 0.1305262 -6.6262e-15 -0.9914449 0.1305262 -6.6262e-15 -0.9914449 0.1305262 -6.6262e-15 -0.9914449 0.1305262 -6.6262e-15 -0.9914449 -7.89958e-13 -1 -7.813382e-16 -7.89958e-13 -1 -7.813382e-16 -7.89958e-13 -1 -7.813382e-16 -7.89958e-13 -1 -7.813382e-16 -7.89958e-13 -1 -7.813382e-16 -7.89958e-13 -1 -7.813382e-16 -7.89958e-13 -1 -7.813382e-16 -7.89958e-13 -1 -7.813382e-16 -7.89958e-13 -1 -7.813382e-16 -7.89958e-13 -1 -7.813382e-16 -7.89958e-13 -1 -7.813382e-16 -7.89958e-13 -1 -7.813382e-16 -7.89958e-13 -1 -7.813382e-16 -7.89958e-13 -1 -7.813382e-16 -7.89958e-13 -1 -7.813382e-16 -7.89958e-13 -1 -7.813382e-16 -7.89958e-13 -1 -7.813382e-16 -7.89958e-13 -1 -7.813382e-16 -7.89958e-13 -1 -7.813382e-16 -7.89958e-13 -1 -7.813382e-16 -7.89958e-13 -1 -7.813382e-16 -7.89958e-13 -1 -7.813382e-16 -7.89958e-13 -1 -7.813382e-16 -7.89958e-13 -1 -7.813382e-16 -7.89958e-13 -1 -7.813382e-16 1.744966e-14 1 2.659717e-14 1.744966e-14 1 2.659717e-14 1.744966e-14 1 2.659717e-14 1.744966e-14 1 2.659717e-14 1.744966e-14 1 2.659717e-14 1.744966e-14 1 2.659717e-14 1.744966e-14 1 2.659717e-14 1.744966e-14 1 2.659717e-14 1.744966e-14 1 2.659717e-14 1.744966e-14 1 2.659717e-14 1.744966e-14 1 2.659717e-14 1.744966e-14 1 2.659717e-14 1.744966e-14 1 2.659717e-14 1.744966e-14 1 2.659717e-14 1.744966e-14 1 2.659717e-14 1.744966e-14 1 2.659717e-14 1.744966e-14 1 2.659717e-14 1.744966e-14 1 2.659717e-14 1.744966e-14 1 2.659717e-14 -0.1305262 5.970344e-15 -0.9914449 -0.1305262 5.970344e-15 -0.9914449 -0.1305262 5.970344e-15 -0.9914449 -0.1305262 5.970344e-15 -0.9914449 -0.1305262 5.970344e-15 -0.9914449 -0.3826834 2.138496e-14 -0.9238795 -0.3826834 2.138496e-14 -0.9238795 -0.3826834 2.138496e-14 -0.9238795 -0.3826834 2.138496e-14 -0.9238795 -0.3826834 2.138496e-14 -0.9238795 -0.3826834 2.138496e-14 -0.9238795 -0.3826834 2.138496e-14 -0.9238795 -7.938808e-13 -1 -4.159176e-15 -7.938808e-13 -1 -4.159176e-15 -7.938808e-13 -1 -4.159176e-15 -7.938808e-13 -1 -4.159176e-15 -7.938808e-13 -1 -4.159176e-15 -7.938808e-13 -1 -4.159176e-15 -7.938808e-13 -1 -4.159176e-15 -7.938808e-13 -1 -4.159176e-15 -7.938808e-13 -1 -4.159176e-15 -7.938808e-13 -1 -4.159176e-15 -7.938808e-13 -1 -4.159176e-15 -7.938808e-13 -1 -4.159176e-15 -7.938808e-13 -1 -4.159176e-15 -7.938808e-13 -1 -4.159176e-15 -7.938808e-13 -1 -4.159176e-15 -7.938808e-13 -1 -4.159176e-15 -7.938808e-13 -1 -4.159176e-15 -7.938808e-13 -1 -4.159176e-15 -7.938808e-13 -1 -4.159176e-15 2.744166e-14 1 -4.442505e-14 2.744166e-14 1 -4.442505e-14 2.744166e-14 1 -4.442505e-14 2.744166e-14 1 -4.442505e-14 2.744166e-14 1 -4.442505e-14 2.744166e-14 1 -4.442505e-14 2.744166e-14 1 -4.442505e-14 2.744166e-14 1 -4.442505e-14 2.744166e-14 1 -4.442505e-14 2.744166e-14 1 -4.442505e-14 2.744166e-14 1 -4.442505e-14 2.744166e-14 1 -4.442505e-14 2.744166e-14 1 -4.442505e-14 2.744166e-14 1 -4.442505e-14 2.744166e-14 1 -4.442505e-14 2.744166e-14 1 -4.442505e-14 2.744166e-14 1 -4.442505e-14 2.744166e-14 1 -4.442505e-14 2.744166e-14 1 -4.442505e-14 2.744166e-14 1 -4.442505e-14 2.744166e-14 1 -4.442505e-14 2.744166e-14 1 -4.442505e-14 2.744166e-14 1 -4.442505e-14 2.744166e-14 1 -4.442505e-14 2.744166e-14 1 -4.442505e-14 -0.6087614 3.681079e-14 -0.7933533 -0.6087614 3.681079e-14 -0.7933533 -0.6087614 3.681079e-14 -0.7933533 -0.6087614 3.681079e-14 -0.7933533 -0.6087614 3.681079e-14 -0.7933533 -0.6087614 3.681079e-14 -0.7933533 -0.6087614 3.681079e-14 -0.7933533 -7.802251e-13 -1 -2.558732e-14 -7.802251e-13 -1 -2.558732e-14 -7.802251e-13 -1 -2.558732e-14 -7.802251e-13 -1 -2.558732e-14 -7.802251e-13 -1 -2.558732e-14 -7.802251e-13 -1 -2.558732e-14 -7.802251e-13 -1 -2.558732e-14 -7.802251e-13 -1 -2.558732e-14 -7.802251e-13 -1 -2.558732e-14 -7.802251e-13 -1 -2.558732e-14 -7.802251e-13 -1 -2.558732e-14 -7.802251e-13 -1 -2.558732e-14 -7.802251e-13 -1 -2.558732e-14 -7.802251e-13 -1 -2.558732e-14 -7.802251e-13 -1 -2.558732e-14 -7.802251e-13 -1 -2.558732e-14 -7.802251e-13 -1 -2.558732e-14 -7.802251e-13 -1 -2.558732e-14 -7.802251e-13 -1 -2.558732e-14 -9.459083e-14 1 9.162978e-15 -9.459083e-14 1 9.162978e-15 -9.459083e-14 1 9.162978e-15 -9.459083e-14 1 9.162978e-15 -9.459083e-14 1 9.162978e-15 -9.459083e-14 1 9.162978e-15 -9.459083e-14 1 9.162978e-15 -9.459083e-14 1 9.162978e-15 -9.459083e-14 1 9.162978e-15 -9.459083e-14 1 9.162978e-15 -9.459083e-14 1 9.162978e-15 -9.459083e-14 1 9.162978e-15 -9.459083e-14 1 9.162978e-15 -9.459083e-14 1 9.162978e-15 -9.459083e-14 1 9.162978e-15 -9.459083e-14 1 9.162978e-15 -9.459083e-14 1 9.162978e-15 -9.459083e-14 1 9.162978e-15 -9.459083e-14 1 9.162978e-15 -9.459083e-14 1 9.162978e-15 -9.459083e-14 1 9.162978e-15 -9.459083e-14 1 9.162978e-15 -9.459083e-14 1 9.162978e-15 -9.459083e-14 1 9.162978e-15 -9.459083e-14 1 9.162978e-15 -9.459083e-14 1 9.162978e-15 -9.459083e-14 1 9.162978e-15 -0.7933533 3.482875e-14 -0.6087614 -0.7933533 3.482875e-14 -0.6087614 -0.7933533 3.482875e-14 -0.6087614 -0.7933533 3.482875e-14 -0.6087614 -0.9238795 2.906002e-14 -0.3826834 -0.9238795 2.906002e-14 -0.3826834 -0.9238795 2.906002e-14 -0.3826834 -0.9238795 2.906002e-14 -0.3826834 -0.9238795 2.906002e-14 -0.3826834 -0.9238795 2.906002e-14 -0.3826834 -0.9238795 2.906002e-14 -0.3826834 -0.9238795 2.906002e-14 -0.3826834 -0.9238795 2.906002e-14 -0.3826834 -3.659424e-14 1 -4.519164e-14 -3.659424e-14 1 -4.519164e-14 -3.659424e-14 1 -4.519164e-14 -3.659424e-14 1 -4.519164e-14 -3.659424e-14 1 -4.519164e-14 -3.659424e-14 1 -4.519164e-14 -3.659424e-14 1 -4.519164e-14 -3.659424e-14 1 -4.519164e-14 -3.659424e-14 1 -4.519164e-14 -3.659424e-14 1 -4.519164e-14 -3.659424e-14 1 -4.519164e-14 -3.659424e-14 1 -4.519164e-14 -3.659424e-14 1 -4.519164e-14 -3.659424e-14 1 -4.519164e-14 -3.659424e-14 1 -4.519164e-14 -3.659424e-14 1 -4.519164e-14 -3.659424e-14 1 -4.519164e-14 -3.659424e-14 1 -4.519164e-14 -3.659424e-14 1 -4.519164e-14 -3.659424e-14 1 -4.519164e-14 -3.659424e-14 1 -4.519164e-14 -3.659424e-14 1 -4.519164e-14 -3.659424e-14 1 -4.519164e-14 -3.659424e-14 1 -4.519164e-14 -3.659424e-14 1 -4.519164e-14 -3.659424e-14 1 -4.519164e-14 -0.9914449 3.491744e-14 -0.1305262 -0.9914449 3.491744e-14 -0.1305262 -0.9914449 3.491744e-14 -0.1305262 -0.9914449 3.491744e-14 -0.1305262 -0.9914449 3.491744e-14 -0.1305262 -0.9914449 3.491744e-14 -0.1305262 -0.9914449 3.491744e-14 -0.1305262 -8.233638e-13 -1 -4.433307e-15 -8.233638e-13 -1 -4.433307e-15 -8.233638e-13 -1 -4.433307e-15 -8.233638e-13 -1 -4.433307e-15 -8.233638e-13 -1 -4.433307e-15 -8.233638e-13 -1 -4.433307e-15 -8.233638e-13 -1 -4.433307e-15 -8.233638e-13 -1 -4.433307e-15 -8.233638e-13 -1 -4.433307e-15 -8.233638e-13 -1 -4.433307e-15 -8.233638e-13 -1 -4.433307e-15 -8.233638e-13 -1 -4.433307e-15 -8.233638e-13 -1 -4.433307e-15 -8.233638e-13 -1 -4.433307e-15 -8.233638e-13 -1 -4.433307e-15 -8.233638e-13 -1 -4.433307e-15 -8.233638e-13 -1 -4.433307e-15 -8.233638e-13 -1 -4.433307e-15 -8.233638e-13 -1 -4.433307e-15 -8.233638e-13 -1 -4.433307e-15 -8.233638e-13 -1 -4.433307e-15 5.122421e-14 1 -1.250612e-13 5.122421e-14 1 -1.250612e-13 5.122421e-14 1 -1.250612e-13 5.122421e-14 1 -1.250612e-13 5.122421e-14 1 -1.250612e-13 5.122421e-14 1 -1.250612e-13 5.122421e-14 1 -1.250612e-13 5.122421e-14 1 -1.250612e-13 5.122421e-14 1 -1.250612e-13 5.122421e-14 1 -1.250612e-13 5.122421e-14 1 -1.250612e-13 5.122421e-14 1 -1.250612e-13 5.122421e-14 1 -1.250612e-13 5.122421e-14 1 -1.250612e-13 5.122421e-14 1 -1.250612e-13 5.122421e-14 1 -1.250612e-13 5.122421e-14 1 -1.250612e-13 5.122421e-14 1 -1.250612e-13 5.122421e-14 1 -1.250612e-13 5.122421e-14 1 -1.250612e-13 5.122421e-14 1 -1.250612e-13 5.122421e-14 1 -1.250612e-13 5.122421e-14 1 -1.250612e-13 5.122421e-14 1 -1.250612e-13 5.122421e-14 1 -1.250612e-13 5.122421e-14 1 -1.250612e-13 5.122421e-14 1 -1.250612e-13 5.122421e-14 1 -1.250612e-13 5.122421e-14 1 -1.250612e-13 5.122421e-14 1 -1.250612e-13 5.122421e-14 1 -1.250612e-13 5.122421e-14 1 -1.250612e-13 -1 3.320793e-14 0 -1 3.320793e-14 0 -1 3.320793e-14 0 -1 3.320793e-14 0 -7.858667e-13 -1 -2.517635e-14 -7.858667e-13 -1 -2.517635e-14 -7.858667e-13 -1 -2.517635e-14 -7.858667e-13 -1 -2.517635e-14 -7.858667e-13 -1 -2.517635e-14 -7.858667e-13 -1 -2.517635e-14 -7.858667e-13 -1 -2.517635e-14 -7.858667e-13 -1 -2.517635e-14 -7.858667e-13 -1 -2.517635e-14 -7.858667e-13 -1 -2.517635e-14 -7.858667e-13 -1 -2.517635e-14 -7.858667e-13 -1 -2.517635e-14 -7.858667e-13 -1 -2.517635e-14 -7.858667e-13 -1 -2.517635e-14 -7.858667e-13 -1 -2.517635e-14 -7.858667e-13 -1 -2.517635e-14 -7.858667e-13 -1 -2.517635e-14 -1 3.320793e-14 1.762162e-31 -1 3.320793e-14 1.762162e-31 -1 3.320793e-14 1.762162e-31 -1 3.320793e-14 1.762162e-31 -1 3.320793e-14 1.762162e-31 -1 3.320793e-14 1.762162e-31 -1 3.320793e-14 1.762162e-31 -1 3.320793e-14 1.762162e-31 -1 3.320793e-14 1.762162e-31 -1 3.320793e-14 1.762162e-31 1.139061e-13 1 3.41767e-13 1.139061e-13 1 3.41767e-13 1.139061e-13 1 3.41767e-13 1.139061e-13 1 3.41767e-13 1.139061e-13 1 3.41767e-13 1.139061e-13 1 3.41767e-13 1.139061e-13 1 3.41767e-13 1.139061e-13 1 3.41767e-13 1.139061e-13 1 3.41767e-13 1.139061e-13 1 3.41767e-13 1.139061e-13 1 3.41767e-13 1.139061e-13 1 3.41767e-13 1.139061e-13 1 3.41767e-13 1.139061e-13 1 3.41767e-13 1.139061e-13 1 3.41767e-13 1.139061e-13 1 3.41767e-13 1.139061e-13 1 3.41767e-13 1.139061e-13 1 3.41767e-13 1.139061e-13 1 3.41767e-13 1.139061e-13 1 3.41767e-13 1.139061e-13 1 3.41767e-13 -7.803424e-13 -1 1.465494e-14 -7.803424e-13 -1 1.465494e-14 -7.803424e-13 -1 1.465494e-14 -7.803424e-13 -1 1.465494e-14 -7.803424e-13 -1 1.465494e-14 -7.803424e-13 -1 1.465494e-14 -7.803424e-13 -1 1.465494e-14 -7.803424e-13 -1 1.465494e-14 -7.803424e-13 -1 1.465494e-14 -7.803424e-13 -1 1.465494e-14 -7.803424e-13 -1 1.465494e-14 -7.803424e-13 -1 1.465494e-14 -7.803424e-13 -1 1.465494e-14 -7.803424e-13 -1 1.465494e-14 -7.803424e-13 -1 1.465494e-14 -7.803424e-13 -1 1.465494e-14 -7.803424e-13 -1 1.465494e-14 -7.803424e-13 -1 1.465494e-14</float_array>
                    <technique_common>
                        <accessor count="556" source="#ID11" stride="3">
                            <param name="X" type="float" />
                            <param name="Y" type="float" />
                            <param name="Z" type="float" />
                        </accessor>
                    </technique_common>
                </source>
                <vertices id="ID9">
                    <input semantic="POSITION" source="#ID7" />
                    <input semantic="NORMAL" source="#ID8" />
                </vertices>
                <polylist count="36" material="Material2">
                    <input offset="0" semantic="VERTEX" source="#ID9" />
                    <vcount>21 10 4 18 7 17 9 32 21 4 26 7 19 7 27 5 25 19 5 7 19 25 7 19 27 4 9 26 7 21 32 4 17 10 21 18</vcount>
                    <p>0 1 2 3 4 5 6 7 8 9 10 11 12 13 14 15 16 17 18 19 20 21 22 23 24 25 26 27 28 29 30 31 32 33 34 35 36 37 38 39 40 41 42 43 44 45 46 47 48 49 50 51 52 53 54 55 56 57 58 59 60 61 62 63 64 65 66 67 68 69 70 71 72 73 74 75 76 77 78 79 80 81 82 83 84 85 86 87 88 89 90 91 92 93 94 95 96 97 98 99 100 101 102 103 104 105 106 107 108 109 110 111 112 113 114 115 116 117 118 119 120 121 122 123 124 125 126 127 128 129 130 131 132 133 134 135 136 137 138 139 140 141 142 143 144 145 146 147 148 149 150 151 152 153 154 155 156 157 158 159 160 161 162 163 164 165 166 167 168 169 170 171 172 173 174 175 176 177 178 179 180 181 182 183 184 185 186 187 188 189 190 191 192 193 194 195 196 197 198 199 200 201 202 203 204 205 206 207 208 209 210 211 212 213 214 215 216 217 218 219 220 221 222 223 224 225 226 227 228 229 230 231 232 233 234 235 236 237 238 239 240 241 242 243 244 245 246 247 248 249 250 251 252 253 254 255 256 257 258 259 260 261 262 263 264 265 266 267 268 269 270 271 272 273 274 275 276 277 278 279 280 281 282 283 284 285 286 287 288 289 290 291 292 293 294 295 296 297 298 299 300 301 302 303 304 305 306 307 308 309 310 311 312 313 314 315 316 317 318 319 320 321 322 323 324 325 326 327 328 329 330 331 332 333 334 335 336 337 338 339 340 341 342 343 344 345 346 347 348 349 350 351 352 353 354 355 356 357 358 359 360 361 362 363 364 365 366 367 368 369 370 371 372 373 374 375 376 377 378 379 380 381 382 383 384 385 386 387 388 389 390 391 392 393 394 395 396 397 398 399 400 401 402 403 404 405 406 407 408 409 410 411 412 413 414 415 416 417 418 419 420 421 422 423 424 425 426 427 428 429 430 431 432 433 434 435 436 437 438 439 440 441 442 443 444 445 446 447 448 449 450 451 452 453 454 455 456 457 458 459 460 461 462 463 464 465 466 467 468 469 470 471 472 473 474 475 476 477 478 479 480 481 482 483 484 485 486 487 488 489 490 491 492 493 494 495 496 497 498 499 500 501 502 503 504 505 506 507 508 509 510 511 512 513 514 515 516 517 518 519 520 521 522 523 524 525 526 527 528 529 530 531 532 533 534 535 536 537 538 539 540 541 542 543 544 545 546 547 548 549 550 551 552 553 554 555</p>
                </polylist>
            </mesh>
        </geometry>
        <geometry id="ID12">
            <mesh>
                <source id="ID18">
                    <float_array id="ID22" count="12">0 4.638423e-11 2.218671e-31 13.77953 3.558398e-11 2.218671e-31 13.77953 3.558398e-11 19.68504 0 4.638423e-11 19.68504</float_array>
                    <technique_common>
                        <accessor count="4" source="#ID22" stride="3">
                            <param name="X" type="float" />
                            <param name="Y" type="float" />
                            <param name="Z" type="float" />
                        </accessor>
                    </technique_common>
                </source>
                <source id="ID19">
                    <float_array id="ID23" count="12">-7.837895e-13 -1 6.935843e-30 -7.837895e-13 -1 6.935843e-30 -7.837895e-13 -1 6.935843e-30 -7.837895e-13 -1 6.935843e-30</float_array>
                    <technique_common>
                        <accessor count="4" source="#ID23" stride="3">
                            <param name="X" type="float" />
                            <param name="Y" type="float" />
                            <param name="Z" type="float" />
                        </accessor>
                    </technique_common>
                </source>
                <source id="ID21">
                    <float_array id="ID24" count="8">4.833333 2.096041e-28 5.066667 2.096041e-28 5.066667 1 4.833333 1</float_array>
                    <technique_common>
                        <accessor count="4" source="#ID24" stride="2">
                            <param name="S" type="float" />
                            <param name="T" type="float" />
                        </accessor>
                    </technique_common>
                </source>
                <vertices id="ID20">
                    <input semantic="POSITION" source="#ID18" />
                    <input semantic="NORMAL" source="#ID19" />
                </vertices>
                <polylist count="1" material="Material2">
                    <input offset="0" semantic="VERTEX" source="#ID20" />
                    <input offset="1" semantic="TEXCOORD" source="#ID21" />
                    <vcount>4</vcount>
                    <p>0 0 1 1 2 2 3 3</p>
                </polylist>
            </mesh>
        </geometry>
        <geometry id="ID25">
            <mesh>
                <source id="ID26">
                    <float_array id="ID30" count="12">59.05512 0 19.68504 45.27559 1.080025e-11 19.68504 45.27559 1.080025e-11 2.218671e-31 59.05512 0 2.218671e-31</float_array>
                    <technique_common>
                        <accessor count="4" source="#ID30" stride="3">
                            <param name="X" type="float" />
                            <param name="Y" type="float" />
                            <param name="Z" type="float" />
                        </accessor>
                    </technique_common>
                </source>
                <source id="ID27">
                    <float_array id="ID31" count="12">-7.837895e-13 -1 7.978155e-30 -7.837895e-13 -1 7.978155e-30 -7.837895e-13 -1 7.978155e-30 -7.837895e-13 -1 7.978155e-30</float_array>
                    <technique_common>
                        <accessor count="4" source="#ID31" stride="3">
                            <param name="X" type="float" />
                            <param name="Y" type="float" />
                            <param name="Z" type="float" />
                        </accessor>
                    </technique_common>
                </source>
                <source id="ID29">
                    <float_array id="ID32" count="8">5.833333 1 5.6 1 5.6 2.419158e-28 5.833333 2.419158e-28</float_array>
                    <technique_common>
                        <accessor count="4" source="#ID32" stride="2">
                            <param name="S" type="float" />
                            <param name="T" type="float" />
                        </accessor>
                    </technique_common>
                </source>
                <vertices id="ID28">
                    <input semantic="POSITION" source="#ID26" />
                    <input semantic="NORMAL" source="#ID27" />
                </vertices>
                <polylist count="1" material="Material2">
                    <input offset="0" semantic="VERTEX" source="#ID28" />
                    <input offset="1" semantic="TEXCOORD" source="#ID29" />
                    <vcount>4</vcount>
                    <p>0 0 1 1 2 2 3 3</p>
                </polylist>
            </mesh>
        </geometry>
        <geometry id="ID33">
            <mesh>
                <source id="ID39">
                    <float_array id="ID43" count="66">45.27559 1.080025e-11 55.11811 45.27559 1.080025e-11 53.15421 46.44825 9.890755e-12 53.54997 47.63277 8.98126e-12 54.3412 48.58161 8.185452e-12 54.0246 49.84579 7.275958e-12 54.1036 50.79361 6.48015e-12 54.26172 51.42518 6.025402e-12 54.49897 52.05738 5.570655e-12 54.34068 53.32092 4.547474e-12 54.41963 54.42769 3.637979e-12 53.78676 54.19124 3.865352e-12 53.54948 53.55947 4.3201e-12 53.54952 52.29575 5.343281e-12 53.5496 50.08412 7.048584e-12 53.31237 49.13539 7.844392e-12 53.62893 48.50306 8.299139e-12 53.7081 47.87104 8.753887e-12 53.54988 45.27559 1.080025e-11 52.44191 45.27559 1.080025e-11 19.68504 59.05512 0 19.68504 59.05512 0 55.11811</float_array>
                    <technique_common>
                        <accessor count="22" source="#ID43" stride="3">
                            <param name="X" type="float" />
                            <param name="Y" type="float" />
                            <param name="Z" type="float" />
                        </accessor>
                    </technique_common>
                </source>
                <source id="ID40">
                    <float_array id="ID44" count="66">-7.821792e-13 -1 8.051173e-16 -7.821792e-13 -1 8.051173e-16 -7.821792e-13 -1 8.051173e-16 -7.821792e-13 -1 8.051173e-16 -7.821792e-13 -1 8.051173e-16 -7.821792e-13 -1 8.051173e-16 -7.821792e-13 -1 8.051173e-16 -7.821792e-13 -1 8.051173e-16 -7.821792e-13 -1 8.051173e-16 -7.821792e-13 -1 8.051173e-16 -7.821792e-13 -1 8.051173e-16 -7.821792e-13 -1 8.051173e-16 -7.821792e-13 -1 8.051173e-16 -7.821792e-13 -1 8.051173e-16 -7.821792e-13 -1 8.051173e-16 -7.821792e-13 -1 8.051173e-16 -7.821792e-13 -1 8.051173e-16 -7.821792e-13 -1 8.051173e-16 -7.821792e-13 -1 8.051173e-16 -7.821792e-13 -1 8.051173e-16 -7.821792e-13 -1 8.051173e-16 -7.821792e-13 -1 8.051173e-16</float_array>
                    <technique_common>
                        <accessor count="22" source="#ID44" stride="3">
                            <param name="X" type="float" />
                            <param name="Y" type="float" />
                            <param name="Z" type="float" />
                        </accessor>
                    </technique_common>
                </source>
                <source id="ID42">
                    <float_array id="ID45" count="44">3.044647 1 3.044647 0.9445744 3.054576 0.9557436 3.064605 0.9780738 3.072638 0.9691387 3.083341 0.9713681 3.091366 0.9758308 3.096714 0.9825264 3.102066 0.9780593 3.112764 0.9802874 3.122135 0.9624264 3.120133 0.9557299 3.114784 0.955731 3.104084 0.9557332 3.085359 0.9490381 3.077327 0.957972 3.071973 0.9602064 3.066622 0.9557411 3.044647 0.9244718 3.044647 -8.21565e-15 3.161314 -8.104628e-15 3.161314 1</float_array>
                    <technique_common>
                        <accessor count="22" source="#ID45" stride="2">
                            <param name="S" type="float" />
                            <param name="T" type="float" />
                        </accessor>
                    </technique_common>
                </source>
                <vertices id="ID41">
                    <input semantic="POSITION" source="#ID39" />
                    <input semantic="NORMAL" source="#ID40" />
                </vertices>
                <polylist count="1" material="Material2">
                    <input offset="0" semantic="VERTEX" source="#ID41" />
                    <input offset="1" semantic="TEXCOORD" source="#ID42" />
                    <vcount>22</vcount>
                    <p>0 0 1 1 2 2 3 3 4 4 5 5 6 6 7 7 8 8 9 9 10 10 11 11 12 12 13 13 14 14 15 15 16 16 17 17 18 18 19 19 20 20 21 21</p>
                </polylist>
            </mesh>
        </geometry>
        <geometry id="ID46">
            <mesh>
                <source id="ID52">
                    <float_array id="ID56" count="9">43.16575 1.250555e-11 66.92913 43.5915 1.216449e-11 65.9013 43.61913 1.20508e-11 66.2142</float_array>
                    <technique_common>
                        <accessor count="3" source="#ID56" stride="3">
                            <param name="X" type="float" />
                            <param name="Y" type="float" />
                            <param name="Z" type="float" />
                        </accessor>
                    </technique_common>
                </source>
                <source id="ID53">
                    <float_array id="ID57" count="9">-1.383361e-12 -1 -2.411833e-13 -1.383361e-12 -1 -2.411833e-13 -1.383361e-12 -1 -2.411833e-13</float_array>
                    <technique_common>
                        <accessor count="3" source="#ID57" stride="3">
                            <param name="X" type="float" />
                            <param name="Y" type="float" />
                            <param name="Z" type="float" />
                        </accessor>
                    </technique_common>
                </source>
                <source id="ID55">
                    <float_array id="ID58" count="6">1.517629 1.272727 1.520032 1.248994 1.520188 1.256219</float_array>
                    <technique_common>
                        <accessor count="3" source="#ID58" stride="2">
                            <param name="S" type="float" />
                            <param name="T" type="float" />
                        </accessor>
                    </technique_common>
                </source>
                <vertices id="ID54">
                    <input semantic="POSITION" source="#ID52" />
                    <input semantic="NORMAL" source="#ID53" />
                </vertices>
                <polylist count="1" material="Material2">
                    <input offset="0" semantic="VERTEX" source="#ID54" />
                    <input offset="1" semantic="TEXCOORD" source="#ID55" />
                    <vcount>3</vcount>
                    <p>0 0 1 1 2 2</p>
                </polylist>
            </mesh>
        </geometry>
        <geometry id="ID59">
            <mesh>
                <source id="ID60">
                    <float_array id="ID64" count="597">13.77953 3.558398e-11 55.11811 13.77953 3.558398e-11 59.05512 13.36241 3.581135e-11 59.64084 12.78739 3.62661e-11 59.785 11.87696 3.694822e-11 60.2166 11.44583 3.740297e-11 60.64767 11.06242 3.763034e-11 60.79165 10.53528 3.808509e-11 61.07934 10.15176 3.831246e-11 61.12766 9.624601 3.876721e-11 61.46322 9.240972 3.910827e-11 61.46372 8.28206 3.979039e-11 61.75203 7.323119 4.05862e-11 62.13608 6.364183 4.138201e-11 62.61586 6.31645 4.138201e-11 62.8073 6.412653 4.126832e-11 62.99852 6.604559 4.115464e-11 62.99824 7.563799 4.035883e-11 62.85332 8.139353 3.990408e-11 62.85249 8.47481 3.967671e-11 62.61284 9.002031 3.922196e-11 62.3251 9.385642 3.899459e-11 62.32457 9.960873 3.853984e-11 62.18028 10.29627 3.819878e-11 61.94067 11.11075 3.763034e-11 61.31779 12.02118 3.694822e-11 60.88614 12.59624 3.649347e-11 60.78977 12.64395 3.637979e-11 60.40705 13.21902 3.592504e-11 60.40637 13.60229 3.569767e-11 60.26243 13.6144 3.581135e-11 60.18951 13.72769 3.569767e-11 60.15949 13.9219 3.547029e-11 60.13653 14.31613 3.512923e-11 63.13101 15.10275 3.444711e-11 65.03007 14.63061 3.490186e-11 65.48697 14.24776 3.524292e-11 65.43911 13.33866 3.592504e-11 65.82169 12.8123 3.637979e-11 66.06082 12.5732 3.649347e-11 66.39562 12.09507 3.694822e-11 67.11302 11.23377 3.763034e-11 67.59135 10.70733 3.79714e-11 67.83054 10.32427 3.831246e-11 67.83061 9.366964 3.899459e-11 68.26122 9.031982 3.933565e-11 68.50042 8.984309 3.933565e-11 68.69172 9.176043 3.922196e-11 68.83512 10.13351 3.842615e-11 68.59576 10.70797 3.79714e-11 68.49998 10.99495 3.774403e-11 68.21303 11.95227 3.694822e-11 68.11719 12.71784 3.637979e-11 67.83017 13.29195 3.592504e-11 67.59102 13.48333 3.581135e-11 67.54318 13.53107 3.581135e-11 67.35193 13.6263 3.569767e-11 66.58688 14.58312 3.490186e-11 66.2043 14.9658 3.467449e-11 66.01303 15.49437 3.421974e-11 65.97552 15.88936 3.387868e-11 66.92913 18.39202 3.1946e-11 70.19066 20.02278 3.058176e-11 71.44199 18.88572 3.149125e-11 72.09922 18.35807 3.1946e-11 72.33955 18.02214 3.217338e-11 72.5793 16.86864 3.308287e-11 72.72712 16.33955 3.353762e-11 73.11131 15.95427 3.376499e-11 73.16078 14.79677 3.467449e-11 73.16597 14.41021 3.501555e-11 73.02423 14.21709 3.512923e-11 73.12074 14.16938 3.524292e-11 73.50358 14.07335 3.524292e-11 73.88662 13.88002 3.547029e-11 73.88761 13.49307 3.569767e-11 73.84174 12.91267 3.615241e-11 74.03612 12.71915 3.637979e-11 74.13286 12.91304 3.615241e-11 74.22755 13.49393 3.569767e-11 74.3201 14.07359 3.524292e-11 74.03007 15.03935 3.45608e-11 74.07282 16.00341 3.376499e-11 74.02002 16.96576 3.296918e-11 73.7765 19.02983 3.137757e-11 72.9088 19.60475 3.092282e-11 72.8111 19.89199 3.069545e-11 72.52421 20.37051 3.035439e-11 72.09389 20.72757 3.012701e-11 71.98279 21.65354 2.93312e-11 72.69331 23.0802 2.819434e-11 73.28425 22.8034 2.842171e-11 74.55406 22.32662 2.876277e-11 75.45843 21.94498 2.910383e-11 76.40984 21.84933 2.921752e-11 77.16941 21.61067 2.93312e-11 78.11964 21.41982 2.944489e-11 78.69018 21.03836 2.978595e-11 78.69369 20.65665 3.012701e-11 78.74463 20.51344 3.02407e-11 78.88825 20.22694 3.046807e-11 79.17556 20.13142 3.046807e-11 79.36622 20.27469 3.035439e-11 79.5071 20.65654 3.012701e-11 79.64555 21.61022 2.93312e-11 79.30441 22.2297 2.887646e-11 78.49325 22.80126 2.842171e-11 77.63563 22.99178 2.830802e-11 77.25511 22.9445 2.830802e-11 76.87647 22.94492 2.830802e-11 76.30778 23.13548 2.808065e-11 75.92725 23.46895 2.785328e-11 75.21404 23.61208 2.773959e-11 74.64428 23.61243 2.773959e-11 74.26494 23.55261 2.785328e-11 73.47993 25.45167 2.637535e-11 74.26655 29.52756 2.319211e-11 74.80315 32.16657 2.114575e-11 74.45572 32.48854 2.080469e-11 75.18988 32.27955 2.103206e-11 75.77099 32.02018 2.125944e-11 76.35094 31.96562 2.125944e-11 76.73803 32.21544 2.103206e-11 77.07909 33.16755 2.034994e-11 78.20204 33.36494 2.012257e-11 78.73689 34.12463 1.955414e-11 79.03626 34.12684 1.955414e-11 78.84241 33.8247 1.978151e-11 78.54821 33.62714 1.98952e-11 78.01291 33.22571 2.023626e-11 77.52421 32.77585 2.057732e-11 76.84153 32.98521 2.046363e-11 76.26105 33.19275 2.023626e-11 75.87408 33.09522 2.034994e-11 75.48483 33.1015 2.034994e-11 74.90162 33.60345 2.000888e-11 74.26655 36.36488 1.773515e-11 73.12273 36.73015 1.739409e-11 74.05275 36.91462 1.72804e-11 74.37996 37.33101 1.693934e-11 74.75249 38.25964 1.625722e-11 74.60652 39.1859 1.546141e-11 74.64792 40.9826 1.409717e-11 75.66472 42.82097 1.261924e-11 76.30473 43.14414 1.239187e-11 76.06946 43.28544 1.227818e-11 75.50942 43.1039 1.239187e-11 75.13777 42.59997 1.284661e-11 74.8145 40.75909 1.421085e-11 74.35838 38.91279 1.568878e-11 73.71343 38.5421 1.602984e-11 73.7153 38.35667 1.614353e-11 73.71623 38.26574 1.625722e-11 73.34191 38.05737 1.648459e-11 72.19011 40.6631 1.443823e-11 70.19066 43.16575 1.250555e-11 66.92913 43.8009 1.193712e-11 66.5889 44.11818 1.159606e-11 67.33769 44.01669 1.170974e-11 68.83374 43.82804 1.182343e-11 69.58162 44.32969 1.148237e-11 70.1879 44.92282 1.102762e-11 70.74657 45.2888 1.068656e-11 70.88556 45.83967 1.023182e-11 70.74428 46.16507 1.000444e-11 70.04436 45.71145 1.03455e-11 69.39221 44.9795 1.091394e-11 69.11308 44.79804 1.114131e-11 68.78638 44.80049 1.102762e-11 68.41271 44.76437 1.114131e-11 66.91725 44.63142 1.1255e-11 66.16886 44.40369 1.136868e-11 65.841 44.26663 1.148237e-11 65.70035 43.76626 1.20508e-11 65.47938 43.95237 1.193712e-11 65.03007 44.73899 1.1255e-11 63.13101 45.00729 1.102762e-11 61.09306 45.41142 1.057288e-11 60.51152 46.04315 1.011813e-11 60.82743 46.99038 9.436008e-12 61.45934 47.30661 9.094947e-12 61.30105 47.93846 8.6402e-12 61.37973 48.88569 7.844392e-12 61.77436 50.78109 6.366463e-12 61.69416 51.72813 5.684342e-12 61.93064 52.59723 5.002221e-12 61.53501 52.20406 5.343281e-12 60.66596 51.25714 6.025402e-12 60.35032 50.30901 6.82121e-12 60.66699 49.36155 7.503331e-12 60.50941 48.41335 8.299139e-12 60.74707 47.46598 8.98126e-12 60.3523 45.19933 1.091394e-11 59.63434 45.27559 1.080025e-11 59.05512 45.27559 1.080025e-11 55.11811 59.05512 0 55.11811 59.05512 0 98.4252 0 4.638423e-11 98.4252 0 4.649792e-11 55.11811</float_array>
                    <technique_common>
                        <accessor count="199" source="#ID64" stride="3">
                            <param name="X" type="float" />
                            <param name="Y" type="float" />
                            <param name="Z" type="float" />
                        </accessor>
                    </technique_common>
                </source>
                <source id="ID61">
                    <float_array id="ID65" count="597">-7.86926e-13 -1 -1.012329e-15 -7.86926e-13 -1 -1.012329e-15 -7.86926e-13 -1 -1.012329e-15 -7.86926e-13 -1 -1.012329e-15 -7.86926e-13 -1 -1.012329e-15 -7.86926e-13 -1 -1.012329e-15 -7.86926e-13 -1 -1.012329e-15 -7.86926e-13 -1 -1.012329e-15 -7.86926e-13 -1 -1.012329e-15 -7.86926e-13 -1 -1.012329e-15 -7.86926e-13 -1 -1.012329e-15 -7.86926e-13 -1 -1.012329e-15 -7.86926e-13 -1 -1.012329e-15 -7.86926e-13 -1 -1.012329e-15 -7.86926e-13 -1 -1.012329e-15 -7.86926e-13 -1 -1.012329e-15 -7.86926e-13 -1 -1.012329e-15 -7.86926e-13 -1 -1.012329e-15 -7.86926e-13 -1 -1.012329e-15 -7.86926e-13 -1 -1.012329e-15 -7.86926e-13 -1 -1.012329e-15 -7.86926e-13 -1 -1.012329e-15 -7.86926e-13 -1 -1.012329e-15 -7.86926e-13 -1 -1.012329e-15 -7.86926e-13 -1 -1.012329e-15 -7.86926e-13 -1 -1.012329e-15 -7.86926e-13 -1 -1.012329e-15 -7.86926e-13 -1 -1.012329e-15 -7.86926e-13 -1 -1.012329e-15 -7.86926e-13 -1 -1.012329e-15 -7.86926e-13 -1 -1.012329e-15 -7.86926e-13 -1 -1.012329e-15 -7.86926e-13 -1 -1.012329e-15 -7.86926e-13 -1 -1.012329e-15 -7.86926e-13 -1 -1.012329e-15 -7.86926e-13 -1 -1.012329e-15 -7.86926e-13 -1 -1.012329e-15 -7.86926e-13 -1 -1.012329e-15 -7.86926e-13 -1 -1.012329e-15 -7.86926e-13 -1 -1.012329e-15 -7.86926e-13 -1 -1.012329e-15 -7.86926e-13 -1 -1.012329e-15 -7.86926e-13 -1 -1.012329e-15 -7.86926e-13 -1 -1.012329e-15 -7.86926e-13 -1 -1.012329e-15 -7.86926e-13 -1 -1.012329e-15 -7.86926e-13 -1 -1.012329e-15 -7.86926e-13 -1 -1.012329e-15 -7.86926e-13 -1 -1.012329e-15 -7.86926e-13 -1 -1.012329e-15 -7.86926e-13 -1 -1.012329e-15 -7.86926e-13 -1 -1.012329e-15 -7.86926e-13 -1 -1.012329e-15 -7.86926e-13 -1 -1.012329e-15 -7.86926e-13 -1 -1.012329e-15 -7.86926e-13 -1 -1.012329e-15 -7.86926e-13 -1 -1.012329e-15 -7.86926e-13 -1 -1.012329e-15 -7.86926e-13 -1 -1.012329e-15 -7.86926e-13 -1 -1.012329e-15 -7.86926e-13 -1 -1.012329e-15 -7.86926e-13 -1 -1.012329e-15 -7.86926e-13 -1 -1.012329e-15 -7.86926e-13 -1 -1.012329e-15 -7.86926e-13 -1 -1.012329e-15 -7.86926e-13 -1 -1.012329e-15 -7.86926e-13 -1 -1.012329e-15 -7.86926e-13 -1 -1.012329e-15 -7.86926e-13 -1 -1.012329e-15 -7.86926e-13 -1 -1.012329e-15 -7.86926e-13 -1 -1.012329e-15 -7.86926e-13 -1 -1.012329e-15 -7.86926e-13 -1 -1.012329e-15 -7.86926e-13 -1 -1.012329e-15 -7.86926e-13 -1 -1.012329e-15 -7.86926e-13 -1 -1.012329e-15 -7.86926e-13 -1 -1.012329e-15 -7.86926e-13 -1 -1.012329e-15 -7.86926e-13 -1 -1.012329e-15 -7.86926e-13 -1 -1.012329e-15 -7.86926e-13 -1 -1.012329e-15 -7.86926e-13 -1 -1.012329e-15 -7.86926e-13 -1 -1.012329e-15 -7.86926e-13 -1 -1.012329e-15 -7.86926e-13 -1 -1.012329e-15 -7.86926e-13 -1 -1.012329e-15 -7.86926e-13 -1 -1.012329e-15 -7.86926e-13 -1 -1.012329e-15 -7.86926e-13 -1 -1.012329e-15 -7.86926e-13 -1 -1.012329e-15 -7.86926e-13 -1 -1.012329e-15 -7.86926e-13 -1 -1.012329e-15 -7.86926e-13 -1 -1.012329e-15 -7.86926e-13 -1 -1.012329e-15 -7.86926e-13 -1 -1.012329e-15 -7.86926e-13 -1 -1.012329e-15 -7.86926e-13 -1 -1.012329e-15 -7.86926e-13 -1 -1.012329e-15 -7.86926e-13 -1 -1.012329e-15 -7.86926e-13 -1 -1.012329e-15 -7.86926e-13 -1 -1.012329e-15 -7.86926e-13 -1 -1.012329e-15 -7.86926e-13 -1 -1.012329e-15 -7.86926e-13 -1 -1.012329e-15 -7.86926e-13 -1 -1.012329e-15 -7.86926e-13 -1 -1.012329e-15 -7.86926e-13 -1 -1.012329e-15 -7.86926e-13 -1 -1.012329e-15 -7.86926e-13 -1 -1.012329e-15 -7.86926e-13 -1 -1.012329e-15 -7.86926e-13 -1 -1.012329e-15 -7.86926e-13 -1 -1.012329e-15 -7.86926e-13 -1 -1.012329e-15 -7.86926e-13 -1 -1.012329e-15 -7.86926e-13 -1 -1.012329e-15 -7.86926e-13 -1 -1.012329e-15 -7.86926e-13 -1 -1.012329e-15 -7.86926e-13 -1 -1.012329e-15 -7.86926e-13 -1 -1.012329e-15 -7.86926e-13 -1 -1.012329e-15 -7.86926e-13 -1 -1.012329e-15 -7.86926e-13 -1 -1.012329e-15 -7.86926e-13 -1 -1.012329e-15 -7.86926e-13 -1 -1.012329e-15 -7.86926e-13 -1 -1.012329e-15 -7.86926e-13 -1 -1.012329e-15 -7.86926e-13 -1 -1.012329e-15 -7.86926e-13 -1 -1.012329e-15 -7.86926e-13 -1 -1.012329e-15 -7.86926e-13 -1 -1.012329e-15 -7.86926e-13 -1 -1.012329e-15 -7.86926e-13 -1 -1.012329e-15 -7.86926e-13 -1 -1.012329e-15 -7.86926e-13 -1 -1.012329e-15 -7.86926e-13 -1 -1.012329e-15 -7.86926e-13 -1 -1.012329e-15 -7.86926e-13 -1 -1.012329e-15 -7.86926e-13 -1 -1.012329e-15 -7.86926e-13 -1 -1.012329e-15 -7.86926e-13 -1 -1.012329e-15 -7.86926e-13 -1 -1.012329e-15 -7.86926e-13 -1 -1.012329e-15 -7.86926e-13 -1 -1.012329e-15 -7.86926e-13 -1 -1.012329e-15 -7.86926e-13 -1 -1.012329e-15 -7.86926e-13 -1 -1.012329e-15 -7.86926e-13 -1 -1.012329e-15 -7.86926e-13 -1 -1.012329e-15 -7.86926e-13 -1 -1.012329e-15 -7.86926e-13 -1 -1.012329e-15 -7.86926e-13 -1 -1.012329e-15 -7.86926e-13 -1 -1.012329e-15 -7.86926e-13 -1 -1.012329e-15 -7.86926e-13 -1 -1.012329e-15 -7.86926e-13 -1 -1.012329e-15 -7.86926e-13 -1 -1.012329e-15 -7.86926e-13 -1 -1.012329e-15 -7.86926e-13 -1 -1.012329e-15 -7.86926e-13 -1 -1.012329e-15 -7.86926e-13 -1 -1.012329e-15 -7.86926e-13 -1 -1.012329e-15 -7.86926e-13 -1 -1.012329e-15 -7.86926e-13 -1 -1.012329e-15 -7.86926e-13 -1 -1.012329e-15 -7.86926e-13 -1 -1.012329e-15 -7.86926e-13 -1 -1.012329e-15 -7.86926e-13 -1 -1.012329e-15 -7.86926e-13 -1 -1.012329e-15 -7.86926e-13 -1 -1.012329e-15 -7.86926e-13 -1 -1.012329e-15 -7.86926e-13 -1 -1.012329e-15 -7.86926e-13 -1 -1.012329e-15 -7.86926e-13 -1 -1.012329e-15 -7.86926e-13 -1 -1.012329e-15 -7.86926e-13 -1 -1.012329e-15 -7.86926e-13 -1 -1.012329e-15 -7.86926e-13 -1 -1.012329e-15 -7.86926e-13 -1 -1.012329e-15 -7.86926e-13 -1 -1.012329e-15 -7.86926e-13 -1 -1.012329e-15 -7.86926e-13 -1 -1.012329e-15 -7.86926e-13 -1 -1.012329e-15 -7.86926e-13 -1 -1.012329e-15 -7.86926e-13 -1 -1.012329e-15 -7.86926e-13 -1 -1.012329e-15 -7.86926e-13 -1 -1.012329e-15 -7.86926e-13 -1 -1.012329e-15 -7.86926e-13 -1 -1.012329e-15 -7.86926e-13 -1 -1.012329e-15 -7.86926e-13 -1 -1.012329e-15 -7.86926e-13 -1 -1.012329e-15 -7.86926e-13 -1 -1.012329e-15 -7.86926e-13 -1 -1.012329e-15 -7.86926e-13 -1 -1.012329e-15 -7.86926e-13 -1 -1.012329e-15 -7.86926e-13 -1 -1.012329e-15 -7.86926e-13 -1 -1.012329e-15 -7.86926e-13 -1 -1.012329e-15 -7.86926e-13 -1 -1.012329e-15</float_array>
                    <technique_common>
                        <accessor count="199" source="#ID65" stride="3">
                            <param name="X" type="float" />
                            <param name="Y" type="float" />
                            <param name="Z" type="float" />
                        </accessor>
                    </technique_common>
                </source>
                <source id="ID63">
                    <float_array id="ID66" count="398">1.35176 1 1.35176 1.090909 1.349405 1.104434 1.34616 1.107763 1.341021 1.117729 1.338587 1.127683 1.336423 1.131007 1.333448 1.13765 1.331283 1.138766 1.328308 1.146514 1.326142 1.146526 1.32073 1.153183 1.315317 1.162051 1.309904 1.17313 1.309635 1.17755 1.310178 1.181966 1.311261 1.181959 1.316675 1.178613 1.319924 1.178594 1.321818 1.17306 1.324793 1.166416 1.326959 1.166404 1.330206 1.163072 1.332099 1.157539 1.336696 1.143156 1.341835 1.133189 1.345081 1.130964 1.34535 1.122127 1.348596 1.122111 1.350759 1.118787 1.350828 1.117103 1.351467 1.11641 1.352563 1.11588 1.354789 1.185025 1.359229 1.228876 1.356564 1.239426 1.354403 1.238321 1.349271 1.247155 1.3463 1.252677 1.344951 1.260408 1.342252 1.276973 1.33739 1.288018 1.334419 1.293542 1.332257 1.293543 1.326853 1.303486 1.324963 1.30901 1.324693 1.313427 1.325776 1.316738 1.33118 1.311211 1.334423 1.309 1.336042 1.302374 1.341446 1.30016 1.345767 1.293533 1.349008 1.288011 1.350088 1.286906 1.350357 1.28249 1.350895 1.264824 1.356296 1.25599 1.358456 1.251574 1.361439 1.250708 1.363669 1.272727 1.377795 1.348039 1.386999 1.376933 1.380581 1.392109 1.377603 1.397659 1.375707 1.403195 1.369196 1.406608 1.36621 1.415479 1.364035 1.416622 1.357502 1.416742 1.35532 1.413469 1.35423 1.415697 1.35396 1.424537 1.353418 1.433382 1.352327 1.433405 1.350143 1.432346 1.346867 1.436834 1.345775 1.439068 1.346869 1.441254 1.350148 1.443391 1.35342 1.436694 1.358871 1.437681 1.364312 1.436462 1.369744 1.430839 1.381395 1.410803 1.38464 1.408547 1.386261 1.401923 1.388962 1.391986 1.390978 1.389421 1.396204 1.405827 1.404257 1.419473 1.402695 1.448794 1.400003 1.469676 1.397849 1.491645 1.397309 1.509184 1.395962 1.531126 1.394885 1.5443 1.392732 1.544381 1.390577 1.545558 1.389769 1.548874 1.388152 1.555508 1.387613 1.559911 1.388421 1.563164 1.390577 1.566361 1.39596 1.558484 1.399456 1.539753 1.402682 1.51995 1.403758 1.511164 1.403491 1.50242 1.403493 1.489289 1.404569 1.480502 1.406451 1.464033 1.407259 1.450877 1.407261 1.442118 1.406923 1.423991 1.417643 1.442155 1.440649 1.454545 1.455544 1.446523 1.457362 1.463476 1.456182 1.476894 1.454718 1.490285 1.45441 1.499224 1.45582 1.507099 1.461194 1.533029 1.462309 1.545379 1.466597 1.552292 1.466609 1.547816 1.464904 1.541022 1.463789 1.528662 1.461523 1.517377 1.458983 1.501614 1.460165 1.48821 1.461337 1.479274 1.460786 1.470286 1.460822 1.456819 1.463655 1.442155 1.479242 1.415743 1.481303 1.437218 1.482345 1.444774 1.484695 1.453376 1.489936 1.450005 1.495165 1.450961 1.505306 1.47444 1.515683 1.489218 1.517507 1.483786 1.518304 1.470854 1.51728 1.462272 1.514435 1.454808 1.504044 1.444275 1.493623 1.429383 1.491531 1.429426 1.490484 1.429448 1.489971 1.420804 1.488795 1.394208 1.503503 1.348039 1.517629 1.272727 1.521214 1.264871 1.523005 1.282161 1.522432 1.316706 1.521367 1.333976 1.524198 1.347975 1.527546 1.360875 1.529612 1.364085 1.532721 1.360822 1.534558 1.344661 1.531998 1.329602 1.527866 1.323157 1.526842 1.315613 1.526856 1.306984 1.526652 1.272453 1.525902 1.255172 1.524616 1.247601 1.523843 1.244354 1.521018 1.239251 1.522069 1.228876 1.526509 1.185025 1.528023 1.137967 1.530304 1.124539 1.53387 1.131833 1.539217 1.146425 1.541002 1.14277 1.544568 1.144586 1.549915 1.153699 1.560613 1.151847 1.565959 1.157308 1.570864 1.148172 1.568645 1.128105 1.5633 1.120817 1.557948 1.128129 1.552601 1.12449 1.547248 1.129978 1.541901 1.120862 1.529107 1.104284 1.529538 1.090909 1.529538 1 1.607315 1 1.607315 2 1.273982 2 1.273982 1</float_array>
                    <technique_common>
                        <accessor count="199" source="#ID66" stride="2">
                            <param name="S" type="float" />
                            <param name="T" type="float" />
                        </accessor>
                    </technique_common>
                </source>
                <vertices id="ID62">
                    <input semantic="POSITION" source="#ID60" />
                    <input semantic="NORMAL" source="#ID61" />
                </vertices>
                <polylist count="1" material="Material2">
                    <input offset="0" semantic="VERTEX" source="#ID62" />
                    <input offset="1" semantic="TEXCOORD" source="#ID63" />
                    <vcount>199</vcount>
                    <p>0 0 1 1 2 2 3 3 4 4 5 5 6 6 7 7 8 8 9 9 10 10 11 11 12 12 13 13 14 14 15 15 16 16 17 17 18 18 19 19 20 20 21 21 22 22 23 23 24 24 25 25 26 26 27 27 28 28 29 29 30 30 31 31 32 32 33 33 34 34 35 35 36 36 37 37 38 38 39 39 40 40 41 41 42 42 43 43 44 44 45 45 46 46 47 47 48 48 49 49 50 50 51 51 52 52 53 53 54 54 55 55 56 56 57 57 58 58 59 59 60 60 61 61 62 62 63 63 64 64 65 65 66 66 67 67 68 68 69 69 70 70 71 71 72 72 73 73 74 74 75 75 76 76 77 77 78 78 79 79 80 80 81 81 82 82 83 83 84 84 85 85 86 86 87 87 88 88 89 89 90 90 91 91 92 92 93 93 94 94 95 95 96 96 97 97 98 98 99 99 100 100 101 101 102 102 103 103 104 104 105 105 106 106 107 107 108 108 109 109 110 110 111 111 112 112 113 113 114 114 115 115 116 116 117 117 118 118 119 119 120 120 121 121 122 122 123 123 124 124 125 125 126 126 127 127 128 128 129 129 130 130 131 131 132 132 133 133 134 134 135 135 136 136 137 137 138 138 139 139 140 140 141 141 142 142 143 143 144 144 145 145 146 146 147 147 148 148 149 149 150 150 151 151 152 152 153 153 154 154 155 155 156 156 157 157 158 158 159 159 160 160 161 161 162 162 163 163 164 164 165 165 166 166 167 167 168 168 169 169 170 170 171 171 172 172 173 173 174 174 175 175 176 176 177 177 178 178 179 179 180 180 181 181 182 182 183 183 184 184 185 185 186 186 187 187 188 188 189 189 190 190 191 191 192 192 193 193 194 194 195 195 196 196 197 197 198 198</p>
                </polylist>
            </mesh>
        </geometry>
        <geometry id="ID67">
            <mesh>
                <source id="ID68">
                    <float_array id="ID72" count="75">13.77953 3.558398e-11 19.68504 13.77953 3.558398e-11 50.34993 12.97413 3.62661e-11 50.15821 12.39818 3.672085e-11 49.87052 11.24618 3.763034e-11 49.63072 8.941662 3.944933e-11 49.72663 8.172792 4.001777e-11 49.34279 7.596391 4.047251e-11 49.39074 6.49083 4.138201e-11 49.00676 5.961814 4.183676e-11 48.71872 5.384898 4.22915e-11 48.62264 4.807896 4.274625e-11 48.52655 4.423493 4.308731e-11 48.67052 4.567942 4.285994e-11 48.81456 7.020504 4.092726e-11 49.91855 8.173668 4.001777e-11 50.1584 9.326157 3.922196e-11 50.06242 11.63077 3.740297e-11 50.54188 12.15882 3.694822e-11 50.82951 12.49478 3.672085e-11 50.97329 12.68669 3.649347e-11 50.97327 13.77953 3.558398e-11 50.92521 13.77953 3.558398e-11 55.11811 0 4.649792e-11 55.11811 0 4.638423e-11 19.68504</float_array>
                    <technique_common>
                        <accessor count="25" source="#ID72" stride="3">
                            <param name="X" type="float" />
                            <param name="Y" type="float" />
                            <param name="Z" type="float" />
                        </accessor>
                    </technique_common>
                </source>
                <source id="ID69">
                    <float_array id="ID73" count="75">-7.888415e-13 -1 2.565464e-15 -7.888415e-13 -1 2.565464e-15 -7.888415e-13 -1 2.565464e-15 -7.888415e-13 -1 2.565464e-15 -7.888415e-13 -1 2.565464e-15 -7.888415e-13 -1 2.565464e-15 -7.888415e-13 -1 2.565464e-15 -7.888415e-13 -1 2.565464e-15 -7.888415e-13 -1 2.565464e-15 -7.888415e-13 -1 2.565464e-15 -7.888415e-13 -1 2.565464e-15 -7.888415e-13 -1 2.565464e-15 -7.888415e-13 -1 2.565464e-15 -7.888415e-13 -1 2.565464e-15 -7.888415e-13 -1 2.565464e-15 -7.888415e-13 -1 2.565464e-15 -7.888415e-13 -1 2.565464e-15 -7.888415e-13 -1 2.565464e-15 -7.888415e-13 -1 2.565464e-15 -7.888415e-13 -1 2.565464e-15 -7.888415e-13 -1 2.565464e-15 -7.888415e-13 -1 2.565464e-15 -7.888415e-13 -1 2.565464e-15 -7.888415e-13 -1 2.565464e-15 -7.888415e-13 -1 2.565464e-15</float_array>
                    <technique_common>
                        <accessor count="25" source="#ID73" stride="3">
                            <param name="X" type="float" />
                            <param name="Y" type="float" />
                            <param name="Z" type="float" />
                        </accessor>
                    </technique_common>
                </source>
                <source id="ID71">
                    <float_array id="ID74" count="50">2.77798 2.176037e-14 2.77798 0.8654314 2.771161 0.8600205 2.766285 0.8519013 2.756531 0.8451338 2.73702 0.8478405 2.73051 0.8370076 2.72563 0.838361 2.716269 0.827524 2.71179 0.8193949 2.706906 0.8166833 2.702021 0.8139714 2.698766 0.8180348 2.699989 0.8220999 2.720754 0.8532568 2.730517 0.8600261 2.740275 0.8573172 2.759788 0.8708486 2.764258 0.8789661 2.767103 0.883024 2.768728 0.8830233 2.77798 0.8816671 2.77798 1 2.661314 1 2.661314 2.164935e-14</float_array>
                    <technique_common>
                        <accessor count="25" source="#ID74" stride="2">
                            <param name="S" type="float" />
                            <param name="T" type="float" />
                        </accessor>
                    </technique_common>
                </source>
                <vertices id="ID70">
                    <input semantic="POSITION" source="#ID68" />
                    <input semantic="NORMAL" source="#ID69" />
                </vertices>
                <polylist count="1" material="Material2">
                    <input offset="0" semantic="VERTEX" source="#ID70" />
                    <input offset="1" semantic="TEXCOORD" source="#ID71" />
                    <vcount>25</vcount>
                    <p>0 0 1 1 2 2 3 3 4 4 5 5 6 6 7 7 8 8 9 9 10 10 11 11 12 12 13 13 14 14 15 15 16 16 17 17 18 18 19 19 20 20 21 21 22 22 23 23 24 24</p>
                </polylist>
            </mesh>
        </geometry>
        <geometry id="ID75">
            <mesh>
                <source id="ID76">
                    <float_array id="ID80" count="75">45.27559 39.37008 19.68504 45.27559 39.37008 50.34993 46.08099 39.37008 50.15821 46.65694 39.37008 49.87052 47.80894 39.37008 49.63072 50.11346 39.37008 49.72663 50.88233 39.37008 49.34279 51.45873 39.37008 49.39074 52.56429 39.37008 49.00676 53.0933 39.37008 48.71872 53.67022 39.37008 48.62264 54.24722 39.37008 48.52655 54.63162 39.37008 48.67052 54.48718 39.37008 48.81456 52.03461 39.37008 49.91855 50.88145 39.37008 50.1584 49.72896 39.37008 50.06242 47.42434 39.37008 50.54188 46.8963 39.37008 50.82951 46.56034 39.37008 50.97329 46.36843 39.37008 50.97327 45.27559 39.37008 50.92521 45.27559 39.37008 55.11811 59.05512 39.37008 55.11811 59.05512 39.37008 19.68504</float_array>
                    <technique_common>
                        <accessor count="25" source="#ID80" stride="3">
                            <param name="X" type="float" />
                            <param name="Y" type="float" />
                            <param name="Z" type="float" />
                        </accessor>
                    </technique_common>
                </source>
                <source id="ID77">
                    <float_array id="ID81" count="75">-7.796849e-15 1 7.63494e-15 -7.796849e-15 1 7.63494e-15 -7.796849e-15 1 7.63494e-15 -7.796849e-15 1 7.63494e-15 -7.796849e-15 1 7.63494e-15 -7.796849e-15 1 7.63494e-15 -7.796849e-15 1 7.63494e-15 -7.796849e-15 1 7.63494e-15 -7.796849e-15 1 7.63494e-15 -7.796849e-15 1 7.63494e-15 -7.796849e-15 1 7.63494e-15 -7.796849e-15 1 7.63494e-15 -7.796849e-15 1 7.63494e-15 -7.796849e-15 1 7.63494e-15 -7.796849e-15 1 7.63494e-15 -7.796849e-15 1 7.63494e-15 -7.796849e-15 1 7.63494e-15 -7.796849e-15 1 7.63494e-15 -7.796849e-15 1 7.63494e-15 -7.796849e-15 1 7.63494e-15 -7.796849e-15 1 7.63494e-15 -7.796849e-15 1 7.63494e-15 -7.796849e-15 1 7.63494e-15 -7.796849e-15 1 7.63494e-15 -7.796849e-15 1 7.63494e-15</float_array>
                    <technique_common>
                        <accessor count="25" source="#ID81" stride="3">
                            <param name="X" type="float" />
                            <param name="Y" type="float" />
                            <param name="Z" type="float" />
                        </accessor>
                    </technique_common>
                </source>
                <source id="ID79">
                    <float_array id="ID82" count="50">2.77798 -7.105427e-14 2.77798 0.8654314 2.771161 0.8600205 2.766285 0.8519013 2.756531 0.8451338 2.73702 0.8478405 2.73051 0.8370076 2.72563 0.838361 2.716269 0.827524 2.71179 0.8193949 2.706906 0.8166833 2.702021 0.8139714 2.698766 0.8180348 2.699989 0.8220999 2.720754 0.8532568 2.730517 0.8600261 2.740275 0.8573172 2.759788 0.8708486 2.764258 0.8789661 2.767103 0.883024 2.768728 0.8830233 2.77798 0.8816671 2.77798 1 2.661314 1 2.661314 -7.105427e-14</float_array>
                    <technique_common>
                        <accessor count="25" source="#ID82" stride="2">
                            <param name="S" type="float" />
                            <param name="T" type="float" />
                        </accessor>
                    </technique_common>
                </source>
                <vertices id="ID78">
                    <input semantic="POSITION" source="#ID76" />
                    <input semantic="NORMAL" source="#ID77" />
                </vertices>
                <polylist count="1" material="Material2">
                    <input offset="0" semantic="VERTEX" source="#ID78" />
                    <input offset="1" semantic="TEXCOORD" source="#ID79" />
                    <vcount>25</vcount>
                    <p>0 0 1 1 2 2 3 3 4 4 5 5 6 6 7 7 8 8 9 9 10 10 11 11 12 12 13 13 14 14 15 15 16 16 17 17 18 18 19 19 20 20 21 21 22 22 23 23 24 24</p>
                </polylist>
            </mesh>
        </geometry>
        <geometry id="ID83">
            <mesh>
                <source id="ID84">
                    <float_array id="ID88" count="66">13.77953 39.37008 55.11811 13.77953 39.37008 53.15421 12.60686 39.37008 53.54997 11.42234 39.37008 54.3412 10.47351 39.37008 54.0246 9.209329 39.37008 54.1036 8.261511 39.37008 54.26172 7.62994 39.37008 54.49897 6.997742 39.37008 54.34068 5.734203 39.37008 54.41963 4.627433 39.37008 53.78676 4.863875 39.37008 53.54948 5.495652 39.37008 53.54952 6.759368 39.37008 53.5496 8.971003 39.37008 53.31237 9.919727 39.37008 53.62893 10.55205 39.37008 53.7081 11.18408 39.37008 53.54988 13.77953 39.37008 52.44191 13.77953 39.37008 19.68504 0 39.37008 19.68504 -2.273737e-13 39.37008 55.11811</float_array>
                    <technique_common>
                        <accessor count="22" source="#ID88" stride="3">
                            <param name="X" type="float" />
                            <param name="Y" type="float" />
                            <param name="Z" type="float" />
                        </accessor>
                    </technique_common>
                </source>
                <source id="ID85">
                    <float_array id="ID89" count="66">1.647587e-15 1 1.132504e-14 1.647587e-15 1 1.132504e-14 1.647587e-15 1 1.132504e-14 1.647587e-15 1 1.132504e-14 1.647587e-15 1 1.132504e-14 1.647587e-15 1 1.132504e-14 1.647587e-15 1 1.132504e-14 1.647587e-15 1 1.132504e-14 1.647587e-15 1 1.132504e-14 1.647587e-15 1 1.132504e-14 1.647587e-15 1 1.132504e-14 1.647587e-15 1 1.132504e-14 1.647587e-15 1 1.132504e-14 1.647587e-15 1 1.132504e-14 1.647587e-15 1 1.132504e-14 1.647587e-15 1 1.132504e-14 1.647587e-15 1 1.132504e-14 1.647587e-15 1 1.132504e-14 1.647587e-15 1 1.132504e-14 1.647587e-15 1 1.132504e-14 1.647587e-15 1 1.132504e-14 1.647587e-15 1 1.132504e-14</float_array>
                    <technique_common>
                        <accessor count="22" source="#ID89" stride="3">
                            <param name="X" type="float" />
                            <param name="Y" type="float" />
                            <param name="Z" type="float" />
                        </accessor>
                    </technique_common>
                </source>
                <source id="ID87">
                    <float_array id="ID90" count="44">3.044647 1 3.044647 0.9445744 3.054576 0.9557436 3.064605 0.9780738 3.072638 0.9691387 3.083341 0.9713681 3.091366 0.9758308 3.096714 0.9825264 3.102066 0.9780593 3.112764 0.9802874 3.122135 0.9624264 3.120133 0.9557299 3.114784 0.955731 3.104084 0.9557332 3.085359 0.9490381 3.077327 0.957972 3.071973 0.9602064 3.066622 0.9557411 3.044647 0.9244718 3.044647 -2.016165e-13 3.161314 -2.015055e-13 3.161314 1</float_array>
                    <technique_common>
                        <accessor count="22" source="#ID90" stride="2">
                            <param name="S" type="float" />
                            <param name="T" type="float" />
                        </accessor>
                    </technique_common>
                </source>
                <vertices id="ID86">
                    <input semantic="POSITION" source="#ID84" />
                    <input semantic="NORMAL" source="#ID85" />
                </vertices>
                <polylist count="1" material="Material2">
                    <input offset="0" semantic="VERTEX" source="#ID86" />
                    <input offset="1" semantic="TEXCOORD" source="#ID87" />
                    <vcount>22</vcount>
                    <p>0 0 1 1 2 2 3 3 4 4 5 5 6 6 7 7 8 8 9 9 10 10 11 11 12 12 13 13 14 14 15 15 16 16 17 17 18 18 19 19 20 20 21 21</p>
                </polylist>
            </mesh>
        </geometry>
        <geometry id="ID91">
            <mesh>
                <source id="ID92">
                    <float_array id="ID96" count="12">0 39.37008 19.68504 13.77953 39.37008 19.68504 13.77953 39.37008 2.218671e-31 0 39.37008 2.218671e-31</float_array>
                    <technique_common>
                        <accessor count="4" source="#ID96" stride="3">
                            <param name="X" type="float" />
                            <param name="Y" type="float" />
                            <param name="Z" type="float" />
                        </accessor>
                    </technique_common>
                </source>
                <source id="ID93">
                    <float_array id="ID97" count="12">4.125208e-14 1 -1.092939e-30 4.125208e-14 1 -1.092939e-30 4.125208e-14 1 -1.092939e-30 4.125208e-14 1 -1.092939e-30</float_array>
                    <technique_common>
                        <accessor count="4" source="#ID97" stride="3">
                            <param name="X" type="float" />
                            <param name="Y" type="float" />
                            <param name="Z" type="float" />
                        </accessor>
                    </technique_common>
                </source>
                <source id="ID95">
                    <float_array id="ID98" count="8">5.833333 1 5.6 1 5.6 3.606698e-29 5.833333 3.606698e-29</float_array>
                    <technique_common>
                        <accessor count="4" source="#ID98" stride="2">
                            <param name="S" type="float" />
                            <param name="T" type="float" />
                        </accessor>
                    </technique_common>
                </source>
                <vertices id="ID94">
                    <input semantic="POSITION" source="#ID92" />
                    <input semantic="NORMAL" source="#ID93" />
                </vertices>
                <polylist count="1" material="Material2">
                    <input offset="0" semantic="VERTEX" source="#ID94" />
                    <input offset="1" semantic="TEXCOORD" source="#ID95" />
                    <vcount>4</vcount>
                    <p>0 0 1 1 2 2 3 3</p>
                </polylist>
            </mesh>
        </geometry>
        <geometry id="ID99">
            <mesh>
                <source id="ID100">
                    <float_array id="ID104" count="597">45.27559 39.37008 55.11811 45.27559 39.37008 59.05512 45.6927 39.37008 59.64084 46.26773 39.37008 59.785 47.17816 39.37008 60.2166 47.60929 39.37008 60.64767 47.99269 39.37008 60.79165 48.51983 39.37008 61.07934 48.90336 39.37008 61.12766 49.43052 39.37008 61.46322 49.81415 39.37008 61.46372 50.77306 39.37008 61.75203 51.732 39.37008 62.13608 52.69094 39.37008 62.61586 52.73867 39.37008 62.8073 52.64247 39.37008 62.99852 52.45056 39.37008 62.99824 51.49132 39.37008 62.85332 50.91576 39.37008 62.85249 50.58031 39.37008 62.61284 50.05309 39.37008 62.3251 49.66948 39.37008 62.32457 49.09424 39.37008 62.18028 48.75885 39.37008 61.94067 47.94437 39.37008 61.31779 47.03394 39.37008 60.88614 46.45888 39.37008 60.78977 46.41116 39.37008 60.40705 45.8361 39.37008 60.40637 45.45283 39.37008 60.26243 45.44072 39.37008 60.18951 45.32743 39.37008 60.15949 45.13322 39.37008 60.13653 44.73899 39.37008 63.13101 43.95237 39.37008 65.03007 44.42451 39.37008 65.48697 44.80736 39.37008 65.43911 45.71646 39.37008 65.82169 46.24282 39.37008 66.06082 46.48191 39.37008 66.39562 46.96005 39.37008 67.11302 47.82135 39.37008 67.59135 48.34779 39.37008 67.83054 48.73085 39.37008 67.83061 49.68815 39.37008 68.26122 50.02314 39.37008 68.50042 50.07081 39.37008 68.69172 49.87907 39.37008 68.83512 48.9216 39.37008 68.59576 48.34715 39.37008 68.49998 48.06016 39.37008 68.21303 47.10285 39.37008 68.11719 46.33727 39.37008 67.83017 45.76317 39.37008 67.59102 45.57178 39.37008 67.54318 45.52405 39.37008 67.35193 45.42882 39.37008 66.58688 44.472 39.37008 66.2043 44.08932 39.37008 66.01303 43.56075 39.37008 65.97552 43.16575 39.37008 66.92913 40.6631 39.37008 70.19066 39.03234 39.37008 71.44199 40.1694 39.37008 72.09922 40.69704 39.37008 72.33955 41.03298 39.37008 72.5793 42.18648 39.37008 72.72712 42.71557 39.37008 73.11131 43.10085 39.37008 73.16078 44.25835 39.37008 73.16597 44.64491 39.37008 73.02423 44.83803 39.37008 73.12074 44.88574 39.37008 73.50358 44.98176 39.37008 73.88662 45.1751 39.37008 73.88761 45.56205 39.37008 73.84174 46.14245 39.37008 74.03612 46.33597 39.37008 74.13286 46.14208 39.37008 74.22755 45.56119 39.37008 74.3201 44.98153 39.37008 74.03007 44.01576 39.37008 74.07282 43.0517 39.37008 74.02002 42.08935 39.37008 73.7765 40.02529 39.37008 72.9088 39.45037 39.37008 72.8111 39.16313 39.37008 72.52421 38.68461 39.37008 72.09389 38.32754 39.37008 71.98279 37.40157 39.37008 72.69331 35.97492 39.37008 73.28425 36.25172 39.37008 74.55406 36.7285 39.37008 75.45843 37.11014 39.37008 76.40984 37.20579 39.37008 77.16941 37.44445 39.37008 78.11964 37.6353 39.37008 78.69018 38.01676 39.37008 78.69369 38.39847 39.37008 78.74463 38.54168 39.37008 78.88825 38.82818 39.37008 79.17556 38.9237 39.37008 79.36622 38.78043 39.37008 79.5071 38.39858 39.37008 79.64555 37.44489 39.37008 79.30441 36.82542 39.37008 78.49325 36.25386 39.37008 77.63563 36.06333 39.37008 77.25511 36.11062 39.37008 76.87647 36.1102 39.37008 76.30778 35.91964 39.37008 75.92725 35.58617 39.37008 75.21404 35.44303 39.37008 74.64428 35.44269 39.37008 74.26494 35.50251 39.37008 73.47993 33.60345 39.37008 74.26655 29.52756 39.37008 74.80315 26.88855 39.37008 74.45572 26.56658 39.37008 75.18988 26.77557 39.37008 75.77099 27.03493 39.37008 76.35094 27.08949 39.37008 76.73803 26.83968 39.37008 77.07909 25.88757 39.37008 78.20204 25.69018 39.37008 78.73689 24.93049 39.37008 79.03626 24.92828 39.37008 78.84241 25.23042 39.37008 78.54821 25.42798 39.37008 78.01291 25.82941 39.37008 77.52421 26.27927 39.37008 76.84153 26.06991 39.37008 76.26105 25.86237 39.37008 75.87408 25.95989 39.37008 75.48483 25.95362 39.37008 74.90162 25.45167 39.37008 74.26655 22.69024 39.37008 73.12273 22.32497 39.37008 74.05275 22.1405 39.37008 74.37996 21.72411 39.37008 74.75249 20.79548 39.37008 74.60652 19.86922 39.37008 74.64792 18.07252 39.37008 75.66472 16.23415 39.37008 76.30473 15.91097 39.37008 76.06946 15.76968 39.37008 75.50942 15.95122 39.37008 75.13777 16.45514 39.37008 74.8145 18.29603 39.37008 74.35838 20.14233 39.37008 73.71343 20.51301 39.37008 73.7153 20.69845 39.37008 73.71623 20.78938 39.37008 73.34191 20.99775 39.37008 72.19011 18.39202 39.37008 70.19066 15.88936 39.37008 66.92913 15.25422 39.37008 66.5889 14.93694 39.37008 67.33769 15.03843 39.37008 68.83374 15.22708 39.37008 69.58162 14.72542 39.37008 70.1879 14.1323 39.37008 70.74657 13.76632 39.37008 70.88556 13.21545 39.37008 70.74428 12.89005 39.37008 70.04436 13.34367 39.37008 69.39221 14.07562 39.37008 69.11308 14.25708 39.37008 68.78638 14.25463 39.37008 68.41271 14.29074 39.37008 66.91725 14.4237 39.37008 66.16886 14.65143 39.37008 65.841 14.78849 39.37008 65.70035 15.28886 39.37008 65.47938 15.10275 39.37008 65.03007 14.31613 39.37008 63.13101 14.04783 39.37008 61.09306 13.6437 39.37008 60.51152 13.01196 39.37008 60.82743 12.06474 39.37008 61.45934 11.74851 39.37008 61.30105 11.11666 39.37008 61.37973 10.16943 39.37008 61.77436 8.274032 39.37008 61.69416 7.32699 39.37008 61.93064 6.457892 39.37008 61.53501 6.851058 39.37008 60.66596 7.79798 39.37008 60.35032 8.746109 39.37008 60.66699 9.693566 39.37008 60.50941 10.64177 39.37008 60.74707 11.58914 39.37008 60.3523 13.85578 39.37008 59.63434 13.77953 39.37008 59.05512 13.77953 39.37008 55.11811 -2.273737e-13 39.37008 55.11811 0 39.37008 98.4252 59.05512 39.37008 98.4252 59.05512 39.37008 55.11811</float_array>
                    <technique_common>
                        <accessor count="199" source="#ID104" stride="3">
                            <param name="X" type="float" />
                            <param name="Y" type="float" />
                            <param name="Z" type="float" />
                        </accessor>
                    </technique_common>
                </source>
                <source id="ID101">
                    <float_array id="ID105" count="597">7.842499e-15 1 2.085769e-14 7.842499e-15 1 2.085769e-14 7.842499e-15 1 2.085769e-14 7.842499e-15 1 2.085769e-14 7.842499e-15 1 2.085769e-14 7.842499e-15 1 2.085769e-14 7.842499e-15 1 2.085769e-14 7.842499e-15 1 2.085769e-14 7.842499e-15 1 2.085769e-14 7.842499e-15 1 2.085769e-14 7.842499e-15 1 2.085769e-14 7.842499e-15 1 2.085769e-14 7.842499e-15 1 2.085769e-14 7.842499e-15 1 2.085769e-14 7.842499e-15 1 2.085769e-14 7.842499e-15 1 2.085769e-14 7.842499e-15 1 2.085769e-14 7.842499e-15 1 2.085769e-14 7.842499e-15 1 2.085769e-14 7.842499e-15 1 2.085769e-14 7.842499e-15 1 2.085769e-14 7.842499e-15 1 2.085769e-14 7.842499e-15 1 2.085769e-14 7.842499e-15 1 2.085769e-14 7.842499e-15 1 2.085769e-14 7.842499e-15 1 2.085769e-14 7.842499e-15 1 2.085769e-14 7.842499e-15 1 2.085769e-14 7.842499e-15 1 2.085769e-14 7.842499e-15 1 2.085769e-14 7.842499e-15 1 2.085769e-14 7.842499e-15 1 2.085769e-14 7.842499e-15 1 2.085769e-14 7.842499e-15 1 2.085769e-14 7.842499e-15 1 2.085769e-14 7.842499e-15 1 2.085769e-14 7.842499e-15 1 2.085769e-14 7.842499e-15 1 2.085769e-14 7.842499e-15 1 2.085769e-14 7.842499e-15 1 2.085769e-14 7.842499e-15 1 2.085769e-14 7.842499e-15 1 2.085769e-14 7.842499e-15 1 2.085769e-14 7.842499e-15 1 2.085769e-14 7.842499e-15 1 2.085769e-14 7.842499e-15 1 2.085769e-14 7.842499e-15 1 2.085769e-14 7.842499e-15 1 2.085769e-14 7.842499e-15 1 2.085769e-14 7.842499e-15 1 2.085769e-14 7.842499e-15 1 2.085769e-14 7.842499e-15 1 2.085769e-14 7.842499e-15 1 2.085769e-14 7.842499e-15 1 2.085769e-14 7.842499e-15 1 2.085769e-14 7.842499e-15 1 2.085769e-14 7.842499e-15 1 2.085769e-14 7.842499e-15 1 2.085769e-14 7.842499e-15 1 2.085769e-14 7.842499e-15 1 2.085769e-14 7.842499e-15 1 2.085769e-14 7.842499e-15 1 2.085769e-14 7.842499e-15 1 2.085769e-14 7.842499e-15 1 2.085769e-14 7.842499e-15 1 2.085769e-14 7.842499e-15 1 2.085769e-14 7.842499e-15 1 2.085769e-14 7.842499e-15 1 2.085769e-14 7.842499e-15 1 2.085769e-14 7.842499e-15 1 2.085769e-14 7.842499e-15 1 2.085769e-14 7.842499e-15 1 2.085769e-14 7.842499e-15 1 2.085769e-14 7.842499e-15 1 2.085769e-14 7.842499e-15 1 2.085769e-14 7.842499e-15 1 2.085769e-14 7.842499e-15 1 2.085769e-14 7.842499e-15 1 2.085769e-14 7.842499e-15 1 2.085769e-14 7.842499e-15 1 2.085769e-14 7.842499e-15 1 2.085769e-14 7.842499e-15 1 2.085769e-14 7.842499e-15 1 2.085769e-14 7.842499e-15 1 2.085769e-14 7.842499e-15 1 2.085769e-14 7.842499e-15 1 2.085769e-14 7.842499e-15 1 2.085769e-14 7.842499e-15 1 2.085769e-14 7.842499e-15 1 2.085769e-14 7.842499e-15 1 2.085769e-14 7.842499e-15 1 2.085769e-14 7.842499e-15 1 2.085769e-14 7.842499e-15 1 2.085769e-14 7.842499e-15 1 2.085769e-14 7.842499e-15 1 2.085769e-14 7.842499e-15 1 2.085769e-14 7.842499e-15 1 2.085769e-14 7.842499e-15 1 2.085769e-14 7.842499e-15 1 2.085769e-14 7.842499e-15 1 2.085769e-14 7.842499e-15 1 2.085769e-14 7.842499e-15 1 2.085769e-14 7.842499e-15 1 2.085769e-14 7.842499e-15 1 2.085769e-14 7.842499e-15 1 2.085769e-14 7.842499e-15 1 2.085769e-14 7.842499e-15 1 2.085769e-14 7.842499e-15 1 2.085769e-14 7.842499e-15 1 2.085769e-14 7.842499e-15 1 2.085769e-14 7.842499e-15 1 2.085769e-14 7.842499e-15 1 2.085769e-14 7.842499e-15 1 2.085769e-14 7.842499e-15 1 2.085769e-14 7.842499e-15 1 2.085769e-14 7.842499e-15 1 2.085769e-14 7.842499e-15 1 2.085769e-14 7.842499e-15 1 2.085769e-14 7.842499e-15 1 2.085769e-14 7.842499e-15 1 2.085769e-14 7.842499e-15 1 2.085769e-14 7.842499e-15 1 2.085769e-14 7.842499e-15 1 2.085769e-14 7.842499e-15 1 2.085769e-14 7.842499e-15 1 2.085769e-14 7.842499e-15 1 2.085769e-14 7.842499e-15 1 2.085769e-14 7.842499e-15 1 2.085769e-14 7.842499e-15 1 2.085769e-14 7.842499e-15 1 2.085769e-14 7.842499e-15 1 2.085769e-14 7.842499e-15 1 2.085769e-14 7.842499e-15 1 2.085769e-14 7.842499e-15 1 2.085769e-14 7.842499e-15 1 2.085769e-14 7.842499e-15 1 2.085769e-14 7.842499e-15 1 2.085769e-14 7.842499e-15 1 2.085769e-14 7.842499e-15 1 2.085769e-14 7.842499e-15 1 2.085769e-14 7.842499e-15 1 2.085769e-14 7.842499e-15 1 2.085769e-14 7.842499e-15 1 2.085769e-14 7.842499e-15 1 2.085769e-14 7.842499e-15 1 2.085769e-14 7.842499e-15 1 2.085769e-14 7.842499e-15 1 2.085769e-14 7.842499e-15 1 2.085769e-14 7.842499e-15 1 2.085769e-14 7.842499e-15 1 2.085769e-14 7.842499e-15 1 2.085769e-14 7.842499e-15 1 2.085769e-14 7.842499e-15 1 2.085769e-14 7.842499e-15 1 2.085769e-14 7.842499e-15 1 2.085769e-14 7.842499e-15 1 2.085769e-14 7.842499e-15 1 2.085769e-14 7.842499e-15 1 2.085769e-14 7.842499e-15 1 2.085769e-14 7.842499e-15 1 2.085769e-14 7.842499e-15 1 2.085769e-14 7.842499e-15 1 2.085769e-14 7.842499e-15 1 2.085769e-14 7.842499e-15 1 2.085769e-14 7.842499e-15 1 2.085769e-14 7.842499e-15 1 2.085769e-14 7.842499e-15 1 2.085769e-14 7.842499e-15 1 2.085769e-14 7.842499e-15 1 2.085769e-14 7.842499e-15 1 2.085769e-14 7.842499e-15 1 2.085769e-14 7.842499e-15 1 2.085769e-14 7.842499e-15 1 2.085769e-14 7.842499e-15 1 2.085769e-14 7.842499e-15 1 2.085769e-14 7.842499e-15 1 2.085769e-14 7.842499e-15 1 2.085769e-14 7.842499e-15 1 2.085769e-14 7.842499e-15 1 2.085769e-14 7.842499e-15 1 2.085769e-14 7.842499e-15 1 2.085769e-14 7.842499e-15 1 2.085769e-14 7.842499e-15 1 2.085769e-14 7.842499e-15 1 2.085769e-14 7.842499e-15 1 2.085769e-14 7.842499e-15 1 2.085769e-14 7.842499e-15 1 2.085769e-14 7.842499e-15 1 2.085769e-14 7.842499e-15 1 2.085769e-14 7.842499e-15 1 2.085769e-14 7.842499e-15 1 2.085769e-14 7.842499e-15 1 2.085769e-14 7.842499e-15 1 2.085769e-14 7.842499e-15 1 2.085769e-14 7.842499e-15 1 2.085769e-14 7.842499e-15 1 2.085769e-14 7.842499e-15 1 2.085769e-14 7.842499e-15 1 2.085769e-14 7.842499e-15 1 2.085769e-14</float_array>
                    <technique_common>
                        <accessor count="199" source="#ID105" stride="3">
                            <param name="X" type="float" />
                            <param name="Y" type="float" />
                            <param name="Z" type="float" />
                        </accessor>
                    </technique_common>
                </source>
                <source id="ID103">
                    <float_array id="ID106" count="398">1.35176 1 1.35176 1.090909 1.349405 1.104434 1.34616 1.107763 1.341021 1.117729 1.338587 1.127683 1.336423 1.131007 1.333448 1.13765 1.331283 1.138766 1.328308 1.146514 1.326142 1.146526 1.32073 1.153183 1.315317 1.162051 1.309904 1.17313 1.309635 1.17755 1.310178 1.181966 1.311261 1.181959 1.316675 1.178613 1.319924 1.178594 1.321818 1.17306 1.324793 1.166416 1.326959 1.166404 1.330206 1.163072 1.332099 1.157539 1.336696 1.143156 1.341835 1.133189 1.345081 1.130964 1.34535 1.122127 1.348596 1.122111 1.350759 1.118787 1.350828 1.117103 1.351467 1.11641 1.352563 1.11588 1.354789 1.185025 1.359229 1.228876 1.356564 1.239426 1.354403 1.238321 1.349271 1.247155 1.3463 1.252677 1.344951 1.260408 1.342252 1.276973 1.33739 1.288018 1.334419 1.293542 1.332257 1.293543 1.326853 1.303486 1.324963 1.30901 1.324693 1.313427 1.325776 1.316738 1.33118 1.311211 1.334423 1.309 1.336042 1.302374 1.341446 1.30016 1.345767 1.293533 1.349008 1.288011 1.350088 1.286906 1.350357 1.28249 1.350895 1.264824 1.356296 1.25599 1.358456 1.251574 1.361439 1.250708 1.363669 1.272727 1.377795 1.348039 1.386999 1.376933 1.380581 1.392109 1.377603 1.397659 1.375707 1.403195 1.369196 1.406608 1.36621 1.415479 1.364035 1.416622 1.357502 1.416742 1.35532 1.413469 1.35423 1.415697 1.35396 1.424537 1.353418 1.433382 1.352327 1.433405 1.350143 1.432346 1.346867 1.436834 1.345775 1.439068 1.346869 1.441254 1.350148 1.443391 1.35342 1.436694 1.358871 1.437681 1.364312 1.436462 1.369744 1.430839 1.381395 1.410803 1.38464 1.408547 1.386261 1.401923 1.388962 1.391986 1.390978 1.389421 1.396204 1.405827 1.404257 1.419473 1.402695 1.448794 1.400003 1.469676 1.397849 1.491645 1.397309 1.509184 1.395962 1.531126 1.394885 1.5443 1.392732 1.544381 1.390577 1.545558 1.389769 1.548874 1.388152 1.555508 1.387613 1.559911 1.388421 1.563164 1.390577 1.566361 1.39596 1.558484 1.399456 1.539753 1.402682 1.51995 1.403758 1.511164 1.403491 1.50242 1.403493 1.489289 1.404569 1.480502 1.406451 1.464033 1.407259 1.450877 1.407261 1.442118 1.406923 1.423991 1.417643 1.442155 1.440649 1.454545 1.455544 1.446523 1.457362 1.463476 1.456182 1.476894 1.454718 1.490285 1.45441 1.499224 1.45582 1.507099 1.461194 1.533029 1.462309 1.545379 1.466597 1.552292 1.466609 1.547816 1.464904 1.541022 1.463789 1.528662 1.461523 1.517377 1.458983 1.501614 1.460165 1.48821 1.461337 1.479274 1.460786 1.470286 1.460822 1.456819 1.463655 1.442155 1.479242 1.415743 1.481303 1.437218 1.482345 1.444774 1.484695 1.453376 1.489936 1.450005 1.495165 1.450961 1.505306 1.47444 1.515683 1.489218 1.517507 1.483786 1.518304 1.470854 1.51728 1.462272 1.514435 1.454808 1.504044 1.444275 1.493623 1.429383 1.491531 1.429426 1.490484 1.429448 1.489971 1.420804 1.488795 1.394208 1.503503 1.348039 1.517629 1.272727 1.521214 1.264871 1.523005 1.282161 1.522432 1.316706 1.521367 1.333976 1.524198 1.347975 1.527546 1.360875 1.529612 1.364085 1.532721 1.360822 1.534558 1.344661 1.531998 1.329602 1.527866 1.323157 1.526842 1.315613 1.526856 1.306984 1.526652 1.272453 1.525902 1.255172 1.524616 1.247601 1.523843 1.244354 1.521018 1.239251 1.522069 1.228876 1.526509 1.185025 1.528023 1.137967 1.530304 1.124539 1.53387 1.131833 1.539217 1.146425 1.541002 1.14277 1.544568 1.144586 1.549915 1.153699 1.560613 1.151847 1.565959 1.157308 1.570864 1.148172 1.568645 1.128105 1.5633 1.120817 1.557948 1.128129 1.552601 1.12449 1.547248 1.129978 1.541901 1.120862 1.529107 1.104284 1.529538 1.090909 1.529538 1 1.607315 1 1.607315 2 1.273982 2 1.273982 1</float_array>
                    <technique_common>
                        <accessor count="199" source="#ID106" stride="2">
                            <param name="S" type="float" />
                            <param name="T" type="float" />
                        </accessor>
                    </technique_common>
                </source>
                <vertices id="ID102">
                    <input semantic="POSITION" source="#ID100" />
                    <input semantic="NORMAL" source="#ID101" />
                </vertices>
                <polylist count="1" material="Material2">
                    <input offset="0" semantic="VERTEX" source="#ID102" />
                    <input offset="1" semantic="TEXCOORD" source="#ID103" />
                    <vcount>199</vcount>
                    <p>0 0 1 1 2 2 3 3 4 4 5 5 6 6 7 7 8 8 9 9 10 10 11 11 12 12 13 13 14 14 15 15 16 16 17 17 18 18 19 19 20 20 21 21 22 22 23 23 24 24 25 25 26 26 27 27 28 28 29 29 30 30 31 31 32 32 33 33 34 34 35 35 36 36 37 37 38 38 39 39 40 40 41 41 42 42 43 43 44 44 45 45 46 46 47 47 48 48 49 49 50 50 51 51 52 52 53 53 54 54 55 55 56 56 57 57 58 58 59 59 60 60 61 61 62 62 63 63 64 64 65 65 66 66 67 67 68 68 69 69 70 70 71 71 72 72 73 73 74 74 75 75 76 76 77 77 78 78 79 79 80 80 81 81 82 82 83 83 84 84 85 85 86 86 87 87 88 88 89 89 90 90 91 91 92 92 93 93 94 94 95 95 96 96 97 97 98 98 99 99 100 100 101 101 102 102 103 103 104 104 105 105 106 106 107 107 108 108 109 109 110 110 111 111 112 112 113 113 114 114 115 115 116 116 117 117 118 118 119 119 120 120 121 121 122 122 123 123 124 124 125 125 126 126 127 127 128 128 129 129 130 130 131 131 132 132 133 133 134 134 135 135 136 136 137 137 138 138 139 139 140 140 141 141 142 142 143 143 144 144 145 145 146 146 147 147 148 148 149 149 150 150 151 151 152 152 153 153 154 154 155 155 156 156 157 157 158 158 159 159 160 160 161 161 162 162 163 163 164 164 165 165 166 166 167 167 168 168 169 169 170 170 171 171 172 172 173 173 174 174 175 175 176 176 177 177 178 178 179 179 180 180 181 181 182 182 183 183 184 184 185 185 186 186 187 187 188 188 189 189 190 190 191 191 192 192 193 193 194 194 195 195 196 196 197 197 198 198</p>
                </polylist>
            </mesh>
        </geometry>
        <geometry id="ID107">
            <mesh>
                <source id="ID108">
                    <float_array id="ID112" count="9">15.88936 39.37008 66.92913 15.46362 39.37008 65.9013 15.43599 39.37008 66.2142</float_array>
                    <technique_common>
                        <accessor count="3" source="#ID112" stride="3">
                            <param name="X" type="float" />
                            <param name="Y" type="float" />
                            <param name="Z" type="float" />
                        </accessor>
                    </technique_common>
                </source>
                <source id="ID109">
                    <float_array id="ID113" count="9">-6.603303e-13 1 -5.830565e-14 -6.603303e-13 1 -5.830565e-14 -6.603303e-13 1 -5.830565e-14</float_array>
                    <technique_common>
                        <accessor count="3" source="#ID113" stride="3">
                            <param name="X" type="float" />
                            <param name="Y" type="float" />
                            <param name="Z" type="float" />
                        </accessor>
                    </technique_common>
                </source>
                <source id="ID111">
                    <float_array id="ID114" count="6">1.517629 1.272727 1.520032 1.248994 1.520188 1.256219</float_array>
                    <technique_common>
                        <accessor count="3" source="#ID114" stride="2">
                            <param name="S" type="float" />
                            <param name="T" type="float" />
                        </accessor>
                    </technique_common>
                </source>
                <vertices id="ID110">
                    <input semantic="POSITION" source="#ID108" />
                    <input semantic="NORMAL" source="#ID109" />
                </vertices>
                <polylist count="1" material="Material2">
                    <input offset="0" semantic="VERTEX" source="#ID110" />
                    <input offset="1" semantic="TEXCOORD" source="#ID111" />
                    <vcount>3</vcount>
                    <p>0 0 1 1 2 2</p>
                </polylist>
            </mesh>
        </geometry>
        <geometry id="ID115">
            <mesh>
                <source id="ID116">
                    <float_array id="ID120" count="12">59.05512 39.37008 2.218671e-31 45.27559 39.37008 2.218671e-31 45.27559 39.37008 19.68504 59.05512 39.37008 19.68504</float_array>
                    <technique_common>
                        <accessor count="4" source="#ID120" stride="3">
                            <param name="X" type="float" />
                            <param name="Y" type="float" />
                            <param name="Z" type="float" />
                        </accessor>
                    </technique_common>
                </source>
                <source id="ID117">
                    <float_array id="ID121" count="12">-4.95025e-14 1 -5.038835e-31 -4.95025e-14 1 -5.038835e-31 -4.95025e-14 1 -5.038835e-31 -4.95025e-14 1 -5.038835e-31</float_array>
                    <technique_common>
                        <accessor count="4" source="#ID121" stride="3">
                            <param name="X" type="float" />
                            <param name="Y" type="float" />
                            <param name="Z" type="float" />
                        </accessor>
                    </technique_common>
                </source>
                <source id="ID119">
                    <float_array id="ID122" count="8">4.833333 1.662816e-29 5.066667 1.662816e-29 5.066667 1 4.833333 1</float_array>
                    <technique_common>
                        <accessor count="4" source="#ID122" stride="2">
                            <param name="S" type="float" />
                            <param name="T" type="float" />
                        </accessor>
                    </technique_common>
                </source>
                <vertices id="ID118">
                    <input semantic="POSITION" source="#ID116" />
                    <input semantic="NORMAL" source="#ID117" />
                </vertices>
                <polylist count="1" material="Material2">
                    <input offset="0" semantic="VERTEX" source="#ID118" />
                    <input offset="1" semantic="TEXCOORD" source="#ID119" />
                    <vcount>4</vcount>
                    <p>0 0 1 1 2 2 3 3</p>
                </polylist>
            </mesh>
        </geometry>
        <geometry id="ID123">
            <mesh>
                <source id="ID126">
                    <float_array id="ID129" count="84">0 39.37008 98.4252 0 4.638423e-11 98.4252 59.05512 0 98.4252 59.05512 39.37008 98.4252 0 39.37008 2.218671e-31 0 4.638423e-11 2.218671e-31 0 4.638423e-11 19.68504 0 4.649792e-11 55.11811 0 4.638423e-11 98.4252 0 39.37008 98.4252 -2.273737e-13 39.37008 55.11811 0 39.37008 19.68504 59.05512 0 2.218671e-31 59.05512 39.37008 2.218671e-31 59.05512 39.37008 19.68504 59.05512 39.37008 55.11811 59.05512 39.37008 98.4252 59.05512 0 98.4252 59.05512 0 55.11811 59.05512 0 19.68504 13.77953 39.37008 2.218671e-31 13.77953 3.558398e-11 2.218671e-31 0 4.638423e-11 2.218671e-31 0 39.37008 2.218671e-31 45.27559 1.080025e-11 2.218671e-31 45.27559 39.37008 2.218671e-31 59.05512 39.37008 2.218671e-31 59.05512 0 2.218671e-31</float_array>
                    <technique_common>
                        <accessor count="28" source="#ID129" stride="3">
                            <param name="X" type="float" />
                            <param name="Y" type="float" />
                            <param name="Z" type="float" />
                        </accessor>
                    </technique_common>
                </source>
                <source id="ID127">
                    <float_array id="ID130" count="84">0 0 1 0 0 1 0 0 1 0 0 1 -1 -1.443823e-15 -2.393077e-16 -1 -1.443823e-15 -2.393077e-16 -1 -1.443823e-15 -2.393077e-16 -1 -1.443823e-15 -2.393077e-16 -1 -1.443823e-15 -2.393077e-16 -1 -1.443823e-15 -2.393077e-16 -1 -1.443823e-15 -2.393077e-16 -1 -1.443823e-15 -2.393077e-16 1 -2.310117e-14 2.393077e-16 1 -2.310117e-14 2.393077e-16 1 -2.310117e-14 2.393077e-16 1 -2.310117e-14 2.393077e-16 1 -2.310117e-14 2.393077e-16 1 -2.310117e-14 2.393077e-16 1 -2.310117e-14 2.393077e-16 1 -2.310117e-14 2.393077e-16 0 0 -1 0 0 -1 0 0 -1 0 0 -1 0 0 -1 0 0 -1 0 0 -1 0 0 -1</float_array>
                    <technique_common>
                        <accessor count="28" source="#ID130" stride="3">
                            <param name="X" type="float" />
                            <param name="Y" type="float" />
                            <param name="Z" type="float" />
                        </accessor>
                    </technique_common>
                </source>
                <vertices id="ID128">
                    <input semantic="POSITION" source="#ID126" />
                    <input semantic="NORMAL" source="#ID127" />
                </vertices>
                <polylist count="5" material="Material2">
                    <input offset="0" semantic="VERTEX" source="#ID128" />
                    <vcount>4 8 8 4 4</vcount>
                    <p>0 1 2 3 4 5 6 7 8 9 10 11 12 13 14 15 16 17 18 19 20 21 22 23 24 25 26 27</p>
                </polylist>
            </mesh>
        </geometry>
    </library_geometries>
    <library_materials>
        <material id="ID5" name="Chris_Shoe">
            <instance_effect url="#ID6" />
        </material>
        <material id="ID13" name="material_2">
            <instance_effect url="#ID14" />
        </material>
        <material id="ID34" name="material_3">
            <instance_effect url="#ID35" />
        </material>
        <material id="ID47" name="material_4">
            <instance_effect url="#ID48" />
        </material>
        <material id="ID124" name="material_6">
            <instance_effect url="#ID125" />
        </material>
    </library_materials>
    <library_effects>
        <effect id="ID6">
            <profile_COMMON>
                <technique sid="COMMON">
                    <lambert>
                        <diffuse>
                            <color>0.09019608 0.08627451 0.08627451 1</color>
                        </diffuse>
                    </lambert>
                </technique>
            </profile_COMMON>
        </effect>
        <effect id="ID14">
            <profile_COMMON>
                <newparam sid="ID16">
                    <surface type="2D">
                        <init_from>ID15</init_from>
                    </surface>
                </newparam>
                <newparam sid="ID17">
                    <sampler2D>
                        <source>ID16</source>
                    </sampler2D>
                </newparam>
                <technique sid="COMMON">
                    <lambert>
                        <diffuse>
                            <texture texture="ID17" texcoord="UVSET0" />
                        </diffuse>
                    </lambert>
                </technique>
            </profile_COMMON>
        </effect>
        <effect id="ID35">
            <profile_COMMON>
                <newparam sid="ID37">
                    <surface type="2D">
                        <init_from>ID36</init_from>
                    </surface>
                </newparam>
                <newparam sid="ID38">
                    <sampler2D>
                        <source>ID37</source>
                    </sampler2D>
                </newparam>
                <technique sid="COMMON">
                    <lambert>
                        <diffuse>
                            <texture texture="ID38" texcoord="UVSET0" />
                        </diffuse>
                    </lambert>
                </technique>
            </profile_COMMON>
        </effect>
        <effect id="ID48">
            <profile_COMMON>
                <newparam sid="ID50">
                    <surface type="2D">
                        <init_from>ID49</init_from>
                    </surface>
                </newparam>
                <newparam sid="ID51">
                    <sampler2D>
                        <source>ID50</source>
                    </sampler2D>
                </newparam>
                <technique sid="COMMON">
                    <lambert>
                        <diffuse>
                            <texture texture="ID51" texcoord="UVSET0" />
                        </diffuse>
                    </lambert>
                </technique>
            </profile_COMMON>
        </effect>
        <effect id="ID125">
            <profile_COMMON>
                <technique sid="COMMON">
                    <lambert>
                        <diffuse>
                            <color>0 0.4901961 0.5058824 1</color>
                        </diffuse>
                    </lambert>
                </technique>
            </profile_COMMON>
        </effect>
    </library_effects>
    <library_images>
        <image id="ID15">
            <init_from>DungeonBombWall/material_2.png</init_from>
        </image>
        <image id="ID36">
            <init_from>DungeonBombWall/material_3.png</init_from>
        </image>
        <image id="ID49">
            <init_from>DungeonBombWall/material_4.png</init_from>
        </image>
    </library_images>
    <scene>
        <instance_visual_scene url="#ID2" />
    </scene>
</COLLADA>
