<?xml version="1.0" encoding="UTF-8" standalone="no" ?>
<COLLADA xmlns="http://www.collada.org/2005/11/COLLADASchema" version="1.4.1">
    <asset>
        <contributor>
            <authoring_tool>SketchUp 17.1.174</authoring_tool>
        </contributor>
        <created>2017-05-29T02:06:07Z</created>
        <modified>2017-05-29T02:06:07Z</modified>
        <unit meter="0.0254" name="inch" />
        <up_axis>Z_UP</up_axis>
    </asset>
    <library_cameras>
        <camera id="ID1" name="skp_camera_Last_Saved_SketchUp_View">
            <optics>
                <technique_common>
                    <perspective>
                        <yfov>35</yfov>
                        <aspect_ratio>0</aspect_ratio>
                        <znear>1</znear>
                        <zfar>1000</zfar>
                    </perspective>
                </technique_common>
            </optics>
        </camera>
    </library_cameras>
    <library_visual_scenes>
        <visual_scene id="ID2">
            <node name="SketchUp">
                <node name="skp_camera_Last_Saved_SketchUp_View">
                    <matrix>0.0183102 0.7222792 -0.6913592 529.4146 -0.9998323 0.01322729 -0.01266105 313.3626 2.428613e-17 0.6914751 0.7224003 157.4578 0 0 0 1</matrix>
                    <instance_camera url="#ID1" />
                </node>
                <node id="ID3" name="instance_0">
                    <matrix>1 0 0 610.2362 0 1 0 285.4331 0 0 1 -3.12138e-15 0 0 0 1</matrix>
                    <instance_geometry url="#ID92">
                        <bind_material>
                            <technique_common>
                                <instance_material symbol="Material2" target="#ID19">
                                    <bind_vertex_input semantic="UVSET0" input_semantic="TEXCOORD" input_set="0" />
                                </instance_material>
                                <instance_material symbol="Material3" target="#ID97">
                                    <bind_vertex_input semantic="UVSET0" input_semantic="TEXCOORD" input_set="0" />
                                </instance_material>
                            </technique_common>
                        </bind_material>
                    </instance_geometry>
                    <node id="ID4" name="group_0">
                        <matrix>1.215403e-12 -1 0 1.574803 1 1.215403e-12 0 5.905512 -0 0 1 2.443766e-14 0 0 0 1</matrix>
                        <instance_geometry url="#ID5">
                            <bind_material>
                                <technique_common>
                                    <instance_material symbol="Material2" target="#ID6">
                                        <bind_vertex_input semantic="UVSET0" input_semantic="TEXCOORD" input_set="0" />
                                    </instance_material>
                                </technique_common>
                            </bind_material>
                        </instance_geometry>
                        <instance_geometry url="#ID13">
                            <bind_material>
                                <technique_common>
                                    <instance_material symbol="Material2" target="#ID14">
                                        <bind_vertex_input semantic="UVSET0" input_semantic="TEXCOORD" input_set="0" />
                                    </instance_material>
                                    <instance_material symbol="Material3" target="#ID19">
                                        <bind_vertex_input semantic="UVSET0" input_semantic="TEXCOORD" input_set="0" />
                                    </instance_material>
                                </technique_common>
                            </bind_material>
                        </instance_geometry>
                        <instance_geometry url="#ID23">
                            <bind_material>
                                <technique_common>
                                    <instance_material symbol="Material2" target="#ID19">
                                        <bind_vertex_input semantic="UVSET0" input_semantic="TEXCOORD" input_set="0" />
                                    </instance_material>
                                </technique_common>
                            </bind_material>
                        </instance_geometry>
                        <instance_geometry url="#ID29">
                            <bind_material>
                                <technique_common>
                                    <instance_material symbol="Material2" target="#ID6">
                                        <bind_vertex_input semantic="UVSET0" input_semantic="TEXCOORD" input_set="0" />
                                    </instance_material>
                                </technique_common>
                            </bind_material>
                        </instance_geometry>
                        <instance_geometry url="#ID35">
                            <bind_material>
                                <technique_common>
                                    <instance_material symbol="Material2" target="#ID6">
                                        <bind_vertex_input semantic="UVSET0" input_semantic="TEXCOORD" input_set="0" />
                                    </instance_material>
                                </technique_common>
                            </bind_material>
                        </instance_geometry>
                        <instance_geometry url="#ID41">
                            <bind_material>
                                <technique_common>
                                    <instance_material symbol="Material2" target="#ID19">
                                        <bind_vertex_input semantic="UVSET0" input_semantic="TEXCOORD" input_set="0" />
                                    </instance_material>
                                </technique_common>
                            </bind_material>
                        </instance_geometry>
                    </node>
                    <node id="ID47" name="group_1">
                        <matrix>1.215403e-12 -1 0 1.574803 1 1.215403e-12 0 27.89162 -0 0 1 1.022681e-14 0 0 0 1</matrix>
                        <instance_geometry url="#ID48">
                            <bind_material>
                                <technique_common>
                                    <instance_material symbol="Material2" target="#ID6">
                                        <bind_vertex_input semantic="UVSET0" input_semantic="TEXCOORD" input_set="0" />
                                    </instance_material>
                                </technique_common>
                            </bind_material>
                        </instance_geometry>
                        <instance_geometry url="#ID54">
                            <bind_material>
                                <technique_common>
                                    <instance_material symbol="Material2" target="#ID14">
                                        <bind_vertex_input semantic="UVSET0" input_semantic="TEXCOORD" input_set="0" />
                                    </instance_material>
                                    <instance_material symbol="Material3" target="#ID19">
                                        <bind_vertex_input semantic="UVSET0" input_semantic="TEXCOORD" input_set="0" />
                                    </instance_material>
                                </technique_common>
                            </bind_material>
                        </instance_geometry>
                        <instance_geometry url="#ID60">
                            <bind_material>
                                <technique_common>
                                    <instance_material symbol="Material2" target="#ID19">
                                        <bind_vertex_input semantic="UVSET0" input_semantic="TEXCOORD" input_set="0" />
                                    </instance_material>
                                    <instance_material symbol="Material3" target="#ID61">
                                        <bind_vertex_input semantic="UVSET0" input_semantic="TEXCOORD" input_set="0" />
                                    </instance_material>
                                </technique_common>
                            </bind_material>
                        </instance_geometry>
                        <instance_geometry url="#ID68">
                            <bind_material>
                                <technique_common>
                                    <instance_material symbol="Material2" target="#ID6">
                                        <bind_vertex_input semantic="UVSET0" input_semantic="TEXCOORD" input_set="0" />
                                    </instance_material>
                                    <instance_material symbol="Material3" target="#ID19">
                                        <bind_vertex_input semantic="UVSET0" input_semantic="TEXCOORD" input_set="0" />
                                    </instance_material>
                                </technique_common>
                            </bind_material>
                        </instance_geometry>
                        <instance_geometry url="#ID74">
                            <bind_material>
                                <technique_common>
                                    <instance_material symbol="Material2" target="#ID6">
                                        <bind_vertex_input semantic="UVSET0" input_semantic="TEXCOORD" input_set="0" />
                                    </instance_material>
                                </technique_common>
                            </bind_material>
                        </instance_geometry>
                        <instance_geometry url="#ID80">
                            <bind_material>
                                <technique_common>
                                    <instance_material symbol="Material2" target="#ID6">
                                        <bind_vertex_input semantic="UVSET0" input_semantic="TEXCOORD" input_set="0" />
                                    </instance_material>
                                </technique_common>
                            </bind_material>
                        </instance_geometry>
                        <instance_geometry url="#ID86">
                            <bind_material>
                                <technique_common>
                                    <instance_material symbol="Material2" target="#ID6">
                                        <bind_vertex_input semantic="UVSET0" input_semantic="TEXCOORD" input_set="0" />
                                    </instance_material>
                                    <instance_material symbol="Material3" target="#ID19">
                                        <bind_vertex_input semantic="UVSET0" input_semantic="TEXCOORD" input_set="0" />
                                    </instance_material>
                                </technique_common>
                            </bind_material>
                        </instance_geometry>
                    </node>
                </node>
            </node>
        </visual_scene>
    </library_visual_scenes>
    <library_geometries>
        <geometry id="ID5">
            <mesh>
                <source id="ID8">
                    <float_array id="ID11" count="90">21.32097 2.705747e-11 60.71604 22.3104 3.092282e-11 59.98944 8.416157 1.477929e-11 46.25984 22.24709 2.819434e-11 32.48376 21.32097 2.705747e-11 31.80364 25.25798 2.910383e-11 28.9124 21.32097 2.705747e-11 26.02116 25.25798 2.910383e-11 23.12992 21.32097 2.819434e-11 20.23868 25.25798 2.910383e-11 17.34744 21.32097 2.705747e-11 14.4562 25.25798 2.910383e-11 11.56496 21.32097 2.705747e-11 8.67372 25.25798 2.910383e-11 5.78248 21.32097 2.705747e-11 2.89124 25.25798 3.001333e-11 5.870304e-15 6.366463e-12 0 0 0 2.273737e-13 69.38976 6.366463e-12 0 92.51969 25.25798 2.887646e-11 92.51969 21.32097 2.796696e-11 89.62844 25.25798 2.910383e-11 86.7372 21.32097 2.683009e-11 83.84596 25.25798 2.910383e-11 80.95472 21.32097 2.683009e-11 78.06348 25.25798 2.910383e-11 75.17224 21.32097 2.683009e-11 72.281 25.25798 2.910383e-11 69.38976 21.32097 2.819434e-11 66.49852 25.25798 2.910383e-11 63.60728</float_array>
                    <technique_common>
                        <accessor count="30" source="#ID11" stride="3">
                            <param name="X" type="float" />
                            <param name="Y" type="float" />
                            <param name="Z" type="float" />
                        </accessor>
                    </technique_common>
                </source>
                <source id="ID9">
                    <float_array id="ID12" count="90">-1.141062e-12 1 1.530428e-15 -1.141062e-12 1 1.530428e-15 -1.141062e-12 1 1.530428e-15 -1.141062e-12 1 1.530428e-15 -1.141062e-12 1 1.530428e-15 -1.141062e-12 1 1.530428e-15 -1.141062e-12 1 1.530428e-15 -1.141062e-12 1 1.530428e-15 -1.141062e-12 1 1.530428e-15 -1.141062e-12 1 1.530428e-15 -1.141062e-12 1 1.530428e-15 -1.141062e-12 1 1.530428e-15 -1.141062e-12 1 1.530428e-15 -1.141062e-12 1 1.530428e-15 -1.141062e-12 1 1.530428e-15 -1.141062e-12 1 1.530428e-15 -1.141062e-12 1 1.530428e-15 -1.141062e-12 1 1.530428e-15 -1.141062e-12 1 1.530428e-15 -1.141062e-12 1 1.530428e-15 -1.141062e-12 1 1.530428e-15 -1.141062e-12 1 1.530428e-15 -1.141062e-12 1 1.530428e-15 -1.141062e-12 1 1.530428e-15 -1.141062e-12 1 1.530428e-15 -1.141062e-12 1 1.530428e-15 -1.141062e-12 1 1.530428e-15 -1.141062e-12 1 1.530428e-15 -1.141062e-12 1 1.530428e-15 -1.141062e-12 1 1.530428e-15</float_array>
                    <technique_common>
                        <accessor count="30" source="#ID12" stride="3">
                            <param name="X" type="float" />
                            <param name="Y" type="float" />
                            <param name="Z" type="float" />
                        </accessor>
                    </technique_common>
                </source>
                <vertices id="ID10">
                    <input semantic="POSITION" source="#ID8" />
                    <input semantic="NORMAL" source="#ID9" />
                </vertices>
                <polylist count="1" material="Material2">
                    <input offset="0" semantic="VERTEX" source="#ID10" />
                    <vcount>30</vcount>
                    <p>0 1 2 3 4 5 6 7 8 9 10 11 12 13 14 15 16 17 18 19 20 21 22 23 24 25 26 27 28 29</p>
                </polylist>
            </mesh>
        </geometry>
        <geometry id="ID13">
            <mesh>
                <source id="ID16">
                    <float_array id="ID21" count="2544">21.98611 2.842171e-11 66.49852 25.92312 2.955858e-11 69.38976 25.92312 -19.68504 69.38976 21.98611 -19.68504 66.49852 21.98611 -19.68504 66.49852 25.92312 -19.68504 69.38976 25.92312 2.955858e-11 69.38976 21.98611 2.842171e-11 66.49852 21.98611 2.751221e-11 60.71604 22.59397 3.36513e-11 60.26965 22.3104 3.092282e-11 59.98944 21.32097 2.705747e-11 60.71604 25.25798 2.910383e-11 63.60728 21.32097 2.819434e-11 66.49852 25.25798 2.910383e-11 69.38976 21.32097 2.683009e-11 72.281 25.25798 2.910383e-11 75.17224 21.32097 2.683009e-11 78.06348 25.25798 2.910383e-11 80.95472 21.32097 2.683009e-11 83.84596 25.25798 2.910383e-11 86.7372 21.32097 2.796696e-11 89.62844 25.25798 2.887646e-11 92.51969 25.92312 3.046807e-11 92.51969 21.98611 2.842171e-11 89.62844 25.92312 2.955858e-11 86.7372 21.98611 2.728484e-11 83.84596 25.92312 2.955858e-11 80.95472 21.98611 2.728484e-11 78.06348 25.92312 2.955858e-11 75.17224 21.98611 2.728484e-11 72.281 25.92312 2.955858e-11 69.38976 21.98611 2.842171e-11 66.49852 25.92312 2.955858e-11 63.60728 25.92312 2.955858e-11 63.60728 21.98611 2.842171e-11 66.49852 25.92312 2.955858e-11 69.38976 21.98611 2.728484e-11 72.281 25.92312 2.955858e-11 75.17224 21.98611 2.728484e-11 78.06348 25.92312 2.955858e-11 80.95472 21.98611 2.728484e-11 83.84596 25.92312 2.955858e-11 86.7372 21.98611 2.842171e-11 89.62844 25.92312 3.046807e-11 92.51969 25.25798 2.887646e-11 92.51969 21.32097 2.796696e-11 89.62844 25.25798 2.910383e-11 86.7372 21.32097 2.683009e-11 83.84596 25.25798 2.910383e-11 80.95472 21.32097 2.683009e-11 78.06348 25.25798 2.910383e-11 75.17224 21.32097 2.683009e-11 72.281 25.25798 2.910383e-11 69.38976 21.32097 2.819434e-11 66.49852 25.25798 2.910383e-11 63.60728 21.32097 2.705747e-11 60.71604 22.3104 3.092282e-11 59.98944 22.59397 3.36513e-11 60.26965 21.98611 2.751221e-11 60.71604 25.92312 2.955858e-11 69.38976 21.98611 2.728484e-11 72.281 21.98611 -19.68504 72.281 25.92312 -19.68504 69.38976 25.92312 -19.68504 69.38976 21.98611 -19.68504 72.281 21.98611 2.728484e-11 72.281 25.92312 2.955858e-11 69.38976 21.98611 -19.68504 66.49852 25.92312 -19.68504 69.38976 25.25798 -19.68504 69.38976 21.32097 -19.68504 66.49852 25.25798 -19.68504 63.60728 21.32097 -19.68504 60.71604 25.25798 -19.68504 57.8248 21.32097 -19.68504 54.93356 25.25798 -19.68504 52.04232 21.32097 -19.68504 49.15108 25.25798 -19.68504 46.25984 21.32097 -19.68504 43.3686 25.25798 -19.68504 40.47736 21.32097 -19.68504 37.58612 25.25798 -19.68504 34.69488 21.32097 -19.68504 31.80364 25.25798 -19.68504 28.9124 21.32097 -19.68504 26.02116 25.25798 -19.68504 23.12992 25.92312 -19.68504 23.12992 21.98611 -19.68504 26.02116 25.92312 -19.68504 28.9124 21.98611 -19.68504 31.80364 25.92312 -19.68504 34.69488 21.98611 -19.68504 37.58612 25.92312 -19.68504 40.47736 21.98611 -19.68504 43.3686 25.92312 -19.68504 46.25984 21.98611 -19.68504 49.15108 25.92312 -19.68504 52.04232 21.98611 -19.68504 54.93356 25.92312 -19.68504 57.8248 21.98611 -19.68504 60.71604 25.92312 -19.68504 63.60728 25.92312 -19.68504 63.60728 21.98611 -19.68504 60.71604 25.92312 -19.68504 57.8248 21.98611 -19.68504 54.93356 25.92312 -19.68504 52.04232 21.98611 -19.68504 49.15108 25.92312 -19.68504 46.25984 21.98611 -19.68504 43.3686 25.92312 -19.68504 40.47736 21.98611 -19.68504 37.58612 25.92312 -19.68504 34.69488 21.98611 -19.68504 31.80364 25.92312 -19.68504 28.9124 21.98611 -19.68504 26.02116 25.92312 -19.68504 23.12992 25.25798 -19.68504 23.12992 21.32097 -19.68504 26.02116 25.25798 -19.68504 28.9124 21.32097 -19.68504 31.80364 25.25798 -19.68504 34.69488 21.32097 -19.68504 37.58612 25.25798 -19.68504 40.47736 21.32097 -19.68504 43.3686 25.25798 -19.68504 46.25984 21.32097 -19.68504 49.15108 25.25798 -19.68504 52.04232 21.32097 -19.68504 54.93356 25.25798 -19.68504 57.8248 21.32097 -19.68504 60.71604 25.25798 -19.68504 63.60728 21.32097 -19.68504 66.49852 25.25798 -19.68504 69.38976 25.92312 -19.68504 69.38976 21.98611 -19.68504 66.49852 25.92312 2.955858e-11 63.60728 21.98611 2.842171e-11 66.49852 21.98611 -19.68504 66.49852 25.92312 -19.68504 63.60728 25.92312 -19.68504 63.60728 21.98611 -19.68504 66.49852 21.98611 2.842171e-11 66.49852 25.92312 2.955858e-11 63.60728 25.92312 2.955858e-11 57.8248 23.24313 3.387868e-11 59.79292 22.59397 3.36513e-11 60.26965 21.98611 2.751221e-11 60.71604 21.98611 -19.68504 60.71604 25.92312 -19.68504 57.8248 25.92312 -19.68504 57.8248 21.98611 -19.68504 60.71604 21.98611 2.751221e-11 60.71604 22.59397 3.36513e-11 60.26965 23.24313 3.387868e-11 59.79292 25.92312 2.955858e-11 57.8248 22.59397 3.36513e-11 60.26965 23.24313 3.387868e-11 59.79292 22.95943 3.183231e-11 59.51281 22.3104 3.092282e-11 59.98944 22.3104 3.092282e-11 59.98944 22.95943 3.183231e-11 59.51281 23.24313 3.387868e-11 59.79292 22.59397 3.36513e-11 60.26965 21.32097 2.705747e-11 60.71604 22.3104 3.092282e-11 59.98944 22.95943 3.183231e-11 59.51281 25.25798 2.910383e-11 57.8248 25.25798 -19.68504 57.8248 21.32097 -19.68504 60.71604 21.32097 -19.68504 60.71604 25.25798 -19.68504 57.8248 25.25798 2.910383e-11 57.8248 22.95943 3.183231e-11 59.51281 22.3104 3.092282e-11 59.98944 21.32097 2.705747e-11 60.71604 25.25798 2.910383e-11 63.60728 21.32097 2.705747e-11 60.71604 21.32097 -19.68504 60.71604 25.25798 -19.68504 63.60728 25.25798 -19.68504 63.60728 21.32097 -19.68504 60.71604 21.32097 2.705747e-11 60.71604 25.25798 2.910383e-11 63.60728 21.32097 2.819434e-11 66.49852 25.25798 2.910383e-11 63.60728 25.25798 -19.68504 63.60728 21.32097 -19.68504 66.49852 21.32097 -19.68504 66.49852 25.25798 -19.68504 63.60728 25.25798 2.910383e-11 63.60728 21.32097 2.819434e-11 66.49852 25.25798 2.910383e-11 69.38976 21.32097 2.819434e-11 66.49852 21.32097 -19.68504 66.49852 25.25798 -19.68504 69.38976 25.25798 -19.68504 69.38976 21.32097 -19.68504 66.49852 21.32097 2.819434e-11 66.49852 25.25798 2.910383e-11 69.38976 21.32097 2.683009e-11 72.281 25.25798 2.910383e-11 69.38976 25.25798 -19.68504 69.38976 21.32097 -19.68504 72.281 21.32097 -19.68504 72.281 25.25798 -19.68504 69.38976 25.25798 2.910383e-11 69.38976 21.32097 2.683009e-11 72.281 25.25798 2.910383e-11 75.17224 21.32097 2.683009e-11 72.281 21.32097 -19.68504 72.281 25.25798 -19.68504 75.17224 25.25798 -19.68504 75.17224 21.32097 -19.68504 72.281 21.32097 2.683009e-11 72.281 25.25798 2.910383e-11 75.17224 21.32097 2.683009e-11 78.06348 25.25798 2.910383e-11 75.17224 25.25798 -19.68504 75.17224 21.32097 -19.68504 78.06348 21.32097 -19.68504 78.06348 25.25798 -19.68504 75.17224 25.25798 2.910383e-11 75.17224 21.32097 2.683009e-11 78.06348 25.25798 2.910383e-11 80.95472 21.32097 2.683009e-11 78.06348 21.32097 -19.68504 78.06348 25.25798 -19.68504 80.95472 25.25798 -19.68504 80.95472 21.32097 -19.68504 78.06348 21.32097 2.683009e-11 78.06348 25.25798 2.910383e-11 80.95472 21.32097 2.683009e-11 83.84596 25.25798 2.910383e-11 80.95472 25.25798 -19.68504 80.95472 21.32097 -19.68504 83.84596 21.32097 -19.68504 83.84596 25.25798 -19.68504 80.95472 25.25798 2.910383e-11 80.95472 21.32097 2.683009e-11 83.84596 25.25798 2.910383e-11 86.7372 21.32097 2.683009e-11 83.84596 21.32097 -19.68504 83.84596 25.25798 -19.68504 86.7372 25.25798 -19.68504 86.7372 21.32097 -19.68504 83.84596 21.32097 2.683009e-11 83.84596 25.25798 2.910383e-11 86.7372 21.32097 2.796696e-11 89.62844 25.25798 2.910383e-11 86.7372 25.25798 -19.68504 86.7372 21.32097 -19.68504 89.62844 21.32097 -19.68504 89.62844 25.25798 -19.68504 86.7372 25.25798 2.910383e-11 86.7372 21.32097 2.796696e-11 89.62844 25.25798 2.887646e-11 92.51969 21.32097 2.796696e-11 89.62844 21.32097 -19.68504 89.62844 25.25798 -19.68504 92.51969 25.25798 -19.68504 92.51969 21.32097 -19.68504 89.62844 21.32097 2.796696e-11 89.62844 25.25798 2.887646e-11 92.51969 25.92312 -19.68504 92.51969 25.92312 3.046807e-11 92.51969 25.25798 2.887646e-11 92.51969 25.25798 -19.68504 92.51969 25.25798 -19.68504 92.51969 25.25798 2.887646e-11 92.51969 25.92312 3.046807e-11 92.51969 25.92312 -19.68504 92.51969 21.98611 2.842171e-11 89.62844 25.92312 3.046807e-11 92.51969 25.92312 -19.68504 92.51969 21.98611 -19.68504 89.62844 21.98611 -19.68504 89.62844 25.92312 -19.68504 92.51969 25.92312 3.046807e-11 92.51969 21.98611 2.842171e-11 89.62844 25.92312 2.955858e-11 86.7372 21.98611 2.842171e-11 89.62844 21.98611 -19.68504 89.62844 25.92312 -19.68504 86.7372 25.92312 -19.68504 86.7372 21.98611 -19.68504 89.62844 21.98611 2.842171e-11 89.62844 25.92312 2.955858e-11 86.7372 21.98611 2.728484e-11 83.84596 25.92312 2.955858e-11 86.7372 25.92312 -19.68504 86.7372 21.98611 -19.68504 83.84596 21.98611 -19.68504 83.84596 25.92312 -19.68504 86.7372 25.92312 2.955858e-11 86.7372 21.98611 2.728484e-11 83.84596 25.92312 2.955858e-11 80.95472 21.98611 2.728484e-11 83.84596 21.98611 -19.68504 83.84596 25.92312 -19.68504 80.95472 25.92312 -19.68504 80.95472 21.98611 -19.68504 83.84596 21.98611 2.728484e-11 83.84596 25.92312 2.955858e-11 80.95472 21.98611 2.728484e-11 78.06348 25.92312 2.955858e-11 80.95472 25.92312 -19.68504 80.95472 21.98611 -19.68504 78.06348 21.98611 -19.68504 78.06348 25.92312 -19.68504 80.95472 25.92312 2.955858e-11 80.95472 21.98611 2.728484e-11 78.06348 25.92312 2.955858e-11 75.17224 21.98611 2.728484e-11 78.06348 21.98611 -19.68504 78.06348 25.92312 -19.68504 75.17224 25.92312 -19.68504 75.17224 21.98611 -19.68504 78.06348 21.98611 2.728484e-11 78.06348 25.92312 2.955858e-11 75.17224 21.98611 2.728484e-11 72.281 25.92312 2.955858e-11 75.17224 25.92312 -19.68504 75.17224 21.98611 -19.68504 72.281 21.98611 -19.68504 72.281 25.92312 -19.68504 75.17224 25.92312 2.955858e-11 75.17224 21.98611 2.728484e-11 72.281 21.98611 2.751221e-11 60.71604 25.92312 2.955858e-11 63.60728 25.92312 -19.68504 63.60728 21.98611 -19.68504 60.71604 21.98611 -19.68504 60.71604 25.92312 -19.68504 63.60728 25.92312 2.955858e-11 63.60728 21.98611 2.751221e-11 60.71604 21.32097 -19.68504 72.281 25.25798 -19.68504 69.38976 25.92312 -19.68504 69.38976 21.98611 -19.68504 72.281 25.92312 -19.68504 75.17224 21.98611 -19.68504 78.06348 25.92312 -19.68504 80.95472 21.98611 -19.68504 83.84596 25.92312 -19.68504 86.7372 21.98611 -19.68504 89.62844 25.92312 -19.68504 92.51969 25.25798 -19.68504 92.51969 21.32097 -19.68504 89.62844 25.25798 -19.68504 86.7372 21.32097 -19.68504 83.84596 25.25798 -19.68504 80.95472 21.32097 -19.68504 78.06348 25.25798 -19.68504 75.17224 25.25798 -19.68504 75.17224 21.32097 -19.68504 78.06348 25.25798 -19.68504 80.95472 21.32097 -19.68504 83.84596 25.25798 -19.68504 86.7372 21.32097 -19.68504 89.62844 25.25798 -19.68504 92.51969 25.92312 -19.68504 92.51969 21.98611 -19.68504 89.62844 25.92312 -19.68504 86.7372 21.98611 -19.68504 83.84596 25.92312 -19.68504 80.95472 21.98611 -19.68504 78.06348 25.92312 -19.68504 75.17224 21.98611 -19.68504 72.281 25.92312 -19.68504 69.38976 25.25798 -19.68504 69.38976 21.32097 -19.68504 72.281 25.25798 2.910383e-11 57.8248 21.32097 2.705747e-11 54.93356 21.32097 -19.68504 54.93356 25.25798 -19.68504 57.8248 25.25798 -19.68504 57.8248 21.32097 -19.68504 54.93356 21.32097 2.705747e-11 54.93356 25.25798 2.910383e-11 57.8248 21.32097 2.705747e-11 54.93356 25.25798 2.910383e-11 52.04232 25.25798 -19.68504 52.04232 21.32097 -19.68504 54.93356 21.32097 -19.68504 54.93356 25.25798 -19.68504 52.04232 25.25798 2.910383e-11 52.04232 21.32097 2.705747e-11 54.93356 25.25798 2.910383e-11 52.04232 21.32097 2.705747e-11 49.15108 21.32097 -19.68504 49.15108 25.25798 -19.68504 52.04232 25.25798 -19.68504 52.04232 21.32097 -19.68504 49.15108 21.32097 2.705747e-11 49.15108 25.25798 2.910383e-11 52.04232 21.32097 2.705747e-11 49.15108 25.25798 2.910383e-11 46.25984 25.25798 -19.68504 46.25984 21.32097 -19.68504 49.15108 21.32097 -19.68504 49.15108 25.25798 -19.68504 46.25984 25.25798 2.910383e-11 46.25984 21.32097 2.705747e-11 49.15108 25.25798 2.910383e-11 46.25984 21.32097 2.819434e-11 43.3686 21.32097 -19.68504 43.3686 25.25798 -19.68504 46.25984 25.25798 -19.68504 46.25984 21.32097 -19.68504 43.3686 21.32097 2.819434e-11 43.3686 25.25798 2.910383e-11 46.25984 21.32097 2.819434e-11 43.3686 25.25798 2.910383e-11 40.47736 25.25798 -19.68504 40.47736 21.32097 -19.68504 43.3686 21.32097 -19.68504 43.3686 25.25798 -19.68504 40.47736 25.25798 2.910383e-11 40.47736 21.32097 2.819434e-11 43.3686 25.25798 2.910383e-11 40.47736 21.32097 2.705747e-11 37.58612 21.32097 -19.68504 37.58612 25.25798 -19.68504 40.47736 25.25798 -19.68504 40.47736 21.32097 -19.68504 37.58612 21.32097 2.705747e-11 37.58612 25.25798 2.910383e-11 40.47736 21.32097 2.705747e-11 37.58612 25.25798 2.910383e-11 34.69488 25.25798 -19.68504 34.69488 21.32097 -19.68504 37.58612 21.32097 -19.68504 37.58612 25.25798 -19.68504 34.69488 25.25798 2.910383e-11 34.69488 21.32097 2.705747e-11 37.58612 25.25798 2.910383e-11 34.69488 22.88934 3.02407e-11 32.95541 22.24709 2.819434e-11 32.48376 21.32097 2.705747e-11 31.80364 21.32097 -19.68504 31.80364 25.25798 -19.68504 34.69488 25.25798 -19.68504 34.69488 21.32097 -19.68504 31.80364 21.32097 2.705747e-11 31.80364 22.24709 2.819434e-11 32.48376 22.88934 3.02407e-11 32.95541 25.25798 2.910383e-11 34.69488 21.32097 2.705747e-11 31.80364 25.25798 2.910383e-11 28.9124 25.25798 -19.68504 28.9124 21.32097 -19.68504 31.80364 21.32097 -19.68504 31.80364 25.25798 -19.68504 28.9124 25.25798 2.910383e-11 28.9124 21.32097 2.705747e-11 31.80364 25.25798 2.910383e-11 28.9124 21.32097 2.705747e-11 26.02116 21.32097 -19.68504 26.02116 25.25798 -19.68504 28.9124 25.25798 -19.68504 28.9124 21.32097 -19.68504 26.02116 21.32097 2.705747e-11 26.02116 25.25798 2.910383e-11 28.9124 21.32097 2.705747e-11 26.02116 25.25798 2.910383e-11 23.12992 25.25798 -19.68504 23.12992 21.32097 -19.68504 26.02116 21.32097 -19.68504 26.02116 25.25798 -19.68504 23.12992 25.25798 2.910383e-11 23.12992 21.32097 2.705747e-11 26.02116 21.98611 -19.68504 20.23868 25.92312 -19.68504 23.12992 25.25798 -19.68504 23.12992 21.32097 -19.68504 20.23868 25.25798 -19.68504 17.34744 21.32097 -19.68504 14.4562 25.25798 -19.68504 11.56496 21.32097 -19.68504 8.67372 25.25798 -19.68504 5.78248 21.32097 -19.68504 2.89124 25.25798 -19.68504 7.30884e-15 25.92312 -19.68504 7.336596e-15 21.98611 -19.68504 2.89124 25.92312 -19.68504 5.78248 21.98611 -19.68504 8.67372 25.92312 -19.68504 11.56496 21.98611 -19.68504 14.4562 25.92312 -19.68504 17.34744 25.92312 -19.68504 17.34744 21.98611 -19.68504 14.4562 25.92312 -19.68504 11.56496 21.98611 -19.68504 8.67372 25.92312 -19.68504 5.78248 21.98611 -19.68504 2.89124 25.92312 -19.68504 7.336596e-15 25.25798 -19.68504 7.30884e-15 21.32097 -19.68504 2.89124 25.25798 -19.68504 5.78248 21.32097 -19.68504 8.67372 25.25798 -19.68504 11.56496 21.32097 -19.68504 14.4562 25.25798 -19.68504 17.34744 21.32097 -19.68504 20.23868 25.25798 -19.68504 23.12992 25.92312 -19.68504 23.12992 21.98611 -19.68504 20.23868 25.92312 2.955858e-11 23.12992 21.98611 2.728484e-11 26.02116 21.98611 -19.68504 26.02116 25.92312 -19.68504 23.12992 25.92312 -19.68504 23.12992 21.98611 -19.68504 26.02116 21.98611 2.728484e-11 26.02116 25.92312 2.955858e-11 23.12992 21.98611 2.728484e-11 26.02116 25.92312 2.955858e-11 28.9124 25.92312 -19.68504 28.9124 21.98611 -19.68504 26.02116 21.98611 -19.68504 26.02116 25.92312 -19.68504 28.9124 25.92312 2.955858e-11 28.9124 21.98611 2.728484e-11 26.02116 25.92312 2.955858e-11 28.9124 21.98611 2.751221e-11 31.80364 21.98611 -19.68504 31.80364 25.92312 -19.68504 28.9124 25.92312 -19.68504 28.9124 21.98611 -19.68504 31.80364 21.98611 2.751221e-11 31.80364 25.92312 2.955858e-11 28.9124 21.98611 2.751221e-11 31.80364 22.52937 2.93312e-11 32.2026 23.17162 3.160494e-11 32.67425 25.92312 2.955858e-11 34.69488 25.92312 -19.68504 34.69488 21.98611 -19.68504 31.80364 21.98611 -19.68504 31.80364 25.92312 -19.68504 34.69488 25.92312 2.955858e-11 34.69488 23.17162 3.160494e-11 32.67425 22.52937 2.93312e-11 32.2026 21.98611 2.751221e-11 31.80364 25.92312 2.955858e-11 34.69488 21.98611 2.728484e-11 37.58612 21.98611 -19.68504 37.58612 25.92312 -19.68504 34.69488 25.92312 -19.68504 34.69488 21.98611 -19.68504 37.58612 21.98611 2.728484e-11 37.58612 25.92312 2.955858e-11 34.69488 21.98611 2.728484e-11 37.58612 25.92312 2.955858e-11 40.47736 25.92312 -19.68504 40.47736 21.98611 -19.68504 37.58612 21.98611 -19.68504 37.58612 25.92312 -19.68504 40.47736 25.92312 2.955858e-11 40.47736 21.98611 2.728484e-11 37.58612 25.92312 2.955858e-11 40.47736 21.98611 2.842171e-11 43.3686 21.98611 -19.68504 43.3686 25.92312 -19.68504 40.47736 25.92312 -19.68504 40.47736 21.98611 -19.68504 43.3686 21.98611 2.842171e-11 43.3686 25.92312 2.955858e-11 40.47736 21.98611 2.842171e-11 43.3686 25.92312 2.955858e-11 46.25984 25.92312 -19.68504 46.25984 21.98611 -19.68504 43.3686 21.98611 -19.68504 43.3686 25.92312 -19.68504 46.25984 25.92312 2.955858e-11 46.25984 21.98611 2.842171e-11 43.3686 25.92312 2.955858e-11 46.25984 21.98611 2.728484e-11 49.15108 21.98611 -19.68504 49.15108 25.92312 -19.68504 46.25984 25.92312 -19.68504 46.25984 21.98611 -19.68504 49.15108 21.98611 2.728484e-11 49.15108 25.92312 2.955858e-11 46.25984 21.98611 2.728484e-11 49.15108 25.92312 2.955858e-11 52.04232 25.92312 -19.68504 52.04232 21.98611 -19.68504 49.15108 21.98611 -19.68504 49.15108 25.92312 -19.68504 52.04232 25.92312 2.955858e-11 52.04232 21.98611 2.728484e-11 49.15108 25.92312 2.955858e-11 52.04232 21.98611 2.728484e-11 54.93356 21.98611 -19.68504 54.93356 25.92312 -19.68504 52.04232 25.92312 -19.68504 52.04232 21.98611 -19.68504 54.93356 21.98611 2.728484e-11 54.93356 25.92312 2.955858e-11 52.04232 21.98611 2.728484e-11 54.93356 25.92312 2.955858e-11 57.8248 25.92312 -19.68504 57.8248 21.98611 -19.68504 54.93356 21.98611 -19.68504 54.93356 25.92312 -19.68504 57.8248 25.92312 2.955858e-11 57.8248 21.98611 2.728484e-11 54.93356 25.25798 2.910383e-11 57.8248 22.95943 3.183231e-11 59.51281 23.24313 3.387868e-11 59.79292 25.92312 2.955858e-11 57.8248 21.98611 2.728484e-11 54.93356 25.92312 2.955858e-11 52.04232 21.98611 2.728484e-11 49.15108 25.92312 2.955858e-11 46.25984 21.98611 2.842171e-11 43.3686 25.92312 2.955858e-11 40.47736 21.98611 2.728484e-11 37.58612 25.92312 2.955858e-11 34.69488 23.17162 3.160494e-11 32.67425 22.88934 3.02407e-11 32.95541 25.25798 2.910383e-11 34.69488 21.32097 2.705747e-11 37.58612 25.25798 2.910383e-11 40.47736 21.32097 2.819434e-11 43.3686 25.25798 2.910383e-11 46.25984 21.32097 2.705747e-11 49.15108 25.25798 2.910383e-11 52.04232 21.32097 2.705747e-11 54.93356 21.32097 2.705747e-11 54.93356 25.25798 2.910383e-11 52.04232 21.32097 2.705747e-11 49.15108 25.25798 2.910383e-11 46.25984 21.32097 2.819434e-11 43.3686 25.25798 2.910383e-11 40.47736 21.32097 2.705747e-11 37.58612 25.25798 2.910383e-11 34.69488 22.88934 3.02407e-11 32.95541 23.17162 3.160494e-11 32.67425 25.92312 2.955858e-11 34.69488 21.98611 2.728484e-11 37.58612 25.92312 2.955858e-11 40.47736 21.98611 2.842171e-11 43.3686 25.92312 2.955858e-11 46.25984 21.98611 2.728484e-11 49.15108 25.92312 2.955858e-11 52.04232 21.98611 2.728484e-11 54.93356 25.92312 2.955858e-11 57.8248 23.24313 3.387868e-11 59.79292 22.95943 3.183231e-11 59.51281 25.25798 2.910383e-11 57.8248 22.24709 2.819434e-11 32.48376 22.88934 3.02407e-11 32.95541 23.17162 3.160494e-11 32.67425 22.52937 2.93312e-11 32.2026 22.52937 2.93312e-11 32.2026 23.17162 3.160494e-11 32.67425 22.88934 3.02407e-11 32.95541 22.24709 2.819434e-11 32.48376 21.32097 2.705747e-11 31.80364 22.24709 2.819434e-11 32.48376 22.52937 2.93312e-11 32.2026 21.98611 2.751221e-11 31.80364 25.92312 2.955858e-11 28.9124 21.98611 2.728484e-11 26.02116 25.92312 2.955858e-11 23.12992 21.98611 2.842171e-11 20.23868 25.92312 2.955858e-11 17.34744 21.98611 2.728484e-11 14.4562 25.92312 2.955858e-11 11.56496 21.98611 2.728484e-11 8.67372 25.92312 2.955858e-11 5.78248 21.98611 2.728484e-11 2.89124 25.92312 3.046807e-11 9.106002e-15 25.25798 3.001333e-11 5.870304e-15 21.32097 2.705747e-11 2.89124 25.25798 2.910383e-11 5.78248 21.32097 2.705747e-11 8.67372 25.25798 2.910383e-11 11.56496 21.32097 2.705747e-11 14.4562 25.25798 2.910383e-11 17.34744 21.32097 2.819434e-11 20.23868 25.25798 2.910383e-11 23.12992 21.32097 2.705747e-11 26.02116 25.25798 2.910383e-11 28.9124 25.25798 2.910383e-11 28.9124 21.32097 2.705747e-11 26.02116 25.25798 2.910383e-11 23.12992 21.32097 2.819434e-11 20.23868 25.25798 2.910383e-11 17.34744 21.32097 2.705747e-11 14.4562 25.25798 2.910383e-11 11.56496 21.32097 2.705747e-11 8.67372 25.25798 2.910383e-11 5.78248 21.32097 2.705747e-11 2.89124 25.25798 3.001333e-11 5.870304e-15 25.92312 3.046807e-11 9.106002e-15 21.98611 2.728484e-11 2.89124 25.92312 2.955858e-11 5.78248 21.98611 2.728484e-11 8.67372 25.92312 2.955858e-11 11.56496 21.98611 2.728484e-11 14.4562 25.92312 2.955858e-11 17.34744 21.98611 2.842171e-11 20.23868 25.92312 2.955858e-11 23.12992 21.98611 2.728484e-11 26.02116 25.92312 2.955858e-11 28.9124 21.98611 2.751221e-11 31.80364 22.52937 2.93312e-11 32.2026 22.24709 2.819434e-11 32.48376 21.32097 2.705747e-11 31.80364 25.25798 2.910383e-11 23.12992 21.32097 2.819434e-11 20.23868 21.32097 -19.68504 20.23868 25.25798 -19.68504 23.12992 25.25798 -19.68504 23.12992 21.32097 -19.68504 20.23868 21.32097 2.819434e-11 20.23868 25.25798 2.910383e-11 23.12992 21.98611 2.842171e-11 20.23868 25.92312 2.955858e-11 23.12992 25.92312 -19.68504 23.12992 21.98611 -19.68504 20.23868 21.98611 -19.68504 20.23868 25.92312 -19.68504 23.12992 25.92312 2.955858e-11 23.12992 21.98611 2.842171e-11 20.23868 21.32097 2.819434e-11 20.23868 25.25798 2.910383e-11 17.34744 25.25798 -19.68504 17.34744 21.32097 -19.68504 20.23868 21.32097 -19.68504 20.23868 25.25798 -19.68504 17.34744 25.25798 2.910383e-11 17.34744 21.32097 2.819434e-11 20.23868 25.25798 2.910383e-11 17.34744 21.32097 2.705747e-11 14.4562 21.32097 -19.68504 14.4562 25.25798 -19.68504 17.34744 25.25798 -19.68504 17.34744 21.32097 -19.68504 14.4562 21.32097 2.705747e-11 14.4562 25.25798 2.910383e-11 17.34744 21.32097 2.705747e-11 14.4562 25.25798 2.910383e-11 11.56496 25.25798 -19.68504 11.56496 21.32097 -19.68504 14.4562 21.32097 -19.68504 14.4562 25.25798 -19.68504 11.56496 25.25798 2.910383e-11 11.56496 21.32097 2.705747e-11 14.4562 25.25798 2.910383e-11 11.56496 21.32097 2.705747e-11 8.67372 21.32097 -19.68504 8.67372 25.25798 -19.68504 11.56496 25.25798 -19.68504 11.56496 21.32097 -19.68504 8.67372 21.32097 2.705747e-11 8.67372 25.25798 2.910383e-11 11.56496 21.32097 2.705747e-11 8.67372 25.25798 2.910383e-11 5.78248 25.25798 -19.68504 5.78248 21.32097 -19.68504 8.67372 21.32097 -19.68504 8.67372 25.25798 -19.68504 5.78248 25.25798 2.910383e-11 5.78248 21.32097 2.705747e-11 8.67372 25.25798 2.910383e-11 5.78248 21.32097 2.705747e-11 2.89124 21.32097 -19.68504 2.89124 25.25798 -19.68504 5.78248 25.25798 -19.68504 5.78248 21.32097 -19.68504 2.89124 21.32097 2.705747e-11 2.89124 25.25798 2.910383e-11 5.78248 21.32097 2.705747e-11 2.89124 25.25798 3.001333e-11 5.870304e-15 25.25798 -19.68504 7.30884e-15 21.32097 -19.68504 2.89124 21.32097 -19.68504 2.89124 25.25798 -19.68504 7.30884e-15 25.25798 3.001333e-11 5.870304e-15 21.32097 2.705747e-11 2.89124 25.25798 3.001333e-11 5.870304e-15 25.92312 3.046807e-11 9.106002e-15 25.92312 -19.68504 7.336596e-15 25.25798 -19.68504 7.30884e-15 25.25798 -19.68504 7.30884e-15 25.92312 -19.68504 7.336596e-15 25.92312 3.046807e-11 9.106002e-15 25.25798 3.001333e-11 5.870304e-15 25.92312 3.046807e-11 9.106002e-15 21.98611 2.728484e-11 2.89124 21.98611 -19.68504 2.89124 25.92312 -19.68504 7.336596e-15 25.92312 -19.68504 7.336596e-15 21.98611 -19.68504 2.89124 21.98611 2.728484e-11 2.89124 25.92312 3.046807e-11 9.106002e-15 21.98611 2.728484e-11 2.89124 25.92312 2.955858e-11 5.78248 25.92312 -19.68504 5.78248 21.98611 -19.68504 2.89124 21.98611 -19.68504 2.89124 25.92312 -19.68504 5.78248 25.92312 2.955858e-11 5.78248 21.98611 2.728484e-11 2.89124 25.92312 2.955858e-11 5.78248 21.98611 2.728484e-11 8.67372 21.98611 -19.68504 8.67372 25.92312 -19.68504 5.78248 25.92312 -19.68504 5.78248 21.98611 -19.68504 8.67372 21.98611 2.728484e-11 8.67372 25.92312 2.955858e-11 5.78248 21.98611 2.728484e-11 8.67372 25.92312 2.955858e-11 11.56496 25.92312 -19.68504 11.56496 21.98611 -19.68504 8.67372 21.98611 -19.68504 8.67372 25.92312 -19.68504 11.56496 25.92312 2.955858e-11 11.56496 21.98611 2.728484e-11 8.67372 25.92312 2.955858e-11 11.56496 21.98611 2.728484e-11 14.4562 21.98611 -19.68504 14.4562 25.92312 -19.68504 11.56496 25.92312 -19.68504 11.56496 21.98611 -19.68504 14.4562 21.98611 2.728484e-11 14.4562 25.92312 2.955858e-11 11.56496 21.98611 2.728484e-11 14.4562 25.92312 2.955858e-11 17.34744 25.92312 -19.68504 17.34744 21.98611 -19.68504 14.4562 21.98611 -19.68504 14.4562 25.92312 -19.68504 17.34744 25.92312 2.955858e-11 17.34744 21.98611 2.728484e-11 14.4562 25.92312 2.955858e-11 17.34744 21.98611 2.842171e-11 20.23868 21.98611 -19.68504 20.23868 25.92312 -19.68504 17.34744 25.92312 -19.68504 17.34744 21.98611 -19.68504 20.23868 21.98611 2.842171e-11 20.23868 25.92312 2.955858e-11 17.34744</float_array>
                    <technique_common>
                        <accessor count="848" source="#ID21" stride="3">
                            <param name="X" type="float" />
                            <param name="Y" type="float" />
                            <param name="Z" type="float" />
                        </accessor>
                    </technique_common>
                </source>
                <source id="ID17">
                    <float_array id="ID22" count="2544">0.5919095 2.869787e-13 -0.8060044 0.5919095 2.869787e-13 -0.8060044 0.5919095 2.869787e-13 -0.8060044 0.5919095 2.869787e-13 -0.8060044 -0.5919095 -2.869787e-13 0.8060044 -0.5919095 -2.869787e-13 0.8060044 -0.5919095 -2.869787e-13 0.8060044 -0.5919095 -2.869787e-13 0.8060044 -4.393152e-13 1 3.788714e-14 -4.393152e-13 1 3.788714e-14 -4.393152e-13 1 3.788714e-14 -4.393152e-13 1 3.788714e-14 -4.393152e-13 1 3.788714e-14 -4.393152e-13 1 3.788714e-14 -4.393152e-13 1 3.788714e-14 -4.393152e-13 1 3.788714e-14 -4.393152e-13 1 3.788714e-14 -4.393152e-13 1 3.788714e-14 -4.393152e-13 1 3.788714e-14 -4.393152e-13 1 3.788714e-14 -4.393152e-13 1 3.788714e-14 -4.393152e-13 1 3.788714e-14 -4.393152e-13 1 3.788714e-14 -4.393152e-13 1 3.788714e-14 -4.393152e-13 1 3.788714e-14 -4.393152e-13 1 3.788714e-14 -4.393152e-13 1 3.788714e-14 -4.393152e-13 1 3.788714e-14 -4.393152e-13 1 3.788714e-14 -4.393152e-13 1 3.788714e-14 -4.393152e-13 1 3.788714e-14 -4.393152e-13 1 3.788714e-14 -4.393152e-13 1 3.788714e-14 -4.393152e-13 1 3.788714e-14 4.393152e-13 -1 -3.788714e-14 4.393152e-13 -1 -3.788714e-14 4.393152e-13 -1 -3.788714e-14 4.393152e-13 -1 -3.788714e-14 4.393152e-13 -1 -3.788714e-14 4.393152e-13 -1 -3.788714e-14 4.393152e-13 -1 -3.788714e-14 4.393152e-13 -1 -3.788714e-14 4.393152e-13 -1 -3.788714e-14 4.393152e-13 -1 -3.788714e-14 4.393152e-13 -1 -3.788714e-14 4.393152e-13 -1 -3.788714e-14 4.393152e-13 -1 -3.788714e-14 4.393152e-13 -1 -3.788714e-14 4.393152e-13 -1 -3.788714e-14 4.393152e-13 -1 -3.788714e-14 4.393152e-13 -1 -3.788714e-14 4.393152e-13 -1 -3.788714e-14 4.393152e-13 -1 -3.788714e-14 4.393152e-13 -1 -3.788714e-14 4.393152e-13 -1 -3.788714e-14 4.393152e-13 -1 -3.788714e-14 4.393152e-13 -1 -3.788714e-14 4.393152e-13 -1 -3.788714e-14 4.393152e-13 -1 -3.788714e-14 4.393152e-13 -1 -3.788714e-14 0.5919095 2.869744e-13 0.8060044 0.5919095 2.869744e-13 0.8060044 0.5919095 2.869744e-13 0.8060044 0.5919095 2.869744e-13 0.8060044 -0.5919095 -2.869744e-13 -0.8060044 -0.5919095 -2.869744e-13 -0.8060044 -0.5919095 -2.869744e-13 -0.8060044 -0.5919095 -2.869744e-13 -0.8060044 4.735013e-13 -1 5.78252e-15 4.735013e-13 -1 5.78252e-15 4.735013e-13 -1 5.78252e-15 4.735013e-13 -1 5.78252e-15 4.735013e-13 -1 5.78252e-15 4.735013e-13 -1 5.78252e-15 4.735013e-13 -1 5.78252e-15 4.735013e-13 -1 5.78252e-15 4.735013e-13 -1 5.78252e-15 4.735013e-13 -1 5.78252e-15 4.735013e-13 -1 5.78252e-15 4.735013e-13 -1 5.78252e-15 4.735013e-13 -1 5.78252e-15 4.735013e-13 -1 5.78252e-15 4.735013e-13 -1 5.78252e-15 4.735013e-13 -1 5.78252e-15 4.735013e-13 -1 5.78252e-15 4.735013e-13 -1 5.78252e-15 4.735013e-13 -1 5.78252e-15 4.735013e-13 -1 5.78252e-15 4.735013e-13 -1 5.78252e-15 4.735013e-13 -1 5.78252e-15 4.735013e-13 -1 5.78252e-15 4.735013e-13 -1 5.78252e-15 4.735013e-13 -1 5.78252e-15 4.735013e-13 -1 5.78252e-15 4.735013e-13 -1 5.78252e-15 4.735013e-13 -1 5.78252e-15 4.735013e-13 -1 5.78252e-15 4.735013e-13 -1 5.78252e-15 4.735013e-13 -1 5.78252e-15 4.735013e-13 -1 5.78252e-15 4.735013e-13 -1 5.78252e-15 4.735013e-13 -1 5.78252e-15 -4.735013e-13 1 -5.78252e-15 -4.735013e-13 1 -5.78252e-15 -4.735013e-13 1 -5.78252e-15 -4.735013e-13 1 -5.78252e-15 -4.735013e-13 1 -5.78252e-15 -4.735013e-13 1 -5.78252e-15 -4.735013e-13 1 -5.78252e-15 -4.735013e-13 1 -5.78252e-15 -4.735013e-13 1 -5.78252e-15 -4.735013e-13 1 -5.78252e-15 -4.735013e-13 1 -5.78252e-15 -4.735013e-13 1 -5.78252e-15 -4.735013e-13 1 -5.78252e-15 -4.735013e-13 1 -5.78252e-15 -4.735013e-13 1 -5.78252e-15 -4.735013e-13 1 -5.78252e-15 -4.735013e-13 1 -5.78252e-15 -4.735013e-13 1 -5.78252e-15 -4.735013e-13 1 -5.78252e-15 -4.735013e-13 1 -5.78252e-15 -4.735013e-13 1 -5.78252e-15 -4.735013e-13 1 -5.78252e-15 -4.735013e-13 1 -5.78252e-15 -4.735013e-13 1 -5.78252e-15 -4.735013e-13 1 -5.78252e-15 -4.735013e-13 1 -5.78252e-15 -4.735013e-13 1 -5.78252e-15 -4.735013e-13 1 -5.78252e-15 -4.735013e-13 1 -5.78252e-15 -4.735013e-13 1 -5.78252e-15 -4.735013e-13 1 -5.78252e-15 -4.735013e-13 1 -5.78252e-15 -4.735013e-13 1 -5.78252e-15 -4.735013e-13 1 -5.78252e-15 0.5919095 2.992157e-13 0.8060044 0.5919095 2.992157e-13 0.8060044 0.5919095 2.992157e-13 0.8060044 0.5919095 2.992157e-13 0.8060044 -0.5919095 -2.992157e-13 -0.8060044 -0.5919095 -2.992157e-13 -0.8060044 -0.5919095 -2.992157e-13 -0.8060044 -0.5919095 -2.992157e-13 -0.8060044 0.5919095 2.992157e-13 0.8060044 0.5919095 2.992157e-13 0.8060044 0.5919095 2.992157e-13 0.8060044 0.5919095 2.992157e-13 0.8060044 0.5919095 2.992157e-13 0.8060044 0.5919095 2.992157e-13 0.8060044 -0.5919095 -2.992157e-13 -0.8060044 -0.5919095 -2.992157e-13 -0.8060044 -0.5919095 -2.992157e-13 -0.8060044 -0.5919095 -2.992157e-13 -0.8060044 -0.5919095 -2.992157e-13 -0.8060044 -0.5919095 -2.992157e-13 -0.8060044 -4.091031e-12 1 -4.39289e-12 -4.091031e-12 1 -4.39289e-12 -4.091031e-12 1 -4.39289e-12 -4.091031e-12 1 -4.39289e-12 4.091031e-12 -1 4.39289e-12 4.091031e-12 -1 4.39289e-12 4.091031e-12 -1 4.39289e-12 4.091031e-12 -1 4.39289e-12 -0.5919095 -2.870724e-13 -0.8060044 -0.5919095 -2.870724e-13 -0.8060044 -0.5919095 -2.870724e-13 -0.8060044 -0.5919095 -2.870724e-13 -0.8060044 -0.5919095 -2.870724e-13 -0.8060044 -0.5919095 -2.870724e-13 -0.8060044 0.5919095 2.870724e-13 0.8060044 0.5919095 2.870724e-13 0.8060044 0.5919095 2.870724e-13 0.8060044 0.5919095 2.870724e-13 0.8060044 0.5919095 2.870724e-13 0.8060044 0.5919095 2.870724e-13 0.8060044 -0.5919095 -2.869729e-13 0.8060044 -0.5919095 -2.869729e-13 0.8060044 -0.5919095 -2.869729e-13 0.8060044 -0.5919095 -2.869729e-13 0.8060044 0.5919095 2.869729e-13 -0.8060044 0.5919095 2.869729e-13 -0.8060044 0.5919095 2.869729e-13 -0.8060044 0.5919095 2.869729e-13 -0.8060044 -0.5919095 -2.869696e-13 -0.8060044 -0.5919095 -2.869696e-13 -0.8060044 -0.5919095 -2.869696e-13 -0.8060044 -0.5919095 -2.869696e-13 -0.8060044 0.5919095 2.869696e-13 0.8060044 0.5919095 2.869696e-13 0.8060044 0.5919095 2.869696e-13 0.8060044 0.5919095 2.869696e-13 0.8060044 -0.5919095 -2.86975e-13 0.8060044 -0.5919095 -2.86975e-13 0.8060044 -0.5919095 -2.86975e-13 0.8060044 -0.5919095 -2.86975e-13 0.8060044 0.5919095 2.86975e-13 -0.8060044 0.5919095 2.86975e-13 -0.8060044 0.5919095 2.86975e-13 -0.8060044 0.5919095 2.86975e-13 -0.8060044 -0.5919095 -2.86967e-13 -0.8060044 -0.5919095 -2.86967e-13 -0.8060044 -0.5919095 -2.86967e-13 -0.8060044 -0.5919095 -2.86967e-13 -0.8060044 0.5919095 2.86967e-13 0.8060044 0.5919095 2.86967e-13 0.8060044 0.5919095 2.86967e-13 0.8060044 0.5919095 2.86967e-13 0.8060044 -0.5919095 -2.869725e-13 0.8060044 -0.5919095 -2.869725e-13 0.8060044 -0.5919095 -2.869725e-13 0.8060044 -0.5919095 -2.869725e-13 0.8060044 0.5919095 2.869725e-13 -0.8060044 0.5919095 2.869725e-13 -0.8060044 0.5919095 2.869725e-13 -0.8060044 0.5919095 2.869725e-13 -0.8060044 -0.5919095 -2.86967e-13 -0.8060044 -0.5919095 -2.86967e-13 -0.8060044 -0.5919095 -2.86967e-13 -0.8060044 -0.5919095 -2.86967e-13 -0.8060044 0.5919095 2.86967e-13 0.8060044 0.5919095 2.86967e-13 0.8060044 0.5919095 2.86967e-13 0.8060044 0.5919095 2.86967e-13 0.8060044 -0.5919095 -2.869725e-13 0.8060044 -0.5919095 -2.869725e-13 0.8060044 -0.5919095 -2.869725e-13 0.8060044 -0.5919095 -2.869725e-13 0.8060044 0.5919095 2.869725e-13 -0.8060044 0.5919095 2.869725e-13 -0.8060044 0.5919095 2.869725e-13 -0.8060044 0.5919095 2.869725e-13 -0.8060044 -0.5919095 -2.86967e-13 -0.8060044 -0.5919095 -2.86967e-13 -0.8060044 -0.5919095 -2.86967e-13 -0.8060044 -0.5919095 -2.86967e-13 -0.8060044 0.5919095 2.86967e-13 0.8060044 0.5919095 2.86967e-13 0.8060044 0.5919095 2.86967e-13 0.8060044 0.5919095 2.86967e-13 0.8060044 -0.5919095 -2.869725e-13 0.8060044 -0.5919095 -2.869725e-13 0.8060044 -0.5919095 -2.869725e-13 0.8060044 -0.5919095 -2.869725e-13 0.8060044 0.5919095 2.869725e-13 -0.8060044 0.5919095 2.869725e-13 -0.8060044 0.5919095 2.869725e-13 -0.8060044 0.5919095 2.869725e-13 -0.8060044 -0.5919095 -2.869693e-13 -0.8060044 -0.5919095 -2.869693e-13 -0.8060044 -0.5919095 -2.869693e-13 -0.8060044 -0.5919095 -2.869693e-13 -0.8060044 0.5919095 2.869693e-13 0.8060044 0.5919095 2.869693e-13 0.8060044 0.5919095 2.869693e-13 0.8060044 0.5919095 2.869693e-13 0.8060044 -0.5919095 -2.869752e-13 0.8060044 -0.5919095 -2.869752e-13 0.8060044 -0.5919095 -2.869752e-13 0.8060044 -0.5919095 -2.869752e-13 0.8060044 0.5919095 2.869752e-13 -0.8060044 0.5919095 2.869752e-13 -0.8060044 0.5919095 2.869752e-13 -0.8060044 0.5919095 2.869752e-13 -0.8060044 0 0 1 0 0 1 0 0 1 0 0 1 -0 -0 -1 -0 -0 -1 -0 -0 -1 -0 -0 -1 0.5919095 2.869764e-13 -0.8060044 0.5919095 2.869764e-13 -0.8060044 0.5919095 2.869764e-13 -0.8060044 0.5919095 2.869764e-13 -0.8060044 -0.5919095 -2.869764e-13 0.8060044 -0.5919095 -2.869764e-13 0.8060044 -0.5919095 -2.869764e-13 0.8060044 -0.5919095 -2.869764e-13 0.8060044 0.5919095 2.992157e-13 0.8060044 0.5919095 2.992157e-13 0.8060044 0.5919095 2.992157e-13 0.8060044 0.5919095 2.992157e-13 0.8060044 -0.5919095 -2.992157e-13 -0.8060044 -0.5919095 -2.992157e-13 -0.8060044 -0.5919095 -2.992157e-13 -0.8060044 -0.5919095 -2.992157e-13 -0.8060044 0.5919095 2.993606e-13 -0.8060044 0.5919095 2.993606e-13 -0.8060044 0.5919095 2.993606e-13 -0.8060044 0.5919095 2.993606e-13 -0.8060044 -0.5919095 -2.993606e-13 0.8060044 -0.5919095 -2.993606e-13 0.8060044 -0.5919095 -2.993606e-13 0.8060044 -0.5919095 -2.993606e-13 0.8060044 0.5919095 2.992157e-13 0.8060044 0.5919095 2.992157e-13 0.8060044 0.5919095 2.992157e-13 0.8060044 0.5919095 2.992157e-13 0.8060044 -0.5919095 -2.992157e-13 -0.8060044 -0.5919095 -2.992157e-13 -0.8060044 -0.5919095 -2.992157e-13 -0.8060044 -0.5919095 -2.992157e-13 -0.8060044 0.5919095 2.993606e-13 -0.8060044 0.5919095 2.993606e-13 -0.8060044 0.5919095 2.993606e-13 -0.8060044 0.5919095 2.993606e-13 -0.8060044 -0.5919095 -2.993606e-13 0.8060044 -0.5919095 -2.993606e-13 0.8060044 -0.5919095 -2.993606e-13 0.8060044 -0.5919095 -2.993606e-13 0.8060044 0.5919095 2.992157e-13 0.8060044 0.5919095 2.992157e-13 0.8060044 0.5919095 2.992157e-13 0.8060044 0.5919095 2.992157e-13 0.8060044 -0.5919095 -2.992157e-13 -0.8060044 -0.5919095 -2.992157e-13 -0.8060044 -0.5919095 -2.992157e-13 -0.8060044 -0.5919095 -2.992157e-13 -0.8060044 0.5919095 2.993606e-13 -0.8060044 0.5919095 2.993606e-13 -0.8060044 0.5919095 2.993606e-13 -0.8060044 0.5919095 2.993606e-13 -0.8060044 -0.5919095 -2.993606e-13 0.8060044 -0.5919095 -2.993606e-13 0.8060044 -0.5919095 -2.993606e-13 0.8060044 -0.5919095 -2.993606e-13 0.8060044 0.5919095 2.993606e-13 -0.8060044 0.5919095 2.993606e-13 -0.8060044 0.5919095 2.993606e-13 -0.8060044 0.5919095 2.993606e-13 -0.8060044 -0.5919095 -2.993606e-13 0.8060044 -0.5919095 -2.993606e-13 0.8060044 -0.5919095 -2.993606e-13 0.8060044 -0.5919095 -2.993606e-13 0.8060044 5.34111e-13 -1 2.88355e-14 5.34111e-13 -1 2.88355e-14 5.34111e-13 -1 2.88355e-14 5.34111e-13 -1 2.88355e-14 5.34111e-13 -1 2.88355e-14 5.34111e-13 -1 2.88355e-14 5.34111e-13 -1 2.88355e-14 5.34111e-13 -1 2.88355e-14 5.34111e-13 -1 2.88355e-14 5.34111e-13 -1 2.88355e-14 5.34111e-13 -1 2.88355e-14 5.34111e-13 -1 2.88355e-14 5.34111e-13 -1 2.88355e-14 5.34111e-13 -1 2.88355e-14 5.34111e-13 -1 2.88355e-14 5.34111e-13 -1 2.88355e-14 5.34111e-13 -1 2.88355e-14 5.34111e-13 -1 2.88355e-14 -5.34111e-13 1 -2.88355e-14 -5.34111e-13 1 -2.88355e-14 -5.34111e-13 1 -2.88355e-14 -5.34111e-13 1 -2.88355e-14 -5.34111e-13 1 -2.88355e-14 -5.34111e-13 1 -2.88355e-14 -5.34111e-13 1 -2.88355e-14 -5.34111e-13 1 -2.88355e-14 -5.34111e-13 1 -2.88355e-14 -5.34111e-13 1 -2.88355e-14 -5.34111e-13 1 -2.88355e-14 -5.34111e-13 1 -2.88355e-14 -5.34111e-13 1 -2.88355e-14 -5.34111e-13 1 -2.88355e-14 -5.34111e-13 1 -2.88355e-14 -5.34111e-13 1 -2.88355e-14 -5.34111e-13 1 -2.88355e-14 -5.34111e-13 1 -2.88355e-14 -0.5919095 -2.869727e-13 0.8060044 -0.5919095 -2.869727e-13 0.8060044 -0.5919095 -2.869727e-13 0.8060044 -0.5919095 -2.869727e-13 0.8060044 0.5919095 2.869727e-13 -0.8060044 0.5919095 2.869727e-13 -0.8060044 0.5919095 2.869727e-13 -0.8060044 0.5919095 2.869727e-13 -0.8060044 -0.5919095 -2.869746e-13 -0.8060044 -0.5919095 -2.869746e-13 -0.8060044 -0.5919095 -2.869746e-13 -0.8060044 -0.5919095 -2.869746e-13 -0.8060044 0.5919095 2.869746e-13 0.8060044 0.5919095 2.869746e-13 0.8060044 0.5919095 2.869746e-13 0.8060044 0.5919095 2.869746e-13 0.8060044 -0.5919095 -2.869727e-13 0.8060044 -0.5919095 -2.869727e-13 0.8060044 -0.5919095 -2.869727e-13 0.8060044 -0.5919095 -2.869727e-13 0.8060044 0.5919095 2.869727e-13 -0.8060044 0.5919095 2.869727e-13 -0.8060044 0.5919095 2.869727e-13 -0.8060044 0.5919095 2.869727e-13 -0.8060044 -0.5919095 -2.869673e-13 -0.8060044 -0.5919095 -2.869673e-13 -0.8060044 -0.5919095 -2.869673e-13 -0.8060044 -0.5919095 -2.869673e-13 -0.8060044 0.5919095 2.869673e-13 0.8060044 0.5919095 2.869673e-13 0.8060044 0.5919095 2.869673e-13 0.8060044 0.5919095 2.869673e-13 0.8060044 -0.5919095 -2.869824e-13 0.8060044 -0.5919095 -2.869824e-13 0.8060044 -0.5919095 -2.869824e-13 0.8060044 -0.5919095 -2.869824e-13 0.8060044 0.5919095 2.869824e-13 -0.8060044 0.5919095 2.869824e-13 -0.8060044 0.5919095 2.869824e-13 -0.8060044 0.5919095 2.869824e-13 -0.8060044 -0.5919095 -2.869696e-13 -0.8060044 -0.5919095 -2.869696e-13 -0.8060044 -0.5919095 -2.869696e-13 -0.8060044 -0.5919095 -2.869696e-13 -0.8060044 0.5919095 2.869696e-13 0.8060044 0.5919095 2.869696e-13 0.8060044 0.5919095 2.869696e-13 0.8060044 0.5919095 2.869696e-13 0.8060044 -0.5919095 -2.869801e-13 0.8060044 -0.5919095 -2.869801e-13 0.8060044 -0.5919095 -2.869801e-13 0.8060044 -0.5919095 -2.869801e-13 0.8060044 0.5919095 2.869801e-13 -0.8060044 0.5919095 2.869801e-13 -0.8060044 0.5919095 2.869801e-13 -0.8060044 0.5919095 2.869801e-13 -0.8060044 -0.5919095 -2.869746e-13 -0.8060044 -0.5919095 -2.869746e-13 -0.8060044 -0.5919095 -2.869746e-13 -0.8060044 -0.5919095 -2.869746e-13 -0.8060044 0.5919095 2.869746e-13 0.8060044 0.5919095 2.869746e-13 0.8060044 0.5919095 2.869746e-13 0.8060044 0.5919095 2.869746e-13 0.8060044 -0.5919095 -2.87018e-13 0.8060044 -0.5919095 -2.87018e-13 0.8060044 -0.5919095 -2.87018e-13 0.8060044 -0.5919095 -2.87018e-13 0.8060044 -0.5919095 -2.87018e-13 0.8060044 -0.5919095 -2.87018e-13 0.8060044 0.5919095 2.87018e-13 -0.8060044 0.5919095 2.87018e-13 -0.8060044 0.5919095 2.87018e-13 -0.8060044 0.5919095 2.87018e-13 -0.8060044 0.5919095 2.87018e-13 -0.8060044 0.5919095 2.87018e-13 -0.8060044 -0.5919095 -2.872557e-13 -0.8060044 -0.5919095 -2.872557e-13 -0.8060044 -0.5919095 -2.872557e-13 -0.8060044 -0.5919095 -2.872557e-13 -0.8060044 0.5919095 2.872557e-13 0.8060044 0.5919095 2.872557e-13 0.8060044 0.5919095 2.872557e-13 0.8060044 0.5919095 2.872557e-13 0.8060044 -0.5919095 -2.866845e-13 0.8060044 -0.5919095 -2.866845e-13 0.8060044 -0.5919095 -2.866845e-13 0.8060044 -0.5919095 -2.866845e-13 0.8060044 0.5919095 2.866845e-13 -0.8060044 0.5919095 2.866845e-13 -0.8060044 0.5919095 2.866845e-13 -0.8060044 0.5919095 2.866845e-13 -0.8060044 -0.5919095 -2.872555e-13 -0.8060044 -0.5919095 -2.872555e-13 -0.8060044 -0.5919095 -2.872555e-13 -0.8060044 -0.5919095 -2.872555e-13 -0.8060044 0.5919095 2.872555e-13 0.8060044 0.5919095 2.872555e-13 0.8060044 0.5919095 2.872555e-13 0.8060044 0.5919095 2.872555e-13 0.8060044 5.287768e-13 -1 -2.621409e-15 5.287768e-13 -1 -2.621409e-15 5.287768e-13 -1 -2.621409e-15 5.287768e-13 -1 -2.621409e-15 5.287768e-13 -1 -2.621409e-15 5.287768e-13 -1 -2.621409e-15 5.287768e-13 -1 -2.621409e-15 5.287768e-13 -1 -2.621409e-15 5.287768e-13 -1 -2.621409e-15 5.287768e-13 -1 -2.621409e-15 5.287768e-13 -1 -2.621409e-15 5.287768e-13 -1 -2.621409e-15 5.287768e-13 -1 -2.621409e-15 5.287768e-13 -1 -2.621409e-15 5.287768e-13 -1 -2.621409e-15 5.287768e-13 -1 -2.621409e-15 5.287768e-13 -1 -2.621409e-15 5.287768e-13 -1 -2.621409e-15 -5.287768e-13 1 2.621409e-15 -5.287768e-13 1 2.621409e-15 -5.287768e-13 1 2.621409e-15 -5.287768e-13 1 2.621409e-15 -5.287768e-13 1 2.621409e-15 -5.287768e-13 1 2.621409e-15 -5.287768e-13 1 2.621409e-15 -5.287768e-13 1 2.621409e-15 -5.287768e-13 1 2.621409e-15 -5.287768e-13 1 2.621409e-15 -5.287768e-13 1 2.621409e-15 -5.287768e-13 1 2.621409e-15 -5.287768e-13 1 2.621409e-15 -5.287768e-13 1 2.621409e-15 -5.287768e-13 1 2.621409e-15 -5.287768e-13 1 2.621409e-15 -5.287768e-13 1 2.621409e-15 -5.287768e-13 1 2.621409e-15 0.5919095 2.871151e-13 0.8060044 0.5919095 2.871151e-13 0.8060044 0.5919095 2.871151e-13 0.8060044 0.5919095 2.871151e-13 0.8060044 -0.5919095 -2.871151e-13 -0.8060044 -0.5919095 -2.871151e-13 -0.8060044 -0.5919095 -2.871151e-13 -0.8060044 -0.5919095 -2.871151e-13 -0.8060044 0.5919095 2.993606e-13 -0.8060044 0.5919095 2.993606e-13 -0.8060044 0.5919095 2.993606e-13 -0.8060044 0.5919095 2.993606e-13 -0.8060044 -0.5919095 -2.993606e-13 0.8060044 -0.5919095 -2.993606e-13 0.8060044 -0.5919095 -2.993606e-13 0.8060044 -0.5919095 -2.993606e-13 0.8060044 0.5919095 2.992157e-13 0.8060044 0.5919095 2.992157e-13 0.8060044 0.5919095 2.992157e-13 0.8060044 0.5919095 2.992157e-13 0.8060044 -0.5919095 -2.992157e-13 -0.8060044 -0.5919095 -2.992157e-13 -0.8060044 -0.5919095 -2.992157e-13 -0.8060044 -0.5919095 -2.992157e-13 -0.8060044 0.5919095 2.993606e-13 -0.8060044 0.5919095 2.993606e-13 -0.8060044 0.5919095 2.993606e-13 -0.8060044 0.5919095 2.993606e-13 -0.8060044 0.5919095 2.993606e-13 -0.8060044 0.5919095 2.993606e-13 -0.8060044 -0.5919095 -2.993606e-13 0.8060044 -0.5919095 -2.993606e-13 0.8060044 -0.5919095 -2.993606e-13 0.8060044 -0.5919095 -2.993606e-13 0.8060044 -0.5919095 -2.993606e-13 0.8060044 -0.5919095 -2.993606e-13 0.8060044 0.5919095 2.992157e-13 0.8060044 0.5919095 2.992157e-13 0.8060044 0.5919095 2.992157e-13 0.8060044 0.5919095 2.992157e-13 0.8060044 -0.5919095 -2.992157e-13 -0.8060044 -0.5919095 -2.992157e-13 -0.8060044 -0.5919095 -2.992157e-13 -0.8060044 -0.5919095 -2.992157e-13 -0.8060044 0.5919095 2.993606e-13 -0.8060044 0.5919095 2.993606e-13 -0.8060044 0.5919095 2.993606e-13 -0.8060044 0.5919095 2.993606e-13 -0.8060044 -0.5919095 -2.993606e-13 0.8060044 -0.5919095 -2.993606e-13 0.8060044 -0.5919095 -2.993606e-13 0.8060044 -0.5919095 -2.993606e-13 0.8060044 0.5919095 2.992157e-13 0.8060044 0.5919095 2.992157e-13 0.8060044 0.5919095 2.992157e-13 0.8060044 0.5919095 2.992157e-13 0.8060044 -0.5919095 -2.992157e-13 -0.8060044 -0.5919095 -2.992157e-13 -0.8060044 -0.5919095 -2.992157e-13 -0.8060044 -0.5919095 -2.992157e-13 -0.8060044 0.5919095 2.993606e-13 -0.8060044 0.5919095 2.993606e-13 -0.8060044 0.5919095 2.993606e-13 -0.8060044 0.5919095 2.993606e-13 -0.8060044 -0.5919095 -2.993606e-13 0.8060044 -0.5919095 -2.993606e-13 0.8060044 -0.5919095 -2.993606e-13 0.8060044 -0.5919095 -2.993606e-13 0.8060044 0.5919095 2.992157e-13 0.8060044 0.5919095 2.992157e-13 0.8060044 0.5919095 2.992157e-13 0.8060044 0.5919095 2.992157e-13 0.8060044 -0.5919095 -2.992157e-13 -0.8060044 -0.5919095 -2.992157e-13 -0.8060044 -0.5919095 -2.992157e-13 -0.8060044 -0.5919095 -2.992157e-13 -0.8060044 0.5919095 2.993606e-13 -0.8060044 0.5919095 2.993606e-13 -0.8060044 0.5919095 2.993606e-13 -0.8060044 0.5919095 2.993606e-13 -0.8060044 -0.5919095 -2.993606e-13 0.8060044 -0.5919095 -2.993606e-13 0.8060044 -0.5919095 -2.993606e-13 0.8060044 -0.5919095 -2.993606e-13 0.8060044 0.5919095 2.992157e-13 0.8060044 0.5919095 2.992157e-13 0.8060044 0.5919095 2.992157e-13 0.8060044 0.5919095 2.992157e-13 0.8060044 -0.5919095 -2.992157e-13 -0.8060044 -0.5919095 -2.992157e-13 -0.8060044 -0.5919095 -2.992157e-13 -0.8060044 -0.5919095 -2.992157e-13 -0.8060044 0.5919095 2.993606e-13 -0.8060044 0.5919095 2.993606e-13 -0.8060044 0.5919095 2.993606e-13 -0.8060044 0.5919095 2.993606e-13 -0.8060044 -0.5919095 -2.993606e-13 0.8060044 -0.5919095 -2.993606e-13 0.8060044 -0.5919095 -2.993606e-13 0.8060044 -0.5919095 -2.993606e-13 0.8060044 -3.584693e-13 1 -2.52825e-14 -3.584693e-13 1 -2.52825e-14 -3.584693e-13 1 -2.52825e-14 -3.584693e-13 1 -2.52825e-14 -3.584693e-13 1 -2.52825e-14 -3.584693e-13 1 -2.52825e-14 -3.584693e-13 1 -2.52825e-14 -3.584693e-13 1 -2.52825e-14 -3.584693e-13 1 -2.52825e-14 -3.584693e-13 1 -2.52825e-14 -3.584693e-13 1 -2.52825e-14 -3.584693e-13 1 -2.52825e-14 -3.584693e-13 1 -2.52825e-14 -3.584693e-13 1 -2.52825e-14 -3.584693e-13 1 -2.52825e-14 -3.584693e-13 1 -2.52825e-14 -3.584693e-13 1 -2.52825e-14 -3.584693e-13 1 -2.52825e-14 -3.584693e-13 1 -2.52825e-14 -3.584693e-13 1 -2.52825e-14 -3.584693e-13 1 -2.52825e-14 -3.584693e-13 1 -2.52825e-14 3.584693e-13 -1 2.52825e-14 3.584693e-13 -1 2.52825e-14 3.584693e-13 -1 2.52825e-14 3.584693e-13 -1 2.52825e-14 3.584693e-13 -1 2.52825e-14 3.584693e-13 -1 2.52825e-14 3.584693e-13 -1 2.52825e-14 3.584693e-13 -1 2.52825e-14 3.584693e-13 -1 2.52825e-14 3.584693e-13 -1 2.52825e-14 3.584693e-13 -1 2.52825e-14 3.584693e-13 -1 2.52825e-14 3.584693e-13 -1 2.52825e-14 3.584693e-13 -1 2.52825e-14 3.584693e-13 -1 2.52825e-14 3.584693e-13 -1 2.52825e-14 3.584693e-13 -1 2.52825e-14 3.584693e-13 -1 2.52825e-14 3.584693e-13 -1 2.52825e-14 3.584693e-13 -1 2.52825e-14 3.584693e-13 -1 2.52825e-14 3.584693e-13 -1 2.52825e-14 -3.805471e-12 1 6.344082e-13 -3.805471e-12 1 6.344082e-13 -3.805471e-12 1 6.344082e-13 -3.805471e-12 1 6.344082e-13 3.805471e-12 -1 -6.344082e-13 3.805471e-12 -1 -6.344082e-13 3.805471e-12 -1 -6.344082e-13 3.805471e-12 -1 -6.344082e-13 -5.166543e-13 1 -2.56166e-15 -5.166543e-13 1 -2.56166e-15 -5.166543e-13 1 -2.56166e-15 -5.166543e-13 1 -2.56166e-15 -5.166543e-13 1 -2.56166e-15 -5.166543e-13 1 -2.56166e-15 -5.166543e-13 1 -2.56166e-15 -5.166543e-13 1 -2.56166e-15 -5.166543e-13 1 -2.56166e-15 -5.166543e-13 1 -2.56166e-15 -5.166543e-13 1 -2.56166e-15 -5.166543e-13 1 -2.56166e-15 -5.166543e-13 1 -2.56166e-15 -5.166543e-13 1 -2.56166e-15 -5.166543e-13 1 -2.56166e-15 -5.166543e-13 1 -2.56166e-15 -5.166543e-13 1 -2.56166e-15 -5.166543e-13 1 -2.56166e-15 -5.166543e-13 1 -2.56166e-15 -5.166543e-13 1 -2.56166e-15 -5.166543e-13 1 -2.56166e-15 -5.166543e-13 1 -2.56166e-15 -5.166543e-13 1 -2.56166e-15 -5.166543e-13 1 -2.56166e-15 -5.166543e-13 1 -2.56166e-15 -5.166543e-13 1 -2.56166e-15 5.166543e-13 -1 2.56166e-15 5.166543e-13 -1 2.56166e-15 5.166543e-13 -1 2.56166e-15 5.166543e-13 -1 2.56166e-15 5.166543e-13 -1 2.56166e-15 5.166543e-13 -1 2.56166e-15 5.166543e-13 -1 2.56166e-15 5.166543e-13 -1 2.56166e-15 5.166543e-13 -1 2.56166e-15 5.166543e-13 -1 2.56166e-15 5.166543e-13 -1 2.56166e-15 5.166543e-13 -1 2.56166e-15 5.166543e-13 -1 2.56166e-15 5.166543e-13 -1 2.56166e-15 5.166543e-13 -1 2.56166e-15 5.166543e-13 -1 2.56166e-15 5.166543e-13 -1 2.56166e-15 5.166543e-13 -1 2.56166e-15 5.166543e-13 -1 2.56166e-15 5.166543e-13 -1 2.56166e-15 5.166543e-13 -1 2.56166e-15 5.166543e-13 -1 2.56166e-15 5.166543e-13 -1 2.56166e-15 5.166543e-13 -1 2.56166e-15 5.166543e-13 -1 2.56166e-15 5.166543e-13 -1 2.56166e-15 -0.5919095 -2.866868e-13 0.8060044 -0.5919095 -2.866868e-13 0.8060044 -0.5919095 -2.866868e-13 0.8060044 -0.5919095 -2.866868e-13 0.8060044 0.5919095 2.866868e-13 -0.8060044 0.5919095 2.866868e-13 -0.8060044 0.5919095 2.866868e-13 -0.8060044 0.5919095 2.866868e-13 -0.8060044 0.5919095 2.868309e-13 -0.8060044 0.5919095 2.868309e-13 -0.8060044 0.5919095 2.868309e-13 -0.8060044 0.5919095 2.868309e-13 -0.8060044 -0.5919095 -2.868309e-13 0.8060044 -0.5919095 -2.868309e-13 0.8060044 -0.5919095 -2.868309e-13 0.8060044 -0.5919095 -2.868309e-13 0.8060044 -0.5919095 -2.872652e-13 -0.8060044 -0.5919095 -2.872652e-13 -0.8060044 -0.5919095 -2.872652e-13 -0.8060044 -0.5919095 -2.872652e-13 -0.8060044 0.5919095 2.872652e-13 0.8060044 0.5919095 2.872652e-13 0.8060044 0.5919095 2.872652e-13 0.8060044 0.5919095 2.872652e-13 0.8060044 -0.5919095 -2.867214e-13 0.8060044 -0.5919095 -2.867214e-13 0.8060044 -0.5919095 -2.867214e-13 0.8060044 -0.5919095 -2.867214e-13 0.8060044 0.5919095 2.867214e-13 -0.8060044 0.5919095 2.867214e-13 -0.8060044 0.5919095 2.867214e-13 -0.8060044 0.5919095 2.867214e-13 -0.8060044 -0.5919095 -2.871889e-13 -0.8060044 -0.5919095 -2.871889e-13 -0.8060044 -0.5919095 -2.871889e-13 -0.8060044 -0.5919095 -2.871889e-13 -0.8060044 0.5919095 2.871889e-13 0.8060044 0.5919095 2.871889e-13 0.8060044 0.5919095 2.871889e-13 0.8060044 0.5919095 2.871889e-13 0.8060044 -0.5919095 -2.867584e-13 0.8060044 -0.5919095 -2.867584e-13 0.8060044 -0.5919095 -2.867584e-13 0.8060044 -0.5919095 -2.867584e-13 0.8060044 0.5919095 2.867584e-13 -0.8060044 0.5919095 2.867584e-13 -0.8060044 0.5919095 2.867584e-13 -0.8060044 0.5919095 2.867584e-13 -0.8060044 -0.5919095 -2.871742e-13 -0.8060044 -0.5919095 -2.871742e-13 -0.8060044 -0.5919095 -2.871742e-13 -0.8060044 -0.5919095 -2.871742e-13 -0.8060044 0.5919095 2.871742e-13 0.8060044 0.5919095 2.871742e-13 0.8060044 0.5919095 2.871742e-13 0.8060044 0.5919095 2.871742e-13 0.8060044 -0.5919095 -2.868027e-13 0.8060044 -0.5919095 -2.868027e-13 0.8060044 -0.5919095 -2.868027e-13 0.8060044 -0.5919095 -2.868027e-13 0.8060044 0.5919095 2.868027e-13 -0.8060044 0.5919095 2.868027e-13 -0.8060044 0.5919095 2.868027e-13 -0.8060044 0.5919095 2.868027e-13 -0.8060044 -0.5919095 -2.8708e-13 -0.8060044 -0.5919095 -2.8708e-13 -0.8060044 -0.5919095 -2.8708e-13 -0.8060044 -0.5919095 -2.8708e-13 -0.8060044 0.5919095 2.8708e-13 0.8060044 0.5919095 2.8708e-13 0.8060044 0.5919095 2.8708e-13 0.8060044 0.5919095 2.8708e-13 0.8060044 2.453219e-15 8.404095e-18 -1 2.453219e-15 8.404095e-18 -1 2.453219e-15 8.404095e-18 -1 2.453219e-15 8.404095e-18 -1 -2.453219e-15 -8.404095e-18 1 -2.453219e-15 -8.404095e-18 1 -2.453219e-15 -8.404095e-18 1 -2.453219e-15 -8.404095e-18 1 0.5919095 2.992157e-13 0.8060044 0.5919095 2.992157e-13 0.8060044 0.5919095 2.992157e-13 0.8060044 0.5919095 2.992157e-13 0.8060044 -0.5919095 -2.992157e-13 -0.8060044 -0.5919095 -2.992157e-13 -0.8060044 -0.5919095 -2.992157e-13 -0.8060044 -0.5919095 -2.992157e-13 -0.8060044 0.5919095 2.993606e-13 -0.8060044 0.5919095 2.993606e-13 -0.8060044 0.5919095 2.993606e-13 -0.8060044 0.5919095 2.993606e-13 -0.8060044 -0.5919095 -2.993606e-13 0.8060044 -0.5919095 -2.993606e-13 0.8060044 -0.5919095 -2.993606e-13 0.8060044 -0.5919095 -2.993606e-13 0.8060044 0.5919095 2.992157e-13 0.8060044 0.5919095 2.992157e-13 0.8060044 0.5919095 2.992157e-13 0.8060044 0.5919095 2.992157e-13 0.8060044 -0.5919095 -2.992157e-13 -0.8060044 -0.5919095 -2.992157e-13 -0.8060044 -0.5919095 -2.992157e-13 -0.8060044 -0.5919095 -2.992157e-13 -0.8060044 0.5919095 2.993606e-13 -0.8060044 0.5919095 2.993606e-13 -0.8060044 0.5919095 2.993606e-13 -0.8060044 0.5919095 2.993606e-13 -0.8060044 -0.5919095 -2.993606e-13 0.8060044 -0.5919095 -2.993606e-13 0.8060044 -0.5919095 -2.993606e-13 0.8060044 -0.5919095 -2.993606e-13 0.8060044 0.5919095 2.992157e-13 0.8060044 0.5919095 2.992157e-13 0.8060044 0.5919095 2.992157e-13 0.8060044 0.5919095 2.992157e-13 0.8060044 -0.5919095 -2.992157e-13 -0.8060044 -0.5919095 -2.992157e-13 -0.8060044 -0.5919095 -2.992157e-13 -0.8060044 -0.5919095 -2.992157e-13 -0.8060044 0.5919095 2.993606e-13 -0.8060044 0.5919095 2.993606e-13 -0.8060044 0.5919095 2.993606e-13 -0.8060044 0.5919095 2.993606e-13 -0.8060044 -0.5919095 -2.993606e-13 0.8060044 -0.5919095 -2.993606e-13 0.8060044 -0.5919095 -2.993606e-13 0.8060044 -0.5919095 -2.993606e-13 0.8060044 0.5919095 2.992157e-13 0.8060044 0.5919095 2.992157e-13 0.8060044 0.5919095 2.992157e-13 0.8060044 0.5919095 2.992157e-13 0.8060044 -0.5919095 -2.992157e-13 -0.8060044 -0.5919095 -2.992157e-13 -0.8060044 -0.5919095 -2.992157e-13 -0.8060044 -0.5919095 -2.992157e-13 -0.8060044</float_array>
                    <technique_common>
                        <accessor count="848" source="#ID22" stride="3">
                            <param name="X" type="float" />
                            <param name="Y" type="float" />
                            <param name="Z" type="float" />
                        </accessor>
                    </technique_common>
                </source>
                <vertices id="ID18">
                    <input semantic="POSITION" source="#ID16" />
                    <input semantic="NORMAL" source="#ID17" />
                </vertices>
                <polylist count="74" material="Material2">
                    <input offset="0" semantic="VERTEX" source="#ID18" />
                    <vcount>4 26 4 34 4 6 4 6 4 4 4 4 4 4 4 4 4 4 4 4 4 4 4 4 4 4 4 4 18 4 4 4 4 4 4 4 4 6 4 4 4 18 4 4 4 6 4 4 4 4 4 4 4 4 22 4 26 4 4 4 4 4 4 4 4 4 4 4 4 4 4 4 4 4</vcount>
                    <p>0 1 2 3 8 9 10 11 12 13 14 15 16 17 18 19 20 21 22 23 24 25 26 27 28 29 30 31 32 33 60 61 62 63 68 69 70 71 72 73 74 75 76 77 78 79 80 81 82 83 84 85 86 87 88 89 90 91 92 93 94 95 96 97 98 99 100 101 136 137 138 139 144 145 146 147 148 149 156 157 158 159 164 165 166 167 168 169 176 177 178 179 184 185 186 187 192 193 194 195 200 201 202 203 208 209 210 211 216 217 218 219 224 225 226 227 232 233 234 235 240 241 242 243 248 249 250 251 256 257 258 259 264 265 266 267 272 273 274 275 280 281 282 283 288 289 290 291 296 297 298 299 304 305 306 307 312 313 314 315 320 321 322 323 328 329 330 331 336 337 338 339 340 341 342 343 344 345 346 347 348 349 350 351 352 353 372 373 374 375 380 381 382 383 388 389 390 391 396 397 398 399 404 405 406 407 412 413 414 415 420 421 422 423 428 429 430 431 436 437 438 439 440 441 448 449 450 451 456 457 458 459 464 465 466 467 472 473 474 475 476 477 478 479 480 481 482 483 484 485 486 487 488 489 508 509 510 511 516 517 518 519 524 525 526 527 532 533 534 535 536 537 544 545 546 547 552 553 554 555 560 561 562 563 568 569 570 571 576 577 578 579 584 585 586 587 592 593 594 595 600 601 602 603 608 609 610 611 612 613 614 615 616 617 618 619 620 621 622 623 624 625 626 627 628 629 652 653 654 655 660 661 662 663 664 665 666 667 668 669 670 671 672 673 674 675 676 677 678 679 680 681 682 683 684 685 712 713 714 715 720 721 722 723 728 729 730 731 736 737 738 739 744 745 746 747 752 753 754 755 760 761 762 763 768 769 770 771 776 777 778 779 784 785 786 787 792 793 794 795 800 801 802 803 808 809 810 811 816 817 818 819 824 825 826 827 832 833 834 835 840 841 842 843</p>
                </polylist>
                <polylist count="74" material="Material3">
                    <input offset="0" semantic="VERTEX" source="#ID18" />
                    <vcount>4 26 4 34 4 6 4 6 4 4 4 4 4 4 4 4 4 4 4 4 4 4 4 4 4 4 4 4 18 4 4 4 4 4 4 4 4 6 4 4 4 18 4 4 4 6 4 4 4 4 4 4 4 4 22 4 26 4 4 4 4 4 4 4 4 4 4 4 4 4 4 4 4 4</vcount>
                    <p>4 5 6 7 34 35 36 37 38 39 40 41 42 43 44 45 46 47 48 49 50 51 52 53 54 55 56 57 58 59 64 65 66 67 102 103 104 105 106 107 108 109 110 111 112 113 114 115 116 117 118 119 120 121 122 123 124 125 126 127 128 129 130 131 132 133 134 135 140 141 142 143 150 151 152 153 154 155 160 161 162 163 170 171 172 173 174 175 180 181 182 183 188 189 190 191 196 197 198 199 204 205 206 207 212 213 214 215 220 221 222 223 228 229 230 231 236 237 238 239 244 245 246 247 252 253 254 255 260 261 262 263 268 269 270 271 276 277 278 279 284 285 286 287 292 293 294 295 300 301 302 303 308 309 310 311 316 317 318 319 324 325 326 327 332 333 334 335 354 355 356 357 358 359 360 361 362 363 364 365 366 367 368 369 370 371 376 377 378 379 384 385 386 387 392 393 394 395 400 401 402 403 408 409 410 411 416 417 418 419 424 425 426 427 432 433 434 435 442 443 444 445 446 447 452 453 454 455 460 461 462 463 468 469 470 471 490 491 492 493 494 495 496 497 498 499 500 501 502 503 504 505 506 507 512 513 514 515 520 521 522 523 528 529 530 531 538 539 540 541 542 543 548 549 550 551 556 557 558 559 564 565 566 567 572 573 574 575 580 581 582 583 588 589 590 591 596 597 598 599 604 605 606 607 630 631 632 633 634 635 636 637 638 639 640 641 642 643 644 645 646 647 648 649 650 651 656 657 658 659 686 687 688 689 690 691 692 693 694 695 696 697 698 699 700 701 702 703 704 705 706 707 708 709 710 711 716 717 718 719 724 725 726 727 732 733 734 735 740 741 742 743 748 749 750 751 756 757 758 759 764 765 766 767 772 773 774 775 780 781 782 783 788 789 790 791 796 797 798 799 804 805 806 807 812 813 814 815 820 821 822 823 828 829 830 831 836 837 838 839 844 845 846 847</p>
                </polylist>
            </mesh>
        </geometry>
        <geometry id="ID23">
            <mesh>
                <source id="ID24">
                    <float_array id="ID27" count="39">6.366463e-12 -19.68504 92.51969 25.25798 -19.68504 92.51969 25.25798 2.887646e-11 92.51969 6.366463e-12 0 92.51969 6.366463e-12 0 0 6.366463e-12 -19.68504 -6.902015e-15 6.366463e-12 -19.68504 92.51969 6.366463e-12 0 92.51969 0 2.273737e-13 69.38976 25.25798 -19.68504 7.30884e-15 6.366463e-12 -19.68504 -6.902015e-15 6.366463e-12 0 0 25.25798 3.001333e-11 5.870304e-15</float_array>
                    <technique_common>
                        <accessor count="13" source="#ID27" stride="3">
                            <param name="X" type="float" />
                            <param name="Y" type="float" />
                            <param name="Z" type="float" />
                        </accessor>
                    </technique_common>
                </source>
                <source id="ID25">
                    <float_array id="ID28" count="39">-5.626283e-16 -1.362707e-28 1 -5.626283e-16 -1.362707e-28 1 -5.626283e-16 -1.362707e-28 1 -5.626283e-16 -1.362707e-28 1 -1 -1.031972e-13 -1.100992e-14 -1 -1.031972e-13 -1.100992e-14 -1 -1.031972e-13 -1.100992e-14 -1 -1.031972e-13 -1.100992e-14 -1 -1.031972e-13 -1.100992e-14 3.97521e-16 1.387724e-16 -1 3.97521e-16 1.387724e-16 -1 3.97521e-16 1.387724e-16 -1 3.97521e-16 1.387724e-16 -1</float_array>
                    <technique_common>
                        <accessor count="13" source="#ID28" stride="3">
                            <param name="X" type="float" />
                            <param name="Y" type="float" />
                            <param name="Z" type="float" />
                        </accessor>
                    </technique_common>
                </source>
                <vertices id="ID26">
                    <input semantic="POSITION" source="#ID24" />
                    <input semantic="NORMAL" source="#ID25" />
                </vertices>
                <polylist count="3" material="Material2">
                    <input offset="0" semantic="VERTEX" source="#ID26" />
                    <vcount>4 5 4</vcount>
                    <p>0 1 2 3 4 5 6 7 8 9 10 11 12</p>
                </polylist>
            </mesh>
        </geometry>
        <geometry id="ID29">
            <mesh>
                <source id="ID30">
                    <float_array id="ID33" count="105">6.366463e-12 -19.68504 -6.902015e-15 25.25798 -19.68504 7.30884e-15 21.32097 -19.68504 2.89124 25.25798 -19.68504 5.78248 21.32097 -19.68504 8.67372 25.25798 -19.68504 11.56496 21.32097 -19.68504 14.4562 25.25798 -19.68504 17.34744 21.32097 -19.68504 20.23868 25.25798 -19.68504 23.12992 21.32097 -19.68504 26.02116 25.25798 -19.68504 28.9124 21.32097 -19.68504 31.80364 25.25798 -19.68504 34.69488 21.32097 -19.68504 37.58612 25.25798 -19.68504 40.47736 21.32097 -19.68504 43.3686 25.25798 -19.68504 46.25984 21.32097 -19.68504 49.15108 25.25798 -19.68504 52.04232 21.32097 -19.68504 54.93356 25.25798 -19.68504 57.8248 21.32097 -19.68504 60.71604 25.25798 -19.68504 63.60728 21.32097 -19.68504 66.49852 25.25798 -19.68504 69.38976 21.32097 -19.68504 72.281 25.25798 -19.68504 75.17224 21.32097 -19.68504 78.06348 25.25798 -19.68504 80.95472 21.32097 -19.68504 83.84596 25.25798 -19.68504 86.7372 21.32097 -19.68504 89.62844 25.25798 -19.68504 92.51969 6.366463e-12 -19.68504 92.51969</float_array>
                    <technique_common>
                        <accessor count="35" source="#ID33" stride="3">
                            <param name="X" type="float" />
                            <param name="Y" type="float" />
                            <param name="Z" type="float" />
                        </accessor>
                    </technique_common>
                </source>
                <source id="ID31">
                    <float_array id="ID34" count="105">2.96328e-14 -1 -4.488714e-16 2.96328e-14 -1 -4.488714e-16 2.96328e-14 -1 -4.488714e-16 2.96328e-14 -1 -4.488714e-16 2.96328e-14 -1 -4.488714e-16 2.96328e-14 -1 -4.488714e-16 2.96328e-14 -1 -4.488714e-16 2.96328e-14 -1 -4.488714e-16 2.96328e-14 -1 -4.488714e-16 2.96328e-14 -1 -4.488714e-16 2.96328e-14 -1 -4.488714e-16 2.96328e-14 -1 -4.488714e-16 2.96328e-14 -1 -4.488714e-16 2.96328e-14 -1 -4.488714e-16 2.96328e-14 -1 -4.488714e-16 2.96328e-14 -1 -4.488714e-16 2.96328e-14 -1 -4.488714e-16 2.96328e-14 -1 -4.488714e-16 2.96328e-14 -1 -4.488714e-16 2.96328e-14 -1 -4.488714e-16 2.96328e-14 -1 -4.488714e-16 2.96328e-14 -1 -4.488714e-16 2.96328e-14 -1 -4.488714e-16 2.96328e-14 -1 -4.488714e-16 2.96328e-14 -1 -4.488714e-16 2.96328e-14 -1 -4.488714e-16 2.96328e-14 -1 -4.488714e-16 2.96328e-14 -1 -4.488714e-16 2.96328e-14 -1 -4.488714e-16 2.96328e-14 -1 -4.488714e-16 2.96328e-14 -1 -4.488714e-16 2.96328e-14 -1 -4.488714e-16 2.96328e-14 -1 -4.488714e-16 2.96328e-14 -1 -4.488714e-16 2.96328e-14 -1 -4.488714e-16</float_array>
                    <technique_common>
                        <accessor count="35" source="#ID34" stride="3">
                            <param name="X" type="float" />
                            <param name="Y" type="float" />
                            <param name="Z" type="float" />
                        </accessor>
                    </technique_common>
                </source>
                <vertices id="ID32">
                    <input semantic="POSITION" source="#ID30" />
                    <input semantic="NORMAL" source="#ID31" />
                </vertices>
                <polylist count="1" material="Material2">
                    <input offset="0" semantic="VERTEX" source="#ID32" />
                    <vcount>35</vcount>
                    <p>0 1 2 3 4 5 6 7 8 9 10 11 12 13 14 15 16 17 18 19 20 21 22 23 24 25 26 27 28 29 30 31 32 33 34</p>
                </polylist>
            </mesh>
        </geometry>
        <geometry id="ID35">
            <mesh>
                <source id="ID36">
                    <float_array id="ID39" count="36">25.25798 2.910383e-11 34.69488 22.88934 3.02407e-11 32.95541 9.53416 1.682565e-11 46.25762 22.95943 3.183231e-11 59.51281 25.25798 2.910383e-11 57.8248 21.32097 2.705747e-11 54.93356 25.25798 2.910383e-11 52.04232 21.32097 2.705747e-11 49.15108 25.25798 2.910383e-11 46.25984 21.32097 2.819434e-11 43.3686 25.25798 2.910383e-11 40.47736 21.32097 2.705747e-11 37.58612</float_array>
                    <technique_common>
                        <accessor count="12" source="#ID39" stride="3">
                            <param name="X" type="float" />
                            <param name="Y" type="float" />
                            <param name="Z" type="float" />
                        </accessor>
                    </technique_common>
                </source>
                <source id="ID37">
                    <float_array id="ID40" count="36">-7.816157e-13 1 -2.475239e-14 -7.816157e-13 1 -2.475239e-14 -7.816157e-13 1 -2.475239e-14 -7.816157e-13 1 -2.475239e-14 -7.816157e-13 1 -2.475239e-14 -7.816157e-13 1 -2.475239e-14 -7.816157e-13 1 -2.475239e-14 -7.816157e-13 1 -2.475239e-14 -7.816157e-13 1 -2.475239e-14 -7.816157e-13 1 -2.475239e-14 -7.816157e-13 1 -2.475239e-14 -7.816157e-13 1 -2.475239e-14</float_array>
                    <technique_common>
                        <accessor count="12" source="#ID40" stride="3">
                            <param name="X" type="float" />
                            <param name="Y" type="float" />
                            <param name="Z" type="float" />
                        </accessor>
                    </technique_common>
                </source>
                <vertices id="ID38">
                    <input semantic="POSITION" source="#ID36" />
                    <input semantic="NORMAL" source="#ID37" />
                </vertices>
                <polylist count="1" material="Material2">
                    <input offset="0" semantic="VERTEX" source="#ID38" />
                    <vcount>12</vcount>
                    <p>0 1 2 3 4 5 6 7 8 9 10 11</p>
                </polylist>
            </mesh>
        </geometry>
        <geometry id="ID41">
            <mesh>
                <source id="ID42">
                    <float_array id="ID45" count="18">22.3104 3.092282e-11 59.98944 22.95943 3.183231e-11 59.51281 9.53416 1.682565e-11 46.25762 22.88934 3.02407e-11 32.95541 22.24709 2.819434e-11 32.48376 8.416157 1.477929e-11 46.25984</float_array>
                    <technique_common>
                        <accessor count="6" source="#ID45" stride="3">
                            <param name="X" type="float" />
                            <param name="Y" type="float" />
                            <param name="Z" type="float" />
                        </accessor>
                    </technique_common>
                </source>
                <source id="ID43">
                    <float_array id="ID46" count="18">-1.052672e-12 1 -7.622638e-14 -1.052672e-12 1 -7.622638e-14 -1.052672e-12 1 -7.622638e-14 -1.052672e-12 1 -7.622638e-14 -1.052672e-12 1 -7.622638e-14 -1.052672e-12 1 -7.622638e-14</float_array>
                    <technique_common>
                        <accessor count="6" source="#ID46" stride="3">
                            <param name="X" type="float" />
                            <param name="Y" type="float" />
                            <param name="Z" type="float" />
                        </accessor>
                    </technique_common>
                </source>
                <vertices id="ID44">
                    <input semantic="POSITION" source="#ID42" />
                    <input semantic="NORMAL" source="#ID43" />
                </vertices>
                <polylist count="1" material="Material2">
                    <input offset="0" semantic="VERTEX" source="#ID44" />
                    <vcount>6</vcount>
                    <p>0 1 2 3 4 5</p>
                </polylist>
            </mesh>
        </geometry>
        <geometry id="ID48">
            <mesh>
                <source id="ID49">
                    <float_array id="ID52" count="192">7.958079e-12 2.273737e-13 31.80364 0.5432584 1.364242e-12 32.2026 1.968504 3.865352e-12 30.783 17.38397 2.364686e-11 46.25984 1.968504 1.682565e-11 61.61417 0.6078562 5.911716e-12 60.26965 1.591616e-11 2.273737e-13 60.71604 3.937008 2.273737e-12 63.60728 1.750777e-11 1.136868e-12 66.49852 3.937008 2.273737e-12 69.38976 1.909939e-11 0 72.281 3.937008 2.273737e-12 75.17224 2.0691e-11 0 78.06348 3.937008 2.273737e-12 80.95472 2.228262e-11 0 83.84596 3.937008 2.273737e-12 86.7372 2.387424e-11 1.136868e-12 89.62844 3.937008 3.183231e-12 92.51969 25.25798 2.978595e-11 92.51969 25.25798 3.001333e-11 69.38976 25.25798 2.978595e-11 0 3.937008 3.183231e-12 5.89806e-15 0 2.273737e-13 2.89124 3.937008 2.273737e-12 5.78248 1.591616e-12 0 8.67372 3.937008 2.273737e-12 11.56496 3.183231e-12 0 14.4562 3.937008 2.273737e-12 17.34744 4.774847e-12 1.136868e-12 20.23868 3.937008 2.273737e-12 23.12992 6.366463e-12 0 26.02116 3.937008 2.273737e-12 28.9124 3.937008 2.273737e-12 28.9124 6.366463e-12 0 26.02116 3.937008 2.273737e-12 23.12992 4.774847e-12 1.136868e-12 20.23868 3.937008 2.273737e-12 17.34744 3.183231e-12 0 14.4562 3.937008 2.273737e-12 11.56496 1.591616e-12 0 8.67372 3.937008 2.273737e-12 5.78248 0 2.273737e-13 2.89124 3.937008 3.183231e-12 5.89806e-15 25.25798 2.978595e-11 0 25.25798 3.001333e-11 69.38976 25.25798 2.978595e-11 92.51969 3.937008 3.183231e-12 92.51969 2.387424e-11 1.136868e-12 89.62844 3.937008 2.273737e-12 86.7372 2.228262e-11 0 83.84596 3.937008 2.273737e-12 80.95472 2.0691e-11 0 78.06348 3.937008 2.273737e-12 75.17224 1.909939e-11 0 72.281 3.937008 2.273737e-12 69.38976 1.750777e-11 1.136868e-12 66.49852 3.937008 2.273737e-12 63.60728 1.591616e-11 2.273737e-13 60.71604 0.6078562 5.911716e-12 60.26965 1.968504 1.682565e-11 61.61417 17.38397 2.364686e-11 46.25984 1.968504 3.865352e-12 30.783 0.5432584 1.364242e-12 32.2026 7.958079e-12 2.273737e-13 31.80364</float_array>
                    <technique_common>
                        <accessor count="64" source="#ID52" stride="3">
                            <param name="X" type="float" />
                            <param name="Y" type="float" />
                            <param name="Z" type="float" />
                        </accessor>
                    </technique_common>
                </source>
                <source id="ID50">
                    <float_array id="ID53" count="192">-1.160731e-12 1 -1.013654e-14 -1.160731e-12 1 -1.013654e-14 -1.160731e-12 1 -1.013654e-14 -1.160731e-12 1 -1.013654e-14 -1.160731e-12 1 -1.013654e-14 -1.160731e-12 1 -1.013654e-14 -1.160731e-12 1 -1.013654e-14 -1.160731e-12 1 -1.013654e-14 -1.160731e-12 1 -1.013654e-14 -1.160731e-12 1 -1.013654e-14 -1.160731e-12 1 -1.013654e-14 -1.160731e-12 1 -1.013654e-14 -1.160731e-12 1 -1.013654e-14 -1.160731e-12 1 -1.013654e-14 -1.160731e-12 1 -1.013654e-14 -1.160731e-12 1 -1.013654e-14 -1.160731e-12 1 -1.013654e-14 -1.160731e-12 1 -1.013654e-14 -1.160731e-12 1 -1.013654e-14 -1.160731e-12 1 -1.013654e-14 -1.160731e-12 1 -1.013654e-14 -1.160731e-12 1 -1.013654e-14 -1.160731e-12 1 -1.013654e-14 -1.160731e-12 1 -1.013654e-14 -1.160731e-12 1 -1.013654e-14 -1.160731e-12 1 -1.013654e-14 -1.160731e-12 1 -1.013654e-14 -1.160731e-12 1 -1.013654e-14 -1.160731e-12 1 -1.013654e-14 -1.160731e-12 1 -1.013654e-14 -1.160731e-12 1 -1.013654e-14 -1.160731e-12 1 -1.013654e-14 1.160731e-12 -1 1.013654e-14 1.160731e-12 -1 1.013654e-14 1.160731e-12 -1 1.013654e-14 1.160731e-12 -1 1.013654e-14 1.160731e-12 -1 1.013654e-14 1.160731e-12 -1 1.013654e-14 1.160731e-12 -1 1.013654e-14 1.160731e-12 -1 1.013654e-14 1.160731e-12 -1 1.013654e-14 1.160731e-12 -1 1.013654e-14 1.160731e-12 -1 1.013654e-14 1.160731e-12 -1 1.013654e-14 1.160731e-12 -1 1.013654e-14 1.160731e-12 -1 1.013654e-14 1.160731e-12 -1 1.013654e-14 1.160731e-12 -1 1.013654e-14 1.160731e-12 -1 1.013654e-14 1.160731e-12 -1 1.013654e-14 1.160731e-12 -1 1.013654e-14 1.160731e-12 -1 1.013654e-14 1.160731e-12 -1 1.013654e-14 1.160731e-12 -1 1.013654e-14 1.160731e-12 -1 1.013654e-14 1.160731e-12 -1 1.013654e-14 1.160731e-12 -1 1.013654e-14 1.160731e-12 -1 1.013654e-14 1.160731e-12 -1 1.013654e-14 1.160731e-12 -1 1.013654e-14 1.160731e-12 -1 1.013654e-14 1.160731e-12 -1 1.013654e-14 1.160731e-12 -1 1.013654e-14 1.160731e-12 -1 1.013654e-14</float_array>
                    <technique_common>
                        <accessor count="64" source="#ID53" stride="3">
                            <param name="X" type="float" />
                            <param name="Y" type="float" />
                            <param name="Z" type="float" />
                        </accessor>
                    </technique_common>
                </source>
                <vertices id="ID51">
                    <input semantic="POSITION" source="#ID49" />
                    <input semantic="NORMAL" source="#ID50" />
                </vertices>
                <polylist count="2" material="Material2">
                    <input offset="0" semantic="VERTEX" source="#ID51" />
                    <vcount>32 32</vcount>
                    <p>0 1 2 3 4 5 6 7 8 9 10 11 12 13 14 15 16 17 18 19 20 21 22 23 24 25 26 27 28 29 30 31 32 33 34 35 36 37 38 39 40 41 42 43 44 45 46 47 48 49 50 51 52 53 54 55 56 57 58 59 60 61 62 63</p>
                </polylist>
            </mesh>
        </geometry>
        <geometry id="ID54">
            <mesh>
                <source id="ID55">
                    <float_array id="ID58" count="2520">3.937008 2.273737e-12 86.7372 2.387424e-11 1.136868e-12 89.62844 3.342393e-11 -19.68504 89.62844 3.937008 -19.68504 86.7372 3.937008 -19.68504 86.7372 3.342393e-11 -19.68504 89.62844 2.387424e-11 1.136868e-12 89.62844 3.937008 2.273737e-12 86.7372 1.591616e-11 2.273737e-13 60.71604 0.6078562 5.911716e-12 60.26965 0.3242842 7.503331e-12 59.98944 -0.6651368 -2.273737e-13 60.71604 3.271871 1.818989e-12 63.60728 -0.6651368 6.82121e-13 66.49852 3.271871 1.818989e-12 69.38976 -0.6651368 -4.547474e-13 72.281 3.271871 1.818989e-12 75.17224 -0.6651368 -4.547474e-13 78.06348 3.271871 1.818989e-12 80.95472 -0.6651368 -4.547474e-13 83.84596 3.271871 1.818989e-12 86.7372 -0.6651368 6.82121e-13 89.62844 3.271871 1.591616e-12 92.51969 3.937008 3.183231e-12 92.51969 2.387424e-11 1.136868e-12 89.62844 3.937008 2.273737e-12 86.7372 2.228262e-11 0 83.84596 3.937008 2.273737e-12 80.95472 2.0691e-11 0 78.06348 3.937008 2.273737e-12 75.17224 1.909939e-11 0 72.281 3.937008 2.273737e-12 69.38976 1.750777e-11 1.136868e-12 66.49852 3.937008 2.273737e-12 63.60728 3.937008 2.273737e-12 63.60728 1.750777e-11 1.136868e-12 66.49852 3.937008 2.273737e-12 69.38976 1.909939e-11 0 72.281 3.937008 2.273737e-12 75.17224 2.0691e-11 0 78.06348 3.937008 2.273737e-12 80.95472 2.228262e-11 0 83.84596 3.937008 2.273737e-12 86.7372 2.387424e-11 1.136868e-12 89.62844 3.937008 3.183231e-12 92.51969 3.271871 1.591616e-12 92.51969 -0.6651368 6.82121e-13 89.62844 3.271871 1.818989e-12 86.7372 -0.6651368 -4.547474e-13 83.84596 3.271871 1.818989e-12 80.95472 -0.6651368 -4.547474e-13 78.06348 3.271871 1.818989e-12 75.17224 -0.6651368 -4.547474e-13 72.281 3.271871 1.818989e-12 69.38976 -0.6651368 6.82121e-13 66.49852 3.271871 1.818989e-12 63.60728 -0.6651368 -2.273737e-13 60.71604 0.3242842 7.503331e-12 59.98944 0.6078562 5.911716e-12 60.26965 1.591616e-11 2.273737e-13 60.71604 2.387424e-11 1.136868e-12 89.62844 3.937008 3.183231e-12 92.51969 3.937008 -19.68504 92.51969 3.342393e-11 -19.68504 89.62844 3.342393e-11 -19.68504 89.62844 3.937008 -19.68504 92.51969 3.937008 3.183231e-12 92.51969 2.387424e-11 1.136868e-12 89.62844 -0.6651368 -19.68504 72.281 3.271871 -19.68504 69.38976 3.937008 -19.68504 69.38976 2.864908e-11 -19.68504 72.281 3.937008 -19.68504 75.17224 3.02407e-11 -19.68504 78.06348 3.937008 -19.68504 80.95472 3.183231e-11 -19.68504 83.84596 3.937008 -19.68504 86.7372 3.342393e-11 -19.68504 89.62844 3.937008 -19.68504 92.51969 3.271871 -19.68504 92.51969 -0.6651368 -19.68504 89.62844 3.271871 -19.68504 86.7372 -0.6651368 -19.68504 83.84596 3.271871 -19.68504 80.95472 -0.6651368 -19.68504 78.06348 3.271871 -19.68504 75.17224 3.271871 -19.68504 75.17224 -0.6651368 -19.68504 78.06348 3.271871 -19.68504 80.95472 -0.6651368 -19.68504 83.84596 3.271871 -19.68504 86.7372 -0.6651368 -19.68504 89.62844 3.271871 -19.68504 92.51969 3.937008 -19.68504 92.51969 3.342393e-11 -19.68504 89.62844 3.937008 -19.68504 86.7372 3.183231e-11 -19.68504 83.84596 3.937008 -19.68504 80.95472 3.02407e-11 -19.68504 78.06348 3.937008 -19.68504 75.17224 2.864908e-11 -19.68504 72.281 3.937008 -19.68504 69.38976 3.271871 -19.68504 69.38976 -0.6651368 -19.68504 72.281 2.228262e-11 0 83.84596 3.937008 2.273737e-12 86.7372 3.937008 -19.68504 86.7372 3.183231e-11 -19.68504 83.84596 3.183231e-11 -19.68504 83.84596 3.937008 -19.68504 86.7372 3.937008 2.273737e-12 86.7372 2.228262e-11 0 83.84596 3.937008 2.273737e-12 57.8248 1.257022 5.911716e-12 59.79292 0.6078562 5.911716e-12 60.26965 1.591616e-11 2.273737e-13 60.71604 2.546585e-11 -19.68504 60.71604 3.937008 -19.68504 57.8248 3.937008 -19.68504 57.8248 2.546585e-11 -19.68504 60.71604 1.591616e-11 2.273737e-13 60.71604 0.6078562 5.911716e-12 60.26965 1.257022 5.911716e-12 59.79292 3.937008 2.273737e-12 57.8248 0.9760327 8.412826e-12 59.51081 0.3242842 7.503331e-12 59.98944 0.6078562 5.911716e-12 60.26965 1.257022 5.911716e-12 59.79292 1.257022 5.911716e-12 59.79292 0.6078562 5.911716e-12 60.26965 0.3242842 7.503331e-12 59.98944 0.9760327 8.412826e-12 59.51081 -0.6651368 -2.273737e-13 60.71604 0.3242842 7.503331e-12 59.98944 0.9760327 8.412826e-12 59.51081 3.271871 1.818989e-12 57.8248 3.271871 -19.68504 57.8248 -0.6651368 -19.68504 60.71604 -0.6651368 -19.68504 60.71604 3.271871 -19.68504 57.8248 3.271871 1.818989e-12 57.8248 0.9760327 8.412826e-12 59.51081 0.3242842 7.503331e-12 59.98944 -0.6651368 -2.273737e-13 60.71604 3.271871 1.818989e-12 63.60728 -0.6651368 -2.273737e-13 60.71604 -0.6651368 -19.68504 60.71604 3.271871 -19.68504 63.60728 3.271871 -19.68504 63.60728 -0.6651368 -19.68504 60.71604 -0.6651368 -2.273737e-13 60.71604 3.271871 1.818989e-12 63.60728 -0.6651368 6.82121e-13 66.49852 3.271871 1.818989e-12 63.60728 3.271871 -19.68504 63.60728 -0.6651368 -19.68504 66.49852 -0.6651368 -19.68504 66.49852 3.271871 -19.68504 63.60728 3.271871 1.818989e-12 63.60728 -0.6651368 6.82121e-13 66.49852 3.271871 1.818989e-12 69.38976 -0.6651368 6.82121e-13 66.49852 -0.6651368 -19.68504 66.49852 3.271871 -19.68504 69.38976 3.271871 -19.68504 69.38976 -0.6651368 -19.68504 66.49852 -0.6651368 6.82121e-13 66.49852 3.271871 1.818989e-12 69.38976 -0.6651368 -4.547474e-13 72.281 3.271871 1.818989e-12 69.38976 3.271871 -19.68504 69.38976 -0.6651368 -19.68504 72.281 -0.6651368 -19.68504 72.281 3.271871 -19.68504 69.38976 3.271871 1.818989e-12 69.38976 -0.6651368 -4.547474e-13 72.281 3.271871 1.818989e-12 75.17224 -0.6651368 -4.547474e-13 72.281 -0.6651368 -19.68504 72.281 3.271871 -19.68504 75.17224 3.271871 -19.68504 75.17224 -0.6651368 -19.68504 72.281 -0.6651368 -4.547474e-13 72.281 3.271871 1.818989e-12 75.17224 -0.6651368 -4.547474e-13 78.06348 3.271871 1.818989e-12 75.17224 3.271871 -19.68504 75.17224 -0.6651368 -19.68504 78.06348 -0.6651368 -19.68504 78.06348 3.271871 -19.68504 75.17224 3.271871 1.818989e-12 75.17224 -0.6651368 -4.547474e-13 78.06348 3.271871 1.818989e-12 80.95472 -0.6651368 -4.547474e-13 78.06348 -0.6651368 -19.68504 78.06348 3.271871 -19.68504 80.95472 3.271871 -19.68504 80.95472 -0.6651368 -19.68504 78.06348 -0.6651368 -4.547474e-13 78.06348 3.271871 1.818989e-12 80.95472 -0.6651368 -4.547474e-13 83.84596 3.271871 1.818989e-12 80.95472 3.271871 -19.68504 80.95472 -0.6651368 -19.68504 83.84596 -0.6651368 -19.68504 83.84596 3.271871 -19.68504 80.95472 3.271871 1.818989e-12 80.95472 -0.6651368 -4.547474e-13 83.84596 3.271871 1.818989e-12 86.7372 -0.6651368 -4.547474e-13 83.84596 -0.6651368 -19.68504 83.84596 3.271871 -19.68504 86.7372 3.271871 -19.68504 86.7372 -0.6651368 -19.68504 83.84596 -0.6651368 -4.547474e-13 83.84596 3.271871 1.818989e-12 86.7372 -0.6651368 6.82121e-13 89.62844 3.271871 1.818989e-12 86.7372 3.271871 -19.68504 86.7372 -0.6651368 -19.68504 89.62844 -0.6651368 -19.68504 89.62844 3.271871 -19.68504 86.7372 3.271871 1.818989e-12 86.7372 -0.6651368 6.82121e-13 89.62844 3.271871 1.591616e-12 92.51969 -0.6651368 6.82121e-13 89.62844 -0.6651368 -19.68504 89.62844 3.271871 -19.68504 92.51969 3.271871 -19.68504 92.51969 -0.6651368 -19.68504 89.62844 -0.6651368 6.82121e-13 89.62844 3.271871 1.591616e-12 92.51969 3.937008 -19.68504 92.51969 3.937008 3.183231e-12 92.51969 3.271871 1.591616e-12 92.51969 3.271871 -19.68504 92.51969 3.271871 -19.68504 92.51969 3.271871 1.591616e-12 92.51969 3.937008 3.183231e-12 92.51969 3.937008 -19.68504 92.51969 3.937008 2.273737e-12 80.95472 2.228262e-11 0 83.84596 3.183231e-11 -19.68504 83.84596 3.937008 -19.68504 80.95472 3.937008 -19.68504 80.95472 3.183231e-11 -19.68504 83.84596 2.228262e-11 0 83.84596 3.937008 2.273737e-12 80.95472 2.0691e-11 0 78.06348 3.937008 2.273737e-12 80.95472 3.937008 -19.68504 80.95472 3.02407e-11 -19.68504 78.06348 3.02407e-11 -19.68504 78.06348 3.937008 -19.68504 80.95472 3.937008 2.273737e-12 80.95472 2.0691e-11 0 78.06348 3.937008 2.273737e-12 75.17224 2.0691e-11 0 78.06348 3.02407e-11 -19.68504 78.06348 3.937008 -19.68504 75.17224 3.937008 -19.68504 75.17224 3.02407e-11 -19.68504 78.06348 2.0691e-11 0 78.06348 3.937008 2.273737e-12 75.17224 1.909939e-11 0 72.281 3.937008 2.273737e-12 75.17224 3.937008 -19.68504 75.17224 2.864908e-11 -19.68504 72.281 2.864908e-11 -19.68504 72.281 3.937008 -19.68504 75.17224 3.937008 2.273737e-12 75.17224 1.909939e-11 0 72.281 3.937008 2.273737e-12 69.38976 1.909939e-11 0 72.281 2.864908e-11 -19.68504 72.281 3.937008 -19.68504 69.38976 3.937008 -19.68504 69.38976 2.864908e-11 -19.68504 72.281 1.909939e-11 0 72.281 3.937008 2.273737e-12 69.38976 1.750777e-11 1.136868e-12 66.49852 3.937008 2.273737e-12 69.38976 3.937008 -19.68504 69.38976 2.705747e-11 -19.68504 66.49852 2.705747e-11 -19.68504 66.49852 3.937008 -19.68504 69.38976 3.937008 2.273737e-12 69.38976 1.750777e-11 1.136868e-12 66.49852 3.937008 2.273737e-12 63.60728 1.750777e-11 1.136868e-12 66.49852 2.705747e-11 -19.68504 66.49852 3.937008 -19.68504 63.60728 3.937008 -19.68504 63.60728 2.705747e-11 -19.68504 66.49852 1.750777e-11 1.136868e-12 66.49852 3.937008 2.273737e-12 63.60728 1.591616e-11 2.273737e-13 60.71604 3.937008 2.273737e-12 63.60728 3.937008 -19.68504 63.60728 2.546585e-11 -19.68504 60.71604 2.546585e-11 -19.68504 60.71604 3.937008 -19.68504 63.60728 3.937008 2.273737e-12 63.60728 1.591616e-11 2.273737e-13 60.71604 2.705747e-11 -19.68504 66.49852 3.937008 -19.68504 69.38976 3.271871 -19.68504 69.38976 -0.6651368 -19.68504 66.49852 3.271871 -19.68504 63.60728 -0.6651368 -19.68504 60.71604 3.271871 -19.68504 57.8248 -0.6651368 -19.68504 54.93356 3.271871 -19.68504 52.04232 -0.6651368 -19.68504 49.15108 3.271871 -19.68504 46.25984 -0.6651368 -19.68504 43.3686 3.271871 -19.68504 40.47736 -0.6651368 -19.68504 37.58612 3.271871 -19.68504 34.69488 -0.6651368 -19.68504 31.80364 3.271871 -19.68504 28.9124 -0.6651368 -19.68504 26.02116 3.271871 -19.68504 23.12992 3.937008 -19.68504 23.12992 1.591616e-11 -19.68504 26.02116 3.937008 -19.68504 28.9124 1.750777e-11 -19.68504 31.80364 3.937008 -19.68504 34.69488 1.909939e-11 -19.68504 37.58612 3.937008 -19.68504 40.47736 2.0691e-11 -19.68504 43.3686 3.937008 -19.68504 46.25984 2.228262e-11 -19.68504 49.15108 3.937008 -19.68504 52.04232 2.387424e-11 -19.68504 54.93356 3.937008 -19.68504 57.8248 2.546585e-11 -19.68504 60.71604 3.937008 -19.68504 63.60728 3.937008 -19.68504 63.60728 2.546585e-11 -19.68504 60.71604 3.937008 -19.68504 57.8248 2.387424e-11 -19.68504 54.93356 3.937008 -19.68504 52.04232 2.228262e-11 -19.68504 49.15108 3.937008 -19.68504 46.25984 2.0691e-11 -19.68504 43.3686 3.937008 -19.68504 40.47736 1.909939e-11 -19.68504 37.58612 3.937008 -19.68504 34.69488 1.750777e-11 -19.68504 31.80364 3.937008 -19.68504 28.9124 1.591616e-11 -19.68504 26.02116 3.937008 -19.68504 23.12992 3.271871 -19.68504 23.12992 -0.6651368 -19.68504 26.02116 3.271871 -19.68504 28.9124 -0.6651368 -19.68504 31.80364 3.271871 -19.68504 34.69488 -0.6651368 -19.68504 37.58612 3.271871 -19.68504 40.47736 -0.6651368 -19.68504 43.3686 3.271871 -19.68504 46.25984 -0.6651368 -19.68504 49.15108 3.271871 -19.68504 52.04232 -0.6651368 -19.68504 54.93356 3.271871 -19.68504 57.8248 -0.6651368 -19.68504 60.71604 3.271871 -19.68504 63.60728 -0.6651368 -19.68504 66.49852 3.271871 -19.68504 69.38976 3.937008 -19.68504 69.38976 2.705747e-11 -19.68504 66.49852 3.271871 1.818989e-12 57.8248 0.9760327 8.412826e-12 59.51081 1.257022 5.911716e-12 59.79292 3.937008 2.273737e-12 57.8248 1.432454e-11 0 54.93356 3.937008 2.273737e-12 52.04232 1.273293e-11 0 49.15108 3.937008 2.273737e-12 46.25984 1.114131e-11 1.136868e-12 43.3686 3.937008 2.273737e-12 40.47736 9.549694e-12 0 37.58612 3.937008 2.273737e-12 34.69488 1.185504 3.865352e-12 32.67425 0.9032243 6.366463e-12 32.95541 3.271871 1.818989e-12 34.69488 -0.6651368 -2.273737e-13 37.58612 3.271871 1.818989e-12 40.47736 -0.6651368 6.82121e-13 43.3686 3.271871 1.818989e-12 46.25984 -0.6651368 -2.273737e-13 49.15108 3.271871 1.818989e-12 52.04232 -0.6651368 -2.273737e-13 54.93356 -0.6651368 -2.273737e-13 54.93356 3.271871 1.818989e-12 52.04232 -0.6651368 -2.273737e-13 49.15108 3.271871 1.818989e-12 46.25984 -0.6651368 6.82121e-13 43.3686 3.271871 1.818989e-12 40.47736 -0.6651368 -2.273737e-13 37.58612 3.271871 1.818989e-12 34.69488 0.9032243 6.366463e-12 32.95541 1.185504 3.865352e-12 32.67425 3.937008 2.273737e-12 34.69488 9.549694e-12 0 37.58612 3.937008 2.273737e-12 40.47736 1.114131e-11 1.136868e-12 43.3686 3.937008 2.273737e-12 46.25984 1.273293e-11 0 49.15108 3.937008 2.273737e-12 52.04232 1.432454e-11 0 54.93356 3.937008 2.273737e-12 57.8248 1.257022 5.911716e-12 59.79292 0.9760327 8.412826e-12 59.51081 3.271871 1.818989e-12 57.8248 1.432454e-11 0 54.93356 3.937008 2.273737e-12 57.8248 3.937008 -19.68504 57.8248 2.387424e-11 -19.68504 54.93356 2.387424e-11 -19.68504 54.93356 3.937008 -19.68504 57.8248 3.937008 2.273737e-12 57.8248 1.432454e-11 0 54.93356 3.271871 1.818989e-12 57.8248 -0.6651368 -2.273737e-13 54.93356 -0.6651368 -19.68504 54.93356 3.271871 -19.68504 57.8248 3.271871 -19.68504 57.8248 -0.6651368 -19.68504 54.93356 -0.6651368 -2.273737e-13 54.93356 3.271871 1.818989e-12 57.8248 -0.6651368 -2.273737e-13 54.93356 3.271871 1.818989e-12 52.04232 3.271871 -19.68504 52.04232 -0.6651368 -19.68504 54.93356 -0.6651368 -19.68504 54.93356 3.271871 -19.68504 52.04232 3.271871 1.818989e-12 52.04232 -0.6651368 -2.273737e-13 54.93356 3.271871 1.818989e-12 52.04232 -0.6651368 -2.273737e-13 49.15108 -0.6651368 -19.68504 49.15108 3.271871 -19.68504 52.04232 3.271871 -19.68504 52.04232 -0.6651368 -19.68504 49.15108 -0.6651368 -2.273737e-13 49.15108 3.271871 1.818989e-12 52.04232 -0.6651368 -2.273737e-13 49.15108 3.271871 1.818989e-12 46.25984 3.271871 -19.68504 46.25984 -0.6651368 -19.68504 49.15108 -0.6651368 -19.68504 49.15108 3.271871 -19.68504 46.25984 3.271871 1.818989e-12 46.25984 -0.6651368 -2.273737e-13 49.15108 3.271871 1.818989e-12 46.25984 -0.6651368 6.82121e-13 43.3686 -0.6651368 -19.68504 43.3686 3.271871 -19.68504 46.25984 3.271871 -19.68504 46.25984 -0.6651368 -19.68504 43.3686 -0.6651368 6.82121e-13 43.3686 3.271871 1.818989e-12 46.25984 -0.6651368 6.82121e-13 43.3686 3.271871 1.818989e-12 40.47736 3.271871 -19.68504 40.47736 -0.6651368 -19.68504 43.3686 -0.6651368 -19.68504 43.3686 3.271871 -19.68504 40.47736 3.271871 1.818989e-12 40.47736 -0.6651368 6.82121e-13 43.3686 3.271871 1.818989e-12 40.47736 -0.6651368 -2.273737e-13 37.58612 -0.6651368 -19.68504 37.58612 3.271871 -19.68504 40.47736 3.271871 -19.68504 40.47736 -0.6651368 -19.68504 37.58612 -0.6651368 -2.273737e-13 37.58612 3.271871 1.818989e-12 40.47736 -0.6651368 -2.273737e-13 37.58612 3.271871 1.818989e-12 34.69488 3.271871 -19.68504 34.69488 -0.6651368 -19.68504 37.58612 -0.6651368 -19.68504 37.58612 3.271871 -19.68504 34.69488 3.271871 1.818989e-12 34.69488 -0.6651368 -2.273737e-13 37.58612 3.271871 1.818989e-12 34.69488 0.9032243 6.366463e-12 32.95541 0.2609785 1.591616e-12 32.48376 -0.6651368 -2.273737e-13 31.80364 -0.6651368 -19.68504 31.80364 3.271871 -19.68504 34.69488 3.271871 -19.68504 34.69488 -0.6651368 -19.68504 31.80364 -0.6651368 -2.273737e-13 31.80364 0.2609785 1.591616e-12 32.48376 0.9032243 6.366463e-12 32.95541 3.271871 1.818989e-12 34.69488 -0.6651368 -2.273737e-13 31.80364 3.271871 1.818989e-12 28.9124 3.271871 -19.68504 28.9124 -0.6651368 -19.68504 31.80364 -0.6651368 -19.68504 31.80364 3.271871 -19.68504 28.9124 3.271871 1.818989e-12 28.9124 -0.6651368 -2.273737e-13 31.80364 3.271871 1.818989e-12 28.9124 -0.6651368 -2.273737e-13 26.02116 -0.6651368 -19.68504 26.02116 3.271871 -19.68504 28.9124 3.271871 -19.68504 28.9124 -0.6651368 -19.68504 26.02116 -0.6651368 -2.273737e-13 26.02116 3.271871 1.818989e-12 28.9124 -0.6651368 -2.273737e-13 26.02116 3.271871 1.818989e-12 23.12992 3.271871 -19.68504 23.12992 -0.6651368 -19.68504 26.02116 -0.6651368 -19.68504 26.02116 3.271871 -19.68504 23.12992 3.271871 1.818989e-12 23.12992 -0.6651368 -2.273737e-13 26.02116 1.432454e-11 -19.68504 20.23868 3.937008 -19.68504 23.12992 3.271871 -19.68504 23.12992 -0.6651368 -19.68504 20.23868 3.271871 -19.68504 17.34744 -0.6651368 -19.68504 14.4562 3.271871 -19.68504 11.56496 -0.6651368 -19.68504 8.67372 3.271871 -19.68504 5.78248 -0.6651368 -19.68504 2.89124 3.271871 -19.68504 2.151969e-14 3.937008 -19.68504 2.154745e-14 9.549694e-12 -19.68504 2.89124 3.937008 -19.68504 5.78248 1.114131e-11 -19.68504 8.67372 3.937008 -19.68504 11.56496 1.273293e-11 -19.68504 14.4562 3.937008 -19.68504 17.34744 3.937008 -19.68504 17.34744 1.273293e-11 -19.68504 14.4562 3.937008 -19.68504 11.56496 1.114131e-11 -19.68504 8.67372 3.937008 -19.68504 5.78248 9.549694e-12 -19.68504 2.89124 3.937008 -19.68504 2.154745e-14 3.271871 -19.68504 2.151969e-14 -0.6651368 -19.68504 2.89124 3.271871 -19.68504 5.78248 -0.6651368 -19.68504 8.67372 3.271871 -19.68504 11.56496 -0.6651368 -19.68504 14.4562 3.271871 -19.68504 17.34744 -0.6651368 -19.68504 20.23868 3.271871 -19.68504 23.12992 3.937008 -19.68504 23.12992 1.432454e-11 -19.68504 20.23868 3.937008 2.273737e-12 23.12992 6.366463e-12 0 26.02116 1.591616e-11 -19.68504 26.02116 3.937008 -19.68504 23.12992 3.937008 -19.68504 23.12992 1.591616e-11 -19.68504 26.02116 6.366463e-12 0 26.02116 3.937008 2.273737e-12 23.12992 6.366463e-12 0 26.02116 3.937008 2.273737e-12 28.9124 3.937008 -19.68504 28.9124 1.591616e-11 -19.68504 26.02116 1.591616e-11 -19.68504 26.02116 3.937008 -19.68504 28.9124 3.937008 2.273737e-12 28.9124 6.366463e-12 0 26.02116 3.937008 2.273737e-12 28.9124 7.958079e-12 2.273737e-13 31.80364 1.750777e-11 -19.68504 31.80364 3.937008 -19.68504 28.9124 3.937008 -19.68504 28.9124 1.750777e-11 -19.68504 31.80364 7.958079e-12 2.273737e-13 31.80364 3.937008 2.273737e-12 28.9124 7.958079e-12 2.273737e-13 31.80364 0.5432584 1.364242e-12 32.2026 1.185504 3.865352e-12 32.67425 3.937008 2.273737e-12 34.69488 3.937008 -19.68504 34.69488 1.750777e-11 -19.68504 31.80364 1.750777e-11 -19.68504 31.80364 3.937008 -19.68504 34.69488 3.937008 2.273737e-12 34.69488 1.185504 3.865352e-12 32.67425 0.5432584 1.364242e-12 32.2026 7.958079e-12 2.273737e-13 31.80364 3.937008 2.273737e-12 34.69488 9.549694e-12 0 37.58612 1.909939e-11 -19.68504 37.58612 3.937008 -19.68504 34.69488 3.937008 -19.68504 34.69488 1.909939e-11 -19.68504 37.58612 9.549694e-12 0 37.58612 3.937008 2.273737e-12 34.69488 9.549694e-12 0 37.58612 3.937008 2.273737e-12 40.47736 3.937008 -19.68504 40.47736 1.909939e-11 -19.68504 37.58612 1.909939e-11 -19.68504 37.58612 3.937008 -19.68504 40.47736 3.937008 2.273737e-12 40.47736 9.549694e-12 0 37.58612 3.937008 2.273737e-12 40.47736 1.114131e-11 1.136868e-12 43.3686 2.0691e-11 -19.68504 43.3686 3.937008 -19.68504 40.47736 3.937008 -19.68504 40.47736 2.0691e-11 -19.68504 43.3686 1.114131e-11 1.136868e-12 43.3686 3.937008 2.273737e-12 40.47736 1.114131e-11 1.136868e-12 43.3686 3.937008 2.273737e-12 46.25984 3.937008 -19.68504 46.25984 2.0691e-11 -19.68504 43.3686 2.0691e-11 -19.68504 43.3686 3.937008 -19.68504 46.25984 3.937008 2.273737e-12 46.25984 1.114131e-11 1.136868e-12 43.3686 3.937008 2.273737e-12 46.25984 1.273293e-11 0 49.15108 2.228262e-11 -19.68504 49.15108 3.937008 -19.68504 46.25984 3.937008 -19.68504 46.25984 2.228262e-11 -19.68504 49.15108 1.273293e-11 0 49.15108 3.937008 2.273737e-12 46.25984 1.273293e-11 0 49.15108 3.937008 2.273737e-12 52.04232 3.937008 -19.68504 52.04232 2.228262e-11 -19.68504 49.15108 2.228262e-11 -19.68504 49.15108 3.937008 -19.68504 52.04232 3.937008 2.273737e-12 52.04232 1.273293e-11 0 49.15108 3.937008 2.273737e-12 52.04232 1.432454e-11 0 54.93356 2.387424e-11 -19.68504 54.93356 3.937008 -19.68504 52.04232 3.937008 -19.68504 52.04232 2.387424e-11 -19.68504 54.93356 1.432454e-11 0 54.93356 3.937008 2.273737e-12 52.04232 -0.6651368 -2.273737e-13 31.80364 0.2609785 1.591616e-12 32.48376 0.5432584 1.364242e-12 32.2026 7.958079e-12 2.273737e-13 31.80364 3.937008 2.273737e-12 28.9124 6.366463e-12 0 26.02116 3.937008 2.273737e-12 23.12992 4.774847e-12 1.136868e-12 20.23868 3.937008 2.273737e-12 17.34744 3.183231e-12 0 14.4562 3.937008 2.273737e-12 11.56496 1.591616e-12 0 8.67372 3.937008 2.273737e-12 5.78248 0 2.273737e-13 2.89124 3.937008 3.183231e-12 5.89806e-15 3.271871 2.728484e-12 2.32891e-14 -0.6651368 -2.273737e-13 2.89124 3.271871 1.818989e-12 5.78248 -0.6651368 -2.273737e-13 8.67372 3.271871 1.818989e-12 11.56496 -0.6651368 -2.273737e-13 14.4562 3.271871 1.818989e-12 17.34744 -0.6651368 6.82121e-13 20.23868 3.271871 1.818989e-12 23.12992 -0.6651368 -2.273737e-13 26.02116 3.271871 1.818989e-12 28.9124 3.271871 1.818989e-12 28.9124 -0.6651368 -2.273737e-13 26.02116 3.271871 1.818989e-12 23.12992 -0.6651368 6.82121e-13 20.23868 3.271871 1.818989e-12 17.34744 -0.6651368 -2.273737e-13 14.4562 3.271871 1.818989e-12 11.56496 -0.6651368 -2.273737e-13 8.67372 3.271871 1.818989e-12 5.78248 -0.6651368 -2.273737e-13 2.89124 3.271871 2.728484e-12 2.32891e-14 3.937008 3.183231e-12 5.89806e-15 0 2.273737e-13 2.89124 3.937008 2.273737e-12 5.78248 1.591616e-12 0 8.67372 3.937008 2.273737e-12 11.56496 3.183231e-12 0 14.4562 3.937008 2.273737e-12 17.34744 4.774847e-12 1.136868e-12 20.23868 3.937008 2.273737e-12 23.12992 6.366463e-12 0 26.02116 3.937008 2.273737e-12 28.9124 7.958079e-12 2.273737e-13 31.80364 0.5432584 1.364242e-12 32.2026 0.2609785 1.591616e-12 32.48376 -0.6651368 -2.273737e-13 31.80364 3.271871 1.818989e-12 23.12992 -0.6651368 6.82121e-13 20.23868 -0.6651368 -19.68504 20.23868 3.271871 -19.68504 23.12992 3.271871 -19.68504 23.12992 -0.6651368 -19.68504 20.23868 -0.6651368 6.82121e-13 20.23868 3.271871 1.818989e-12 23.12992 4.774847e-12 1.136868e-12 20.23868 3.937008 2.273737e-12 23.12992 3.937008 -19.68504 23.12992 1.432454e-11 -19.68504 20.23868 1.432454e-11 -19.68504 20.23868 3.937008 -19.68504 23.12992 3.937008 2.273737e-12 23.12992 4.774847e-12 1.136868e-12 20.23868 -0.6651368 6.82121e-13 20.23868 3.271871 1.818989e-12 17.34744 3.271871 -19.68504 17.34744 -0.6651368 -19.68504 20.23868 -0.6651368 -19.68504 20.23868 3.271871 -19.68504 17.34744 3.271871 1.818989e-12 17.34744 -0.6651368 6.82121e-13 20.23868 3.271871 1.818989e-12 17.34744 -0.6651368 -2.273737e-13 14.4562 -0.6651368 -19.68504 14.4562 3.271871 -19.68504 17.34744 3.271871 -19.68504 17.34744 -0.6651368 -19.68504 14.4562 -0.6651368 -2.273737e-13 14.4562 3.271871 1.818989e-12 17.34744 -0.6651368 -2.273737e-13 14.4562 3.271871 1.818989e-12 11.56496 3.271871 -19.68504 11.56496 -0.6651368 -19.68504 14.4562 -0.6651368 -19.68504 14.4562 3.271871 -19.68504 11.56496 3.271871 1.818989e-12 11.56496 -0.6651368 -2.273737e-13 14.4562 3.271871 1.818989e-12 11.56496 -0.6651368 -2.273737e-13 8.67372 -0.6651368 -19.68504 8.67372 3.271871 -19.68504 11.56496 3.271871 -19.68504 11.56496 -0.6651368 -19.68504 8.67372 -0.6651368 -2.273737e-13 8.67372 3.271871 1.818989e-12 11.56496 -0.6651368 -2.273737e-13 8.67372 3.271871 1.818989e-12 5.78248 3.271871 -19.68504 5.78248 -0.6651368 -19.68504 8.67372 -0.6651368 -19.68504 8.67372 3.271871 -19.68504 5.78248 3.271871 1.818989e-12 5.78248 -0.6651368 -2.273737e-13 8.67372 3.271871 1.818989e-12 5.78248 -0.6651368 -2.273737e-13 2.89124 -0.6651368 -19.68504 2.89124 3.271871 -19.68504 5.78248 3.271871 -19.68504 5.78248 -0.6651368 -19.68504 2.89124 -0.6651368 -2.273737e-13 2.89124 3.271871 1.818989e-12 5.78248 -0.6651368 -2.273737e-13 2.89124 3.271871 2.728484e-12 2.32891e-14 3.271871 -19.68504 2.151969e-14 -0.6651368 -19.68504 2.89124 -0.6651368 -19.68504 2.89124 3.271871 -19.68504 2.151969e-14 3.271871 2.728484e-12 2.32891e-14 -0.6651368 -2.273737e-13 2.89124 3.271871 2.728484e-12 2.32891e-14 3.937008 3.183231e-12 5.89806e-15 3.937008 -19.68504 2.154745e-14 3.271871 -19.68504 2.151969e-14 3.271871 -19.68504 2.151969e-14 3.937008 -19.68504 2.154745e-14 3.937008 3.183231e-12 5.89806e-15 3.271871 2.728484e-12 2.32891e-14 3.937008 3.183231e-12 5.89806e-15 0 2.273737e-13 2.89124 9.549694e-12 -19.68504 2.89124 3.937008 -19.68504 2.154745e-14 3.937008 -19.68504 2.154745e-14 9.549694e-12 -19.68504 2.89124 0 2.273737e-13 2.89124 3.937008 3.183231e-12 5.89806e-15 0 2.273737e-13 2.89124 3.937008 2.273737e-12 5.78248 3.937008 -19.68504 5.78248 9.549694e-12 -19.68504 2.89124 9.549694e-12 -19.68504 2.89124 3.937008 -19.68504 5.78248 3.937008 2.273737e-12 5.78248 0 2.273737e-13 2.89124 3.937008 2.273737e-12 5.78248 1.591616e-12 0 8.67372 1.114131e-11 -19.68504 8.67372 3.937008 -19.68504 5.78248 3.937008 -19.68504 5.78248 1.114131e-11 -19.68504 8.67372 1.591616e-12 0 8.67372 3.937008 2.273737e-12 5.78248 1.591616e-12 0 8.67372 3.937008 2.273737e-12 11.56496 3.937008 -19.68504 11.56496 1.114131e-11 -19.68504 8.67372 1.114131e-11 -19.68504 8.67372 3.937008 -19.68504 11.56496 3.937008 2.273737e-12 11.56496 1.591616e-12 0 8.67372 3.937008 2.273737e-12 11.56496 3.183231e-12 0 14.4562 1.273293e-11 -19.68504 14.4562 3.937008 -19.68504 11.56496 3.937008 -19.68504 11.56496 1.273293e-11 -19.68504 14.4562 3.183231e-12 0 14.4562 3.937008 2.273737e-12 11.56496 3.183231e-12 0 14.4562 3.937008 2.273737e-12 17.34744 3.937008 -19.68504 17.34744 1.273293e-11 -19.68504 14.4562 1.273293e-11 -19.68504 14.4562 3.937008 -19.68504 17.34744 3.937008 2.273737e-12 17.34744 3.183231e-12 0 14.4562 3.937008 2.273737e-12 17.34744 4.774847e-12 1.136868e-12 20.23868 1.432454e-11 -19.68504 20.23868 3.937008 -19.68504 17.34744 3.937008 -19.68504 17.34744 1.432454e-11 -19.68504 20.23868 4.774847e-12 1.136868e-12 20.23868 3.937008 2.273737e-12 17.34744</float_array>
                    <technique_common>
                        <accessor count="840" source="#ID58" stride="3">
                            <param name="X" type="float" />
                            <param name="Y" type="float" />
                            <param name="Z" type="float" />
                        </accessor>
                    </technique_common>
                </source>
                <source id="ID56">
                    <float_array id="ID59" count="2520">0.5919095 2.875531e-13 0.8060044 0.5919095 2.875531e-13 0.8060044 0.5919095 2.875531e-13 0.8060044 0.5919095 2.875531e-13 0.8060044 -0.5919095 -2.875531e-13 -0.8060044 -0.5919095 -2.875531e-13 -0.8060044 -0.5919095 -2.875531e-13 -0.8060044 -0.5919095 -2.875531e-13 -0.8060044 -4.167688e-13 1 5.574281e-14 -4.167688e-13 1 5.574281e-14 -4.167688e-13 1 5.574281e-14 -4.167688e-13 1 5.574281e-14 -4.167688e-13 1 5.574281e-14 -4.167688e-13 1 5.574281e-14 -4.167688e-13 1 5.574281e-14 -4.167688e-13 1 5.574281e-14 -4.167688e-13 1 5.574281e-14 -4.167688e-13 1 5.574281e-14 -4.167688e-13 1 5.574281e-14 -4.167688e-13 1 5.574281e-14 -4.167688e-13 1 5.574281e-14 -4.167688e-13 1 5.574281e-14 -4.167688e-13 1 5.574281e-14 -4.167688e-13 1 5.574281e-14 -4.167688e-13 1 5.574281e-14 -4.167688e-13 1 5.574281e-14 -4.167688e-13 1 5.574281e-14 -4.167688e-13 1 5.574281e-14 -4.167688e-13 1 5.574281e-14 -4.167688e-13 1 5.574281e-14 -4.167688e-13 1 5.574281e-14 -4.167688e-13 1 5.574281e-14 -4.167688e-13 1 5.574281e-14 -4.167688e-13 1 5.574281e-14 4.167688e-13 -1 -5.574281e-14 4.167688e-13 -1 -5.574281e-14 4.167688e-13 -1 -5.574281e-14 4.167688e-13 -1 -5.574281e-14 4.167688e-13 -1 -5.574281e-14 4.167688e-13 -1 -5.574281e-14 4.167688e-13 -1 -5.574281e-14 4.167688e-13 -1 -5.574281e-14 4.167688e-13 -1 -5.574281e-14 4.167688e-13 -1 -5.574281e-14 4.167688e-13 -1 -5.574281e-14 4.167688e-13 -1 -5.574281e-14 4.167688e-13 -1 -5.574281e-14 4.167688e-13 -1 -5.574281e-14 4.167688e-13 -1 -5.574281e-14 4.167688e-13 -1 -5.574281e-14 4.167688e-13 -1 -5.574281e-14 4.167688e-13 -1 -5.574281e-14 4.167688e-13 -1 -5.574281e-14 4.167688e-13 -1 -5.574281e-14 4.167688e-13 -1 -5.574281e-14 4.167688e-13 -1 -5.574281e-14 4.167688e-13 -1 -5.574281e-14 4.167688e-13 -1 -5.574281e-14 4.167688e-13 -1 -5.574281e-14 4.167688e-13 -1 -5.574281e-14 0.5919095 2.863965e-13 -0.8060044 0.5919095 2.863965e-13 -0.8060044 0.5919095 2.863965e-13 -0.8060044 0.5919095 2.863965e-13 -0.8060044 -0.5919095 -2.863965e-13 0.8060044 -0.5919095 -2.863965e-13 0.8060044 -0.5919095 -2.863965e-13 0.8060044 -0.5919095 -2.863965e-13 0.8060044 5.34111e-13 -1 2.88355e-14 5.34111e-13 -1 2.88355e-14 5.34111e-13 -1 2.88355e-14 5.34111e-13 -1 2.88355e-14 5.34111e-13 -1 2.88355e-14 5.34111e-13 -1 2.88355e-14 5.34111e-13 -1 2.88355e-14 5.34111e-13 -1 2.88355e-14 5.34111e-13 -1 2.88355e-14 5.34111e-13 -1 2.88355e-14 5.34111e-13 -1 2.88355e-14 5.34111e-13 -1 2.88355e-14 5.34111e-13 -1 2.88355e-14 5.34111e-13 -1 2.88355e-14 5.34111e-13 -1 2.88355e-14 5.34111e-13 -1 2.88355e-14 5.34111e-13 -1 2.88355e-14 5.34111e-13 -1 2.88355e-14 -5.34111e-13 1 -2.88355e-14 -5.34111e-13 1 -2.88355e-14 -5.34111e-13 1 -2.88355e-14 -5.34111e-13 1 -2.88355e-14 -5.34111e-13 1 -2.88355e-14 -5.34111e-13 1 -2.88355e-14 -5.34111e-13 1 -2.88355e-14 -5.34111e-13 1 -2.88355e-14 -5.34111e-13 1 -2.88355e-14 -5.34111e-13 1 -2.88355e-14 -5.34111e-13 1 -2.88355e-14 -5.34111e-13 1 -2.88355e-14 -5.34111e-13 1 -2.88355e-14 -5.34111e-13 1 -2.88355e-14 -5.34111e-13 1 -2.88355e-14 -5.34111e-13 1 -2.88355e-14 -5.34111e-13 1 -2.88355e-14 -5.34111e-13 1 -2.88355e-14 0.5919095 2.863887e-13 -0.8060044 0.5919095 2.863887e-13 -0.8060044 0.5919095 2.863887e-13 -0.8060044 0.5919095 2.863887e-13 -0.8060044 -0.5919095 -2.863887e-13 0.8060044 -0.5919095 -2.863887e-13 0.8060044 -0.5919095 -2.863887e-13 0.8060044 -0.5919095 -2.863887e-13 0.8060044 0.5919095 2.874949e-13 0.8060044 0.5919095 2.874949e-13 0.8060044 0.5919095 2.874949e-13 0.8060044 0.5919095 2.874949e-13 0.8060044 0.5919095 2.874949e-13 0.8060044 0.5919095 2.874949e-13 0.8060044 -0.5919095 -2.874949e-13 -0.8060044 -0.5919095 -2.874949e-13 -0.8060044 -0.5919095 -2.874949e-13 -0.8060044 -0.5919095 -2.874949e-13 -0.8060044 -0.5919095 -2.874949e-13 -0.8060044 -0.5919095 -2.874949e-13 -0.8060044 2.674782e-12 1 4.585644e-12 2.674782e-12 1 4.585644e-12 2.674782e-12 1 4.585644e-12 2.674782e-12 1 4.585644e-12 -2.674782e-12 -1 -4.585644e-12 -2.674782e-12 -1 -4.585644e-12 -2.674782e-12 -1 -4.585644e-12 -2.674782e-12 -1 -4.585644e-12 -0.5919095 -2.992157e-13 -0.8060044 -0.5919095 -2.992157e-13 -0.8060044 -0.5919095 -2.992157e-13 -0.8060044 -0.5919095 -2.992157e-13 -0.8060044 -0.5919095 -2.992157e-13 -0.8060044 -0.5919095 -2.992157e-13 -0.8060044 0.5919095 2.992157e-13 0.8060044 0.5919095 2.992157e-13 0.8060044 0.5919095 2.992157e-13 0.8060044 0.5919095 2.992157e-13 0.8060044 0.5919095 2.992157e-13 0.8060044 0.5919095 2.992157e-13 0.8060044 -0.5919095 -2.993606e-13 0.8060044 -0.5919095 -2.993606e-13 0.8060044 -0.5919095 -2.993606e-13 0.8060044 -0.5919095 -2.993606e-13 0.8060044 0.5919095 2.993606e-13 -0.8060044 0.5919095 2.993606e-13 -0.8060044 0.5919095 2.993606e-13 -0.8060044 0.5919095 2.993606e-13 -0.8060044 -0.5919095 -2.992157e-13 -0.8060044 -0.5919095 -2.992157e-13 -0.8060044 -0.5919095 -2.992157e-13 -0.8060044 -0.5919095 -2.992157e-13 -0.8060044 0.5919095 2.992157e-13 0.8060044 0.5919095 2.992157e-13 0.8060044 0.5919095 2.992157e-13 0.8060044 0.5919095 2.992157e-13 0.8060044 -0.5919095 -2.869787e-13 0.8060044 -0.5919095 -2.869787e-13 0.8060044 -0.5919095 -2.869787e-13 0.8060044 -0.5919095 -2.869787e-13 0.8060044 0.5919095 2.869787e-13 -0.8060044 0.5919095 2.869787e-13 -0.8060044 0.5919095 2.869787e-13 -0.8060044 0.5919095 2.869787e-13 -0.8060044 -0.5919095 -2.869744e-13 -0.8060044 -0.5919095 -2.869744e-13 -0.8060044 -0.5919095 -2.869744e-13 -0.8060044 -0.5919095 -2.869744e-13 -0.8060044 0.5919095 2.869744e-13 0.8060044 0.5919095 2.869744e-13 0.8060044 0.5919095 2.869744e-13 0.8060044 0.5919095 2.869744e-13 0.8060044 -0.5919095 -2.993606e-13 0.8060044 -0.5919095 -2.993606e-13 0.8060044 -0.5919095 -2.993606e-13 0.8060044 -0.5919095 -2.993606e-13 0.8060044 0.5919095 2.993606e-13 -0.8060044 0.5919095 2.993606e-13 -0.8060044 0.5919095 2.993606e-13 -0.8060044 0.5919095 2.993606e-13 -0.8060044 -0.5919095 -2.992157e-13 -0.8060044 -0.5919095 -2.992157e-13 -0.8060044 -0.5919095 -2.992157e-13 -0.8060044 -0.5919095 -2.992157e-13 -0.8060044 0.5919095 2.992157e-13 0.8060044 0.5919095 2.992157e-13 0.8060044 0.5919095 2.992157e-13 0.8060044 0.5919095 2.992157e-13 0.8060044 -0.5919095 -2.993606e-13 0.8060044 -0.5919095 -2.993606e-13 0.8060044 -0.5919095 -2.993606e-13 0.8060044 -0.5919095 -2.993606e-13 0.8060044 0.5919095 2.993606e-13 -0.8060044 0.5919095 2.993606e-13 -0.8060044 0.5919095 2.993606e-13 -0.8060044 0.5919095 2.993606e-13 -0.8060044 -0.5919095 -2.992157e-13 -0.8060044 -0.5919095 -2.992157e-13 -0.8060044 -0.5919095 -2.992157e-13 -0.8060044 -0.5919095 -2.992157e-13 -0.8060044 0.5919095 2.992157e-13 0.8060044 0.5919095 2.992157e-13 0.8060044 0.5919095 2.992157e-13 0.8060044 0.5919095 2.992157e-13 0.8060044 -0.5919095 -2.993606e-13 0.8060044 -0.5919095 -2.993606e-13 0.8060044 -0.5919095 -2.993606e-13 0.8060044 -0.5919095 -2.993606e-13 0.8060044 0.5919095 2.993606e-13 -0.8060044 0.5919095 2.993606e-13 -0.8060044 0.5919095 2.993606e-13 -0.8060044 0.5919095 2.993606e-13 -0.8060044 -0.5919095 -2.992157e-13 -0.8060044 -0.5919095 -2.992157e-13 -0.8060044 -0.5919095 -2.992157e-13 -0.8060044 -0.5919095 -2.992157e-13 -0.8060044 0.5919095 2.992157e-13 0.8060044 0.5919095 2.992157e-13 0.8060044 0.5919095 2.992157e-13 0.8060044 0.5919095 2.992157e-13 0.8060044 -0.5919095 -2.869826e-13 0.8060044 -0.5919095 -2.869826e-13 0.8060044 -0.5919095 -2.869826e-13 0.8060044 -0.5919095 -2.869826e-13 0.8060044 0.5919095 2.869826e-13 -0.8060044 0.5919095 2.869826e-13 -0.8060044 0.5919095 2.869826e-13 -0.8060044 0.5919095 2.869826e-13 -0.8060044 1.068266e-14 3.609557e-16 1 1.068266e-14 3.609557e-16 1 1.068266e-14 3.609557e-16 1 1.068266e-14 3.609557e-16 1 -1.068266e-14 -3.609557e-16 -1 -1.068266e-14 -3.609557e-16 -1 -1.068266e-14 -3.609557e-16 -1 -1.068266e-14 -3.609557e-16 -1 0.5919095 2.875508e-13 0.8060044 0.5919095 2.875508e-13 0.8060044 0.5919095 2.875508e-13 0.8060044 0.5919095 2.875508e-13 0.8060044 -0.5919095 -2.875508e-13 -0.8060044 -0.5919095 -2.875508e-13 -0.8060044 -0.5919095 -2.875508e-13 -0.8060044 -0.5919095 -2.875508e-13 -0.8060044 0.5919095 2.863887e-13 -0.8060044 0.5919095 2.863887e-13 -0.8060044 0.5919095 2.863887e-13 -0.8060044 0.5919095 2.863887e-13 -0.8060044 -0.5919095 -2.863887e-13 0.8060044 -0.5919095 -2.863887e-13 0.8060044 -0.5919095 -2.863887e-13 0.8060044 -0.5919095 -2.863887e-13 0.8060044 0.5919095 2.875508e-13 0.8060044 0.5919095 2.875508e-13 0.8060044 0.5919095 2.875508e-13 0.8060044 0.5919095 2.875508e-13 0.8060044 -0.5919095 -2.875508e-13 -0.8060044 -0.5919095 -2.875508e-13 -0.8060044 -0.5919095 -2.875508e-13 -0.8060044 -0.5919095 -2.875508e-13 -0.8060044 0.5919095 2.863924e-13 -0.8060044 0.5919095 2.863924e-13 -0.8060044 0.5919095 2.863924e-13 -0.8060044 0.5919095 2.863924e-13 -0.8060044 -0.5919095 -2.863924e-13 0.8060044 -0.5919095 -2.863924e-13 0.8060044 -0.5919095 -2.863924e-13 0.8060044 -0.5919095 -2.863924e-13 0.8060044 0.5919095 2.875508e-13 0.8060044 0.5919095 2.875508e-13 0.8060044 0.5919095 2.875508e-13 0.8060044 0.5919095 2.875508e-13 0.8060044 -0.5919095 -2.875508e-13 -0.8060044 -0.5919095 -2.875508e-13 -0.8060044 -0.5919095 -2.875508e-13 -0.8060044 -0.5919095 -2.875508e-13 -0.8060044 0.5919095 2.86391e-13 -0.8060044 0.5919095 2.86391e-13 -0.8060044 0.5919095 2.86391e-13 -0.8060044 0.5919095 2.86391e-13 -0.8060044 -0.5919095 -2.86391e-13 0.8060044 -0.5919095 -2.86391e-13 0.8060044 -0.5919095 -2.86391e-13 0.8060044 -0.5919095 -2.86391e-13 0.8060044 0.5919095 2.875531e-13 0.8060044 0.5919095 2.875531e-13 0.8060044 0.5919095 2.875531e-13 0.8060044 0.5919095 2.875531e-13 0.8060044 -0.5919095 -2.875531e-13 -0.8060044 -0.5919095 -2.875531e-13 -0.8060044 -0.5919095 -2.875531e-13 -0.8060044 -0.5919095 -2.875531e-13 -0.8060044 0.5919095 2.863891e-13 -0.8060044 0.5919095 2.863891e-13 -0.8060044 0.5919095 2.863891e-13 -0.8060044 0.5919095 2.863891e-13 -0.8060044 -0.5919095 -2.863891e-13 0.8060044 -0.5919095 -2.863891e-13 0.8060044 -0.5919095 -2.863891e-13 0.8060044 -0.5919095 -2.863891e-13 0.8060044 4.735013e-13 -1 5.78252e-15 4.735013e-13 -1 5.78252e-15 4.735013e-13 -1 5.78252e-15 4.735013e-13 -1 5.78252e-15 4.735013e-13 -1 5.78252e-15 4.735013e-13 -1 5.78252e-15 4.735013e-13 -1 5.78252e-15 4.735013e-13 -1 5.78252e-15 4.735013e-13 -1 5.78252e-15 4.735013e-13 -1 5.78252e-15 4.735013e-13 -1 5.78252e-15 4.735013e-13 -1 5.78252e-15 4.735013e-13 -1 5.78252e-15 4.735013e-13 -1 5.78252e-15 4.735013e-13 -1 5.78252e-15 4.735013e-13 -1 5.78252e-15 4.735013e-13 -1 5.78252e-15 4.735013e-13 -1 5.78252e-15 4.735013e-13 -1 5.78252e-15 4.735013e-13 -1 5.78252e-15 4.735013e-13 -1 5.78252e-15 4.735013e-13 -1 5.78252e-15 4.735013e-13 -1 5.78252e-15 4.735013e-13 -1 5.78252e-15 4.735013e-13 -1 5.78252e-15 4.735013e-13 -1 5.78252e-15 4.735013e-13 -1 5.78252e-15 4.735013e-13 -1 5.78252e-15 4.735013e-13 -1 5.78252e-15 4.735013e-13 -1 5.78252e-15 4.735013e-13 -1 5.78252e-15 4.735013e-13 -1 5.78252e-15 4.735013e-13 -1 5.78252e-15 4.735013e-13 -1 5.78252e-15 -4.735013e-13 1 -5.78252e-15 -4.735013e-13 1 -5.78252e-15 -4.735013e-13 1 -5.78252e-15 -4.735013e-13 1 -5.78252e-15 -4.735013e-13 1 -5.78252e-15 -4.735013e-13 1 -5.78252e-15 -4.735013e-13 1 -5.78252e-15 -4.735013e-13 1 -5.78252e-15 -4.735013e-13 1 -5.78252e-15 -4.735013e-13 1 -5.78252e-15 -4.735013e-13 1 -5.78252e-15 -4.735013e-13 1 -5.78252e-15 -4.735013e-13 1 -5.78252e-15 -4.735013e-13 1 -5.78252e-15 -4.735013e-13 1 -5.78252e-15 -4.735013e-13 1 -5.78252e-15 -4.735013e-13 1 -5.78252e-15 -4.735013e-13 1 -5.78252e-15 -4.735013e-13 1 -5.78252e-15 -4.735013e-13 1 -5.78252e-15 -4.735013e-13 1 -5.78252e-15 -4.735013e-13 1 -5.78252e-15 -4.735013e-13 1 -5.78252e-15 -4.735013e-13 1 -5.78252e-15 -4.735013e-13 1 -5.78252e-15 -4.735013e-13 1 -5.78252e-15 -4.735013e-13 1 -5.78252e-15 -4.735013e-13 1 -5.78252e-15 -4.735013e-13 1 -5.78252e-15 -4.735013e-13 1 -5.78252e-15 -4.735013e-13 1 -5.78252e-15 -4.735013e-13 1 -5.78252e-15 -4.735013e-13 1 -5.78252e-15 -4.735013e-13 1 -5.78252e-15 -2.92497e-13 1 -2.742287e-14 -2.92497e-13 1 -2.742287e-14 -2.92497e-13 1 -2.742287e-14 -2.92497e-13 1 -2.742287e-14 -2.92497e-13 1 -2.742287e-14 -2.92497e-13 1 -2.742287e-14 -2.92497e-13 1 -2.742287e-14 -2.92497e-13 1 -2.742287e-14 -2.92497e-13 1 -2.742287e-14 -2.92497e-13 1 -2.742287e-14 -2.92497e-13 1 -2.742287e-14 -2.92497e-13 1 -2.742287e-14 -2.92497e-13 1 -2.742287e-14 -2.92497e-13 1 -2.742287e-14 -2.92497e-13 1 -2.742287e-14 -2.92497e-13 1 -2.742287e-14 -2.92497e-13 1 -2.742287e-14 -2.92497e-13 1 -2.742287e-14 -2.92497e-13 1 -2.742287e-14 -2.92497e-13 1 -2.742287e-14 -2.92497e-13 1 -2.742287e-14 -2.92497e-13 1 -2.742287e-14 2.92497e-13 -1 2.742287e-14 2.92497e-13 -1 2.742287e-14 2.92497e-13 -1 2.742287e-14 2.92497e-13 -1 2.742287e-14 2.92497e-13 -1 2.742287e-14 2.92497e-13 -1 2.742287e-14 2.92497e-13 -1 2.742287e-14 2.92497e-13 -1 2.742287e-14 2.92497e-13 -1 2.742287e-14 2.92497e-13 -1 2.742287e-14 2.92497e-13 -1 2.742287e-14 2.92497e-13 -1 2.742287e-14 2.92497e-13 -1 2.742287e-14 2.92497e-13 -1 2.742287e-14 2.92497e-13 -1 2.742287e-14 2.92497e-13 -1 2.742287e-14 2.92497e-13 -1 2.742287e-14 2.92497e-13 -1 2.742287e-14 2.92497e-13 -1 2.742287e-14 2.92497e-13 -1 2.742287e-14 2.92497e-13 -1 2.742287e-14 2.92497e-13 -1 2.742287e-14 0.5919095 2.863887e-13 -0.8060044 0.5919095 2.863887e-13 -0.8060044 0.5919095 2.863887e-13 -0.8060044 0.5919095 2.863887e-13 -0.8060044 -0.5919095 -2.863887e-13 0.8060044 -0.5919095 -2.863887e-13 0.8060044 -0.5919095 -2.863887e-13 0.8060044 -0.5919095 -2.863887e-13 0.8060044 -0.5919095 -2.993606e-13 0.8060044 -0.5919095 -2.993606e-13 0.8060044 -0.5919095 -2.993606e-13 0.8060044 -0.5919095 -2.993606e-13 0.8060044 0.5919095 2.993606e-13 -0.8060044 0.5919095 2.993606e-13 -0.8060044 0.5919095 2.993606e-13 -0.8060044 0.5919095 2.993606e-13 -0.8060044 -0.5919095 -2.992157e-13 -0.8060044 -0.5919095 -2.992157e-13 -0.8060044 -0.5919095 -2.992157e-13 -0.8060044 -0.5919095 -2.992157e-13 -0.8060044 0.5919095 2.992157e-13 0.8060044 0.5919095 2.992157e-13 0.8060044 0.5919095 2.992157e-13 0.8060044 0.5919095 2.992157e-13 0.8060044 -0.5919095 -2.993606e-13 0.8060044 -0.5919095 -2.993606e-13 0.8060044 -0.5919095 -2.993606e-13 0.8060044 -0.5919095 -2.993606e-13 0.8060044 0.5919095 2.993606e-13 -0.8060044 0.5919095 2.993606e-13 -0.8060044 0.5919095 2.993606e-13 -0.8060044 0.5919095 2.993606e-13 -0.8060044 -0.5919095 -2.992157e-13 -0.8060044 -0.5919095 -2.992157e-13 -0.8060044 -0.5919095 -2.992157e-13 -0.8060044 -0.5919095 -2.992157e-13 -0.8060044 0.5919095 2.992157e-13 0.8060044 0.5919095 2.992157e-13 0.8060044 0.5919095 2.992157e-13 0.8060044 0.5919095 2.992157e-13 0.8060044 -0.5919095 -2.993606e-13 0.8060044 -0.5919095 -2.993606e-13 0.8060044 -0.5919095 -2.993606e-13 0.8060044 -0.5919095 -2.993606e-13 0.8060044 0.5919095 2.993606e-13 -0.8060044 0.5919095 2.993606e-13 -0.8060044 0.5919095 2.993606e-13 -0.8060044 0.5919095 2.993606e-13 -0.8060044 -0.5919095 -2.992157e-13 -0.8060044 -0.5919095 -2.992157e-13 -0.8060044 -0.5919095 -2.992157e-13 -0.8060044 -0.5919095 -2.992157e-13 -0.8060044 0.5919095 2.992157e-13 0.8060044 0.5919095 2.992157e-13 0.8060044 0.5919095 2.992157e-13 0.8060044 0.5919095 2.992157e-13 0.8060044 -0.5919095 -2.993606e-13 0.8060044 -0.5919095 -2.993606e-13 0.8060044 -0.5919095 -2.993606e-13 0.8060044 -0.5919095 -2.993606e-13 0.8060044 0.5919095 2.993606e-13 -0.8060044 0.5919095 2.993606e-13 -0.8060044 0.5919095 2.993606e-13 -0.8060044 0.5919095 2.993606e-13 -0.8060044 -0.5919095 -2.992157e-13 -0.8060044 -0.5919095 -2.992157e-13 -0.8060044 -0.5919095 -2.992157e-13 -0.8060044 -0.5919095 -2.992157e-13 -0.8060044 0.5919095 2.992157e-13 0.8060044 0.5919095 2.992157e-13 0.8060044 0.5919095 2.992157e-13 0.8060044 0.5919095 2.992157e-13 0.8060044 -0.5919095 -2.993606e-13 0.8060044 -0.5919095 -2.993606e-13 0.8060044 -0.5919095 -2.993606e-13 0.8060044 -0.5919095 -2.993606e-13 0.8060044 -0.5919095 -2.993606e-13 0.8060044 -0.5919095 -2.993606e-13 0.8060044 0.5919095 2.993606e-13 -0.8060044 0.5919095 2.993606e-13 -0.8060044 0.5919095 2.993606e-13 -0.8060044 0.5919095 2.993606e-13 -0.8060044 0.5919095 2.993606e-13 -0.8060044 0.5919095 2.993606e-13 -0.8060044 -0.5919095 -2.992157e-13 -0.8060044 -0.5919095 -2.992157e-13 -0.8060044 -0.5919095 -2.992157e-13 -0.8060044 -0.5919095 -2.992157e-13 -0.8060044 0.5919095 2.992157e-13 0.8060044 0.5919095 2.992157e-13 0.8060044 0.5919095 2.992157e-13 0.8060044 0.5919095 2.992157e-13 0.8060044 -0.5919095 -2.993606e-13 0.8060044 -0.5919095 -2.993606e-13 0.8060044 -0.5919095 -2.993606e-13 0.8060044 -0.5919095 -2.993606e-13 0.8060044 0.5919095 2.993606e-13 -0.8060044 0.5919095 2.993606e-13 -0.8060044 0.5919095 2.993606e-13 -0.8060044 0.5919095 2.993606e-13 -0.8060044 -0.5919095 -2.871151e-13 -0.8060044 -0.5919095 -2.871151e-13 -0.8060044 -0.5919095 -2.871151e-13 -0.8060044 -0.5919095 -2.871151e-13 -0.8060044 0.5919095 2.871151e-13 0.8060044 0.5919095 2.871151e-13 0.8060044 0.5919095 2.871151e-13 0.8060044 0.5919095 2.871151e-13 0.8060044 5.287768e-13 -1 -2.621409e-15 5.287768e-13 -1 -2.621409e-15 5.287768e-13 -1 -2.621409e-15 5.287768e-13 -1 -2.621409e-15 5.287768e-13 -1 -2.621409e-15 5.287768e-13 -1 -2.621409e-15 5.287768e-13 -1 -2.621409e-15 5.287768e-13 -1 -2.621409e-15 5.287768e-13 -1 -2.621409e-15 5.287768e-13 -1 -2.621409e-15 5.287768e-13 -1 -2.621409e-15 5.287768e-13 -1 -2.621409e-15 5.287768e-13 -1 -2.621409e-15 5.287768e-13 -1 -2.621409e-15 5.287768e-13 -1 -2.621409e-15 5.287768e-13 -1 -2.621409e-15 5.287768e-13 -1 -2.621409e-15 5.287768e-13 -1 -2.621409e-15 -5.287768e-13 1 2.621409e-15 -5.287768e-13 1 2.621409e-15 -5.287768e-13 1 2.621409e-15 -5.287768e-13 1 2.621409e-15 -5.287768e-13 1 2.621409e-15 -5.287768e-13 1 2.621409e-15 -5.287768e-13 1 2.621409e-15 -5.287768e-13 1 2.621409e-15 -5.287768e-13 1 2.621409e-15 -5.287768e-13 1 2.621409e-15 -5.287768e-13 1 2.621409e-15 -5.287768e-13 1 2.621409e-15 -5.287768e-13 1 2.621409e-15 -5.287768e-13 1 2.621409e-15 -5.287768e-13 1 2.621409e-15 -5.287768e-13 1 2.621409e-15 -5.287768e-13 1 2.621409e-15 -5.287768e-13 1 2.621409e-15 0.5919095 2.878464e-13 0.8060044 0.5919095 2.878464e-13 0.8060044 0.5919095 2.878464e-13 0.8060044 0.5919095 2.878464e-13 0.8060044 -0.5919095 -2.878464e-13 -0.8060044 -0.5919095 -2.878464e-13 -0.8060044 -0.5919095 -2.878464e-13 -0.8060044 -0.5919095 -2.878464e-13 -0.8060044 0.5919095 2.861005e-13 -0.8060044 0.5919095 2.861005e-13 -0.8060044 0.5919095 2.861005e-13 -0.8060044 0.5919095 2.861005e-13 -0.8060044 -0.5919095 -2.861005e-13 0.8060044 -0.5919095 -2.861005e-13 0.8060044 -0.5919095 -2.861005e-13 0.8060044 -0.5919095 -2.861005e-13 0.8060044 0.5919095 2.878469e-13 0.8060044 0.5919095 2.878469e-13 0.8060044 0.5919095 2.878469e-13 0.8060044 0.5919095 2.878469e-13 0.8060044 -0.5919095 -2.878469e-13 -0.8060044 -0.5919095 -2.878469e-13 -0.8060044 -0.5919095 -2.878469e-13 -0.8060044 -0.5919095 -2.878469e-13 -0.8060044 0.5919095 2.859817e-13 -0.8060044 0.5919095 2.859817e-13 -0.8060044 0.5919095 2.859817e-13 -0.8060044 0.5919095 2.859817e-13 -0.8060044 0.5919095 2.859817e-13 -0.8060044 0.5919095 2.859817e-13 -0.8060044 -0.5919095 -2.859817e-13 0.8060044 -0.5919095 -2.859817e-13 0.8060044 -0.5919095 -2.859817e-13 0.8060044 -0.5919095 -2.859817e-13 0.8060044 -0.5919095 -2.859817e-13 0.8060044 -0.5919095 -2.859817e-13 0.8060044 0.5919095 2.875508e-13 0.8060044 0.5919095 2.875508e-13 0.8060044 0.5919095 2.875508e-13 0.8060044 0.5919095 2.875508e-13 0.8060044 -0.5919095 -2.875508e-13 -0.8060044 -0.5919095 -2.875508e-13 -0.8060044 -0.5919095 -2.875508e-13 -0.8060044 -0.5919095 -2.875508e-13 -0.8060044 0.5919095 2.863887e-13 -0.8060044 0.5919095 2.863887e-13 -0.8060044 0.5919095 2.863887e-13 -0.8060044 0.5919095 2.863887e-13 -0.8060044 -0.5919095 -2.863887e-13 0.8060044 -0.5919095 -2.863887e-13 0.8060044 -0.5919095 -2.863887e-13 0.8060044 -0.5919095 -2.863887e-13 0.8060044 0.5919095 2.875531e-13 0.8060044 0.5919095 2.875531e-13 0.8060044 0.5919095 2.875531e-13 0.8060044 0.5919095 2.875531e-13 0.8060044 -0.5919095 -2.875531e-13 -0.8060044 -0.5919095 -2.875531e-13 -0.8060044 -0.5919095 -2.875531e-13 -0.8060044 -0.5919095 -2.875531e-13 -0.8060044 0.5919095 2.86391e-13 -0.8060044 0.5919095 2.86391e-13 -0.8060044 0.5919095 2.86391e-13 -0.8060044 0.5919095 2.86391e-13 -0.8060044 -0.5919095 -2.86391e-13 0.8060044 -0.5919095 -2.86391e-13 0.8060044 -0.5919095 -2.86391e-13 0.8060044 -0.5919095 -2.86391e-13 0.8060044 0.5919095 2.875508e-13 0.8060044 0.5919095 2.875508e-13 0.8060044 0.5919095 2.875508e-13 0.8060044 0.5919095 2.875508e-13 0.8060044 -0.5919095 -2.875508e-13 -0.8060044 -0.5919095 -2.875508e-13 -0.8060044 -0.5919095 -2.875508e-13 -0.8060044 -0.5919095 -2.875508e-13 -0.8060044 0.5919095 2.863961e-13 -0.8060044 0.5919095 2.863961e-13 -0.8060044 0.5919095 2.863961e-13 -0.8060044 0.5919095 2.863961e-13 -0.8060044 -0.5919095 -2.863961e-13 0.8060044 -0.5919095 -2.863961e-13 0.8060044 -0.5919095 -2.863961e-13 0.8060044 -0.5919095 -2.863961e-13 0.8060044 0.5919095 2.875508e-13 0.8060044 0.5919095 2.875508e-13 0.8060044 0.5919095 2.875508e-13 0.8060044 0.5919095 2.875508e-13 0.8060044 -0.5919095 -2.875508e-13 -0.8060044 -0.5919095 -2.875508e-13 -0.8060044 -0.5919095 -2.875508e-13 -0.8060044 -0.5919095 -2.875508e-13 -0.8060044 -5.136912e-13 1 -2.337699e-15 -5.136912e-13 1 -2.337699e-15 -5.136912e-13 1 -2.337699e-15 -5.136912e-13 1 -2.337699e-15 -5.136912e-13 1 -2.337699e-15 -5.136912e-13 1 -2.337699e-15 -5.136912e-13 1 -2.337699e-15 -5.136912e-13 1 -2.337699e-15 -5.136912e-13 1 -2.337699e-15 -5.136912e-13 1 -2.337699e-15 -5.136912e-13 1 -2.337699e-15 -5.136912e-13 1 -2.337699e-15 -5.136912e-13 1 -2.337699e-15 -5.136912e-13 1 -2.337699e-15 -5.136912e-13 1 -2.337699e-15 -5.136912e-13 1 -2.337699e-15 -5.136912e-13 1 -2.337699e-15 -5.136912e-13 1 -2.337699e-15 -5.136912e-13 1 -2.337699e-15 -5.136912e-13 1 -2.337699e-15 -5.136912e-13 1 -2.337699e-15 -5.136912e-13 1 -2.337699e-15 -5.136912e-13 1 -2.337699e-15 -5.136912e-13 1 -2.337699e-15 -5.136912e-13 1 -2.337699e-15 -5.136912e-13 1 -2.337699e-15 5.136912e-13 -1 2.337699e-15 5.136912e-13 -1 2.337699e-15 5.136912e-13 -1 2.337699e-15 5.136912e-13 -1 2.337699e-15 5.136912e-13 -1 2.337699e-15 5.136912e-13 -1 2.337699e-15 5.136912e-13 -1 2.337699e-15 5.136912e-13 -1 2.337699e-15 5.136912e-13 -1 2.337699e-15 5.136912e-13 -1 2.337699e-15 5.136912e-13 -1 2.337699e-15 5.136912e-13 -1 2.337699e-15 5.136912e-13 -1 2.337699e-15 5.136912e-13 -1 2.337699e-15 5.136912e-13 -1 2.337699e-15 5.136912e-13 -1 2.337699e-15 5.136912e-13 -1 2.337699e-15 5.136912e-13 -1 2.337699e-15 5.136912e-13 -1 2.337699e-15 5.136912e-13 -1 2.337699e-15 5.136912e-13 -1 2.337699e-15 5.136912e-13 -1 2.337699e-15 5.136912e-13 -1 2.337699e-15 5.136912e-13 -1 2.337699e-15 5.136912e-13 -1 2.337699e-15 5.136912e-13 -1 2.337699e-15 -0.5919095 -2.868309e-13 0.8060044 -0.5919095 -2.868309e-13 0.8060044 -0.5919095 -2.868309e-13 0.8060044 -0.5919095 -2.868309e-13 0.8060044 0.5919095 2.868309e-13 -0.8060044 0.5919095 2.868309e-13 -0.8060044 0.5919095 2.868309e-13 -0.8060044 0.5919095 2.868309e-13 -0.8060044 0.5919095 2.861102e-13 -0.8060044 0.5919095 2.861102e-13 -0.8060044 0.5919095 2.861102e-13 -0.8060044 0.5919095 2.861102e-13 -0.8060044 -0.5919095 -2.861102e-13 0.8060044 -0.5919095 -2.861102e-13 0.8060044 -0.5919095 -2.861102e-13 0.8060044 -0.5919095 -2.861102e-13 0.8060044 -0.5919095 -2.992157e-13 -0.8060044 -0.5919095 -2.992157e-13 -0.8060044 -0.5919095 -2.992157e-13 -0.8060044 -0.5919095 -2.992157e-13 -0.8060044 0.5919095 2.992157e-13 0.8060044 0.5919095 2.992157e-13 0.8060044 0.5919095 2.992157e-13 0.8060044 0.5919095 2.992157e-13 0.8060044 -0.5919095 -2.993606e-13 0.8060044 -0.5919095 -2.993606e-13 0.8060044 -0.5919095 -2.993606e-13 0.8060044 -0.5919095 -2.993606e-13 0.8060044 0.5919095 2.993606e-13 -0.8060044 0.5919095 2.993606e-13 -0.8060044 0.5919095 2.993606e-13 -0.8060044 0.5919095 2.993606e-13 -0.8060044 -0.5919095 -2.992157e-13 -0.8060044 -0.5919095 -2.992157e-13 -0.8060044 -0.5919095 -2.992157e-13 -0.8060044 -0.5919095 -2.992157e-13 -0.8060044 0.5919095 2.992157e-13 0.8060044 0.5919095 2.992157e-13 0.8060044 0.5919095 2.992157e-13 0.8060044 0.5919095 2.992157e-13 0.8060044 -0.5919095 -2.993606e-13 0.8060044 -0.5919095 -2.993606e-13 0.8060044 -0.5919095 -2.993606e-13 0.8060044 -0.5919095 -2.993606e-13 0.8060044 0.5919095 2.993606e-13 -0.8060044 0.5919095 2.993606e-13 -0.8060044 0.5919095 2.993606e-13 -0.8060044 0.5919095 2.993606e-13 -0.8060044 -0.5919095 -2.992157e-13 -0.8060044 -0.5919095 -2.992157e-13 -0.8060044 -0.5919095 -2.992157e-13 -0.8060044 -0.5919095 -2.992157e-13 -0.8060044 0.5919095 2.992157e-13 0.8060044 0.5919095 2.992157e-13 0.8060044 0.5919095 2.992157e-13 0.8060044 0.5919095 2.992157e-13 0.8060044 -0.5919095 -2.993606e-13 0.8060044 -0.5919095 -2.993606e-13 0.8060044 -0.5919095 -2.993606e-13 0.8060044 -0.5919095 -2.993606e-13 0.8060044 0.5919095 2.993606e-13 -0.8060044 0.5919095 2.993606e-13 -0.8060044 0.5919095 2.993606e-13 -0.8060044 0.5919095 2.993606e-13 -0.8060044 -0.5919095 -2.992157e-13 -0.8060044 -0.5919095 -2.992157e-13 -0.8060044 -0.5919095 -2.992157e-13 -0.8060044 -0.5919095 -2.992157e-13 -0.8060044 0.5919095 2.992157e-13 0.8060044 0.5919095 2.992157e-13 0.8060044 0.5919095 2.992157e-13 0.8060044 0.5919095 2.992157e-13 0.8060044 -1.305242e-14 -3.525516e-16 -1 -1.305242e-14 -3.525516e-16 -1 -1.305242e-14 -3.525516e-16 -1 -1.305242e-14 -3.525516e-16 -1 1.305242e-14 3.525516e-16 1 1.305242e-14 3.525516e-16 1 1.305242e-14 3.525516e-16 1 1.305242e-14 3.525516e-16 1 0.5919095 2.876637e-13 0.8060044 0.5919095 2.876637e-13 0.8060044 0.5919095 2.876637e-13 0.8060044 0.5919095 2.876637e-13 0.8060044 -0.5919095 -2.876637e-13 -0.8060044 -0.5919095 -2.876637e-13 -0.8060044 -0.5919095 -2.876637e-13 -0.8060044 -0.5919095 -2.876637e-13 -0.8060044 0.5919095 2.862226e-13 -0.8060044 0.5919095 2.862226e-13 -0.8060044 0.5919095 2.862226e-13 -0.8060044 0.5919095 2.862226e-13 -0.8060044 -0.5919095 -2.862226e-13 0.8060044 -0.5919095 -2.862226e-13 0.8060044 -0.5919095 -2.862226e-13 0.8060044 -0.5919095 -2.862226e-13 0.8060044 0.5919095 2.87754e-13 0.8060044 0.5919095 2.87754e-13 0.8060044 0.5919095 2.87754e-13 0.8060044 0.5919095 2.87754e-13 0.8060044 -0.5919095 -2.87754e-13 -0.8060044 -0.5919095 -2.87754e-13 -0.8060044 -0.5919095 -2.87754e-13 -0.8060044 -0.5919095 -2.87754e-13 -0.8060044 0.5919095 2.861818e-13 -0.8060044 0.5919095 2.861818e-13 -0.8060044 0.5919095 2.861818e-13 -0.8060044 0.5919095 2.861818e-13 -0.8060044 -0.5919095 -2.861818e-13 0.8060044 -0.5919095 -2.861818e-13 0.8060044 -0.5919095 -2.861818e-13 0.8060044 -0.5919095 -2.861818e-13 0.8060044 0.5919095 2.877725e-13 0.8060044 0.5919095 2.877725e-13 0.8060044 0.5919095 2.877725e-13 0.8060044 0.5919095 2.877725e-13 0.8060044 -0.5919095 -2.877725e-13 -0.8060044 -0.5919095 -2.877725e-13 -0.8060044 -0.5919095 -2.877725e-13 -0.8060044 -0.5919095 -2.877725e-13 -0.8060044 0.5919095 2.861448e-13 -0.8060044 0.5919095 2.861448e-13 -0.8060044 0.5919095 2.861448e-13 -0.8060044 0.5919095 2.861448e-13 -0.8060044 -0.5919095 -2.861448e-13 0.8060044 -0.5919095 -2.861448e-13 0.8060044 -0.5919095 -2.861448e-13 0.8060044 -0.5919095 -2.861448e-13 0.8060044 0.5919095 2.878413e-13 0.8060044 0.5919095 2.878413e-13 0.8060044 0.5919095 2.878413e-13 0.8060044 0.5919095 2.878413e-13 0.8060044 -0.5919095 -2.878413e-13 -0.8060044 -0.5919095 -2.878413e-13 -0.8060044 -0.5919095 -2.878413e-13 -0.8060044 -0.5919095 -2.878413e-13 -0.8060044</float_array>
                    <technique_common>
                        <accessor count="840" source="#ID59" stride="3">
                            <param name="X" type="float" />
                            <param name="Y" type="float" />
                            <param name="Z" type="float" />
                        </accessor>
                    </technique_common>
                </source>
                <vertices id="ID57">
                    <input semantic="POSITION" source="#ID55" />
                    <input semantic="NORMAL" source="#ID56" />
                </vertices>
                <polylist count="73" material="Material2">
                    <input offset="0" semantic="VERTEX" source="#ID57" />
                    <vcount>4 26 4 18 4 6 4 6 4 4 4 4 4 4 4 4 4 4 4 4 4 4 4 4 4 4 4 4 34 22 4 4 4 4 4 4 4 4 4 6 4 4 4 18 4 4 4 6 4 4 4 4 4 4 4 26 4 4 4 4 4 4 4 4 4 4 4 4 4 4 4 4 4</vcount>
                    <p>0 1 2 3 8 9 10 11 12 13 14 15 16 17 18 19 20 21 22 23 24 25 26 27 28 29 30 31 32 33 60 61 62 63 68 69 70 71 72 73 74 75 76 77 78 79 80 81 82 83 84 85 104 105 106 107 112 113 114 115 116 117 124 125 126 127 132 133 134 135 136 137 144 145 146 147 152 153 154 155 160 161 162 163 168 169 170 171 176 177 178 179 184 185 186 187 192 193 194 195 200 201 202 203 208 209 210 211 216 217 218 219 224 225 226 227 232 233 234 235 240 241 242 243 248 249 250 251 256 257 258 259 264 265 266 267 272 273 274 275 280 281 282 283 288 289 290 291 296 297 298 299 304 305 306 307 308 309 310 311 312 313 314 315 316 317 318 319 320 321 322 323 324 325 326 327 328 329 330 331 332 333 334 335 336 337 372 373 374 375 376 377 378 379 380 381 382 383 384 385 386 387 388 389 390 391 392 393 416 417 418 419 424 425 426 427 432 433 434 435 440 441 442 443 448 449 450 451 456 457 458 459 464 465 466 467 472 473 474 475 480 481 482 483 488 489 490 491 492 493 500 501 502 503 508 509 510 511 516 517 518 519 524 525 526 527 528 529 530 531 532 533 534 535 536 537 538 539 540 541 560 561 562 563 568 569 570 571 576 577 578 579 584 585 586 587 588 589 596 597 598 599 604 605 606 607 612 613 614 615 620 621 622 623 628 629 630 631 636 637 638 639 644 645 646 647 652 653 654 655 656 657 658 659 660 661 662 663 664 665 666 667 668 669 670 671 672 673 674 675 676 677 704 705 706 707 712 713 714 715 720 721 722 723 728 729 730 731 736 737 738 739 744 745 746 747 752 753 754 755 760 761 762 763 768 769 770 771 776 777 778 779 784 785 786 787 792 793 794 795 800 801 802 803 808 809 810 811 816 817 818 819 824 825 826 827 832 833 834 835</p>
                </polylist>
                <polylist count="73" material="Material3">
                    <input offset="0" semantic="VERTEX" source="#ID57" />
                    <vcount>4 26 4 18 4 6 4 6 4 4 4 4 4 4 4 4 4 4 4 4 4 4 4 4 4 4 4 4 34 22 4 4 4 4 4 4 4 4 4 6 4 4 4 18 4 4 4 6 4 4 4 4 4 4 4 26 4 4 4 4 4 4 4 4 4 4 4 4 4 4 4 4 4</vcount>
                    <p>4 5 6 7 34 35 36 37 38 39 40 41 42 43 44 45 46 47 48 49 50 51 52 53 54 55 56 57 58 59 64 65 66 67 86 87 88 89 90 91 92 93 94 95 96 97 98 99 100 101 102 103 108 109 110 111 118 119 120 121 122 123 128 129 130 131 138 139 140 141 142 143 148 149 150 151 156 157 158 159 164 165 166 167 172 173 174 175 180 181 182 183 188 189 190 191 196 197 198 199 204 205 206 207 212 213 214 215 220 221 222 223 228 229 230 231 236 237 238 239 244 245 246 247 252 253 254 255 260 261 262 263 268 269 270 271 276 277 278 279 284 285 286 287 292 293 294 295 300 301 302 303 338 339 340 341 342 343 344 345 346 347 348 349 350 351 352 353 354 355 356 357 358 359 360 361 362 363 364 365 366 367 368 369 370 371 394 395 396 397 398 399 400 401 402 403 404 405 406 407 408 409 410 411 412 413 414 415 420 421 422 423 428 429 430 431 436 437 438 439 444 445 446 447 452 453 454 455 460 461 462 463 468 469 470 471 476 477 478 479 484 485 486 487 494 495 496 497 498 499 504 505 506 507 512 513 514 515 520 521 522 523 542 543 544 545 546 547 548 549 550 551 552 553 554 555 556 557 558 559 564 565 566 567 572 573 574 575 580 581 582 583 590 591 592 593 594 595 600 601 602 603 608 609 610 611 616 617 618 619 624 625 626 627 632 633 634 635 640 641 642 643 648 649 650 651 678 679 680 681 682 683 684 685 686 687 688 689 690 691 692 693 694 695 696 697 698 699 700 701 702 703 708 709 710 711 716 717 718 719 724 725 726 727 732 733 734 735 740 741 742 743 748 749 750 751 756 757 758 759 764 765 766 767 772 773 774 775 780 781 782 783 788 789 790 791 796 797 798 799 804 805 806 807 812 813 814 815 820 821 822 823 828 829 830 831 836 837 838 839</p>
                </polylist>
            </mesh>
        </geometry>
        <geometry id="ID60">
            <mesh>
                <source id="ID63">
                    <float_array id="ID66" count="24">0.2609785 1.591616e-12 32.48376 0.9032243 6.366463e-12 32.95541 1.185504 3.865352e-12 32.67425 0.5432584 1.364242e-12 32.2026 0.5432584 1.364242e-12 32.2026 1.185504 3.865352e-12 32.67425 0.9032243 6.366463e-12 32.95541 0.2609785 1.591616e-12 32.48376</float_array>
                    <technique_common>
                        <accessor count="8" source="#ID66" stride="3">
                            <param name="X" type="float" />
                            <param name="Y" type="float" />
                            <param name="Z" type="float" />
                        </accessor>
                    </technique_common>
                </source>
                <source id="ID64">
                    <float_array id="ID67" count="24">-1.198832e-12 1 -6.048591e-12 -1.198832e-12 1 -6.048591e-12 -1.198832e-12 1 -6.048591e-12 -1.198832e-12 1 -6.048591e-12 1.198832e-12 -1 6.048591e-12 1.198832e-12 -1 6.048591e-12 1.198832e-12 -1 6.048591e-12 1.198832e-12 -1 6.048591e-12</float_array>
                    <technique_common>
                        <accessor count="8" source="#ID67" stride="3">
                            <param name="X" type="float" />
                            <param name="Y" type="float" />
                            <param name="Z" type="float" />
                        </accessor>
                    </technique_common>
                </source>
                <vertices id="ID65">
                    <input semantic="POSITION" source="#ID63" />
                    <input semantic="NORMAL" source="#ID64" />
                </vertices>
                <polylist count="1" material="Material3">
                    <input offset="0" semantic="VERTEX" source="#ID65" />
                    <vcount>4</vcount>
                    <p>0 1 2 3</p>
                </polylist>
                <polylist count="1" material="Material2">
                    <input offset="0" semantic="VERTEX" source="#ID65" />
                    <vcount>4</vcount>
                    <p>4 5 6 7</p>
                </polylist>
            </mesh>
        </geometry>
        <geometry id="ID68">
            <mesh>
                <source id="ID69">
                    <float_array id="ID72" count="78">25.25798 -19.68504 92.51969 25.25798 2.978595e-11 92.51969 3.937008 3.183231e-12 92.51969 3.937008 -19.68504 92.51969 3.937008 -19.68504 92.51969 3.937008 3.183231e-12 92.51969 25.25798 2.978595e-11 92.51969 25.25798 -19.68504 92.51969 25.25798 -19.68504 -6.902015e-15 25.25798 2.978595e-11 0 25.25798 3.001333e-11 69.38976 25.25798 2.978595e-11 92.51969 25.25798 -19.68504 92.51969 25.25798 -19.68504 92.51969 25.25798 2.978595e-11 92.51969 25.25798 3.001333e-11 69.38976 25.25798 2.978595e-11 0 25.25798 -19.68504 -6.902015e-15 25.25798 -19.68504 -6.902015e-15 3.937008 -19.68504 2.154745e-14 3.937008 3.183231e-12 5.89806e-15 25.25798 2.978595e-11 0 25.25798 2.978595e-11 0 3.937008 3.183231e-12 5.89806e-15 3.937008 -19.68504 2.154745e-14 25.25798 -19.68504 -6.902015e-15</float_array>
                    <technique_common>
                        <accessor count="26" source="#ID72" stride="3">
                            <param name="X" type="float" />
                            <param name="Y" type="float" />
                            <param name="Z" type="float" />
                        </accessor>
                    </technique_common>
                </source>
                <source id="ID70">
                    <float_array id="ID73" count="78">3.3326e-16 1.082867e-15 1 3.3326e-16 1.082867e-15 1 3.3326e-16 1.082867e-15 1 3.3326e-16 1.082867e-15 1 -3.3326e-16 -1.082867e-15 -1 -3.3326e-16 -1.082867e-15 -1 -3.3326e-16 -1.082867e-15 -1 -3.3326e-16 -1.082867e-15 -1 1 1.147478e-13 1.100992e-14 1 1.147478e-13 1.100992e-14 1 1.147478e-13 1.100992e-14 1 1.147478e-13 1.100992e-14 1 1.147478e-13 1.100992e-14 -1 -1.147478e-13 -1.100992e-14 -1 -1.147478e-13 -1.100992e-14 -1 -1.147478e-13 -1.100992e-14 -1 -1.147478e-13 -1.100992e-14 -1 -1.147478e-13 -1.100992e-14 -8.054867e-16 -2.221834e-16 -1 -8.054867e-16 -2.221834e-16 -1 -8.054867e-16 -2.221834e-16 -1 -8.054867e-16 -2.221834e-16 -1 8.054867e-16 2.221834e-16 1 8.054867e-16 2.221834e-16 1 8.054867e-16 2.221834e-16 1 8.054867e-16 2.221834e-16 1</float_array>
                    <technique_common>
                        <accessor count="26" source="#ID73" stride="3">
                            <param name="X" type="float" />
                            <param name="Y" type="float" />
                            <param name="Z" type="float" />
                        </accessor>
                    </technique_common>
                </source>
                <vertices id="ID71">
                    <input semantic="POSITION" source="#ID69" />
                    <input semantic="NORMAL" source="#ID70" />
                </vertices>
                <polylist count="3" material="Material3">
                    <input offset="0" semantic="VERTEX" source="#ID71" />
                    <vcount>4 5 4</vcount>
                    <p>0 1 2 3 8 9 10 11 12 18 19 20 21</p>
                </polylist>
                <polylist count="3" material="Material2">
                    <input offset="0" semantic="VERTEX" source="#ID71" />
                    <vcount>4 5 4</vcount>
                    <p>4 5 6 7 13 14 15 16 17 22 23 24 25</p>
                </polylist>
            </mesh>
        </geometry>
        <geometry id="ID74">
            <mesh>
                <source id="ID75">
                    <float_array id="ID78" count="210">3.937008 -19.68504 2.154745e-14 25.25798 -19.68504 -6.902015e-15 25.25798 -19.68504 92.51969 3.937008 -19.68504 92.51969 3.342393e-11 -19.68504 89.62844 3.937008 -19.68504 86.7372 3.183231e-11 -19.68504 83.84596 3.937008 -19.68504 80.95472 3.02407e-11 -19.68504 78.06348 3.937008 -19.68504 75.17224 2.864908e-11 -19.68504 72.281 3.937008 -19.68504 69.38976 2.705747e-11 -19.68504 66.49852 3.937008 -19.68504 63.60728 2.546585e-11 -19.68504 60.71604 3.937008 -19.68504 57.8248 2.387424e-11 -19.68504 54.93356 3.937008 -19.68504 52.04232 2.228262e-11 -19.68504 49.15108 3.937008 -19.68504 46.25984 2.0691e-11 -19.68504 43.3686 3.937008 -19.68504 40.47736 1.909939e-11 -19.68504 37.58612 3.937008 -19.68504 34.69488 1.750777e-11 -19.68504 31.80364 3.937008 -19.68504 28.9124 1.591616e-11 -19.68504 26.02116 3.937008 -19.68504 23.12992 1.432454e-11 -19.68504 20.23868 3.937008 -19.68504 17.34744 1.273293e-11 -19.68504 14.4562 3.937008 -19.68504 11.56496 1.114131e-11 -19.68504 8.67372 3.937008 -19.68504 5.78248 9.549694e-12 -19.68504 2.89124 9.549694e-12 -19.68504 2.89124 3.937008 -19.68504 5.78248 1.114131e-11 -19.68504 8.67372 3.937008 -19.68504 11.56496 1.273293e-11 -19.68504 14.4562 3.937008 -19.68504 17.34744 1.432454e-11 -19.68504 20.23868 3.937008 -19.68504 23.12992 1.591616e-11 -19.68504 26.02116 3.937008 -19.68504 28.9124 1.750777e-11 -19.68504 31.80364 3.937008 -19.68504 34.69488 1.909939e-11 -19.68504 37.58612 3.937008 -19.68504 40.47736 2.0691e-11 -19.68504 43.3686 3.937008 -19.68504 46.25984 2.228262e-11 -19.68504 49.15108 3.937008 -19.68504 52.04232 2.387424e-11 -19.68504 54.93356 3.937008 -19.68504 57.8248 2.546585e-11 -19.68504 60.71604 3.937008 -19.68504 63.60728 2.705747e-11 -19.68504 66.49852 3.937008 -19.68504 69.38976 2.864908e-11 -19.68504 72.281 3.937008 -19.68504 75.17224 3.02407e-11 -19.68504 78.06348 3.937008 -19.68504 80.95472 3.183231e-11 -19.68504 83.84596 3.937008 -19.68504 86.7372 3.342393e-11 -19.68504 89.62844 3.937008 -19.68504 92.51969 25.25798 -19.68504 92.51969 25.25798 -19.68504 -6.902015e-15 3.937008 -19.68504 2.154745e-14</float_array>
                    <technique_common>
                        <accessor count="70" source="#ID78" stride="3">
                            <param name="X" type="float" />
                            <param name="Y" type="float" />
                            <param name="Z" type="float" />
                        </accessor>
                    </technique_common>
                </source>
                <source id="ID76">
                    <float_array id="ID79" count="210">1.36543e-13 -1 1.346614e-15 1.36543e-13 -1 1.346614e-15 1.36543e-13 -1 1.346614e-15 1.36543e-13 -1 1.346614e-15 1.36543e-13 -1 1.346614e-15 1.36543e-13 -1 1.346614e-15 1.36543e-13 -1 1.346614e-15 1.36543e-13 -1 1.346614e-15 1.36543e-13 -1 1.346614e-15 1.36543e-13 -1 1.346614e-15 1.36543e-13 -1 1.346614e-15 1.36543e-13 -1 1.346614e-15 1.36543e-13 -1 1.346614e-15 1.36543e-13 -1 1.346614e-15 1.36543e-13 -1 1.346614e-15 1.36543e-13 -1 1.346614e-15 1.36543e-13 -1 1.346614e-15 1.36543e-13 -1 1.346614e-15 1.36543e-13 -1 1.346614e-15 1.36543e-13 -1 1.346614e-15 1.36543e-13 -1 1.346614e-15 1.36543e-13 -1 1.346614e-15 1.36543e-13 -1 1.346614e-15 1.36543e-13 -1 1.346614e-15 1.36543e-13 -1 1.346614e-15 1.36543e-13 -1 1.346614e-15 1.36543e-13 -1 1.346614e-15 1.36543e-13 -1 1.346614e-15 1.36543e-13 -1 1.346614e-15 1.36543e-13 -1 1.346614e-15 1.36543e-13 -1 1.346614e-15 1.36543e-13 -1 1.346614e-15 1.36543e-13 -1 1.346614e-15 1.36543e-13 -1 1.346614e-15 1.36543e-13 -1 1.346614e-15 -1.36543e-13 1 -1.346614e-15 -1.36543e-13 1 -1.346614e-15 -1.36543e-13 1 -1.346614e-15 -1.36543e-13 1 -1.346614e-15 -1.36543e-13 1 -1.346614e-15 -1.36543e-13 1 -1.346614e-15 -1.36543e-13 1 -1.346614e-15 -1.36543e-13 1 -1.346614e-15 -1.36543e-13 1 -1.346614e-15 -1.36543e-13 1 -1.346614e-15 -1.36543e-13 1 -1.346614e-15 -1.36543e-13 1 -1.346614e-15 -1.36543e-13 1 -1.346614e-15 -1.36543e-13 1 -1.346614e-15 -1.36543e-13 1 -1.346614e-15 -1.36543e-13 1 -1.346614e-15 -1.36543e-13 1 -1.346614e-15 -1.36543e-13 1 -1.346614e-15 -1.36543e-13 1 -1.346614e-15 -1.36543e-13 1 -1.346614e-15 -1.36543e-13 1 -1.346614e-15 -1.36543e-13 1 -1.346614e-15 -1.36543e-13 1 -1.346614e-15 -1.36543e-13 1 -1.346614e-15 -1.36543e-13 1 -1.346614e-15 -1.36543e-13 1 -1.346614e-15 -1.36543e-13 1 -1.346614e-15 -1.36543e-13 1 -1.346614e-15 -1.36543e-13 1 -1.346614e-15 -1.36543e-13 1 -1.346614e-15 -1.36543e-13 1 -1.346614e-15 -1.36543e-13 1 -1.346614e-15 -1.36543e-13 1 -1.346614e-15 -1.36543e-13 1 -1.346614e-15 -1.36543e-13 1 -1.346614e-15</float_array>
                    <technique_common>
                        <accessor count="70" source="#ID79" stride="3">
                            <param name="X" type="float" />
                            <param name="Y" type="float" />
                            <param name="Z" type="float" />
                        </accessor>
                    </technique_common>
                </source>
                <vertices id="ID77">
                    <input semantic="POSITION" source="#ID75" />
                    <input semantic="NORMAL" source="#ID76" />
                </vertices>
                <polylist count="2" material="Material2">
                    <input offset="0" semantic="VERTEX" source="#ID77" />
                    <vcount>35 35</vcount>
                    <p>0 1 2 3 4 5 6 7 8 9 10 11 12 13 14 15 16 17 18 19 20 21 22 23 24 25 26 27 28 29 30 31 32 33 34 35 36 37 38 39 40 41 42 43 44 45 46 47 48 49 50 51 52 53 54 55 56 57 58 59 60 61 62 63 64 65 66 67 68 69</p>
                </polylist>
            </mesh>
        </geometry>
        <geometry id="ID80">
            <mesh>
                <source id="ID81">
                    <float_array id="ID84" count="84">3.937008 2.273737e-12 57.8248 1.257022 5.911716e-12 59.79292 1.9663 1.591616e-11 60.50502 16.27042 2.273737e-11 46.25763 1.966292 6.139089e-12 31.89656 1.185504 3.865352e-12 32.67425 3.937008 2.273737e-12 34.69488 9.549694e-12 0 37.58612 3.937008 2.273737e-12 40.47736 1.114131e-11 1.136868e-12 43.3686 3.937008 2.273737e-12 46.25984 1.273293e-11 0 49.15108 3.937008 2.273737e-12 52.04232 1.432454e-11 0 54.93356 1.432454e-11 0 54.93356 3.937008 2.273737e-12 52.04232 1.273293e-11 0 49.15108 3.937008 2.273737e-12 46.25984 1.114131e-11 1.136868e-12 43.3686 3.937008 2.273737e-12 40.47736 9.549694e-12 0 37.58612 3.937008 2.273737e-12 34.69488 1.185504 3.865352e-12 32.67425 1.966292 6.139089e-12 31.89656 16.27042 2.273737e-11 46.25763 1.9663 1.591616e-11 60.50502 1.257022 5.911716e-12 59.79292 3.937008 2.273737e-12 57.8248</float_array>
                    <technique_common>
                        <accessor count="28" source="#ID84" stride="3">
                            <param name="X" type="float" />
                            <param name="Y" type="float" />
                            <param name="Z" type="float" />
                        </accessor>
                    </technique_common>
                </source>
                <source id="ID82">
                    <float_array id="ID85" count="84">-1.177558e-12 1 -1.252774e-13 -1.177558e-12 1 -1.252774e-13 -1.177558e-12 1 -1.252774e-13 -1.177558e-12 1 -1.252774e-13 -1.177558e-12 1 -1.252774e-13 -1.177558e-12 1 -1.252774e-13 -1.177558e-12 1 -1.252774e-13 -1.177558e-12 1 -1.252774e-13 -1.177558e-12 1 -1.252774e-13 -1.177558e-12 1 -1.252774e-13 -1.177558e-12 1 -1.252774e-13 -1.177558e-12 1 -1.252774e-13 -1.177558e-12 1 -1.252774e-13 -1.177558e-12 1 -1.252774e-13 1.177558e-12 -1 1.252774e-13 1.177558e-12 -1 1.252774e-13 1.177558e-12 -1 1.252774e-13 1.177558e-12 -1 1.252774e-13 1.177558e-12 -1 1.252774e-13 1.177558e-12 -1 1.252774e-13 1.177558e-12 -1 1.252774e-13 1.177558e-12 -1 1.252774e-13 1.177558e-12 -1 1.252774e-13 1.177558e-12 -1 1.252774e-13 1.177558e-12 -1 1.252774e-13 1.177558e-12 -1 1.252774e-13 1.177558e-12 -1 1.252774e-13 1.177558e-12 -1 1.252774e-13</float_array>
                    <technique_common>
                        <accessor count="28" source="#ID85" stride="3">
                            <param name="X" type="float" />
                            <param name="Y" type="float" />
                            <param name="Z" type="float" />
                        </accessor>
                    </technique_common>
                </source>
                <vertices id="ID83">
                    <input semantic="POSITION" source="#ID81" />
                    <input semantic="NORMAL" source="#ID82" />
                </vertices>
                <polylist count="2" material="Material2">
                    <input offset="0" semantic="VERTEX" source="#ID83" />
                    <vcount>14 14</vcount>
                    <p>0 1 2 3 4 5 6 7 8 9 10 11 12 13 14 15 16 17 18 19 20 21 22 23 24 25 26 27</p>
                </polylist>
            </mesh>
        </geometry>
        <geometry id="ID86">
            <mesh>
                <source id="ID87">
                    <float_array id="ID90" count="60">1.257022 5.911716e-12 59.79292 0.6078562 5.911716e-12 60.26965 1.968504 1.682565e-11 61.61417 17.38397 2.364686e-11 46.25984 1.968504 3.865352e-12 30.783 0.5432584 1.364242e-12 32.2026 1.185504 3.865352e-12 32.67425 1.966292 6.139089e-12 31.89656 16.27042 2.273737e-11 46.25763 1.9663 1.591616e-11 60.50502 1.9663 1.591616e-11 60.50502 16.27042 2.273737e-11 46.25763 1.966292 6.139089e-12 31.89656 1.185504 3.865352e-12 32.67425 0.5432584 1.364242e-12 32.2026 1.968504 3.865352e-12 30.783 17.38397 2.364686e-11 46.25984 1.968504 1.682565e-11 61.61417 0.6078562 5.911716e-12 60.26965 1.257022 5.911716e-12 59.79292</float_array>
                    <technique_common>
                        <accessor count="20" source="#ID90" stride="3">
                            <param name="X" type="float" />
                            <param name="Y" type="float" />
                            <param name="Z" type="float" />
                        </accessor>
                    </technique_common>
                </source>
                <source id="ID88">
                    <float_array id="ID91" count="60">-1.021511e-12 1 -2.600129e-13 -1.021511e-12 1 -2.600129e-13 -1.021511e-12 1 -2.600129e-13 -1.021511e-12 1 -2.600129e-13 -1.021511e-12 1 -2.600129e-13 -1.021511e-12 1 -2.600129e-13 -1.021511e-12 1 -2.600129e-13 -1.021511e-12 1 -2.600129e-13 -1.021511e-12 1 -2.600129e-13 -1.021511e-12 1 -2.600129e-13 1.021511e-12 -1 2.600129e-13 1.021511e-12 -1 2.600129e-13 1.021511e-12 -1 2.600129e-13 1.021511e-12 -1 2.600129e-13 1.021511e-12 -1 2.600129e-13 1.021511e-12 -1 2.600129e-13 1.021511e-12 -1 2.600129e-13 1.021511e-12 -1 2.600129e-13 1.021511e-12 -1 2.600129e-13 1.021511e-12 -1 2.600129e-13</float_array>
                    <technique_common>
                        <accessor count="20" source="#ID91" stride="3">
                            <param name="X" type="float" />
                            <param name="Y" type="float" />
                            <param name="Z" type="float" />
                        </accessor>
                    </technique_common>
                </source>
                <vertices id="ID89">
                    <input semantic="POSITION" source="#ID87" />
                    <input semantic="NORMAL" source="#ID88" />
                </vertices>
                <polylist count="1" material="Material3">
                    <input offset="0" semantic="VERTEX" source="#ID89" />
                    <vcount>10</vcount>
                    <p>0 1 2 3 4 5 6 7 8 9</p>
                </polylist>
                <polylist count="1" material="Material2">
                    <input offset="0" semantic="VERTEX" source="#ID89" />
                    <vcount>10</vcount>
                    <p>10 11 12 13 14 15 16 17 18 19</p>
                </polylist>
            </mesh>
        </geometry>
        <geometry id="ID92">
            <mesh>
                <source id="ID93">
                    <float_array id="ID98" count="240">21.25984 53.14961 0 21.25984 53.14961 69.38976 1.574803 53.14961 69.38976 1.574803 53.14961 1.022681e-14 21.25984 5.905512 0 21.25984 5.905512 92.51969 21.25984 31.16349 92.51969 21.25984 31.82863 92.51969 21.25984 53.14961 92.51969 21.25984 53.14961 69.38976 21.25984 53.14961 0 21.25984 59.05512 0 21.25984 59.05512 98.4252 21.25984 0 98.4252 21.25984 0 0 1.574803 53.14961 92.51969 1.574803 53.14961 69.38976 21.25984 53.14961 69.38976 21.25984 53.14961 92.51969 6.525624e-11 53.14961 3.37109e-15 1.574803 53.14961 1.022681e-14 1.574803 53.14961 69.38976 1.574803 53.14961 92.51969 6.525624e-11 53.14961 92.51969 1.574803 5.905512 92.51969 21.25984 5.905512 92.51969 21.25984 5.905512 0 1.574803 5.905512 1.022681e-14 21.25984 5.905512 92.51969 21.25984 31.16349 92.51969 1.574803 31.16349 92.51969 1.574803 5.905512 92.51969 1.574803 5.905512 92.51969 1.574803 31.16349 92.51969 21.25984 31.16349 92.51969 21.25984 5.905512 92.51969 1.574803 31.82863 92.51969 21.25984 31.82863 92.51969 21.25984 53.14961 92.51969 1.574803 53.14961 92.51969 1.574803 53.14961 92.51969 21.25984 53.14961 92.51969 21.25984 31.82863 92.51969 1.574803 31.82863 92.51969 7.378276e-11 59.05512 98.4252 21.25984 59.05512 98.4252 21.25984 59.05512 0 7.378276e-11 59.05512 3.37109e-15 21.25984 0 98.4252 21.25984 59.05512 98.4252 7.378276e-11 59.05512 98.4252 0 2.620482e-11 98.4252 21.25984 0 0 21.25984 0 98.4252 0 2.620482e-11 98.4252 0 2.620482e-11 3.37109e-15 1.574803 5.905512 92.51969 1.574803 31.16349 92.51969 1.574803 31.82863 92.51969 1.574803 53.14961 92.51969 6.525624e-11 53.14961 92.51969 8.98126e-12 5.905512 92.51969 8.98126e-12 5.905512 92.51969 6.525624e-11 53.14961 92.51969 1.574803 53.14961 92.51969 1.574803 31.82863 92.51969 1.574803 31.16349 92.51969 1.574803 5.905512 92.51969 8.98126e-12 5.905512 92.51969 8.753887e-12 5.905512 3.37109e-15 0 2.620482e-11 3.37109e-15 0 2.620482e-11 98.4252 7.378276e-11 59.05512 98.4252 7.378276e-11 59.05512 3.37109e-15 6.525624e-11 53.14961 3.37109e-15 6.525624e-11 53.14961 92.51969 8.98126e-12 5.905512 92.51969 1.574803 5.905512 92.51969 1.574803 5.905512 1.022681e-14 8.753887e-12 5.905512 3.37109e-15</float_array>
                    <technique_common>
                        <accessor count="80" source="#ID98" stride="3">
                            <param name="X" type="float" />
                            <param name="Y" type="float" />
                            <param name="Z" type="float" />
                        </accessor>
                    </technique_common>
                </source>
                <source id="ID94">
                    <float_array id="ID99" count="240">-1.503728e-12 -1 -6.50586e-14 -1.503728e-12 -1 -6.50586e-14 -1.503728e-12 -1 -6.50586e-14 -1.503728e-12 -1 -6.50586e-14 1 -1.218114e-12 5.009355e-14 1 -1.218114e-12 5.009355e-14 1 -1.218114e-12 5.009355e-14 1 -1.218114e-12 5.009355e-14 1 -1.218114e-12 5.009355e-14 1 -1.218114e-12 5.009355e-14 1 -1.218114e-12 5.009355e-14 1 -1.218114e-12 5.009355e-14 1 -1.218114e-12 5.009355e-14 1 -1.218114e-12 5.009355e-14 1 -1.218114e-12 5.009355e-14 -1.221474e-12 -1 2.752479e-13 -1.221474e-12 -1 2.752479e-13 -1.221474e-12 -1 2.752479e-13 -1.221474e-12 -1 2.752479e-13 -2.520915e-12 -1 -1.100992e-14 -2.520915e-12 -1 -1.100992e-14 -2.520915e-12 -1 -1.100992e-14 -2.520915e-12 -1 -1.100992e-14 -2.520915e-12 -1 -1.100992e-14 1.431653e-12 1 -1.939726e-14 1.431653e-12 1 -1.939726e-14 1.431653e-12 1 -1.939726e-14 1.431653e-12 1 -1.939726e-14 -5.499835e-28 -5.626283e-16 1 -5.499835e-28 -5.626283e-16 1 -5.499835e-28 -5.626283e-16 1 -5.499835e-28 -5.626283e-16 1 5.499835e-28 5.626283e-16 -1 5.499835e-28 5.626283e-16 -1 5.499835e-28 5.626283e-16 -1 5.499835e-28 5.626283e-16 -1 6.505331e-28 6.665199e-16 1 6.505331e-28 6.665199e-16 1 6.505331e-28 6.665199e-16 1 6.505331e-28 6.665199e-16 1 -6.505331e-28 -6.665199e-16 -1 -6.505331e-28 -6.665199e-16 -1 -6.505331e-28 -6.665199e-16 -1 -6.505331e-28 -6.665199e-16 -1 1.232597e-12 1 -3.722544e-32 1.232597e-12 1 -3.722544e-32 1.232597e-12 1 -3.722544e-32 1.232597e-12 1 -3.722544e-32 1.585661e-16 -1.939046e-28 1 1.585661e-16 -1.939046e-28 1 1.585661e-16 -1.939046e-28 1 1.585661e-16 -1.939046e-28 1 -1.232597e-12 -1 9.455261e-30 -1.232597e-12 -1 9.455261e-30 -1.232597e-12 -1 9.455261e-30 -1.232597e-12 -1 9.455261e-30 -4.504127e-15 -1.251023e-17 1 -4.504127e-15 -1.251023e-17 1 -4.504127e-15 -1.251023e-17 1 -4.504127e-15 -1.251023e-17 1 -4.504127e-15 -1.251023e-17 1 -4.504127e-15 -1.251023e-17 1 4.504127e-15 1.251023e-17 -1 4.504127e-15 1.251023e-17 -1 4.504127e-15 1.251023e-17 -1 4.504127e-15 1.251023e-17 -1 4.504127e-15 1.251023e-17 -1 4.504127e-15 1.251023e-17 -1 -1 1.222204e-12 1.585661e-16 -1 1.222204e-12 1.585661e-16 -1 1.222204e-12 1.585661e-16 -1 1.222204e-12 1.585661e-16 -1 1.222204e-12 1.585661e-16 -1 1.222204e-12 1.585661e-16 -1 1.222204e-12 1.585661e-16 -1 1.222204e-12 1.585661e-16 2.501423e-12 1 1.130483e-14 2.501423e-12 1 1.130483e-14 2.501423e-12 1 1.130483e-14 2.501423e-12 1 1.130483e-14</float_array>
                    <technique_common>
                        <accessor count="80" source="#ID99" stride="3">
                            <param name="X" type="float" />
                            <param name="Y" type="float" />
                            <param name="Z" type="float" />
                        </accessor>
                    </technique_common>
                </source>
                <vertices id="ID95">
                    <input semantic="POSITION" source="#ID93" />
                    <input semantic="NORMAL" source="#ID94" />
                </vertices>
                <polylist count="13" material="Material2">
                    <input offset="0" semantic="VERTEX" source="#ID95" />
                    <vcount>4 11 4 5 4 4 4 4 4 4 6 8 4</vcount>
                    <p>0 1 2 3 4 5 6 7 8 9 10 11 12 13 14 15 16 17 18 19 20 21 22 23 24 25 26 27 32 33 34 35 40 41 42 43 44 45 46 47 48 49 50 51 52 53 54 55 62 63 64 65 66 67 68 69 70 71 72 73 74 75 76 77 78 79</p>
                </polylist>
                <polylist count="3" material="Material3">
                    <input offset="0" semantic="VERTEX" source="#ID95" />
                    <vcount>4 4 6</vcount>
                    <p>28 29 30 31 36 37 38 39 56 57 58 59 60 61</p>
                </polylist>
            </mesh>
        </geometry>
    </library_geometries>
    <library_materials>
        <material id="ID6" name="Chris_Shirt">
            <instance_effect url="#ID7" />
        </material>
        <material id="ID14" name="Chris_Shoe">
            <instance_effect url="#ID15" />
        </material>
        <material id="ID19" name="material_6">
            <instance_effect url="#ID20" />
        </material>
        <material id="ID61" name="Chris_Hair">
            <instance_effect url="#ID62" />
        </material>
        <material id="ID97" name="material">
            <instance_effect url="#ID96" />
        </material>
    </library_materials>
    <library_effects>
        <effect id="ID7">
            <profile_COMMON>
                <technique sid="COMMON">
                    <lambert>
                        <diffuse>
                            <color>0.1568627 0.1490196 0.2039216 1</color>
                        </diffuse>
                    </lambert>
                </technique>
            </profile_COMMON>
        </effect>
        <effect id="ID15">
            <profile_COMMON>
                <technique sid="COMMON">
                    <lambert>
                        <diffuse>
                            <color>0.09019608 0.08627451 0.08627451 1</color>
                        </diffuse>
                    </lambert>
                </technique>
            </profile_COMMON>
        </effect>
        <effect id="ID20">
            <profile_COMMON>
                <technique sid="COMMON">
                    <lambert>
                        <diffuse>
                            <color>0 0.4901961 0.5058824 1</color>
                        </diffuse>
                    </lambert>
                </technique>
            </profile_COMMON>
        </effect>
        <effect id="ID62">
            <profile_COMMON>
                <technique sid="COMMON">
                    <lambert>
                        <diffuse>
                            <color>0.1098039 0.1176471 0.1137255 1</color>
                        </diffuse>
                    </lambert>
                </technique>
            </profile_COMMON>
        </effect>
        <effect id="ID96">
            <profile_COMMON>
                <technique sid="COMMON">
                    <lambert>
                        <diffuse>
                            <color>1 1 1 1</color>
                        </diffuse>
                    </lambert>
                </technique>
            </profile_COMMON>
        </effect>
    </library_effects>
    <scene>
        <instance_visual_scene url="#ID2" />
    </scene>
</COLLADA>
