# Export of 
# from Aaro4130 OBJ Exporter v2.0
mtllib unityexport.mtl
g upper_teeth_low
v 7.95867 2.432709 -2.369307
v 7.960295 2.445434 -2.368564
v 7.950156 2.432412 -2.371823
v 7.949304 2.446681 -2.367867
v 7.939366 2.447373 -2.37145
v 7.938419 2.435886 -2.374629
v 7.950303 2.457862 -2.372223
v 7.941571 2.456819 -2.375
v 7.931298 2.45869 -2.380862
v 7.929608 2.447617 -2.37863
v 7.921679 2.456249 -2.386245
v 7.920978 2.446552 -2.385164
v 7.929486 2.433678 -2.379021
v 7.924225 2.435519 -2.38585
v 7.940479 2.433037 -2.373531
v 7.916273 2.4577 -2.391982
v 7.911694 2.444884 -2.387496
v 7.920907 2.431107 -2.386009
v 7.912032 2.456065 -2.400096
v 7.907121 2.445677 -2.398482
v 7.916906 2.428258 -2.388222
v 7.909093 2.435812 -2.397441
v 7.908684 2.457299 -2.407159
v 7.908539 2.447937 -2.405093
v 7.910605 2.432799 -2.405543
v 7.902761 2.457131 -2.417112
v 7.902438 2.449538 -2.415502
v 7.900784 2.429339 -2.414112
v 7.896125 2.453322 -2.432086
v 7.89651 2.445879 -2.430416
v 7.897208 2.433144 -2.42768
v 7.89602 2.45535 -2.444839
v 7.897403 2.447663 -2.4442
v 7.897692 2.437481 -2.452028
v 7.902322 2.430357 -2.445412
v 7.900054 2.451863 -2.460578
v 7.899014 2.444361 -2.460049
v 7.907983 2.450722 -2.468152
v 7.904697 2.443245 -2.467699
v 7.902636 2.437027 -2.465019
v 7.906428 2.431997 -2.459964
v 7.951587 2.476809 -2.379575
v 7.941353 2.474236 -2.382463
v 7.931641 2.472262 -2.387456
v 7.925965 2.470411 -2.391848
v 7.920281 2.469764 -2.397325
v 7.91509 2.46918 -2.403689
v 7.912572 2.468709 -2.409632
v 7.908566 2.468265 -2.419144
v 7.901333 2.466298 -2.431859
v 7.901965 2.466823 -2.443862
v 7.905916 2.462407 -2.458973
v 7.909451 2.459369 -2.465766
v 7.898624 2.43863 -2.412477
v 7.961871 2.444956 -2.368836
v 7.965071 2.432709 -2.369307
v 7.963446 2.445434 -2.368564
v 7.974438 2.446681 -2.367867
v 7.973586 2.432412 -2.371823
v 7.982171 2.456819 -2.375
v 7.984375 2.447373 -2.37145
v 7.973439 2.457862 -2.372223
v 7.992443 2.45869 -2.380862
v 7.994133 2.447617 -2.37863
v 8.002063 2.456249 -2.386245
v 8.002764 2.446552 -2.385164
v 7.994256 2.433678 -2.379021
v 7.985322 2.435886 -2.374629
v 7.999516 2.435519 -2.38585
v 7.983263 2.433037 -2.373531
v 8.007468 2.4577 -2.391982
v 8.012047 2.444884 -2.387496
v 8.002834 2.431107 -2.386009
v 8.011709 2.456065 -2.400096
v 8.016621 2.445677 -2.398482
v 8.006835 2.428258 -2.388222
v 8.014648 2.435812 -2.397441
v 8.015057 2.457299 -2.407159
v 8.015202 2.447937 -2.405093
v 8.013137 2.432799 -2.405543
v 8.020981 2.457131 -2.417112
v 8.021303 2.449538 -2.415502
v 8.022958 2.429339 -2.414112
v 8.025117 2.43863 -2.412477
v 8.027617 2.453322 -2.432086
v 8.027231 2.445879 -2.430416
v 8.026533 2.433144 -2.42768
v 8.027721 2.45535 -2.444839
v 8.026338 2.447663 -2.4442
v 8.026049 2.437481 -2.452028
v 8.02142 2.430357 -2.445412
v 8.023687 2.451863 -2.460578
v 8.024727 2.444361 -2.460049
v 8.015759 2.450722 -2.468152
v 8.019044 2.443245 -2.467699
v 8.021106 2.437027 -2.465019
v 8.017313 2.431997 -2.459964
v 7.982388 2.474236 -2.382463
v 7.972155 2.476809 -2.379575
v 7.992101 2.472262 -2.387456
v 7.997776 2.470411 -2.391848
v 8.00346 2.469764 -2.397325
v 8.008651 2.46918 -2.403689
v 8.011169 2.468709 -2.409632
v 8.015175 2.468265 -2.419144
v 8.022408 2.466298 -2.431859
v 8.021776 2.466823 -2.443862
v 8.017826 2.462407 -2.458973
v 8.014291 2.459369 -2.465766
v 7.961871 2.456516 -2.372355
v 7.961871 2.454187 -2.371575
v 7.961871 2.439883 -2.370353
v 7.961871 2.476685 -2.379181
vn -0.08882306 -0.02196246 0.5700541
vn 0.06971701 0.03668039 0.5719506
vn -0.0947915 -0.1173068 0.5573035
vn -0.0719384 0.04317482 0.5712217
vn -0.2575584 0.08142991 0.510261
vn -0.300149 -0.1084292 0.481131
vn -0.08032614 0.2061862 0.5332621
vn -0.2238388 0.2107618 0.488681
vn -0.2757851 0.1966154 0.4675665
vn -0.3275597 0.07191328 0.4699644
vn -0.3154922 0.2022456 0.4391979
vn -0.2518175 0.01612876 0.5192892
vn -0.356029 -0.07568256 0.4481617
vn -0.2334888 -0.1009565 0.5182896
vn -0.2114881 -0.1232533 0.5228909
vn -0.4123517 0.2539257 0.3143584
vn -0.408603 0.03470309 0.4064144
vn -0.1527502 -0.06642449 0.5528007
vn -0.5034087 0.193518 0.2060675
vn -0.5688869 0.05961057 0.07840609
vn -0.3561896 -0.1138839 0.4398782
vn -0.5420396 -0.0896192 0.1774678
vn -0.4880991 0.1580854 0.264767
vn -0.5409837 0.08506925 0.1828473
vn -0.5074873 -0.08904804 0.2605003
vn -0.4967069 0.170831 0.2396503
vn -0.5048335 0.1449467 0.2397227
vn -0.4672615 -0.1344414 0.3113288
vn -0.5606033 0.09560339 0.09958561
vn -0.5753087 -0.01563644 0.04592048
vn -0.5737077 -0.06090451 -0.0219874
vn -0.5604511 0.1114425 -0.08251239
vn -0.5673513 -0.09685147 -0.04544871
vn -0.5381069 -0.20567 -0.03839419
vn -0.526859 -0.2312903 -0.04751457
vn -0.4861493 0.1374631 -0.2794566
vn -0.5311944 0.01327201 -0.2258089
vn -0.3940085 0.1426717 -0.3971592
vn -0.4486662 0.1033432 -0.3483565
vn -0.4846924 -0.1962818 -0.2447041
vn -0.3828764 -0.4092794 -0.1386703
vn -0.1007685 0.2115722 0.5276517
vn -0.2353152 0.20365 0.4862991
vn -0.3190713 0.2068888 0.4344237
vn -0.3587936 0.2384779 0.3843552
vn -0.3854926 0.2673019 0.3365688
vn -0.4820184 0.2069226 0.2411942
vn -0.4985196 0.2009139 0.21082
vn -0.4651031 0.2594234 0.2229616
vn -0.5205274 0.229872 0.09769014
vn -0.5109701 0.2538947 -0.08820611
vn -0.4412602 0.2758656 -0.2500419
vn -0.3837596 0.2268212 -0.3668979
vn -0.4788171 -0.009696467 0.3224492
vn 0 -0.03240323 0.5764404
vn 0.08882309 -0.02196246 0.5700541
vn -0.069717 0.03668038 0.5719506
vn 0.07193839 0.04317481 0.5712217
vn 0.0947915 -0.1173068 0.5573035
vn 0.2238387 0.2107618 0.488681
vn 0.2575583 0.08142991 0.510261
vn 0.08032614 0.2061862 0.5332621
vn 0.2757851 0.1966153 0.4675665
vn 0.3275597 0.07191328 0.4699644
vn 0.3154923 0.2022456 0.4391979
vn 0.2518176 0.01612885 0.5192891
vn 0.356029 -0.07568251 0.4481617
vn 0.3001489 -0.1084293 0.4811311
vn 0.2334887 -0.1009564 0.5182898
vn 0.211488 -0.1232533 0.5228909
vn 0.4123516 0.2539257 0.3143584
vn 0.408603 0.0347031 0.4064144
vn 0.1527502 -0.06642448 0.5528007
vn 0.5034087 0.193518 0.2060675
vn 0.5688869 0.05961057 0.07840609
vn 0.3561896 -0.1138838 0.4398782
vn 0.5420396 -0.0896192 0.1774678
vn 0.4880991 0.1580855 0.2647669
vn 0.5409837 0.08506925 0.1828473
vn 0.5074873 -0.08904804 0.2605003
vn 0.4967069 0.1708311 0.2396503
vn 0.5048335 0.1449466 0.2397227
vn 0.4672616 -0.1344412 0.3113286
vn 0.4788171 -0.009696433 0.3224491
vn 0.5606033 0.09560337 0.0995855
vn 0.5753087 -0.0156365 0.04592048
vn 0.5737076 -0.06090459 -0.02198733
vn 0.5604511 0.1114425 -0.08251241
vn 0.5673513 -0.09685136 -0.04544871
vn 0.5381069 -0.20567 -0.03839424
vn 0.526859 -0.2312903 -0.04751463
vn 0.4861494 0.1374632 -0.2794566
vn 0.5311944 0.01327193 -0.2258088
vn 0.3940085 0.1426717 -0.3971592
vn 0.4486662 0.1033432 -0.3483565
vn 0.4846924 -0.1962818 -0.244704
vn 0.3828765 -0.4092793 -0.1386703
vn 0.2353152 0.2036501 0.4862991
vn 0.1007685 0.2115722 0.5276517
vn 0.3190712 0.2068888 0.4344238
vn 0.3587937 0.2384777 0.384355
vn 0.3854927 0.2673017 0.3365687
vn 0.4820184 0.2069226 0.2411942
vn 0.4985197 0.2009139 0.21082
vn 0.4651031 0.2594235 0.2229616
vn 0.5205274 0.229872 0.09769017
vn 0.5109702 0.2538946 -0.08820616
vn 0.4412602 0.2758656 -0.2500418
vn 0.3837596 0.2268212 -0.3668979
vn 0 0.1841733 0.547187
vn 0 0.1823329 0.547803
vn 0 -0.09041626 0.5702266
vn 0 0.2018267 0.5409247
vt 0.2420897 0.01572877
vt 0.2432666 0.02169749
vt 0.2378677 0.01560313
vt 0.2382512 0.02244803
vt 0.2335561 0.02310771
vt 0.2319463 0.01778665
vt 0.2386126 0.02797788
vt 0.2342507 0.02785018
vt 0.2288106 0.02930659
vt 0.2280447 0.02391902
vt 0.2235354 0.02876887
vt 0.2230095 0.02407119
vt 0.2271735 0.01739097
vt 0.2232983 0.01853195
vt 0.233094 0.01630497
vt 0.2199919 0.03019685
vt 0.2187676 0.02389631
vt 0.2211367 0.01666066
vt 0.2154942 0.0307346
vt 0.2138377 0.02562025
vt 0.2182684 0.01587242
vt 0.2134679 0.02091914
vt 0.2120689 0.03224912
vt 0.2113561 0.02758169
vt 0.2094316 0.02043137
vt 0.2068273 0.03385606
vt 0.2061804 0.03027636
vt 0.2029704 0.02100289
vt 0.1990599 0.0348289
vt 0.198399 0.03130156
vt 0.1972794 0.02523863
vt 0.1941212 0.03802082
vt 0.1928845 0.0346742
vt 0.1876363 0.03207895
vt 0.1885768 0.02722773
vt 0.1866648 0.03965411
vt 0.1854986 0.03645587
vt 0.1820711 0.04186854
vt 0.1812657 0.03781781
vt 0.1815863 0.03431484
vt 0.1819814 0.03042546
vt 0.2390051 0.03752738
vt 0.233666 0.03672698
vt 0.2282383 0.03640801
vt 0.2245825 0.0361588
vt 0.2206663 0.03658739
vt 0.2166783 0.03716955
vt 0.2136634 0.03790206
vt 0.2089948 0.03942454
vt 0.2019888 0.04070705
vt 0.1966416 0.04349253
vt 0.1887622 0.04490885
vt 0.1847738 0.04537034
vt 0.2046806 0.02501887
vt 0.2440202 0.02147445
vt 0.245906 0.01571372
vt 0.2447753 0.02169156
vt 0.2497962 0.02240312
vt 0.250127 0.01555544
vt 0.2538377 0.02777433
vt 0.2544962 0.02302656
vt 0.2494773 0.02793571
vt 0.2592884 0.02918914
vt 0.2600134 0.02379581
vt 0.2645591 0.02861145
vt 0.2650496 0.0239099
vt 0.2608352 0.01726136
vt 0.2560654 0.01769334
vt 0.2647192 0.01837301
vt 0.2549062 0.01622045
vt 0.2681132 0.03001264
vt 0.2692901 0.02370316
vt 0.266867 0.01648545
vt 0.2726146 0.03051677
vt 0.2742328 0.02539024
vt 0.2697294 0.01567569
vt 0.2745677 0.02068642
vt 0.2760509 0.03200585
vt 0.2767289 0.02733335
vt 0.2786008 0.02016905
vt 0.2813039 0.03357413
vt 0.2819245 0.02998981
vt 0.2850662 0.02069312
vt 0.2833853 0.0247215
vt 0.289078 0.03449014
vt 0.2897131 0.030958
vt 0.2907881 0.02488717
vt 0.2940398 0.03764611
vt 0.295252 0.03429067
vt 0.3004811 0.03165722
vt 0.2995051 0.02681285
vt 0.3015077 0.0392251
vt 0.3026508 0.03601846
vt 0.3061175 0.04140598
vt 0.3068935 0.03734928
vt 0.3065472 0.03384861
vt 0.3061238 0.02996218
vt 0.2544904 0.03664643
vt 0.2491581 0.03748795
vt 0.2599149 0.03628597
vt 0.2635681 0.03600901
vt 0.2674866 0.03640798
vt 0.2714784 0.03696021
vt 0.2744982 0.03767034
vt 0.2791774 0.03915837
vt 0.2861921 0.04038936
vt 0.2915593 0.043136
vt 0.2994486 0.04449496
vt 0.3034402 0.04492745
vt 0.2440428 0.02736139
vt 0.244038 0.02610675
vt 0.2440104 0.01894906
vt 0.2440814 0.03742668
usemtl troll_low_troll_body_mat_AlbedoTransparency
f 4/4/4 3/3/3 2/2/2
f 1/1/1 2/2/2 3/3/3
f 3/3/3 4/4/4 15/15/15
f 5/5/5 15/15/15 4/4/4
f 5/5/5 4/4/4 8/8/8
f 7/7/7 8/8/8 4/4/4
f 4/4/4 2/2/2 7/7/7
f 5/5/5 8/8/8 10/10/10
f 9/9/9 10/10/10 8/8/8
f 9/9/9 11/11/11 10/10/10
f 12/12/12 10/10/10 11/11/11
f 10/10/10 13/13/13 5/5/5
f 10/10/10 12/12/12 13/13/13
f 6/6/6 5/5/5 13/13/13
f 6/6/6 15/15/15 5/5/5
f 14/14/14 13/13/13 12/12/12
f 12/12/12 11/11/11 17/17/17
f 16/16/16 17/17/17 11/11/11
f 17/17/17 18/18/18 12/12/12
f 14/14/14 12/12/12 18/18/18
f 16/16/16 19/19/19 17/17/17
f 20/20/20 17/17/17 19/19/19
f 18/18/18 17/17/17 21/21/21
f 17/17/17 20/20/20 21/21/21
f 22/22/22 21/21/21 20/20/20
f 20/20/20 19/19/19 24/24/24
f 23/23/23 24/24/24 19/19/19
f 24/24/24 25/25/25 20/20/20
f 22/22/22 20/20/20 25/25/25
f 24/24/24 23/23/23 27/27/27
f 26/26/26 27/27/27 23/23/23
f 25/25/25 24/24/24 28/28/28
f 54/54/54 28/28/28 24/24/24
f 27/27/27 54/54/54 24/24/24
f 27/27/27 26/26/26 30/30/30
f 27/27/27 30/30/30 54/54/54
f 29/29/29 30/30/30 26/26/26
f 28/28/28 54/54/54 31/31/31
f 30/30/30 31/31/31 54/54/54
f 29/29/29 32/32/32 30/30/30
f 33/33/33 30/30/30 32/32/32
f 30/30/30 33/33/33 35/35/35
f 31/31/31 30/30/30 35/35/35
f 34/34/34 35/35/35 33/33/33
f 32/32/32 36/36/36 33/33/33
f 37/37/37 33/33/33 36/36/36
f 34/34/34 33/33/33 37/37/37
f 36/36/36 38/38/38 37/37/37
f 39/39/39 37/37/37 38/38/38
f 39/39/39 40/40/40 37/37/37
f 34/34/34 37/37/37 40/40/40
f 40/40/40 41/41/41 34/34/34
f 35/35/35 34/34/34 41/41/41
f 29/29/29 26/26/26 50/50/50
f 49/49/49 50/50/50 26/26/26
f 26/26/26 23/23/23 49/49/49
f 48/48/48 49/49/49 23/23/23
f 23/23/23 19/19/19 48/48/48
f 47/47/47 48/48/48 19/19/19
f 19/19/19 16/16/16 47/47/47
f 46/46/46 47/47/47 16/16/16
f 16/16/16 11/11/11 46/46/46
f 45/45/45 46/46/46 11/11/11
f 11/11/11 9/9/9 45/45/45
f 44/44/44 45/45/45 9/9/9
f 9/9/9 8/8/8 44/44/44
f 43/43/43 44/44/44 8/8/8
f 8/8/8 7/7/7 43/43/43
f 42/42/42 43/43/43 7/7/7
f 42/42/42 7/7/7 113/113/113
f 110/110/110 113/113/113 7/7/7
f 7/7/7 2/2/2 110/110/110
f 2/2/2 111/111/111 110/110/110
f 2/2/2 55/55/55 111/111/111
f 55/55/55 2/2/2 112/112/112
f 1/1/1 112/112/112 2/2/2
f 111/111/111 57/57/57 110/110/110
f 55/55/55 57/57/57 111/111/111
f 55/55/55 112/112/112 57/57/57
f 57/57/57 62/62/62 110/110/110
f 110/110/110 62/62/62 113/113/113
f 58/58/58 62/62/62 57/57/57
f 58/58/58 57/57/57 59/59/59
f 56/56/56 59/59/59 57/57/57
f 56/56/56 57/57/57 112/112/112
f 62/62/62 58/58/58 60/60/60
f 61/61/61 60/60/60 58/58/58
f 61/61/61 64/64/64 60/60/60
f 63/63/63 60/60/60 64/64/64
f 63/63/63 64/64/64 65/65/65
f 66/66/66 65/65/65 64/64/64
f 64/64/64 61/61/61 67/67/67
f 64/64/64 67/67/67 66/66/66
f 68/68/68 67/67/67 61/61/61
f 69/69/69 66/66/66 67/67/67
f 59/59/59 70/70/70 58/58/58
f 61/61/61 58/58/58 70/70/70
f 70/70/70 68/68/68 61/61/61
f 66/66/66 72/72/72 65/65/65
f 71/71/71 65/65/65 72/72/72
f 69/69/69 73/73/73 66/66/66
f 72/72/72 66/66/66 73/73/73
f 71/71/71 72/72/72 74/74/74
f 75/75/75 74/74/74 72/72/72
f 72/72/72 73/73/73 76/76/76
f 72/72/72 76/76/76 75/75/75
f 77/77/77 75/75/75 76/76/76
f 75/75/75 79/79/79 74/74/74
f 78/78/78 74/74/74 79/79/79
f 77/77/77 80/80/80 75/75/75
f 79/79/79 75/75/75 80/80/80
f 79/79/79 82/82/82 78/78/78
f 81/81/81 78/78/78 82/82/82
f 80/80/80 83/83/83 79/79/79
f 84/84/84 79/79/79 83/83/83
f 84/84/84 82/82/82 79/79/79
f 82/82/82 86/86/86 81/81/81
f 86/86/86 82/82/82 84/84/84
f 85/85/85 81/81/81 86/86/86
f 86/86/86 84/84/84 87/87/87
f 83/83/83 87/87/87 84/84/84
f 85/85/85 86/86/86 88/88/88
f 89/89/89 88/88/88 86/86/86
f 86/86/86 91/91/91 89/89/89
f 86/86/86 87/87/87 91/91/91
f 90/90/90 89/89/89 91/91/91
f 88/88/88 89/89/89 92/92/92
f 93/93/93 92/92/92 89/89/89
f 89/89/89 90/90/90 93/93/93
f 92/92/92 93/93/93 94/94/94
f 95/95/95 94/94/94 93/93/93
f 90/90/90 96/96/96 93/93/93
f 95/95/95 93/93/93 96/96/96
f 91/91/91 97/97/97 90/90/90
f 96/96/96 90/90/90 97/97/97
f 85/85/85 106/106/106 81/81/81
f 106/106/106 85/85/85 107/107/107
f 88/88/88 107/107/107 85/85/85
f 92/92/92 108/108/108 88/88/88
f 107/107/107 88/88/88 108/108/108
f 94/94/94 109/109/109 92/92/92
f 108/108/108 92/92/92 109/109/109
f 105/105/105 81/81/81 106/106/106
f 81/81/81 105/105/105 78/78/78
f 104/104/104 78/78/78 105/105/105
f 78/78/78 104/104/104 74/74/74
f 103/103/103 74/74/74 104/104/104
f 74/74/74 103/103/103 71/71/71
f 102/102/102 71/71/71 103/103/103
f 71/71/71 102/102/102 65/65/65
f 101/101/101 65/65/65 102/102/102
f 65/65/65 101/101/101 63/63/63
f 100/100/100 63/63/63 101/101/101
f 63/63/63 100/100/100 60/60/60
f 98/98/98 60/60/60 100/100/100
f 60/60/60 98/98/98 62/62/62
f 99/99/99 62/62/62 98/98/98
f 99/99/99 113/113/113 62/62/62
f 32/32/32 29/29/29 51/51/51
f 50/50/50 51/51/51 29/29/29
f 51/51/51 52/52/52 32/32/32
f 36/36/36 32/32/32 52/52/52
f 52/52/52 53/53/53 36/36/36
f 38/38/38 36/36/36 53/53/53
g troll_body_low
v 7.840598 2.000923 -2.64578
v 7.841398 1.904102 -2.605756
v 7.705784 1.990045 -2.659463
v 7.694003 1.85702 -2.618531
v 7.574157 1.994582 -2.70435
v 7.52993 1.873013 -2.696168
v 7.463946 2.026233 -2.755431
v 7.430159 1.940825 -2.768672
v 7.850022 1.822687 -2.588092
v 7.687996 1.769572 -2.61843
v 7.516288 1.783851 -2.720224
v 7.383098 1.867934 -2.81256
v 7.850353 1.790752 -2.592395
v 7.699462 1.72485 -2.636937
v 7.534656 1.734152 -2.801617
v 7.422431 1.810064 -2.911246
v 7.302544 1.922429 -2.910385
v 7.311435 1.963355 -2.860411
v 7.346844 2.032495 -2.817058
v 7.385818 2.104006 -2.817434
v 7.854104 2.092391 -2.671136
v 7.861486 2.159855 -2.670736
v 7.885471 2.236226 -2.631716
v 7.352623 2.133189 -2.827335
v 7.314779 2.070468 -2.83111
v 7.261045 2.20215 -2.8259
v 7.216236 2.130619 -2.831559
v 7.396058 2.283205 -2.874164
v 7.273664 2.284867 -2.863899
v 7.380225 2.361411 -2.969617
v 7.255349 2.36317 -2.987036
v 7.346533 2.430942 -3.054796
v 7.235007 2.466345 -3.110619
v 7.423007 2.535573 -3.151164
v 7.254634 2.533065 -3.208591
v 7.446198 2.54477 -3.276502
v 7.27001 2.541234 -3.31481
v 7.491062 2.536883 -3.423309
v 7.334187 2.501895 -3.444598
v 7.524859 2.462422 -3.566387
v 7.36004 2.453055 -3.577874
v 7.471103 2.218885 -3.691236
v 7.293735 2.230988 -3.684448
v 7.47 2.249295 -2.875284
v 7.531303 2.140235 -2.785751
v 7.599458 2.113819 -2.744692
v 7.723665 2.094434 -2.701419
v 7.485888 2.346449 -2.930191
v 7.60158 2.231974 -2.812368
v 7.615083 2.29028 -2.821528
v 7.746178 2.18489 -2.718492
v 7.756424 2.234315 -2.708676
v 7.800181 2.314136 -2.621192
v 7.790912 2.291805 -2.64764
v 7.77236 2.390981 -2.669714
v 7.752593 2.361867 -2.705739
v 7.751867 2.466665 -2.703803
v 7.727659 2.425346 -2.747106
v 7.737619 2.531974 -2.74496
v 7.705368 2.487216 -2.779675
v 7.709952 2.582263 -2.74162
v 7.663011 2.540969 -2.783067
v 7.72044 2.662061 -2.772408
v 7.646862 2.630968 -2.82496
v 7.774134 2.71664 -2.803033
v 7.727141 2.708734 -2.884818
v 7.874218 2.773073 -2.825873
v 7.857833 2.766421 -2.89911
v 7.867327 2.190062 -2.668045
v 7.780591 2.275504 -2.669833
v 7.730079 2.317392 -2.727953
v 7.691931 2.370506 -2.777282
v 7.651368 2.423641 -2.834742
v 7.607096 2.491535 -2.828557
v 7.582867 2.603981 -2.870108
v 7.714281 2.722161 -2.952112
v 7.860085 2.765283 -2.992359
v 7.632983 2.335803 -2.818557
v 7.589535 2.38647 -2.879018
v 7.545399 2.447115 -2.872499
v 7.462957 2.415577 -2.919873
v 7.403159 2.420123 -2.956744
v 7.382991 2.460387 -3.001765
v 7.424814 2.537764 -3.062949
v 7.504835 2.546453 -2.913896
v 7.447779 2.499912 -2.951735
v 7.466555 2.570033 -3.01822
v 7.523134 2.621193 -2.992071
v 7.601423 2.678221 -2.997793
v 7.716421 2.732405 -3.059864
v 7.85211 2.759829 -3.087977
v 7.478659 2.593352 -3.139557
v 7.551674 2.648928 -3.133907
v 7.626292 2.688782 -3.145569
v 7.722263 2.730678 -3.179823
v 7.847939 2.746475 -3.191757
v 7.513957 2.602211 -3.276277
v 7.582521 2.649376 -3.259002
v 7.638452 2.684831 -3.266864
v 7.736756 2.717037 -3.28849
v 7.859113 2.714658 -3.30209
v 7.587167 2.603271 -3.440259
v 7.731703 2.655225 -3.466625
v 7.854469 2.637376 -3.474102
v 7.860023 1.685576 -2.531933
v 7.874579 1.605902 -2.535837
v 7.729168 1.639026 -2.582896
v 7.77216 1.568223 -2.565788
v 7.607822 1.668452 -2.702528
v 7.637597 1.58863 -2.657684
v 7.673937 1.522879 -2.655759
v 7.617546 1.475294 -2.741035
v 7.541115 1.513546 -2.806614
v 7.525787 1.602472 -2.808388
v 7.881519 1.461483 -2.509857
v 7.789476 1.436693 -2.532068
v 7.688467 1.41802 -2.634729
v 7.634184 1.374053 -2.755906
v 7.890558 1.354149 -2.539523
v 7.802378 1.33281 -2.564715
v 7.717361 1.311804 -2.658693
v 7.666222 1.320368 -2.744673
v 7.369412 2.088488 -3.646942
v 7.30586 2.10991 -3.645465
v 7.341398 1.976718 -3.621296
v 7.261246 1.957576 -3.636932
v 7.124331 2.200212 -3.593122
v 7.169272 2.275644 -3.609426
v 6.983416 2.288396 -3.481528
v 7.058041 2.337655 -3.464743
v 6.969083 2.262802 -3.31157
v 7.025816 2.364927 -3.332924
v 6.946993 2.209782 -3.234712
v 6.986559 2.300872 -3.192786
v 6.936028 2.107247 -3.166064
v 6.948444 2.183052 -3.108804
v 7.021573 2.030564 -3.065666
v 7.046762 2.116754 -2.966566
v 7.193254 1.984679 -2.963165
v 7.180117 2.063062 -2.873345
v 7.271073 1.947997 -2.915942
v 7.283272 1.999165 -2.865574
v 7.097526 2.192111 -2.928181
v 7.041891 2.289633 -3.024794
v 7.067811 2.381853 -3.148138
v 7.089809 2.442897 -3.303404
v 7.145632 2.40819 -3.458055
v 7.219976 2.3752 -3.604125
v 7.527507 2.352703 -3.650024
v 7.343559 2.354703 -3.667762
v 7.168522 2.275037 -2.919253
v 7.126514 2.363542 -3.004018
v 7.141129 2.423232 -3.124316
v 7.215796 2.455614 -3.437448
v 7.268175 2.425354 -3.577429
v 7.156247 2.495175 -3.282128
v 7.64221 2.498657 -3.579762
v 7.752844 2.53594 -3.598458
v 7.859413 2.52914 -3.595149
v 7.652635 2.360091 -3.660609
v 7.769803 2.361942 -3.696785
v 7.865764 2.356965 -3.699383
v 7.299174 1.873965 -3.533265
v 7.23601 1.86508 -3.535462
v 7.30653 1.778518 -3.308442
v 7.241618 1.81667 -3.345161
v 7.31378 1.834628 -3.124618
v 7.246549 1.850121 -3.190671
v 7.282745 1.891252 -2.998392
v 7.201123 1.887193 -3.015085
v 7.154112 2.059574 -3.642386
v 7.062677 2.147379 -3.608466
v 7.059611 1.981257 -3.582787
v 6.960073 2.026726 -3.583208
v 7.17166 1.931737 -3.633653
v 7.062471 1.901437 -3.583074
v 6.919747 2.21894 -3.529029
v 6.870939 2.219798 -3.354824
v 6.872057 2.15171 -3.265654
v 6.91393 2.082662 -3.204632
v 6.839304 2.136185 -3.516298
v 6.788118 2.155273 -3.363878
v 6.78935 2.082233 -3.275317
v 6.824609 2.027421 -3.211987
v 6.958813 1.998081 -3.100248
v 7.067136 1.918429 -3.021206
v 7.100524 1.820039 -3.053484
v 7.146726 1.816959 -3.546856
v 7.139601 1.804082 -3.379734
v 7.117255 1.766489 -3.221621
v 7.011656 1.780408 -3.524639
v 7.017294 1.763729 -3.384816
v 7.001933 1.721152 -3.252883
v 6.960474 1.746342 -3.101422
v 6.905969 1.829769 -3.080099
v 6.852052 1.934781 -3.1326
v 6.780062 1.771552 -3.160363
v 6.802458 1.711297 -3.192977
v 6.731734 1.724844 -3.212169
v 6.769076 1.688985 -3.238461
v 6.783416 1.874592 -3.173619
v 6.78063 1.989621 -3.231111
v 6.753952 2.056305 -3.263415
v 6.727079 2.125323 -3.354449
v 6.755381 2.125389 -3.488086
v 6.848896 2.041895 -3.598551
v 6.898591 1.925826 -3.65556
v 6.916285 1.839941 -3.64011
v 6.933422 1.754165 -3.55181
v 6.955197 1.714682 -3.438196
v 6.921995 1.688279 -3.288129
v 6.846838 1.660335 -3.284548
v 6.8564 1.60733 -3.477475
v 6.806205 1.684112 -3.619187
v 6.746998 1.808831 -3.723337
v 6.668993 1.966006 -3.657813
v 6.673791 2.066467 -3.578764
v 6.638977 2.135921 -3.441236
v 6.636814 2.10153 -3.286219
v 6.67779 2.001073 -3.181585
v 6.713432 1.894879 -3.171602
v 6.714453 1.806436 -3.202903
v 7.598853 2.204611 -3.718488
v 7.719774 2.186299 -3.733542
v 7.847167 2.173869 -3.775144
v 7.462951 2.0675 -3.684511
v 7.399788 1.941079 -3.639497
v 7.355925 1.821466 -3.552435
v 7.337698 1.707487 -3.309457
v 7.361013 1.746629 -3.13471
v 7.338403 1.858345 -2.979021
v 7.412408 1.70403 -2.967681
v 7.515528 1.669916 -2.815237
v 7.452735 1.574273 -2.938883
v 7.422968 1.559543 -3.10711
v 7.425329 1.550203 -3.239279
v 7.391513 1.680051 -3.45798
v 7.451707 1.532852 -3.379631
v 7.580744 1.538253 -3.494261
v 7.526458 1.676912 -3.580062
v 7.497774 1.801989 -3.61663
v 7.707688 1.541874 -3.579393
v 7.67975 1.676005 -3.661007
v 7.655398 1.799995 -3.684634
v 7.827798 1.565867 -3.596078
v 7.816751 1.679939 -3.689451
v 7.81162 1.798734 -3.737759
v 7.494258 1.932858 -3.682493
v 7.653329 1.934408 -3.751464
v 7.802968 1.921206 -3.777176
v 7.564468 2.066985 -3.73465
v 7.695687 2.069251 -3.770085
v 7.806333 2.050475 -3.773046
v 7.496333 1.475168 -2.929205
v 7.469778 1.433755 -3.057708
v 7.476887 1.415588 -3.169069
v 7.521552 1.418318 -3.294739
v 7.611894 1.432511 -3.409926
v 7.708629 1.453737 -3.503405
v 7.820831 1.486064 -3.551687
v 7.555507 1.383495 -2.82618
v 7.511115 1.361197 -2.917391
v 7.579522 1.281261 -2.822903
v 7.519594 1.270514 -2.902586
v 7.48928 1.348817 -3.037903
v 7.483571 1.336587 -3.148045
v 7.524745 1.345896 -3.2763
v 7.613489 1.370036 -3.409863
v 7.709981 1.393426 -3.497327
v 7.815968 1.402325 -3.524906
v 7.881162 1.195806 -2.543775
v 7.809513 1.192785 -2.57649
v 7.722709 1.191726 -2.668292
v 7.675471 1.204847 -2.739388
v 7.583106 1.189691 -2.803069
v 7.510645 1.190451 -2.917612
v 7.494332 1.274558 -3.021519
v 7.468441 1.195573 -3.032806
v 7.488555 1.275612 -3.140339
v 7.478045 1.199591 -3.128503
v 7.521646 1.286811 -3.259071
v 7.518895 1.213426 -3.265994
v 7.614171 1.299994 -3.396658
v 7.615388 1.212183 -3.3984
v 7.702047 1.315116 -3.478207
v 7.825017 1.325445 -3.507638
v 7.71799 1.214113 -3.471522
v 7.840359 1.204704 -3.505352
v 7.892289 1.067889 -2.586437
v 7.819134 1.071109 -2.61182
v 7.738345 1.08705 -2.690557
v 7.674917 1.089645 -2.731025
v 7.573643 1.126843 -2.779708
v 7.487259 1.169245 -2.893665
v 7.43409 1.146237 -3.03455
v 7.463013 1.122016 -3.141964
v 7.500134 1.168761 -3.28345
v 7.591211 1.17729 -3.424941
v 7.685382 1.177223 -3.517144
v 7.809118 1.172615 -3.546
v 7.961866 1.172923 -3.517056
v 7.895428 0.9199846 -2.639922
v 7.909515 0.7849749 -2.706269
v 7.814789 0.9379069 -2.65331
v 7.836455 0.790078 -2.736501
v 7.926631 0.680488 -2.800838
v 7.872598 0.6886674 -2.827748
v 7.920025 0.6450424 -2.934845
v 7.746466 0.9732434 -2.682837
v 7.661386 1.01629 -2.703351
v 7.562592 1.061049 -2.738235
v 7.43292 1.042579 -2.884529
v 7.510286 0.9804236 -2.782703
v 7.411284 1.053423 -3.003821
v 7.402342 1.033033 -3.105177
v 7.479035 1.093392 -3.316081
v 7.434319 0.9956348 -3.26556
v 7.52576 1.017268 -3.432584
v 7.514053 0.9179064 -3.39066
v 7.617296 0.9353143 -3.536458
v 7.586507 0.8564 -3.4889
v 7.714018 0.8587046 -3.556196
v 7.678588 0.7849153 -3.483291
v 7.815753 0.792272 -3.515301
v 7.762812 0.7595912 -3.450501
v 7.892276 0.7480124 -3.447694
v 7.850762 0.7406893 -3.389223
v 7.913726 0.7042569 -3.117912
v 7.889925 0.640602 -3.121144
v 7.824622 0.719316 -2.855192
v 7.807234 0.6917058 -2.8768
v 7.741186 0.8211106 -2.777675
v 7.713963 0.7800258 -2.80572
v 7.639672 0.944824 -2.71749
v 7.600501 0.8855116 -2.7535
v 7.859901 0.6414696 -2.964019
v 7.889063 0.6561291 -2.941183
v 7.892531 0.7027875 -3.246043
v 7.916192 0.7205036 -3.305614
v 7.736367 0.8885596 -2.729919
v 7.939307 0.6889774 -3.131347
v 7.568276 1.11023 -3.45163
v 7.691777 1.098523 -3.552518
v 7.844469 1.084541 -3.569148
v 7.555752 1.075469 -3.457326
v 7.669318 1.03422 -3.567325
v 7.840483 0.975602 -3.58132
v 7.875475 0.8338355 -3.535712
v 7.932436 0.7876049 -3.485073
v 7.947698 0.7357099 -3.383596
v 6.493517 1.912826 -3.600071
v 6.563368 1.785947 -3.659553
v 6.636568 1.651953 -3.619989
v 6.699328 1.554744 -3.512798
v 6.721577 1.536217 -3.367405
v 6.697117 1.567855 -3.269532
v 6.660313 1.63902 -3.223515
v 6.624865 1.740337 -3.210455
v 6.589137 1.767829 -3.155147
v 6.539332 1.850993 -3.133803
v 6.470387 1.959976 -3.197311
v 6.417307 2.027035 -3.327988
v 6.418318 2.000334 -3.490888
v 6.291446 1.819201 -3.477538
v 6.324288 1.727065 -3.537241
v 6.365703 1.626094 -3.550279
v 6.410969 1.553787 -3.500049
v 6.448125 1.499902 -3.433031
v 6.466628 1.486282 -3.348519
v 6.4742 1.502201 -3.272385
v 6.470714 1.548485 -3.214279
v 6.445491 1.611462 -3.190856
v 6.412422 1.677698 -3.151437
v 6.33963 1.781871 -3.149921
v 6.279432 1.870165 -3.242593
v 6.283981 1.871926 -3.369797
v 6.279339 1.539491 -3.463409
v 6.320822 1.492359 -3.41348
v 6.345637 1.467456 -3.354918
v 6.355637 1.468429 -3.285312
v 6.358672 1.490907 -3.226477
v 6.345572 1.526428 -3.179948
v 6.317478 1.571816 -3.145845
v 6.264535 1.678563 -3.135036
v 6.198159 1.793851 -3.227871
v 6.188173 1.787156 -3.353699
v 6.192241 1.741154 -3.444598
v 6.217967 1.678601 -3.4949
v 6.257228 1.601941 -3.496017
v 6.557366 2.05506 -3.546336
v 6.520203 2.101663 -3.386309
v 6.54491 2.040704 -3.230385
v 6.60605 1.932142 -3.141212
v 6.644756 1.8237 -3.148734
v 6.298023 1.55167 -3.127765
v 6.322296 1.515452 -3.164685
v 6.334024 1.484149 -3.219364
v 6.330061 1.462081 -3.280412
v 6.318407 1.45805 -3.343315
v 6.295338 1.480846 -3.40222
v 6.261119 1.525548 -3.453415
v 6.232633 1.582733 -3.489171
v 6.182181 1.659121 -3.486644
v 6.158846 1.715703 -3.434321
v 6.154437 1.759804 -3.350827
v 6.163325 1.761972 -3.227802
v 6.235453 1.649927 -3.117301
v 7.536222 0.7483183 -3.454371
v 7.647369 0.720188 -3.447321
v 7.741942 0.653658 -3.439212
v 7.811004 0.5993207 -3.397635
v 7.865716 0.5418315 -3.293964
v 7.838106 0.5218736 -3.122805
v 7.794119 0.5188522 -2.997773
v 7.745625 0.5344446 -2.888758
v 7.663279 0.6077995 -2.81565
v 7.573386 0.6879683 -2.777503
v 7.452399 0.7443194 -2.762897
v 7.379311 0.8058934 -2.851253
v 7.345992 0.8194219 -2.944839
v 7.317167 0.8375797 -3.090934
v 7.362111 0.8250508 -3.271191
v 7.435796 0.7883167 -3.40807
v 7.339247 0.4648389 -3.317575
v 7.433708 0.4204608 -3.364095
v 7.545407 0.3843352 -3.356018
v 7.634602 0.3618025 -3.360436
v 7.720239 0.3442932 -3.30438
v 7.757919 0.3603539 -3.235607
v 7.744046 0.3538247 -3.08001
v 7.703477 0.3132194 -2.971816
v 7.689369 0.3017915 -2.866659
v 7.629506 0.3629726 -2.76554
v 7.518677 0.4244539 -2.729268
v 7.431777 0.453117 -2.778582
v 7.343761 0.5032539 -2.802646
v 7.262438 0.5124029 -2.874764
v 7.234921 0.5447268 -3.029635
v 7.262875 0.4949113 -3.200266
v 7.5154 0.2801906 -3.327343
v 7.610156 0.259552 -3.331008
v 7.684313 0.2413851 -3.292517
v 7.706539 0.2546548 -3.206579
v 7.698871 0.2552643 -3.107064
v 7.659571 0.2228435 -2.987719
v 7.641097 0.2048473 -2.882355
v 7.55443 0.1856253 -2.794212
v 7.461198 0.279265 -2.751339
v 7.429917 0.3714324 -2.784445
v 7.337037 0.3410118 -2.811179
v 7.255348 0.3554453 -2.885187
v 7.234176 0.386465 -3.030599
v 7.259631 0.3474009 -3.177814
v 7.326707 0.3115578 -3.280531
v 7.413621 0.2891102 -3.310982
v 7.544611 0.5473274 -2.756752
v 7.642575 0.4911283 -2.790742
v 7.720837 0.4155917 -2.889693
v 7.758843 0.4033803 -2.987787
v 7.792488 0.4276106 -3.09378
v 7.801588 0.4157763 -3.263676
v 7.777995 0.4572372 -3.366074
v 7.691461 0.4854667 -3.40846
v 7.585102 0.513147 -3.415476
v 7.474493 0.5544569 -3.422112
v 7.373326 0.6181793 -3.367393
v 7.303289 0.6615494 -3.24043
v 7.265923 0.6932039 -3.058321
v 7.296706 0.6680759 -2.900643
v 7.364196 0.6537051 -2.827578
v 7.434064 0.6000981 -2.759734
v 7.360833 0.2361661 -2.806957
v 7.435159 0.2024843 -2.782475
v 7.512628 0.1423833 -2.821637
v 7.611653 0.1616336 -2.900863
v 7.661808 0.1699009 -2.984699
v 7.692646 0.1678735 -3.115684
v 7.685982 0.1837085 -3.214788
v 7.66938 0.1852467 -3.288428
v 7.60129 0.2127745 -3.328258
v 7.505945 0.2231447 -3.326293
v 7.403775 0.220798 -3.291952
v 7.331876 0.2390304 -3.272466
v 7.260091 0.2610569 -3.181148
v 7.230976 0.2823451 -3.049879
v 7.28126 0.2503101 -2.908027
v 7.438501 0.08596838 -2.804946
v 7.356124 0.1012809 -2.812091
v 7.285189 0.1286175 -2.908092
v 7.217737 0.1618193 -3.043816
v 7.247137 0.1810519 -3.19129
v 7.331589 0.1582222 -3.271818
v 7.397185 0.1567715 -3.295682
v 7.518198 0.1704936 -3.334961
v 7.596808 0.1566713 -3.332166
v 7.652622 0.1412874 -3.294408
v 7.678068 0.131286 -3.218082
v 7.691342 0.1168842 -3.141975
v 7.663304 0.08951485 -3.001239
v 7.605832 0.0794605 -2.921098
v 7.519378 0.06622875 -2.853773
v 7.59428 0.07335019 -3.35815
v 7.638292 0.05268264 -3.303025
v 7.65925 0.03727043 -3.237697
v 7.67145 0.03040683 -3.157202
v 7.651508 0.01550233 -3.044605
v 7.586018 0.005633593 -2.960829
v 7.51317 -0.003340781 -2.904639
v 7.436861 -0.01140654 -2.864077
v 7.35288 -0.008874297 -2.868218
v 7.285417 0.0233413 -2.927605
v 7.225684 0.05640137 -3.080695
v 7.243736 0.07952559 -3.203381
v 7.318136 0.08645535 -3.300563
v 7.397037 0.08890224 -3.341234
v 7.516725 0.0896697 -3.371065
v 7.38254 -0.02124655 -3.476917
v 7.524037 2.557039E-05 -3.480508
v 7.619236 -0.01765287 -3.46581
v 7.675958 -0.05715567 -3.429378
v 7.707559 -0.08227599 -3.337424
v 7.682077 -0.08950716 -3.222
v 7.642887 -0.1116376 -3.13023
v 7.585248 -0.128445 -3.053815
v 7.508913 -0.1357408 -3.005041
v 7.436996 -0.1492687 -2.96081
v 7.35477 -0.1512771 -2.966351
v 7.288287 -0.1295021 -3.046908
v 7.214083 -0.08595926 -3.166667
v 7.20546 -0.05148941 -3.303635
v 7.292541 -0.02941632 -3.432589
v 7.503618 -0.2778031 -3.064456
v 7.437783 -0.2906081 -3.030527
v 7.367467 -0.2959863 -3.044393
v 7.301785 -0.2969274 -3.119255
v 7.244024 -0.2999701 -3.229814
v 7.230056 -0.2901413 -3.372223
v 7.285949 -0.2495847 -3.46465
v 7.37571 -0.2086026 -3.517365
v 7.514221 -0.1828471 -3.539437
v 7.583027 -0.2171883 -3.523754
v 7.645276 -0.268903 -3.46315
v 7.66988 -0.2778234 -3.364257
v 7.664546 -0.2673379 -3.280591
v 7.62918 -0.2571825 -3.184955
v 7.572956 -0.2692634 -3.112776
v 7.192369 -0.1630477 -3.355182
v 7.692816 -0.180723 -3.25044
v 7.708808 -0.1779117 -3.359807
v 7.677365 -0.1568304 -3.463808
v 7.617346 -0.1081418 -3.522183
v 7.521796 -0.08198053 -3.531867
v 7.375778 -0.1070659 -3.514587
v 7.275283 -0.1285262 -3.462335
v 7.582157 -0.06319183 -3.014537
v 7.637746 -0.04770464 -3.0937
v 7.662169 -0.02938098 -3.191362
v 7.664524 -0.01741356 -3.27795
v 7.650175 -0.001961648 -3.359438
v 7.605991 0.01900685 -3.416247
v 7.520634 0.04066181 -3.430433
v 7.389471 0.046646 -3.402109
v 7.305709 0.04107416 -3.356767
v 7.230371 0.001120806 -3.258401
v 7.22908 -0.02512413 -3.132802
v 7.285968 -0.05829674 -3.001596
v 7.591138 0.2521544 -2.766488
v 7.482282 0.3355453 -2.73304
v 7.48611 -0.3125334 -3.503376
v 7.555624 -0.324678 -3.487393
v 7.608478 -0.3348173 -3.442225
v 7.635895 -0.3445681 -3.37047
v 7.638055 -0.3486852 -3.294163
v 7.616227 -0.3529752 -3.201926
v 7.567822 -0.3618512 -3.13197
v 7.504821 -0.3695627 -3.084804
v 7.440581 -0.3748347 -3.065439
v 7.378303 -0.3770131 -3.081216
v 7.314425 -0.3770554 -3.147089
v 7.269901 -0.3753772 -3.251093
v 7.265058 -0.3674217 -3.391087
v 7.310203 -0.3426315 -3.461762
v 7.373058 -0.3165833 -3.496304
v 7.509514 -0.07449549 -2.963729
v 7.435944 -0.08454865 -2.919989
v 7.350786 -0.08263201 -2.923916
v 7.540683 -0.4657485 -3.443337
v 7.579065 -0.4589439 -3.409421
v 7.610306 -0.4593684 -3.363679
v 7.625593 -0.4637131 -3.303623
v 7.607116 -0.460254 -3.210726
v 7.555338 -0.4589474 -3.147214
v 7.496418 -0.4623784 -3.098351
v 7.437504 -0.4673666 -3.082943
v 7.37992 -0.4687348 -3.096515
v 7.318708 -0.4699723 -3.154719
v 7.280692 -0.4706377 -3.258379
v 7.285684 -0.4717126 -3.376992
v 7.335602 -0.4686009 -3.437022
v 7.406582 -0.4655336 -3.476204
v 7.488837 -0.4719552 -3.478175
v 6.551507 1.627321 -3.201956
v 6.575401 1.548342 -3.233497
v 6.585189 1.507593 -3.312694
v 6.578562 1.506909 -3.411159
v 6.545221 1.560125 -3.510168
v 6.488046 1.636327 -3.596165
v 6.43169 1.757417 -3.595601
v 6.381078 1.870497 -3.530671
v 6.33939 1.946572 -3.424775
v 6.346832 1.948371 -3.280597
v 6.405243 1.872672 -3.174113
v 6.475576 1.76883 -3.143702
v 6.516145 1.695467 -3.184653
v 7.930059 2.384144 -2.335966
v 7.928118 2.411 -2.345647
v 7.903732 2.399431 -2.365278
v 7.904973 2.382061 -2.351228
v 7.883163 2.388433 -2.38341
v 7.884482 2.377336 -2.370361
v 7.86757 2.382299 -2.409001
v 7.863387 2.370414 -2.410665
v 7.863585 2.383946 -2.43007
v 7.857674 2.378314 -2.430454
v 7.861145 2.390863 -2.441708
v 7.855412 2.387869 -2.441677
v 7.859015 2.402732 -2.444391
v 7.852066 2.403314 -2.444357
v 7.863309 2.414315 -2.435443
v 7.85614 2.417186 -2.434955
v 7.87594 2.446172 -2.402461
v 7.869616 2.451199 -2.403631
v 7.892515 2.460868 -2.382227
v 7.889018 2.472719 -2.378314
v 7.930381 2.457479 -2.35268
v 7.932534 2.478798 -2.351841
v 7.913885 2.477041 -2.359831
v 7.913101 2.461724 -2.362861
v 7.863222 2.436963 -2.418758
v 7.868614 2.430502 -2.419637
v 7.95022 2.496994 -2.348351
v 7.951375 2.486381 -2.322497
v 7.949474 2.489051 -2.307214
v 7.944563 2.495514 -2.301063
v 7.933556 2.512207 -2.298706
v 7.935782 2.504074 -2.306335
v 7.922506 2.518898 -2.319108
v 7.927803 2.511145 -2.323986
v 7.906761 2.518889 -2.339146
v 7.914274 2.511204 -2.33941
v 7.896592 2.512338 -2.356698
v 7.911902 2.509818 -2.345962
v 7.911469 2.497401 -2.365724
v 7.917869 2.505936 -2.354091
v 7.933069 2.491869 -2.359287
v 7.935192 2.502265 -2.358781
v 7.948207 2.487041 -2.355551
v 7.885494 2.537787 -2.369192
v 7.892462 2.527843 -2.36796
v 7.911712 2.551363 -2.352407
v 7.915241 2.545974 -2.348314
v 7.940303 2.561593 -2.334045
v 7.939208 2.556345 -2.326518
v 7.95375 2.560303 -2.316456
v 7.953125 2.567878 -2.320246
v 7.948587 2.54571 -2.296039
v 7.947911 2.529452 -2.285927
v 7.948082 2.514386 -2.285214
v 7.933764 2.541368 -2.306602
v 7.936038 2.531436 -2.29373
v 7.923911 2.527877 -2.317719
v 7.932616 2.518512 -2.294622
v 7.946842 2.505249 -2.287554
v 7.917875 2.537484 -2.335839
v 7.893026 2.51852 -2.358941
v 7.945747 2.450042 -2.348516
v 7.947273 2.470932 -2.349972
v 7.881683 2.486845 -2.383861
v 7.860298 2.465505 -2.405678
v 7.849102 2.444559 -2.42283
v 7.843623 2.420329 -2.440022
v 7.841957 2.399846 -2.449299
v 7.845406 2.37977 -2.451011
v 7.851494 2.357275 -2.439207
v 7.861568 2.353956 -2.411344
v 7.887379 2.359915 -2.368802
v 7.908972 2.362222 -2.356363
v 7.933238 2.363603 -2.344772
v 7.890645 2.51784 -2.37782
v 7.896129 2.506021 -2.376788
v 7.900286 2.501899 -2.373784
v 7.899265 2.505119 -2.365416
v 7.912772 2.506074 -2.35069
v 7.868947 2.501146 -2.383485
v 7.878263 2.493336 -2.388577
v 7.872511 2.526849 -2.37699
v 7.851047 2.509526 -2.386729
v 7.825945 2.48554 -2.413105
v 7.841843 2.477124 -2.401034
v 7.813064 2.446432 -2.45195
v 7.825982 2.441051 -2.438953
v 7.80468 2.410781 -2.486333
v 7.823441 2.407506 -2.46586
v 7.814652 2.364994 -2.493759
v 7.830729 2.370666 -2.474224
v 7.829432 2.331219 -2.47971
v 7.841108 2.340154 -2.459774
v 7.848038 2.303499 -2.457278
v 7.888197 2.269274 -2.41631
v 7.918705 2.25203 -2.39402
v 7.850916 2.469447 -2.402457
v 7.837137 2.443702 -2.424205
v 7.833622 2.416345 -2.445981
v 7.807193 2.385226 -2.494735
v 7.826958 2.39283 -2.47145
v 7.833361 2.395725 -2.460315
v 7.837638 2.376094 -2.462096
v 7.848269 2.352925 -2.448997
v 7.93354 2.33296 -2.341497
v 7.905121 2.330185 -2.34891
v 7.928896 2.305874 -2.340731
v 7.908595 2.313242 -2.345162
v 7.886803 2.330008 -2.366424
v 7.88402 2.287782 -2.380755
v 7.915702 2.271393 -2.353412
v 7.865963 2.335081 -2.418298
v 7.855569 2.322348 -2.443466
v 7.953075 2.509038 -2.334996
v 7.949335 2.510643 -2.346472
v 7.941688 2.509509 -2.3541
v 7.933303 2.513356 -2.353132
v 7.930749 2.517226 -2.349401
v 7.927931 2.514462 -2.343608
v 7.936605 2.514419 -2.331456
v 7.941429 2.509692 -2.323376
v 7.945813 2.505359 -2.321903
v 7.944908 2.51625 -2.337264
v 7.943029 2.515817 -2.346082
v 7.85102 2.285285 -2.47863
v 7.890224 2.257916 -2.451881
v 7.856015 2.278848 -2.50951
v 7.898685 2.253457 -2.490837
v 7.934316 2.248228 -2.488287
v 7.926513 2.244876 -2.441627
v 7.820371 2.320011 -2.509737
v 7.820441 2.313343 -2.54235
v 7.792898 2.357443 -2.530156
v 7.788698 2.350765 -2.561826
v 7.776444 2.401361 -2.536056
v 7.772586 2.398382 -2.568952
v 7.777146 2.47113 -2.539793
v 7.777841 2.474495 -2.566138
v 7.781524 2.536227 -2.530178
v 7.789982 2.542035 -2.562399
v 7.800823 2.597097 -2.507525
v 7.80555 2.611457 -2.53298
v 7.810262 2.645459 -2.472981
v 7.809181 2.664104 -2.490928
v 7.829103 2.68386 -2.435813
v 7.827646 2.701515 -2.452805
v 7.859027 2.699113 -2.412552
v 7.857689 2.718731 -2.429489
v 7.89938 2.70012 -2.388273
v 7.900373 2.724033 -2.397552
v 7.934774 2.692054 -2.376118
v 7.93965 2.713889 -2.385641
v 7.788479 2.408893 -2.510309
v 7.793545 2.38504 -2.514201
v 7.776028 2.469918 -2.507223
v 7.769373 2.526944 -2.496477
v 7.791871 2.592475 -2.458535
v 7.808308 2.634828 -2.441425
v 7.824747 2.66761 -2.408315
v 7.857133 2.677096 -2.389419
v 7.893132 2.675376 -2.366547
v 7.928452 2.665541 -2.349065
v 7.949766 2.595067 -2.356054
v 7.944928 2.606048 -2.344381
v 7.942179 2.622411 -2.333766
v 7.946136 2.634582 -2.332942
v 7.879948 2.567087 -2.375624
v 7.880191 2.563369 -2.375818
v 7.865646 2.572734 -2.383265
v 7.861109 2.567417 -2.385604
v 7.858527 2.581866 -2.390851
v 7.851062 2.578346 -2.396068
v 7.902874 2.567842 -2.369654
v 7.901534 2.571803 -2.369514
v 7.917567 2.57286 -2.368413
v 7.913874 2.575241 -2.37105
v 7.924908 2.579523 -2.369278
v 7.918002 2.579271 -2.371433
v 7.924106 2.587199 -2.369986
v 7.915256 2.582773 -2.367011
v 7.855661 2.58817 -2.393996
v 7.84882 2.58792 -2.40024
v 7.857186 2.591267 -2.391391
v 7.848326 2.59229 -2.392247
v 7.87623 2.594518 -2.375895
v 7.875819 2.59928 -2.37253
v 7.888783 2.591449 -2.370666
v 7.889318 2.597065 -2.367946
v 7.904615 2.586278 -2.366463
v 7.908965 2.592062 -2.364961
v 7.908154 2.581776 -2.375332
v 7.907733 2.579081 -2.376414
v 7.90343 2.586029 -2.375835
v 7.922028 2.643482 -2.333119
v 7.9185 2.627805 -2.334066
v 7.891137 2.652968 -2.3533
v 7.891097 2.636835 -2.35093
v 7.833321 2.64984 -2.392554
v 7.840586 2.636018 -2.380971
v 7.822609 2.625821 -2.421555
v 7.826984 2.62113 -2.401122
v 7.858006 2.641683 -2.368299
v 7.85596 2.657568 -2.374696
v 7.814974 2.603179 -2.425929
v 7.824832 2.600883 -2.409809
v 7.810807 2.575771 -2.41615
v 7.827095 2.582909 -2.413358
v 7.826516 2.549443 -2.400956
v 7.835381 2.565989 -2.39874
v 7.850702 2.540167 -2.386506
v 7.853619 2.553721 -2.382943
v 7.881025 2.547368 -2.371024
v 7.882136 2.554754 -2.374324
v 7.946819 2.6467 -2.338895
v 7.830293 2.525901 -2.397867
v 7.802171 2.497983 -2.423748
v 7.790848 2.46003 -2.466276
v 7.805872 2.538776 -2.411748
v 7.783367 2.518242 -2.433412
v 7.771605 2.491292 -2.467422
v 7.788009 2.564976 -2.434281
v 7.776153 2.544125 -2.450304
v 7.767955 2.519047 -2.469084
v 7.776231 2.567116 -2.478188
v 7.787398 2.57229 -2.513647
v 7.801194 2.585721 -2.549544
v 7.914921 2.61099 -2.342694
v 7.890313 2.616924 -2.357407
v 7.867958 2.621189 -2.370809
v 7.853092 2.617883 -2.376849
v 7.836155 2.609536 -2.386295
v 7.834114 2.59714 -2.398954
v 7.83855 2.586162 -2.408229
v 7.842378 2.573355 -2.397629
v 7.856084 2.561492 -2.383121
v 7.881085 2.559047 -2.375645
v 7.863449 2.599353 -2.378535
v 7.865558 2.596111 -2.383152
v 7.854241 2.595521 -2.382907
v 7.860637 2.59365 -2.385347
v 7.953603 2.578726 -2.323951
v 7.939739 2.572504 -2.335514
v 7.907393 2.55772 -2.357493
v 7.906358 2.562874 -2.361722
v 7.939127 2.576687 -2.340286
v 7.951945 2.583638 -2.327082
v 7.95101 2.590603 -2.343678
v 7.9046 2.565383 -2.365846
v 7.938872 2.579965 -2.346617
v 7.938868 2.591845 -2.36113
v 7.937964 2.582385 -2.356176
v 7.921058 2.573127 -2.361145
v 7.952385 2.587244 -2.333922
v 7.924613 2.570933 -2.354745
v 7.926173 2.566746 -2.34997
v 7.928614 2.561487 -2.346069
v 7.929862 2.554823 -2.341938
v 7.928947 2.546873 -2.33067
v 7.927712 2.424142 -2.370311
v 7.901987 2.415827 -2.380981
v 7.884016 2.401482 -2.392027
v 7.873699 2.389986 -2.413743
v 7.869785 2.387096 -2.427787
v 7.866362 2.390218 -2.442472
v 7.864571 2.400045 -2.449197
v 7.869085 2.412612 -2.437413
v 7.876082 2.423958 -2.427721
v 7.886492 2.438384 -2.409969
v 7.898921 2.448323 -2.389416
v 7.91439 2.447102 -2.378202
v 7.929639 2.444008 -2.368465
v 7.943473 2.437509 -2.366641
v 7.802207 2.623368 -2.548691
v 7.797222 2.603349 -2.55879
v 7.788628 2.641174 -2.557699
v 7.792121 2.625872 -2.576383
v 7.778008 2.660743 -2.574003
v 7.781903 2.647259 -2.586576
v 7.77018 2.679265 -2.597958
v 7.772664 2.66007 -2.596738
v 7.761788 2.681272 -2.617876
v 7.769228 2.662721 -2.607849
v 7.756929 2.67206 -2.628374
v 7.765228 2.662385 -2.615887
v 7.760929 2.653976 -2.629272
v 7.768986 2.651425 -2.613973
v 7.766786 2.629845 -2.620752
v 7.774998 2.639339 -2.601956
v 7.776022 2.606652 -2.607014
v 7.781784 2.627433 -2.592108
v 7.783958 2.577342 -2.584529
v 7.788659 2.602304 -2.57977
v 7.787655 2.555558 -2.571117
v 7.792962 2.586573 -2.568248
v 7.798331 2.66038 -2.574564
v 7.789163 2.677057 -2.591972
v 7.800155 2.647255 -2.559048
v 7.804545 2.631335 -2.543444
v 7.779508 2.68466 -2.610997
v 7.772708 2.67669 -2.629946
v 7.766282 2.652841 -2.63357
v 7.771139 2.629911 -2.627186
v 7.779781 2.597676 -2.613396
v 7.788173 2.566544 -2.594687
v 7.789571 2.547506 -2.580261
v 7.812158 2.678228 -2.517819
v 7.830309 2.720908 -2.486899
v 7.860868 2.74595 -2.458426
v 7.902699 2.751384 -2.424913
v 7.941619 2.750647 -2.405984
v 7.781822 2.487879 -2.593802
v 7.774735 2.40561 -2.595093
v 7.794462 2.344916 -2.581963
v 7.834747 2.305803 -2.565042
v 7.868442 2.27834 -2.543707
v 7.906709 2.262859 -2.532802
v 7.941419 2.261769 -2.534104
v 7.785716 2.697037 -2.62543
v 7.775024 2.683051 -2.652105
v 7.796514 2.692975 -2.593982
v 7.805476 2.67535 -2.573464
v 7.808814 2.66677 -2.55532
v 7.764965 2.650549 -2.657025
v 7.772871 2.615363 -2.646818
v 7.789977 2.575722 -2.626339
v 7.7911 2.54023 -2.608986
v 7.813876 2.704464 -2.554978
v 7.835331 2.750338 -2.53726
v 7.863134 2.770702 -2.494729
v 7.905575 2.782032 -2.466015
v 7.943318 2.786395 -2.453943
v 7.944271 2.266504 -2.572282
v 7.91293 2.267627 -2.57231
v 7.875262 2.277109 -2.57289
v 7.838331 2.300039 -2.589098
v 7.796552 2.336876 -2.606383
v 7.775723 2.413193 -2.636126
v 7.776231 2.491065 -2.648237
v 7.839834 2.286058 -2.605903
v 7.881628 2.267379 -2.596529
v 7.933526 2.261008 -2.595305
v 7.89716 2.24871 -2.617501
v 7.837369 2.275244 -2.618152
v 7.911232 2.264864 -2.588861
v 7.771811 2.560552 -2.693395
v 7.7491 2.60274 -2.698706
v 7.747773 2.660889 -2.707983
v 7.782183 2.711233 -2.716413
v 7.858639 2.774466 -2.729293
v 7.879353 2.796511 -2.543726
v 7.856064 2.785441 -2.580117
v 7.933603 2.825651 -2.560802
v 7.912062 2.824201 -2.602139
v 7.945625 2.813252 -2.5035
v 7.910112 2.806241 -2.516714
v 7.899081 2.815836 -2.650046
v 7.892317 2.800518 -2.697502
v 7.811614 2.741107 -2.670706
v 7.833922 2.766887 -2.624002
v 7.813386 2.738077 -2.601818
v 7.809384 2.723449 -2.580779
v 7.904564 2.574754 -2.379285
v 7.884261 2.571979 -2.38452
v 7.87257 2.57583 -2.387488
v 7.867155 2.582607 -2.393429
v 7.863221 2.587564 -2.393613
v 7.862134 2.591303 -2.392265
v 7.864155 2.594024 -2.390199
v 7.868753 2.595397 -2.38783
v 7.878153 2.592969 -2.381063
v 7.889961 2.590425 -2.375966
v 7.940408 2.416711 -2.388178
v 7.911148 2.413117 -2.39422
v 7.894653 2.401245 -2.40258
v 7.887108 2.383627 -2.423198
v 7.883148 2.382684 -2.433833
v 7.878665 2.384453 -2.446147
v 7.873756 2.397519 -2.46033
v 7.873206 2.415681 -2.452783
v 7.878691 2.427433 -2.444115
v 7.890389 2.446417 -2.420411
v 7.913288 2.457793 -2.401863
v 7.931085 2.456699 -2.391959
v 7.940563 2.450432 -2.388719
v 7.948173 2.444432 -2.388299
v 7.900716 2.457941 -2.453201
v 7.918798 2.472045 -2.432096
v 7.942456 2.475778 -2.422601
v 7.89068 2.437637 -2.464932
v 7.88555 2.415645 -2.474129
v 7.888326 2.39519 -2.470246
v 7.898648 2.379364 -2.455872
v 7.895926 2.372152 -2.442975
v 7.892235 2.374616 -2.430631
v 7.894959 2.381766 -2.417341
v 7.918221 2.397791 -2.478322
v 7.919955 2.418189 -2.487563
v 7.924935 2.37986 -2.464336
v 7.925126 2.373339 -2.440745
v 7.913965 2.362012 -2.428566
v 7.920433 2.435564 -2.488895
v 7.932093 2.461807 -2.47053
v 7.961866 2.374198 -2.39243
v 7.922976 2.368319 -2.408761
v 7.943023 2.368762 -2.403643
v 7.699214 2.294072 -2.755987
v 7.770798 2.258218 -2.688052
v 7.877474 2.219461 -2.649215
v 7.871988 2.20283 -2.66218
v 7.892265 0.9931228 -2.608277
v 7.816364 1.008773 -2.629831
v 7.741748 1.045823 -2.699128
v 7.961866 1.883725 -2.622204
v 7.961866 2.154433 -2.673665
v 7.961866 2.228824 -2.641989
v 7.961866 2.786256 -2.995283
v 7.961866 2.765812 -3.091212
v 7.961866 2.753469 -3.203512
v 7.961866 2.615446 -3.468371
v 7.961866 1.7257 -2.549588
v 7.961866 1.469601 -2.521387
v 7.961866 1.35916 -2.546547
v 7.961866 2.510466 -3.58567
v 7.961866 2.343572 -3.685607
v 7.961866 2.165357 -3.769749
v 7.961866 2.062859 -3.78715
v 7.961866 1.529985 -3.506988
v 7.961866 1.07011 -2.5852
v 7.961866 0.6377689 -2.917145
v 7.961866 0.875006 -3.553856
v 7.961866 0.8084217 -3.506288
v 7.961866 2.412591 -2.342585
v 7.961866 2.492279 -2.344485
v 7.961866 2.483743 -2.304274
v 7.961866 2.561166 -2.315158
v 7.961866 2.467394 -2.350839
v 7.961866 2.249653 -2.388638
v 7.961866 2.304907 -2.340398
v 7.961866 2.269229 -2.345593
v 7.961866 2.247633 -2.441704
v 7.961866 2.254831 -2.496655
v 7.961866 2.709671 -2.381807
v 7.961866 2.587287 -2.332801
v 7.961866 2.501647 -2.281628
v 7.961866 2.486974 -2.294773
v 7.961866 2.43418 -2.36624
v 7.961866 2.26652 -2.57156
v 7.961866 2.259701 -2.598605
v 7.961866 2.821521 -2.690412
v 7.961866 2.440756 -2.388421
v 7.961866 2.395764 -2.388915
v 8.217949 1.990045 -2.659463
v 8.229731 1.85702 -2.618531
v 8.082335 1.904102 -2.605756
v 8.083135 2.000923 -2.64578
v 8.349576 1.994582 -2.70435
v 8.393803 1.873013 -2.696168
v 8.459786 2.026233 -2.755431
v 8.493574 1.940825 -2.768672
v 8.235737 1.769572 -2.61843
v 8.07371 1.822687 -2.588092
v 8.407445 1.783851 -2.720224
v 8.540635 1.867934 -2.81256
v 8.07338 1.790752 -2.592395
v 7.961866 1.844787 -2.613782
v 8.224271 1.72485 -2.636937
v 8.389077 1.734152 -2.801617
v 8.501302 1.810064 -2.911246
v 8.612298 1.963355 -2.860411
v 8.621189 1.922429 -2.910385
v 8.576889 2.032495 -2.817058
v 8.537915 2.104006 -2.817434
v 8.57111 2.133189 -2.827335
v 8.608953 2.070468 -2.83111
v 8.662688 2.20215 -2.8259
v 8.707498 2.130619 -2.831559
v 8.527675 2.283205 -2.874164
v 8.650069 2.284867 -2.863899
v 8.543532 2.361451 -2.969556
v 8.668384 2.36317 -2.987036
v 8.577206 2.430949 -3.05479
v 8.688722 2.46633 -3.11063
v 8.500726 2.535573 -3.151164
v 8.669095 2.533053 -3.208595
v 8.477535 2.54477 -3.276502
v 8.653723 2.541234 -3.31481
v 8.432672 2.536883 -3.423309
v 8.589545 2.501895 -3.444598
v 8.398873 2.462422 -3.566387
v 8.563693 2.453055 -3.577874
v 8.453733 2.249295 -2.875284
v 8.392429 2.140235 -2.785751
v 8.324274 2.113819 -2.744692
v 8.200068 2.094434 -2.701419
v 8.069629 2.092391 -2.671136
v 8.437837 2.346444 -2.93021
v 8.322153 2.231974 -2.812368
v 8.30865 2.29028 -2.821528
v 8.177555 2.18489 -2.718492
v 8.167309 2.234315 -2.708676
v 8.062246 2.159855 -2.670736
v 8.151377 2.39098 -2.669713
v 8.17113 2.361867 -2.705745
v 8.13282 2.291805 -2.647641
v 8.123558 2.314133 -2.621189
v 8.171865 2.466665 -2.703803
v 8.196074 2.425346 -2.747106
v 8.186113 2.531974 -2.74496
v 8.218341 2.487221 -2.779703
v 8.213847 2.582258 -2.741553
v 8.260818 2.54096 -2.782936
v 8.203256 2.662036 -2.77243
v 8.276853 2.630953 -2.824974
v 8.149599 2.71664 -2.803033
v 8.196591 2.708734 -2.884818
v 8.049515 2.773073 -2.825873
v 8.0659 2.766421 -2.89911
v 8.056405 2.190062 -2.668045
v 8.143137 2.275507 -2.66984
v 8.193671 2.317393 -2.727937
v 8.231802 2.370506 -2.777282
v 8.272254 2.423656 -2.834893
v 8.316682 2.491527 -2.828486
v 8.340958 2.604066 -2.870028
v 8.209452 2.722161 -2.952112
v 8.063647 2.765283 -2.992359
v 7.961866 2.782331 -2.896498
v 8.290751 2.335803 -2.818557
v 8.33414 2.386472 -2.879113
v 8.378319 2.447118 -2.872525
v 8.460785 2.415576 -2.919858
v 8.520581 2.420124 -2.956737
v 8.540755 2.460394 -3.001758
v 8.498931 2.537775 -3.062946
v 8.418914 2.546464 -2.913881
v 8.475944 2.499906 -2.951744
v 8.457181 2.570036 -3.018219
v 8.400618 2.621215 -2.992065
v 8.32231 2.678221 -2.997793
v 8.207312 2.732405 -3.059864
v 8.071622 2.759829 -3.087977
v 8.372058 2.648928 -3.133907
v 8.445079 2.593358 -3.139557
v 8.297441 2.688782 -3.145569
v 8.20147 2.730678 -3.179823
v 8.075793 2.746475 -3.191757
v 8.409776 2.602211 -3.276277
v 8.341211 2.649376 -3.259002
v 8.285281 2.684831 -3.266864
v 8.186977 2.717037 -3.28849
v 8.06462 2.714658 -3.30209
v 7.961866 2.711258 -3.300665
v 8.336566 2.603271 -3.440259
v 8.19203 2.655225 -3.466625
v 8.069263 2.637376 -3.474102
v 8.06371 1.685576 -2.531933
v 8.049154 1.605902 -2.535837
v 7.961866 1.639227 -2.539943
v 8.194565 1.639026 -2.582896
v 8.151573 1.568223 -2.565788
v 8.315911 1.668452 -2.702528
v 8.286137 1.58863 -2.657684
v 8.249796 1.522879 -2.655759
v 8.382618 1.513546 -2.806614
v 8.306187 1.475294 -2.741035
v 8.397946 1.602472 -2.808388
v 8.042214 1.461483 -2.509857
v 8.134256 1.436693 -2.532068
v 8.235266 1.41802 -2.634729
v 8.289549 1.374053 -2.755906
v 8.033175 1.354149 -2.539523
v 8.121355 1.33281 -2.564715
v 8.206372 1.311804 -2.658693
v 8.257511 1.320368 -2.744673
v 8.55432 2.088488 -3.646942
v 8.617873 2.10991 -3.645465
v 8.629998 2.230988 -3.684448
v 8.45263 2.218885 -3.691236
v 8.582335 1.976718 -3.621296
v 8.662487 1.957576 -3.636932
v 8.799402 2.200212 -3.593122
v 8.754461 2.275644 -3.609426
v 8.940317 2.288396 -3.481528
v 8.865692 2.337655 -3.464743
v 8.95465 2.262802 -3.31157
v 8.897917 2.364927 -3.332924
v 8.97674 2.209782 -3.234712
v 8.937174 2.300872 -3.192786
v 8.987705 2.107247 -3.166064
v 8.975288 2.183052 -3.108804
v 8.90216 2.030564 -3.065666
v 8.876971 2.116754 -2.966566
v 8.730478 1.984679 -2.963165
v 8.743616 2.063062 -2.873345
v 8.65266 1.947997 -2.915942
v 8.640461 1.999165 -2.865574
v 8.826207 2.192111 -2.928181
v 8.881843 2.289633 -3.024794
v 8.855922 2.381853 -3.148138
v 8.833924 2.442897 -3.303404
v 8.778101 2.40819 -3.458055
v 8.703757 2.3752 -3.604125
v 8.396226 2.352703 -3.650024
v 8.580173 2.354703 -3.667762
v 8.755211 2.275037 -2.919253
v 8.797218 2.363542 -3.004018
v 8.782616 2.423252 -3.124306
v 8.707937 2.455614 -3.437448
v 8.655558 2.425354 -3.577429
v 8.767487 2.495175 -3.282128
v 8.281523 2.498657 -3.579762
v 8.170889 2.53594 -3.598458
v 8.064321 2.52914 -3.595149
v 8.271097 2.360091 -3.660609
v 8.153931 2.361942 -3.696785
v 8.057969 2.356965 -3.699383
v 8.624559 1.873965 -3.533265
v 8.687723 1.86508 -3.535462
v 8.617203 1.778518 -3.308442
v 8.682116 1.81667 -3.345161
v 8.609953 1.834628 -3.124618
v 8.677184 1.850121 -3.190671
v 8.640987 1.891252 -2.998392
v 8.72261 1.887193 -3.015085
v 8.769621 2.059574 -3.642386
v 8.861055 2.147379 -3.608466
v 8.864121 1.981257 -3.582787
v 8.963659 2.026726 -3.583208
v 8.752072 1.931737 -3.633653
v 8.861262 1.901437 -3.583074
v 9.003986 2.21894 -3.529029
v 9.052794 2.219798 -3.354824
v 9.051676 2.15171 -3.265654
v 9.009803 2.082662 -3.204632
v 9.084429 2.136185 -3.516298
v 9.135615 2.155273 -3.363878
v 9.134383 2.082233 -3.275317
v 9.099124 2.027421 -3.211987
v 8.96492 1.998081 -3.100248
v 8.856597 1.918429 -3.021206
v 8.823209 1.820039 -3.053484
v 8.777007 1.816959 -3.546856
v 8.784132 1.804082 -3.379734
v 8.806478 1.766489 -3.221621
v 8.912077 1.780408 -3.524639
v 8.906439 1.763729 -3.384816
v 8.921801 1.721152 -3.252883
v 8.963259 1.746342 -3.101422
v 9.017764 1.829769 -3.080099
v 9.071681 1.934781 -3.1326
v 9.143671 1.771552 -3.160363
v 9.121275 1.711297 -3.192977
v 9.191998 1.724844 -3.212169
v 9.154657 1.688985 -3.238461
v 9.140317 1.874592 -3.173619
v 9.143104 1.989621 -3.231111
v 9.169781 2.056305 -3.263415
v 9.196653 2.125323 -3.354449
v 9.168352 2.125389 -3.488086
v 9.074838 2.041895 -3.598551
v 9.025143 1.925826 -3.65556
v 9.007448 1.839941 -3.64011
v 8.990312 1.754165 -3.55181
v 8.968535 1.714682 -3.438196
v 9.001738 1.688279 -3.288129
v 9.076896 1.660335 -3.284548
v 9.067333 1.60733 -3.477475
v 9.117528 1.684112 -3.619187
v 9.176735 1.808831 -3.723337
v 9.25474 1.966006 -3.657813
v 9.249942 2.066467 -3.578764
v 9.284756 2.135921 -3.441236
v 9.286919 2.10153 -3.286219
v 9.245943 2.001073 -3.181585
v 9.2103 1.894879 -3.171602
v 9.20928 1.806436 -3.202903
v 8.32488 2.204611 -3.718488
v 8.203959 2.186299 -3.733542
v 8.076566 2.173869 -3.775144
v 8.460782 2.0675 -3.684511
v 8.523945 1.941079 -3.639497
v 8.567808 1.821466 -3.552435
v 8.586035 1.707487 -3.309457
v 8.562719 1.746629 -3.13471
v 8.58533 1.858345 -2.979021
v 8.511325 1.70403 -2.967681
v 8.408205 1.669916 -2.815237
v 8.470997 1.574273 -2.938883
v 8.500765 1.559543 -3.10711
v 8.498405 1.550203 -3.239279
v 8.532219 1.680051 -3.45798
v 8.472026 1.532852 -3.379631
v 8.397275 1.676912 -3.580062
v 8.342989 1.538253 -3.494261
v 8.425959 1.801989 -3.61663
v 8.243983 1.676005 -3.661007
v 8.216044 1.541874 -3.579393
v 8.268335 1.799995 -3.684634
v 8.106982 1.679939 -3.689451
v 8.095935 1.565867 -3.596078
v 8.112113 1.798734 -3.737759
v 7.961866 1.701755 -3.659061
v 7.961866 1.593533 -3.56563
v 7.961866 1.808492 -3.723547
v 8.429475 1.932858 -3.682493
v 8.270404 1.934408 -3.751464
v 8.120765 1.921206 -3.777176
v 8.359265 2.066985 -3.73465
v 8.228045 2.069251 -3.770085
v 8.1174 2.050475 -3.773046
v 8.427401 1.475168 -2.929205
v 8.453955 1.433755 -3.057708
v 8.446846 1.415588 -3.169069
v 8.402182 1.418318 -3.294739
v 8.311839 1.432511 -3.409926
v 8.215104 1.453737 -3.503405
v 8.102901 1.486064 -3.551687
v 8.368226 1.383495 -2.82618
v 8.412618 1.361197 -2.917391
v 8.344211 1.281261 -2.822903
v 8.404139 1.270514 -2.902586
v 8.434453 1.348817 -3.037903
v 8.440162 1.336587 -3.148045
v 8.398988 1.345896 -3.2763
v 8.310244 1.370036 -3.409863
v 8.213752 1.393426 -3.497327
v 8.107765 1.402325 -3.524906
v 7.961866 1.448058 -3.471071
v 8.114221 1.192785 -2.57649
v 8.042571 1.195806 -2.543775
v 8.201024 1.191726 -2.668292
v 8.248261 1.204847 -2.739388
v 8.340628 1.189691 -2.803069
v 8.413088 1.190451 -2.917612
v 8.429401 1.274558 -3.021519
v 8.455292 1.195573 -3.032806
v 8.435178 1.275612 -3.140339
v 8.445687 1.199591 -3.128503
v 8.402087 1.286811 -3.259071
v 8.404838 1.213426 -3.265994
v 8.309562 1.299994 -3.396658
v 8.308345 1.212183 -3.3984
v 8.221686 1.315116 -3.478207
v 8.098716 1.325445 -3.507638
v 7.961866 1.333851 -3.45487
v 8.205743 1.214113 -3.471522
v 8.083374 1.204704 -3.505352
v 7.965203 1.195318 -3.484926
v 8.104599 1.071109 -2.61182
v 8.031444 1.067889 -2.586437
v 8.185389 1.08705 -2.690557
v 8.248816 1.089645 -2.731025
v 8.35009 1.126843 -2.779708
v 8.489643 1.146237 -3.03455
v 8.436474 1.169245 -2.893665
v 8.46072 1.122016 -3.141964
v 8.423599 1.168761 -3.28345
v 8.332521 1.17729 -3.424941
v 8.238351 1.177223 -3.517144
v 8.114614 1.172615 -3.546
v 8.028305 0.9199846 -2.639922
v 7.961866 0.919034 -2.634886
v 7.961866 0.992054 -2.606207
v 8.031467 0.9931228 -2.608277
v 8.014218 0.7849749 -2.706269
v 7.961866 0.7764804 -2.696899
v 8.107368 1.008773 -2.629831
v 8.108943 0.9379069 -2.65331
v 8.087278 0.790078 -2.736501
v 8.051135 0.6886674 -2.827748
v 7.997102 0.680488 -2.800838
v 8.003708 0.6450424 -2.934845
v 7.961866 0.6330038 -2.93423
v 8.181985 1.045823 -2.699128
v 8.177267 0.9732434 -2.682837
v 8.262346 1.01629 -2.703351
v 8.361141 1.061049 -2.738235
v 8.490813 1.042579 -2.884529
v 8.413446 0.9804236 -2.782703
v 8.512449 1.053423 -3.003821
v 8.521391 1.033033 -3.105177
v 8.444698 1.093392 -3.316081
v 8.489413 0.9956348 -3.26556
v 8.397973 1.017268 -3.432584
v 8.40968 0.9179064 -3.39066
v 8.306437 0.9353143 -3.536458
v 8.337226 0.8564 -3.4889
v 8.209715 0.8587046 -3.556196
v 8.245145 0.7849153 -3.483291
v 8.10798 0.792272 -3.515301
v 8.16092 0.7595912 -3.450501
v 8.031457 0.7480124 -3.447694
v 8.07297 0.7406893 -3.389223
v 8.182548 0.8211106 -2.777675
v 8.20977 0.7800258 -2.80572
v 8.116499 0.6917058 -2.8768
v 8.099111 0.719316 -2.855192
v 8.28406 0.944824 -2.71749
v 8.323232 0.8855116 -2.7535
v 8.063832 0.6414696 -2.964019
v 8.03467 0.6561291 -2.941183
v 8.033808 0.640602 -3.121144
v 8.010007 0.7042569 -3.117912
v 8.031202 0.7027875 -3.246043
v 8.007541 0.7205036 -3.305614
v 8.187366 0.8885596 -2.729919
v 7.984426 0.6889774 -3.131347
v 8.355457 1.11023 -3.45163
v 8.231956 1.098523 -3.552518
v 8.079265 1.084541 -3.569148
v 7.961866 1.098729 -3.557788
v 8.367981 1.075469 -3.457326
v 8.254416 1.03422 -3.567325
v 8.08325 0.975602 -3.58132
v 7.961866 0.9567704 -3.579041
v 8.048258 0.8338355 -3.535712
v 7.991297 0.7876049 -3.485073
v 7.976035 0.7357099 -3.383596
v 9.360365 1.785947 -3.659553
v 9.430216 1.912826 -3.600071
v 9.287166 1.651953 -3.619989
v 9.224404 1.554744 -3.512798
v 9.202156 1.536217 -3.367405
v 9.226616 1.567855 -3.269532
v 9.26342 1.63902 -3.223515
v 9.298868 1.740337 -3.210455
v 9.278976 1.8237 -3.148734
v 9.317683 1.932142 -3.141212
v 9.378822 2.040704 -3.230385
v 9.40353 2.101663 -3.386309
v 9.366367 2.05506 -3.546336
v 9.492043 1.757417 -3.595601
v 9.542655 1.870497 -3.530671
v 9.435687 1.636327 -3.596165
v 9.378511 1.560125 -3.510168
v 9.345171 1.506909 -3.411159
v 9.338543 1.507593 -3.312694
v 9.348331 1.548342 -3.233497
v 9.372226 1.627321 -3.201956
v 9.334596 1.767829 -3.155147
v 9.407588 1.695467 -3.184653
v 9.3844 1.850993 -3.133803
v 9.448156 1.76883 -3.143702
v 9.453346 1.959976 -3.197311
v 9.51849 1.872672 -3.174113
v 9.506426 2.027035 -3.327988
v 9.5769 1.948371 -3.280597
v 9.505415 2.000334 -3.490888
v 9.584343 1.946572 -3.424775
v 9.512764 1.553787 -3.500049
v 9.475607 1.499902 -3.433031
v 9.602911 1.492359 -3.41348
v 9.644394 1.539491 -3.463409
v 9.457105 1.486282 -3.348519
v 9.578095 1.467456 -3.354918
v 9.449533 1.502201 -3.272385
v 9.568096 1.468429 -3.285312
v 9.453019 1.548485 -3.214279
v 9.565061 1.490907 -3.226477
v 9.478241 1.611462 -3.190856
v 9.57816 1.526428 -3.179948
v 9.511311 1.677698 -3.151437
v 9.606256 1.571816 -3.145845
v 9.584103 1.781871 -3.149921
v 9.659198 1.678563 -3.135036
v 9.644301 1.870165 -3.242593
v 9.725574 1.793851 -3.227871
v 9.639751 1.871926 -3.369797
v 9.735559 1.787156 -3.353699
v 9.632287 1.819201 -3.477538
v 9.731492 1.741154 -3.444598
v 9.599444 1.727065 -3.537241
v 9.705766 1.678601 -3.4949
v 9.55803 1.626094 -3.550279
v 9.666505 1.601941 -3.496017
v 8.276364 0.720188 -3.447321
v 8.387511 0.7483183 -3.454371
v 8.181791 0.653658 -3.439212
v 8.112729 0.5993207 -3.397635
v 8.058017 0.5418315 -3.293964
v 8.085628 0.5218736 -3.122805
v 8.129614 0.5188522 -2.997773
v 8.178107 0.5344446 -2.888758
v 8.260454 0.6077995 -2.81565
v 8.350348 0.6879683 -2.777503
v 8.471334 0.7443194 -2.762897
v 8.544422 0.8058934 -2.851253
v 8.577742 0.8194219 -2.944839
v 8.606566 0.8375797 -3.090934
v 8.561622 0.8250508 -3.271191
v 8.487937 0.7883167 -3.40807
v 8.449241 0.5544569 -3.422112
v 8.550406 0.6181793 -3.367393
v 8.338631 0.513147 -3.415476
v 8.232272 0.4854667 -3.40846
v 8.145738 0.4572372 -3.366074
v 8.122146 0.4157763 -3.263676
v 8.131246 0.4276106 -3.09378
v 8.16489 0.4033803 -2.987787
v 8.202896 0.4155917 -2.889693
v 8.281157 0.4911283 -2.790742
v 8.379122 0.5473274 -2.756752
v 8.489669 0.6000981 -2.759734
v 8.559537 0.6537051 -2.827578
v 8.627027 0.6680759 -2.900643
v 8.65781 0.6932039 -3.058321
v 8.620444 0.6615494 -3.24043
v 8.378326 0.3843352 -3.356018
v 8.289131 0.3618025 -3.360436
v 8.313577 0.259552 -3.331008
v 8.408333 0.2801906 -3.327343
v 8.203494 0.3442932 -3.30438
v 8.23942 0.2413851 -3.292517
v 8.165814 0.3603539 -3.235607
v 8.217195 0.2546548 -3.206579
v 8.179687 0.3538247 -3.08001
v 8.224861 0.2552643 -3.107064
v 8.220256 0.3132194 -2.971816
v 8.264162 0.2228435 -2.987719
v 8.234364 0.3017915 -2.866659
v 8.282636 0.2048473 -2.882355
v 8.332595 0.2521544 -2.766488
v 8.369303 0.1856253 -2.794212
v 8.441451 0.3355453 -2.73304
v 8.462535 0.279265 -2.751339
v 8.493815 0.3714324 -2.784445
v 8.586696 0.3410118 -2.811179
v 8.491956 0.453117 -2.778582
v 8.579971 0.5032539 -2.802646
v 8.661295 0.5124029 -2.874764
v 8.668386 0.3554453 -2.885187
v 8.688812 0.5447268 -3.029635
v 8.689556 0.386465 -3.030599
v 8.660858 0.4949113 -3.200266
v 8.664102 0.3474009 -3.177814
v 8.584486 0.4648389 -3.317575
v 8.597025 0.3115578 -3.280531
v 8.490025 0.4204608 -3.364095
v 8.510112 0.2891102 -3.310982
v 8.294227 0.3629726 -2.76554
v 8.405056 0.4244539 -2.729268
v 8.5629 0.2361661 -2.806957
v 8.488574 0.2024843 -2.782475
v 8.411105 0.1423833 -2.821637
v 8.312079 0.1616336 -2.900863
v 8.261925 0.1699009 -2.984699
v 8.231088 0.1678735 -3.115684
v 8.23775 0.1837085 -3.214788
v 8.254353 0.1852467 -3.288428
v 8.322443 0.2127745 -3.328258
v 8.417789 0.2231447 -3.326293
v 8.519958 0.220798 -3.291952
v 8.591857 0.2390304 -3.272466
v 8.663642 0.2610569 -3.181148
v 8.692758 0.2823451 -3.049879
v 8.642472 0.2503101 -2.908027
v 8.567609 0.1012809 -2.812091
v 8.485232 0.08596838 -2.804946
v 8.638544 0.1286175 -2.908092
v 8.705996 0.1618193 -3.043816
v 8.676597 0.1810519 -3.19129
v 8.592144 0.1582222 -3.271818
v 8.526548 0.1567715 -3.295682
v 8.405535 0.1704936 -3.334961
v 8.326925 0.1566713 -3.332166
v 8.271111 0.1412874 -3.294408
v 8.245666 0.131286 -3.218082
v 8.232391 0.1168842 -3.141975
v 8.260428 0.08951485 -3.001239
v 8.317901 0.0794605 -2.921098
v 8.404355 0.06622875 -2.853773
v 8.285441 0.05268264 -3.303025
v 8.329453 0.07335019 -3.35815
v 8.264482 0.03727043 -3.237697
v 8.252283 0.03040683 -3.157202
v 8.272224 0.01550233 -3.044605
v 8.337715 0.005633593 -2.960829
v 8.410563 -0.003340781 -2.904639
v 8.486872 -0.01140654 -2.864077
v 8.570852 -0.008874297 -2.868218
v 8.638316 0.0233413 -2.927605
v 8.69805 0.05640137 -3.080695
v 8.679996 0.07952559 -3.203381
v 8.605597 0.08645535 -3.300563
v 8.526696 0.08890224 -3.341234
v 8.407008 0.0896697 -3.371065
v 8.403099 0.04066181 -3.430433
v 8.534263 0.046646 -3.402109
v 8.317742 0.01900685 -3.416247
v 8.273558 -0.001961648 -3.359438
v 8.25921 -0.01741356 -3.27795
v 8.261564 -0.02938098 -3.191362
v 8.285987 -0.04770464 -3.0937
v 8.341576 -0.06319183 -3.014537
v 8.414218 -0.07449549 -2.963729
v 8.41482 -0.1357408 -3.005041
v 8.338485 -0.128445 -3.053815
v 8.487789 -0.08454865 -2.919989
v 8.486737 -0.1492687 -2.96081
v 8.572947 -0.08263201 -2.923916
v 8.568963 -0.1512771 -2.966351
v 8.637765 -0.05829674 -3.001596
v 8.635447 -0.1295021 -3.046908
v 8.694654 -0.02512413 -3.132802
v 8.693361 0.001120806 -3.258401
v 8.618024 0.04107416 -3.356767
v 8.48595 -0.2906081 -3.030527
v 8.420115 -0.2778031 -3.064456
v 8.556266 -0.2959863 -3.044393
v 8.621947 -0.2969274 -3.119255
v 8.70965 -0.08595926 -3.166667
v 8.679708 -0.2999701 -3.229814
v 8.718273 -0.05148941 -3.303635
v 8.731364 -0.1630477 -3.355182
v 8.631192 -0.02941632 -3.432589
v 8.64845 -0.1285262 -3.462335
v 8.541193 -0.02124655 -3.476917
v 8.547955 -0.1070659 -3.514587
v 8.399695 2.557039E-05 -3.480508
v 8.401937 -0.08198053 -3.531867
v 8.304497 -0.01765287 -3.46581
v 8.306387 -0.1081418 -3.522183
v 8.247774 -0.05715567 -3.429378
v 8.246367 -0.1568304 -3.463808
v 8.216173 -0.08227599 -3.337424
v 8.214925 -0.1779117 -3.359807
v 8.241655 -0.08950716 -3.222
v 8.230917 -0.180723 -3.25044
v 8.280846 -0.1116376 -3.13023
v 8.294553 -0.2571825 -3.184955
v 8.259187 -0.2673379 -3.280591
v 8.350778 -0.2692634 -3.112776
v 8.637784 -0.2495847 -3.46465
v 8.693677 -0.2901413 -3.372223
v 8.548022 -0.2086026 -3.517365
v 8.409513 -0.1828471 -3.539437
v 8.340706 -0.2171883 -3.523754
v 8.278457 -0.268903 -3.46315
v 8.253852 -0.2778234 -3.364257
v 8.368109 -0.324678 -3.487393
v 8.437622 -0.3125334 -3.503376
v 8.315255 -0.3348173 -3.442225
v 8.287837 -0.3445681 -3.37047
v 8.285678 -0.3486852 -3.294163
v 8.307507 -0.3529752 -3.201926
v 8.35591 -0.3618512 -3.13197
v 8.418912 -0.3695627 -3.084804
v 8.483151 -0.3748347 -3.065439
v 8.54543 -0.3770131 -3.081216
v 8.609308 -0.3770554 -3.147089
v 8.653832 -0.3753772 -3.251093
v 8.658675 -0.3674217 -3.391087
v 8.61353 -0.3426315 -3.461762
v 8.550675 -0.3165833 -3.496304
v 8.344667 -0.4589439 -3.409421
v 8.38305 -0.4657485 -3.443337
v 8.313427 -0.4593684 -3.363679
v 8.29814 -0.4637131 -3.303623
v 8.316617 -0.460254 -3.210726
v 8.368395 -0.4589474 -3.147214
v 8.427315 -0.4623784 -3.098351
v 8.486229 -0.4673666 -3.082943
v 8.543813 -0.4687348 -3.096515
v 8.605024 -0.4699723 -3.154719
v 8.643041 -0.4706377 -3.258379
v 8.638049 -0.4717126 -3.376992
v 8.588131 -0.4686009 -3.437022
v 8.517151 -0.4655336 -3.476204
v 8.434896 -0.4719552 -3.478175
v 7.993674 2.384144 -2.335966
v 7.961866 2.38388 -2.330873
v 7.995615 2.411 -2.345647
v 8.02 2.399431 -2.365278
v 8.018761 2.382061 -2.351228
v 8.04057 2.388433 -2.38341
v 8.039251 2.377336 -2.370361
v 8.056163 2.382299 -2.409001
v 8.060346 2.370414 -2.410665
v 8.060148 2.383946 -2.43007
v 8.066059 2.378314 -2.430454
v 8.062588 2.390863 -2.441708
v 8.068321 2.387869 -2.441677
v 8.064718 2.402732 -2.444391
v 8.071668 2.403314 -2.444357
v 8.060424 2.414315 -2.435443
v 8.067593 2.417186 -2.434955
v 8.031219 2.460868 -2.382227
v 8.034715 2.472719 -2.378314
v 8.054117 2.451199 -2.403631
v 8.047793 2.446172 -2.402461
v 8.009849 2.477041 -2.359831
v 8.010633 2.461724 -2.362861
v 7.993352 2.457479 -2.35268
v 7.991199 2.478798 -2.351841
v 8.060511 2.436963 -2.418758
v 8.05512 2.430502 -2.419637
v 8.001879 2.518683 -2.318775
v 7.996326 2.510193 -2.323941
v 7.989315 2.502416 -2.306441
v 7.992795 2.511039 -2.297287
v 8.016326 2.519086 -2.339636
v 8.009465 2.511176 -2.339403
v 8.026481 2.512755 -2.357122
v 8.01183 2.509818 -2.345962
v 7.990664 2.491869 -2.359287
v 7.988541 2.502265 -2.358781
v 8.005864 2.505936 -2.354091
v 8.012264 2.497401 -2.365724
v 7.975526 2.487041 -2.355551
v 7.961866 2.483944 -2.354609
v 7.973513 2.496994 -2.348351
v 8.031346 2.527834 -2.367897
v 8.008265 2.545857 -2.348547
v 8.012095 2.551386 -2.352291
v 8.038034 2.537845 -2.369561
v 7.969879 2.560131 -2.31663
v 7.971921 2.56877 -2.318211
v 7.98878 2.564334 -2.329689
v 7.985748 2.55754 -2.325753
v 7.975142 2.545703 -2.296046
v 7.961866 2.546223 -2.296796
v 7.976685 2.530308 -2.283863
v 7.961866 2.529042 -2.282883
v 7.978198 2.514172 -2.280398
v 7.961866 2.512321 -2.280982
v 7.989917 2.541326 -2.306636
v 7.987092 2.531154 -2.29433
v 7.999291 2.527738 -2.317982
v 7.991357 2.518509 -2.294437
v 7.980752 2.502595 -2.282932
v 7.984348 2.490416 -2.299841
v 8.005134 2.537102 -2.336295
v 8.029211 2.518538 -2.359528
v 7.977986 2.450042 -2.348516
v 7.97646 2.470932 -2.349972
v 8.04205 2.486845 -2.383861
v 8.063435 2.465505 -2.405678
v 8.074654 2.444518 -2.422769
v 8.08011 2.420329 -2.440022
v 8.081776 2.399846 -2.449299
v 8.078332 2.37977 -2.451007
v 8.072505 2.35727 -2.439082
v 8.062165 2.353956 -2.411344
v 8.036353 2.359915 -2.368802
v 8.014761 2.362222 -2.356363
v 7.990495 2.363603 -2.344772
v 8.033517 2.517529 -2.377085
v 8.027604 2.506021 -2.376788
v 8.024467 2.505121 -2.365417
v 8.010961 2.506074 -2.35069
v 8.023447 2.501899 -2.373784
v 8.054786 2.501146 -2.383485
v 8.045469 2.493336 -2.388577
v 8.051134 2.526895 -2.377211
v 8.072622 2.509553 -2.386865
v 8.09782 2.485522 -2.413065
v 8.081348 2.477553 -2.401921
v 8.109744 2.446993 -2.45276
v 8.097485 2.441203 -2.439196
v 8.117232 2.411667 -2.487806
v 8.099582 2.407872 -2.466436
v 8.093667 2.331379 -2.480081
v 8.082411 2.340175 -2.459915
v 8.093797 2.370532 -2.473638
v 8.108802 2.365067 -2.49396
v 8.075665 2.303513 -2.457293
v 8.069042 2.322185 -2.443017
v 8.035536 2.269274 -2.41631
v 8.038386 2.288317 -2.381619
v 8.005028 2.25203 -2.39402
v 8.006873 2.273093 -2.355399
v 8.072775 2.46952 -2.402587
v 8.086475 2.443869 -2.424442
v 8.090068 2.416381 -2.446036
v 8.114769 2.385869 -2.49616
v 8.096024 2.393117 -2.472056
v 8.090606 2.395625 -2.460112
v 8.08567 2.376161 -2.462381
v 8.075812 2.352875 -2.448811
v 7.990172 2.33294 -2.341671
v 7.961866 2.332373 -2.344628
v 7.961866 2.36402 -2.345198
v 8.016236 2.329783 -2.353054
v 7.99513 2.305778 -2.33949
v 8.013492 2.313531 -2.347708
v 8.033306 2.330148 -2.369026
v 8.058354 2.33499 -2.418029
v 7.970658 2.509038 -2.334996
v 7.974399 2.510643 -2.346472
v 7.972359 2.486381 -2.322497
v 7.982046 2.509509 -2.3541
v 7.99043 2.513356 -2.353132
v 7.992983 2.517226 -2.349401
v 7.995801 2.514462 -2.343608
v 7.987127 2.514419 -2.331456
v 7.982304 2.509692 -2.323376
v 7.97792 2.505359 -2.321903
v 7.977522 2.486195 -2.307398
v 7.978825 2.51625 -2.337264
v 7.980704 2.515817 -2.346082
v 8.072713 2.285285 -2.47863
v 8.033509 2.257916 -2.451881
v 8.067719 2.278848 -2.50951
v 8.025047 2.253457 -2.490837
v 7.989417 2.248228 -2.488287
v 7.99722 2.244876 -2.441627
v 8.103252 2.320074 -2.509772
v 8.103222 2.313409 -2.54235
v 8.130494 2.357578 -2.530303
v 8.135052 2.350755 -2.561826
v 8.146696 2.401457 -2.536195
v 8.151215 2.398372 -2.568953
v 8.14647 2.471126 -2.539791
v 8.145598 2.474465 -2.566125
v 8.142209 2.536227 -2.530178
v 8.133749 2.542034 -2.562399
v 8.112192 2.645119 -2.473078
v 8.114552 2.664104 -2.490928
v 8.117637 2.611376 -2.533039
v 8.122561 2.59697 -2.507497
v 8.09463 2.68386 -2.435813
v 8.096087 2.701515 -2.452805
v 8.064706 2.699113 -2.412552
v 8.066044 2.718731 -2.429489
v 8.024353 2.70012 -2.388273
v 8.02336 2.724033 -2.397552
v 7.988959 2.692054 -2.376118
v 7.984083 2.713889 -2.385641
v 8.134052 2.409276 -2.510891
v 8.130152 2.385051 -2.514224
v 8.146912 2.470021 -2.507262
v 8.15436 2.526944 -2.496477
v 8.114119 2.634572 -2.441815
v 8.13092 2.592092 -2.458787
v 8.098987 2.66761 -2.408315
v 8.0666 2.677096 -2.389419
v 8.030602 2.675376 -2.366547
v 7.995281 2.665541 -2.349065
v 8.058086 2.572734 -2.383265
v 8.062624 2.567417 -2.385604
v 8.043542 2.563369 -2.375818
v 8.043785 2.567087 -2.375624
v 8.065206 2.581866 -2.390851
v 8.072671 2.578346 -2.396068
v 8.006166 2.57286 -2.368413
v 8.009859 2.575241 -2.37105
v 8.022199 2.571803 -2.369514
v 8.020859 2.567842 -2.369654
v 7.998825 2.579523 -2.369278
v 8.005731 2.579271 -2.371433
v 7.999628 2.587199 -2.369986
v 8.008477 2.582773 -2.367011
v 8.068071 2.58817 -2.393996
v 8.074913 2.58792 -2.40024
v 8.066547 2.591267 -2.391391
v 8.075407 2.59229 -2.392247
v 8.034949 2.591449 -2.370666
v 8.034415 2.597065 -2.367946
v 8.047915 2.59928 -2.37253
v 8.047503 2.594518 -2.375895
v 8.019118 2.586278 -2.366463
v 8.014769 2.592062 -2.364961
v 8.015578 2.581776 -2.375332
v 8.016 2.579081 -2.376414
v 8.020303 2.586029 -2.375835
v 8.001704 2.643482 -2.333119
v 8.005233 2.627805 -2.334066
v 7.981554 2.622411 -2.333766
v 7.977597 2.634582 -2.332942
v 8.032596 2.652968 -2.3533
v 8.032636 2.636835 -2.35093
v 8.101124 2.625821 -2.421555
v 8.096748 2.62113 -2.401122
v 8.083147 2.636018 -2.380971
v 8.090412 2.64984 -2.392554
v 8.065726 2.641683 -2.368299
v 8.067773 2.657568 -2.374696
v 8.108496 2.603115 -2.426121
v 8.098901 2.600883 -2.409809
v 8.112923 2.57577 -2.416154
v 8.096638 2.582909 -2.413358
v 8.096812 2.549331 -2.401589
v 8.088352 2.565989 -2.39874
v 8.073178 2.540171 -2.386227
v 8.070114 2.553721 -2.382943
v 8.042707 2.547368 -2.371024
v 8.041596 2.554754 -2.374324
v 7.976914 2.6467 -2.338895
v 7.961866 2.647201 -2.344491
v 7.961866 2.665177 -2.357125
v 8.092754 2.526035 -2.398989
v 8.121043 2.498259 -2.424339
v 8.131657 2.460711 -2.46712
v 8.117257 2.538747 -2.412501
v 8.138445 2.518597 -2.434937
v 8.151084 2.491554 -2.467762
v 8.134695 2.56463 -2.43501
v 8.147508 2.544113 -2.450331
v 8.155778 2.519047 -2.469084
v 8.147502 2.567116 -2.478188
v 8.1359 2.572112 -2.51356
v 8.122528 2.585719 -2.549546
v 8.008811 2.61099 -2.342694
v 7.978805 2.606052 -2.344386
v 8.03342 2.616924 -2.357407
v 8.055776 2.621189 -2.370809
v 8.070641 2.617883 -2.376849
v 8.087578 2.609536 -2.386295
v 8.089619 2.59714 -2.398954
v 8.085183 2.586162 -2.408229
v 8.081355 2.573355 -2.397629
v 8.067649 2.561492 -2.383121
v 8.042648 2.559047 -2.375645
v 8.058175 2.596111 -2.383152
v 8.060285 2.599353 -2.378535
v 8.063096 2.59365 -2.385347
v 8.069491 2.595521 -2.382907
v 7.987766 2.573725 -2.3322
v 7.970985 2.579348 -2.322673
v 8.016128 2.557578 -2.35781
v 8.017173 2.562669 -2.361996
v 7.986912 2.578171 -2.338669
v 7.971628 2.583397 -2.327288
v 7.961866 2.578858 -2.320962
v 7.961866 2.583804 -2.32667
v 8.019134 2.565383 -2.365846
v 7.984846 2.591854 -2.361163
v 7.985575 2.582195 -2.356315
v 8.002675 2.573127 -2.361145
v 7.972373 2.589957 -2.344019
v 7.974027 2.595063 -2.355929
v 7.984526 2.579631 -2.346804
v 7.97126 2.587061 -2.334005
v 7.961866 2.591914 -2.344618
v 7.998588 2.570356 -2.355233
v 7.998913 2.567683 -2.348556
v 7.998386 2.562952 -2.342281
v 7.997937 2.557525 -2.338287
v 7.994025 2.546249 -2.331069
v 8.021746 2.415827 -2.380981
v 7.996021 2.424142 -2.370311
v 8.039717 2.401482 -2.392027
v 8.050035 2.389986 -2.413743
v 8.053948 2.387096 -2.427787
v 8.057371 2.390218 -2.442472
v 8.059162 2.400045 -2.449197
v 8.054648 2.412612 -2.437413
v 8.047651 2.423958 -2.427721
v 8.037241 2.438384 -2.409969
v 8.024812 2.448323 -2.389416
v 8.009343 2.447102 -2.378202
v 7.994094 2.444008 -2.368465
v 7.980259 2.437509 -2.366641
v 8.121396 2.62336 -2.548757
v 8.125426 2.603389 -2.559198
v 8.135105 2.641174 -2.557699
v 8.131413 2.625904 -2.576459
v 8.145725 2.660743 -2.574003
v 8.141829 2.647259 -2.586576
v 8.153553 2.679265 -2.597958
v 8.15107 2.66007 -2.596738
v 8.161945 2.681272 -2.617876
v 8.154506 2.662721 -2.607849
v 8.166803 2.67206 -2.628374
v 8.158504 2.662385 -2.615887
v 8.162805 2.653976 -2.629272
v 8.154747 2.651425 -2.613973
v 8.156947 2.629845 -2.620752
v 8.148735 2.639339 -2.601956
v 8.147711 2.606652 -2.607014
v 8.141948 2.627433 -2.592109
v 8.139454 2.577375 -2.584587
v 8.134504 2.602281 -2.580055
v 8.135789 2.555572 -2.571171
v 8.130776 2.586574 -2.568245
v 8.125401 2.66038 -2.574564
v 8.13457 2.677057 -2.591972
v 8.123578 2.647255 -2.559048
v 8.119188 2.631335 -2.543444
v 8.144225 2.68466 -2.610997
v 8.151024 2.67669 -2.629946
v 8.157451 2.652841 -2.63357
v 8.152595 2.629911 -2.627186
v 8.143952 2.597676 -2.613396
v 8.135559 2.566544 -2.594687
v 8.134156 2.547506 -2.580261
v 8.111574 2.678228 -2.517819
v 8.093424 2.720908 -2.486899
v 8.062865 2.74595 -2.458426
v 8.021033 2.751384 -2.424913
v 7.982113 2.750647 -2.405984
v 7.961866 2.748197 -2.403786
v 8.141866 2.487874 -2.593803
v 8.148991 2.405611 -2.595093
v 8.129266 2.344919 -2.581963
v 8.088986 2.305803 -2.565042
v 8.055291 2.27834 -2.543707
v 8.017024 2.262859 -2.532802
v 7.982314 2.261769 -2.534104
v 8.138017 2.697037 -2.62543
v 8.148709 2.683051 -2.652105
v 8.127218 2.692975 -2.593982
v 8.118257 2.67535 -2.573464
v 8.11492 2.66677 -2.55532
v 8.158769 2.650549 -2.657025
v 8.150862 2.615363 -2.646818
v 8.133756 2.575722 -2.626339
v 8.132633 2.54023 -2.608986
v 8.088402 2.750338 -2.53726
v 8.109858 2.704464 -2.554978
v 8.060598 2.770702 -2.494729
v 8.018158 2.782032 -2.466015
v 7.980415 2.786395 -2.453943
v 7.961866 2.784951 -2.449094
v 8.048471 2.277109 -2.57289
v 8.010803 2.267627 -2.57231
v 8.085402 2.300039 -2.589098
v 8.127174 2.33688 -2.606385
v 8.148007 2.413193 -2.636126
v 8.147502 2.491065 -2.648237
v 8.083899 2.286058 -2.605903
v 8.042105 2.267379 -2.596529
v 7.979462 2.266504 -2.572282
v 7.990207 2.261008 -2.595305
v 8.026573 2.24871 -2.617501
v 8.086364 2.275244 -2.618152
v 8.038261 2.236226 -2.631716
v 8.012501 2.264864 -2.588861
v 8.151921 2.560552 -2.693395
v 8.174633 2.60274 -2.698706
v 8.17596 2.660889 -2.707983
v 8.14155 2.711233 -2.716413
v 8.065094 2.774466 -2.729293
v 8.04438 2.796511 -2.543726
v 8.067669 2.785441 -2.580117
v 7.99013 2.825651 -2.560802
v 8.011671 2.824201 -2.602139
v 8.01362 2.806241 -2.516714
v 7.978108 2.813252 -2.5035
v 7.961866 2.8114 -2.499345
v 7.961866 2.827166 -2.558113
v 8.031415 2.800518 -2.697502
v 7.961866 2.802802 -2.731735
v 8.112119 2.741107 -2.670706
v 8.08981 2.766887 -2.624002
v 8.024652 2.815836 -2.650046
v 8.110347 2.738077 -2.601818
v 8.114349 2.723449 -2.580779
v 8.019169 2.574754 -2.379285
v 8.039472 2.571979 -2.38452
v 8.051164 2.57583 -2.387488
v 8.056579 2.582607 -2.393429
v 8.060513 2.587564 -2.393613
v 8.061599 2.591303 -2.392265
v 8.059578 2.594024 -2.390199
v 8.05498 2.595397 -2.38783
v 8.04558 2.592969 -2.381063
v 8.033772 2.590425 -2.375966
v 8.012585 2.413117 -2.39422
v 7.983325 2.416711 -2.388178
v 8.029079 2.401245 -2.40258
v 8.036625 2.383627 -2.423198
v 8.040586 2.382684 -2.433833
v 8.045068 2.384453 -2.446147
v 8.049977 2.397519 -2.46033
v 8.050528 2.415681 -2.452783
v 8.045042 2.427433 -2.444115
v 8.033344 2.446417 -2.420411
v 8.010446 2.457793 -2.401863
v 7.992648 2.456699 -2.391959
v 7.98317 2.450432 -2.388719
v 7.97556 2.444432 -2.388299
v 8.023017 2.457941 -2.453201
v 8.004935 2.472045 -2.432096
v 7.981277 2.475778 -2.422601
v 8.033052 2.437637 -2.464932
v 8.038183 2.415645 -2.474129
v 8.035407 2.39519 -2.470246
v 8.025084 2.379364 -2.455872
v 8.027807 2.372152 -2.442975
v 8.031498 2.374616 -2.430631
v 8.028774 2.381766 -2.417341
v 8.005512 2.397791 -2.478322
v 8.003778 2.418189 -2.487563
v 7.998798 2.37986 -2.464336
v 7.998607 2.373339 -2.440745
v 8.009768 2.362012 -2.428566
v 8.0033 2.435564 -2.488895
v 7.99164 2.461807 -2.47053
v 7.961866 2.377588 -2.441936
v 8.000757 2.368319 -2.408761
v 7.98071 2.368762 -2.403643
v 7.961866 2.418601 -2.385681
v 8.224519 2.294072 -2.755987
v 8.152935 2.258218 -2.688052
v 8.046259 2.219461 -2.649215
v 8.051745 2.20283 -2.66218
v 7.961866 2.181744 -2.666997
v 7.961866 2.197572 -2.661268
v 7.961866 2.032184 -2.672869
v 7.961866 1.943614 -2.64088
v 7.961866 2.113363 -2.678181
v 7.961866 2.787794 -2.821546
v 7.961866 1.933467 -3.771382
v 7.961866 1.20503 -2.546742
v 7.961866 0.6774254 -2.794479
v 7.961866 0.6851276 -3.1364
v 7.961866 0.7408102 -3.394907
v 7.961866 2.481013 -2.319962
v 7.961866 2.568096 -2.317931
v 7.961866 2.446131 -2.351563
v 7.961866 2.686778 -2.371901
v 7.961866 2.607631 -2.339522
v 7.961866 2.597928 -2.350441
v 7.961866 2.621321 -2.335638
v 7.961866 2.634836 -2.337924
v 7.961866 2.424819 -2.369461
v 7.961866 2.262742 -2.540438
v 7.961866 2.247069 -2.623825
v 7.961866 2.829184 -2.601455
v 7.961866 2.829353 -2.651769
v 7.961866 2.438838 -2.487757
v 7.961866 2.423997 -2.483199
v 7.961866 2.402385 -2.476156
v 7.961866 2.207363 -2.656783
v 7.958239 2.456699 -2.391959
v 7.96961 2.475778 -2.422601
v 7.961866 2.461165 -2.473475
v 10.17458 1.212931 -3.335307
v 10.21106 1.211394 -3.385786
v 10.21343 1.242874 -3.380608
v 10.17375 1.230027 -3.334883
v 10.26338 1.197188 -3.404231
v 10.26668 1.228953 -3.40685
v 10.31819 1.194079 -3.375064
v 10.32592 1.233932 -3.379426
v 10.33879 1.191047 -3.316104
v 10.35057 1.226025 -3.316667
v 10.30211 1.190507 -3.262107
v 10.3099 1.224298 -3.257649
v 10.23966 1.183209 -3.251286
v 10.24244 1.226372 -3.247105
v 10.18589 1.199653 -3.283178
v 10.19348 1.228726 -3.281059
v 10.21192 1.261813 -3.381106
v 10.16392 1.249862 -3.334541
v 10.2655 1.265428 -3.402017
v 10.32034 1.269068 -3.378122
v 10.35038 1.265342 -3.316808
v 10.30564 1.265828 -3.255082
v 10.24237 1.253272 -3.245621
v 10.18969 1.245045 -3.274685
v 10.15338 1.283926 -3.333597
v 10.19889 1.300114 -3.381148
v 10.1876 1.332763 -3.383073
v 10.14891 1.319101 -3.337396
v 10.2661 1.311116 -3.405523
v 10.25422 1.357895 -3.411106
v 10.32094 1.322517 -3.373972
v 10.32269 1.37903 -3.374796
v 10.34535 1.324125 -3.311992
v 10.34257 1.380786 -3.309151
v 10.29548 1.313229 -3.255591
v 10.29461 1.360131 -3.247536
v 10.23169 1.300218 -3.243223
v 10.21477 1.347697 -3.23647
v 10.17923 1.29352 -3.265596
v 10.16743 1.325198 -3.261621
v 10.16291 1.375042 -3.38225
v 10.125 1.335938 -3.338437
v 10.22298 1.41158 -3.396717
v 10.29332 1.434713 -3.366515
v 10.30708 1.436604 -3.301828
v 10.26274 1.414726 -3.247124
v 10.19434 1.386994 -3.22701
v 10.13723 1.348147 -3.261438
v 10.15674 1.145569 -3.345508
v 10.18984 1.145972 -3.389791
v 10.16706 1.133929 -3.294496
v 10.22337 1.118935 -3.256028
v 10.28088 1.124017 -3.264862
v 10.31227 1.126669 -3.324162
v 10.29024 1.130139 -3.379255
v 10.23892 1.132559 -3.402712
v 10.29109 1.076029 -3.326823
v 10.25428 1.078115 -3.273464
v 10.27134 1.088892 -3.381345
v 10.24134 1.081107 -3.384925
v 10.1907 1.085304 -3.382657
v 10.17476 1.079878 -3.344195
v 10.17296 1.086752 -3.309076
v 10.21599 1.072441 -3.273666
v 10.25595 1.041493 -3.377255
v 10.25136 1.027603 -3.330876
v 10.23796 1.040017 -3.283226
v 10.22009 1.044251 -3.335231
v 10.08447 1.345989 -3.339931
v 10.12088 1.372149 -3.241898
v 10.13087 1.39177 -3.395518
v 10.18755 1.459682 -3.400314
v 10.23578 1.506516 -3.364741
v 10.25114 1.521674 -3.304891
v 10.22775 1.496436 -3.247986
v 10.177 1.434864 -3.213112
v 10.12822 1.206913 -3.116893
v 10.18432 1.215272 -3.145538
v 10.17751 1.246372 -3.146355
v 10.12033 1.221119 -3.11915
v 10.24071 1.210462 -3.144544
v 10.23937 1.242424 -3.143886
v 10.26993 1.211993 -3.092977
v 10.27025 1.25052 -3.090872
v 10.2679 1.206423 -3.039314
v 10.27517 1.240197 -3.032537
v 10.22378 1.192514 -2.999288
v 10.22356 1.226239 -2.990196
v 10.15932 1.170539 -3.010552
v 10.15134 1.215303 -2.996879
v 10.11496 1.1882 -3.061064
v 10.10819 1.212565 -3.051921
v 10.1741 1.264693 -3.143178
v 10.1114 1.238494 -3.119572
v 10.22846 1.276758 -3.133434
v 10.26003 1.282631 -3.090217
v 10.26746 1.276821 -3.031501
v 10.21172 1.266141 -2.98777
v 10.14786 1.241856 -2.995741
v 10.10539 1.226331 -3.047428
v 10.10444 1.275664 -3.113848
v 10.15602 1.300284 -3.146244
v 10.14118 1.330431 -3.151823
v 10.08434 1.305198 -3.115479
v 10.21828 1.322356 -3.125941
v 10.20366 1.366728 -3.136109
v 10.24233 1.333873 -3.081005
v 10.23151 1.383455 -3.076604
v 10.24167 1.332158 -3.032031
v 10.22983 1.382833 -3.028978
v 10.19483 1.311492 -2.989057
v 10.1827 1.356602 -2.983529
v 10.1329 1.288263 -3.000233
v 10.10709 1.331715 -2.997655
v 10.09108 1.275726 -3.042656
v 10.07276 1.302431 -3.041019
v 10.12481 1.355154 -3.164519
v 10.06393 1.322434 -3.121484
v 10.17633 1.407428 -3.143537
v 10.19729 1.429904 -3.089611
v 10.19138 1.441838 -3.034366
v 10.14927 1.412343 -2.992629
v 10.0782 1.371091 -2.997722
v 10.04855 1.327366 -3.054701
v 10.12799 1.138638 -3.136783
v 10.17609 1.148771 -3.167051
v 10.12232 1.11718 -3.07481
v 10.15936 1.112175 -3.031187
v 10.21659 1.124601 -3.013958
v 10.265 1.138855 -3.057037
v 10.27083 1.144591 -3.116755
v 10.23027 1.143412 -3.15944
v 10.25475 1.087052 -3.070771
v 10.20231 1.079009 -3.038667
v 10.26042 1.101867 -3.128274
v 10.23531 1.087678 -3.150914
v 10.18415 1.084116 -3.168525
v 10.15074 1.068881 -3.136864
v 10.13979 1.066512 -3.090802
v 10.17006 1.06755 -3.051162
v 10.24892 1.078948 -3.129375
v 10.23892 1.058251 -3.081655
v 10.21236 1.058697 -3.05518
v 10.20228 1.042159 -3.108823
v 10.04201 1.345085 -3.130996
v 10.01642 1.356786 -3.057039
v 10.10211 1.386355 -3.183054
v 10.15442 1.44366 -3.162539
v 10.15738 1.485567 -3.111724
v 10.1401 1.49366 -3.048401
v 10.08735 1.46706 -3.009176
v 10.03968 1.408016 -3.007604
v 10.07559 1.209285 -3.501517
v 10.06333 1.219024 -3.551423
v 10.0628 1.234976 -3.552907
v 10.0756 1.229657 -3.501254
v 10.08103 1.21689 -3.592148
v 10.07912 1.246674 -3.593098
v 10.13414 1.22276 -3.617956
v 10.13301 1.251178 -3.616944
v 10.18777 1.208449 -3.594712
v 10.19153 1.248864 -3.592875
v 10.1967 1.209124 -3.532593
v 10.1967 1.243783 -3.527049
v 10.16674 1.19345 -3.481189
v 10.16322 1.235926 -3.471232
v 10.12506 1.207008 -3.469458
v 10.12473 1.225156 -3.469745
v 10.05816 1.248828 -3.544908
v 10.07157 1.246363 -3.498644
v 10.07632 1.26437 -3.593125
v 10.13529 1.283824 -3.612629
v 10.18608 1.278467 -3.590164
v 10.19511 1.276484 -3.526005
v 10.16143 1.27346 -3.471968
v 10.11967 1.243428 -3.467602
v 10.07328 1.290141 -3.499675
v 10.05738 1.296602 -3.550511
v 10.05763 1.317564 -3.545689
v 10.07187 1.310719 -3.500257
v 10.07783 1.322748 -3.598341
v 10.07722 1.344662 -3.599184
v 10.12849 1.336972 -3.616959
v 10.11988 1.369483 -3.607583
v 10.18773 1.338008 -3.585309
v 10.17965 1.383189 -3.575373
v 10.19239 1.33712 -3.510888
v 10.18143 1.36401 -3.49715
v 10.15977 1.325177 -3.464739
v 10.15458 1.346421 -3.460058
v 10.12021 1.308131 -3.469909
v 10.10979 1.322834 -3.463933
v 10.04081 1.332918 -3.542572
v 10.05625 1.320322 -3.488621
v 10.06328 1.366009 -3.588604
v 10.10967 1.396897 -3.595321
v 10.1582 1.417112 -3.555986
v 10.17179 1.388244 -3.49247
v 10.1435 1.366688 -3.452606
v 10.09481 1.33921 -3.45615
v 10.07167 1.168128 -3.498904
v 10.06026 1.16346 -3.554646
v 10.113 1.161479 -3.471348
v 10.15763 1.139864 -3.494489
v 10.18964 1.162228 -3.539173
v 10.17073 1.168225 -3.597699
v 10.1217 1.175207 -3.611359
v 10.07532 1.160815 -3.583205
v 10.15485 1.096667 -3.572972
v 10.16667 1.123369 -3.521366
v 10.09965 1.100138 -3.583822
v 10.09541 1.108785 -3.568527
v 10.07518 1.118325 -3.542874
v 10.08468 1.110883 -3.51085
v 10.11529 1.110632 -3.48988
v 10.14298 1.102176 -3.511307
v 10.09897 1.058236 -3.57495
v 10.12565 1.040423 -3.548775
v 10.15209 1.075044 -3.530042
v 10.11376 1.086751 -3.538312
v 10.01045 1.371277 -3.46199
v 10.06335 1.379504 -3.422055
v 9.995687 1.378256 -3.507945
v 10.01613 1.418887 -3.572875
v 10.06189 1.459887 -3.574059
v 10.11527 1.488386 -3.528503
v 10.14335 1.470208 -3.469192
v 10.14428 1.411593 -3.426487
v 9.818284 1.214899 -2.966195
v 9.8805 1.253252 -2.960047
v 9.900023 1.234903 -2.961928
v 9.845239 1.18701 -2.963405
v 9.821415 1.165179 -3.032249
v 9.801857 1.189411 -3.036883
v 9.877368 1.169245 -2.974092
v 9.840098 1.151341 -3.03463
v 9.912538 1.206748 -2.96606
v 9.827168 1.174311 -3.077015
v 9.81195 1.200763 -3.077942
v 9.846174 1.159087 -3.077527
v 9.855517 1.20735 -3.09502
v 9.845009 1.220999 -3.095959
v 9.869091 1.190598 -3.097855
v 9.904983 1.242089 -3.084761
v 9.894882 1.255294 -3.086182
v 9.916574 1.233237 -3.089418
v 9.937325 1.261684 -2.995296
v 9.947537 1.243448 -2.993458
v 9.921381 1.276002 -2.99162
v 9.935905 1.261447 -3.039625
v 9.946594 1.241966 -3.052655
v 9.923674 1.281042 -3.0328
v 9.953509 1.170638 -2.971616
v 9.918778 1.136333 -2.986157
v 9.887054 1.113797 -3.023105
v 9.999325 1.127142 -2.988673
v 9.963464 1.096977 -2.9977
v 9.937437 1.069356 -3.041759
v 9.970804 1.200996 -2.993917
v 9.880882 1.12806 -3.07388
v 9.933937 1.093392 -3.088637
v 9.994457 1.072143 -3.007096
v 9.954803 1.062047 -3.043611
v 10.0084 1.116541 -2.994358
v 10.0068 1.167186 -3.005827
v 10.02102 1.140028 -3.035659
v 10.00606 1.099263 -3.049839
v 9.975508 1.087844 -3.083153
v 9.897405 1.158947 -3.101643
v 9.935236 1.140507 -3.112705
v 9.98458 1.13391 -3.10352
v 10.00188 1.140353 -3.087026
v 10.00601 1.159904 -3.077126
v 9.989744 1.19544 -3.067516
v 9.974411 1.217882 -3.048114
v 9.945202 1.200357 -3.108878
v 9.965756 1.173493 -3.112637
v 9.89185 1.277018 -3.10112
v 9.822014 1.251509 -3.118284
v 9.904856 1.313273 -3.053818
v 9.88905 1.310185 -2.996351
v 9.840872 1.296412 -2.965238
v 9.783595 1.273369 -2.971853
v 9.757918 1.248074 -3.029098
v 9.771232 1.245892 -3.080824
v 9.814089 1.273711 -3.142688
v 9.738423 1.278017 -3.100419
v 9.863188 1.305627 -3.136575
v 9.907486 1.336595 -3.059587
v 9.863054 1.364079 -2.993494
v 9.789204 1.352057 -2.964832
v 9.737061 1.332546 -2.974799
v 9.711348 1.306907 -3.033358
v 9.816621 1.287501 -3.201005
v 9.718683 1.311071 -3.158596
v 9.881918 1.310778 -3.1557
v 9.927163 1.359454 -3.072397
v 9.843989 1.416865 -2.997491
v 9.752307 1.427085 -2.990112
v 9.697811 1.4108 -3.012689
v 9.676876 1.370713 -3.071854
v 9.676988 1.500399 -3.05893
v 9.731794 1.514532 -3.041034
v 9.64416 1.434718 -3.109695
v 9.691614 1.348439 -3.225406
v 9.831604 1.307909 -3.265582
v 9.913936 1.34064 -3.174393
v 9.948936 1.371331 -3.072632
v 9.855331 1.470026 -3.021984
v 9.80703 1.629172 -3.078068
v 9.924315 1.569949 -3.046321
v 9.87562 1.700217 -3.15368
v 9.992804 1.640039 -3.121552
v 9.911909 1.719479 -3.234374
v 10.02451 1.651563 -3.205052
v 9.914896 1.716249 -3.307472
v 10.0376 1.674898 -3.31356
v 9.882927 1.694656 -3.39871
v 9.994316 1.64303 -3.413843
v 9.855436 1.662071 -3.467579
v 9.971466 1.609839 -3.491291
v 9.815295 1.592268 -3.521223
v 9.932524 1.551849 -3.551579
v 9.775165 1.533966 -3.512986
v 9.867107 1.456183 -3.545391
v 9.717953 1.458526 -3.459658
v 9.818668 1.391446 -3.477768
v 9.695546 1.431557 -3.38948
v 9.800005 1.372853 -3.384855
v 9.663436 1.404979 -3.314881
v 9.760522 1.338607 -3.31666
v 9.67847 1.507761 -3.445263
v 9.652779 1.466134 -3.391598
v 9.630917 1.450535 -3.328719
v 9.715772 1.563431 -3.485966
v 9.775241 1.638281 -3.492752
v 9.799484 1.69668 -3.436218
v 9.808994 1.738225 -3.350407
v 9.717419 1.637316 -3.098455
v 9.803463 1.747765 -3.218099
v 9.640488 1.530519 -3.10139
v 9.615211 1.499691 -3.142258
v 9.611498 1.473728 -3.212433
v 9.617327 1.45439 -3.276342
v 9.664513 1.385392 -3.275062
v 9.862849 1.737848 -3.251156
v 9.862478 1.73455 -3.307836
v 10.19874 1.587455 -3.305928
v 10.19761 1.573527 -3.360878
v 10.19337 1.561946 -3.252762
v 10.12961 1.524953 -3.454116
v 10.0829 1.539934 -3.515589
v 10.04677 1.510432 -3.560787
v 10.08646 1.554781 -3.063817
v 10.13029 1.535625 -3.113786
v 10.06304 1.520374 -3.021509
v 10.00848 1.49668 -3.015785
v 10.03937 1.583045 -3.070642
v 10.10927 1.55755 -3.146832
v 10.15212 1.555194 -3.218368
v 10.1456 1.617705 -3.302036
v 10.14804 1.571928 -3.402328
v 10.12514 1.553725 -3.433942
v 10.04452 1.571631 -3.507208
v 10.00717 1.530838 -3.557906
v 9.858226 1.329918 -3.29219
v 9.873125 1.34856 -3.374036
v 9.913534 1.35956 -3.454191
v 9.921721 1.398686 -3.516
v 9.965994 1.342856 -3.366197
v 9.94435 1.346902 -3.268073
v 10.03337 1.345526 -3.35547
v 10.012 1.34517 -3.25148
v 9.994091 1.336475 -3.143891
v 10.03235 1.339718 -3.163394
v 10.04346 1.356292 -3.236709
v 9.605326 1.45805 -3.343315
v 9.628395 1.480846 -3.40222
v 9.593672 1.462081 -3.280412
v 9.589709 1.484149 -3.219364
v 9.601437 1.515452 -3.164685
v 9.62571 1.55167 -3.127765
v 9.68828 1.649927 -3.117301
v 9.760407 1.761972 -3.227802
v 9.769297 1.759804 -3.350827
v 9.764887 1.715703 -3.434321
v 9.741551 1.659121 -3.486644
v 9.6911 1.582733 -3.489171
v 9.662614 1.525548 -3.453415
v 5.749156 1.212931 -3.335307
v 5.749983 1.230027 -3.334883
v 5.710304 1.242874 -3.380608
v 5.712673 1.211394 -3.385786
v 5.657053 1.228953 -3.40685
v 5.66035 1.197188 -3.404231
v 5.59781 1.233932 -3.379426
v 5.605544 1.194079 -3.375064
v 5.573161 1.226025 -3.316667
v 5.584947 1.191047 -3.316104
v 5.613831 1.224298 -3.257649
v 5.621624 1.190507 -3.262107
v 5.681292 1.226372 -3.247105
v 5.684071 1.183209 -3.251286
v 5.730257 1.228726 -3.281059
v 5.737846 1.199653 -3.283178
v 5.759815 1.249862 -3.334541
v 5.711811 1.261813 -3.381106
v 5.658234 1.265428 -3.402017
v 5.603392 1.269068 -3.378122
v 5.573354 1.265342 -3.316808
v 5.618094 1.265828 -3.255082
v 5.681366 1.253272 -3.245621
v 5.734044 1.245045 -3.274685
v 5.77035 1.283926 -3.333597
v 5.774819 1.319101 -3.337396
v 5.736131 1.332763 -3.383073
v 5.724839 1.300114 -3.381148
v 5.669511 1.357895 -3.411106
v 5.657629 1.311116 -3.405523
v 5.601039 1.37903 -3.374796
v 5.602794 1.322517 -3.373972
v 5.581164 1.380786 -3.309151
v 5.578385 1.324125 -3.311992
v 5.629124 1.360131 -3.247536
v 5.628251 1.313229 -3.255591
v 5.708964 1.347697 -3.23647
v 5.692039 1.300218 -3.243223
v 5.756308 1.325198 -3.261621
v 5.744502 1.29352 -3.265596
v 5.798729 1.335938 -3.338437
v 5.760824 1.375042 -3.38225
v 5.700754 1.41158 -3.396717
v 5.630408 1.434713 -3.366515
v 5.616654 1.436604 -3.301828
v 5.660997 1.414726 -3.247124
v 5.729396 1.386994 -3.22701
v 5.786503 1.348147 -3.261438
v 5.733894 1.145972 -3.389791
v 5.766994 1.145569 -3.345508
v 5.756669 1.133929 -3.294496
v 5.700363 1.118935 -3.256028
v 5.642851 1.124017 -3.264862
v 5.611461 1.126669 -3.324162
v 5.633489 1.130139 -3.379255
v 5.684811 1.132559 -3.402712
v 5.632646 1.076029 -3.326823
v 5.669451 1.078115 -3.273464
v 5.652394 1.088892 -3.381345
v 5.68239 1.081107 -3.384925
v 5.733033 1.085304 -3.382657
v 5.748975 1.079878 -3.344195
v 5.750769 1.086752 -3.309076
v 5.707745 1.072441 -3.273666
v 5.667778 1.041493 -3.377255
v 5.672378 1.027603 -3.330876
v 5.685772 1.040017 -3.283226
v 5.703642 1.044251 -3.335231
v 5.802849 1.372149 -3.241898
v 5.839262 1.345989 -3.339931
v 5.792867 1.39177 -3.395518
v 5.736185 1.459682 -3.400314
v 5.687951 1.506516 -3.364741
v 5.672589 1.521674 -3.304891
v 5.695987 1.496436 -3.247986
v 5.746729 1.434864 -3.213112
v 5.795516 1.206913 -3.116893
v 5.803402 1.221119 -3.11915
v 5.746222 1.246372 -3.146355
v 5.739412 1.215272 -3.145538
v 5.68436 1.242424 -3.143886
v 5.683027 1.210462 -3.144544
v 5.653479 1.25052 -3.090872
v 5.6538 1.211993 -3.092977
v 5.648561 1.240197 -3.032537
v 5.655835 1.206423 -3.039314
v 5.700176 1.226239 -2.990196
v 5.699948 1.192514 -2.999288
v 5.772397 1.215303 -2.996879
v 5.764413 1.170539 -3.010552
v 5.815543 1.212565 -3.051921
v 5.808771 1.1882 -3.061064
v 5.812337 1.238494 -3.119572
v 5.749633 1.264693 -3.143178
v 5.695277 1.276758 -3.133434
v 5.663707 1.282631 -3.090217
v 5.656277 1.276821 -3.031501
v 5.712009 1.266141 -2.98777
v 5.775876 1.241856 -2.995741
v 5.818346 1.226331 -3.047428
v 5.819292 1.275664 -3.113848
v 5.839392 1.305198 -3.115479
v 5.782551 1.330431 -3.151823
v 5.767716 1.300284 -3.146244
v 5.720078 1.366728 -3.136109
v 5.705454 1.322356 -3.125941
v 5.692225 1.383455 -3.076604
v 5.681404 1.333873 -3.081005
v 5.693899 1.382833 -3.028978
v 5.682064 1.332158 -3.032031
v 5.741036 1.356602 -2.983529
v 5.728899 1.311492 -2.989057
v 5.816642 1.331715 -2.997655
v 5.790835 1.288263 -3.000233
v 5.850969 1.302431 -3.041019
v 5.832648 1.275726 -3.042656
v 5.859803 1.322434 -3.121484
v 5.798927 1.355154 -3.164519
v 5.7474 1.407428 -3.143537
v 5.726444 1.429904 -3.089611
v 5.732349 1.441838 -3.034366
v 5.774466 1.412343 -2.992629
v 5.845529 1.371091 -2.997722
v 5.875187 1.327366 -3.054701
v 5.747639 1.148771 -3.167051
v 5.795742 1.138638 -3.136783
v 5.801414 1.11718 -3.07481
v 5.764373 1.112175 -3.031187
v 5.707147 1.124601 -3.013958
v 5.658731 1.138855 -3.057037
v 5.652904 1.144591 -3.116755
v 5.693462 1.143412 -3.15944
v 5.668986 1.087052 -3.070771
v 5.721419 1.079009 -3.038667
v 5.663312 1.101867 -3.128274
v 5.68842 1.087678 -3.150914
v 5.739586 1.084116 -3.168525
v 5.772994 1.068881 -3.136864
v 5.783939 1.066512 -3.090802
v 5.753677 1.06755 -3.051162
v 5.674814 1.078948 -3.129375
v 5.684816 1.058251 -3.081655
v 5.71137 1.058697 -3.05518
v 5.721453 1.042159 -3.108823
v 5.907313 1.356786 -3.057039
v 5.881722 1.345085 -3.130996
v 5.821627 1.386355 -3.183054
v 5.769318 1.44366 -3.162539
v 5.766358 1.485567 -3.111724
v 5.783628 1.49366 -3.048401
v 5.836387 1.46706 -3.009176
v 5.88405 1.408016 -3.007604
v 5.848147 1.209285 -3.501517
v 5.848131 1.229657 -3.501254
v 5.860934 1.234976 -3.552907
v 5.860404 1.219024 -3.551423
v 5.844615 1.246674 -3.593098
v 5.842707 1.21689 -3.592148
v 5.790728 1.251178 -3.616944
v 5.789596 1.22276 -3.617956
v 5.732201 1.248864 -3.592875
v 5.735965 1.208449 -3.594712
v 5.727034 1.243783 -3.527049
v 5.727032 1.209124 -3.532593
v 5.760511 1.235926 -3.471232
v 5.756993 1.19345 -3.481189
v 5.799004 1.225156 -3.469745
v 5.798676 1.207008 -3.469458
v 5.852168 1.246363 -3.498644
v 5.865578 1.248828 -3.544908
v 5.847413 1.26437 -3.593125
v 5.788442 1.283824 -3.612629
v 5.737655 1.278467 -3.590164
v 5.728624 1.276484 -3.526005
v 5.7623 1.27346 -3.471968
v 5.804068 1.243428 -3.467602
v 5.850453 1.290141 -3.499675
v 5.851859 1.310719 -3.500257
v 5.866098 1.317564 -3.545689
v 5.866353 1.296602 -3.550511
v 5.846516 1.344662 -3.599184
v 5.845904 1.322748 -3.598341
v 5.80385 1.369483 -3.607583
v 5.795238 1.336972 -3.616959
v 5.744084 1.383189 -3.575373
v 5.736002 1.338008 -3.585309
v 5.742303 1.36401 -3.49715
v 5.731339 1.33712 -3.510888
v 5.769157 1.346421 -3.460058
v 5.763962 1.325177 -3.464739
v 5.813944 1.322834 -3.463933
v 5.803526 1.308131 -3.469909
v 5.867483 1.320322 -3.488621
v 5.882926 1.332918 -3.542572
v 5.860451 1.366009 -3.588604
v 5.814064 1.396897 -3.595321
v 5.765536 1.417112 -3.555986
v 5.751943 1.388244 -3.49247
v 5.780231 1.366688 -3.452606
v 5.828927 1.33921 -3.45615
v 5.863474 1.16346 -3.554646
v 5.852061 1.168128 -3.498904
v 5.810737 1.161479 -3.471348
v 5.766098 1.139864 -3.494489
v 5.734091 1.162228 -3.539173
v 5.753 1.168225 -3.597699
v 5.802035 1.175207 -3.611359
v 5.848414 1.160815 -3.583205
v 5.768886 1.096667 -3.572972
v 5.757061 1.123369 -3.521366
v 5.824086 1.100138 -3.583822
v 5.828325 1.108785 -3.568527
v 5.848551 1.118325 -3.542874
v 5.839054 1.110883 -3.51085
v 5.80844 1.110632 -3.48988
v 5.780756 1.102176 -3.511307
v 5.824761 1.058236 -3.57495
v 5.798081 1.040423 -3.548775
v 5.771639 1.075044 -3.530042
v 5.809976 1.086751 -3.538312
v 5.860381 1.379504 -3.422055
v 5.913286 1.371277 -3.46199
v 5.928046 1.378256 -3.507945
v 5.907607 1.418887 -3.572875
v 5.86184 1.459887 -3.574059
v 5.808464 1.488386 -3.528503
v 5.780378 1.470208 -3.469192
v 5.779453 1.411593 -3.426487
v 6.105449 1.214899 -2.966195
v 6.078495 1.18701 -2.963405
v 6.023709 1.234903 -2.961928
v 6.043233 1.253252 -2.960047
v 6.102318 1.165179 -3.032249
v 6.121876 1.189411 -3.036883
v 6.083634 1.151341 -3.03463
v 6.046364 1.169245 -2.974092
v 6.011195 1.206748 -2.96606
v 6.111783 1.200763 -3.077942
v 6.096565 1.174311 -3.077015
v 6.077559 1.159087 -3.077527
v 6.078724 1.220999 -3.095959
v 6.068215 1.20735 -3.09502
v 6.054641 1.190598 -3.097855
v 6.028851 1.255294 -3.086182
v 6.01875 1.242089 -3.084761
v 6.007158 1.233237 -3.089418
v 5.976195 1.243448 -2.993458
v 5.986408 1.261684 -2.995296
v 6.002352 1.276002 -2.99162
v 5.977138 1.241966 -3.052655
v 5.987828 1.261447 -3.039625
v 6.000059 1.281042 -3.0328
v 5.970224 1.170638 -2.971616
v 6.004954 1.136333 -2.986157
v 6.036678 1.113797 -3.023105
v 5.924408 1.127142 -2.988673
v 5.960269 1.096977 -2.9977
v 5.986296 1.069356 -3.041759
v 5.952928 1.200996 -2.993917
v 6.04285 1.12806 -3.07388
v 5.989796 1.093392 -3.088637
v 5.929276 1.072143 -3.007096
v 5.968929 1.062047 -3.043611
v 5.915338 1.116541 -2.994358
v 5.91693 1.167186 -3.005827
v 5.902713 1.140028 -3.035659
v 5.917677 1.099263 -3.049839
v 5.948225 1.087844 -3.083153
v 6.026328 1.158947 -3.101643
v 5.988497 1.140507 -3.112705
v 5.939153 1.13391 -3.10352
v 5.921848 1.140353 -3.087026
v 5.917722 1.159904 -3.077126
v 5.933989 1.19544 -3.067516
v 5.949322 1.217882 -3.048114
v 5.97853 1.200357 -3.108878
v 5.957976 1.173493 -3.112637
v 6.101719 1.251509 -3.118284
v 6.031882 1.277018 -3.10112
v 6.018878 1.313273 -3.053818
v 6.034683 1.310185 -2.996351
v 6.082861 1.296412 -2.965238
v 6.140138 1.273369 -2.971853
v 6.165814 1.248074 -3.029098
v 6.152502 1.245892 -3.080824
v 6.18531 1.278017 -3.100419
v 6.109644 1.273711 -3.142688
v 6.060545 1.305627 -3.136575
v 6.016247 1.336595 -3.059587
v 6.060678 1.364079 -2.993494
v 6.134529 1.352057 -2.964832
v 6.186672 1.332546 -2.974799
v 6.212385 1.306907 -3.033358
v 6.205049 1.311071 -3.158596
v 6.107112 1.287501 -3.201005
v 6.041815 1.310778 -3.1557
v 5.99657 1.359454 -3.072397
v 6.079744 1.416865 -2.997491
v 6.171425 1.427085 -2.990112
v 6.225922 1.4108 -3.012689
v 6.246857 1.370713 -3.071854
v 6.246745 1.500399 -3.05893
v 6.191939 1.514532 -3.041034
v 6.279572 1.434718 -3.109695
v 6.232119 1.348439 -3.225406
v 6.092129 1.307909 -3.265582
v 6.009797 1.34064 -3.174393
v 5.974798 1.371331 -3.072632
v 6.068401 1.470026 -3.021984
v 6.116704 1.629172 -3.078068
v 5.999418 1.569949 -3.046321
v 6.048113 1.700217 -3.15368
v 5.930929 1.640039 -3.121552
v 6.011823 1.719479 -3.234374
v 5.899226 1.651563 -3.205052
v 6.008837 1.716249 -3.307472
v 5.886133 1.674898 -3.31356
v 6.040805 1.694656 -3.39871
v 5.929418 1.64303 -3.413843
v 6.068296 1.662071 -3.467579
v 5.952267 1.609839 -3.491291
v 6.108438 1.592268 -3.521223
v 5.991209 1.551849 -3.551579
v 6.148568 1.533966 -3.512986
v 6.056625 1.456183 -3.545391
v 6.20578 1.458526 -3.459658
v 6.105064 1.391446 -3.477768
v 6.228187 1.431557 -3.38948
v 6.123727 1.372853 -3.384855
v 6.260297 1.404979 -3.314881
v 6.163211 1.338607 -3.31666
v 6.270954 1.466134 -3.391598
v 6.245263 1.507761 -3.445263
v 6.292816 1.450535 -3.328719
v 6.207961 1.563431 -3.485966
v 6.148492 1.638281 -3.492752
v 6.124248 1.69668 -3.436218
v 6.114738 1.738225 -3.350407
v 6.206315 1.637316 -3.098455
v 6.120269 1.747765 -3.218099
v 6.283245 1.530519 -3.10139
v 6.308522 1.499691 -3.142258
v 6.312235 1.473728 -3.212433
v 6.25922 1.385392 -3.275062
v 6.306406 1.45439 -3.276342
v 6.060883 1.737848 -3.251156
v 6.061255 1.73455 -3.307836
v 5.724997 1.587455 -3.305928
v 5.726121 1.573527 -3.360878
v 5.730362 1.561946 -3.252762
v 5.79412 1.524953 -3.454116
v 5.840832 1.539934 -3.515589
v 5.876958 1.510432 -3.560787
v 5.837272 1.554781 -3.063817
v 5.793439 1.535625 -3.113786
v 5.860694 1.520374 -3.021509
v 5.915257 1.49668 -3.015785
v 5.884367 1.583045 -3.070642
v 5.814467 1.55755 -3.146832
v 5.77161 1.555194 -3.218368
v 5.778133 1.617705 -3.302036
v 5.775692 1.571928 -3.402328
v 5.798596 1.553725 -3.433942
v 5.879211 1.571631 -3.507208
v 5.916559 1.530838 -3.557906
v 6.065507 1.329918 -3.29219
v 6.050608 1.34856 -3.374036
v 6.010199 1.35956 -3.454191
v 6.002011 1.398686 -3.516
v 5.957739 1.342856 -3.366197
v 5.979382 1.346902 -3.268073
v 5.890364 1.345526 -3.35547
v 5.911736 1.34517 -3.25148
v 5.929642 1.336475 -3.143891
v 5.891386 1.339718 -3.163394
v 5.880273 1.356292 -3.236709
v 7.548838 -0.5574815 -3.469081
v 7.590191 -0.5527289 -3.399732
v 7.617455 -0.55176 -3.356459
v 7.636992 -0.5465727 -3.29562
v 7.601789 -0.5471399 -3.202903
v 7.551742 -0.5347527 -3.114889
v 7.502283 -0.5316173 -3.037632
v 7.425625 -0.5313801 -3.025368
v 7.357488 -0.5346661 -3.049711
v 7.290349 -0.5421861 -3.113886
v 7.253097 -0.5460794 -3.243556
v 7.268686 -0.5405966 -3.383732
v 7.346449 -0.5444801 -3.456478
v 7.407736 -0.5482704 -3.499298
v 7.502333 -0.5518559 -3.506257
v 7.338582 -0.580305 -2.995985
v 7.406803 -0.5841436 -2.977975
v 7.331054 -0.6345314 -2.938596
v 7.391086 -0.6384188 -2.928042
v 7.318671 -0.6665196 -2.87755
v 7.380764 -0.6762474 -2.874199
v 7.277913 -0.5947045 -3.025338
v 7.26138 -0.6365756 -2.970762
v 7.239858 -0.6594753 -2.900665
v 7.448138 -0.6638594 -2.854825
v 7.465018 -0.6295091 -2.91031
v 7.519095 -0.6898397 -2.860101
v 7.530263 -0.6598591 -2.92452
v 7.56651 -0.7334967 -2.878145
v 7.56986 -0.7134117 -2.954569
v 7.571732 -0.843593 -2.912917
v 7.561822 -0.8185084 -2.978731
v 7.543586 -0.9250689 -2.923208
v 7.535225 -0.9005277 -2.99899
v 7.478786 -0.9756499 -2.948321
v 7.467092 -0.9478928 -3.023944
v 7.379271 -0.9876013 -2.968623
v 7.386092 -0.960445 -3.049576
v 7.284408 -0.990393 -2.995608
v 7.307161 -0.9856902 -3.081345
v 7.202646 -0.990422 -3.050431
v 7.223114 -0.9841799 -3.117694
v 7.107903 -0.9559092 -3.109175
v 7.144285 -0.9400799 -3.178207
v 7.053941 -0.8687915 -3.112293
v 7.10111 -0.8552157 -3.177605
v 7.04824 -0.7772563 -3.077732
v 7.090934 -0.7679241 -3.152075
v 7.087214 -0.7223653 -3.054658
v 7.12474 -0.7143747 -3.120035
v 7.133044 -0.7028351 -3.010937
v 7.170948 -0.6794357 -3.069296
v 7.192748 -0.700707 -2.966398
v 7.220155 -0.6659678 -3.01995
v 7.23415 -0.619047 -3.076174
v 7.191329 -0.6557579 -3.13939
v 7.165468 -0.7071677 -3.19458
v 7.144011 -0.7711655 -3.233506
v 7.142833 -0.848026 -3.256886
v 7.179273 -0.9235619 -3.256082
v 7.247297 -0.9623394 -3.229635
v 7.324203 -0.9640464 -3.193741
v 7.39628 -0.938799 -3.169068
v 7.470176 -0.9118757 -3.145909
v 7.536835 -0.8684641 -3.131614
v 7.5844 -0.8123909 -3.095887
v 7.588678 -0.7118222 -3.057433
v 7.549836 -0.607868 -3.007584
v 7.482844 -0.5786481 -2.977637
v 7.228973 -0.5722758 -3.152355
v 7.563117 -0.5834011 -3.053716
v 7.507747 -0.6336949 -3.56338
v 7.418389 -0.6291682 -3.5684
v 7.498586 -0.750568 -3.641218
v 7.400689 -0.7414172 -3.649461
v 7.483287 -0.8602926 -3.644377
v 7.387392 -0.8658808 -3.66266
v 7.571998 -0.6599942 -3.547365
v 7.561498 -0.7485541 -3.611569
v 7.624002 -0.6884653 -3.523631
v 7.603347 -0.7783068 -3.592928
v 7.591867 -0.8543248 -3.600961
v 7.547035 -0.8488309 -3.621086
v 7.597051 -0.921252 -3.544016
v 7.545899 -0.9311255 -3.538156
v 7.634528 -0.9439834 -3.46673
v 7.579974 -0.9373606 -3.431334
v 7.676399 -0.9089167 -3.389407
v 7.622323 -0.8988876 -3.343408
v 7.696777 -0.8330347 -3.349728
v 7.666789 -0.8125672 -3.308227
v 7.694699 -0.7292107 -3.395187
v 7.657802 -0.6778678 -3.334686
v 7.660513 -0.6833326 -3.465918
v 7.614465 -0.6249155 -3.463932
v 7.209041 -0.6379322 -3.224295
v 7.215643 -0.7149286 -3.277
v 7.189881 -0.7808333 -3.32027
v 7.178779 -0.8480149 -3.345178
v 7.21474 -0.9191962 -3.370087
v 7.616739 -0.6885372 -3.121212
v 7.619997 -0.818743 -3.177703
v 7.575495 -0.8819965 -3.207754
v 7.497152 -0.9164829 -3.234143
v 7.418649 -0.9322842 -3.263893
v 7.345226 -0.9609174 -3.290312
v 7.273026 -0.9613462 -3.322218
v 7.651349 -0.6673903 -3.276431
v 7.618144 -0.6513534 -3.16575
v 7.575449 -0.5751098 -3.10192
v 7.652268 -0.7632111 -3.231649
v 7.635894 -0.8319303 -3.24338
v 7.578684 -0.9037549 -3.266716
v 7.560516 -0.9288294 -3.319946
v 7.501158 -0.9612119 -3.407824
v 7.490728 -0.9497013 -3.531557
v 7.375946 -0.9580504 -3.561652
v 7.372872 -0.9794891 -3.447927
v 7.446794 -0.9530566 -3.334641
v 7.363134 -0.9678701 -3.36597
v 7.518422 -0.9362087 -3.288346
v 7.298866 -0.9626077 -3.379942
v 7.276907 -0.9530636 -3.439709
v 7.268917 -0.9310798 -3.547125
v 7.277899 -0.8476102 -3.629879
v 7.210419 -0.7876825 -3.417903
v 7.240168 -0.7154666 -3.380379
v 7.210978 -0.8822581 -3.482472
v 7.222799 -0.8098872 -3.51938
v 7.300764 -0.7294004 -3.600337
v 7.244604 -0.7163436 -3.494199
v 7.330285 -0.6281046 -3.523276
v 7.23804 -0.6293619 -3.323281
v 7.25733 -0.6226224 -3.438637
v 7.194711 -0.8421433 -3.422382
v 7.241112 -0.9748209 -2.908195
v 7.351753 -0.9617466 -2.867426
v 7.455885 -0.9607772 -2.832884
v 7.512725 -0.9290422 -2.821179
v 7.555885 -0.8661409 -2.815042
v 7.562425 -0.7682492 -2.78886
v 7.502536 -0.7145773 -2.760854
v 7.425338 -0.7187288 -2.776822
v 7.361855 -0.7370335 -2.79972
v 7.29031 -0.7011105 -2.789543
v 7.216703 -0.6966711 -2.812811
v 7.169707 -0.7389419 -2.879012
v 7.107928 -0.7360007 -2.923184
v 7.047154 -0.7389247 -2.973586
v 7.003336 -0.8064896 -3.003339
v 7.029818 -0.9094101 -3.027001
v 7.077202 -0.9518601 -3.013051
v 7.156872 -0.9730396 -2.959657
v 7.652508 -0.922403 -3.558488
v 7.682239 -0.9584208 -3.482687
v 7.723276 -0.9419691 -3.407262
v 7.747935 -0.8581768 -3.382535
v 7.7409 -0.761411 -3.426191
v 7.70112 -0.7272972 -3.492097
v 7.676499 -0.7503232 -3.536201
v 7.649068 -0.799414 -3.578866
v 7.652392 -0.8543186 -3.594596
v 7.728671 -0.7926323 -3.547667
v 7.695719 -0.8177378 -3.573428
v 7.748894 -0.7744431 -3.512282
v 7.774282 -0.7849969 -3.462706
v 7.791949 -0.8614683 -3.411074
v 7.771506 -0.9522595 -3.421536
v 7.729756 -0.9632101 -3.499879
v 7.714206 -0.9239171 -3.568177
v 7.68327 -0.860876 -3.590975
v 7.779147 -0.9444314 -3.517363
v 7.809824 -0.9329563 -3.4607
v 7.796754 -0.91014 -3.537213
v 7.825343 -0.8938639 -3.485779
v 7.839605 -0.8996946 -3.567252
v 7.867538 -0.8799049 -3.510231
v 7.809724 -0.8590283 -3.570565
v 7.837894 -0.8404638 -3.519335
v 7.772233 -0.825599 -3.571402
v 7.802683 -0.803923 -3.516057
v 7.744101 -0.8574183 -3.593031
v 7.776961 -0.8940262 -3.593136
v 7.797348 -0.9181035 -3.59149
v 7.76166 -0.9137591 -3.560492
v 7.72375 -0.8861535 -3.59761
v 7.749722 -0.9106311 -3.594588
v 7.809979 -0.811249 -3.46776
v 7.845697 -0.8467098 -3.480241
v 7.819709 -0.8683578 -3.43729
v 7.200437 -0.7425724 -2.747537
v 7.272332 -0.7375736 -2.71769
v 7.144175 -0.7855684 -2.836208
v 7.084641 -0.7712877 -2.866794
v 7.013144 -0.7610192 -2.913033
v 6.981447 -0.822168 -2.952352
v 7.015698 -0.8940985 -2.976388
v 7.059398 -0.9259191 -2.961083
v 7.128616 -0.9276738 -2.907127
v 7.221919 -0.9303539 -2.843261
v 7.331743 -0.9144619 -2.800836
v 7.44499 -0.9347925 -2.781312
v 7.506902 -0.9330873 -2.771858
v 7.555469 -0.8809451 -2.766392
v 7.54858 -0.7850733 -2.743869
v 7.493822 -0.7424051 -2.723728
v 7.427551 -0.7497209 -2.73309
v 7.353603 -0.7811009 -2.751401
v 7.187821 -0.7582965 -2.689314
v 7.258516 -0.7500768 -2.657049
v 7.303737 -0.9295183 -2.72837
v 7.226203 -0.961937 -2.756255
v 7.505126 -0.9479541 -2.702186
v 7.443882 -0.9515647 -2.707619
v 7.081165 -0.9575521 -2.866528
v 7.030995 -0.9455619 -2.922233
v 6.979957 -0.7761812 -2.858937
v 7.033204 -0.7771968 -2.820203
v 7.434371 -0.7674017 -2.669379
v 7.500897 -0.760964 -2.668449
v 7.542655 -0.7998828 -2.677096
v 7.566164 -0.8916649 -2.694232
v 7.379668 -0.8088267 -2.724909
v 7.387699 -0.811466 -2.65806
v 7.394012 -0.9305695 -2.70243
v 7.376592 -0.9123564 -2.727995
v 7.365861 -0.8901651 -2.648697
v 7.361539 -0.873699 -2.695579
v 7.313199 -0.810894 -2.654523
v 7.32759 -0.8036392 -2.719751
v 7.146002 -0.8091843 -2.784593
v 7.144341 -0.817702 -2.718557
v 7.068467 -0.8201125 -2.799644
v 7.110453 -0.8201973 -2.829496
v 6.951656 -0.8502938 -2.914008
v 6.985842 -0.9162386 -2.930291
v 7.128405 -0.8907484 -2.855667
v 7.102488 -0.9319081 -2.814111
v 7.12236 -0.868139 -2.816223
v 7.084847 -0.8781406 -2.778361
v 7.138176 -0.8741075 -2.788227
v 7.137691 -0.8936786 -2.749913
v 7.163424 -0.9233391 -2.766711
v 7.163906 -0.90608 -2.817057
v 7.351499 -0.8996927 -2.749938
v 7.33098 -0.9196159 -2.689043
v 7.349636 -0.8732799 -2.697702
v 7.335395 -0.8858894 -2.650786
v 7.218302 -0.9823572 -2.694311
v 7.293566 -0.9654462 -2.664744
v 7.307816 -0.9405243 -2.625997
v 7.305166 -0.9153061 -2.591208
v 7.30967 -0.8351298 -2.587181
v 7.245315 -0.7814984 -2.593176
v 7.174055 -0.7861679 -2.624675
v 7.11855 -0.8421843 -2.653919
v 7.117197 -0.9117422 -2.677018
v 7.148925 -0.9547229 -2.703152
v 7.212049 -0.986113 -2.64094
v 7.27933 -0.9612041 -2.614069
v 7.275971 -0.9487689 -2.591706
v 7.267079 -0.9151541 -2.557459
v 7.282458 -0.8320037 -2.533255
v 7.231568 -0.8017509 -2.529467
v 7.159387 -0.8053779 -2.557114
v 7.118439 -0.8315592 -2.609994
v 7.118957 -0.9199545 -2.622352
v 7.152141 -0.967303 -2.656166
v 7.21248 -0.8470431 -2.479731
v 7.26432 -0.8603752 -2.47873
v 7.151573 -0.8530852 -2.50227
v 7.098458 -0.854474 -2.526986
v 7.154779 -0.9078637 -2.564738
v 7.209483 -0.9113982 -2.544482
v 7.165016 -0.9553744 -2.599005
v 7.218255 -0.955737 -2.580346
v 7.444749 -0.982155 -2.628364
v 7.514595 -0.9674486 -2.627521
v 7.569923 -0.9069631 -2.613911
v 7.555117 -0.8119121 -2.593233
v 7.506206 -0.7803224 -2.581922
v 7.439319 -0.7793783 -2.589564
v 7.389013 -0.817928 -2.58906
v 7.369466 -0.893293 -2.573309
v 7.388065 -0.960241 -2.619083
v 7.441146 -0.8010164 -2.511487
v 7.50812 -0.8037981 -2.505039
v 7.440182 -0.8655639 -2.441947
v 7.507859 -0.8705812 -2.436447
v 7.550475 -0.8298965 -2.508093
v 7.557826 -0.8773764 -2.458784
v 7.400053 -0.819748 -2.523849
v 7.394565 -0.8525271 -2.465705
v 7.385603 -0.8881267 -2.539178
v 7.559799 -0.8994136 -2.547839
v 7.514422 -0.955952 -2.552647
v 7.457992 -0.9651582 -2.5574
v 7.408899 -0.9440994 -2.545372
v 7.426503 -0.9061656 -2.506163
v 7.460182 -0.9431851 -2.520172
v 7.516456 -0.9181935 -2.506529
v 7.062251 -0.9406519 -2.774559
v 7.050705 -0.8885089 -2.735072
v 7.034521 -0.8280664 -2.755062
v 6.994135 -0.7981436 -2.783791
v 6.952294 -0.803324 -2.816644
v 6.918674 -0.8617947 -2.870695
v 6.948143 -0.9278634 -2.890421
v 6.993293 -0.9717314 -2.890065
v 7.053437 -0.9812261 -2.826817
v 7.014057 -0.9535481 -2.7328
v 7.005034 -0.9005052 -2.706498
v 6.996287 -0.8477778 -2.715224
v 6.957945 -0.8214524 -2.741479
v 6.924551 -0.8264946 -2.775836
v 6.908473 -0.8675456 -2.825343
v 6.919885 -0.9513901 -2.834563
v 6.948399 -0.9814075 -2.819501
v 7.001067 -0.9896656 -2.760493
v 6.881461 -0.8827403 -2.714294
v 6.913804 -0.8684019 -2.691766
v 6.961104 -0.8759842 -2.668476
v 6.857873 -0.8921474 -2.752612
v 6.93929 -0.9588345 -2.744087
v 6.915296 -0.9574382 -2.781898
v 6.967884 -0.9342465 -2.715967
v 8.333542 -0.5527289 -3.399732
v 8.374895 -0.5574815 -3.469081
v 8.306277 -0.55176 -3.356459
v 8.286741 -0.5465727 -3.29562
v 8.321944 -0.5471399 -3.202903
v 8.371991 -0.5347527 -3.114889
v 8.421451 -0.5316173 -3.037632
v 8.498108 -0.5313801 -3.025368
v 8.566245 -0.5346661 -3.049711
v 8.633385 -0.5421861 -3.113886
v 8.670636 -0.5460794 -3.243556
v 8.655046 -0.5405966 -3.383732
v 8.577283 -0.5444801 -3.456478
v 8.515997 -0.5482704 -3.499298
v 8.4214 -0.5518559 -3.506257
v 8.585151 -0.580305 -2.995985
v 8.51693 -0.5841436 -2.977975
v 8.592678 -0.6345314 -2.938596
v 8.532646 -0.6384188 -2.928042
v 8.605062 -0.6665196 -2.87755
v 8.542969 -0.6762474 -2.874199
v 8.64582 -0.5947045 -3.025338
v 8.662353 -0.6365756 -2.970762
v 8.683875 -0.6594753 -2.900665
v 8.475595 -0.6638594 -2.854825
v 8.458714 -0.6295091 -2.91031
v 8.404638 -0.6898397 -2.860101
v 8.39347 -0.6598591 -2.92452
v 8.357224 -0.7334967 -2.878145
v 8.353873 -0.7134117 -2.954569
v 8.352001 -0.843593 -2.912917
v 8.361911 -0.8185084 -2.978731
v 8.380147 -0.9250689 -2.923208
v 8.388508 -0.9005277 -2.99899
v 8.444947 -0.9756499 -2.948321
v 8.456641 -0.9478928 -3.023944
v 8.544462 -0.9876013 -2.968623
v 8.537642 -0.960445 -3.049576
v 8.639325 -0.990393 -2.995608
v 8.616571 -0.9856902 -3.081345
v 8.721087 -0.990422 -3.050431
v 8.70062 -0.9841799 -3.117694
v 8.81583 -0.9559092 -3.109175
v 8.779449 -0.9400799 -3.178207
v 8.869792 -0.8687915 -3.112293
v 8.822623 -0.8552157 -3.177605
v 8.875493 -0.7772563 -3.077732
v 8.832799 -0.7679241 -3.152075
v 8.836519 -0.7223653 -3.054658
v 8.798993 -0.7143747 -3.120035
v 8.790689 -0.7028351 -3.010937
v 8.752785 -0.6794357 -3.069296
v 8.730985 -0.700707 -2.966398
v 8.703578 -0.6659678 -3.01995
v 8.689583 -0.619047 -3.076174
v 8.732403 -0.6557579 -3.13939
v 8.758265 -0.7071677 -3.19458
v 8.779721 -0.7711655 -3.233506
v 8.7809 -0.848026 -3.256886
v 8.74446 -0.9235619 -3.256082
v 8.676435 -0.9623394 -3.229635
v 8.59953 -0.9640464 -3.193741
v 8.527452 -0.938799 -3.169068
v 8.453557 -0.9118757 -3.145909
v 8.386898 -0.8684641 -3.131614
v 8.339333 -0.8123909 -3.095887
v 8.335054 -0.7118222 -3.057433
v 8.373898 -0.607868 -3.007584
v 8.440889 -0.5786481 -2.977637
v 8.694759 -0.5722758 -3.152355
v 8.360617 -0.5834011 -3.053716
v 8.415985 -0.6336949 -3.56338
v 8.505344 -0.6291682 -3.5684
v 8.425147 -0.750568 -3.641218
v 8.523044 -0.7414172 -3.649461
v 8.440446 -0.8602926 -3.644377
v 8.536341 -0.8658808 -3.66266
v 8.351735 -0.6599942 -3.547365
v 8.362235 -0.7485541 -3.611569
v 8.299731 -0.6884653 -3.523631
v 8.320386 -0.7783068 -3.592928
v 8.331866 -0.8543248 -3.600961
v 8.376698 -0.8488309 -3.621086
v 8.326682 -0.921252 -3.544016
v 8.377833 -0.9311255 -3.538156
v 8.289205 -0.9439834 -3.46673
v 8.343759 -0.9373606 -3.431334
v 8.247334 -0.9089167 -3.389407
v 8.301411 -0.8988876 -3.343408
v 8.226955 -0.8330347 -3.349728
v 8.256944 -0.8125672 -3.308227
v 8.229034 -0.7292107 -3.395187
v 8.265931 -0.6778678 -3.334686
v 8.26322 -0.6833326 -3.465918
v 8.309268 -0.6249155 -3.463932
v 8.714692 -0.6379322 -3.224295
v 8.70809 -0.7149286 -3.277
v 8.733852 -0.7808333 -3.32027
v 8.744954 -0.8480149 -3.345178
v 8.708992 -0.9191962 -3.370087
v 8.306994 -0.6885372 -3.121212
v 8.303736 -0.818743 -3.177703
v 8.348238 -0.8819965 -3.207754
v 8.42658 -0.9164829 -3.234143
v 8.505084 -0.9322842 -3.263893
v 8.578506 -0.9609174 -3.290312
v 8.650707 -0.9613462 -3.322218
v 8.272385 -0.6673903 -3.276431
v 8.30559 -0.6513534 -3.16575
v 8.348284 -0.5751098 -3.10192
v 8.271464 -0.7632111 -3.231649
v 8.287839 -0.8319303 -3.24338
v 8.345049 -0.9037549 -3.266716
v 8.363216 -0.9288294 -3.319946
v 8.422575 -0.9612119 -3.407824
v 8.433005 -0.9497013 -3.531557
v 8.547787 -0.9580504 -3.561652
v 8.550861 -0.9794891 -3.447927
v 8.476939 -0.9530566 -3.334641
v 8.560598 -0.9678701 -3.36597
v 8.405311 -0.9362087 -3.288346
v 8.624866 -0.9626077 -3.379942
v 8.646826 -0.9530636 -3.439709
v 8.654816 -0.9310798 -3.547125
v 8.645834 -0.8476102 -3.629879
v 8.713314 -0.7876825 -3.417903
v 8.683565 -0.7154666 -3.380379
v 8.712755 -0.8822581 -3.482472
v 8.700933 -0.8098872 -3.51938
v 8.62297 -0.7294004 -3.600337
v 8.679129 -0.7163436 -3.494199
v 8.593448 -0.6281046 -3.523276
v 8.685693 -0.6293619 -3.323281
v 8.666403 -0.6226224 -3.438637
v 8.729022 -0.8421433 -3.422382
v 8.57198 -0.9617466 -2.867426
v 8.682621 -0.9748209 -2.908195
v 8.467848 -0.9607772 -2.832884
v 8.411008 -0.9290422 -2.821179
v 8.367847 -0.8661409 -2.815042
v 8.361308 -0.7682492 -2.78886
v 8.421197 -0.7145773 -2.760854
v 8.498394 -0.7187288 -2.776822
v 8.561878 -0.7370335 -2.79972
v 8.633423 -0.7011105 -2.789543
v 8.70703 -0.6966711 -2.812811
v 8.754026 -0.7389419 -2.879012
v 8.815804 -0.7360007 -2.923184
v 8.876579 -0.7389247 -2.973586
v 8.920397 -0.8064896 -3.003339
v 8.893915 -0.9094101 -3.027001
v 8.846531 -0.9518601 -3.013051
v 8.766861 -0.9730396 -2.959657
v 8.271225 -0.922403 -3.558488
v 8.241494 -0.9584208 -3.482687
v 8.200457 -0.9419691 -3.407262
v 8.175797 -0.8581768 -3.382535
v 8.182834 -0.761411 -3.426191
v 8.222612 -0.7272972 -3.492097
v 8.247234 -0.7503232 -3.536201
v 8.274665 -0.799414 -3.578866
v 8.271341 -0.8543186 -3.594596
v 8.195063 -0.7926323 -3.547667
v 8.228014 -0.8177378 -3.573428
v 8.174839 -0.7744431 -3.512282
v 8.149451 -0.7849969 -3.462706
v 8.131783 -0.8614683 -3.411074
v 8.152227 -0.9522595 -3.421536
v 8.193977 -0.9632101 -3.499879
v 8.209527 -0.9239171 -3.568177
v 8.240462 -0.860876 -3.590975
v 8.144586 -0.9444314 -3.517363
v 8.113909 -0.9329563 -3.4607
v 8.126979 -0.91014 -3.537213
v 8.09839 -0.8938639 -3.485779
v 8.084127 -0.8996946 -3.567252
v 8.056194 -0.8799049 -3.510231
v 8.114009 -0.8590283 -3.570565
v 8.085838 -0.8404638 -3.519335
v 8.151501 -0.825599 -3.571402
v 8.121049 -0.803923 -3.516057
v 8.179632 -0.8574183 -3.593031
v 8.146772 -0.8940262 -3.593136
v 8.126386 -0.9181035 -3.59149
v 8.162073 -0.9137591 -3.560492
v 8.199984 -0.8861535 -3.59761
v 8.174011 -0.9106311 -3.594588
v 8.113753 -0.811249 -3.46776
v 8.078036 -0.8467098 -3.480241
v 8.104024 -0.8683578 -3.43729
v 8.723296 -0.7425724 -2.747537
v 8.651401 -0.7375736 -2.71769
v 8.779558 -0.7855684 -2.836208
v 8.839092 -0.7712877 -2.866794
v 8.910589 -0.7610192 -2.913033
v 8.942286 -0.822168 -2.952352
v 8.908034 -0.8940985 -2.976388
v 8.864335 -0.9259191 -2.961083
v 8.795116 -0.9276738 -2.907127
v 8.701814 -0.9303539 -2.843261
v 8.59199 -0.9144619 -2.800836
v 8.478743 -0.9347925 -2.781312
v 8.416831 -0.9330873 -2.771858
v 8.368264 -0.8809451 -2.766392
v 8.375153 -0.7850733 -2.743869
v 8.429912 -0.7424051 -2.723728
v 8.496181 -0.7497209 -2.73309
v 8.570129 -0.7811009 -2.751401
v 8.735911 -0.7582965 -2.689314
v 8.665217 -0.7500768 -2.657049
v 8.619996 -0.9295183 -2.72837
v 8.69753 -0.961937 -2.756255
v 8.418607 -0.9479541 -2.702186
v 8.479851 -0.9515647 -2.707619
v 8.842567 -0.9575521 -2.866528
v 8.892737 -0.9455619 -2.922233
v 8.943776 -0.7761812 -2.858937
v 8.89053 -0.7771968 -2.820203
v 8.489362 -0.7674017 -2.669379
v 8.422836 -0.760964 -2.668449
v 8.381077 -0.7998828 -2.677096
v 8.357569 -0.8916649 -2.694232
v 8.544065 -0.8088267 -2.724909
v 8.536035 -0.811466 -2.65806
v 8.52972 -0.9305695 -2.70243
v 8.547141 -0.9123564 -2.727995
v 8.557872 -0.8901651 -2.648697
v 8.562194 -0.873699 -2.695579
v 8.610534 -0.810894 -2.654523
v 8.596143 -0.8036392 -2.719751
v 8.777731 -0.8091843 -2.784593
v 8.779392 -0.817702 -2.718557
v 8.855266 -0.8201125 -2.799644
v 8.81328 -0.8201973 -2.829496
v 8.972077 -0.8502938 -2.914008
v 8.937891 -0.9162386 -2.930291
v 8.795328 -0.8907484 -2.855667
v 8.821245 -0.9319081 -2.814111
v 8.801373 -0.868139 -2.816223
v 8.838886 -0.8781406 -2.778361
v 8.785557 -0.8741075 -2.788227
v 8.786042 -0.8936786 -2.749913
v 8.760308 -0.9233391 -2.766711
v 8.759827 -0.90608 -2.817057
v 8.572234 -0.8996927 -2.749938
v 8.592752 -0.9196159 -2.689043
v 8.574097 -0.8732799 -2.697702
v 8.588337 -0.8858894 -2.650786
v 8.630167 -0.9654462 -2.664744
v 8.705431 -0.9823572 -2.694311
v 8.615917 -0.9405243 -2.625997
v 8.618567 -0.9153061 -2.591208
v 8.614062 -0.8351298 -2.587181
v 8.678418 -0.7814984 -2.593176
v 8.749678 -0.7861679 -2.624675
v 8.805183 -0.8421843 -2.653919
v 8.806536 -0.9117422 -2.677018
v 8.774808 -0.9547229 -2.703152
v 8.644403 -0.9612041 -2.614069
v 8.711684 -0.986113 -2.64094
v 8.647761 -0.9487689 -2.591706
v 8.656654 -0.9151541 -2.557459
v 8.641274 -0.8320037 -2.533255
v 8.692164 -0.8017509 -2.529467
v 8.764346 -0.8053779 -2.557114
v 8.805294 -0.8315592 -2.609994
v 8.804776 -0.9199545 -2.622352
v 8.771592 -0.967303 -2.656166
v 8.711253 -0.8470431 -2.479731
v 8.659412 -0.8603752 -2.47873
v 8.77216 -0.8530852 -2.50227
v 8.825274 -0.854474 -2.526986
v 8.768953 -0.9078637 -2.564738
v 8.714251 -0.9113982 -2.544482
v 8.758718 -0.9553744 -2.599005
v 8.705479 -0.955737 -2.580346
v 8.409138 -0.9674486 -2.627521
v 8.478984 -0.982155 -2.628364
v 8.353809 -0.9069631 -2.613911
v 8.368616 -0.8119121 -2.593233
v 8.417527 -0.7803224 -2.581922
v 8.484414 -0.7793783 -2.589564
v 8.534719 -0.817928 -2.58906
v 8.554267 -0.893293 -2.573309
v 8.535668 -0.960241 -2.619083
v 8.482587 -0.8010164 -2.511487
v 8.415613 -0.8037981 -2.505039
v 8.48355 -0.8655639 -2.441947
v 8.415874 -0.8705812 -2.436447
v 8.373258 -0.8298965 -2.508093
v 8.365907 -0.8773764 -2.458784
v 8.52368 -0.819748 -2.523849
v 8.529168 -0.8525271 -2.465705
v 8.53813 -0.8881267 -2.539178
v 8.363935 -0.8994136 -2.547839
v 8.409311 -0.955952 -2.552647
v 8.465741 -0.9651582 -2.5574
v 8.514833 -0.9440994 -2.545372
v 8.497231 -0.9061656 -2.506163
v 8.463551 -0.9431851 -2.520172
v 8.407277 -0.9181935 -2.506529
v 8.873028 -0.8885089 -2.735072
v 8.861483 -0.9406519 -2.774559
v 8.889213 -0.8280664 -2.755062
v 8.929598 -0.7981436 -2.783791
v 8.971439 -0.803324 -2.816644
v 9.005059 -0.8617947 -2.870695
v 8.97559 -0.9278634 -2.890421
v 8.93044 -0.9717314 -2.890065
v 8.870296 -0.9812261 -2.826817
v 8.918698 -0.9005052 -2.706498
v 8.909676 -0.9535481 -2.7328
v 8.927445 -0.8477778 -2.715224
v 8.965788 -0.8214524 -2.741479
v 8.999182 -0.8264946 -2.775836
v 9.01526 -0.8675456 -2.825343
v 9.003848 -0.9513901 -2.834563
v 8.975334 -0.9814075 -2.819501
v 8.922666 -0.9896656 -2.760493
v 9.042273 -0.8827403 -2.714294
v 9.009929 -0.8684019 -2.691766
v 8.962629 -0.8759842 -2.668476
v 9.06586 -0.8921474 -2.752612
v 8.984444 -0.9588345 -2.744087
v 9.008437 -0.9574382 -2.781898
v 8.95585 -0.9342465 -2.715967
v 7.961866 2.383908 -2.461362
v 7.790912 2.291805 -2.64764
v 7.752593 2.361867 -2.705739
v 7.727659 2.425346 -2.747106
v 7.705368 2.487216 -2.779675
v 7.663011 2.540969 -2.783067
v 7.646862 2.630968 -2.82496
v 7.727141 2.708734 -2.884818
v 7.857833 2.766421 -2.89911
v 7.30653 1.778518 -3.308442
v 7.241618 1.81667 -3.345161
v 7.30586 2.10991 -3.645465
v 7.124331 2.200212 -3.593122
v 7.261246 1.957576 -3.636932
v 6.983416 2.288396 -3.481528
v 6.969083 2.262802 -3.31157
v 6.946993 2.209782 -3.234712
v 6.936028 2.107247 -3.166064
v 7.021573 2.030564 -3.065666
v 7.193254 1.984679 -2.963165
v 7.201123 1.887193 -3.015085
v 7.23601 1.86508 -3.535462
v 7.241618 1.81667 -3.345161
v 7.246549 1.850121 -3.190671
v 7.241618 1.81667 -3.345161
v 7.139601 1.804082 -3.379734
v 7.017294 1.763729 -3.384816
v 6.955197 1.714682 -3.438196
v 6.8564 1.60733 -3.477475
v 7.337698 1.707487 -3.309457
v 7.425329 1.550203 -3.239279
v 7.476887 1.415588 -3.169069
v 7.483571 1.336587 -3.148045
v 7.488555 1.275612 -3.140339
v 7.478045 1.199591 -3.128503
v 7.463013 1.122016 -3.141964
v 7.402342 1.033033 -3.105177
v 7.889925 0.640602 -3.121144
v 7.913726 0.7042569 -3.117912
v 7.939307 0.6889774 -3.131347
v 6.699328 1.554744 -3.512798
v 6.545221 1.560125 -3.510168
v 6.279339 1.539491 -3.463409
v 6.410969 1.553787 -3.500049
v 6.261119 1.525548 -3.453415
v 7.678588 0.7849153 -3.483291
v 7.586507 0.8564 -3.4889
v 7.762812 0.7595912 -3.450501
v 7.850762 0.7406893 -3.389223
v 7.892531 0.7027875 -3.246043
v 7.889925 0.640602 -3.121144
v 7.892531 0.7027875 -3.246043
v 7.865716 0.5418315 -3.293964
v 7.859901 0.6414696 -2.964019
v 7.807234 0.6917058 -2.8768
v 7.713963 0.7800258 -2.80572
v 7.600501 0.8855116 -2.7535
v 7.510286 0.9804236 -2.782703
v 7.43292 1.042579 -2.884529
v 7.411284 1.053423 -3.003821
v 7.402342 1.033033 -3.105177
v 7.434319 0.9956348 -3.26556
v 7.514053 0.9179064 -3.39066
v 7.801588 0.4157763 -3.263676
v 7.757919 0.3603539 -3.235607
v 7.706539 0.2546548 -3.206579
v 7.685982 0.1837085 -3.214788
v 7.678068 0.131286 -3.218082
v 7.65925 0.03727043 -3.237697
v 7.664524 -0.01741356 -3.27795
v 7.707559 -0.08227599 -3.337424
v 7.708808 -0.1779117 -3.359807
v 7.66988 -0.2778234 -3.364257
v 7.635895 -0.3445681 -3.37047
v 7.610306 -0.4593684 -3.363679
v 7.835331 2.750338 -2.53726
v 7.863134 2.770702 -2.494729
v 7.943318 2.786395 -2.453943
v 7.905575 2.782032 -2.466015
v 7.809384 2.723449 -2.580779
v 7.890389 2.446417 -2.420411
v 7.913288 2.457793 -2.401863
v 7.931085 2.456699 -2.391959
v 7.878691 2.427433 -2.444115
v 7.873206 2.415681 -2.452783
v 7.873756 2.397519 -2.46033
v 7.878665 2.384453 -2.446147
v 7.883148 2.382684 -2.433833
v 7.887108 2.383627 -2.423198
v 7.894653 2.401245 -2.40258
v 7.911148 2.413117 -2.39422
v 7.940408 2.416711 -2.388178
v 7.885471 2.236226 -2.631716
v 7.961866 2.782331 -2.896498
v 7.961866 0.6851276 -3.1364
v 7.961866 2.784951 -2.449094
v 7.961866 2.418601 -2.385681
v 7.961866 2.228824 -2.641989
v 8.13282 2.291805 -2.647641
v 8.17113 2.361867 -2.705745
v 8.196074 2.425346 -2.747106
v 8.218341 2.487221 -2.779703
v 8.260818 2.54096 -2.782936
v 8.276853 2.630953 -2.824974
v 8.196591 2.708734 -2.884818
v 8.0659 2.766421 -2.89911
v 7.961866 2.786256 -2.995283
v 7.961866 2.782331 -2.896498
v 7.961866 2.765812 -3.091212
v 7.961866 2.753469 -3.203512
v 7.961866 2.711258 -3.300665
v 7.961866 2.615446 -3.468371
v 7.961866 2.510466 -3.58567
v 7.961866 2.343572 -3.685607
v 8.682116 1.81667 -3.345161
v 8.617203 1.778518 -3.308442
v 8.617873 2.10991 -3.645465
v 8.799402 2.200212 -3.593122
v 8.662487 1.957576 -3.636932
v 8.940317 2.288396 -3.481528
v 8.95465 2.262802 -3.31157
v 8.97674 2.209782 -3.234712
v 8.987705 2.107247 -3.166064
v 8.90216 2.030564 -3.065666
v 8.730478 1.984679 -2.963165
v 8.72261 1.887193 -3.015085
v 8.687723 1.86508 -3.535462
v 8.682116 1.81667 -3.345161
v 8.677184 1.850121 -3.190671
v 8.682116 1.81667 -3.345161
v 8.784132 1.804082 -3.379734
v 8.906439 1.763729 -3.384816
v 8.968535 1.714682 -3.438196
v 9.067333 1.60733 -3.477475
v 7.961866 2.165357 -3.769749
v 8.586035 1.707487 -3.309457
v 8.498405 1.550203 -3.239279
v 7.961866 1.701755 -3.659061
v 7.961866 1.593533 -3.56563
v 7.961866 1.808492 -3.723547
v 7.961866 2.062859 -3.78715
v 8.446846 1.415588 -3.169069
v 7.961866 1.529985 -3.506988
v 8.440162 1.336587 -3.148045
v 7.961866 1.448058 -3.471071
v 8.435178 1.275612 -3.140339
v 8.445687 1.199591 -3.128503
v 7.961866 1.333851 -3.45487
v 7.965203 1.195318 -3.484926
v 8.46072 1.122016 -3.141964
v 7.961866 1.172923 -3.517056
v 8.521391 1.033033 -3.105177
v 8.010007 0.7042569 -3.117912
v 8.033808 0.640602 -3.121144
v 7.961866 1.098729 -3.557788
v 7.961866 0.9567704 -3.579041
v 7.961866 0.875006 -3.553856
v 7.984426 0.6889774 -3.131347
v 9.224404 1.554744 -3.512798
v 9.378511 1.560125 -3.510168
v 9.644394 1.539491 -3.463409
v 9.512764 1.553787 -3.500049
v 9.662614 1.525548 -3.453415
v 8.337226 0.8564 -3.4889
v 8.245145 0.7849153 -3.483291
v 8.16092 0.7595912 -3.450501
v 8.07297 0.7406893 -3.389223
v 8.031202 0.7027875 -3.246043
v 8.033808 0.640602 -3.121144
v 8.058017 0.5418315 -3.293964
v 8.031202 0.7027875 -3.246043
v 8.063832 0.6414696 -2.964019
v 8.116499 0.6917058 -2.8768
v 8.20977 0.7800258 -2.80572
v 8.323232 0.8855116 -2.7535
v 8.413446 0.9804236 -2.782703
v 8.490813 1.042579 -2.884529
v 8.512449 1.053423 -3.003821
v 8.521391 1.033033 -3.105177
v 8.489413 0.9956348 -3.26556
v 8.40968 0.9179064 -3.39066
v 8.122146 0.4157763 -3.263676
v 8.217195 0.2546548 -3.206579
v 8.165814 0.3603539 -3.235607
v 8.23775 0.1837085 -3.214788
v 8.245666 0.131286 -3.218082
v 8.264482 0.03727043 -3.237697
v 8.25921 -0.01741356 -3.27795
v 8.216173 -0.08227599 -3.337424
v 8.214925 -0.1779117 -3.359807
v 8.253852 -0.2778234 -3.364257
v 8.287837 -0.3445681 -3.37047
v 8.313427 -0.4593684 -3.363679
v 8.088402 2.750338 -2.53726
v 8.060598 2.770702 -2.494729
v 8.018158 2.782032 -2.466015
v 7.980415 2.786395 -2.453943
v 7.961866 2.827166 -2.558113
v 7.961866 2.8114 -2.499345
v 7.961866 2.802802 -2.731735
v 7.961866 2.821521 -2.690412
v 8.114349 2.723449 -2.580779
v 8.033344 2.446417 -2.420411
v 8.010446 2.457793 -2.401863
v 7.992648 2.456699 -2.391959
v 8.045042 2.427433 -2.444115
v 8.050528 2.415681 -2.452783
v 8.049977 2.397519 -2.46033
v 8.045068 2.384453 -2.446147
v 8.040586 2.382684 -2.433833
v 8.036625 2.383627 -2.423198
v 8.029079 2.401245 -2.40258
v 8.012585 2.413117 -2.39422
v 7.983325 2.416711 -2.388178
v 8.038261 2.236226 -2.631716
v 7.961866 2.782331 -2.896498
v 7.961866 2.787794 -2.821546
v 7.961866 1.933467 -3.771382
v 7.961866 0.8084217 -3.506288
v 7.961866 0.6851276 -3.1364
v 7.961866 0.7408102 -3.394907
v 7.961866 2.829184 -2.601455
v 7.961866 2.784951 -2.449094
v 7.961866 2.829353 -2.651769
v 7.961866 2.383908 -2.461362
v 7.961866 2.402385 -2.476156
v 8.005512 2.397791 -2.478322
v 7.958239 2.456699 -2.391959
v 10.26668 1.228953 -3.40685
v 10.26338 1.197188 -3.404231
v 10.24244 1.226372 -3.247105
v 10.23966 1.183209 -3.251286
v 10.2655 1.265428 -3.402017
v 10.24237 1.253272 -3.245621
v 10.25422 1.357895 -3.411106
v 10.2661 1.311116 -3.405523
v 10.21477 1.347697 -3.23647
v 10.23169 1.300218 -3.243223
v 10.22298 1.41158 -3.396717
v 10.19434 1.386994 -3.22701
v 10.22337 1.118935 -3.256028
v 10.23892 1.132559 -3.402712
v 10.24134 1.081107 -3.384925
v 10.21599 1.072441 -3.273666
v 10.22009 1.044251 -3.335231
v 10.18755 1.459682 -3.400314
v 10.177 1.434864 -3.213112
v 10.23937 1.242424 -3.143886
v 10.24071 1.210462 -3.144544
v 10.15134 1.215303 -2.996879
v 10.15932 1.170539 -3.010552
v 10.22846 1.276758 -3.133434
v 10.14786 1.241856 -2.995741
v 10.20366 1.366728 -3.136109
v 10.21828 1.322356 -3.125941
v 10.10709 1.331715 -2.997655
v 10.1329 1.288263 -3.000233
v 10.17633 1.407428 -3.143537
v 10.0782 1.371091 -2.997722
v 10.15936 1.112175 -3.031187
v 10.23027 1.143412 -3.15944
v 10.23531 1.087678 -3.150914
v 10.17006 1.06755 -3.051162
v 10.20228 1.042159 -3.108823
v 10.15442 1.44366 -3.162539
v 10.03968 1.408016 -3.007604
v 10.13301 1.251178 -3.616944
v 10.13414 1.22276 -3.617956
v 10.16322 1.235926 -3.471232
v 10.16674 1.19345 -3.481189
v 10.13529 1.283824 -3.612629
v 10.16143 1.27346 -3.471968
v 10.11988 1.369483 -3.607583
v 10.12849 1.336972 -3.616959
v 10.15977 1.325177 -3.464739
v 10.15458 1.346421 -3.460058
v 10.10967 1.396897 -3.595321
v 10.1435 1.366688 -3.452606
v 10.15763 1.139864 -3.494489
v 10.1217 1.175207 -3.611359
v 10.09965 1.100138 -3.583822
v 10.14298 1.102176 -3.511307
v 10.09541 1.108785 -3.568527
v 10.11376 1.086751 -3.538312
v 10.06189 1.459887 -3.574059
v 10.14428 1.411593 -3.426487
v 9.935905 1.261447 -3.039625
v 9.946594 1.241966 -3.052655
v 9.923674 1.281042 -3.0328
v 10.02102 1.140028 -3.035659
v 10.00601 1.159904 -3.077126
v 9.974411 1.217882 -3.048114
v 9.989744 1.19544 -3.067516
v 9.904856 1.313273 -3.053818
v 9.907486 1.336595 -3.059587
v 9.927163 1.359454 -3.072397
v 9.948936 1.371331 -3.072632
v 9.932524 1.551849 -3.551579
v 9.815295 1.592268 -3.521223
v 9.775241 1.638281 -3.492752
v 9.605326 1.45805 -3.343315
v 9.628395 1.480846 -3.40222
v 9.593672 1.462081 -3.280412
v 9.589709 1.484149 -3.219364
v 9.601437 1.515452 -3.164685
v 9.62571 1.55167 -3.127765
v 9.68828 1.649927 -3.117301
v 9.760407 1.761972 -3.227802
v 9.769297 1.759804 -3.350827
v 9.764887 1.715703 -3.434321
v 9.741551 1.659121 -3.486644
v 9.741551 1.659121 -3.486644
v 9.6911 1.582733 -3.489171
v 9.662614 1.525548 -3.453415
v 10.04677 1.510432 -3.560787
v 10.00717 1.530838 -3.557906
v 10.01642 1.356786 -3.057039
v 5.657053 1.228953 -3.40685
v 5.66035 1.197188 -3.404231
v 5.681292 1.226372 -3.247105
v 5.684071 1.183209 -3.251286
v 5.658234 1.265428 -3.402017
v 5.681366 1.253272 -3.245621
v 5.669511 1.357895 -3.411106
v 5.657629 1.311116 -3.405523
v 5.708964 1.347697 -3.23647
v 5.692039 1.300218 -3.243223
v 5.700754 1.41158 -3.396717
v 5.729396 1.386994 -3.22701
v 5.700363 1.118935 -3.256028
v 5.684811 1.132559 -3.402712
v 5.68239 1.081107 -3.384925
v 5.707745 1.072441 -3.273666
v 5.703642 1.044251 -3.335231
v 5.736185 1.459682 -3.400314
v 5.746729 1.434864 -3.213112
v 5.68436 1.242424 -3.143886
v 5.683027 1.210462 -3.144544
v 5.764413 1.170539 -3.010552
v 5.772397 1.215303 -2.996879
v 5.695277 1.276758 -3.133434
v 5.775876 1.241856 -2.995741
v 5.720078 1.366728 -3.136109
v 5.705454 1.322356 -3.125941
v 5.816642 1.331715 -2.997655
v 5.790835 1.288263 -3.000233
v 5.7474 1.407428 -3.143537
v 5.845529 1.371091 -2.997722
v 5.764373 1.112175 -3.031187
v 5.693462 1.143412 -3.15944
v 5.68842 1.087678 -3.150914
v 5.753677 1.06755 -3.051162
v 5.721453 1.042159 -3.108823
v 5.769318 1.44366 -3.162539
v 5.88405 1.408016 -3.007604
v 5.789596 1.22276 -3.617956
v 5.790728 1.251178 -3.616944
v 5.760511 1.235926 -3.471232
v 5.756993 1.19345 -3.481189
v 5.788442 1.283824 -3.612629
v 5.7623 1.27346 -3.471968
v 5.795238 1.336972 -3.616959
v 5.80385 1.369483 -3.607583
v 5.763962 1.325177 -3.464739
v 5.769157 1.346421 -3.460058
v 5.814064 1.396897 -3.595321
v 5.780231 1.366688 -3.452606
v 5.766098 1.139864 -3.494489
v 5.802035 1.175207 -3.611359
v 5.824086 1.100138 -3.583822
v 5.780756 1.102176 -3.511307
v 5.828325 1.108785 -3.568527
v 5.809976 1.086751 -3.538312
v 5.86184 1.459887 -3.574059
v 5.779453 1.411593 -3.426487
v 5.987828 1.261447 -3.039625
v 5.977138 1.241966 -3.052655
v 6.000059 1.281042 -3.0328
v 5.902713 1.140028 -3.035659
v 5.917722 1.159904 -3.077126
v 5.949322 1.217882 -3.048114
v 5.933989 1.19544 -3.067516
v 6.018878 1.313273 -3.053818
v 6.016247 1.336595 -3.059587
v 5.99657 1.359454 -3.072397
v 5.974798 1.371331 -3.072632
v 5.991209 1.551849 -3.551579
v 6.108438 1.592268 -3.521223
v 6.148492 1.638281 -3.492752
v 6.318407 1.45805 -3.343315
v 6.295338 1.480846 -3.40222
v 6.330061 1.462081 -3.280412
v 6.334024 1.484149 -3.219364
v 6.322296 1.515452 -3.164685
v 6.298023 1.55167 -3.127765
v 6.235453 1.649927 -3.117301
v 6.163325 1.761972 -3.227802
v 6.154437 1.759804 -3.350827
v 6.158846 1.715703 -3.434321
v 6.182181 1.659121 -3.486644
v 6.182181 1.659121 -3.486644
v 6.232633 1.582733 -3.489171
v 6.261119 1.525548 -3.453415
v 5.916559 1.530838 -3.557906
v 5.876958 1.510432 -3.560787
v 5.907313 1.356786 -3.057039
v 7.579065 -0.4589439 -3.409421
v 7.540683 -0.4657485 -3.443337
v 7.610306 -0.4593684 -3.363679
v 7.625593 -0.4637131 -3.303623
v 7.607116 -0.460254 -3.210726
v 7.625593 -0.4637131 -3.303623
v 7.636992 -0.5465727 -3.29562
v 7.555338 -0.4589474 -3.147214
v 7.496418 -0.4623784 -3.098351
v 7.437504 -0.4673666 -3.082943
v 7.37992 -0.4687348 -3.096515
v 7.318708 -0.4699723 -3.154719
v 7.280692 -0.4706377 -3.258379
v 7.285684 -0.4717126 -3.376992
v 7.335602 -0.4686009 -3.437022
v 7.406582 -0.4655336 -3.476204
v 7.488837 -0.4719552 -3.478175
v 7.571732 -0.843593 -2.912917
v 7.561822 -0.8185084 -2.978731
v 7.053941 -0.8687915 -3.112293
v 7.10111 -0.8552157 -3.177605
v 7.142833 -0.848026 -3.256886
v 7.5844 -0.8123909 -3.095887
v 7.666789 -0.8125672 -3.308227
v 7.696777 -0.8330347 -3.349728
v 7.178779 -0.8480149 -3.345178
v 7.619997 -0.818743 -3.177703
v 7.651349 -0.6673903 -3.276431
v 7.652268 -0.7632111 -3.231649
v 7.635894 -0.8319303 -3.24338
v 7.652268 -0.7632111 -3.231649
v 7.555885 -0.8661409 -2.815042
v 7.029818 -0.9094101 -3.027001
v 7.747935 -0.8581768 -3.382535
v 7.652508 -0.922403 -3.558488
v 7.791949 -0.8614683 -3.411074
v 7.714206 -0.9239171 -3.568177
v 7.796754 -0.91014 -3.537213
v 7.825343 -0.8938639 -3.485779
v 7.819709 -0.8683578 -3.43729
v 7.76166 -0.9137591 -3.560492
v 7.015698 -0.8940985 -2.976388
v 7.555469 -0.8809451 -2.766392
v 7.566164 -0.8916649 -2.694232
v 7.361539 -0.873699 -2.695579
v 7.365861 -0.8901651 -2.648697
v 6.985842 -0.9162386 -2.930291
v 7.084847 -0.8781406 -2.778361
v 7.12236 -0.868139 -2.816223
v 7.137691 -0.8936786 -2.749913
v 7.138176 -0.8741075 -2.788227
v 7.349636 -0.8732799 -2.697702
v 7.335395 -0.8858894 -2.650786
v 7.305166 -0.9153061 -2.591208
v 7.117197 -0.9117422 -2.677018
v 7.267079 -0.9151541 -2.557459
v 7.118957 -0.9199545 -2.622352
v 7.154779 -0.9078637 -2.564738
v 7.209483 -0.9113982 -2.544482
v 7.569923 -0.9069631 -2.613911
v 7.369466 -0.893293 -2.573309
v 7.559799 -0.8994136 -2.547839
v 7.385603 -0.8881267 -2.539178
v 7.394565 -0.8525271 -2.465705
v 7.557826 -0.8773764 -2.458784
v 7.440182 -0.8655639 -2.441947
v 7.507859 -0.8705812 -2.436447
v 7.050705 -0.8885089 -2.735072
v 6.948143 -0.9278634 -2.890421
v 7.005034 -0.9005052 -2.706498
v 6.919885 -0.9513901 -2.834563
v 6.857873 -0.8921474 -2.752612
v 6.961104 -0.8759842 -2.668476
v 6.913804 -0.8684019 -2.691766
v 6.881461 -0.8827403 -2.714294
v 8.38305 -0.4657485 -3.443337
v 8.344667 -0.4589439 -3.409421
v 8.313427 -0.4593684 -3.363679
v 8.29814 -0.4637131 -3.303623
v 8.316617 -0.460254 -3.210726
v 8.286741 -0.5465727 -3.29562
v 8.29814 -0.4637131 -3.303623
v 8.368395 -0.4589474 -3.147214
v 8.427315 -0.4623784 -3.098351
v 8.486229 -0.4673666 -3.082943
v 8.543813 -0.4687348 -3.096515
v 8.605024 -0.4699723 -3.154719
v 8.643041 -0.4706377 -3.258379
v 8.638049 -0.4717126 -3.376992
v 8.588131 -0.4686009 -3.437022
v 8.517151 -0.4655336 -3.476204
v 8.434896 -0.4719552 -3.478175
v 8.352001 -0.843593 -2.912917
v 8.361911 -0.8185084 -2.978731
v 8.869792 -0.8687915 -3.112293
v 8.822623 -0.8552157 -3.177605
v 8.7809 -0.848026 -3.256886
v 8.339333 -0.8123909 -3.095887
v 8.256944 -0.8125672 -3.308227
v 8.226955 -0.8330347 -3.349728
v 8.744954 -0.8480149 -3.345178
v 8.303736 -0.818743 -3.177703
v 8.272385 -0.6673903 -3.276431
v 8.271464 -0.7632111 -3.231649
v 8.287839 -0.8319303 -3.24338
v 8.271464 -0.7632111 -3.231649
v 8.367847 -0.8661409 -2.815042
v 8.893915 -0.9094101 -3.027001
v 8.175797 -0.8581768 -3.382535
v 8.271225 -0.922403 -3.558488
v 8.131783 -0.8614683 -3.411074
v 8.209527 -0.9239171 -3.568177
v 8.09839 -0.8938639 -3.485779
v 8.126979 -0.91014 -3.537213
v 8.104024 -0.8683578 -3.43729
v 8.162073 -0.9137591 -3.560492
v 8.908034 -0.8940985 -2.976388
v 8.368264 -0.8809451 -2.766392
v 8.357569 -0.8916649 -2.694232
v 8.562194 -0.873699 -2.695579
v 8.557872 -0.8901651 -2.648697
v 8.937891 -0.9162386 -2.930291
v 8.838886 -0.8781406 -2.778361
v 8.801373 -0.868139 -2.816223
v 8.786042 -0.8936786 -2.749913
v 8.785557 -0.8741075 -2.788227
v 8.574097 -0.8732799 -2.697702
v 8.588337 -0.8858894 -2.650786
v 8.618567 -0.9153061 -2.591208
v 8.806536 -0.9117422 -2.677018
v 8.656654 -0.9151541 -2.557459
v 8.804776 -0.9199545 -2.622352
v 8.768953 -0.9078637 -2.564738
v 8.714251 -0.9113982 -2.544482
v 8.353809 -0.9069631 -2.613911
v 8.554267 -0.893293 -2.573309
v 8.363935 -0.8994136 -2.547839
v 8.53813 -0.8881267 -2.539178
v 8.529168 -0.8525271 -2.465705
v 8.365907 -0.8773764 -2.458784
v 8.48355 -0.8655639 -2.441947
v 8.415874 -0.8705812 -2.436447
v 8.873028 -0.8885089 -2.735072
v 8.97559 -0.9278634 -2.890421
v 8.918698 -0.9005052 -2.706498
v 9.003848 -0.9513901 -2.834563
v 9.06586 -0.8921474 -2.752612
v 8.962629 -0.8759842 -2.668476
v 9.009929 -0.8684019 -2.691766
v 9.042273 -0.8827403 -2.714294
v 8.005512 2.397791 -2.478322
v 7.961866 2.402385 -2.476156
v 7.961866 2.383908 -2.461362
vn -0.01474973 0.1838088 0.5471108
vn -0.004178703 0.1550374 0.556129
vn -0.1379794 0.1892539 0.5277103
vn -0.1701277 0.08179699 0.5456182
vn -0.2033182 0.1668389 0.513965
vn -0.2839353 0.0238244 0.502142
vn -0.2284069 0.1535076 0.5075423
vn -0.3168296 0.005203743 0.4826234
vn 0.01831051 0.02022215 0.5767055
vn -0.195807 -0.1702088 0.5157732
vn -0.3480663 -0.270961 0.3725096
vn -0.4159155 -0.2587556 0.3056031
vn -0.06736634 0.09488241 0.565502
vn -0.3042494 -0.05204862 0.4879105
vn -0.4374107 -0.1862429 0.3275954
vn -0.4539024 -0.2818101 0.2188356
vn -0.3799789 -0.3721777 0.2245733
vn -0.3817292 -0.2222039 0.3718086
vn -0.2777098 -0.01320969 0.5060002
vn -0.1381046 0.1555117 0.5385877
vn -0.04156189 0.09565917 0.5678516
vn -0.09322456 -0.01510439 0.5695739
vn -0.1400137 -0.3985597 0.3935477
vn -0.0002270703 0.09765364 0.5690318
vn -0.1494441 -0.07051938 0.553197
vn -0.1008573 0.1467035 0.549217
vn -0.2142429 -0.01954479 0.5357718
vn 0.03453203 0.3209949 0.4786474
vn -0.07216881 0.3395382 0.4613447
vn -0.17424 0.3154475 0.4510729
vn -0.08129356 0.4475031 0.3556203
vn -0.2553561 0.4099133 0.3163823
vn -0.1551735 0.4622492 0.3091607
vn -0.2896806 0.4923574 0.08368225
vn -0.1572276 0.5300909 0.166182
vn -0.2112029 0.5327373 -0.07012675
vn -0.1397584 0.5517407 -0.09686705
vn -0.190888 0.5007267 -0.2148673
vn -0.1202885 0.5298748 -0.1951843
vn -0.1004085 0.4124362 -0.3913411
vn -0.07908689 0.4625695 -0.3363155
vn -0.07383162 0.05000434 -0.5704226
vn -0.1502954 -0.004383177 -0.5574276
vn -0.104589 0.2695883 0.4997167
vn -0.1801751 0.2600562 0.4829504
vn -0.1814312 0.2320401 0.4965617
vn -0.1533138 0.1872536 0.5241798
vn -0.1930173 0.1203292 0.5306587
vn -0.241766 0.2039029 0.4830179
vn -0.3108168 0.1499442 0.462864
vn -0.2295238 0.09170006 0.5217694
vn -0.3080939 -0.04008475 0.4866259
vn -0.4519479 -0.2151307 0.2877415
vn -0.4094596 -0.1923375 0.3587235
vn -0.5337601 -0.04593331 0.2152293
vn -0.4776596 0.005686954 0.3242564
vn -0.5165197 0.0281956 0.2564091
vn -0.4658805 0.03634154 0.3390694
vn -0.4205903 -0.07799195 0.3877557
vn -0.3797568 -0.06925168 0.4293277
vn -0.4074785 -0.01473472 0.4087512
vn -0.3390309 -0.03131564 0.4662733
vn -0.418953 0.3198119 0.2356525
vn -0.3799829 0.3097553 0.3049558
vn -0.3240719 0.4715176 0.07734326
vn -0.2774996 0.4926626 0.1166659
vn -0.1872873 0.5459315 -0.01468544
vn -0.1634587 0.5532451 0.02311871
vn -0.1331354 -0.139227 0.5442648
vn -0.3742151 -0.1615605 0.4088944
vn -0.4282423 0.01982759 0.3867153
vn -0.409523 0.0829767 0.3984209
vn -0.3425337 -0.02970804 0.4638119
vn -0.3079592 -0.06018412 0.4846363
vn -0.3668893 0.2988586 0.3307705
vn -0.2266403 0.5212048 0.1015537
vn -0.1225687 0.5641879 -0.001537999
vn -0.3577183 0.141468 0.4305321
vn -0.2980345 -0.002024215 0.4944742
vn -0.2800477 -0.06423523 0.5007799
vn -0.2853824 -0.02109069 0.5014434
vn -0.3754143 0.07053445 0.432923
vn -0.4601656 0.2444106 0.2486856
vn -0.4302391 0.3757122 0.08407126
vn -0.3820345 0.2335752 0.3644526
vn -0.3914602 0.2358641 0.3527894
vn -0.4068679 0.3867458 0.1349797
vn -0.3672271 0.4237413 0.1375534
vn -0.290832 0.4883438 0.1013434
vn -0.1865202 0.5460364 0.01969492
vn -0.08682013 0.5692673 -0.04159851
vn -0.3748264 0.4388058 -0.01697129
vn -0.3262019 0.4759041 -0.02099978
vn -0.2672477 0.5108347 -0.0309839
vn -0.1551607 0.552778 -0.06078773
vn -0.05034224 0.5656088 -0.1043354
vn -0.3413975 0.4543066 -0.1019151
vn -0.2922527 0.4876246 -0.1007174
vn -0.2434085 0.5113425 -0.1123148
vn -0.1082111 0.5473298 -0.1485053
vn 0.0105933 0.5407313 -0.2020667
vn -0.2623198 0.4479423 -0.2527241
vn -0.1003804 0.4872774 -0.292947
vn 0.06095874 0.4802278 -0.3146407
vn -0.1044036 0.1276433 0.5532997
vn -0.06657791 0.04597584 0.5716529
vn -0.3007509 0.05121122 0.4901629
vn -0.2737319 0.003188998 0.5083249
vn -0.4261997 0.06814081 0.3834631
vn -0.4038046 -0.05724887 0.4086536
vn -0.4132382 -0.09121551 0.3927432
vn -0.4326952 -0.1303172 0.3593406
vn -0.4675779 -0.1075618 0.3211459
vn -0.4758429 -0.06639084 0.3201548
vn -0.0456099 -0.02420835 0.5750366
vn -0.2689415 -0.05866262 0.5075063
vn -0.4442266 -0.09629746 0.3559814
vn -0.4282956 -0.1196634 0.3682077
vn -0.03685326 -0.09255587 0.5686904
vn -0.2873049 -0.1135525 0.4877449
vn -0.447013 -0.1150991 0.3467924
vn -0.4406274 -0.09135689 0.361711
vn -0.08722863 -0.09780592 -0.5622799
vn -0.0549096 -0.07558789 -0.5697411
vn -0.1038408 -0.192885 -0.5341778
vn 0.08532117 -0.2382791 -0.5189189
vn -0.1800193 0.1862771 -0.5159722
vn -0.2970349 0.152732 -0.4709316
vn -0.318971 0.4141365 -0.2451159
vn -0.3693121 0.3549014 -0.2664337
vn -0.4379745 0.3742881 0.03768495
vn -0.4339008 0.3759148 -0.06124979
vn -0.4889105 0.2652747 0.1546907
vn -0.4934845 0.2891741 0.07864284
vn -0.485937 0.09068089 0.2982877
vn -0.5306972 0.08820077 0.2095577
vn -0.397676 -0.05861313 0.4144294
vn -0.4221169 -0.1202668 0.375082
vn -0.2661553 -0.307141 0.4100721
vn -0.2994176 -0.2291878 0.4372134
vn -0.312632 -0.3560402 0.3298939
vn -0.2870882 -0.2477199 0.4353719
vn -0.3668983 0.1110944 0.431714
vn -0.4130518 0.2654632 0.3037281
vn -0.3994801 0.3898157 0.1476235
vn -0.366431 0.4435907 -0.04784309
vn -0.3216009 0.4107193 -0.2474185
vn -0.2703313 0.3273029 -0.3913147
vn -0.03825109 0.2635083 -0.5122828
vn -0.07480727 0.2519813 -0.5140455
vn -0.2512849 0.2934158 0.4290647
vn -0.2551165 0.3996631 0.3294214
vn -0.2802497 0.4526192 0.223449
vn -0.2452547 0.474496 -0.2191737
vn -0.1983477 0.4510701 -0.3008776
vn -0.2930051 0.4972686 -0.01432934
vn -0.1802203 0.3457122 -0.425837
vn -0.07632313 0.3587177 -0.4459034
vn 0.06829531 0.3662015 -0.441096
vn -0.1146569 0.2441371 -0.5104746
vn -0.08010297 0.2351429 -0.5211764
vn 0.02785672 0.253818 -0.5178165
vn -0.1851269 -0.4277675 -0.3407
vn 0.1185972 -0.492543 -0.2768927
vn -0.4076632 -0.4088321 0.0006614028
vn 0.02721537 -0.5739081 -0.05676499
vn -0.3482357 -0.4391752 0.1385297
vn -0.01910229 -0.5607963 0.135927
vn -0.2906827 -0.4407738 0.2335711
vn -0.05785006 -0.4401141 0.3691699
vn -0.09909188 0.02422805 -0.5682669
vn -0.1369355 0.1534364 -0.5394806
vn -0.07859991 -0.008912778 -0.5719057
vn -0.03958187 0.1896846 -0.5438625
vn -0.02811692 -0.2140794 -0.5354558
vn 0.03745174 -0.1836732 -0.5460724
vn -0.280439 0.3543201 -0.3593671
vn -0.3619125 0.4426974 0.07982376
vn -0.3402277 0.3207436 0.3386769
vn -0.3426488 0.2393809 0.3982738
vn -0.210205 0.3940954 -0.3658362
vn -0.2921904 0.4868159 0.1047304
vn -0.238595 0.3452036 0.3965355
vn -0.2853304 0.264518 0.4265563
vn -0.3167419 0.1719472 0.4510456
vn -0.1885069 -0.06374095 0.5419738
vn 0.09233765 -0.4108768 0.3949525
vn 0.1048228 -0.4782287 -0.3060113
vn 0.1949808 -0.5394288 -0.06582154
vn 0.2231372 -0.5293175 0.0580189
vn 0.2312938 -0.456541 -0.2672207
vn 0.249925 -0.5128601 -0.08857462
vn 0.1979513 -0.5408462 0.04042451
vn 0.004702577 -0.4371535 0.377105
vn -0.2240546 -0.07476813 0.5268232
vn -0.3147324 0.1829067 0.4481317
vn -0.275325 -0.1399878 0.4877837
vn -0.07081353 -0.4346239 0.3733912
vn -0.06934425 -0.190997 0.5404118
vn 0.1102444 -0.3764944 0.4235937
vn -0.2342428 0.08970402 0.5200163
vn -0.09261713 0.230918 0.5209918
vn -0.0227284 0.3703313 0.4423479
vn -0.06254248 0.5451658 0.1794883
vn -0.06786218 0.535405 -0.205109
vn 0.02352054 0.3569159 -0.4532012
vn 0.137418 0.1726327 -0.5335239
vn 0.2541546 -0.1328732 -0.5010824
vn 0.333672 -0.3492269 -0.3162862
vn 0.3510307 -0.4472333 -0.1004656
vn 0.2320897 -0.5193631 0.09864005
vn 0.2387248 -0.4728792 0.2296281
vn 0.3215932 -0.4604383 -0.13382
vn 0.2076021 -0.350798 -0.4088712
vn 0.04726055 -0.07615279 -0.5703514
vn -0.09429272 0.2413417 -0.5159424
vn -0.07486857 0.4263244 -0.3820676
vn -0.09651975 0.5633985 -0.08123772
vn -0.0296361 0.5069194 0.2747506
vn 0.1179585 0.2954636 0.4817889
vn 0.1635072 0.04229423 0.5520961
vn -0.01188656 -0.1162475 0.5654013
vn -0.1223164 0.1358339 -0.5476507
vn -0.1091674 0.1563002 -0.5449643
vn -0.0302018 0.1387003 -0.5596281
vn -0.2036316 -0.02870928 -0.5394844
vn -0.2579125 -0.1664598 -0.4889844
vn -0.3697946 -0.2728359 -0.3494938
vn -0.5114917 -0.2662389 -0.02874749
vn -0.5119111 -0.2386477 0.1196981
vn -0.423356 -0.3477772 0.1820827
vn -0.5118163 -0.1444099 0.2247734
vn -0.4595423 -0.02179257 0.3488256
vn -0.5200278 -0.1356642 0.2109493
vn -0.5404769 -0.1881949 0.07616235
vn -0.5163935 -0.2561645 -0.03241521
vn -0.429548 -0.2887115 -0.2558663
vn -0.4106787 -0.3363194 -0.2270806
vn -0.2790867 -0.3468357 -0.3676262
vn -0.2762106 -0.2760119 -0.4252746
vn -0.2504616 -0.2371033 -0.4630167
vn -0.1445732 -0.3418003 -0.442272
vn -0.1701895 -0.2556114 -0.4889088
vn -0.1881299 -0.2039478 -0.5063061
vn 0.07399906 -0.3433724 -0.4582063
vn 0.01443148 -0.2855991 -0.5015559
vn -0.03383392 -0.2135666 -0.5353299
vn -0.2296555 -0.1589467 -0.5052996
vn -0.1596597 -0.1358402 -0.5379495
vn -0.04618523 -0.1202697 -0.5627927
vn -0.1842115 0.02925025 -0.5463918
vn -0.1215488 0.06286252 -0.560899
vn -0.05031151 0.02449474 -0.5746322
vn -0.5308121 -0.1179644 0.1940518
vn -0.5564474 -0.136407 0.07136323
vn -0.5479911 -0.1661684 -0.07366904
vn -0.4737742 -0.2174008 -0.24821
vn -0.373281 -0.2188451 -0.3822323
vn -0.2372161 -0.2281608 -0.4743465
vn 0.06637011 -0.2672957 -0.5074263
vn -0.4561045 -0.08344628 0.344004
vn -0.5397213 -0.05622674 0.1971617
vn -0.4309124 -0.01933871 0.3837628
vn -0.5240108 0.0087255 0.2422185
vn -0.570141 -0.05736229 0.07058412
vn -0.5687878 -0.0637012 -0.07586698
vn -0.5109034 -0.06775565 -0.2602312
vn -0.4253778 -0.06072312 -0.3856161
vn -0.2662652 -0.09127614 -0.5040882
vn 0.03028746 -0.1353741 -0.5604373
vn -0.09081335 -0.09888247 0.5615235
vn -0.3121932 -0.1031098 0.4745916
vn -0.4331544 -0.07306429 0.3746628
vn -0.399579 0.01089329 0.416595
vn -0.4049608 0.09246573 0.4009866
vn -0.4618168 0.2554189 0.2341362
vn -0.5699521 0.04067736 0.08266363
vn -0.5309882 0.2232909 0.03906472
vn -0.571757 0.02312467 -0.07676225
vn -0.5495977 0.1494568 -0.09454247
vn -0.5248531 -0.01031855 -0.240325
vn -0.5115221 0.1514177 -0.2207966
vn -0.4278502 -0.04201958 -0.3853724
vn -0.396229 0.2232469 -0.3556638
vn -0.2713443 -0.07359887 -0.5042707
vn 0.02757082 -0.0508109 -0.5744489
vn -0.2212199 0.2490387 -0.4715665
vn 0.0297635 0.2768311 -0.5057788
vn -0.09475111 -0.1654429 0.5449626
vn -0.3052179 -0.1474859 0.4673578
vn -0.3859324 -0.1076529 0.4156927
vn -0.2452372 0.110681 0.5108247
vn -0.3005779 0.2312034 0.435352
vn -0.3810924 0.3499148 0.256245
vn -0.518921 0.2530873 0.001034803
vn -0.5268049 0.2090214 -0.1100902
vn -0.4900492 0.2461129 -0.1805922
vn -0.3636465 0.3251846 -0.3087873
vn -0.2114126 0.3380565 -0.4175596
vn -0.01983444 0.3311414 -0.4725309
vn 0.001835478 0.35293 -0.4569142
vn -0.1137699 -0.2383652 0.5133925
vn -0.1479739 -0.3254201 0.453364
vn -0.2374913 -0.2033798 0.4853535
vn -0.2396841 -0.3494259 0.3921562
vn -0.1483998 -0.4755345 0.2918525
vn -0.2470148 -0.4702077 0.2263224
vn -0.2101881 -0.5377307 -0.0003027401
vn -0.2355936 -0.09871995 0.5177677
vn -0.1380104 0.05404646 0.5580014
vn -0.2756734 0.1428386 0.4867594
vn -0.4842238 0.1725478 0.2628457
vn -0.3352238 0.06250986 0.4658872
vn -0.536406 0.2003288 0.07396137
vn -0.5310487 0.2167658 -0.0658263
vn -0.5077285 0.1705368 -0.2155511
vn -0.5039056 0.1836758 -0.2137187
vn -0.4710895 0.04722433 -0.3304208
vn -0.4399239 0.08677466 -0.3636901
vn -0.3152431 -0.07948709 -0.4771132
vn -0.3017613 -0.1048062 -0.4809253
vn -0.1037629 -0.2362897 -0.5164629
vn -0.07819121 -0.2745936 -0.5018147
vn 0.006227667 -0.4005729 -0.4157355
vn 0.05543528 -0.3445352 -0.459952
vn 0.04436855 -0.5213758 -0.2439921
vn 0.2064179 -0.4365883 -0.3164107
vn 0.1551476 -0.5470234 -0.1001404
vn 0.5132883 -0.262683 0.02942966
vn -0.1494197 -0.4428036 0.3390165
vn 0.2117 -0.3187769 0.4323168
vn -0.1418325 -0.3416953 0.4432395
vn 0.1016406 -0.2249195 0.5219328
vn -0.1777909 -0.1694485 0.5225046
vn -0.06775244 -0.1226866 0.5600812
vn 0.4183666 -0.3394382 0.207568
vn -0.06390036 -0.5632498 0.1095442
vn 0.4956286 -0.2760839 -0.1070667
vn -0.02573691 -0.5653715 -0.1141319
vn -0.2160875 -0.2767328 0.4583215
vn -0.1377754 -0.5477579 -0.1196355
vn -0.4040584 0.211363 -0.3541127
vn -0.1860468 0.172692 -0.5185533
vn 0.006615176 0.1407893 -0.5598822
vn -0.4211687 0.1447101 -0.367436
vn -0.2135344 0.07200672 -0.5315557
vn -0.01334667 -0.03938032 -0.5758511
vn 0.04072971 -0.2885607 -0.4984047
vn 0.07962351 -0.4512388 -0.3512508
vn 0.03679627 -0.5493616 -0.1737276
vn -0.2802849 0.1887208 -0.4681434
vn -0.1807383 -0.04786856 -0.5462378
vn -0.01622002 -0.3481542 -0.4602815
vn 0.1327552 -0.506312 -0.2436344
vn 0.2193519 -0.5283188 0.07808589
vn 0.2106836 -0.4070535 0.3510745
vn 0.1321258 -0.1924078 0.5280677
vn 0.1583849 -0.1858087 0.5231852
vn 0.1602709 -0.2129359 0.5121572
vn -0.04403317 0.04600924 0.5738272
vn -0.2137042 0.3206623 0.4299298
vn -0.3332826 0.4567138 0.1169128
vn -0.3595303 0.3621951 -0.2699742
vn -0.373475 0.2658654 -0.3509492
vn -0.2754985 0.06430718 -0.5032878
vn -0.1688905 -0.2211673 -0.5058601
vn -0.04821214 -0.4229212 -0.3900599
vn 0.03297 -0.5224684 -0.243461
vn 0.08870259 -0.5704949 -0.0009728316
vn 0.1222921 -0.506869 0.2479151
vn 0.1291137 -0.3140234 0.4669608
vn 0.1660373 -0.1925079 0.5183684
vn 0.1285273 -0.08959714 0.5556856
vn -0.1130949 0.1777083 0.5375526
vn -0.3459741 0.3865968 0.2533343
vn -0.4274495 0.3730533 -0.1070121
vn -0.0242633 -0.3640163 -0.4474784
vn 0.03103432 -0.4858158 -0.3104082
vn 0.1037572 -0.5574617 -0.1086478
vn 0.1566274 -0.5427067 0.1194608
vn 0.2031583 -0.4364017 0.318769
vn 0.2752682 -0.2624933 0.434348
vn 0.2654276 -0.05458335 0.5098061
vn -0.01845274 0.1803128 0.5481608
vn -0.3215244 0.3986933 0.2664566
vn -0.3821694 0.4196748 -0.1056077
vn -0.3374597 0.321631 -0.3405994
vn -0.2388853 0.09789766 -0.5164139
vn -0.1233644 -0.1763992 -0.535722
vn -0.238884 0.4092952 -0.3297655
vn -0.2447805 0.5226392 0.01625558
vn -0.1582778 0.4222278 0.3605624
vn 0.01235577 0.1776858 0.549189
vn 0.2000022 -0.1496431 0.5205185
vn 0.3874437 0.0587423 0.423993
vn 0.4248142 -0.2162167 0.3257554
vn 0.286967 -0.4471277 0.2259649
vn 0.1899654 -0.5387995 0.08331663
vn 0.1415574 -0.5463809 -0.1215022
vn 0.1017022 -0.4670227 -0.3238516
vn 0.07797916 -0.3418782 -0.4586633
vn 0.01031748 -0.1562471 -0.5557102
vn -0.1408394 0.1607638 -0.5363327
vn -0.2684657 0.379573 -0.3423213
vn -0.3145087 0.4689355 -0.1204876
vn -0.2171893 0.4769769 0.2421885
vn 0.1410493 0.2711867 0.4897921
vn -0.1715602 -0.03470843 -0.5501781
vn -0.003964816 -0.1416267 -0.5596961
vn 0.141719 -0.1164768 -0.5474325
vn 0.3786754 -0.1360869 -0.4140274
vn 0.5287521 -0.1850498 -0.1396821
vn 0.5276376 -0.2190953 0.08324105
vn 0.5009709 -0.20297 0.2028908
vn 0.4262312 -0.1314762 0.3665711
vn 0.2764419 -0.04788186 0.5045995
vn 0.1063672 -0.009056631 0.5673953
vn -0.2178681 0.06628209 0.5305409
vn -0.4520026 0.1457077 0.3283234
vn -0.5198349 0.188434 0.1661251
vn -0.5405741 0.2009815 -0.02682245
vn -0.4916752 0.1839008 -0.2403524
vn -0.376338 0.1174472 -0.4217929
vn -0.4054411 -0.05674863 -0.4071001
vn -0.1749458 -0.1608798 -0.5261607
vn -0.05180202 -0.1876743 -0.5435332
vn 0.07803015 -0.214638 -0.5302597
vn 0.3704089 -0.2861088 -0.338042
vn 0.4850517 -0.3059076 -0.06692368
vn 0.4984018 -0.2840145 0.06530497
vn 0.5133204 -0.247722 0.09202878
vn 0.4969018 -0.1906261 0.2237935
vn 0.3345841 -0.04272762 0.4685736
vn -0.01374766 0.02797211 0.5765085
vn -0.2106248 0.01585666 0.537326
vn -0.3142101 0.03634656 0.4829951
vn -0.4965963 0.06901019 0.2862918
vn -0.5726139 0.07339726 0.007706683
vn -0.5384325 0.02370204 -0.2070314
vn -0.06902717 -0.1052283 -0.5634676
vn 0.1107881 -0.1117378 -0.5554945
vn 0.4249658 -0.1767475 -0.3485653
vn 0.543108 -0.1888149 -0.05211403
vn 0.5475127 -0.169326 0.06994114
vn 0.538132 -0.1737575 0.1164282
vn 0.4568416 -0.2888309 0.2029919
vn 0.2104443 -0.3247166 0.4284924
vn -0.1300187 -0.114219 0.5508018
vn -0.2542567 0.03957896 0.516837
vn -0.3301165 -0.04904035 0.4711173
vn -0.508479 -0.05584646 0.2677005
vn -0.5771323 -0.01395179 0.007537714
vn -0.5376783 -0.008411187 -0.2101539
vn -0.3782495 -0.07310368 -0.4300193
vn -0.1668503 -0.1168752 -0.5402172
vn 0.09031466 0.04972474 0.5680706
vn 0.3366633 0.01914768 0.4686412
vn 0.4975195 -0.1008003 0.2750399
vn 0.5175607 -0.2084496 0.1483679
vn 0.5106393 -0.2539591 0.08991998
vn 0.4792547 -0.3057672 -0.1007705
vn 0.3307489 -0.2643635 -0.3924927
vn 0.08893542 -0.1941546 -0.5364028
vn -0.0221762 -0.1584934 -0.5547265
vn -0.1557153 -0.1127712 -0.5443977
vn -0.4016673 0.01082977 -0.4145835
vn -0.5236362 0.1024398 -0.2205551
vn -0.5546288 0.1603746 -0.000416647
vn -0.4928646 0.1650481 0.2513502
vn -0.3890134 0.1085221 0.4125832
vn -0.1796423 0.04579176 0.5467771
vn -0.3305844 -0.06820032 0.4683973
vn -0.07225324 -0.1428185 0.5547214
vn 0.2346478 -0.2279924 0.475703
vn 0.4371469 -0.2234384 0.3038276
vn 0.5375391 -0.08404337 0.1931883
vn 0.5722562 -0.04729082 0.06016376
vn 0.5610816 -0.1020699 -0.09001295
vn 0.4561001 -0.1050235 -0.3380474
vn 0.1367411 -0.01727556 -0.5606576
vn -0.09543514 0.004335196 -0.5693915
vn -0.1742609 -0.01965035 -0.5500731
vn -0.3275455 -0.01465439 -0.4752185
vn -0.5217112 0.03231472 -0.2451662
vn -0.5770076 0.008793632 0.01783641
vn -0.5054567 -0.04958043 0.2745699
vn 0.06698098 -0.1989901 0.5378196
vn -0.2868969 -0.1240217 0.4854298
vn -0.4952105 -0.04470945 0.2934296
vn -0.5718016 0.006411163 0.07959331
vn -0.5125 0.06879771 -0.2567953
vn -0.3171297 0.1265309 -0.4655664
vn -0.1855963 0.159597 -0.5228922
vn -0.05640627 0.1478318 -0.5552455
vn 0.2145082 0.07889738 -0.5301838
vn 0.4656436 -0.04050294 -0.3389232
vn 0.5568109 -0.0805511 -0.1296396
vn 0.5721759 -0.07708377 -0.002469302
vn 0.5182654 -0.1376529 0.2139764
vn 0.4090679 -0.1941569 0.3581898
vn 0.2918684 -0.2280664 0.4428678
vn 0.3029517 0.2790957 -0.4045483
vn 0.5167143 0.1181032 -0.2288914
vn 0.5680872 -0.006961086 -0.1027702
vn 0.5661016 -0.112563 0.01385127
vn 0.5011268 -0.2136615 0.1911909
vn 0.3736449 -0.2874488 0.3333108
vn 0.2854324 -0.3094673 0.3950846
vn 0.100115 -0.3233547 0.4677095
vn -0.2567206 -0.2699246 0.4410994
vn -0.4819882 -0.1534865 0.2783211
vn -0.5701088 -0.0523315 0.07463634
vn -0.5329686 0.1189519 -0.1874251
vn -0.3327869 0.3048326 -0.360088
vn -0.1600336 0.3757077 -0.4081254
vn 0.005664695 0.3590697 -0.4520733
vn -0.160851 0.3323703 -0.4438361
vn 0.03639198 0.3803411 -0.4328392
vn 0.2911939 0.3500955 -0.3549263
vn 0.4827236 0.2303335 -0.2173885
vn 0.5568596 0.1516109 -0.01596299
vn 0.5528035 0.06788283 0.152097
vn 0.5049932 -0.09694234 0.2625212
vn 0.3968336 -0.1937185 0.3719268
vn 0.3042832 -0.2360246 0.4301599
vn 0.1361104 -0.2771714 0.4878355
vn -0.2602182 -0.2654652 0.4417557
vn -0.4751911 -0.1609709 0.2856836
vn -0.5565424 -0.02387047 0.1517367
vn -0.5317783 0.1944541 -0.1128392
vn -0.3469324 0.2933609 -0.3562452
vn 0.2974532 -0.1700937 0.4646753
vn 0.09811604 -0.2281066 0.5212236
vn -0.2642929 -0.2375595 0.4550255
vn -0.4561355 -0.1854377 0.3014742
vn -0.5288819 -0.1747873 0.1518767
vn -0.5389894 -0.147501 -0.1451452
vn -0.3741025 -0.07303518 -0.4336434
vn -0.1682907 -0.04701305 -0.550274
vn 0.007594653 -0.05087956 -0.5750539
vn 0.2004865 -0.1307572 -0.5253962
vn 0.4223103 -0.2154072 -0.3295256
vn 0.5290884 -0.2215988 -0.06551873
vn 0.5305622 -0.190438 0.1247817
vn 0.4864638 -0.1542173 0.2700061
vn 0.4018365 -0.1477146 0.3873514
vn -0.5585872 -0.007445219 -0.1458018
vn 0.5402993 -0.1106094 0.1708084
vn 0.5689706 -0.08461798 -0.04945181
vn 0.4839166 -0.02624905 -0.3137977
vn 0.2696635 0.1064565 -0.4992815
vn 0.01712126 0.1736527 -0.55035
vn -0.1828072 0.1289846 -0.5322386
vn -0.386349 0.08474874 -0.4205775
vn 0.3837217 -0.2568494 0.3465824
vn 0.5131763 -0.1525635 0.2161198
vn 0.5711218 0.01030411 0.08394589
vn 0.5466559 0.1852053 -0.01412899
vn 0.4628274 0.3184526 -0.1330869
vn 0.2909311 0.4165662 -0.2741628
vn 0.04363211 0.4502766 -0.3587208
vn -0.1361386 0.4403576 -0.3476851
vn -0.3174359 0.3904971 -0.2829838
vn -0.5166344 0.2334164 -0.1092655
vn -0.566177 -0.009998026 0.1125917
vn -0.4862703 -0.1783687 0.255067
vn 0.259273 -0.2124554 0.4700783
vn -0.1096155 -0.03018253 0.566045
vn 0.04108079 -0.1339331 -0.5600962
vn 0.2272704 -0.1896273 -0.4957046
vn 0.4103025 -0.2265099 -0.3371623
vn 0.5279284 -0.193187 -0.1315437
vn 0.5582528 -0.1353691 0.05798491
vn 0.5140278 -0.1046908 0.2411401
vn 0.4106337 -0.102488 0.3926952
vn 0.2795533 -0.1181423 0.4911474
vn 0.04493539 -0.1551463 0.5542958
vn -0.2732161 -0.1599827 0.482796
vn -0.4683405 -0.1348768 0.3095136
vn -0.5465732 -0.1461273 0.1150557
vn -0.5204222 -0.1533105 -0.1974585
vn -0.3534974 -0.1275931 -0.4382841
vn -0.1564459 -0.1097602 -0.5448035
vn 0.2975331 -0.2927139 0.398906
vn 0.1289242 -0.3271494 0.457914
vn -0.2562879 -0.3025571 0.4196536
vn 0.3568554 -0.01575659 -0.453585
vn 0.4555226 -0.06727029 -0.3482918
vn 0.5349874 -0.05049176 -0.2111216
vn 0.5770606 -0.01804369 0.002951742
vn 0.5267726 -0.01786406 0.235637
vn 0.4418607 0.01078273 0.3714515
vn 0.2907468 0.1086696 0.4868169
vn -0.008956863 0.1711719 0.5513197
vn -0.2871114 0.1622801 0.4738835
vn -0.4832743 0.1269474 0.2892466
vn -0.5676194 0.07014126 0.07887787
vn -0.5369772 0.008500105 -0.2119352
vn -0.3660958 -0.02407945 -0.4457887
vn -0.1533691 0.01139248 -0.5564904
vn 0.1333144 0.0470724 -0.5597722
vn 0.1188495 -0.1716652 0.5382743
vn 0.1310795 -0.3595311 0.4323066
vn 0.1331009 -0.5374356 0.1636477
vn 0.08526546 -0.5590468 -0.1163183
vn 0.007227949 -0.4724039 -0.3318369
vn -0.1173312 -0.2823794 -0.4897231
vn -0.2557698 0.009060328 -0.5175259
vn -0.3628763 0.1913594 -0.4062459
vn -0.4319336 0.3460872 -0.1642876
vn -0.366603 0.398995 0.1993455
vn -0.1783496 0.243666 0.4920892
vn 0.018224 -0.04427855 0.5753614
vn 0.1508265 -0.1897637 0.5239986
vn -0.1896166 -0.01906364 0.5449914
vn -0.1991048 0.3544654 0.4099329
vn -0.3721073 0.2833763 0.338478
vn -0.351478 0.04011723 0.4562753
vn -0.4554313 0.2374572 0.2636848
vn -0.4453069 0.0941341 0.3552096
vn -0.4756801 0.2751049 0.1771414
vn -0.5179564 0.1120401 0.2291321
vn -0.3323251 0.4149722 0.2251478
vn -0.4805936 0.1903293 0.2571729
vn -0.02196738 0.3399178 0.4661618
vn -0.3275914 0.1431583 0.4533464
vn 0.07195932 -0.1468139 0.5537156
vn -0.1757886 -0.1488538 0.5294094
vn -0.02325546 -0.3690052 0.4434274
vn -0.1878708 -0.2883328 0.4635755
vn -0.2196653 -0.3454702 0.4071007
vn -0.3263509 -0.2205715 0.4221099
vn -0.2934098 -0.2854474 0.4071411
vn -0.3491067 -0.08590984 0.4517492
vn -0.2382102 -0.1949199 0.4884624
vn -0.1249694 0.1267834 0.5492195
vn -0.2787016 0.02970739 0.5047537
vn -0.3118936 -0.2276254 0.4292347
vn -0.2778806 -0.2746854 0.4250456
vn -0.1195003 -0.3787448 0.4190532
vn -0.4203975 -0.2310444 0.3212751
vn -0.4072246 -0.3933175 -0.1131499
vn -0.4039557 -0.4115573 0.02781652
vn -0.401252 -0.3934821 0.1322952
vn -0.4624967 -0.2125334 0.2725064
vn -0.3978333 -0.4179291 0.01993292
vn -0.4962847 -0.1471984 0.2556705
vn -0.2145801 -0.5358666 0.01165291
vn -0.4517464 -0.1130763 0.3412804
vn -0.139614 -0.5300997 0.1812062
vn -0.4543275 -0.2403704 0.2629485
vn -0.09806395 -0.5178713 0.2356402
vn -0.2607979 -0.1778845 0.4833995
vn 0.008304879 -0.3819147 0.4329038
vn -0.1570173 0.002446147 0.5555835
vn -0.1481377 -0.2050953 0.5189649
vn -0.1213929 -0.02006142 0.5640876
vn -0.276209 -0.07635719 0.5012102
vn -0.4226729 -0.0713345 0.3867717
vn -0.3077502 0.0910958 0.4799216
vn -0.3792624 0.2032007 0.3849714
vn -0.4174968 0.20787 0.3403232
vn -0.3780741 0.3635547 0.2412909
vn -0.2178335 0.3805111 0.3756239
vn -0.2935688 0.2027436 0.4539227
vn -0.1747615 0.3974225 0.380588
vn -0.2002781 0.1843799 0.5091427
vn -0.2533834 -0.04109997 0.517147
vn -0.4065262 0.3132031 0.2645252
vn -0.3896918 0.1891029 0.3817247
vn -0.4989736 0.1442527 0.2520908
vn -0.4461336 -0.0172514 0.3660609
vn -0.3176056 -0.2404567 0.4179004
vn -0.4408497 0.2512337 0.2754389
vn -0.5343333 0.01432945 0.2182106
vn -0.09521174 -0.2372377 0.5176741
vn -0.00672357 0.0949579 0.5694482
vn -0.3236593 -0.02944046 0.4771911
vn -0.2341553 -0.2301221 0.4749194
vn -0.1606603 -0.3128257 0.4578885
vn -0.1892902 -0.2813441 0.4672774
vn -0.3225191 -0.1613436 0.4508692
vn -0.4576539 -0.02976502 0.3507141
vn -0.5262786 -0.04955485 0.232182
vn -0.5260156 -0.04273009 0.2341261
vn -0.4336846 -0.02072694 0.3805541
vn -0.2886819 -0.03133469 0.4990133
vn -0.1196982 -0.1018053 0.5555551
vn -0.3359541 -0.1983797 0.4255745
vn -0.3946192 -0.1650924 0.3877546
vn -0.3955898 -0.182677 0.3787759
vn -0.3701791 -0.4050518 0.1795379
vn -0.06918383 -0.494644 0.2896107
vn -0.1231657 -0.1808381 0.5342857
vn -0.1780577 -0.1508272 0.5280909
vn -0.2016511 -0.1056022 0.5305831
vn -0.2531852 -0.09578966 0.5099559
vn -0.3507416 -0.1909607 0.4169505
vn -0.2708742 -0.2113949 0.463975
vn -0.3941365 -0.242301 0.3453694
vn -0.4049985 -0.220594 0.347344
vn -0.4167381 -0.2099742 0.3399611
vn -0.4176562 -0.2146331 0.3359007
vn -0.4596249 -0.1266745 0.3256253
vn -0.4575981 -0.07511079 0.3439413
vn -0.4887753 -0.1310456 0.2779553
vn -0.479065 -0.05040897 0.3182592
vn -0.4831088 -0.2279154 0.2190749
vn -0.3987582 -0.3886936 0.1524551
vn -0.1867232 -0.5256713 0.1487869
vn -0.1608942 -0.2748998 0.4815357
vn -0.2252491 -0.2986875 0.4397523
vn -0.3391235 -0.249955 0.3947799
vn -0.4367389 -0.155286 0.3442074
vn -0.4310576 -0.162667 0.3479397
vn -0.4276124 -0.172689 0.3473606
vn -0.4744893 -0.0770485 0.3197761
vn -0.5008283 -0.05969442 0.2809641
vn -0.06385887 0.06343848 0.5702903
vn -0.2988583 0.04047104 0.4923202
vn -0.129008 -0.05178902 0.5603644
vn -0.3040843 -0.05149119 0.4880726
vn -0.4620951 -0.01834066 0.3456373
vn -0.4605658 -0.2176304 0.2717527
vn -0.2333968 -0.3458937 0.39902
vn -0.5238081 -0.07109409 0.2321725
vn -0.5032153 -0.1037563 0.2633292
vn -0.5239055 -0.2341436 -0.06350601
vn -0.4568282 -0.2432659 0.2558574
vn -0.2395726 -0.2388134 0.4678745
vn -0.009376994 -0.3665609 0.4459581
vn 0.07474611 -0.5475082 0.1672759
vn 0.1312285 -0.561581 -0.02719105
vn 0.01961049 -0.5567957 -0.1514181
vn -0.1860043 -0.4856342 -0.2507893
vn -0.4180794 -0.327296 -0.2267605
vn -0.1920776 -0.5381652 -0.08257052
vn -0.1766971 -0.5264383 0.1580326
vn -0.4228598 -0.379577 0.1021971
vn -0.29952 -0.48926 0.06516026
vn -0.3396159 -0.4656275 -0.03443123
vn -0.1868805 -0.5424264 -0.0646739
vn -0.01175182 -0.5708365 -0.08568024
vn -0.08842567 -0.5701906 0.01992534
vn -0.4807908 -0.2819401 0.1506098
vn -0.4191374 -0.3970261 -0.005236612
vn -0.5026275 -0.2168199 0.1835428
vn -0.5051405 -0.2795825 0.0002577822
vn -0.5551025 -0.09195465 0.1293788
vn -0.5700172 -0.0910206 -0.01135507
vn -0.5770068 0.01673116 -0.0107932
vn -0.5737237 0.05756501 -0.02933778
vn -0.5554546 0.1053511 -0.1170665
vn -0.5712634 0.08158151 -0.01832722
vn -0.5397674 0.1998261 -0.0453207
vn -0.5684459 0.08989724 0.04605472
vn -0.5583386 0.1423029 0.03662035
vn -0.5622759 0.1153381 0.06225925
vn -0.4769901 0.2549327 0.2020472
vn -0.4866343 0.2403525 0.1968529
vn -0.3219786 0.3262524 0.3510308
vn -0.3601899 0.3161354 0.3219551
vn -0.1802321 0.3232692 0.4431105
vn -0.2137625 0.3056846 0.4406767
vn -0.04124219 0.3191941 0.47932
vn -0.07452384 0.2693945 0.5051795
vn -0.5056349 -0.1424969 0.2395022
vn -0.4707168 -0.1528913 0.2972932
vn -0.5696501 -0.08399672 0.04214944
vn -0.5706549 0.05418826 -0.06891969
vn -0.5229661 0.2169689 0.1129791
vn -0.5430753 0.1261798 0.1499373
vn -0.4664039 0.2187213 0.2606947
vn -0.285885 0.3432339 0.3657782
vn -0.1711076 0.3606012 0.41716
vn -0.01683204 0.3561142 0.4541286
vn -0.2644597 -0.03391669 0.5120978
vn -0.05171248 -0.3658278 0.4436544
vn -0.002130199 -0.1527827 0.5567642
vn 0.08519682 0.1193048 0.5584276
vn -0.1709524 0.2365655 0.4981421
vn -0.2029575 0.1006712 0.5310434
vn -0.1696262 0.2399763 0.4969626
vn -0.249665 0.1714967 0.4915178
vn -0.1728681 0.2048425 0.5113606
vn -0.303386 0.1864004 0.4544725
vn -0.1792217 0.2158773 0.504589
vn -0.1746309 0.3028461 0.4594799
vn -0.2239669 0.385266 0.3670728
vn -0.1125577 0.2859314 0.4887815
vn -0.26221 0.2282485 0.4609577
vn -0.1377319 0.007101181 0.5606362
vn -0.1171033 -0.1920294 0.5317377
vn -0.04204411 -0.2611394 0.5131978
vn -0.1952519 -0.1765489 0.5138488
vn -0.3230466 -0.1659645 0.4488096
vn -0.02464908 -0.4640761 0.3425774
vn -0.2262587 -0.4204552 0.3245888
vn -0.2069969 -0.4711227 0.2617808
vn -0.2431511 -0.2506468 0.4597686
vn -0.2081047 -0.420464 0.3365053
vn -0.2276325 -0.2292046 0.4785208
vn -0.1596054 -0.3650245 0.4178716
vn -0.08218273 -0.2645332 0.5065587
vn -0.2487466 -0.4553952 0.253128
vn -0.3612625 0.2043961 0.4013042
vn -0.2162868 -0.5266494 0.09588483
vn -0.1044924 0.1699916 0.5417727
vn -0.1742039 -0.1103822 0.5392608
vn -0.2389452 0.2154116 0.4794126
vn -0.3006611 -0.03442766 0.4916819
vn -0.4535612 0.110801 0.3396156
vn -0.4042685 0.02839535 0.4112104
vn -0.5100842 0.01711895 0.2699155
vn -0.5068969 0.0006669234 0.2763846
vn -0.3021454 0.008544171 0.491903
vn -0.307172 0.2171224 0.4379915
vn -0.4608632 0.110513 0.3297352
vn -0.453035 -0.05120729 0.3542182
vn -0.3625553 0.1595151 0.42005
vn -0.3242725 0.06990647 0.4725398
vn -0.3053147 0.07065704 0.4848958
vn -0.2980755 0.1578642 0.4685758
vn -0.2719051 0.01054696 0.509205
vn -0.2601906 0.07474656 0.5099483
vn -0.2754351 0.06263775 0.503533
vn -0.2553671 0.1652296 0.4907344
vn 0.117981 0.2989519 0.4796267
vn -0.2995022 -0.05485476 0.4905332
vn -0.3621864 -0.1963425 0.4044799
vn -0.4484059 -0.2344068 0.2780628
vn -0.3628349 0.009081149 0.4490008
vn -0.4513722 -0.08179338 0.3505801
vn -0.5344505 -0.1429278 0.165129
vn -0.4640433 0.1582891 0.3048635
vn -0.5330047 0.08731477 0.2039984
vn -0.5700064 0.001727967 0.09177671
vn -0.5373811 0.2109322 -0.007901173
vn -0.525243 0.2138221 -0.1083196
vn -0.5620873 0.10771 0.07608992
vn -0.1711252 -0.3054176 0.4590966
vn -0.2834364 -0.2072841 0.4582909
vn -0.2586782 -0.1554864 0.4921819
vn -0.267075 -0.1139725 0.4990137
vn -0.3795063 -0.1476063 0.409293
vn -0.3688949 -0.2779024 0.3464393
vn -0.3361742 -0.06130455 0.4653623
vn -0.2818958 0.2273987 0.4496198
vn -0.2216166 0.1805293 0.5016261
vn -0.2083479 0.1775168 0.5083428
vn -0.1717335 -0.2909695 0.4681643
vn -0.04065455 -0.5240291 0.2389021
vn -0.1615945 -0.3714433 0.4114007
vn 0.06047164 -0.513103 0.2576859
vn -0.2666899 0.2360228 0.4544262
vn -0.4216054 0.1416915 0.3681111
vn -0.3034892 0.1908634 0.4525471
vn -0.2953597 0.3074966 0.3892838
vn -0.4179853 0.2786677 0.2845452
vn -0.2571183 0.3860368 0.3438011
vn -0.2497898 0.4650112 0.2338867
vn -0.2689753 0.3509249 0.3712646
vn -0.3838853 0.3759176 0.211309
vn -0.2816484 -0.1290786 0.487182
vn -0.3701696 0.3456782 0.2771542
vn -0.3016058 0.4286432 0.2421414
vn -0.2117525 0.487985 0.2244214
vn -0.3346854 0.362978 0.299276
vn -0.3596832 0.2502439 0.3759513
vn -0.3658385 0.1602497 0.416912
vn -0.383056 0.2518154 0.3509851
vn -0.4162161 0.3342127 0.2199986
vn -0.1390238 0.5566822 0.06411582
vn -0.3050796 0.4877086 0.04899199
vn -0.3890805 0.4254403 0.03082762
vn -0.2741914 0.5052057 -0.05403402
vn -0.07128751 0.571564 0.03957504
vn 0.2015467 0.4669129 0.2733217
vn 0.4104562 0.03284831 0.4046975
vn 0.3094372 -0.3793314 0.3060878
vn 0.3167663 -0.4224934 0.2334349
vn 0.2080145 -0.4990455 0.2025266
vn -0.02339517 -0.5514436 0.1693991
vn -0.1587119 -0.551927 0.05933443
vn -0.2569134 -0.5098103 0.08615398
vn -0.1991973 -0.535962 0.07999113
vn -0.5222681 0.0145455 0.2456781
vn -0.5416013 -0.009689027 0.1997684
vn -0.4453628 0.07071257 0.3605343
vn -0.5261506 -0.08669194 0.2213219
vn -0.4082303 0.1766235 0.3680835
vn -0.5261718 -0.142391 0.1902665
vn -0.3770318 0.3299506 0.2869024
vn -0.5379265 -0.1159788 0.1746921
vn -0.4113898 0.4037978 0.03223645
vn -0.5304761 -0.0912298 0.2088194
vn -0.5071383 0.1699137 -0.2174244
vn -0.5062346 -0.1017226 0.2582872
vn -0.5330172 -0.09467816 -0.2006539
vn -0.5255603 -0.07674273 0.2263408
vn -0.555976 -0.1556038 -0.003381622
vn -0.5153627 -0.07247319 0.2499645
vn -0.558773 -0.1283794 0.06800498
vn -0.5021695 -0.03866451 0.2822484
vn -0.5646361 -0.05344269 0.1079969
vn -0.5227193 0.02319499 0.2440488
vn -0.5679432 -0.02630763 0.1004079
vn -0.5239987 0.04607079 0.2379833
vn -0.2945096 0.3330726 0.3683207
vn -0.2523825 0.3827356 0.3509273
vn -0.3996821 0.2531771 0.3308911
vn -0.5338726 0.1037473 0.1937777
vn -0.3024885 0.4742166 0.1302025
vn -0.423525 0.3535584 -0.1701658
vn -0.5234669 -0.0264332 -0.2421095
vn -0.5323274 -0.1899213 -0.1178587
vn -0.5455666 -0.1832513 -0.04592845
vn -0.565666 -0.09974261 -0.05836732
vn -0.5761465 -0.007621269 -0.03647412
vn -0.5590045 0.1315937 0.05941689
vn -0.4955831 0.2666271 0.1289984
vn -0.3655097 0.3710973 0.2490439
vn -0.2218658 0.40282 0.3490631
vn -0.08072968 0.3887949 0.4191118
vn -0.5738446 0.06131039 0.01663291
vn -0.5722311 -0.06935076 -0.0327923
vn -0.4882124 -0.3068868 -0.02832735
vn -0.3694114 -0.4431372 -0.02231603
vn -0.2670113 -0.506511 -0.07406014
vn -0.1177668 -0.5550033 -0.1069381
vn 0.0004912116 -0.5669781 -0.108945
vn -0.4817964 0.3050086 0.09041778
vn -0.5052145 0.2706409 0.06960705
vn -0.4846324 0.2120007 0.2313449
vn -0.5071877 0.1453041 0.2344797
vn -0.5533073 0.1193201 0.1137851
vn -0.5598934 0.07787216 0.1174248
vn -0.5468738 -0.1324632 0.1292898
vn -0.5657338 -0.09344418 0.06742918
vn -0.5755146 0.03301472 0.0320354
vn -0.5446283 0.1300469 0.1407163
vn -0.4722684 0.3104598 0.1179435
vn -0.3661765 0.4067981 0.1837486
vn -0.2217204 0.4632754 0.2637221
vn -0.0895128 0.4841436 0.3015393
vn -0.01325816 -0.5761901 0.03409745
vn -0.08391426 -0.5699725 0.03772485
vn -0.2457489 -0.5181367 0.06689792
vn -0.3671291 -0.4176783 0.1552238
vn -0.5115512 -0.2464759 0.1043952
vn -0.5683365 -0.05197857 0.08732225
vn -0.5579811 0.04933745 0.1398436
vn -0.3137091 -0.3848138 0.2946834
vn -0.1878591 -0.4859655 0.2487567
vn -0.01737225 -0.5373583 0.2104228
vn -0.09263954 -0.460286 0.3359883
vn -0.2760927 -0.3918478 0.3218098
vn -0.07420784 -0.5313586 0.2132714
vn -0.5088399 -0.06535268 0.2648477
vn -0.4939938 -0.06379115 0.2919489
vn -0.5006083 0.2129359 0.1933466
vn -0.4164809 0.3952434 0.06049503
vn -0.2789049 0.5023053 -0.0568757
vn -0.3110819 0.472104 0.1169585
vn -0.3786398 0.4316074 0.06066532
vn -0.1319992 0.5561801 0.08107648
vn -0.2043465 0.539827 0.01275508
vn -0.0931015 0.5347658 0.1967005
vn -0.2195644 0.5063457 0.1695256
vn -0.243048 0.518967 -0.07024498
vn -0.2333337 0.5045915 -0.1558085
vn -0.4217209 0.3943029 -0.003181109
vn -0.4096735 0.4068085 -0.002793487
vn -0.4775643 0.3149122 0.07807676
vn -0.5111925 0.2162447 0.1589142
vn -0.3184669 0.4760776 0.0725418
vn -0.05878657 0.5189845 0.2460341
vn 0.05729321 0.4463967 0.3616365
vn 0.07650723 0.3393054 0.4608166
vn 0.05316181 0.03289998 0.5739555
vn 0.09463757 -0.4301632 0.3732785
vn 0.1615307 -0.5279569 0.1688278
vn 1.821585E-05 -0.5698868 0.09253381
vn -0.1545632 -0.5521287 0.06780526
vn -0.1742653 -0.546416 0.06629226
vn 0.05872944 0.39454 -0.4173997
vn -0.01277621 0.4269094 -0.3884824
vn -0.01001766 0.4316508 -0.3832893
vn 0.229892 0.4692129 -0.2456062
vn 0.2818616 0.5037822 -0.009535597
vn 0.2857003 0.4652834 0.1876701
vn 0.42258 0.1810479 0.3492581
vn 0.489161 -0.2094862 0.2239875
vn 0.4861497 -0.3000664 0.08337815
vn 0.4222398 -0.3922738 -0.03417793
vn 0.2282103 -0.4994413 -0.178359
vn 0.04030837 -0.4900357 -0.3026115
vn -0.1011841 -0.3809764 -0.4218438
vn -0.1266949 -0.393436 -0.4031004
vn 0.3311448 -0.4443549 0.1619421
vn 0.2088531 -0.5381608 -0.009834977
vn 0.05652187 -0.5682496 -0.08503565
vn 0.3996879 -0.2934526 0.2957508
vn 0.3649657 -0.05072046 0.4444782
vn 0.2612983 0.2748127 0.4353558
vn 0.1458456 0.4819253 0.2825075
vn 0.1868352 0.5186222 0.1716305
vn 0.3208237 0.4709155 -0.09297381
vn 0.2835278 0.3423053 -0.3684732
vn 0.04580768 0.286635 0.4990747
vn 0.08829451 0.08763268 0.563789
vn -0.01102719 0.4704454 0.3345041
vn -0.05363093 0.5499598 0.1673362
vn 0.09600566 0.5693104 0.001441727
vn 0.1456756 -0.177985 0.5295596
vn 0.097367 -0.46382 0.3297333
vn 0 0.3876093 -0.4278931
vn 0.1111708 0.4336951 -0.3645312
vn 0.05326388 0.4298517 -0.3817381
vn -0.3848925 0.02685618 0.4294996
vn -0.3408338 -0.1363853 0.4456061
vn -0.1418985 -0.3319389 0.4505717
vn -0.1393753 -0.2587361 0.4969543
vn -0.09739922 -0.1838835 0.5385478
vn -0.2790893 -0.1221519 0.4904299
vn -0.2808581 0.004794563 0.5044097
vn 0 0.1122664 0.5663301
vn 0 -0.05930808 0.5742961
vn 0 -0.3958195 0.4203099
vn 0 0.5763437 -0.03407913
vn 0 0.5729905 -0.07081902
vn 0 0.5612318 -0.135471
vn 0 0.4748569 -0.3283967
vn 0 0.1889957 0.5455403
vn 0 -0.0217711 0.5769398
vn 0 -0.07622916 0.5722958
vn 0 0.3661119 -0.4464253
vn 0 0.2641754 -0.5133662
vn 0 0.1347466 -0.5614061
vn 0 0.01002786 -0.5772633
vn 0 -0.2839459 -0.5027008
vn 0 -0.1628549 0.5539059
vn 0 -0.5555508 0.1571522
vn 0 -0.2473848 -0.521665
vn 0 -0.4055134 -0.4109651
vn 0 0.3861161 0.4292409
vn 0 -0.5726103 0.07383044
vn -0.06656943 -0.5572727 0.1354586
vn -0.01588862 0.343323 0.4639077
vn 0 0.07259409 0.5727683
vn 0.00487499 -0.5549026 0.1593511
vn -6.777987E-05 -0.0462122 0.5754979
vn 0.006765411 -0.3595508 0.4516757
vn 0 -0.57735 -0.0006204922
vn 0 -0.5685588 -0.1003707
vn 0 0.2551137 0.5179291
vn 0.01068858 0.52462 0.2408175
vn -0.09137314 -0.2607334 0.5069542
vn -0.08316686 -0.4802255 0.3095161
vn 0 -0.5696752 0.09382764
vn 0 -0.5764351 0.03249753
vn 0 -0.5389714 0.2069864
vn 0 0.5450028 -0.1905398
vn 0.002166223 -0.4102392 -0.406242
vn 0 0.1394407 -0.5602587
vn 0.1379794 0.1892539 0.5277103
vn 0.1701277 0.08179699 0.5456182
vn 0.004178709 0.1550374 0.556129
vn 0.01474973 0.1838088 0.5471108
vn 0.2033182 0.1668389 0.513965
vn 0.2839353 0.0238244 0.502142
vn 0.2284069 0.1535076 0.5075423
vn 0.3168295 0.005203752 0.4826234
vn 0.1958071 -0.1702088 0.5157732
vn -0.01831049 0.02022216 0.5767055
vn 0.3480663 -0.270961 0.3725096
vn 0.4159154 -0.2587556 0.3056032
vn 0.06736635 0.09488241 0.565502
vn 0 0.1236388 0.5639565
vn 0.3042495 -0.05204861 0.4879104
vn 0.4374108 -0.186243 0.3275954
vn 0.4539023 -0.2818102 0.2188356
vn 0.381729 -0.2222039 0.3718087
vn 0.3799788 -0.3721779 0.2245733
vn 0.2777096 -0.01320966 0.5060003
vn 0.1381045 0.1555117 0.5385877
vn 0.0002270565 0.09765367 0.5690318
vn 0.149444 -0.07051944 0.5531971
vn 0.1008573 0.1467035 0.549217
vn 0.2142428 -0.0195448 0.5357718
vn -0.03456713 0.3209199 0.4786951
vn 0.07221398 0.3394976 0.4613675
vn 0.1742026 0.3154437 0.45109
vn 0.08136394 0.447496 0.3556131
vn 0.2554208 0.4099614 0.3162677
vn 0.1551555 0.462274 0.3091325
vn 0.2897039 0.492349 0.08365124
vn 0.1572043 0.5300949 0.1661915
vn 0.2112155 0.5327322 -0.07012712
vn 0.1397625 0.5517429 -0.09684885
vn 0.190888 0.5007267 -0.2148673
vn 0.1202884 0.5298748 -0.1951843
vn 0.1004085 0.4124362 -0.3913411
vn 0.07908684 0.4625695 -0.3363156
vn 0.1045367 0.2695863 0.4997287
vn 0.1801751 0.2600562 0.4829504
vn 0.1814312 0.2320401 0.4965617
vn 0.1533138 0.1872536 0.5241798
vn 0.04156189 0.09565917 0.5678516
vn 0.1927836 0.1203336 0.5307427
vn 0.2417678 0.2039194 0.48301
vn 0.3108024 0.1501073 0.4628208
vn 0.2295238 0.09170006 0.5217694
vn 0.3080939 -0.04008477 0.4866259
vn 0.09322457 -0.01510439 0.5695739
vn 0.5337594 -0.04594074 0.2152293
vn 0.4776517 0.005719712 0.3242675
vn 0.4094719 -0.1923666 0.3586938
vn 0.4519359 -0.2151137 0.287773
vn 0.5165483 0.02818953 0.2563523
vn 0.4660631 0.03642505 0.3388092
vn 0.420309 -0.07837241 0.3879838
vn 0.379676 -0.0698853 0.4292966
vn 0.4072389 -0.01456836 0.4089958
vn 0.3387251 -0.03164727 0.4664731
vn 0.4188752 0.3199927 0.2355453
vn 0.3796833 0.3100609 0.3050183
vn 0.3241372 0.4714696 0.07736275
vn 0.2773589 0.4926922 0.1168754
vn 0.1872873 0.5459315 -0.01468544
vn 0.1634587 0.5532451 0.02311872
vn 0.1331354 -0.139227 0.5442648
vn 0.3741774 -0.161552 0.4089323
vn 0.4282153 0.0198055 0.3867463
vn 0.4096983 0.08326671 0.39818
vn 0.3425861 -0.02995364 0.4637575
vn 0.3077928 -0.06097817 0.4846428
vn 0.3669321 0.2989267 0.3306615
vn 0.2265165 0.5212594 0.1015496
vn 0.1225686 0.5641879 -0.001538004
vn 0 0.5771453 -0.01538737
vn 0.3577226 0.1419899 0.4303565
vn 0.2978795 -0.001981796 0.4945678
vn 0.2798879 -0.06473779 0.5008045
vn 0.2851907 -0.02113882 0.5015504
vn 0.3753311 0.07068595 0.4329705
vn 0.4601106 0.2445114 0.2486881
vn 0.4302261 0.3757263 0.08407525
vn 0.3822691 0.233404 0.3643163
vn 0.3914351 0.2358573 0.3528219
vn 0.4069052 0.3867096 0.134971
vn 0.3673356 0.4237114 0.1373554
vn 0.2908193 0.4883923 0.1011462
vn 0.1865042 0.5460436 0.0196462
vn 0.08682013 0.5692673 -0.04159852
vn 0.3261801 0.4759178 -0.02102896
vn 0.3748292 0.4388021 -0.01700618
vn 0.2672321 0.5108424 -0.03099122
vn 0.1551607 0.5527779 -0.06078774
vn 0.05034224 0.5656088 -0.1043354
vn 0.3413953 0.4543065 -0.101923
vn 0.2922465 0.4876278 -0.10072
vn 0.2434085 0.5113425 -0.1123148
vn 0.1082111 0.5473298 -0.1485053
vn -0.0105933 0.5407313 -0.2020667
vn 0 0.5298684 -0.229288
vn 0.2623198 0.4479423 -0.2527241
vn 0.1003804 0.4872774 -0.292947
vn -0.06095872 0.4802278 -0.3146407
vn 0.1044036 0.1276433 0.5532997
vn 0.06657793 0.04597585 0.5716529
vn 0 0.04678917 0.5754514
vn 0.3007511 0.05121125 0.4901629
vn 0.2737319 0.003189014 0.5083249
vn 0.4261999 0.06814076 0.3834631
vn 0.4038047 -0.05724887 0.4086536
vn 0.4132383 -0.09121548 0.3927432
vn 0.4675779 -0.1075618 0.3211459
vn 0.4326952 -0.1303172 0.3593406
vn 0.4758429 -0.06639084 0.3201548
vn 0.0456099 -0.02420834 0.5750366
vn 0.2689415 -0.05866261 0.5075063
vn 0.4442267 -0.09629745 0.3559814
vn 0.4282956 -0.1196634 0.3682076
vn 0.03685325 -0.09255587 0.5686904
vn 0.2873049 -0.1135525 0.4877449
vn 0.447013 -0.1150991 0.3467923
vn 0.4406274 -0.09135684 0.3617109
vn 0.08722864 -0.09780594 -0.5622799
vn 0.05490961 -0.07558788 -0.5697411
vn 0.1502954 -0.004383171 -0.5574276
vn 0.07383162 0.05000432 -0.5704226
vn 0.1038408 -0.192885 -0.5341778
vn -0.08532115 -0.238279 -0.5189189
vn 0.1800193 0.1862771 -0.5159722
vn 0.2970348 0.152732 -0.4709316
vn 0.318971 0.4141365 -0.2451159
vn 0.3693121 0.3549014 -0.2664337
vn 0.4379745 0.3742881 0.03768495
vn 0.4339008 0.3759148 -0.06124979
vn 0.4889105 0.2652747 0.1546907
vn 0.4934845 0.2891742 0.07864286
vn 0.485937 0.09068089 0.2982877
vn 0.5306972 0.08820075 0.2095577
vn 0.397676 -0.05861313 0.4144294
vn 0.4221169 -0.1202668 0.3750821
vn 0.2661553 -0.307141 0.4100721
vn 0.2994176 -0.2291878 0.4372134
vn 0.312632 -0.3560403 0.3298939
vn 0.287088 -0.2477199 0.4353719
vn 0.3668983 0.1110944 0.431714
vn 0.4130597 0.2654503 0.3037288
vn 0.3995082 0.3897916 0.1476113
vn 0.3664442 0.443578 -0.04786046
vn 0.3216009 0.4107193 -0.2474185
vn 0.2703313 0.3273029 -0.3913148
vn 0.03825111 0.2635083 -0.5122828
vn 0.07480721 0.2519813 -0.5140455
vn 0.2512849 0.2934158 0.4290647
vn 0.2551072 0.399658 0.3294348
vn 0.2802261 0.4526324 0.2234519
vn 0.2452547 0.474496 -0.2191738
vn 0.1983476 0.4510701 -0.3008777
vn 0.2929912 0.4972767 -0.01433252
vn 0.1802203 0.3457122 -0.425837
vn 0.07632311 0.3587178 -0.4459034
vn -0.06829531 0.3662015 -0.441096
vn 0.1146569 0.2441372 -0.5104747
vn 0.08010297 0.2351429 -0.5211764
vn -0.02785671 0.253818 -0.5178165
vn 0.1851268 -0.4277675 -0.3407
vn -0.1185972 -0.492543 -0.2768927
vn 0.407663 -0.4088323 0.0006613857
vn -0.02721538 -0.5739081 -0.05676498
vn 0.3482355 -0.4391753 0.1385298
vn 0.01910228 -0.5607963 0.1359271
vn 0.2906826 -0.4407738 0.2335711
vn 0.05785006 -0.4401141 0.3691699
vn 0.09909188 0.02422806 -0.5682669
vn 0.1369355 0.1534364 -0.5394806
vn 0.07859991 -0.008912787 -0.5719057
vn 0.03958188 0.1896846 -0.5438625
vn 0.02811692 -0.2140794 -0.5354558
vn -0.03745174 -0.1836732 -0.5460724
vn 0.280439 0.3543201 -0.3593671
vn 0.3619125 0.4426974 0.07982376
vn 0.3402276 0.3207436 0.3386769
vn 0.3426488 0.2393809 0.3982738
vn 0.210205 0.3940954 -0.3658362
vn 0.2921904 0.4868159 0.1047304
vn 0.238595 0.3452036 0.3965355
vn 0.2853304 0.2645179 0.4265562
vn 0.316742 0.1719472 0.4510456
vn 0.188507 -0.06374095 0.5419738
vn -0.09233765 -0.4108768 0.3949525
vn -0.1048228 -0.4782288 -0.3060113
vn -0.1949808 -0.5394288 -0.06582154
vn -0.2231373 -0.5293175 0.0580189
vn -0.2312938 -0.456541 -0.2672206
vn -0.249925 -0.5128601 -0.08857462
vn -0.1979513 -0.5408462 0.04042451
vn -0.004702577 -0.4371535 0.377105
vn 0.2240546 -0.07476811 0.5268232
vn 0.3147324 0.1829067 0.4481317
vn 0.275325 -0.1399878 0.4877837
vn 0.07081353 -0.4346239 0.3733912
vn 0.06934424 -0.1909969 0.5404119
vn -0.1102444 -0.3764944 0.4235936
vn 0.2342429 0.08970401 0.5200163
vn 0.09261704 0.230918 0.5209918
vn 0.0227283 0.3703313 0.4423479
vn 0.06254248 0.5451658 0.1794883
vn 0.06786219 0.535405 -0.205109
vn -0.02352054 0.3569159 -0.4532012
vn -0.137418 0.1726327 -0.5335239
vn -0.2541547 -0.1328733 -0.5010824
vn -0.333672 -0.3492269 -0.3162862
vn -0.3510306 -0.4472333 -0.1004656
vn -0.2320896 -0.5193631 0.09864005
vn -0.2387249 -0.4728793 0.2296281
vn -0.3215932 -0.4604383 -0.13382
vn -0.207602 -0.350798 -0.4088711
vn -0.04726049 -0.07615279 -0.5703514
vn 0.09429269 0.2413417 -0.5159424
vn 0.07486857 0.4263244 -0.3820676
vn 0.09651974 0.5633985 -0.08123767
vn 0.02963605 0.5069194 0.2747506
vn -0.1179587 0.2954635 0.4817889
vn -0.1635074 0.04229423 0.552096
vn 0.01188635 -0.1162475 0.5654013
vn 0.1223164 0.1358339 -0.5476507
vn 0.1091674 0.1563002 -0.5449643
vn 0.0302018 0.1387003 -0.5596281
vn 0.2036316 -0.02870928 -0.5394844
vn 0.2579124 -0.1664598 -0.4889844
vn 0.3697945 -0.2728359 -0.3494939
vn 0.5114916 -0.266239 -0.0287475
vn 0.511911 -0.2386478 0.1196981
vn 0.4233558 -0.3477773 0.1820827
vn 0.5118163 -0.1444099 0.2247734
vn 0.4595423 -0.02179258 0.3488256
vn 0.5200278 -0.1356642 0.2109493
vn 0.5404769 -0.1881949 0.07616235
vn 0.5163936 -0.2561645 -0.03241521
vn 0.429548 -0.2887115 -0.2558663
vn 0.4106787 -0.3363194 -0.2270806
vn 0.2762106 -0.2760119 -0.4252746
vn 0.2790868 -0.3468357 -0.3676261
vn 0.2504616 -0.2371033 -0.4630167
vn 0.1701895 -0.2556114 -0.4889088
vn 0.1445732 -0.3418003 -0.442272
vn 0.18813 -0.2039478 -0.5063061
vn -0.01443148 -0.2855991 -0.5015559
vn -0.07399907 -0.3433723 -0.4582063
vn 0.03383392 -0.2135666 -0.5353299
vn 0 -0.3129939 -0.4851477
vn 0 -0.3555613 -0.4548732
vn 0 -0.223269 -0.5324326
vn 0.2296555 -0.1589467 -0.5052996
vn 0.1596597 -0.1358402 -0.5379495
vn 0.04618524 -0.1202697 -0.5627927
vn 0.1842115 0.02925027 -0.5463918
vn 0.1215488 0.06286254 -0.560899
vn 0.05031151 0.02449474 -0.5746322
vn 0.5308121 -0.1179644 0.1940518
vn 0.5564474 -0.136407 0.07136323
vn 0.5479911 -0.1661684 -0.07366903
vn 0.4737743 -0.2174008 -0.24821
vn 0.373281 -0.2188451 -0.3822323
vn 0.2372162 -0.2281608 -0.4743465
vn -0.0663701 -0.2672957 -0.5074263
vn 0.4561045 -0.08344626 0.344004
vn 0.5397213 -0.05622674 0.1971617
vn 0.4309124 -0.01933869 0.3837628
vn 0.5240108 0.008725502 0.2422186
vn 0.570141 -0.0573623 0.07058413
vn 0.5687878 -0.0637012 -0.07586699
vn 0.5109034 -0.06775565 -0.2602311
vn 0.4253778 -0.06072311 -0.3856161
vn 0.2662653 -0.09127612 -0.5040882
vn -0.03028747 -0.1353741 -0.5604373
vn 0 -0.15768 -0.5554012
vn 0.3121932 -0.1031098 0.4745916
vn 0.09081335 -0.09888247 0.5615235
vn 0.4331544 -0.07306429 0.3746628
vn 0.399579 0.01089328 0.4165949
vn 0.4049608 0.09246573 0.4009865
vn 0.4618168 0.2554189 0.2341362
vn 0.5699521 0.04067736 0.08266363
vn 0.5309882 0.2232909 0.03906472
vn 0.571757 0.02312467 -0.07676227
vn 0.5495977 0.1494568 -0.09454249
vn 0.5248531 -0.01031855 -0.240325
vn 0.5115221 0.1514177 -0.2207966
vn 0.4278502 -0.04201958 -0.3853724
vn 0.396229 0.2232469 -0.3556637
vn 0.2713444 -0.07359886 -0.5042707
vn -0.02852339 -0.05176733 -0.574317
vn 0.0002445998 -0.01128399 -0.5772401
vn 0.2212199 0.2490387 -0.4715665
vn -0.03160007 0.2775792 -0.5052571
vn -0.005088826 0.2769665 -0.5065541
vn 0.3052179 -0.1474859 0.4673578
vn 0.09475107 -0.1654429 0.5449626
vn 0.3859324 -0.1076529 0.4156927
vn 0.2452373 0.110681 0.5108247
vn 0.3005779 0.2312033 0.435352
vn 0.518921 0.2530874 0.0010348
vn 0.3810924 0.3499148 0.256245
vn 0.5268049 0.2090214 -0.1100902
vn 0.4900492 0.2461129 -0.1805922
vn 0.3636465 0.3251846 -0.3087872
vn 0.2114126 0.3380564 -0.4175595
vn 0.01964604 0.3317976 -0.4720783
vn 0.1137699 -0.2383653 0.5133925
vn 0 -0.2332062 0.5281556
vn 0 -0.1887751 0.5456165
vn 0.09739918 -0.1838835 0.5385478
vn 0.1479739 -0.3254201 0.453364
vn 0 -0.3295085 0.4740861
vn 0.2790893 -0.1221519 0.4904299
vn 0.2374913 -0.2033798 0.4853535
vn 0.2396841 -0.3494259 0.3921562
vn 0.2470148 -0.4702077 0.2263224
vn 0.1483998 -0.4755346 0.2918525
vn 0.2101881 -0.5377307 -0.0003027315
vn 0 -0.5773024 0.007440761
vn 0.2808581 0.004794563 0.5044097
vn 0.2355937 -0.09871996 0.5177677
vn 0.1380104 0.05404641 0.5580014
vn 0.2756734 0.1428386 0.4867594
vn 0.4842238 0.1725478 0.2628457
vn 0.3352238 0.06250986 0.4658872
vn 0.536406 0.2003288 0.0739614
vn 0.5310487 0.2167659 -0.06582628
vn 0.5077285 0.1705368 -0.2155511
vn 0.5039055 0.1836758 -0.2137188
vn 0.4710895 0.04722431 -0.3304207
vn 0.4399239 0.08677465 -0.3636901
vn 0.3152431 -0.07948709 -0.4771132
vn 0.3017614 -0.1048062 -0.4809253
vn 0.1037629 -0.2362897 -0.5164629
vn 0.07819123 -0.2745936 -0.5018147
vn -0.006227663 -0.4005729 -0.4157355
vn -0.05543528 -0.3445352 -0.459952
vn -0.04436855 -0.5213758 -0.2439921
vn -0.2064179 -0.4365883 -0.3164108
vn 0.1418325 -0.3416953 0.4432395
vn -0.1016406 -0.2249195 0.5219328
vn -0.2117 -0.3187769 0.4323168
vn 0.1494197 -0.4428036 0.3390165
vn 0.1777909 -0.1694485 0.5225045
vn 0.06775245 -0.1226866 0.5600812
vn -0.4183666 -0.3394382 0.207568
vn 0.06390036 -0.5632498 0.1095442
vn -0.5132883 -0.2626831 0.02942967
vn -0.1551475 -0.5470234 -0.1001404
vn -0.4956286 -0.2760839 -0.1070667
vn 0.02573691 -0.5653715 -0.1141319
vn 0.2160876 -0.2767328 0.4583215
vn 0.1377754 -0.5477579 -0.1196355
vn 0.4040585 0.211363 -0.3541127
vn 0.1860469 0.172692 -0.5185533
vn -0.006615178 0.1407893 -0.5598822
vn 0 0.1577995 -0.5553672
vn 0.4211687 0.1447101 -0.367436
vn 0.2135344 0.07200673 -0.5315557
vn 0.01334667 -0.03938032 -0.5758511
vn 0 -0.06472145 -0.5737113
vn -0.04072971 -0.2885607 -0.4984047
vn -0.07962352 -0.4512388 -0.3512508
vn -0.03679627 -0.5493616 -0.1737276
vn 0.1807384 -0.04786854 -0.5462378
vn 0.280285 0.1887208 -0.4681434
vn 0.01621999 -0.3481542 -0.4602815
vn -0.1327552 -0.506312 -0.2436343
vn -0.2193519 -0.5283188 0.07808591
vn -0.2106837 -0.4070535 0.3510744
vn -0.1321259 -0.1924078 0.5280676
vn -0.1583849 -0.1858087 0.5231853
vn -0.2000024 -0.1496432 0.5205184
vn -0.01235584 0.1776858 0.549189
vn 0.1582778 0.4222278 0.3605624
vn 0.2447804 0.5226392 0.01625558
vn 0.238884 0.4092952 -0.3297655
vn 0.2557699 0.009060328 -0.517526
vn 0.3628763 0.1913594 -0.4062459
vn 0.1173312 -0.2823794 -0.4897231
vn -0.00722796 -0.4724039 -0.3318369
vn -0.08526553 -0.5590468 -0.1163183
vn -0.133101 -0.5374356 0.1636476
vn -0.1310795 -0.3595312 0.4323066
vn -0.1188495 -0.1716652 0.5382743
vn -0.1602708 -0.2129359 0.5121572
vn -0.1508265 -0.1897637 0.5239986
vn 0.04403317 0.04600924 0.5738272
vn -0.018224 -0.04427855 0.5753614
vn 0.2137042 0.3206623 0.4299298
vn 0.1783496 0.243666 0.4920892
vn 0.3332826 0.4567138 0.1169128
vn 0.3666029 0.398995 0.1993455
vn 0.3595303 0.3621951 -0.2699742
vn 0.4319336 0.3460872 -0.1642876
vn 0.04821214 -0.4229212 -0.3900599
vn -0.03297 -0.5224684 -0.243461
vn -0.03103432 -0.4858158 -0.3104082
vn 0.0242633 -0.3640163 -0.4474784
vn -0.08870259 -0.5704949 -0.0009728316
vn -0.1037572 -0.5574617 -0.1086478
vn -0.1222921 -0.5068691 0.2479151
vn -0.1566274 -0.5427067 0.1194608
vn -0.1291137 -0.3140234 0.4669608
vn -0.2031583 -0.4364016 0.318769
vn -0.1660373 -0.1925079 0.5183684
vn -0.2752682 -0.2624933 0.434348
vn -0.1285273 -0.08959714 0.5556856
vn -0.2654276 -0.05458335 0.5098061
vn 0.1130949 0.1777083 0.5375526
vn 0.01845273 0.1803128 0.5481608
vn 0.3459741 0.3865968 0.2533343
vn 0.3215244 0.3986933 0.2664566
vn 0.4274494 0.3730533 -0.1070121
vn 0.3821694 0.4196748 -0.1056077
vn 0.373475 0.2658654 -0.3509492
vn 0.3374597 0.321631 -0.3405994
vn 0.2754985 0.06430717 -0.5032878
vn 0.2388853 0.09789766 -0.5164139
vn 0.1688905 -0.2211673 -0.5058601
vn 0.1233644 -0.1763992 -0.535722
vn 0.00396482 -0.1416267 -0.5596961
vn 0.1715602 -0.03470844 -0.5501781
vn -0.141719 -0.1164768 -0.5474325
vn -0.3786754 -0.1360869 -0.4140274
vn -0.5287521 -0.1850498 -0.1396821
vn -0.5276376 -0.2190953 0.08324105
vn -0.5009709 -0.20297 0.2028908
vn -0.4262312 -0.1314762 0.3665711
vn -0.2764419 -0.04788186 0.5045995
vn -0.1063672 -0.00905664 0.5673953
vn 0.2178681 0.06628209 0.5305409
vn 0.4520026 0.1457077 0.3283234
vn 0.5198349 0.1884341 0.1661252
vn 0.540574 0.2009816 -0.02682244
vn 0.4916751 0.1839008 -0.2403525
vn 0.376338 0.1174472 -0.4217929
vn 0.1557153 -0.1127712 -0.5443977
vn 0.4016672 0.01082976 -0.4145836
vn 0.0221762 -0.1584934 -0.5547265
vn -0.08893542 -0.1941546 -0.5364028
vn -0.3307489 -0.2643635 -0.3924927
vn -0.4792547 -0.3057672 -0.1007705
vn -0.5106393 -0.2539591 0.08991998
vn -0.5175607 -0.2084496 0.1483679
vn -0.4975196 -0.1008003 0.2750399
vn -0.3366634 0.0191477 0.4686412
vn -0.09031469 0.04972474 0.5680705
vn 0.1796423 0.04579176 0.5467771
vn 0.3890133 0.1085222 0.4125834
vn 0.4928645 0.1650482 0.2513503
vn 0.5546288 0.1603746 -0.0004166414
vn 0.5236361 0.1024398 -0.2205552
vn 0.05180202 -0.1876743 -0.5435332
vn -0.07803016 -0.214638 -0.5302597
vn -0.1107882 -0.1117378 -0.5554945
vn 0.06902717 -0.1052283 -0.5634676
vn -0.3704089 -0.2861088 -0.338042
vn -0.4249658 -0.1767475 -0.3485652
vn -0.4850516 -0.3059076 -0.06692369
vn -0.543108 -0.1888149 -0.05211404
vn -0.4984019 -0.2840145 0.06530498
vn -0.5475127 -0.169326 0.06994113
vn -0.5133204 -0.2477219 0.09202876
vn -0.538132 -0.1737575 0.1164281
vn -0.4969019 -0.1906261 0.2237935
vn -0.4568418 -0.2888309 0.2029918
vn -0.259273 -0.2124553 0.4700784
vn -0.2104443 -0.3247165 0.4284925
vn 0.1096156 -0.03018252 0.566045
vn 0.1300187 -0.114219 0.5508018
vn 0.2542567 0.03957896 0.516837
vn 0.3301164 -0.04904033 0.4711174
vn 0.2106248 0.01585667 0.537326
vn 0.3142101 0.03634656 0.4829952
vn 0.4965962 0.06901018 0.2862919
vn 0.5084789 -0.05584646 0.2677006
vn 0.5726139 0.07339727 0.007706677
vn 0.5771323 -0.01395179 0.007537714
vn 0.5384324 0.023702 -0.2070315
vn 0.5376782 -0.008411203 -0.210154
vn 0.405441 -0.05674866 -0.4071002
vn 0.3782494 -0.07310367 -0.4300193
vn 0.1749458 -0.1608798 -0.5261607
vn 0.1668503 -0.1168752 -0.5402172
vn -0.3345841 -0.04272759 0.4685736
vn 0.01374764 0.02797212 0.5765085
vn 0.3305843 -0.06820031 0.4683974
vn 0.07225325 -0.1428185 0.5547214
vn -0.2346478 -0.2279924 0.475703
vn -0.437147 -0.2234383 0.3038275
vn -0.5375391 -0.08404335 0.1931882
vn -0.5722562 -0.04729082 0.06016375
vn -0.5610816 -0.1020699 -0.09001295
vn -0.4561002 -0.1050235 -0.3380474
vn -0.1367411 -0.01727558 -0.5606576
vn 0.09543514 0.004335191 -0.5693915
vn 0.1742609 -0.01965036 -0.5500731
vn 0.3275454 -0.01465439 -0.4752185
vn 0.5217112 0.03231472 -0.2451663
vn 0.5770076 0.008793631 0.01783642
vn 0.5054566 -0.04958043 0.27457
vn 0.2868968 -0.1240217 0.48543
vn -0.06698097 -0.1989901 0.5378196
vn 0.4952104 -0.04470948 0.2934298
vn 0.5718016 0.006411158 0.07959332
vn 0.5125 0.06879775 -0.2567954
vn 0.3171296 0.1265309 -0.4655665
vn 0.1855962 0.159597 -0.5228922
vn 0.05640627 0.1478318 -0.5552455
vn -0.2145083 0.07889739 -0.5301838
vn -0.4656436 -0.04050289 -0.338923
vn -0.5568109 -0.08055108 -0.1296395
vn -0.5721759 -0.07708377 -0.002469305
vn -0.5182655 -0.1376529 0.2139763
vn -0.409068 -0.1941569 0.3581897
vn -0.2918685 -0.2280665 0.4428678
vn -0.5167144 0.1181031 -0.2288912
vn -0.3029518 0.2790957 -0.4045483
vn -0.5680872 -0.006961106 -0.1027701
vn -0.5661016 -0.1125629 0.01385126
vn -0.5011269 -0.2136614 0.1911909
vn -0.3736449 -0.2874487 0.3333107
vn -0.2854324 -0.3094673 0.3950846
vn -0.100115 -0.3233547 0.4677095
vn 0.2567205 -0.2699246 0.4410994
vn 0.481988 -0.1534866 0.2783212
vn 0.5701088 -0.0523315 0.07463634
vn 0.5329686 0.118952 -0.1874251
vn 0.3327869 0.3048327 -0.360088
vn 0.1600336 0.3757079 -0.4081254
vn -0.005664698 0.3590697 -0.4520733
vn -0.0436321 0.4502766 -0.3587208
vn 0.1361385 0.4403576 -0.3476851
vn -0.2909311 0.4165661 -0.2741628
vn -0.4628274 0.3184525 -0.1330869
vn -0.5466559 0.1852053 -0.01412897
vn -0.5711218 0.01030413 0.08394584
vn -0.5131764 -0.1525635 0.2161197
vn -0.3837217 -0.2568493 0.3465824
vn -0.2975331 -0.2927139 0.398906
vn -0.3042832 -0.2360246 0.4301599
vn -0.3968336 -0.1937185 0.3719268
vn -0.1289242 -0.3271494 0.457914
vn -0.1361104 -0.2771714 0.4878355
vn 0.2562878 -0.3025572 0.4196537
vn 0.2602181 -0.2654652 0.4417558
vn 0.4862702 -0.1783687 0.2550671
vn 0.475191 -0.1609709 0.2856837
vn 0.566177 -0.009998021 0.1125917
vn 0.5166344 0.2334164 -0.1092655
vn 0.3174358 0.3904971 -0.2829839
vn -0.09811605 -0.2281066 0.5212236
vn -0.2974531 -0.1700937 0.4646753
vn 0.2642927 -0.2375595 0.4550256
vn 0.4561354 -0.1854377 0.3014742
vn 0.5565424 -0.02387046 0.1517367
vn 0.5288819 -0.1747873 0.1518767
vn 0.5317783 0.1944541 -0.1128391
vn 0.5585872 -0.007445219 -0.1458018
vn 0.3469324 0.2933609 -0.3562452
vn 0.386349 0.08474876 -0.4205776
vn 0.1608509 0.3323703 -0.4438361
vn 0.1828071 0.1289846 -0.5322386
vn -0.03639198 0.3803411 -0.4328392
vn -0.01712125 0.1736527 -0.55035
vn -0.291194 0.3500955 -0.3549262
vn -0.2696635 0.1064565 -0.4992815
vn -0.4827236 0.2303334 -0.2173884
vn -0.4839167 -0.02624906 -0.3137977
vn -0.5568596 0.1516109 -0.01596299
vn -0.5689706 -0.08461798 -0.04945181
vn -0.5528035 0.06788281 0.152097
vn -0.5402994 -0.1106094 0.1708083
vn -0.5049932 -0.09694236 0.2625211
vn -0.4864639 -0.1542173 0.2700059
vn -0.5305622 -0.1904379 0.1247816
vn -0.4018365 -0.1477146 0.3873514
vn 0.3741024 -0.07303517 -0.4336435
vn 0.5389894 -0.147501 -0.1451452
vn 0.1682906 -0.04701306 -0.550274
vn -0.00759465 -0.05087955 -0.5750539
vn -0.2004865 -0.1307572 -0.5253962
vn -0.4223103 -0.2154071 -0.3295256
vn -0.5290885 -0.2215987 -0.06551874
vn -0.2272705 -0.1896273 -0.4957046
vn -0.04108078 -0.1339331 -0.5600962
vn -0.4103026 -0.2265098 -0.3371623
vn -0.5279284 -0.1931868 -0.1315437
vn -0.5582529 -0.135369 0.05798488
vn -0.5140278 -0.1046908 0.24114
vn -0.4106337 -0.102488 0.3926952
vn -0.2795533 -0.1181423 0.4911474
vn -0.04493541 -0.1551464 0.5542958
vn 0.2732159 -0.1599827 0.482796
vn 0.4683405 -0.1348768 0.3095138
vn 0.5465732 -0.1461273 0.1150557
vn 0.5204222 -0.1533106 -0.1974585
vn 0.3534973 -0.1275932 -0.4382841
vn 0.1564458 -0.1097601 -0.5448035
vn -0.4555226 -0.06727029 -0.3482918
vn -0.3568554 -0.0157566 -0.453585
vn -0.5349874 -0.05049177 -0.2111216
vn -0.5770606 -0.01804369 0.002951742
vn -0.5267726 -0.01786406 0.235637
vn -0.4418607 0.01078272 0.3714515
vn -0.2907468 0.1086696 0.4868169
vn 0.008956863 0.1711719 0.5513197
vn 0.2871113 0.1622801 0.4738836
vn 0.4832742 0.1269474 0.2892467
vn 0.5676194 0.07014126 0.07887787
vn 0.5369772 0.008500069 -0.2119354
vn 0.3660955 -0.0240795 -0.4457888
vn 0.1533691 0.01139248 -0.5564904
vn -0.1333144 0.04707241 -0.5597722
vn 0.1896166 -0.01906363 0.5449914
vn 0 -0.04545726 0.5755581
vn 0.1991049 0.3544654 0.4099329
vn 0.3721073 0.2833762 0.3384781
vn 0.3514781 0.04011723 0.4562753
vn 0.4554313 0.2374573 0.2636849
vn 0.4453068 0.0941341 0.3552097
vn 0.4756801 0.2751049 0.1771414
vn 0.5172841 0.1129734 0.2301901
vn 0.3323251 0.4149722 0.2251478
vn 0.4792915 0.192585 0.2579226
vn 0.02196738 0.3399178 0.4661618
vn 0.3271477 0.1447094 0.4531743
vn -0.07195932 -0.1468139 0.5537156
vn 0.1757714 -0.1488257 0.5294231
vn 0.02325546 -0.3690052 0.4434273
vn 0.1875055 -0.2886823 0.4635058
vn 0.2934097 -0.2854474 0.4071412
vn 0.3491067 -0.08590987 0.4517493
vn 0.3259507 -0.2206526 0.4223765
vn 0.2196652 -0.3454701 0.4071007
vn 0.2787015 0.02970736 0.5047537
vn 0.3118936 -0.2276254 0.4292347
vn 0.2382103 -0.1949199 0.4884624
vn 0.1249695 0.1267834 0.5492195
vn 0.2772183 -0.2750546 0.4252392
vn 0.1195003 -0.3787448 0.4190532
vn 0.5159337 -0.09402573 0.241464
vn 0.2135584 -0.5357917 -0.02556408
vn 0.4405168 -0.367352 -0.06580874
vn 0.5139506 -0.1140789 0.2370106
vn 0.4683795 -0.08288906 0.3272359
vn 0.1595287 -0.5268785 0.1740203
vn 0.472402 -0.2024458 0.2630313
vn 0.119146 -0.5097401 0.2435214
vn 0.1570173 0.002446135 0.5555835
vn 0.1481377 -0.2050953 0.5189649
vn -0.008284846 -0.3819125 0.4329061
vn 0.2608162 -0.1778581 0.4833993
vn 0.1213929 -0.02006143 0.5640876
vn 0 -0.09084463 0.5701585
vn 0.4203975 -0.2310445 0.3212751
vn 0.406049 -0.07541427 0.403448
vn 0.4173348 0.1245883 0.3790023
vn 0.3688731 0.08342803 0.4362405
vn 0.2769857 -0.07087779 0.5015862
vn 0.1827559 0.3145821 0.4482988
vn 0.202908 0.1527608 0.5184842
vn 0.3906161 0.1302681 0.4047006
vn 0.3906463 0.2100832 0.369586
vn 0.1706537 0.4050227 0.3743893
vn -0.009384716 0.4124105 0.4039344
vn 0.1891207 0.2361652 0.4917243
vn -0.05074194 0.2080856 0.5361521
vn 0.2141957 0.02740247 0.5354463
vn -0.08433539 -0.008324172 0.571097
vn 0.4140547 0.3072676 0.2597665
vn 0.4194429 0.2140923 0.3340143
vn 0.4901067 0.1871127 0.241076
vn 0.4709892 0.08272782 0.3235098
vn 0.2824524 -0.2271475 0.4493975
vn 0.3806409 -0.4233297 0.09611333
vn 0.4532877 0.2099742 0.289438
vn 0.526523 0.01424204 0.2364402
vn 0.09521174 -0.2372377 0.5176741
vn 0.006723553 0.0949579 0.5694482
vn 0.3244451 -0.02867226 0.476704
vn 0.2380648 -0.2274639 0.474256
vn 0.1666715 -0.3100978 0.4575953
vn 0.1930653 -0.2791503 0.4670486
vn 0.3210307 -0.1625161 0.4515099
vn 0.4599743 -0.02972289 0.3476687
vn 0.5268866 -0.0403049 0.2325926
vn 0.520875 -0.05246376 0.2434546
vn 0.4259371 -0.05392915 0.3860086
vn 0.2952636 -0.0627419 0.4921547
vn 0.1307516 -0.1135141 0.550774
vn 0.3221229 -0.1973303 0.4366131
vn 0.3855467 -0.1665196 0.3961797
vn 0.3865167 -0.386173 0.1865707
vn 0.07923765 -0.4894324 0.2958222
vn 0.3955815 -0.1826169 0.3788137
vn 0.1307678 -0.1839583 0.5314062
vn 0.1830279 -0.1530434 0.5257489
vn 0.2075916 -0.1019791 0.5289984
vn 0.258863 -0.09896374 0.5064874
vn 0.3553175 -0.189201 0.4138669
vn 0.2758425 -0.2117738 0.4608646
vn 0.4012075 -0.2435731 0.3362114
vn 0.415296 -0.2162418 0.33779
vn 0.4184208 -0.208343 0.3388962
vn 0.4413647 -0.2029353 0.3120061
vn 0.4915482 -0.1341078 0.2715304
vn 0.4844405 -0.05254244 0.3096611
vn 0.4659334 -0.06434963 0.3348112
vn 0.4658705 -0.1146812 0.3211639
vn 0.4849117 -0.2260649 0.2169992
vn 0.5038378 -0.1012185 0.2631267
vn 0.397848 -0.3863049 0.1606824
vn 0.4582702 -0.205849 0.2845134
vn 0.1924068 -0.5203885 0.1597148
vn 0.2460341 -0.3394265 0.3969765
vn 0.177844 -0.2649359 0.4811589
vn 0.242844 -0.2879101 0.4375706
vn 0.3500132 -0.2438234 0.3890686
vn 0.4404563 -0.1346163 0.3481525
vn 0.4511901 -0.1424764 0.3308493
vn 0.4397888 -0.1644394 0.3359745
vn 0.4743111 -0.07196426 0.3212219
vn 0.5024417 -0.05161693 0.2796808
vn 0.09329037 0.06457353 0.5660924
vn -0.002074165 0.04612502 0.5755012
vn 0.0004553896 -0.1336573 0.5616663
vn 0.3267685 0.0310445 0.4749652
vn 0.1581049 -0.0472376 0.5532675
vn 0.342398 -0.02115684 0.4643807
vn 0.4510615 -0.03594026 0.3585878
vn 0.5142402 -0.07502626 0.2515181
vn 0.5224507 -0.2337874 -0.07564357
vn 0.4568282 -0.2432659 0.2558575
vn 0.3808234 -0.4047023 -0.1565981
vn 0.2395726 -0.2388135 0.4678745
vn 0.009376963 -0.3665609 0.4459581
vn -0.07474616 -0.5475082 0.1672759
vn -0.133883 -0.5605548 -0.03445462
vn -0.02971364 -0.5527588 -0.1640376
vn 0.1820871 -0.4682901 -0.2843978
vn 0.4113126 -0.2878197 -0.2851581
vn 0.3339684 -0.4677098 -0.05519086
vn 0.1920776 -0.5381652 -0.0825705
vn 0.1766972 -0.5264382 0.1580327
vn 0.4242846 -0.3777363 0.1031077
vn 0.2995978 -0.4892042 0.06522184
vn 0.340097 -0.4652839 -0.03432717
vn 0.1868805 -0.5424264 -0.0646739
vn 0.01175183 -0.5708365 -0.08568024
vn 0.0884257 -0.5701906 0.01992535
vn 0.481535 -0.2792687 0.1531873
vn 0.4198633 -0.396275 -0.003784672
vn 0.5024019 -0.211524 0.1902189
vn 0.5055293 -0.2788598 0.003250332
vn 0.5541119 -0.08917146 0.1354316
vn 0.570173 -0.09040812 -0.007898701
vn 0.5771554 0.01397245 -0.005445091
vn 0.5738521 0.05717115 -0.02754155
vn 0.5556782 0.1054497 -0.1159109
vn 0.5711232 0.0827468 -0.01744939
vn 0.5595894 0.1359185 0.04146167
vn 0.5629783 0.1090709 0.06702438
vn 0.5687027 0.08772689 0.04705777
vn 0.5394237 0.2019429 -0.03967848
vn 0.4804392 0.2481304 0.2023433
vn 0.4876699 0.2367149 0.1986892
vn 0.3219785 0.3262524 0.3510308
vn 0.3601899 0.3161353 0.3219551
vn 0.1802321 0.3232692 0.4431105
vn 0.2137625 0.3056846 0.4406767
vn 0.04124219 0.319194 0.47932
vn 0.07452384 0.2693945 0.5051794
vn 0.4993908 -0.1401456 0.2535771
vn 0.4664727 -0.1400747 0.3100251
vn 0.5679343 -0.09054919 0.05083961
vn 0.5711727 0.05103881 -0.06700791
vn 0.545432 0.1258674 0.1414022
vn 0.5210041 0.2215634 0.1131268
vn 0.4699369 0.2172823 0.2555017
vn 0.2858849 0.3432339 0.3657782
vn 0.1711076 0.3606012 0.41716
vn 0.01683206 0.3561142 0.4541286
vn 0.1696262 0.2399763 0.4969626
vn 0.249665 0.1714967 0.4915178
vn 0.2029575 0.1006712 0.5310434
vn 0.1709524 0.2365655 0.4981421
vn 0.1728681 0.2048425 0.5113606
vn 0.303386 0.1864004 0.4544725
vn 0.2226136 0.3854336 0.3677195
vn 0.1125578 0.2859314 0.4887815
vn 0.1746309 0.3028461 0.4594799
vn 0.1792217 0.2158773 0.504589
vn 0.2586996 0.2267582 0.4636687
vn 0.1377319 0.007101169 0.5606362
vn 0.1151088 -0.1935055 0.5316381
vn 0.0420441 -0.2611394 0.5131978
vn 0.1952519 -0.176549 0.5138488
vn 0.3230466 -0.1659645 0.4488096
vn 0.02464908 -0.4640761 0.3425774
vn 0.2262587 -0.4204552 0.3245887
vn 0.2081046 -0.420464 0.3365054
vn 0.2276324 -0.2292046 0.4785208
vn 0.2431511 -0.2506468 0.4597687
vn 0.2069969 -0.4711227 0.2617809
vn 0.1596054 -0.3650245 0.4178716
vn 0.08201428 -0.2645143 0.5065958
vn 0.2487466 -0.4553952 0.253128
vn 0.3612625 0.2043961 0.4013042
vn 0.2162868 -0.5266494 0.09588481
vn 0.1044924 0.1699915 0.5417727
vn 0.1741934 -0.1104079 0.539259
vn 0.002134565 -0.1528347 0.5567499
vn -0.08519682 0.1193048 0.5584276
vn 0.2389452 0.2154116 0.4794126
vn 0.3006611 -0.03442767 0.4916819
vn 0.5150769 0.02015431 0.2600439
vn 0.5074528 0.0001242325 0.2753632
vn 0.4042685 0.02839536 0.4112104
vn 0.4555316 0.1119306 0.3365944
vn 0.3021454 0.008544184 0.491903
vn 0.307172 0.2171224 0.4379915
vn 0.4676551 0.1123332 0.3193952
vn 0.4552239 -0.05104953 0.3514234
vn 0.3713384 0.1518189 0.4152013
vn 0.3271314 0.0673601 0.4709364
vn 0.3154743 0.05828775 0.4800124
vn 0.3027477 0.1531473 0.4671436
vn 0.2790159 0.004705286 0.505432
vn 0.2628783 0.07648491 0.5083095
vn 0.2713539 0.06234352 0.5057804
vn 0.2510556 0.1619075 0.4940552
vn -0.117981 0.2989519 0.4796267
vn 0 0.3116723 0.4859978
vn 0 0.3628018 0.4491195
vn 0.3100242 -0.05481244 0.4839566
vn 0.3711222 -0.1899156 0.3994168
vn 0.4468857 -0.2370356 0.2782817
vn 0.3683724 0.0007591079 0.4445612
vn 0.4456157 -0.08782538 0.356436
vn 0.5302898 -0.1493724 0.1726671
vn 0.4642751 0.153572 0.3069163
vn 0.5284474 0.08139426 0.2178338
vn 0.5672612 -0.01117403 0.1068789
vn 0.534918 0.2172205 -0.003356715
vn 0.5239489 0.2179076 -0.1064289
vn 0.5607772 0.1152506 0.07469583
vn 0.1712057 -0.3054224 0.4590634
vn 0.05200528 -0.3655094 0.4438826
vn 0.2834364 -0.2072841 0.4582909
vn 0.2586782 -0.1554864 0.4921819
vn 0.267075 -0.1139725 0.4990137
vn 0.3795063 -0.1476063 0.4092929
vn 0.3688949 -0.2779024 0.3464392
vn 0.3361742 -0.06130457 0.4653623
vn 0.2818958 0.2273988 0.4496198
vn 0.2216166 0.1805293 0.5016261
vn 0.2068891 0.1723033 0.5107269
vn 0.04065455 -0.5240291 0.2389022
vn 0.1717335 -0.2909695 0.4681643
vn -0.06047163 -0.5131029 0.2576859
vn 0.1615945 -0.3714433 0.4114007
vn 0.3898769 0.2723311 0.3273608
vn 0.180887 0.3245718 0.4418897
vn 0.3364732 0.2242928 0.4120824
vn 0.2968393 0.3126667 0.3840044
vn 0.3704326 0.411353 0.1640177
vn 0.1897191 0.4652767 0.2843548
vn -0.04379356 0.2923014 0.4959592
vn -0.006913919 0.4604056 0.3482992
vn 0.265767 0.3359904 0.3870552
vn 0.2759549 -0.1357616 0.4886216
vn 0.3682962 0.3344405 0.2929861
vn 0.2988771 0.4148808 0.2681041
vn 0.2583207 0.4593672 0.235766
vn 0.2618032 -0.04654562 0.5124705
vn 0.3588489 0.4306673 0.1381541
vn 0.1900258 0.5115837 0.1884298
vn 0.01230011 0.5167203 0.2572593
vn 0.337457 0.4017167 0.2409977
vn 0.3972211 0.3502921 0.2298786
vn 0.4367539 0.2030545 0.3183524
vn 0.4284481 0.1341768 0.3629906
vn 0.4581549 0.2188033 0.2748682
vn 0.3050796 0.4877086 0.04899197
vn 0.1390238 0.5566822 0.06411581
vn 0.3890804 0.4254403 0.03082766
vn 0.2741914 0.5052058 -0.05403394
vn 0.07128756 0.571564 0.03957506
vn -0.2015467 0.4669129 0.2733217
vn -0.4104562 0.03284831 0.4046975
vn -0.3094372 -0.3793314 0.3060878
vn -0.3167663 -0.4224934 0.2334348
vn -0.2080145 -0.4990455 0.2025266
vn 0.02339514 -0.5514436 0.1693991
vn 0.1587119 -0.551927 0.05933442
vn 0.2569134 -0.5098103 0.08615401
vn 0.1991972 -0.535962 0.07999118
vn 0.5239668 0.004813077 0.242423
vn 0.5419987 -0.003735394 0.198889
vn 0.4464452 0.06434711 0.3603879
vn 0.523841 -0.09373401 0.2239148
vn 0.4083904 0.1758696 0.3682669
vn 0.5255128 -0.1442963 0.190652
vn 0.3770318 0.3299506 0.2869024
vn 0.5379257 -0.1159808 0.1746928
vn 0.4113898 0.4037978 0.03223651
vn 0.5304761 -0.0912298 0.2088194
vn 0.5071383 0.1699137 -0.2174244
vn 0.5062346 -0.1017226 0.2582873
vn 0.5330172 -0.09467816 -0.2006539
vn 0.5255603 -0.07674273 0.2263408
vn 0.5559758 -0.1556047 -0.003378054
vn 0.515359 -0.07247857 0.2499705
vn 0.5580771 -0.1286512 0.0730212
vn 0.4997884 -0.0415968 0.2860324
vn 0.564554 -0.05041842 0.1098638
vn 0.5191068 0.02420739 0.251546
vn 0.5681251 -0.02074509 0.1006817
vn 0.5244538 0.05443716 0.2351982
vn 0.2945096 0.3330727 0.3683207
vn 0.2523825 0.3827356 0.3509273
vn 0.4001619 0.2524201 0.3308896
vn 0.5342399 0.0980976 0.1956986
vn 0.3024885 0.4742166 0.1302025
vn 0.423525 0.3535584 -0.1701658
vn 0.5234669 -0.0264332 -0.2421095
vn 0.5323274 -0.1899213 -0.1178587
vn 0.5459902 -0.182607 -0.04339022
vn 0.5665118 -0.09741354 -0.05392881
vn 0.5764127 -0.004063601 -0.0326375
vn 0.5592281 0.1302302 0.06030919
vn 0.4955831 0.2666271 0.1289984
vn 0.3655097 0.3710973 0.2490439
vn 0.2218658 0.40282 0.3490631
vn 0.08072969 0.3887949 0.4191118
vn 0 0.3682179 0.4446898
vn 0.5738376 0.06102284 0.01788363
vn 0.5723068 -0.06898838 -0.03222869
vn 0.4881236 -0.3070289 -0.02831825
vn 0.3695891 -0.4430068 -0.02195783
vn 0.2672435 -0.5064093 -0.07391795
vn 0.1177667 -0.5550033 -0.1069381
vn -0.0004912033 -0.5669781 -0.108945
vn 0.4817964 0.3050086 0.09041778
vn 0.5052145 0.2706409 0.06960705
vn 0.4846324 0.2120007 0.2313449
vn 0.5071877 0.1453041 0.2344797
vn 0.5533073 0.1193201 0.1137851
vn 0.5598934 0.07787216 0.1174248
vn 0.5468738 -0.1324632 0.1292898
vn 0.5657329 -0.09344336 0.0674382
vn 0.5755168 0.03285399 0.03216149
vn 0.4722684 0.3104598 0.1179435
vn 0.5446283 0.1300469 0.1407163
vn 0.3661764 0.4067981 0.1837485
vn 0.2217204 0.4632754 0.2637221
vn 0.08951282 0.4841436 0.3015392
vn 0 0.4800943 0.3206913
vn 0.2457489 -0.5181367 0.06689792
vn 0.08391424 -0.5699725 0.03772485
vn 0.3671459 -0.4176494 0.1552619
vn 0.5115594 -0.2464189 0.1044893
vn 0.5683194 -0.05190883 0.08747453
vn 0.55795 0.0493263 0.1399715
vn 0.3136949 -0.3848093 0.2947046
vn 0.1878591 -0.4859655 0.2487567
vn 0.01325816 -0.5761901 0.03409745
vn 0.01737225 -0.5373583 0.2104228
vn 0.09263968 -0.4602862 0.335988
vn 0.2760819 -0.3918703 0.3217917
vn 0.1400245 -0.3985721 0.3935312
vn 0.07420783 -0.5313586 0.2132713
vn 0.5087545 -0.06545755 0.2649859
vn 0.4939103 -0.06371874 0.2921059
vn 0.5005817 0.2130443 0.193296
vn 0.4165305 0.3951972 0.06045456
vn 0.278905 0.5023053 -0.05687569
vn 0.3110819 0.4721039 0.1169586
vn 0.3786398 0.4316075 0.06066531
vn 0.1319992 0.5561801 0.0810765
vn 0.2043465 0.5398271 0.01275507
vn 0.2195644 0.5063457 0.1695256
vn 0.09310149 0.5347658 0.1967005
vn 0 0.5346699 0.2178567
vn 0 0.5716561 0.08088716
vn 0.2333337 0.5045915 -0.1558085
vn 0 0.554018 -0.162473
vn 0.4217209 0.3943029 -0.00318111
vn 0.4096735 0.4068085 -0.0027935
vn 0.243048 0.518967 -0.070245
vn 0.4775643 0.3149122 0.07807676
vn 0.5111925 0.2162447 0.1589142
vn 0.3184668 0.4760776 0.07254178
vn 0.05878659 0.5189845 0.246034
vn -0.0572932 0.4463967 0.3616365
vn -0.07650723 0.3393054 0.4608166
vn -0.05316182 0.03289998 0.5739555
vn -0.09463757 -0.4301632 0.3732785
vn -0.1615307 -0.5279569 0.1688278
vn -1.821585E-05 -0.5698868 0.09253381
vn 0.1545632 -0.5521287 0.06780529
vn 0.1742652 -0.546416 0.06629226
vn 0.01277621 0.4269094 -0.3884824
vn -0.05872943 0.39454 -0.4173997
vn 0.01001764 0.4316507 -0.3832893
vn -0.229892 0.4692129 -0.2456062
vn -0.2818616 0.5037823 -0.009535614
vn -0.2857002 0.4652835 0.1876701
vn -0.42258 0.1810479 0.3492581
vn -0.4891609 -0.2094862 0.2239876
vn -0.4861497 -0.3000665 0.0833782
vn -0.4222398 -0.3922738 -0.03417794
vn -0.2282103 -0.4994413 -0.1783589
vn -0.04096024 -0.489645 -0.3031558
vn 0.09850655 -0.378477 -0.4247176
vn 0.123688 -0.3925844 -0.4048607
vn -0.3311448 -0.444355 0.1619421
vn -0.2088531 -0.5381608 -0.009834977
vn -0.05676872 -0.5682377 -0.08495174
vn -0.3996879 -0.2934526 0.2957508
vn -0.3649657 -0.05072048 0.4444782
vn -0.2612982 0.2748127 0.4353558
vn -0.1458456 0.4819253 0.2825075
vn -0.1868352 0.5186223 0.1716304
vn -0.3208237 0.4709155 -0.09297382
vn -0.2835278 0.3423053 -0.3684732
vn -0.05478256 0.2781776 0.5029409
vn -0.0882945 0.08763269 0.563789
vn 0.01346393 0.4676803 0.3382711
vn 0.05363093 0.5499598 0.1673362
vn -0.09600566 0.5693104 0.00144172
vn -0.1456756 -0.177985 0.5295596
vn -0.09755686 -0.4637534 0.329771
vn 0 0.560623 0.1379682
vn -0.1111709 0.4336951 -0.3645312
vn -0.05326388 0.4298517 -0.381738
vn 0 0.3986987 -0.4175797
vn 0.3849204 0.02681651 0.4294771
vn 0.3408161 -0.1364321 0.4456052
vn 0.1419084 -0.3319308 0.4505745
vn 0.1393723 -0.2587127 0.4969673
vn 0 -0.1510423 0.5572429
vn 0 -0.2648031 0.5130427
vn 0 0.1430609 0.5593452
vn 0 0.187001 0.5462272
vn 0 0.02650988 0.5767415
vn 0 0.5752124 -0.04964001
vn 0 -0.1056938 -0.5675934
vn 0 -0.08495301 0.5710661
vn 0 -0.485552 0.3123664
vn 0 -0.5633682 -0.1262922
vn 0 -0.5243836 -0.2415685
vn -0.02834907 -0.5726114 -0.0681615
vn -0.04850757 0.1872413 0.5439864
vn 0 -0.2964416 0.495435
vn 0 0.3177057 0.4820753
vn -0.0001824311 -0.3366686 0.4690285
vn 0.006375786 -0.03155443 0.5764522
vn 2.511903E-05 -0.1288841 0.5627809
vn 0 0.1477732 0.5581188
vn 0 0.5768613 0.02376091
vn 0 -0.5695279 -0.0947176
vn 0 -0.4701578 0.3350897
vn 0 0.577275 -0.009327214
vn 0 0.570646 -0.08773056
vn 0 -0.1310432 0.5622821
vn 0 0.1550684 0.556136
vn -0.02119867 0.2568711 0.516625
vn 0 -0.3422847 0.4649459
vn -0.003652121 -0.349057 -0.4598688
vn -0.0003345763 -0.5718762 -0.07931563
vn -7.536863E-05 -0.4611429 0.3473912
vn -0.5573378 0.1149492 -0.09744008
vn -0.322764 0.08291803 -0.4714673
vn -0.3329674 -0.002260903 -0.4716578
vn -0.559802 -0.06665134 -0.1245497
vn 0.05506158 -0.02625818 -0.5741186
vn 0.02252854 0.009491181 -0.5768326
vn 0.420109 -0.1439443 -0.3689469
vn 0.4220379 -0.02818707 -0.3929666
vn 0.5421672 -0.1886513 0.06163293
vn 0.570577 -0.06684157 0.05751013
vn 0.3148355 -0.1350617 0.4647261
vn 0.3198912 -0.06472968 0.4762491
vn -0.1018629 -0.03159855 0.5674142
vn -0.10753 -0.05839583 0.5642346
vn -0.455051 0.05906218 0.3503906
vn -0.4429005 -0.07815182 0.3620287
vn -0.3009932 -0.06383596 -0.48853
vn -0.53432 -0.1813917 -0.1221987
vn 0.01465556 0.01219716 -0.5770355
vn 0.4067026 0.03990376 -0.4078407
vn 0.5726998 0.04294958 0.05919069
vn 0.3000978 0.01392269 0.4930323
vn -0.07807943 -0.06211681 0.5686638
vn -0.4060217 -0.1590104 0.3784117
vn -0.5443509 -0.1581586 -0.1095503
vn -0.2971205 -0.1042015 -0.4839369
vn -0.2700312 -0.1234213 -0.4951603
vn -0.4641134 -0.2939185 -0.1776062
vn 0.06309974 -0.04114942 -0.5724148
vn 0.04364606 0.03024255 -0.5749033
vn 0.4327678 0.01210788 -0.381967
vn 0.4250827 0.1465515 -0.3621612
vn 0.5695565 0.02047207 0.09230117
vn 0.5476856 0.1465639 0.109054
vn 0.2885813 -0.009994255 0.4999544
vn 0.30072 0.03778547 0.4913992
vn -0.05801634 -0.08234209 0.5684957
vn -0.03217428 -0.105432 0.5667295
vn -0.3962764 -0.1473372 0.3931795
vn -0.3302007 -0.2574239 0.3975348
vn -0.1262684 -0.2075528 -0.5237477
vn -0.269376 -0.4835947 -0.1640311
vn 0.06443736 0.06057101 -0.5705369
vn 0.368742 0.2751009 -0.3488297
vn 0.4787787 0.2932952 0.1344699
vn 0.2910085 0.1216957 0.4835676
vn 0.03297139 -0.122895 0.5631546
vn -0.2300801 -0.4161817 0.3273978
vn -0.5638649 0.03073652 -0.1201869
vn -0.337069 0.01439734 -0.4685197
vn -0.4922251 -0.02959702 0.3002863
vn -0.1386994 -0.1009147 0.5512822
vn 0.3062223 -0.1820926 0.4543167
vn 0.5283504 -0.2308002 0.03017275
vn 0.3897947 -0.1634709 -0.393282
vn 0.02239412 -0.06977384 -0.5726811
vn 0.5022594 -0.2816007 0.04206978
vn 0.2590939 -0.2477911 0.4525521
vn 0.3512623 -0.1909781 -0.416504
vn -0.05825939 -0.2412012 -0.5213073
vn -0.2888474 -0.2689237 -0.4214032
vn -0.4523682 -0.3388732 -0.1177337
vn -0.4621937 -0.2725445 0.2131427
vn -0.2331078 -0.2962786 0.4372793
vn 0.09400869 -0.4139843 -0.3912964
vn 0.07850668 -0.5713311 -0.02740219
vn -0.002804994 -0.4634657 0.3442747
vn -0.3430326 -0.4558814 -0.08851066
vn 0.01140896 -0.5693028 -0.09538153
vn 0.06861737 -0.4894039 0.2985111
vn 0.1453604 -0.4299063 -0.3569094
vn 0.2536589 0.02720711 -0.517929
vn 0.38258 0.247375 -0.3546428
vn 0.4754291 0.318612 0.07607149
vn 0.3524192 0.1798366 0.4204675
vn 0.3268166 -0.1019288 0.464903
vn -0.4557431 -0.04626269 -0.3514133
vn -0.1067956 0.05045711 -0.5651391
vn -0.09544819 0.01330121 -0.5692505
vn -0.4199257 -0.140645 -0.3704252
vn 0.3063767 0.06482399 -0.4850408
vn 0.2927341 0.09282082 -0.4889013
vn 0.5588118 -0.002688906 -0.1451049
vn 0.5451279 0.08542202 -0.1699175
vn 0.5214149 -0.0947222 0.2291013
vn 0.530341 0.009028705 0.2280137
vn 0.194875 -0.1575727 0.5201231
vn 0.1927869 -0.07171687 0.5394657
vn -0.2600472 -0.1687253 0.4870736
vn -0.2525374 -0.14146 0.4995472
vn -0.5488496 -0.1395732 0.1123245
vn -0.5301992 -0.1906298 0.1260252
vn -0.05816844 0.04112671 -0.5729384
vn -0.4421689 -0.116615 -0.35245
vn 0.2863902 0.1645265 -0.4735453
vn 0.5116051 0.1933246 -0.1849841
vn 0.5025743 0.1618635 0.233565
vn 0.1496187 0.05188232 0.555208
vn -0.2463597 -0.07225665 0.517126
vn -0.5284539 -0.1518499 0.1761003
vn -0.4208542 -0.1936781 -0.3445344
vn -0.04159345 -0.06481252 -0.5721912
vn 0.008154191 -0.1610629 -0.5543697
vn -0.3350334 -0.3590386 -0.3036072
vn 0.351251 0.09490327 -0.4482739
vn 0.3647788 0.08716141 -0.438945
vn 0.5312938 0.1672973 -0.1518938
vn 0.5198385 0.2194066 -0.1223192
vn 0.5003507 0.1514569 0.2450372
vn 0.4767531 0.2115771 0.2475377
vn 0.1473046 0.03368419 0.5572254
vn 0.1568595 0.06052247 0.5523275
vn -0.2323341 -0.1114484 0.5166562
vn -0.2208549 -0.133172 0.516548
vn -0.492871 -0.2333246 0.1896606
vn -0.4279618 -0.3229644 0.2141868
vn 0.05811413 -0.216112 -0.5322141
vn -0.2908562 -0.4175726 -0.2727072
vn 0.390058 0.09809382 -0.414205
vn 0.4738153 0.305006 -0.1257128
vn 0.3816385 0.3516819 0.2529925
vn 0.09912357 0.1796269 0.5396686
vn -0.2166372 -0.09725935 0.5262532
vn -0.4044204 -0.3789031 0.1618948
vn -0.4792279 -0.01404892 -0.3216777
vn -0.1317261 0.06453301 -0.5584059
vn -0.5421719 -0.149351 0.1306799
vn -0.2875533 -0.202861 0.4577051
vn 0.1602797 -0.2055653 0.515157
vn 0.5123938 -0.1338295 0.2299469
vn 0.5475972 -0.02562532 -0.1811462
vn 0.2621682 0.04815504 -0.5121351
vn 0.4768458 -0.2432906 0.2162431
vn 0.09554 -0.3007977 0.4834525
vn 0.5179533 -0.1355039 -0.2160936
vn 0.2741039 -0.2471188 -0.4439964
vn -0.06038957 -0.2373929 -0.5228109
vn -0.3311971 -0.3763579 -0.2863506
vn -0.4246083 -0.3848582 0.07018013
vn -0.2161726 -0.4163165 0.336576
vn 0.4167468 -0.3503133 -0.1921877
vn 0.3339124 -0.4543793 0.1239974
vn 0.1369963 -0.4452811 0.3410135
vn 0.03027208 -0.5679656 -0.09915722
vn -0.04649222 -0.5654512 -0.1069431
vn -0.2926883 -0.3894193 0.3098702
vn 0.2709892 -0.4787003 -0.1753408
vn 0.5711175 0.02090366 -0.08198225
vn 0.4859962 0.300908 -0.08121215
vn 0.3509322 0.3563062 0.288489
vn 0.07451355 0.1840231 0.5421408
vn -0.2060647 -0.08818452 0.532066
vn -0.4714869 0.02709259 0.3321135
vn -0.5754346 0.005225071 -0.04670103
vn -0.5662519 -0.07432041 -0.08466749
vn -0.4640501 -0.09468034 0.3301915
vn -0.407037 -0.01558284 -0.4091594
vn -0.4038165 -0.02051235 -0.4121225
vn -0.00490556 -0.0273367 -0.576682
vn -0.008136811 0.0314681 -0.5764347
vn 0.4514967 -0.06928635 -0.3531056
vn 0.4705576 0.036903 -0.3324861
vn 0.5636996 -0.08074335 0.09516562
vn 0.5624337 0.008649141 0.1301028
vn 0.3571626 -0.1035699 0.441635
vn 0.3024752 -0.02778538 0.4909889
vn -0.08238393 -0.04482606 0.5696815
vn -0.1167666 -0.06066277 0.5621557
vn -0.5719806 -0.07850399 -0.002924118
vn -0.4627185 -0.07877512 0.3361836
vn -0.4080782 -0.0208746 -0.4078845
vn 0.04238874 0.01591365 -0.5755723
vn 0.4622543 0.05000008 -0.3422782
vn 0.5643264 0.0180719 0.1205917
vn 0.292751 -0.01713826 0.4973294
vn -0.1604803 -0.04560098 0.5527207
vn -0.4587081 -0.03423433 0.3489243
vn -0.5754495 -0.007699559 -0.04617245
vn -0.5313402 -0.20329 -0.09840751
vn -0.3924459 -0.3149153 0.2831042
vn -0.3914911 -0.003560867 -0.4243294
vn -0.3303269 0.009984079 -0.4734109
vn 0.04606451 0.05702757 -0.5726773
vn 0.02346184 0.1943141 -0.543162
vn 0.4746581 0.09972893 -0.3131888
vn 0.4380305 0.2646843 -0.2672169
vn 0.5571947 0.04791258 0.1434286
vn 0.5204011 0.1375013 0.2088286
vn 0.290675 -0.06033902 0.4951773
vn 0.2910345 -0.04931211 0.496186
vn -0.1315024 -0.08997311 0.5549283
vn -0.09386377 -0.2491261 0.5123078
vn -0.4286251 -0.3459405 -0.173029
vn -0.2854439 -0.4536491 0.2146105
vn -0.314284 -0.06213701 -0.4803103
vn 0.0453316 0.2425592 -0.5219613
vn 0.4074331 0.3224655 -0.2516896
vn 0.5306575 0.1770667 0.1427701
vn 0.3205058 -0.1176448 0.4655848
vn -0.03881714 -0.3511897 0.4566098
vn -0.4729851 -0.04923708 0.3274053
vn -0.5652425 -0.08389372 -0.08243793
vn -0.09683166 -0.1128088 0.557881
vn 0.3519954 -0.1925919 0.4151398
vn 0.5461529 -0.1810028 0.0478363
vn 0.3662952 -0.1828052 -0.4071161
vn -0.08260921 -0.1169539 -0.5593129
vn -0.434861 -0.1017681 -0.3658859
vn 0.3853545 -0.2575426 -0.3442486
vn 0.5052671 -0.2341382 0.1523739
vn -0.2394102 -0.1802618 -0.4934793
vn -0.4945577 -0.2385737 -0.1784057
vn -0.4908909 -0.2991513 -0.0535528
vn -0.381501 -0.3593345 0.242217
vn -0.05366902 -0.3483322 0.457294
vn 0.1649796 -0.3221161 0.4498404
vn -0.3721339 -0.3528696 -0.2652032
vn -0.05097235 -0.5736604 0.04060888
vn 0.3331729 -0.3500997 0.3158471
vn -0.3313136 -0.3585213 0.3082648
vn -0.1244264 -0.5636613 -0.01172321
vn 0.09039531 -0.5634568 0.08762744
vn -0.2583663 -0.4595092 -0.2354391
vn -0.1977012 -0.1071943 -0.531749
vn 0.07428419 0.1865015 -0.5413247
vn 0.3963954 0.2832743 -0.3097737
vn 0.5496823 0.1761558 -0.01231802
vn 0.5162555 -0.2541997 0.04686208
vn -0.2823714 -0.1904162 0.466199
vn 0.09775555 0.1203749 0.556136
vn 0.170022 0.06574631 0.547817
vn -0.1843632 -0.2739782 0.4735816
vn -0.3855047 -0.4247037 0.06592623
vn -0.4598279 -0.3476644 0.03195451
vn -0.1238171 -0.2997975 0.4776236
vn -0.3289485 -0.4684651 0.07527755
vn 0.1423668 -0.0152288 0.559315
vn -0.3396993 -0.303264 -0.3549208
vn -0.3389287 -0.307134 -0.35232
vn -0.3087999 -0.343384 -0.3465017
vn -0.07944214 -0.03347839 -0.5708779
vn -0.01929117 -0.186345 -0.5461106
vn -0.1421827 -0.02917325 -0.5588081
vn 0.1854199 0.2399791 -0.491287
vn 0.3396666 0.02602334 -0.4661359
vn 0.1377916 0.3019975 -0.4723817
vn 0.439373 0.2848186 0.2432346
vn 0.4257367 0.2577458 0.2926581
vn 0.3651093 0.3212834 0.3111359
vn 0.4300486 0.3465017 -0.1683094
vn 0.381272 0.3901251 -0.1891229
vn 0.4759007 0.3173493 -0.07836623
vn 0.1479728 -0.008594174 0.5579997
vn -0.1342144 -0.2858948 0.4833054
vn -0.3321269 -0.4399341 0.1717067
vn 0.209527 -0.03290308 0.5369816
vn -0.09867749 -0.3071893 0.4787807
vn -0.288002 -0.4930002 0.08566824
vn 0.3886855 0.2726011 0.3285506
vn -0.3325392 -0.3700511 -0.2929391
vn -0.1776677 -0.3900704 -0.386798
vn 0.2480356 -0.4510286 0.2615053
vn -0.0336503 -0.57628 -0.01012264
vn 0.4085619 -0.1325679 0.3857931
vn 0.4716099 0.2261011 0.2445317
vn 0.5763699 0.02980557 -0.01557548
vn 0.4782985 -0.2847813 -0.1531781
vn 0.2128632 -0.3852993 -0.3735869
vn -0.1923161 -0.09694839 -0.5356762
vn -0.07280964 -0.1276578 -0.558333
vn 0.2406703 -0.1596693 -0.4999169
vn 0.4534699 -0.06072171 -0.3521523
vn 0.5035855 0.1596151 -0.2329336
vn 0.4338148 0.3385991 -0.1746101
vn 0.4221314 0.3870197 -0.07317251
vn 0.1199404 0.2639364 -0.4992848
vn 0.2032031 0.1606147 -0.5159892
vn 0.4302408 -0.09653796 -0.3727017
vn -0.004605993 -0.3629058 -0.4490118
vn 0.5532813 0.1522695 -0.06345923
vn 0.3737447 0.2573736 0.3569412
vn 0.08205918 0.09511405 0.5635185
vn -0.2642885 -0.1722838 0.4835321
vn -0.4465426 -0.3487819 0.1108345
vn -0.3470388 -0.3966397 -0.2357423
vn 0.02295685 -0.5066374 -0.2759077
vn -0.369312 -0.4229527 -0.1343615
vn 0.3573907 -0.4169613 -0.1781814
vn 0.5580717 -0.05793966 0.1361329
vn 0.3342843 0.1393868 0.4496206
vn 0.001033224 0.08983057 0.5703183
vn -0.3278793 -0.08824006 0.46695
vn -0.4841444 -0.2773683 0.1483386
vn 0.03700391 -0.5525155 -0.163373
vn -0.3619511 -0.4351507 -0.1138801
vn 0.3201539 -0.4788377 -0.03936313
vn 0.4414602 -0.2625141 0.2636904
vn 0.2135531 0.1521499 0.5143723
vn -0.08605504 0.2032539 0.5334939
vn -0.3994247 0.04879208 0.41402
vn -0.5262442 -0.1975832 0.1317621
vn -0.3602183 0.1615515 0.4212805
vn -0.1391077 0.2276724 0.5120037
vn -0.5225343 -0.1742656 0.1729821
vn -0.3733332 -0.434348 -0.0727845
vn 0.04008261 -0.5448532 -0.1867133
vn 0.168873 -0.5520549 -0.007122577
vn 0.04793557 -0.3664774 0.4435425
vn 0.06669905 0.1126817 0.5623056
vn -0.04353626 0.3274517 0.4735118
vn 0.02672148 0.2336383 0.527288
vn 0.09925995 0.4725965 0.3164387
vn 0.2083606 0.4419481 0.3075731
vn 0.2098545 0.5260766 0.1119731
vn 0.281615 0.4744965 0.1699394
vn 0.2048429 0.5329705 -0.08552958
vn 0.2570834 0.5146042 -0.04923431
vn 0.1645979 0.4983673 -0.2405641
vn 0.2116442 0.479617 -0.2418835
vn 0.09245016 0.4306623 -0.3732511
vn 0.146893 0.4386779 -0.3454238
vn -0.09199676 0.2083633 -0.5305231
vn -0.0215468 0.2201155 -0.5333089
vn -0.2353015 -0.03815957 -0.5258426
vn -0.1667455 -0.1758567 -0.5240266
vn -0.3228174 -0.2962798 -0.3759529
vn -0.2221089 -0.41984 -0.3282307
vn -0.3179687 -0.3967171 -0.2735779
vn -0.18827 -0.5008251 -0.2169379
vn -0.3642428 -0.3936951 -0.2136932
vn -0.1906212 -0.4981558 -0.2209927
vn -0.2377649 -0.2934533 -0.4366766
vn -0.2581482 -0.4202455 -0.3001443
vn -0.2954463 -0.4726183 -0.1505886
vn -0.1752361 -0.0896406 -0.5427618
vn -0.01252007 0.2380012 -0.5258633
vn 0.1477591 0.4349933 -0.3496877
vn 0.1910513 0.5218974 -0.1563841
vn -0.1535547 0.3145123 0.4591693
vn 0.09212193 0.5315421 0.2056938
vn -0.3895924 0.09587136 0.4151624
vn -0.5035015 -0.1448328 0.2425758
vn -0.4273649 -0.3694248 0.1192387
vn -0.3573002 -0.4528999 0.02348569
vn -0.4011759 -0.4066845 -0.08366029
vn 0.1469303 0.5562267 0.0485471
vn 0.1491278 0.5500318 -0.09251676
vn 0.3581635 0.4504558 0.04628051
vn 0.3448757 0.3601219 -0.2910436
vn 0.3272737 0.3191407 0.3526677
vn 0.5173187 0.2342958 -0.1040198
vn 0.3333087 0.3315477 -0.335134
vn 0.1375266 0.2361577 -0.5085759
vn 0.260262 0.4209416 0.2973303
vn 0.4490437 0.3628389 0.006403494
vn 0.09135343 0.2677449 0.5032898
vn -0.03944187 0.09617461 0.5679157
vn 0.1724659 0.4216273 0.3547103
vn 0.4136485 0.3814185 0.1294147
vn 0.3680358 0.3079554 0.3210086
vn 0.2742983 0.5074111 0.02505526
vn 0.2880697 0.3238414 -0.3814132
vn 0.3564228 0.3022749 -0.3390075
vn 0.2215075 0.4209877 -0.3271655
vn 0.04193049 0.2448883 -0.5211574
vn 0.06950659 -0.5561077 -0.1387317
vn -0.04519964 -0.5607146 -0.1299595
vn -0.05949077 -0.5347856 -0.2092814
vn -0.1053311 -0.4475195 -0.349235
vn 0.03994847 -0.5711208 -0.07455603
vn 0.05456219 -0.5740903 -0.02787029
vn 0.08328055 -0.5641621 -0.09010495
vn 0.04007336 -0.5758915 -0.008747407
vn -0.007480236 -0.5723925 0.07512925
vn 0.1908663 -0.5445724 -0.01856046
vn 0.1417038 -0.5591154 0.02536548
vn -0.1415574 -0.5463809 -0.1215022
vn -0.1017022 -0.4670227 -0.3238516
vn -0.1899654 -0.5387995 0.08331663
vn -0.286967 -0.4471277 0.2259649
vn -0.4248142 -0.2162166 0.3257555
vn -0.3874438 0.05874229 0.423993
vn -0.1410493 0.2711867 0.4897921
vn 0.2171893 0.4769769 0.2421885
vn 0.3145086 0.4689354 -0.1204876
vn 0.2684657 0.379573 -0.3423213
vn 0.1408394 0.1607638 -0.5363327
vn -0.01031748 -0.1562471 -0.5557102
vn -0.07797916 -0.3418782 -0.4586633
vn 0.5573378 0.1149492 -0.09744008
vn 0.559802 -0.06665134 -0.1245497
vn 0.3329674 -0.002260905 -0.4716577
vn 0.322764 0.08291801 -0.4714672
vn -0.02252854 0.009491179 -0.5768326
vn -0.05506158 -0.02625818 -0.5741186
vn -0.4220379 -0.02818707 -0.3929666
vn -0.420109 -0.1439443 -0.3689469
vn -0.570577 -0.06684157 0.05751012
vn -0.5421672 -0.1886513 0.06163292
vn -0.3198912 -0.0647297 0.476249
vn -0.3148355 -0.1350617 0.4647261
vn 0.10753 -0.05839584 0.5642346
vn 0.1018629 -0.03159855 0.5674142
vn 0.4429005 -0.07815182 0.3620287
vn 0.455051 0.05906218 0.3503906
vn 0.53432 -0.1813917 -0.1221987
vn 0.3009932 -0.06383596 -0.48853
vn -0.01465556 0.01219716 -0.5770355
vn -0.4067026 0.03990376 -0.4078407
vn -0.5726998 0.04294957 0.05919069
vn -0.3000978 0.01392269 0.4930323
vn 0.07807942 -0.06211681 0.5686638
vn 0.4060217 -0.1590104 0.3784117
vn 0.5443509 -0.1581586 -0.1095503
vn 0.4641134 -0.2939185 -0.1776062
vn 0.2700312 -0.1234213 -0.4951603
vn 0.2971205 -0.1042015 -0.4839369
vn -0.04364607 0.03024256 -0.5749033
vn -0.06309976 -0.04114942 -0.5724148
vn -0.4250827 0.1465515 -0.3621612
vn -0.4327678 0.01210788 -0.381967
vn -0.5476856 0.1465638 0.109054
vn -0.5695565 0.02047207 0.09230118
vn -0.30072 0.03778547 0.4913992
vn -0.2885813 -0.009994256 0.4999544
vn 0.03217429 -0.105432 0.5667295
vn 0.05801634 -0.08234209 0.5684957
vn 0.3302007 -0.2574239 0.3975348
vn 0.3962764 -0.1473372 0.3931795
vn 0.269376 -0.4835947 -0.1640311
vn 0.1262684 -0.2075528 -0.5237477
vn -0.06443737 0.06057102 -0.5705369
vn -0.368742 0.2751009 -0.3488297
vn -0.4787787 0.2932952 0.1344699
vn -0.2910085 0.1216957 0.4835676
vn -0.03297139 -0.122895 0.5631546
vn 0.2300801 -0.4161817 0.3273978
vn 0.337069 0.01439733 -0.4685196
vn 0.5638649 0.03073652 -0.1201869
vn 0.4922251 -0.02959701 0.3002863
vn 0.1386994 -0.1009147 0.5512822
vn -0.3062223 -0.1820926 0.4543167
vn -0.5283504 -0.2308002 0.03017275
vn -0.3897947 -0.1634709 -0.393282
vn -0.02239413 -0.06977384 -0.5726811
vn -0.5022594 -0.2816007 0.04206978
vn -0.2590939 -0.2477911 0.4525521
vn -0.3512623 -0.1909781 -0.416504
vn 0.05825938 -0.2412012 -0.5213073
vn 0.2888474 -0.2689237 -0.4214032
vn 0.4523683 -0.3388733 -0.1177337
vn 0.4621937 -0.2725444 0.2131427
vn 0.2331078 -0.2962786 0.4372793
vn -0.09400869 -0.4139843 -0.3912964
vn -0.07850668 -0.5713311 -0.02740219
vn 0.002804994 -0.4634657 0.3442747
vn 0.3430326 -0.4558814 -0.08851066
vn -0.06861737 -0.4894039 0.2985111
vn -0.01140898 -0.5693028 -0.09538153
vn -0.1453604 -0.4299063 -0.3569094
vn -0.2536589 0.02720711 -0.517929
vn -0.38258 0.247375 -0.3546428
vn -0.4754291 0.3186121 0.07607148
vn -0.3524192 0.1798366 0.4204675
vn -0.3268166 -0.1019288 0.464903
vn 0.4557431 -0.04626268 -0.3514133
vn 0.4199257 -0.140645 -0.3704252
vn 0.09544819 0.01330121 -0.5692505
vn 0.1067956 0.05045711 -0.5651391
vn -0.2927341 0.09282082 -0.4889013
vn -0.3063767 0.06482399 -0.4850408
vn -0.5451279 0.08542202 -0.1699175
vn -0.5588118 -0.002688909 -0.1451049
vn -0.530341 0.009028705 0.2280137
vn -0.5214149 -0.0947222 0.2291013
vn -0.1927869 -0.07171687 0.5394657
vn -0.194875 -0.1575727 0.5201231
vn 0.2525374 -0.14146 0.4995472
vn 0.2600472 -0.1687253 0.4870736
vn 0.5301992 -0.1906298 0.1260253
vn 0.5488496 -0.1395732 0.1123244
vn 0.4421689 -0.116615 -0.35245
vn 0.05816844 0.04112671 -0.5729384
vn -0.2863902 0.1645265 -0.4735453
vn -0.5116051 0.1933246 -0.1849841
vn -0.5025743 0.1618635 0.2335649
vn -0.1496188 0.05188233 0.555208
vn 0.2463597 -0.07225665 0.517126
vn 0.5284539 -0.1518499 0.1761003
vn 0.4208542 -0.1936781 -0.3445344
vn 0.3350334 -0.3590386 -0.3036072
vn -0.008154197 -0.1610629 -0.5543697
vn 0.04159345 -0.06481252 -0.5721912
vn -0.3647788 0.08716143 -0.438945
vn -0.351251 0.09490327 -0.4482739
vn -0.5198385 0.2194066 -0.1223193
vn -0.5312938 0.1672973 -0.1518938
vn -0.4767531 0.2115771 0.2475377
vn -0.5003508 0.1514569 0.2450372
vn -0.1568595 0.06052247 0.5523275
vn -0.1473046 0.0336842 0.5572254
vn 0.2208549 -0.133172 0.516548
vn 0.2323341 -0.1114484 0.5166562
vn 0.4279618 -0.3229645 0.2141868
vn 0.492871 -0.2333246 0.1896606
vn 0.2908562 -0.4175726 -0.2727072
vn -0.05811412 -0.216112 -0.532214
vn -0.390058 0.09809382 -0.414205
vn -0.4738153 0.3050061 -0.1257128
vn -0.3816385 0.3516819 0.2529925
vn -0.09912357 0.1796269 0.5396686
vn 0.2166372 -0.09725935 0.5262532
vn 0.4044204 -0.3789031 0.1618948
vn 0.1317261 0.06453301 -0.5584059
vn 0.4792279 -0.01404892 -0.3216777
vn 0.5421719 -0.149351 0.1306799
vn 0.2875533 -0.202861 0.4577051
vn -0.1602797 -0.2055653 0.515157
vn -0.5123938 -0.1338295 0.2299469
vn -0.5475972 -0.02562532 -0.1811462
vn -0.2621682 0.04815504 -0.5121351
vn -0.4768458 -0.2432906 0.2162431
vn -0.09554001 -0.3007977 0.4834525
vn -0.5179532 -0.1355039 -0.2160935
vn -0.2741039 -0.2471188 -0.4439964
vn 0.06038957 -0.2373929 -0.5228109
vn 0.3311971 -0.3763579 -0.2863506
vn 0.4246083 -0.3848582 0.07018013
vn 0.2161726 -0.4163165 0.336576
vn -0.4167468 -0.3503133 -0.1921877
vn -0.3339124 -0.4543793 0.1239974
vn -0.1369963 -0.4452811 0.3410135
vn -0.03027206 -0.5679656 -0.09915722
vn 0.2926883 -0.3894193 0.3098702
vn 0.04649222 -0.5654512 -0.1069431
vn -0.2709892 -0.4787002 -0.1753408
vn -0.5711175 0.02090365 -0.08198225
vn -0.4859962 0.3009079 -0.08121214
vn -0.3509322 0.3563062 0.288489
vn -0.07451356 0.1840231 0.5421408
vn 0.2060647 -0.08818452 0.532066
vn 0.4714869 0.02709259 0.3321135
vn 0.4640501 -0.09468035 0.3301915
vn 0.5662519 -0.07432041 -0.08466747
vn 0.5754346 0.005225074 -0.04670103
vn 0.4038165 -0.02051235 -0.4121225
vn 0.407037 -0.01558284 -0.4091594
vn 0.008136805 0.0314681 -0.5764347
vn 0.004905554 -0.02733669 -0.576682
vn -0.4705576 0.03690299 -0.3324861
vn -0.4514967 -0.06928634 -0.3531055
vn -0.5624337 0.008649136 0.1301028
vn -0.5636996 -0.08074336 0.09516562
vn -0.3024753 -0.02778539 0.4909889
vn -0.3571626 -0.1035698 0.441635
vn 0.1167666 -0.06066277 0.5621557
vn 0.08238393 -0.04482606 0.5696815
vn 0.4627185 -0.07877513 0.3361836
vn 0.5719806 -0.07850399 -0.002924106
vn 0.4080782 -0.02087461 -0.4078845
vn -0.04238875 0.01591365 -0.5755723
vn -0.4622543 0.05000008 -0.3422782
vn -0.5643264 0.01807189 0.1205917
vn -0.292751 -0.01713826 0.4973294
vn 0.1604803 -0.04560099 0.5527207
vn 0.4587081 -0.03423433 0.3489243
vn 0.3924459 -0.3149153 0.2831042
vn 0.5313402 -0.20329 -0.09840752
vn 0.5754495 -0.007699563 -0.04617247
vn 0.3303269 0.009984082 -0.4734109
vn 0.3914911 -0.00356087 -0.4243294
vn -0.02346185 0.1943141 -0.543162
vn -0.04606451 0.05702757 -0.5726773
vn -0.4380305 0.2646843 -0.2672169
vn -0.4746581 0.09972893 -0.3131888
vn -0.5204011 0.1375013 0.2088286
vn -0.5571947 0.04791257 0.1434286
vn -0.2910345 -0.04931212 0.496186
vn -0.2906751 -0.06033904 0.4951773
vn 0.09386377 -0.2491261 0.5123078
vn 0.1315024 -0.08997314 0.5549283
vn 0.2854439 -0.4536491 0.2146105
vn 0.4286252 -0.3459405 -0.173029
vn 0.314284 -0.062137 -0.4803104
vn -0.04533162 0.2425592 -0.5219612
vn -0.407433 0.3224655 -0.2516896
vn -0.5306575 0.1770667 0.1427701
vn -0.3205058 -0.1176449 0.4655848
vn 0.03881713 -0.3511897 0.4566098
vn 0.5652425 -0.08389372 -0.08243793
vn 0.472985 -0.04923708 0.3274052
vn 0.09683166 -0.1128088 0.557881
vn -0.3519954 -0.1925919 0.4151398
vn -0.5461529 -0.1810028 0.04783633
vn -0.3662952 -0.1828052 -0.4071161
vn 0.0826092 -0.1169539 -0.5593129
vn 0.434861 -0.1017681 -0.3658859
vn -0.3853546 -0.2575426 -0.3442486
vn -0.505267 -0.2341382 0.1523739
vn 0.2394103 -0.1802618 -0.4934793
vn 0.4945577 -0.2385737 -0.1784057
vn 0.4908909 -0.2991513 -0.05355278
vn 0.381501 -0.3593345 0.242217
vn 0.05366902 -0.3483322 0.457294
vn -0.1649796 -0.3221161 0.4498404
vn 0.3721339 -0.3528696 -0.2652032
vn 0.05097243 -0.5736604 0.04060886
vn -0.3331729 -0.3500997 0.3158471
vn 0.3313136 -0.3585213 0.3082648
vn -0.09039533 -0.5634568 0.08762746
vn 0.1244264 -0.5636613 -0.01172321
vn 0.2583663 -0.4595092 -0.2354391
vn 0.1977012 -0.1071943 -0.531749
vn -0.0742842 0.1865014 -0.5413247
vn -0.3963954 0.2832743 -0.3097736
vn -0.5496824 0.1761558 -0.01231801
vn -0.5162555 -0.2541997 0.04686207
vn 0.2823714 -0.1904162 0.466199
vn 0.1843632 -0.2739782 0.4735816
vn -0.1700219 0.06574631 0.547817
vn -0.09775554 0.1203749 0.556136
vn 0.3855047 -0.4247037 0.06592623
vn 0.4598279 -0.3476644 0.03195452
vn 0.3289485 -0.4684651 0.07527755
vn 0.1238171 -0.2997975 0.4776236
vn -0.1423668 -0.0152288 0.559315
vn 0.3389287 -0.307134 -0.35232
vn 0.3396992 -0.303264 -0.3549208
vn 0.3087999 -0.343384 -0.3465017
vn 0.01929117 -0.186345 -0.5461106
vn 0.07944214 -0.03347839 -0.5708779
vn 0.1421827 -0.02917325 -0.5588081
vn -0.3396666 0.02602334 -0.4661359
vn -0.1854199 0.2399791 -0.4912871
vn -0.1377916 0.3019975 -0.4723817
vn -0.4257367 0.2577458 0.2926581
vn -0.439373 0.2848186 0.2432346
vn -0.3651093 0.3212835 0.3111359
vn -0.381272 0.3901251 -0.1891229
vn -0.4300486 0.3465017 -0.1683094
vn -0.4759007 0.3173493 -0.07836624
vn -0.1479728 -0.008594168 0.5579997
vn 0.1342145 -0.2858948 0.4833054
vn 0.3321269 -0.4399341 0.1717067
vn -0.209527 -0.03290308 0.5369816
vn 0.09867749 -0.3071893 0.4787807
vn 0.288002 -0.4930002 0.08566824
vn -0.3886855 0.2726011 0.3285506
vn 0.3325392 -0.3700511 -0.2929391
vn 0.1776677 -0.3900704 -0.386798
vn -0.2480356 -0.4510286 0.2615053
vn 0.0336503 -0.57628 -0.01012265
vn -0.4085619 -0.1325679 0.3857931
vn -0.4716099 0.2261011 0.2445317
vn -0.5763699 0.02980557 -0.01557548
vn -0.4782985 -0.2847813 -0.1531781
vn -0.2128632 -0.3852993 -0.3735869
vn 0.1923161 -0.09694836 -0.5356762
vn 0.07280964 -0.1276578 -0.558333
vn -0.2406703 -0.1596693 -0.4999169
vn -0.4534698 -0.0607217 -0.3521524
vn -0.5035855 0.1596151 -0.2329336
vn -0.4338148 0.3385991 -0.1746101
vn -0.4221314 0.3870197 -0.0731725
vn -0.1199404 0.2639364 -0.4992848
vn -0.2032031 0.1606147 -0.5159892
vn 0.004605989 -0.3629058 -0.4490119
vn -0.4302409 -0.09653797 -0.3727017
vn -0.5532813 0.1522695 -0.06345921
vn -0.3737447 0.2573736 0.3569412
vn -0.08205918 0.09511405 0.5635185
vn 0.2642885 -0.1722838 0.4835321
vn 0.4465426 -0.3487818 0.1108345
vn 0.3470388 -0.3966397 -0.2357423
vn 0.369312 -0.4229527 -0.1343615
vn -0.02295686 -0.5066373 -0.2759077
vn -0.3573907 -0.4169613 -0.1781814
vn -0.5580717 -0.05793966 0.1361329
vn -0.3342843 0.1393868 0.4496207
vn -0.001033224 0.08983057 0.5703183
vn 0.3278793 -0.08824006 0.46695
vn 0.4841444 -0.2773683 0.1483386
vn 0.3619511 -0.4351507 -0.1138801
vn -0.03700392 -0.5525155 -0.163373
vn -0.3201539 -0.4788377 -0.03936312
vn -0.4414602 -0.2625141 0.2636904
vn -0.2135531 0.1521499 0.5143724
vn 0.08605506 0.203254 0.5334939
vn 0.3994247 0.04879209 0.41402
vn 0.5262442 -0.1975832 0.131762
vn 0.3602183 0.1615515 0.4212805
vn 0.1391077 0.2276724 0.5120037
vn 0.5225343 -0.1742656 0.1729821
vn 0.3733332 -0.434348 -0.07278451
vn -0.04008261 -0.5448532 -0.1867133
vn -0.168873 -0.5520549 -0.007122574
vn -0.04793558 -0.3664775 0.4435425
vn -0.06669905 0.1126817 0.5623056
vn 0.04353626 0.3274516 0.4735118
vn -0.02672148 0.2336383 0.527288
vn -0.09925995 0.4725965 0.3164387
vn -0.2083606 0.4419481 0.3075731
vn -0.2098544 0.5260766 0.1119731
vn -0.281615 0.4744965 0.1699394
vn -0.2048429 0.5329705 -0.08552957
vn -0.2570834 0.5146043 -0.0492343
vn -0.1645979 0.4983673 -0.2405641
vn -0.2116442 0.4796171 -0.2418835
vn -0.09245015 0.4306623 -0.3732511
vn -0.146893 0.4386779 -0.3454238
vn 0.09199675 0.2083633 -0.5305231
vn 0.0215468 0.2201155 -0.5333089
vn 0.2353015 -0.03815956 -0.5258426
vn 0.1667455 -0.1758567 -0.5240266
vn 0.3228174 -0.2962798 -0.3759529
vn 0.2221089 -0.41984 -0.3282307
vn 0.3179687 -0.3967171 -0.2735779
vn 0.18827 -0.5008251 -0.2169379
vn 0.3642428 -0.3936951 -0.2136932
vn 0.1906212 -0.4981558 -0.2209927
vn 0.2581483 -0.4202455 -0.3001443
vn 0.2377649 -0.2934533 -0.4366766
vn 0.2954463 -0.4726183 -0.1505886
vn 0.1752361 -0.08964059 -0.5427618
vn 0.01252007 0.2380012 -0.5258633
vn -0.1477591 0.4349934 -0.3496877
vn -0.1910513 0.5218974 -0.1563841
vn 0.1535548 0.3145122 0.4591694
vn -0.09212191 0.5315421 0.2056938
vn 0.3895924 0.09587136 0.4151624
vn 0.5035015 -0.1448328 0.2425758
vn 0.4273649 -0.3694248 0.1192387
vn 0.4011759 -0.4066845 -0.08366029
vn 0.3573002 -0.4528999 0.02348569
vn -0.1469303 0.5562267 0.0485471
vn -0.1491278 0.5500318 -0.09251675
vn -0.3581635 0.4504558 0.04628051
vn -0.3448757 0.3601219 -0.2910436
vn -0.3272737 0.3191407 0.3526677
vn -0.5173187 0.2342958 -0.1040198
vn -0.3333087 0.3315478 -0.335134
vn -0.1375266 0.2361577 -0.5085759
vn -0.260262 0.4209416 0.2973303
vn -0.4490437 0.3628389 0.006403506
vn -0.09135343 0.2677449 0.5032898
vn 0.03944188 0.09617462 0.5679157
vn -0.1724659 0.4216273 0.3547103
vn -0.4136485 0.3814185 0.1294147
vn -0.3680358 0.3079554 0.3210086
vn -0.2742984 0.5074111 0.02505527
vn -0.2880697 0.3238414 -0.3814132
vn -0.3564228 0.3022749 -0.3390075
vn -0.2215075 0.4209877 -0.3271654
vn -0.04193048 0.2448883 -0.5211574
vn -0.06950659 -0.5561077 -0.1387317
vn 0.04519964 -0.5607146 -0.1299595
vn 0.05949078 -0.5347856 -0.2092814
vn 0.1053311 -0.4475195 -0.349235
vn -0.03994847 -0.5711208 -0.07455604
vn -0.05456219 -0.5740903 -0.0278703
vn -0.08328055 -0.5641621 -0.09010495
vn -0.04007336 -0.5758915 -0.008747406
vn 0.007480233 -0.5723925 0.07512924
vn -0.1908663 -0.5445724 -0.01856046
vn -0.1417038 -0.5591154 0.02536548
vn 0.3642115 0.2483474 -0.3728363
vn 0.483062 0.1510901 -0.27777
vn 0.5393031 0.1014714 -0.1794127
vn 0.5713956 0.07943931 0.02301521
vn 0.5269588 0.1038663 0.2118008
vn 0.4536808 0.2262429 0.276263
vn 0.2415847 0.3684278 0.373137
vn -0.04072393 0.4064692 0.4079923
vn -0.2180098 0.4078671 0.3456149
vn -0.3704743 0.3806973 0.2261675
vn -0.5232198 0.2440387 -0.004409812
vn -0.5087926 0.180281 -0.2048465
vn -0.3290845 0.2194343 -0.4205775
vn -0.1447227 0.2647974 -0.4922104
vn 0.1652312 0.2796828 -0.4772941
vn -0.1677289 0.4354973 0.3399156
vn -0.06753904 0.4256751 0.3841518
vn -0.07466883 0.4792337 0.3131981
vn -0.06965479 0.460481 0.3412316
vn 0.03319074 0.5110986 0.2664771
vn -0.04392692 0.4865683 0.3076608
vn -0.322091 0.4125653 0.2436817
vn -0.2923834 0.4600344 0.1902992
vn -0.2444672 0.5039546 0.1399962
vn -0.01942807 0.4991139 0.2895537
vn 0.07570297 0.4625161 0.3371667
vn 0.3070579 0.4339517 0.2252438
vn 0.3897148 0.3474601 0.246429
vn 0.5375829 0.1869258 0.09693607
vn 0.5547648 0.1182912 0.1075941
vn 0.5661067 -0.1129863 -0.00951568
vn 0.5645186 -0.1208459 -0.006954678
vn 0.4569192 -0.3519249 -0.02659075
vn 0.4574288 -0.3339989 -0.1119684
vn 0.2191605 -0.5319417 -0.04837528
vn 0.2492041 -0.496109 -0.1584505
vn 0.0629048 -0.5738256 -0.01002989
vn 0.1544841 -0.5438868 -0.1168555
vn 0.01903167 -0.5763931 0.02724321
vn 0.09810269 -0.5641384 -0.07387329
vn -0.08408557 -0.5706032 -0.02598071
vn -0.06607891 -0.5620487 -0.1143165
vn -0.3084492 -0.4515744 -0.1851298
vn -0.3281965 -0.4111987 -0.2377734
vn -0.4900961 -0.1259149 -0.278001
vn -0.4829058 -0.08879497 -0.303728
vn -0.4898189 0.2109755 -0.2211336
vn -0.4647647 0.2174933 -0.26462
vn -0.340773 0.459917 -0.07538928
vn -0.3794669 0.4133103 -0.1360617
vn -0.2024461 0.5324259 0.09418947
vn -0.3219377 0.4764737 0.05159728
vn -0.2846093 0.4887018 0.1161957
vn -0.3534124 0.4383267 0.1276821
vn -0.4197814 0.3653265 0.153797
vn -0.4676524 0.3383168 -0.01327928
vn -0.439822 0.3170382 -0.1984357
vn -0.4643071 0.2128344 -0.2691723
vn -0.5136989 -0.06324522 -0.2558257
vn -0.3828403 -0.3901569 -0.1858609
vn -0.113011 -0.5579137 -0.09640684
vn 0.111438 -0.5645689 -0.04665837
vn 0.1819419 -0.54678 -0.03552755
vn 0.2280674 -0.5301064 -0.01749174
vn 0.3687233 -0.4375134 0.07719114
vn 0.517233 -0.2138466 0.1416791
vn 0.5472185 0.01611821 0.1833722
vn 0.4334178 0.2607775 0.2783478
vn 0.1433056 0.4148213 0.375127
vn -0.444415 0.3622671 0.06775858
vn 0.4558457 0.2543142 0.2467029
vn 0.1497958 0.3311121 -0.4486194
vn -0.07723629 0.3509596 -0.4518799
vn 0.1489628 0.1589216 -0.5346844
vn -0.06141956 0.2099187 -0.5343176
vn 0.1496472 -0.2275651 -0.509071
vn -0.04613296 -0.198633 -0.5401391
vn 0.3051205 0.3034973 -0.3848692
vn 0.2641266 0.1675447 -0.4852828
vn 0.3299638 0.3185757 -0.3506663
vn 0.2460113 0.1547771 -0.4988547
vn 0.1149162 -0.1843733 -0.5349152
vn 0.1979795 -0.196849 -0.5053594
vn -0.01971403 -0.4937039 -0.2986659
vn 0.1091867 -0.5087168 -0.2502379
vn -0.06433142 -0.5719732 0.04518401
vn 0.1227079 -0.5624676 0.0436623
vn 0.08882896 -0.4269183 0.3783961
vn 0.2912089 -0.4439971 0.22671
vn 0.3759794 -0.07459025 0.4317513
vn 0.5151244 -0.1143922 0.2342959
vn 0.4703148 0.2874755 0.1717416
vn 0.5535153 0.1630237 0.01942712
vn 0.4083537 0.3860727 -0.1323954
vn 0.4278759 0.3196259 -0.2193052
vn -0.5268669 0.207692 -0.1122878
vn -0.5025889 0.212227 -0.1889377
vn -0.5019348 0.2160602 -0.1863137
vn -0.5519968 -0.04151062 -0.1640416
vn -0.4211192 -0.3819295 -0.1006075
vn 0.5421149 0.04267402 0.1939684
vn 0.4765455 -0.2463297 0.2134464
vn 0.3152623 -0.445522 0.1882903
vn 0.1450318 -0.5385287 0.1492854
vn 0.1184741 -0.5570555 0.09479734
vn 0.06756734 -0.5717145 0.04371037
vn -0.1518646 -0.5558848 -0.03553405
vn 0.5656542 0.09041143 0.07207243
vn 0.538587 0.1338452 0.159194
vn 0.4897057 0.2409658 0.1883009
vn 0.5558276 -0.04142784 0.1505744
vn 0.4703837 -0.2825759 0.1795086
vn 0.2931044 -0.4589205 0.1918729
vn 0.2277844 -0.5147021 0.1285671
vn 0.1288282 -0.5623007 0.02355177
vn 0.1308096 -0.5211509 -0.2112438
vn -0.03415978 -0.51317 -0.2623416
vn -0.0286809 -0.5760093 -0.02691033
vn 0.07344225 -0.5583618 0.1271686
vn 0.005966141 -0.5730116 0.07039554
vn 0.1149468 -0.5406352 0.1668362
vn -0.1499167 -0.5575367 -0.003357196
vn -0.2566973 -0.5130177 -0.0652133
vn -0.3332472 -0.4013398 -0.2473985
vn -0.3543415 -0.08863601 -0.4471231
vn -0.5409483 0.1738392 -0.1024118
vn -0.5479721 0.1560139 -0.09337825
vn -0.5200831 -0.1970989 -0.1549156
vn -0.5317671 0.0746642 -0.2120902
vn -0.3265443 0.243881 -0.4089306
vn -0.502638 0.2074567 -0.1940361
vn -0.295926 0.3282602 -0.3714922
vn -0.5561007 0.1207276 -0.09751986
vn -0.4935977 0.2140042 -0.2095156
vn -0.5667064 -0.00949252 -0.1099408
vn -0.08367916 -0.5318525 0.2084809
vn -0.04117528 -0.535046 0.212988
vn 0.08313159 -0.5464727 0.1667039
vn 0.3641054 -0.4418151 0.07456523
vn 0.550272 -0.167229 0.05068051
vn 0.5297368 0.1737978 0.1500216
vn 0.2010113 0.460935 0.2836668
vn -0.131755 0.4723639 0.3047071
vn 0.009606883 0.4651949 0.3418111
vn 0.08638486 0.4896209 0.2935005
vn -0.2681899 0.4777621 0.1820741
vn -0.3182195 0.4496648 0.1728331
vn -0.1390926 0.5231591 0.2007269
vn -0.3225489 0.4787464 0.009878077
vn -0.5296954 0.1384532 -0.1832671
vn -0.4847005 -0.2803284 -0.1407648
vn -0.310189 -0.486817 0.01119925
vn -0.1663112 -0.5329131 0.1472334
vn -0.08228736 -0.4347593 -0.3708728
vn -0.1147264 -0.5658363 -0.0007586634
vn 0.02881461 -0.4313395 0.3826871
vn 0.2898874 -0.0121941 0.4991494
vn 0.4090543 0.3452832 0.2163041
vn 0.3478178 0.4291961 -0.1677703
vn 0.2442502 0.3417718 -0.3960647
vn 0.1667147 0.2100662 -0.5112845
vn 0.04737606 -0.07091085 -0.5710171
vn 0.1663133 0.3816268 -0.4000429
vn 0.08978428 0.2610972 -0.5070508
vn 0.2884071 0.4592805 -0.1980307
vn 0.3738768 0.4152572 0.1452961
vn 0.3673628 0.06619035 0.4404506
vn 0.2290996 -0.4314375 0.3077474
vn 0.03800598 -0.5644972 -0.1150303
vn -0.0529272 -0.4423876 -0.3671858
vn -0.0252121 -0.02105621 -0.5764152
vn 0.2775076 -0.4589361 -0.2137772
vn 0.4432496 -0.3567652 0.09788643
vn 0.2788745 -0.4983543 -0.08488446
vn 0.4715665 -0.3018438 0.1408853
vn 0.4261886 -0.244846 -0.3028978
vn 0.5596508 -0.1345698 0.04489082
vn 0.3008285 0.246427 -0.4267426
vn 0.4185757 0.3537973 -0.1815358
vn 0.1914805 0.3393258 -0.4260595
vn 0.3275063 0.4460527 -0.164651
vn 0.06593379 0.188103 -0.5418518
vn 0.1174379 -0.05896161 -0.5621969
vn 0.1808688 -0.4119455 -0.3618299
vn 0.1121315 -0.5221019 -0.2194758
vn -0.1138392 -0.08621676 -0.5594111
vn -0.02236997 -0.3492672 -0.4591791
vn 0.407783 0.3614379 0.1908114
vn 0.5078226 0.1805999 0.2069619
vn 0.4597703 0.02058389 0.3485985
vn -0.3138845 0.462808 0.1435917
vn 0.1502438 0.4977637 0.2509813
vn -0.3383299 0.3847223 0.2661861
vn -0.02971401 0.4950564 0.2955837
vn -0.2988214 0.4939319 0.008389838
vn -0.5138884 0.1327667 -0.2272114
vn -0.4429093 -0.2882647 -0.2325256
vn -0.2093168 -0.5351395 -0.0560858
vn -0.02245045 -0.5562833 0.1528998
vn -0.1250767 -0.5493402 0.1261532
vn 0.02191095 -0.5618885 0.1308995
vn -0.05367272 -0.5697241 0.07659664
vn 0.2747914 -0.5064516 -0.03646797
vn 0.5419213 -0.1982315 -0.01894456
vn 0.5195759 0.2132836 0.133732
vn 0.1555644 0.4954453 0.2523235
vn -0.2125757 0.4593703 0.277712
vn 0.05365415 0.3922385 0.4202424
vn -0.3008532 0.4840045 0.09252237
vn 0.1461786 0.5229715 0.1961278
vn 0.2792078 -0.4957668 -0.09793716
vn -0.004038125 -0.5431229 -0.1957922
vn 0.2441064 -0.5037755 -0.141265
vn -0.09445338 -0.5455567 -0.1636455
vn 0.2943852 -0.4930758 -0.05955723
vn -0.03337716 -0.485102 -0.3112803
vn -0.2928458 0.4975541 -0.003818372
vn 0.07068751 0.5155281 0.250135
vn -0.2342647 0.5128438 0.1242771
vn 0.1818112 0.5350291 0.1184146
vn 0.4979768 0.2903715 0.03219995
vn 0.5514196 -0.1552892 -0.07179815
vn -0.2687644 0.3473617 0.3747519
vn -0.4822331 0.3078314 0.07761681
vn -0.3778205 -0.423887 -0.1044263
vn -0.3268331 -0.4709833 0.06847093
vn -0.5751545 -0.04944585 0.009253356
vn -0.4879185 -0.09597739 0.2933551
vn 0.4711839 0.278533 0.1836805
vn 0.3230469 0.3131189 0.3618434
vn -0.5119635 0.2263079 0.1414616
vn -0.523219 0.2421379 -0.03073079
vn 0.2947484 0.332228 0.3688921
vn -0.06795278 0.3310207 0.4681252
vn -0.4787083 0.1022365 -0.3061363
vn -0.3292442 -0.2577482 -0.3981175
vn 0.1103933 -0.501811 0.2633106
vn 0.4491187 -0.2834752 0.2264234
vn -0.03872821 -0.1790145 0.5475284
vn 0.4324973 0.04964131 0.3792297
vn -0.5457419 -0.1690217 0.08325112
vn -0.5472835 -0.1212047 -0.1382877
vn -0.3726303 -0.3984888 -0.188909
vn -0.343752 -0.4629418 0.02920439
vn 0.06456341 -0.5619307 0.1157541
vn 0.4785266 -0.3202773 0.04204839
vn 0.3823349 -0.07692705 0.4257178
vn 0.5538609 -0.03347633 0.1595329
vn 0.002446173 -0.5606886 -0.1376799
vn 0.3075702 -0.4872237 -0.03670182
vn 0.4501605 -0.3253489 0.1575973
vn 0.4719031 -0.1766267 0.2818578
vn 0.4847744 0.1846319 0.2534525
vn 0.1302419 0.5240352 0.2043466
vn -0.2795799 0.4961923 0.0946661
vn -0.5410477 0.1976446 -0.03920838
vn -0.553533 -0.1302236 -0.09988172
vn -0.3627178 -0.4175853 -0.1655043
vn -0.02603196 -0.5683536 0.09813253
vn 0.2411585 -0.4935739 0.1776537
vn 0.2370782 -0.4148734 0.3240485
vn 0.2770662 -0.3224961 0.3905944
vn 0.4406881 0.2322869 0.2918393
vn 0.0687447 0.499714 0.28088
vn -0.2253154 0.4991895 0.1826916
vn -0.4947853 0.297508 -0.003122322
vn -0.5121774 -0.2474577 0.09885469
vn -0.327857 -0.473265 0.04316755
vn -0.05338321 0.05022903 0.5726785
vn 0.3070236 -0.07142862 0.4837022
vn -0.3021099 0.0102858 0.4918916
vn -0.5063358 0.01950088 0.2767257
vn -0.2169388 -0.4071594 0.3471199
vn -0.06775279 -0.4050027 0.405852
vn -0.2578953 -0.4286416 0.2882531
vn -0.02051001 -0.4504944 0.3605102
vn -0.06625042 -0.5724069 -0.03598146
vn 0.2712652 -0.5083748 -0.03610683
vn 0.548579 -0.1799207 -0.004783281
vn 0.4933595 0.2953305 0.05205396
vn 0.1714195 0.5385545 0.1179316
vn -0.1839612 0.5349404 0.1154575
vn -0.4776713 0.3121198 0.08800431
vn -0.5622261 -0.05852936 0.1175136
vn -0.3993894 -0.4166964 0.01362141
vn -0.1219182 0.5006317 0.2604561
vn 0.1419818 0.4878752 0.2741394
vn -0.1772361 -0.04110319 0.5479336
vn 0.08542743 -0.04216317 0.5694365
vn 0.4507526 0.3120567 0.1810417
vn 0.4305065 -0.0741342 0.3774939
vn -0.4209217 0.3560779 0.1713676
vn -0.435668 0.08036612 0.370227
vn -0.525921 -0.1139379 0.2091855
vn 0.5321751 -0.1987049 0.1031468
vn 0.2496614 -0.4853352 0.1882877
vn -0.03601711 -0.5268462 0.2333866
vn -0.3149971 -0.3997059 0.2726636
vn -0.2303009 -0.3883278 0.3598561
vn -0.04341846 -0.3910868 0.4224919
vn 0.1646028 -0.4596477 0.3081613
vn 0.3991957 -0.2784561 0.3105454
vn 0.3876631 0.02068573 0.4273438
vn 0.2612416 0.3477952 0.3796376
vn -0.01995425 0.5151656 0.2598839
vn -0.3426011 0.4643441 0.01850452
vn -0.5121157 0.1173834 -0.2393574
vn -0.4019464 -0.2307079 -0.3443055
vn -0.1097272 -0.4886949 -0.287177
vn 0.2337338 -0.527449 0.0223491
vn 0.2229607 -0.3290016 0.4187838
vn 0.3024595 -0.09481385 0.4825577
vn 0.1984349 0.3474196 0.416241
vn -0.1076845 0.5016841 0.2646708
vn -0.353316 0.4533742 0.05434139
vn -0.5163453 0.1772866 -0.1878572
vn -0.4508086 -0.281769 -0.2251916
vn -0.2407927 -0.517151 -0.08892225
vn 0.06869466 -0.5272415 0.2250133
vn -0.4667468 0.0345045 0.3380684
vn -0.2728729 0.1584688 0.4834888
vn 0.02096265 0.0493276 0.5748572
vn -0.5768855 -0.02037903 0.01100098
vn -0.2127665 -0.4311267 0.3196775
vn -0.3643695 -0.4415593 0.07479072
vn -0.03643002 -0.3385735 0.4662342
vn -0.483062 0.1510901 -0.2777701
vn -0.3642115 0.2483474 -0.3728363
vn -0.5393032 0.1014713 -0.1794126
vn -0.5713956 0.07943924 0.0230152
vn -0.5269588 0.1038663 0.2118008
vn -0.4536808 0.2262429 0.276263
vn -0.2415847 0.3684278 0.3731369
vn 0.04072393 0.4064692 0.4079923
vn 0.2180096 0.4078671 0.345615
vn 0.3704742 0.3806973 0.2261676
vn 0.5232198 0.2440387 -0.004409811
vn 0.5087926 0.180281 -0.2048467
vn 0.3290843 0.2194343 -0.4205775
vn 0.1447227 0.2647974 -0.4922104
vn -0.1652311 0.2796828 -0.4772941
vn 0.1677288 0.4354973 0.3399156
vn 0.06753904 0.4256751 0.3841518
vn 0.07466877 0.4792337 0.3131981
vn 0.06965478 0.460481 0.3412315
vn -0.03319069 0.5110987 0.266477
vn 0.04392698 0.4865683 0.3076608
vn 0.3220909 0.4125653 0.2436817
vn 0.2923833 0.4600344 0.1902992
vn 0.2444672 0.5039546 0.1399962
vn 0.01942807 0.4991139 0.2895538
vn -0.07570297 0.4625161 0.3371667
vn -0.3070579 0.4339518 0.2252438
vn -0.3897148 0.3474601 0.2464289
vn -0.5375829 0.1869258 0.09693608
vn -0.5547648 0.1182912 0.1075941
vn -0.5661067 -0.1129863 -0.009515673
vn -0.5645186 -0.1208459 -0.006954678
vn -0.4569192 -0.3519249 -0.02659075
vn -0.4574288 -0.3339989 -0.1119684
vn -0.2191606 -0.5319417 -0.04837527
vn -0.2492041 -0.496109 -0.1584505
vn -0.06290479 -0.5738256 -0.0100299
vn -0.154484 -0.5438868 -0.1168555
vn -0.01903164 -0.5763931 0.02724321
vn -0.09810261 -0.5641384 -0.07387328
vn 0.08408557 -0.5706032 -0.02598071
vn 0.06607892 -0.5620487 -0.1143165
vn 0.3084492 -0.4515744 -0.1851298
vn 0.3281965 -0.4111987 -0.2377734
vn 0.4900961 -0.1259149 -0.2780011
vn 0.4829058 -0.08879497 -0.303728
vn 0.4898189 0.2109755 -0.2211336
vn 0.4647647 0.2174933 -0.2646199
vn 0.340773 0.459917 -0.0753893
vn 0.3794669 0.4133103 -0.1360617
vn 0.2024461 0.5324259 0.09418947
vn 0.3219377 0.4764737 0.05159728
vn 0.2846093 0.4887018 0.1161957
vn 0.3534124 0.4383267 0.1276821
vn 0.4197813 0.3653265 0.153797
vn 0.4676524 0.3383168 -0.01327928
vn 0.439822 0.3170382 -0.1984357
vn 0.4643071 0.2128344 -0.2691723
vn 0.5136989 -0.06324523 -0.2558257
vn 0.3828403 -0.3901569 -0.1858609
vn 0.113011 -0.5579137 -0.09640684
vn -0.111438 -0.5645689 -0.04665835
vn -0.1819418 -0.54678 -0.03552753
vn -0.2280674 -0.5301064 -0.01749174
vn -0.3687233 -0.4375134 0.07719115
vn -0.517233 -0.2138466 0.1416791
vn -0.5472185 0.01611822 0.1833722
vn -0.4334178 0.2607775 0.2783478
vn -0.1433056 0.4148213 0.375127
vn 0.444415 0.3622671 0.06775858
vn -0.4558457 0.2543142 0.2467029
vn -0.1497959 0.3311122 -0.4486194
vn 0.07723626 0.3509596 -0.4518798
vn -0.1489628 0.1589216 -0.5346845
vn 0.06141949 0.2099187 -0.5343176
vn -0.1496472 -0.2275651 -0.509071
vn 0.0461329 -0.198633 -0.5401391
vn -0.3051205 0.3034973 -0.3848692
vn -0.2641266 0.1675447 -0.4852828
vn -0.3299639 0.3185756 -0.3506662
vn -0.2460113 0.1547771 -0.4988546
vn -0.1149162 -0.1843733 -0.5349152
vn -0.1979795 -0.196849 -0.5053594
vn 0.01971406 -0.4937039 -0.2986659
vn -0.1091867 -0.5087168 -0.2502379
vn 0.06433146 -0.5719732 0.04518402
vn -0.1227079 -0.5624676 0.04366231
vn -0.08882898 -0.4269183 0.3783961
vn -0.291209 -0.4439969 0.22671
vn -0.3759794 -0.07459021 0.4317513
vn -0.5151244 -0.1143921 0.2342958
vn -0.4703148 0.2874755 0.1717416
vn -0.5535153 0.1630236 0.01942714
vn -0.4083537 0.3860726 -0.1323954
vn -0.427876 0.3196259 -0.2193052
vn 0.526867 0.207692 -0.1122878
vn 0.5025889 0.212227 -0.1889377
vn 0.5019348 0.2160602 -0.1863137
vn 0.5519968 -0.04151062 -0.1640416
vn 0.4211192 -0.3819295 -0.1006075
vn -0.5421149 0.04267402 0.1939684
vn -0.4765456 -0.2463297 0.2134464
vn -0.3152623 -0.445522 0.1882903
vn -0.1450319 -0.5385287 0.1492854
vn -0.1184741 -0.5570555 0.09479734
vn -0.06756735 -0.5717145 0.04371038
vn 0.1518646 -0.5558848 -0.03553405
vn -0.5656542 0.09041134 0.07207239
vn -0.538587 0.1338451 0.1591939
vn -0.4897057 0.2409658 0.1883009
vn -0.5558277 -0.04142777 0.1505743
vn -0.4703838 -0.2825758 0.1795085
vn -0.2931044 -0.4589205 0.1918729
vn -0.2277844 -0.5147021 0.1285671
vn -0.1288282 -0.5623007 0.02355177
vn -0.1308096 -0.5211509 -0.2112438
vn 0.03415972 -0.51317 -0.2623416
vn 0.02868085 -0.5760093 -0.02691034
vn -0.07344227 -0.5583618 0.1271686
vn -0.005966171 -0.5730116 0.07039555
vn -0.1149468 -0.5406352 0.1668362
vn 0.1499167 -0.5575367 -0.003357194
vn 0.2566973 -0.5130177 -0.0652133
vn 0.3332472 -0.4013399 -0.2473985
vn 0.3543415 -0.08863602 -0.4471231
vn 0.5409483 0.1738392 -0.1024118
vn 0.5479721 0.1560139 -0.09337825
vn 0.5200831 -0.1970989 -0.1549155
vn 0.5317671 0.07466419 -0.2120902
vn 0.3265443 0.243881 -0.4089306
vn 0.502638 0.2074568 -0.1940362
vn 0.2959258 0.3282603 -0.3714924
vn 0.5561007 0.1207276 -0.09751986
vn 0.4935977 0.2140043 -0.2095156
vn 0.5667064 -0.009492532 -0.1099408
vn 0.04117527 -0.535046 0.212988
vn 0.08367915 -0.5318525 0.2084809
vn -0.08313159 -0.5464727 0.1667039
vn -0.3641054 -0.4418151 0.07456524
vn -0.550272 -0.1672289 0.05068051
vn -0.5297369 0.1737978 0.1500216
vn -0.2010113 0.460935 0.2836668
vn 0.131755 0.4723639 0.3047071
vn -0.009606763 0.4651949 0.3418112
vn -0.08638472 0.4896209 0.2935005
vn 0.2681899 0.4777621 0.1820741
vn 0.3182195 0.4496648 0.1728331
vn 0.1390926 0.5231591 0.2007269
vn 0.3225489 0.4787464 0.009878064
vn 0.5296954 0.1384532 -0.1832671
vn 0.4847005 -0.2803284 -0.1407648
vn 0.3101889 -0.486817 0.01119925
vn 0.1663112 -0.5329131 0.1472334
vn 0.08228738 -0.4347593 -0.3708728
vn 0.1147264 -0.5658363 -0.0007586574
vn -0.02881461 -0.4313395 0.3826871
vn -0.2898874 -0.0121941 0.4991494
vn -0.4090543 0.3452832 0.2163041
vn -0.3478178 0.4291961 -0.1677702
vn -0.2442503 0.3417718 -0.3960647
vn -0.1667148 0.2100662 -0.5112845
vn -0.04737607 -0.07091086 -0.5710171
vn -0.1663133 0.3816268 -0.4000429
vn -0.08978426 0.2610972 -0.5070508
vn -0.2884071 0.4592805 -0.1980307
vn -0.3738768 0.4152572 0.1452961
vn -0.3673628 0.06619034 0.4404506
vn -0.2290996 -0.4314375 0.3077475
vn -0.03800599 -0.5644972 -0.1150303
vn 0.0529272 -0.4423876 -0.3671858
vn 0.0252121 -0.02105621 -0.5764152
vn -0.2775076 -0.4589361 -0.2137772
vn -0.4432496 -0.3567652 0.09788644
vn -0.2788745 -0.4983544 -0.08488449
vn -0.4715665 -0.3018438 0.1408853
vn -0.4261886 -0.244846 -0.3028978
vn -0.5596508 -0.1345697 0.04489084
vn -0.3008285 0.246427 -0.4267426
vn -0.4185757 0.3537973 -0.1815358
vn -0.1914805 0.3393258 -0.4260595
vn -0.3275063 0.4460527 -0.164651
vn -0.06593379 0.188103 -0.5418518
vn -0.1174379 -0.05896159 -0.5621969
vn -0.1808688 -0.4119455 -0.3618299
vn -0.1121315 -0.5221019 -0.2194758
vn 0.1138391 -0.08621675 -0.5594111
vn 0.02236996 -0.3492672 -0.4591791
vn -0.407783 0.3614379 0.1908114
vn -0.5078226 0.1805999 0.2069619
vn -0.4597703 0.02058388 0.3485984
vn 0.3138846 0.462808 0.1435917
vn -0.1502436 0.4977638 0.2509813
vn 0.3383299 0.3847223 0.2661861
vn 0.029714 0.4950564 0.2955837
vn 0.2988215 0.4939319 0.008389833
vn 0.5138884 0.1327667 -0.2272113
vn 0.4429093 -0.2882647 -0.2325256
vn 0.2093168 -0.5351395 -0.05608581
vn 0.02245042 -0.5562833 0.1528998
vn 0.1250767 -0.5493402 0.1261532
vn -0.02191087 -0.5618885 0.1308995
vn 0.05367272 -0.5697243 0.07659664
vn -0.2747914 -0.5064516 -0.03646797
vn -0.5419213 -0.1982315 -0.01894455
vn -0.5195759 0.2132836 0.133732
vn -0.1555644 0.4954453 0.2523235
vn 0.2125757 0.4593703 0.277712
vn -0.05365403 0.3922385 0.4202424
vn 0.3008532 0.4840045 0.09252238
vn -0.1461785 0.5229715 0.1961279
vn -0.2792075 -0.4957669 -0.09793717
vn 0.004038149 -0.5431229 -0.1957922
vn -0.2441064 -0.5037755 -0.141265
vn 0.09445338 -0.5455567 -0.1636455
vn -0.2943852 -0.4930758 -0.05955724
vn 0.03337716 -0.485102 -0.3112804
vn 0.2928459 0.4975541 -0.003818372
vn -0.07068751 0.5155281 0.250135
vn 0.2342647 0.5128438 0.1242771
vn -0.1818112 0.5350291 0.1184146
vn -0.4979768 0.2903715 0.03219995
vn -0.5514196 -0.1552893 -0.07179815
vn 0.2687644 0.3473617 0.3747519
vn 0.4822331 0.3078314 0.07761681
vn 0.3778205 -0.423887 -0.1044263
vn 0.3268331 -0.4709833 0.06847093
vn 0.5751545 -0.04944585 0.009253355
vn 0.4879185 -0.09597737 0.2933551
vn -0.4711837 0.2785331 0.1836807
vn -0.3230467 0.3131189 0.3618436
vn 0.5119635 0.2263079 0.1414616
vn 0.523219 0.2421379 -0.03073079
vn -0.2947484 0.332228 0.368892
vn 0.06795278 0.3310207 0.4681252
vn 0.4787083 0.1022365 -0.3061363
vn 0.3292442 -0.2577482 -0.3981175
vn -0.1103933 -0.501811 0.2633106
vn -0.4491187 -0.2834752 0.2264234
vn 0.03872821 -0.1790144 0.5475284
vn -0.4324973 0.04964131 0.3792297
vn 0.5457419 -0.1690217 0.08325112
vn 0.5472835 -0.1212047 -0.1382876
vn 0.3726303 -0.3984889 -0.188909
vn 0.3437519 -0.4629418 0.02920439
vn -0.06456323 -0.5619307 0.1157541
vn -0.4785264 -0.3202776 0.04204846
vn -0.3823348 -0.0769269 0.4257179
vn -0.5538608 -0.03347633 0.1595332
vn -0.3075701 -0.4872238 -0.03670184
vn -0.002446194 -0.5606886 -0.1376799
vn -0.4501604 -0.3253491 0.1575975
vn -0.4719029 -0.1766267 0.281858
vn -0.4847744 0.1846319 0.2534525
vn -0.1302419 0.5240352 0.2043466
vn 0.2795799 0.4961923 0.0946661
vn 0.5410477 0.1976446 -0.03920838
vn 0.553533 -0.1302236 -0.09988172
vn 0.3627178 -0.4175853 -0.1655043
vn -0.2411584 -0.4935739 0.1776537
vn 0.02603196 -0.5683536 0.09813253
vn -0.2370782 -0.4148734 0.3240485
vn -0.2770662 -0.3224961 0.3905944
vn -0.4406881 0.2322869 0.2918393
vn -0.0687447 0.499714 0.28088
vn 0.2253154 0.4991895 0.1826916
vn 0.4947854 0.297508 -0.003122319
vn 0.5121774 -0.2474578 0.09885468
vn 0.327857 -0.473265 0.04316755
vn 0.05338321 0.05022902 0.5726785
vn -0.3070236 -0.07142862 0.4837022
vn 0.3021099 0.0102858 0.4918916
vn 0.5063358 0.01950088 0.2767256
vn 0.2169388 -0.4071594 0.3471199
vn 0.06775279 -0.4050027 0.405852
vn 0.2578953 -0.4286416 0.2882531
vn 0.02051001 -0.4504944 0.3605102
vn -0.2712652 -0.5083748 -0.03610682
vn 0.06625041 -0.5724069 -0.03598146
vn -0.548579 -0.1799207 -0.004783284
vn -0.4933595 0.2953305 0.05205395
vn -0.1714195 0.5385545 0.1179316
vn 0.1839612 0.5349404 0.1154575
vn 0.4776713 0.3121198 0.08800431
vn 0.5622261 -0.05852938 0.1175136
vn 0.3993894 -0.4166964 0.01362141
vn 0.1219182 0.5006316 0.2604561
vn -0.1419818 0.4878752 0.2741394
vn 0.1772361 -0.04110325 0.5479338
vn -0.08542743 -0.0421632 0.5694365
vn -0.4507526 0.3120567 0.1810417
vn -0.4305065 -0.07413418 0.3774939
vn 0.4209217 0.3560779 0.1713676
vn 0.435668 0.08036612 0.370227
vn 0.525921 -0.1139379 0.2091855
vn -0.5321751 -0.198705 0.1031468
vn -0.2496614 -0.4853352 0.1882877
vn 0.0360171 -0.5268462 0.2333866
vn 0.3149971 -0.3997059 0.2726636
vn 0.2303009 -0.3883278 0.3598561
vn 0.04341844 -0.3910868 0.4224919
vn -0.1646028 -0.4596477 0.3081613
vn -0.3876631 0.02068573 0.4273438
vn -0.3991957 -0.2784561 0.3105454
vn -0.2612416 0.3477952 0.3796377
vn 0.01995426 0.5151656 0.259884
vn 0.3426012 0.4643441 0.01850453
vn 0.5121157 0.1173834 -0.2393574
vn 0.4019464 -0.2307079 -0.3443055
vn 0.1097272 -0.4886949 -0.287177
vn -0.2337338 -0.527449 0.02234908
vn -0.3024595 -0.09481385 0.4825577
vn -0.2229607 -0.3290015 0.4187838
vn -0.1984349 0.3474196 0.416241
vn 0.1076845 0.5016841 0.2646709
vn 0.353316 0.4533742 0.05434139
vn 0.5163453 0.1772865 -0.1878572
vn 0.4508086 -0.281769 -0.2251916
vn 0.2407927 -0.517151 -0.08892225
vn -0.06869466 -0.5272415 0.2250133
vn 0.4667468 0.03450444 0.3380684
vn 0.2728729 0.1584688 0.4834888
vn -0.02096265 0.0493276 0.5748572
vn 0.5768855 -0.02037907 0.01100098
vn 0.2127664 -0.4311267 0.3196775
vn 0.3643695 -0.4415593 0.07479072
vn 0.03643002 -0.3385735 0.4662342
vn -0.01396593 0.4955992 0.2958376
vn -0.4094596 -0.1923375 0.3587235
vn -0.4776596 0.005686954 0.3242564
vn -0.4658805 0.03634154 0.3390694
vn -0.3797568 -0.06925168 0.4293277
vn -0.3390309 -0.03131564 0.4662733
vn -0.3799829 0.3097553 0.3049558
vn -0.2774996 0.4926626 0.1166659
vn -0.1634587 0.5532451 0.02311871
vn -0.4076632 -0.4088321 0.0006614028
vn 0.02721537 -0.5739081 -0.05676499
vn -0.0549096 -0.07558789 -0.5697411
vn -0.1800193 0.1862771 -0.5159722
vn 0.08532117 -0.2382791 -0.5189189
vn -0.318971 0.4141365 -0.2451159
vn -0.4379745 0.3742881 0.03768495
vn -0.4889105 0.2652747 0.1546907
vn -0.485937 0.09068089 0.2982877
vn -0.397676 -0.05861313 0.4144294
vn -0.2661553 -0.307141 0.4100721
vn -0.05785006 -0.4401141 0.3691699
vn 0.1185972 -0.492543 -0.2768927
vn 0.02721537 -0.5739081 -0.05676499
vn -0.01910229 -0.5607963 0.135927
vn 0.02721537 -0.5739081 -0.05676499
vn 0.1949808 -0.5394288 -0.06582154
vn 0.249925 -0.5128601 -0.08857462
vn 0.3510307 -0.4472333 -0.1004656
vn 0.3215932 -0.4604383 -0.13382
vn -0.5114917 -0.2662389 -0.02874749
vn -0.5163935 -0.2561645 -0.03241521
vn -0.5479911 -0.1661684 -0.07366904
vn -0.5687878 -0.0637012 -0.07586698
vn -0.571757 0.02312467 -0.07676225
vn -0.5495977 0.1494568 -0.09454247
vn -0.5268049 0.2090214 -0.1100902
vn -0.5310487 0.2167658 -0.0658263
vn 0.5132883 -0.262683 0.02942966
vn 0.1551476 -0.5470234 -0.1001404
vn -0.1377754 -0.5477579 -0.1196355
vn 0.1327552 -0.506312 -0.2436344
vn 0.007227949 -0.4724039 -0.3318369
vn -0.0242633 -0.3640163 -0.4474784
vn -0.04821214 -0.4229212 -0.3900599
vn 0.07797916 -0.3418782 -0.4586633
vn -0.07819121 -0.2745936 -0.5018147
vn -0.3017613 -0.1048062 -0.4809253
vn 0.05543528 -0.3445352 -0.459952
vn 0.2064179 -0.4365883 -0.3164107
vn 0.4956286 -0.2760839 -0.1070667
vn 0.5132883 -0.262683 0.02942966
vn 0.4956286 -0.2760839 -0.1070667
vn 0.5287521 -0.1850498 -0.1396821
vn 0.4183666 -0.3394382 0.207568
vn 0.2117 -0.3187769 0.4323168
vn 0.1016406 -0.2249195 0.5219328
vn -0.06775244 -0.1226866 0.5600812
vn -0.3352238 0.06250986 0.4658872
vn -0.4842238 0.1725478 0.2628457
vn -0.536406 0.2003288 0.07396137
vn -0.5310487 0.2167658 -0.0658263
vn -0.5039056 0.1836758 -0.2137187
vn -0.4399239 0.08677466 -0.3636901
vn 0.4792547 -0.3057672 -0.1007705
vn 0.4850517 -0.3059076 -0.06692368
vn 0.543108 -0.1888149 -0.05211403
vn 0.5610816 -0.1020699 -0.09001295
vn 0.5568109 -0.0805511 -0.1296396
vn 0.5680872 -0.006961086 -0.1027702
vn 0.5466559 0.1852053 -0.01412899
vn 0.5568596 0.1516109 -0.01596299
vn 0.5689706 -0.08461798 -0.04945181
vn 0.5290884 -0.2215988 -0.06551873
vn 0.5279284 -0.193187 -0.1315437
vn 0.5349874 -0.05049176 -0.2111216
vn -0.4722684 0.3104598 0.1179435
vn -0.3661765 0.4067981 0.1837486
vn -0.0895128 0.4841436 0.3015393
vn -0.2217204 0.4632754 0.2637221
vn -0.5111925 0.2162447 0.1589142
vn 0.4222398 -0.3922738 -0.03417793
vn 0.2282103 -0.4994413 -0.178359
vn 0.04030837 -0.4900357 -0.3026115
vn 0.4861497 -0.3000664 0.08337815
vn 0.489161 -0.2094862 0.2239875
vn 0.42258 0.1810479 0.3492581
vn 0.2857003 0.4652834 0.1876701
vn 0.2818616 0.5037822 -0.009535597
vn 0.229892 0.4692129 -0.2456062
vn -0.01001766 0.4316508 -0.3832893
vn -0.01277621 0.4269094 -0.3884824
vn 0.05872944 0.39454 -0.4173997
vn -0.1400137 -0.3985597 0.3935477
vn 0 0.5771453 -0.01538737
vn 0 -0.5633682 -0.1262922
vn 0 0.4800943 0.3206913
vn 0 0.3986987 -0.4175797
vn 0 -0.3958195 0.4203099
vn 0.4094719 -0.1923666 0.3586938
vn 0.4776517 0.005719712 0.3242675
vn 0.4660631 0.03642505 0.3388092
vn 0.379676 -0.0698853 0.4292966
vn 0.3387251 -0.03164727 0.4664731
vn 0.3796833 0.3100609 0.3050183
vn 0.2773589 0.4926922 0.1168754
vn 0.1634587 0.5532451 0.02311872
vn 0 0.5763437 -0.03407913
vn 0 0.5771453 -0.01538737
vn 0 0.5729905 -0.07081902
vn 0 0.5612318 -0.135471
vn 0 0.5298684 -0.229288
vn 0 0.4748569 -0.3283967
vn 0 0.3661119 -0.4464253
vn 0 0.2641754 -0.5133662
vn -0.02721538 -0.5739081 -0.05676498
vn 0.407663 -0.4088323 0.0006613857
vn 0.05490961 -0.07558788 -0.5697411
vn 0.1800193 0.1862771 -0.5159722
vn -0.08532115 -0.238279 -0.5189189
vn 0.318971 0.4141365 -0.2451159
vn 0.4379745 0.3742881 0.03768495
vn 0.4889105 0.2652747 0.1546907
vn 0.485937 0.09068089 0.2982877
vn 0.397676 -0.05861313 0.4144294
vn 0.2661553 -0.307141 0.4100721
vn 0.05785006 -0.4401141 0.3691699
vn -0.1185972 -0.492543 -0.2768927
vn -0.02721538 -0.5739081 -0.05676498
vn 0.01910228 -0.5607963 0.1359271
vn -0.02721538 -0.5739081 -0.05676498
vn -0.1949808 -0.5394288 -0.06582154
vn -0.249925 -0.5128601 -0.08857462
vn -0.3510306 -0.4472333 -0.1004656
vn -0.3215932 -0.4604383 -0.13382
vn 0 0.1347466 -0.5614061
vn 0.5114916 -0.266239 -0.0287475
vn 0.5163936 -0.2561645 -0.03241521
vn 0 -0.3129939 -0.4851477
vn 0 -0.3555613 -0.4548732
vn 0 -0.223269 -0.5324326
vn 0 0.01002786 -0.5772633
vn 0.5479911 -0.1661684 -0.07366903
vn 0 -0.2839459 -0.5027008
vn 0.5687878 -0.0637012 -0.07586699
vn 0 -0.15768 -0.5554012
vn 0.571757 0.02312467 -0.07676227
vn 0.5495977 0.1494568 -0.09454249
vn 0.0002445998 -0.01128399 -0.5772401
vn -0.005088826 0.2769665 -0.5065541
vn 0.5268049 0.2090214 -0.1100902
vn 0.001835478 0.35293 -0.4569142
vn 0.5310487 0.2167659 -0.06582628
vn -0.1551475 -0.5470234 -0.1001404
vn -0.5132883 -0.2626831 0.02942967
vn 0 0.1577995 -0.5553672
vn 0 -0.06472145 -0.5737113
vn 0 -0.2473848 -0.521665
vn 0.1377754 -0.5477579 -0.1196355
vn -0.1327552 -0.506312 -0.2436343
vn -0.00722796 -0.4724039 -0.3318369
vn 0.0242633 -0.3640163 -0.4474784
vn 0.04821214 -0.4229212 -0.3900599
vn -0.07797916 -0.3418782 -0.4586633
vn 0.3017614 -0.1048062 -0.4809253
vn 0.07819123 -0.2745936 -0.5018147
vn -0.05543528 -0.3445352 -0.459952
vn -0.2064179 -0.4365883 -0.3164108
vn -0.4956286 -0.2760839 -0.1070667
vn -0.5132883 -0.2626831 0.02942967
vn -0.5287521 -0.1850498 -0.1396821
vn -0.4956286 -0.2760839 -0.1070667
vn -0.4183666 -0.3394382 0.207568
vn -0.2117 -0.3187769 0.4323168
vn -0.1016406 -0.2249195 0.5219328
vn 0.06775245 -0.1226866 0.5600812
vn 0.3352238 0.06250986 0.4658872
vn 0.4842238 0.1725478 0.2628457
vn 0.536406 0.2003288 0.0739614
vn 0.5310487 0.2167659 -0.06582628
vn 0.5039055 0.1836758 -0.2137188
vn 0.4399239 0.08677465 -0.3636901
vn -0.4792547 -0.3057672 -0.1007705
vn -0.543108 -0.1888149 -0.05211404
vn -0.4850516 -0.3059076 -0.06692369
vn -0.5610816 -0.1020699 -0.09001295
vn -0.5568109 -0.08055108 -0.1296395
vn -0.5680872 -0.006961106 -0.1027701
vn -0.5466559 0.1852053 -0.01412897
vn -0.5568596 0.1516109 -0.01596299
vn -0.5689706 -0.08461798 -0.04945181
vn -0.5290885 -0.2215987 -0.06551874
vn -0.5279284 -0.1931868 -0.1315437
vn -0.5349874 -0.05049177 -0.2111216
vn 0.4722684 0.3104598 0.1179435
vn 0.3661764 0.4067981 0.1837485
vn 0.2217204 0.4632754 0.2637221
vn 0.08951282 0.4841436 0.3015392
vn 0 0.5716561 0.08088716
vn 0 0.5346699 0.2178567
vn 0 0.554018 -0.162473
vn 0 0.5450028 -0.1905398
vn 0.5111925 0.2162447 0.1589142
vn -0.4222398 -0.3922738 -0.03417794
vn -0.2282103 -0.4994413 -0.1783589
vn -0.04096024 -0.489645 -0.3031558
vn -0.4861497 -0.3000665 0.0833782
vn -0.4891609 -0.2094862 0.2239876
vn -0.42258 0.1810479 0.3492581
vn -0.2857002 0.4652835 0.1876701
vn -0.2818616 0.5037823 -0.009535614
vn -0.229892 0.4692129 -0.2456062
vn 0.01001764 0.4316507 -0.3832893
vn 0.01277621 0.4269094 -0.3884824
vn -0.05872943 0.39454 -0.4173997
vn 0.1400245 -0.3985721 0.3935312
vn 0 0.5771453 -0.01538737
vn 0 0.5752124 -0.04964001
vn 0 -0.1056938 -0.5675934
vn 0 -0.4055134 -0.4109651
vn 0 -0.5633682 -0.1262922
vn 0 -0.5243836 -0.2415685
vn 0 0.577275 -0.009327214
vn 0 0.4800943 0.3206913
vn 0 0.570646 -0.08773056
vn 0.06002475 0.3588825 0.4482564
vn 0.06002475 0.3588825 0.4482565
vn 0.06002475 0.3588825 0.4482564
vn -0.003652121 -0.349057 -0.4598688
vn 0.02252854 0.009491181 -0.5768326
vn 0.05506158 -0.02625818 -0.5741186
vn -0.10753 -0.05839583 0.5642346
vn -0.1018629 -0.03159855 0.5674142
vn 0.01465556 0.01219716 -0.5770355
vn -0.07807943 -0.06211681 0.5686638
vn 0.04364606 0.03024255 -0.5749033
vn 0.06309974 -0.04114942 -0.5724148
vn -0.03217428 -0.105432 0.5667295
vn -0.05801634 -0.08234209 0.5684957
vn 0.06443736 0.06057101 -0.5705369
vn 0.03297139 -0.122895 0.5631546
vn -0.1386994 -0.1009147 0.5512822
vn 0.02239412 -0.06977384 -0.5726811
vn -0.05825939 -0.2412012 -0.5213073
vn -0.2331078 -0.2962786 0.4372793
vn -0.3430326 -0.4558814 -0.08851066
vn 0.2536589 0.02720711 -0.517929
vn 0.3268166 -0.1019288 0.464903
vn 0.2927341 0.09282082 -0.4889013
vn 0.3063767 0.06482399 -0.4850408
vn -0.2525374 -0.14146 0.4995472
vn -0.2600472 -0.1687253 0.4870736
vn 0.2863902 0.1645265 -0.4735453
vn -0.2463597 -0.07225665 0.517126
vn 0.3647788 0.08716141 -0.438945
vn 0.351251 0.09490327 -0.4482739
vn -0.2208549 -0.133172 0.516548
vn -0.2323341 -0.1114484 0.5166562
vn 0.390058 0.09809382 -0.414205
vn -0.2166372 -0.09725935 0.5262532
vn -0.2875533 -0.202861 0.4577051
vn 0.2621682 0.04815504 -0.5121351
vn 0.2741039 -0.2471188 -0.4439964
vn -0.2161726 -0.4163165 0.336576
vn 0.03027208 -0.5679656 -0.09915722
vn 0.5711175 0.02090366 -0.08198225
vn -0.2060647 -0.08818452 0.532066
vn -0.008136811 0.0314681 -0.5764347
vn -0.00490556 -0.0273367 -0.576682
vn 0.3024752 -0.02778538 0.4909889
vn 0.3571626 -0.1035699 0.441635
vn 0.04238874 0.01591365 -0.5755723
vn 0.292751 -0.01713826 0.4973294
vn 0.02346184 0.1943141 -0.543162
vn 0.04606451 0.05702757 -0.5726773
vn 0.290675 -0.06033902 0.4951773
vn 0.2910345 -0.04931211 0.496186
vn 0.0453316 0.2425592 -0.5219613
vn 0.3205058 -0.1176448 0.4655848
vn 0.3519954 -0.1925919 0.4151398
vn -0.08260921 -0.1169539 -0.5593129
vn -0.2394102 -0.1802618 -0.4934793
vn 0.1649796 -0.3221161 0.4498404
vn -0.4945577 -0.2385737 -0.1784057
vn -0.3313136 -0.3585213 0.3082648
vn 0.07428419 0.1865015 -0.5413247
vn 0.5162555 -0.2541997 0.04686208
vn 0.4300486 0.3465017 -0.1683094
vn 0.381272 0.3901251 -0.1891229
vn 0.4759007 0.3173493 -0.07836623
vn 0.5763699 0.02980557 -0.01557548
vn 0.5035855 0.1596151 -0.2329336
vn 0.4221314 0.3870197 -0.07317251
vn 0.4338148 0.3385991 -0.1746101
vn 0.5532813 0.1522695 -0.06345923
vn 0.5580717 -0.05793966 0.1361329
vn 0.4414602 -0.2625141 0.2636904
vn 0.04793557 -0.3664774 0.4435425
vn -0.0215468 0.2201155 -0.5333089
vn -0.09199676 0.2083633 -0.5305231
vn -0.01252007 0.2380012 -0.5258633
vn -0.1415574 -0.5463809 -0.1215022
vn -0.1017022 -0.4670227 -0.3238516
vn -0.1899654 -0.5387995 0.08331663
vn -0.286967 -0.4471277 0.2259649
vn -0.4248142 -0.2162166 0.3257555
vn -0.3874438 0.05874229 0.423993
vn -0.1410493 0.2711867 0.4897921
vn 0.2171893 0.4769769 0.2421885
vn 0.3145086 0.4689354 -0.1204876
vn 0.2684657 0.379573 -0.3423213
vn 0.1408394 0.1607638 -0.5363327
vn 0.1408394 0.1607638 -0.5363327
vn -0.01031748 -0.1562471 -0.5557102
vn -0.07797916 -0.3418782 -0.4586633
vn 0.1375266 0.2361577 -0.5085759
vn 0.04193049 0.2448883 -0.5211574
vn -0.2926883 -0.3894193 0.3098702
vn -0.02252854 0.009491179 -0.5768326
vn -0.05506158 -0.02625818 -0.5741186
vn 0.10753 -0.05839584 0.5642346
vn 0.1018629 -0.03159855 0.5674142
vn -0.01465556 0.01219716 -0.5770355
vn 0.07807942 -0.06211681 0.5686638
vn -0.04364607 0.03024256 -0.5749033
vn -0.06309976 -0.04114942 -0.5724148
vn 0.03217429 -0.105432 0.5667295
vn 0.05801634 -0.08234209 0.5684957
vn -0.06443737 0.06057102 -0.5705369
vn -0.03297139 -0.122895 0.5631546
vn 0.1386994 -0.1009147 0.5512822
vn -0.02239413 -0.06977384 -0.5726811
vn 0.05825938 -0.2412012 -0.5213073
vn 0.2331078 -0.2962786 0.4372793
vn 0.3430326 -0.4558814 -0.08851066
vn -0.2536589 0.02720711 -0.517929
vn -0.3268166 -0.1019288 0.464903
vn -0.2927341 0.09282082 -0.4889013
vn -0.3063767 0.06482399 -0.4850408
vn 0.2600472 -0.1687253 0.4870736
vn 0.2525374 -0.14146 0.4995472
vn -0.2863902 0.1645265 -0.4735453
vn 0.2463597 -0.07225665 0.517126
vn -0.3647788 0.08716143 -0.438945
vn -0.351251 0.09490327 -0.4482739
vn 0.2208549 -0.133172 0.516548
vn 0.2323341 -0.1114484 0.5166562
vn -0.390058 0.09809382 -0.414205
vn 0.2166372 -0.09725935 0.5262532
vn 0.2875533 -0.202861 0.4577051
vn -0.2621682 0.04815504 -0.5121351
vn -0.2741039 -0.2471188 -0.4439964
vn 0.2161726 -0.4163165 0.336576
vn -0.03027206 -0.5679656 -0.09915722
vn -0.5711175 0.02090365 -0.08198225
vn 0.2060647 -0.08818452 0.532066
vn 0.004905554 -0.02733669 -0.576682
vn 0.008136805 0.0314681 -0.5764347
vn -0.3024753 -0.02778539 0.4909889
vn -0.3571626 -0.1035698 0.441635
vn -0.04238875 0.01591365 -0.5755723
vn -0.292751 -0.01713826 0.4973294
vn -0.04606451 0.05702757 -0.5726773
vn -0.02346185 0.1943141 -0.543162
vn -0.2906751 -0.06033904 0.4951773
vn -0.2910345 -0.04931212 0.496186
vn -0.04533162 0.2425592 -0.5219612
vn -0.3205058 -0.1176449 0.4655848
vn -0.3519954 -0.1925919 0.4151398
vn 0.0826092 -0.1169539 -0.5593129
vn 0.2394103 -0.1802618 -0.4934793
vn -0.1649796 -0.3221161 0.4498404
vn 0.4945577 -0.2385737 -0.1784057
vn 0.3313136 -0.3585213 0.3082648
vn -0.0742842 0.1865014 -0.5413247
vn -0.5162555 -0.2541997 0.04686207
vn -0.4300486 0.3465017 -0.1683094
vn -0.381272 0.3901251 -0.1891229
vn -0.4759007 0.3173493 -0.07836624
vn -0.5763699 0.02980557 -0.01557548
vn -0.5035855 0.1596151 -0.2329336
vn -0.4221314 0.3870197 -0.0731725
vn -0.4338148 0.3385991 -0.1746101
vn -0.5532813 0.1522695 -0.06345921
vn -0.5580717 -0.05793966 0.1361329
vn -0.4414602 -0.2625141 0.2636904
vn -0.04793558 -0.3664775 0.4435425
vn 0.0215468 0.2201155 -0.5333089
vn 0.09199675 0.2083633 -0.5305231
vn 0.01252007 0.2380012 -0.5258633
vn 0.1415574 -0.5463809 -0.1215022
vn 0.1017022 -0.4670227 -0.3238516
vn 0.1899654 -0.5387995 0.08331663
vn 0.286967 -0.4471277 0.2259649
vn 0.4248142 -0.2162167 0.3257554
vn 0.3874437 0.0587423 0.423993
vn 0.1410493 0.2711867 0.4897921
vn -0.2171893 0.4769769 0.2421885
vn -0.3145087 0.4689355 -0.1204876
vn -0.2684657 0.379573 -0.3423213
vn -0.1408394 0.1607638 -0.5363327
vn -0.1408394 0.1607638 -0.5363327
vn 0.01031748 -0.1562471 -0.5557102
vn 0.07797916 -0.3418782 -0.4586633
vn -0.04193048 0.2448883 -0.5211574
vn -0.1375266 0.2361577 -0.5085759
vn 0.2926883 -0.3894193 0.3098702
vn 0.4555226 -0.06727029 -0.3482918
vn 0.3568554 -0.01575659 -0.453585
vn 0.5349874 -0.05049176 -0.2111216
vn 0.5770606 -0.01804369 0.002951742
vn 0.5267726 -0.01786406 0.235637
vn 0.5770606 -0.01804369 0.002951742
vn 0.5713956 0.07943931 0.02301521
vn 0.4418607 0.01078273 0.3714515
vn 0.2907468 0.1086696 0.4868169
vn -0.008956863 0.1711719 0.5513197
vn -0.2871114 0.1622801 0.4738835
vn -0.4832743 0.1269474 0.2892466
vn -0.5676194 0.07014126 0.07887787
vn -0.5369772 0.008500105 -0.2119352
vn -0.3660958 -0.02407945 -0.4457887
vn -0.1533691 0.01139248 -0.5564904
vn 0.1333144 0.0470724 -0.5597722
vn 0.5661067 -0.1129863 -0.00951568
vn 0.5645186 -0.1208459 -0.006954678
vn -0.4900961 -0.1259149 -0.278001
vn -0.4829058 -0.08879497 -0.303728
vn -0.5136989 -0.06324522 -0.2558257
vn 0.517233 -0.2138466 0.1416791
vn 0.5151244 -0.1143922 0.2342959
vn 0.3759794 -0.07459025 0.4317513
vn -0.5519968 -0.04151062 -0.1640416
vn 0.4765455 -0.2463297 0.2134464
vn 0.5656542 0.09041143 0.07207243
vn 0.5558276 -0.04142784 0.1505744
vn 0.4703837 -0.2825759 0.1795086
vn 0.5558276 -0.04142784 0.1505744
vn 0.550272 -0.167229 0.05068051
vn -0.4847005 -0.2803284 -0.1407648
vn 0.2898874 -0.0121941 0.4991494
vn -0.08228736 -0.4347593 -0.3708728
vn 0.3673628 0.06619035 0.4404506
vn -0.0529272 -0.4423876 -0.3671858
vn 0.2788745 -0.4983543 -0.08488446
vn 0.4715665 -0.3018438 0.1408853
vn 0.4597703 0.02058389 0.3485985
vn 0.1121315 -0.5221019 -0.2194758
vn -0.4429093 -0.2882647 -0.2325256
vn 0.5419213 -0.1982315 -0.01894456
vn 0.5514196 -0.1552892 -0.07179815
vn -0.4879185 -0.09597739 0.2933551
vn -0.5751545 -0.04944585 0.009253356
vn -0.3292442 -0.2577482 -0.3981175
vn 0.4324973 0.04964131 0.3792297
vn -0.03872821 -0.1790145 0.5475284
vn -0.5472835 -0.1212047 -0.1382877
vn -0.5457419 -0.1690217 0.08325112
vn 0.3823349 -0.07692705 0.4257178
vn 0.5538609 -0.03347633 0.1595329
vn 0.4719031 -0.1766267 0.2818578
vn -0.553533 -0.1302236 -0.09988172
vn 0.2770662 -0.3224961 0.3905944
vn -0.5121774 -0.2474577 0.09885469
vn -0.2169388 -0.4071594 0.3471199
vn -0.06775279 -0.4050027 0.405852
vn 0.548579 -0.1799207 -0.004783281
vn -0.5622261 -0.05852936 0.1175136
vn 0.5321751 -0.1987049 0.1031468
vn -0.525921 -0.1139379 0.2091855
vn -0.435668 0.08036612 0.370227
vn 0.4305065 -0.0741342 0.3774939
vn -0.1772361 -0.04110319 0.5479336
vn 0.08542743 -0.04216317 0.5694365
vn 0.3876631 0.02068573 0.4273438
vn -0.4019464 -0.2307079 -0.3443055
vn 0.3024595 -0.09481385 0.4825577
vn -0.4508086 -0.281769 -0.2251916
vn -0.5768855 -0.02037903 0.01100098
vn 0.02096265 0.0493276 0.5748572
vn -0.2728729 0.1584688 0.4834888
vn -0.4667468 0.0345045 0.3380684
vn -0.3568554 -0.0157566 -0.453585
vn -0.4555226 -0.06727029 -0.3482918
vn -0.5349874 -0.05049177 -0.2111216
vn -0.5770606 -0.01804369 0.002951742
vn -0.5267726 -0.01786406 0.235637
vn -0.5713956 0.07943924 0.0230152
vn -0.5770606 -0.01804369 0.002951742
vn -0.4418607 0.01078272 0.3714515
vn -0.2907468 0.1086696 0.4868169
vn 0.008956863 0.1711719 0.5513197
vn 0.2871113 0.1622801 0.4738836
vn 0.4832742 0.1269474 0.2892467
vn 0.5676194 0.07014126 0.07887787
vn 0.5369772 0.008500069 -0.2119354
vn 0.3660955 -0.0240795 -0.4457888
vn 0.1533691 0.01139248 -0.5564904
vn -0.1333144 0.04707241 -0.5597722
vn -0.5661067 -0.1129863 -0.009515673
vn -0.5645186 -0.1208459 -0.006954678
vn 0.4900961 -0.1259149 -0.2780011
vn 0.4829058 -0.08879497 -0.303728
vn 0.5136989 -0.06324523 -0.2558257
vn -0.517233 -0.2138466 0.1416791
vn -0.5151244 -0.1143921 0.2342958
vn -0.3759794 -0.07459021 0.4317513
vn 0.5519968 -0.04151062 -0.1640416
vn -0.4765456 -0.2463297 0.2134464
vn -0.5656542 0.09041134 0.07207239
vn -0.5558277 -0.04142777 0.1505743
vn -0.4703838 -0.2825758 0.1795085
vn -0.5558277 -0.04142777 0.1505743
vn -0.550272 -0.1672289 0.05068051
vn 0.4847005 -0.2803284 -0.1407648
vn -0.2898874 -0.0121941 0.4991494
vn 0.08228738 -0.4347593 -0.3708728
vn -0.3673628 0.06619034 0.4404506
vn 0.0529272 -0.4423876 -0.3671858
vn -0.4715665 -0.3018438 0.1408853
vn -0.2788745 -0.4983544 -0.08488449
vn -0.4597703 0.02058388 0.3485984
vn -0.1121315 -0.5221019 -0.2194758
vn 0.4429093 -0.2882647 -0.2325256
vn -0.5419213 -0.1982315 -0.01894455
vn -0.5514196 -0.1552893 -0.07179815
vn 0.4879185 -0.09597737 0.2933551
vn 0.5751545 -0.04944585 0.009253355
vn 0.3292442 -0.2577482 -0.3981175
vn -0.4324973 0.04964131 0.3792297
vn 0.03872821 -0.1790144 0.5475284
vn 0.5472835 -0.1212047 -0.1382876
vn 0.5457419 -0.1690217 0.08325112
vn -0.3823348 -0.0769269 0.4257179
vn -0.5538608 -0.03347633 0.1595332
vn -0.4719029 -0.1766267 0.281858
vn 0.553533 -0.1302236 -0.09988172
vn -0.2770662 -0.3224961 0.3905944
vn 0.5121774 -0.2474578 0.09885468
vn 0.2169388 -0.4071594 0.3471199
vn 0.06775279 -0.4050027 0.405852
vn -0.548579 -0.1799207 -0.004783284
vn 0.5622261 -0.05852938 0.1175136
vn -0.5321751 -0.198705 0.1031468
vn 0.525921 -0.1139379 0.2091855
vn 0.435668 0.08036612 0.370227
vn -0.4305065 -0.07413418 0.3774939
vn 0.1772361 -0.04110325 0.5479338
vn -0.08542743 -0.0421632 0.5694365
vn -0.3876631 0.02068573 0.4273438
vn 0.4019464 -0.2307079 -0.3443055
vn -0.3024595 -0.09481385 0.4825577
vn 0.4508086 -0.281769 -0.2251916
vn 0.5768855 -0.02037907 0.01100098
vn -0.02096265 0.0493276 0.5748572
vn 0.2728729 0.1584688 0.4834888
vn 0.4667468 0.03450444 0.3380684
vn -0.06002475 -0.3588825 -0.4482564
vn -0.06002475 -0.3588825 -0.4482564
vn -0.06002475 -0.3588825 -0.4482564
vt 0.4825469 0.2667512
vt 0.4829564 0.2500868
vt 0.4608735 0.2646263
vt 0.4597773 0.2425396
vt 0.439005 0.2655883
vt 0.4321921 0.246158
vt 0.4200705 0.2703256
vt 0.4137441 0.2568245
vt 0.4841253 0.236938
vt 0.4578877 0.2287193
vt 0.4274903 0.2323015
vt 0.4034238 0.2450791
vt 0.4840023 0.2318477
vt 0.4577782 0.220753
vt 0.4201164 0.2186704
vt 0.394658 0.2281622
vt 0.382968 0.2505164
vt 0.3899581 0.2589163
vt 0.3992182 0.2706597
vt 0.4055854 0.2828189
vt 0.4843097 0.2821021
vt 0.4855567 0.292948
vt 0.7234774 0.1329628
vt 0.4001147 0.2868649
vt 0.3940214 0.2763269
vt 0.3860218 0.2956428
vt 0.3799681 0.2853812
vt 0.4024172 0.3133665
vt 0.3852201 0.3087685
vt 0.3943381 0.3325101
vt 0.3751577 0.3276224
vt 0.3810765 0.3473047
vt 0.3607443 0.3465268
vt 0.3772986 0.3740965
vt 0.3527852 0.3620395
vt 0.3634009 0.3906443
vt 0.3420433 0.3734232
vt 0.3470885 0.410143
vt 0.3305434 0.3917398
vt 0.3256279 0.4266858
vt 0.313949 0.4052371
vt 0.280398 0.4329588
vt 0.2752824 0.4061102
vt 0.4145268 0.3105594
vt 0.4286427 0.2904903
vt 0.4411206 0.285886
vt 0.4623178 0.2828625
vt 0.4124984 0.32883
vt 0.4373483 0.3073658
vt 0.4384988 0.3170267
vt 0.4649174 0.2979806
vt 0.4672885 0.3059476
vt 0.7441375 0.1150193
vt 0.7471769 0.1200014
vt 0.7595006 0.1026281
vt 0.7645354 0.1088019
vt 0.7699701 0.09036909
vt 0.7758294 0.09893817
vt 0.7794331 0.08038455
vt 0.7848408 0.08946593
vt 0.7842641 0.07156147
vt 0.7924072 0.08083797
vt 0.7905084 0.05820103
vt 0.8021439 0.06851595
vt 0.7944144 0.04488727
vt 0.8084865 0.05024945
vt 0.7971622 0.02590312
vt 0.8088883 0.02801986
vt 0.4866061 0.2977531
vt 0.4739949 0.3129825
vt 0.4620343 0.3199176
vt 0.4526496 0.3293693
vt 0.4423007 0.3390879
vt 0.4372059 0.3513091
vt 0.430516 0.3700214
vt 0.4342932 0.4013272
vt 0.4419678 0.4252076
vt 0.441335 0.3243388
vt 0.4305457 0.333935
vt 0.4250553 0.3447801
vt 0.4100072 0.3403755
vt 0.3989021 0.3416511
vt 0.3920538 0.349407
vt 0.3898059 0.3664468
vt 0.4164341 0.3610185
vt 0.4053249 0.354393
vt 0.4002671 0.3693403
vt 0.410057 0.3769972
vt 0.4176645 0.3899202
vt 0.4208591 0.4117866
vt 0.4287415 0.4325089
vt 0.3861468 0.3833435
vt 0.3951304 0.3945785
vt 0.4011863 0.4064547
vt 0.4059501 0.4229779
vt 0.414487 0.4408735
vt 0.3718076 0.4011343
vt 0.381655 0.4096744
vt 0.3867475 0.4185313
vt 0.3927644 0.4336912
vt 0.3995478 0.4515873
vt 0.3567873 0.4250483
vt 0.3670235 0.4462081
vt 0.3723604 0.4643286
vt 0.4871654 0.213373
vt 0.4889697 0.2014224
vt 0.4655882 0.2065541
vt 0.472333 0.1956198
vt 0.4398442 0.2099184
vt 0.4478756 0.1979863
vt 0.4521964 0.1872639
vt 0.4369585 0.1780649
vt 0.4215625 0.1833863
vt 0.4193533 0.1976127
vt 0.4905695 0.1795485
vt 0.4772169 0.1754782
vt 0.4564897 0.1712576
vt 0.4377172 0.1614871
vt 0.4914145 0.1627595
vt 0.4772594 0.1591193
vt 0.4581882 0.1538749
vt 0.442908 0.1530831
vt 0.2555449 0.4206537
vt 0.2567559 0.4101115
vt 0.2369513 0.419593
vt 0.234507 0.4070944
vt 0.2676927 0.3758935
vt 0.2797455 0.382937
vt 0.2830824 0.3465113
vt 0.293709 0.3560485
vt 0.3007054 0.3241273
vt 0.3091772 0.340807
vt 0.3065535 0.3085375
vt 0.3196032 0.3191394
vt 0.3121104 0.2872992
vt 0.3229359 0.2965638
vt 0.3321442 0.2702106
vt 0.3475791 0.2836423
vt 0.3650387 0.26015
vt 0.3722031 0.2756595
vt 0.3790191 0.2551645
vt 0.3861193 0.2646446
vt 0.3580177 0.2941654
vt 0.3439041 0.3094178
vt 0.3357184 0.3295925
vt 0.3229073 0.349613
vt 0.3068395 0.3678772
vt 0.2953307 0.3893878
vt 0.3048182 0.4349646
vt 0.2947303 0.4095829
vt 0.3680126 0.3071451
vt 0.3565255 0.3207642
vt 0.3475054 0.3368086
vt 0.3182223 0.3758724
vt 0.3056854 0.3934434
vt 0.3338031 0.3570824
vt 0.3346651 0.4433981
vt 0.3434024 0.459308
vt 0.3488586 0.4747581
vt 0.3112595 0.4530818
vt 0.3152378 0.4717495
vt 0.3191992 0.4860955
vt 0.2146756 0.4137854
vt 0.2160346 0.4037932
vt 0.1780006 0.4036913
vt 0.1880192 0.3959587
vt 0.3558459 0.2257958
vt 0.3413671 0.2297373
vt 0.3698893 0.2423716
vt 0.3586027 0.2488553
vt 0.3221871 0.765556
vt 0.3282498 0.7849723
vt 0.3435977 0.7623457
vt 0.3523942 0.7783775
vt 0.3294586 0.7472146
vt 0.3490345 0.7494819
vt 0.3418202 0.8099003
vt 0.348895 0.8382382
vt 0.3538925 0.8559244
vt 0.3540466 0.8721528
vt 0.3596287 0.8090695
vt 0.3652877 0.8381349
vt 0.3710304 0.8581995
vt 0.3702087 0.8736574
vt 0.351267 0.8938894
vt 0.3404334 0.9157863
vt 0.3460792 0.931439
vt 0.3433164 0.7302579
vt 0.3482615 0.7047464
vt 0.3584346 0.9556676
vt 0.3653608 0.7302686
vt 0.3673134 0.7076854
vt 0.3780973 0.9511372
vt 0.3710956 0.9285268
vt 0.3704679 0.9133132
vt 0.3718651 0.8939098
vt 0.3957722 0.9130785
vt 0.3995165 0.9246365
vt 0.4096073 0.917598
vt 0.4090427 0.9277235
vt 0.3885123 0.8963243
vt 0.3797587 0.8751602
vt 0.3780141 0.8613598
vt 0.3761391 0.8405684
vt 0.372012 0.8167359
vt 0.3668399 0.78896
vt 0.3705684 0.7668543
vt 0.3748956 0.7529014
vt 0.3790396 0.7336544
vt 0.3788972 0.7150795
vt 0.3929291 0.9491918
vt 0.4043595 0.9430834
vt 0.4174153 0.9728962
vt 0.4033233 0.7398377
vt 0.3998396 0.76285
vt 0.397028 0.7880228
vt 0.3885617 0.8042618
vt 0.3886293 0.8266636
vt 0.3924334 0.8493164
vt 0.3958944 0.8714553
vt 0.3976803 0.8893456
vt 0.4049226 0.9038039
vt 0.2837118 0.4528491
vt 0.2862637 0.4717841
vt 0.2887553 0.4925494
vt 0.256847 0.4366559
vt 0.2341875 0.4303533
vt 0.2104081 0.4256249
vt 0.1707876 0.4130168
vt 0.3595206 0.211197
vt 0.3776779 0.2353518
vt 0.3876934 0.2105495
vt 0.4170165 0.2081907
vt 0.3967896 0.1908924
vt 0.3714246 0.1837739
vt 0.35217 0.1768641
vt 0.184321 0.4333806
vt 0.159631 0.4450232
vt 0.1709045 0.468888
vt 0.1960389 0.4582281
vt 0.215125 0.4496389
vt 0.1806107 0.4903333
vt 0.2045887 0.4829569
vt 0.2227501 0.4749546
vt 0.1881765 0.5080182
vt 0.2106235 0.5031304
vt 0.2299575 0.4993493
vt 0.2376498 0.4462488
vt 0.2454456 0.4717859
vt 0.2491456 0.4947498
vt 0.2614934 0.4535961
vt 0.2671044 0.4737333
vt 0.2687252 0.4908918
vt 0.4022337 0.1746845
vt 0.3830629 0.165525
vt 0.3667071 0.1594541
vt 0.1367223 0.4530813
vt 0.1491131 0.4734513
vt 0.1617476 0.491989
vt 0.1735446 0.5092089
vt 0.4216146 0.1619488
vt 0.4063824 0.156716
vt 0.4254562 0.1453389
vt 0.410068 0.1424095
vt 0.3877842 0.1526514
vt 0.3711505 0.1490371
vt 0.1254748 0.4563229
vt 0.1400397 0.4778901
vt 0.1523809 0.4954897
vt 0.1596168 0.5116242
vt 0.490294 0.1392514
vt 0.4786534 0.1379028
vt 0.4598235 0.1350665
vt 0.4464836 0.1352323
vt 0.4294038 0.1306751
vt 0.4081647 0.1294232
vt 0.3910891 0.1413217
vt 0.3888125 0.1283583
vt 0.372697 0.1405667
vt 0.3740711 0.129662
vt 0.1159221 0.4576036
vt 0.10548 0.4623185
vt 0.1289763 0.4811864
vt 0.1160657 0.4867665
vt 0.1394169 0.4981142
vt 0.1479492 0.5169504
vt 0.1248508 0.5060997
vt 0.1309257 0.5266485
vt 0.4915262 0.1191885
vt 0.4796043 0.1186748
vt 0.4622319 0.1183115
vt 0.4507045 0.1174895
vt 0.4321144 0.1201714
vt 0.409814 0.1235004
vt 0.3873381 0.119053
vt 0.3699116 0.1181815
vt 0.09837975 0.4657331
vt 0.1087855 0.4897633
vt 0.1146809 0.5088663
vt 0.1219002 0.5264084
vt 0.132503 0.5471787
vt 0.4919675 0.09575479
vt 0.4942385 0.07345375
vt 0.4791795 0.09724873
vt 0.4823839 0.0711801
vt 0.4969596 0.05287451
vt 0.48829 0.05027069
vt 0.4953516 0.03234678
vt 0.4668536 0.1003541
vt 0.4524281 0.1048397
vt 0.4362447 0.1088535
vt 0.4083187 0.1018807
vt 0.428074 0.09483977
vt 0.390689 0.1040168
vt 0.3751091 0.1015907
vt 0.08707166 0.4721012
vt 0.06905527 0.4674009
vt 0.08133125 0.4930898
vt 0.06439317 0.4924923
vt 0.07669287 0.5164161
vt 0.06204752 0.5141084
vt 0.07197171 0.5342312
vt 0.05545587 0.5324632
vt 0.06617247 0.5522642
vt 0.053036 0.5475538
vt 0.05876724 0.5671684
vt 0.04813641 0.5642453
vt 0.4937818 0.002636012
vt 0.4832638 0.003446007
vt 0.4787301 0.04949621
vt 0.4760859 0.04400077
vt 0.4660044 0.07119425
vt 0.4615946 0.06345458
vt 0.450554 0.09311292
vt 0.444352 0.08240985
vt 0.4848486 0.02813505
vt 0.4900745 0.03155868
vt 0.02891943 0.5779403
vt 0.03920704 0.5785225
vt 0.4655119 0.08454863
vt 0.4986704 0.00121956
vt 0.0976313 0.4940707
vt 0.1040828 0.5167534
vt 0.11164 0.5384027
vt 0.09192561 0.4952897
vt 0.09388255 0.5187879
vt 0.09592724 0.5455214
vt 0.07609474 0.5587815
vt 0.06888829 0.5705427
vt 0.05250386 0.5786835
vt 0.4241635 0.795507
vt 0.4253222 0.7734472
vt 0.4288584 0.7501466
vt 0.431937 0.7261566
vt 0.4343152 0.9508406
vt 0.4312008 0.9350842
vt 0.4281424 0.921512
vt 0.4232745 0.9062627
vt 0.4263466 0.8959884
vt 0.4266347 0.88177
vt 0.4267664 0.8612609
vt 0.4269218 0.8395309
vt 0.4271783 0.8169488
vt 0.4595961 0.8099645
vt 0.4630933 0.7916871
vt 0.4671142 0.7743458
vt 0.4864579 0.9612566
vt 0.4779046 0.9494843
vt 0.4716947 0.9373295
vt 0.466578 0.9261898
vt 0.4620382 0.9154286
vt 0.4596602 0.9045569
vt 0.4585858 0.8916014
vt 0.4591651 0.871784
vt 0.4584535 0.8495991
vt 0.4570637 0.8293792
vt 0.5051301 0.9510298
vt 0.4964409 0.9420289
vt 0.4903685 0.9332372
vt 0.4857742 0.923366
vt 0.4819671 0.914501
vt 0.4803477 0.9055101
vt 0.4803992 0.8956873
vt 0.4782135 0.8770159
vt 0.4754455 0.8509344
vt 0.4769052 0.8296149
vt 0.4793663 0.812356
vt 0.4814191 0.7981144
vt 0.4844885 0.7839403
vt 0.4049129 0.8106721
vt 0.4074344 0.8333236
vt 0.4102588 0.8559467
vt 0.4112259 0.8772622
vt 0.4140393 0.8933628
vt 0.4856384 0.8957462
vt 0.4845423 0.9036384
vt 0.4856169 0.9126607
vt 0.4895135 0.9215424
vt 0.4940942 0.930161
vt 0.4998132 0.9387717
vt 0.4941897 0.7738592
vt 0.4894857 0.7844225
vt 0.4877479 0.7994725
vt 0.4860217 0.8131137
vt 0.483647 0.8294971
vt 0.4827161 0.8509274
vt 0.4849018 0.8785074
vt 0.9347008 0.9143134
vt 0.9275091 0.9306248
vt 0.914656 0.9432793
vt 0.9032258 0.95303
vt 0.8877141 0.9660864
vt 0.9230907 0.6854516
vt 0.9262991 0.7062685
vt 0.9312689 0.7252228
vt 0.9419172 0.745047
vt 0.9516729 0.763932
vt 0.9552087 0.7857
vt 0.9598439 0.8062649
vt 0.9586402 0.8223748
vt 0.9561453 0.8460934
vt 0.9500324 0.8744346
vt 0.9412668 0.8973458
vt 0.8918254 0.875716
vt 0.8827743 0.8908288
vt 0.8734836 0.9066779
vt 0.8683589 0.920298
vt 0.8615225 0.9353102
vt 0.8577137 0.9476514
vt 0.8948511 0.6991696
vt 0.8919876 0.7169415
vt 0.8941735 0.7317897
vt 0.9043103 0.7477147
vt 0.9109129 0.7648266
vt 0.9126255 0.7793881
vt 0.9162485 0.7935631
vt 0.9129602 0.8090093
vt 0.912187 0.8316668
vt 0.8995216 0.8555651
vt 0.8566979 0.8984067
vt 0.8512199 0.913716
vt 0.8461843 0.9266729
vt 0.8422923 0.9402109
vt 0.8760813 0.7002479
vt 0.8756819 0.7197697
vt 0.8776616 0.7354659
vt 0.8770676 0.7536753
vt 0.8888286 0.7696211
vt 0.9006556 0.7782046
vt 0.8927677 0.7905384
vt 0.8906678 0.806268
vt 0.8885766 0.828142
vt 0.8770965 0.8491087
vt 0.867925 0.8674094
vt 0.8615099 0.8816597
vt 0.9295462 0.7639726
vt 0.9235455 0.7463591
vt 0.9118053 0.7262084
vt 0.9076267 0.7106303
vt 0.908176 0.6936557
vt 0.8675262 0.9536468
vt 0.881639 0.9446529
vt 0.8889577 0.9316884
vt 0.8952634 0.9166386
vt 0.9044304 0.9016672
vt 0.9156568 0.8856511
vt 0.9246718 0.8650284
vt 0.9339989 0.8383522
vt 0.9356254 0.8140982
vt 0.9379967 0.7988697
vt 0.933973 0.782371
vt 0.8788031 0.7840316
vt 0.8766958 0.771275
vt 0.8684673 0.7571995
vt 0.8693309 0.7375118
vt 0.8676164 0.7227444
vt 0.8614379 0.703266
vt 0.85871 0.6880103
vt 0.8374553 0.9235665
vt 0.8433679 0.9112061
vt 0.8474433 0.8952477
vt 0.8509057 0.8767099
vt 0.8562669 0.8648484
vt 0.8636818 0.8466844
vt 0.8725996 0.8268785
vt 0.8751974 0.8031939
vt 0.8602399 0.767783
vt 0.8604907 0.7796786
vt 0.8586346 0.7971379
vt 0.8557439 0.8202218
vt 0.8511721 0.8434359
vt 0.8433291 0.8613416
vt 0.8410331 0.8735248
vt 0.8381585 0.8960819
vt 0.833708 0.9094874
vt 0.8304719 0.9206003
vt 0.8276209 0.9330704
vt 0.8519527 0.7025392
vt 0.8545904 0.7242303
vt 0.8563255 0.7385905
vt 0.8564979 0.7547037
vt 0.8186636 0.9078913
vt 0.8157071 0.9200267
vt 0.8144062 0.9307579
vt 0.8372315 0.7064365
vt 0.8410097 0.7234759
vt 0.8429971 0.7395092
vt 0.8437382 0.7533795
vt 0.8442071 0.7663002
vt 0.8433564 0.778723
vt 0.8434678 0.7929935
vt 0.8392352 0.8180401
vt 0.8358497 0.8380653
vt 0.8311026 0.8581164
vt 0.8282881 0.8733699
vt 0.8234573 0.8943171
vt 0.8022037 0.8711259
vt 0.8015115 0.8908941
vt 0.7960344 0.9033245
vt 0.7894714 0.9127705
vt 0.7873958 0.9266729
vt 0.8146929 0.7049164
vt 0.8167351 0.7208278
vt 0.8180264 0.7362126
vt 0.818858 0.7508073
vt 0.8191795 0.7647001
vt 0.8182537 0.7780882
vt 0.8157609 0.7948975
vt 0.8147333 0.8174294
vt 0.810693 0.8371981
vt 0.8052514 0.8580882
vt 0.7947502 0.7519513
vt 0.7945279 0.7644099
vt 0.7926572 0.7761889
vt 0.7873672 0.7913526
vt 0.7801753 0.8091346
vt 0.7736973 0.8301384
vt 0.773088 0.8470416
vt 0.7739574 0.8628669
vt 0.7730159 0.8824694
vt 0.7661362 0.8908636
vt 0.7560467 0.9008086
vt 0.7492476 0.9141831
vt 0.7851233 0.708696
vt 0.7919051 0.7234151
vt 0.7938281 0.7380716
vt 0.7927315 0.8346772
vt 0.7997212 0.7061689
vt 0.767776 0.9238617
vt 0.7730878 0.9083036
vt 0.7812618 0.8982208
vt 0.7875932 0.8869777
vt 0.7885112 0.8675844
vt 0.7902851 0.8528572
vt 0.8297565 0.7375009
vt 0.8283898 0.7219363
vt 0.8258993 0.7059447
vt 0.8050357 0.928755
vt 0.8033482 0.9168022
vt 0.8055459 0.9056194
vt 0.8113236 0.892709
vt 0.8171611 0.8727927
vt 0.820061 0.8581256
vt 0.8212317 0.8389236
vt 0.8252149 0.8180929
vt 0.8281912 0.7953196
vt 0.888036 0.7511848
vt 0.8975543 0.7676665
vt 0.7542532 0.8734879
vt 0.7499468 0.8841708
vt 0.7452775 0.8944574
vt 0.7387681 0.9045262
vt 0.7721541 0.7124561
vt 0.7767714 0.7267789
vt 0.7790377 0.7402443
vt 0.7799968 0.753024
vt 0.7799357 0.7642204
vt 0.7782781 0.7749576
vt 0.7737217 0.7897512
vt 0.7673202 0.8075807
vt 0.7606 0.8300487
vt 0.7592061 0.8440704
vt 0.7590693 0.8562747
vt 0.8300139 0.7517143
vt 0.8306668 0.7653384
vt 0.8302166 0.7789837
vt 0.7282635 0.8769754
vt 0.7263532 0.8855345
vt 0.7224301 0.89339
vt 0.7548735 0.7178893
vt 0.7606076 0.7312644
vt 0.7639487 0.7433547
vt 0.765478 0.7550259
vt 0.7650921 0.7643819
vt 0.7636198 0.7734343
vt 0.7594095 0.7864469
vt 0.752872 0.8041362
vt 0.7454031 0.8240255
vt 0.7404685 0.8378944
vt 0.7357822 0.8523194
vt 0.7308518 0.8662886
vt 0.4439786 0.9121838
vt 0.4480795 0.9246209
vt 0.452251 0.9374324
vt 0.4576662 0.9516109
vt 0.4544895 0.7428228
vt 0.4495923 0.7624843
vt 0.4456804 0.782773
vt 0.4430999 0.803679
vt 0.442277 0.8239189
vt 0.4429071 0.8450382
vt 0.4427154 0.8664669
vt 0.4421504 0.8861677
vt 0.442598 0.9004286
vt 0.7090253 0.08947874
vt 0.7094101 0.08668882
vt 0.7132822 0.08755651
vt 0.712423 0.08974001
vt 0.7167296 0.08906917
vt 0.7156664 0.09043031
vt 0.720445 0.09033288
vt 0.7211791 0.09194187
vt 0.7233549 0.08999007
vt 0.7239228 0.09100348
vt 0.7250381 0.08869457
vt 0.7255569 0.08945484
vt 0.7257295 0.08648606
vt 0.7265205 0.08673637
vt 0.7250202 0.08373802
vt 0.7257832 0.08359772
vt 0.7207243 0.07748018
vt 0.7216951 0.07694053
vt 0.7172847 0.07474755
vt 0.7177548 0.07307795
vt 0.7104396 0.07354221
vt 0.710583 0.07151602
vt 0.7136428 0.07182618
vt 0.7133778 0.07368203
vt 0.7237201 0.07965346
vt 0.7231419 0.08035609
vt 0.7079799 0.06967852
vt 0.7070715 0.06764087
vt 0.7074223 0.06617268
vt 0.7080879 0.06523637
vt 0.7094893 0.06358329
vt 0.7094463 0.06475351
vt 0.7117379 0.06362308
vt 0.7114374 0.06491587
vt 0.7142435 0.06459177
vt 0.7135507 0.06570754
vt 0.7162175 0.06619681
vt 0.7140988 0.06642483
vt 0.7149505 0.06928213
vt 0.7137342 0.06803197
vt 0.7113388 0.07023986
vt 0.7111846 0.06949104
vt 0.7083176 0.07060719
vt 0.7189937 0.06312087
vt 0.7180666 0.06442671
vt 0.7151005 0.05995759
vt 0.7145213 0.06047273
vt 0.7103047 0.0575999
vt 0.710009 0.05836436
vt 0.7073259 0.05773811
vt 0.7074264 0.05706456
vt 0.7075549 0.05986274
vt 0.7074713 0.0614461
vt 0.707533 0.06283448
vt 0.7098468 0.06042395
vt 0.7088663 0.06143712
vt 0.7116082 0.06240408
vt 0.7093211 0.06277905
vt 0.7076734 0.06372914
vt 0.7133507 0.06150141
vt 0.7168904 0.06544923
vt 0.7080045 0.07377663
vt 0.7080677 0.07195971
vt 0.719395 0.07138384
vt 0.7232018 0.07526256
vt 0.7256939 0.07914375
vt 0.7274555 0.08389631
vt 0.7278775 0.08784217
vt 0.7271211 0.09129455
vt 0.7248879 0.09450181
vt 0.7213323 0.09413437
vt 0.7154458 0.09238433
vt 0.7123795 0.09190048
vt 0.7089846 0.09174145
vt 0.7186957 0.06656846
vt 0.7178009 0.06832822
vt 0.7169886 0.06885629
vt 0.7164887 0.06780569
vt 0.7142333 0.06727663
vt 0.7214439 0.06918802
vt 0.7203089 0.07061433
vt 0.7209114 0.06516136
vt 0.7238626 0.06820356
vt 0.7282112 0.07300146
vt 0.7254641 0.07340956
vt 0.7322481 0.08106413
vt 0.7297 0.08091398
vt 0.735133 0.08878561
vt 0.7313727 0.0879088
vt 0.7329423 0.09656004
vt 0.7301856 0.09423623
vt 0.7286639 0.100963
vt 0.726725 0.09825218
vt 0.7236822 0.103443
vt 0.715674 0.1052189
vt 0.7106531 0.1054676
vt 0.7243719 0.07450943
vt 0.7273309 0.07941117
vt 0.7289261 0.08502366
vt 0.7346421 0.09336793
vt 0.7310487 0.09056162
vt 0.7295359 0.08931281
vt 0.7286848 0.09258894
vt 0.725895 0.0956012
vt 0.7087625 0.09460639
vt 0.7122286 0.09522304
vt 0.7090274 0.09730776
vt 0.7114701 0.09681995
vt 0.7151135 0.09573399
vt 0.7150333 0.1009056
vt 0.7101657 0.1011331
vt 0.7213973 0.09695262
vt 0.7234703 0.1000025
vt 0.7093069 0.06784634
vt 0.7097465 0.06859897
vt 0.710559 0.06892983
vt 0.7117102 0.06832279
vt 0.7120084 0.06769975
vt 0.712332 0.06690905
vt 0.7110205 0.06633084
vt 0.7100722 0.06615087
vt 0.7093548 0.0665432
vt 0.710398 0.06739771
vt 0.7107141 0.06801792
vt 0.7233542 0.1075415
vt 0.7160391 0.1092041
vt 0.7239072 0.111682
vt 0.7157367 0.1138446
vt 0.7098215 0.1152756
vt 0.7104107 0.1104051
vt 0.7309159 0.1049448
vt 0.7329863 0.1091606
vt 0.7375281 0.1002764
vt 0.7406852 0.1037273
vt 0.7420328 0.09339084
vt 0.7459626 0.09595571
vt 0.7464699 0.0819726
vt 0.7501082 0.0827325
vt 0.7477641 0.07035011
vt 0.7523782 0.07047723
vt 0.7453591 0.05835069
vt 0.7491076 0.05659018
vt 0.7395328 0.04926265
vt 0.7419279 0.0464827
vt 0.7321479 0.04205189
vt 0.7341247 0.0394274
vt 0.7256117 0.03836152
vt 0.7273872 0.03528716
vt 0.7173976 0.03707341
vt 0.717721 0.03357125
vt 0.7109047 0.03754741
vt 0.710319 0.03430468
vt 0.7388948 0.0904871
vt 0.7376047 0.09465677
vt 0.7421946 0.08042224
vt 0.7429156 0.07057837
vt 0.7381714 0.05828775
vt 0.7350836 0.05073947
vt 0.7292479 0.04498396
vt 0.7237373 0.0421731
vt 0.7171746 0.04156458
vt 0.7113034 0.0425908
vt 0.7087114 0.05282898
vt 0.7087944 0.0509942
vt 0.7089413 0.04852172
vt 0.708378 0.0469269
vt 0.7201257 0.05897769
vt 0.7200913 0.05949775
vt 0.7223611 0.0584868
vt 0.7230582 0.05933035
vt 0.7238239 0.05725069
vt 0.7250757 0.05788445
vt 0.7169046 0.05796292
vt 0.7171076 0.05755284
vt 0.7149615 0.05631956
vt 0.7155502 0.05619946
vt 0.7138789 0.05523667
vt 0.7149485 0.05544399
vt 0.71367 0.05435175
vt 0.7150885 0.05471131
vt 0.7243372 0.05623789
vt 0.7257119 0.05654979
vt 0.7239445 0.05560216
vt 0.7251161 0.05530196
vt 0.7204669 0.0538398
vt 0.7203022 0.05302521
vt 0.7185565 0.05378992
vt 0.718261 0.05296707
vt 0.7162614 0.05411869
vt 0.7154556 0.05339056
vt 0.7164892 0.05551951
vt 0.7166175 0.05590789
vt 0.7171166 0.05507248
vt 0.7117567 0.04602854
vt 0.7122484 0.04792232
vt 0.7168469 0.04501143
vt 0.7168367 0.04720245
vt 0.7269171 0.04711586
vt 0.725103 0.04872214
vt 0.7315097 0.05152585
vt 0.7285426 0.0516021
vt 0.7220715 0.0473733
vt 0.7227439 0.04522823
vt 0.7324027 0.05528472
vt 0.7295437 0.05492602
vt 0.7313145 0.05960652
vt 0.729353 0.05775154
vt 0.7279952 0.06298216
vt 0.7270578 0.06024423
vt 0.7241732 0.06371559
vt 0.7237101 0.0616278
vt 0.7196633 0.0618526
vt 0.7197468 0.06067204
vt 0.70832 0.04512944
vt 0.7270921 0.06640647
vt 0.731616 0.07180438
vt 0.7360085 0.07977135
vt 0.7308409 0.06525793
vt 0.7344531 0.0692889
vt 0.7381999 0.07482835
vt 0.7350142 0.06227475
vt 0.7371906 0.06615038
vt 0.7392623 0.07071202
vt 0.7410638 0.06346615
vt 0.7460228 0.06337745
vt 0.7512997 0.06189238
vt 0.7131866 0.05012504
vt 0.7173768 0.05000704
vt 0.7210807 0.05015337
vt 0.7233389 0.0509235
vt 0.7260339 0.05255515
vt 0.7273898 0.05486208
vt 0.7275922 0.05702046
vt 0.7262095 0.05893173
vt 0.7235028 0.06044317
vt 0.7199572 0.06008779
vt 0.7222649 0.05341262
vt 0.7222979 0.05423152
vt 0.7237417 0.05416944
vt 0.7231361 0.05464911
vt 0.7071615 0.05596788
vt 0.7098856 0.05641737
vt 0.7157936 0.05930781
vt 0.7160594 0.05861356
vt 0.710081 0.05583336
vt 0.7073171 0.05541985
vt 0.7078553 0.0538743
vt 0.7164892 0.05827899
vt 0.7103792 0.05523804
vt 0.7108662 0.05342419
vt 0.7110951 0.05460797
vt 0.713988 0.05647059
vt 0.7074149 0.05471538
vt 0.7131829 0.05671079
vt 0.7128438 0.0572359
vt 0.7125266 0.05782065
vt 0.712345 0.05861048
vt 0.7118 0.05977454
vt 0.7102444 0.08428346
vt 0.7139519 0.08537177
vt 0.7169032 0.08732049
vt 0.7202031 0.08902679
vt 0.7224251 0.08933363
vt 0.7244349 0.08847482
vt 0.7250637 0.08659705
vt 0.7244565 0.08382622
vt 0.7227435 0.08159567
vt 0.7197713 0.0790192
vt 0.7164975 0.07666042
vt 0.7134553 0.07613271
vt 0.7107227 0.07571661
vt 0.7083851 0.07573336
vt 0.7514886 0.05521155
vt 0.7529356 0.05934575
vt 0.7540272 0.052913
vt 0.7559997 0.05670992
vt 0.7574215 0.0511196
vt 0.7584738 0.05402212
vt 0.7612972 0.04951369
vt 0.7605402 0.05241966
vt 0.7640058 0.05019501
vt 0.7621728 0.05249775
vt 0.7651411 0.0516685
vt 0.7633795 0.05286717
vt 0.7656621 0.05421059
vt 0.7629567 0.05443822
vt 0.7638851 0.05791032
vt 0.7608265 0.0558564
vt 0.760957 0.0613159
vt 0.7588602 0.05736229
vt 0.7565833 0.06532384
vt 0.7562738 0.06079718
vt 0.7539953 0.06851003
vt 0.7541546 0.06280984
vt 0.7552566 0.04877486
vt 0.7590364 0.04727624
vt 0.7530394 0.05088198
vt 0.7506258 0.05343011
vt 0.7629206 0.0475088
vt 0.7663731 0.04983839
vt 0.7667139 0.05454823
vt 0.7650361 0.05841129
vt 0.7615815 0.06320106
vt 0.7576596 0.0677999
vt 0.7549981 0.07042759
vt 0.7457573 0.04443261
vt 0.7385879 0.03623517
vt 0.7302696 0.0303736
vt 0.7192504 0.02835738
vt 0.710471 0.02847391
vt 0.7544959 0.08173017
vt 0.7498429 0.09638784
vt 0.7422411 0.1067657
vt 0.7326028 0.1136786
vt 0.7239255 0.116632
vt 0.7160212 0.1189403
vt 0.7091894 0.1204811
vt 0.7652352 0.04558213
vt 0.7697943 0.04932917
vt 0.7594819 0.04439257
vt 0.7550166 0.04613312
vt 0.751934 0.04718533
vt 0.7703483 0.05567582
vt 0.7675253 0.06163691
vt 0.7624783 0.06776774
vt 0.7586812 0.07310332
vt 0.7517039 0.04076292
vt 0.746738 0.03271564
vt 0.7354808 0.02580532
vt 0.7224314 0.0214074
vt 0.7118141 0.01971538
vt 0.7089901 0.1249993
vt 0.7160539 0.1239234
vt 0.7243243 0.1208275
vt 0.73386 0.1170892
vt 0.7443864 0.1100273
vt 0.756057 0.09721918
vt 0.7622768 0.08367655
vt 0.7338346 0.1205831
vt 0.7236878 0.1248857
vt 0.7116385 0.1278121
vt 0.7205763 0.1304043
vt 0.7345057 0.1229606
vt 0.7168008 0.1260219
vt 0.7718022 0.07313596
vt 0.7759434 0.06589084
vt 0.7792017 0.05592058
vt 0.780268 0.04517527
vt 0.7817298 0.02837844
vt 0.7516645 0.02193017
vt 0.7573863 0.02647284
vt 0.7545779 0.01233586
vt 0.7611642 0.01591734
vt 0.7449545 0.01119668
vt 0.7473508 0.01682691
vt 0.7686702 0.01886125
vt 0.7763281 0.0214611
vt 0.7724773 0.03778823
vt 0.7646548 0.03163177
vt 0.7609167 0.03677667
vt 0.7572799 0.03824966
vt 0.7173105 0.05637425
vt 0.7199905 0.05742855
vt 0.7215986 0.05739899
vt 0.7227178 0.05671695
vt 0.7232435 0.05619663
vt 0.7232946 0.05567434
vt 0.7228718 0.0552469
vt 0.7221738 0.05494055
vt 0.7206114 0.05465218
vt 0.7188396 0.05452802
vt 0.7093642 0.0822043
vt 0.7141744 0.0836481
vt 0.7170057 0.08563735
vt 0.7202926 0.08759876
vt 0.7215517 0.08780607
vt 0.722964 0.0875501
vt 0.72409 0.086372
vt 0.7232613 0.08438349
vt 0.7219824 0.08290322
vt 0.7187082 0.08021443
vt 0.7144033 0.07866346
vt 0.7110915 0.0784681
vt 0.709288 0.07802354
vt 0.7077999 0.07775106
vt 0.6525435 0.1570591
vt 0.6551511 0.1612971
vt 0.6588021 0.1633141
vt 0.6509278 0.1532949
vt 0.6502917 0.1493887
vt 0.6503883 0.1460096
vt 0.6517113 0.1422529
vt 0.6512886 0.1398933
vt 0.6505198 0.1378199
vt 0.6506816 0.1350672
vt 0.6550854 0.1462123
vt 0.6556622 0.1492571
vt 0.6560139 0.1430259
vt 0.6560332 0.139662
vt 0.6542332 0.1374943
vt 0.6560881 0.1516103
vt 0.6576502 0.1560365
vt 0.6618972 0.1322882
vt 0.6557019 0.1346081
vt 0.6588519 0.1338766
vt 0.4554885 0.3164794
vt 0.4710738 0.3099456
vt 0.4890164 0.3030339
vt 0.4875903 0.299895
vt 0.4915411 0.1075972
vt 0.4791502 0.1086636
vt 0.4629626 0.1117298
vt 0.5023339 0.2477271
vt 0.5023409 0.2916859
vt 0.7048091 0.1370041
vt 0.4504113 0.4390518
vt 0.4372926 0.447353
vt 0.4218704 0.4571593
vt 0.3779451 0.4803051
vt 0.5023295 0.2204706
vt 0.502323 0.1808489
vt 0.50232 0.1634434
vt 0.3532962 0.4902574
vt 0.3230387 0.5007956
vt 0.2924545 0.50983
vt 0.2761395 0.514049
vt 0.1824562 0.5319811
vt 0.5023126 0.1195083
vt 0.5022982 0.03465872
vt 0.08743613 0.5687993
vt 0.07487869 0.5734007
vt 0.7054486 0.08635265
vt 0.7057263 0.0697214
vt 0.7059293 0.0662233
vt 0.7059891 0.05768934
vt 0.7056764 0.07212663
vt 0.7052019 0.1059543
vt 0.7052864 0.09729765
vt 0.705242 0.10092
vt 0.7051595 0.110935
vt 0.7050884 0.1165751
vt 0.7062984 0.0348564
vt 0.7059482 0.05465132
vt 0.706027 0.0637034
vt 0.7060078 0.06543236
vt 0.7056137 0.07570811
vt 0.704974 0.1250135
vt 0.7049227 0.128733
vt 0.7756153 0.009582276
vt 0.7055786 0.07756567
vt 0.6618971 0.1291322
vt 0.5437996 0.2646126
vt 0.5448889 0.2425257
vt 0.5217122 0.2500804
vt 0.522127 0.2667446
vt 0.5656688 0.2655676
vt 0.5724754 0.2461353
vt 0.5846052 0.2702993
vt 0.5909269 0.2567959
vt 0.5467739 0.2287048
vt 0.520539 0.236932
vt 0.5771725 0.2322772
vt 0.6012433 0.2450472
vt 0.5206603 0.2318416
vt 0.5023329 0.241376
vt 0.5468808 0.2207385
vt 0.5845419 0.2186437
vt 0.6100034 0.2281274
vt 0.6147133 0.2588802
vt 0.6217006 0.250478
vt 0.6054574 0.2706272
vt 0.5990944 0.2827888
vt 0.6045663 0.286833
vt 0.610656 0.2762928
vt 0.6186622 0.2956069
vt 0.6247122 0.2853427
vt 0.6022733 0.3133363
vt 0.6194685 0.3087336
vt 0.6103601 0.3324767
vt 0.629539 0.3275837
vt 0.6236315 0.3472688
vt 0.6439623 0.3464818
vt 0.627422 0.3740591
vt 0.6519291 0.3619907
vt 0.6413277 0.3906007
vt 0.6626763 0.3733692
vt 0.6576498 0.4100921
vt 0.6741855 0.3916807
vt 0.6791185 0.4266245
vt 0.6907861 0.4051698
vt 0.5901623 0.3105323
vt 0.5760395 0.2904665
vt 0.5635599 0.285866
vt 0.5423614 0.282849
vt 0.5203692 0.282096
vt 0.5921962 0.3288033
vt 0.5673391 0.3073437
vt 0.5661915 0.3170044
vt 0.5397664 0.2979678
vt 0.5373976 0.3059353
vt 0.5191255 0.2929423
vt 0.6511167 0.1010484
vt 0.6459043 0.1070722
vt 0.6629307 0.1187878
vt 0.666112 0.1138953
vt 0.6410143 0.08847839
vt 0.6349053 0.09687335
vt 0.631844 0.07821792
vt 0.6261725 0.08713775
vt 0.6272662 0.0692501
vt 0.6188557 0.07828154
vt 0.6214123 0.05570021
vt 0.6094783 0.0656685
vt 0.6179029 0.04227164
vt 0.6036777 0.04721317
vt 0.6157254 0.02320657
vt 0.603941 0.02497113
vt 0.5180778 0.2977477
vt 0.5306935 0.3129724
vt 0.5426561 0.3199031
vt 0.5520429 0.3293511
vt 0.562398 0.3390711
vt 0.5675002 0.3512978
vt 0.5742043 0.3700131
vt 0.5704413 0.4013207
vt 0.5627783 0.4252039
vt 0.4631904 0.4304237
vt 0.5633565 0.3243159
vt 0.574151 0.3339163
vt 0.5796496 0.3447636
vt 0.5946967 0.3403495
vt 0.6058034 0.3416175
vt 0.6126553 0.3493731
vt 0.6149109 0.3664144
vt 0.5882792 0.3609982
vt 0.5993857 0.354366
vt 0.6044515 0.3693129
vt 0.5946661 0.3769767
vt 0.5870655 0.3899059
vt 0.5838807 0.4117731
vt 0.5760081 0.4324989
vt 0.6096009 0.3945512
vt 0.6185786 0.3833107
vt 0.603551 0.4064309
vt 0.5987951 0.4229567
vt 0.5902666 0.4408563
vt 0.6329263 0.4010951
vt 0.6230832 0.4096406
vt 0.6179953 0.4185002
vt 0.6119859 0.4336631
vt 0.6052112 0.4515627
vt 0.4066935 0.4658729
vt 0.6479583 0.4250019
vt 0.6377326 0.4461673
vt 0.6324047 0.4642905
vt 0.5174912 0.213368
vt 0.5156829 0.201418
vt 0.5023271 0.2067491
vt 0.5390662 0.206542
vt 0.5323175 0.1956099
vt 0.5648112 0.2098981
vt 0.5567758 0.1979686
vt 0.5524515 0.1872476
vt 0.5830839 0.18336
vt 0.5676862 0.1780435
vt 0.5852979 0.1975857
vt 0.5140761 0.1795446
vt 0.527427 0.1754699
vt 0.5481529 0.1712426
vt 0.566922 0.1614659
vt 0.5132253 0.162756
vt 0.5273791 0.1591111
vt 0.5464486 0.1538604
vt 0.5617286 0.1530635
vt 0.7491968 0.4205576
vt 0.7479809 0.4100162
vt 0.7294529 0.4060243
vt 0.7243506 0.4328754
vt 0.767789 0.4194869
vt 0.7702264 0.4069868
vt 0.7370281 0.3758038
vt 0.7249787 0.3828532
vt 0.7216244 0.3464295
vt 0.7110023 0.3559718
vt 0.7039908 0.3240544
vt 0.6955268 0.3407379
vt 0.6981357 0.3084678
vt 0.6850907 0.3190756
vt 0.6925701 0.2872327
vt 0.6817483 0.2965018
vt 0.6725295 0.270153
vt 0.6571 0.2835912
vt 0.6396325 0.2601057
vt 0.6324735 0.275618
vt 0.6256508 0.2551248
vt 0.618554 0.2646076
vt 0.6466656 0.2941187
vt 0.6607852 0.309365
vt 0.6689804 0.3295359
vt 0.6818011 0.3495502
vt 0.6978775 0.3678065
vt 0.7093969 0.3893115
vt 0.6999318 0.4348931
vt 0.7100071 0.4095064
vt 0.6366755 0.3071026
vt 0.6481686 0.3207168
vt 0.6571962 0.3367575
vt 0.6864986 0.3758072
vt 0.6990441 0.3933721
vt 0.6709086 0.3570245
vt 0.6700894 0.4433415
vt 0.6613601 0.4592556
vt 0.6559117 0.4747085
vt 0.6935 0.4530136
vt 0.6895311 0.4716832
vt 0.6855769 0.4860313
vt 0.79006 0.4136665
vt 0.7886955 0.4036751
vt 0.8267276 0.4035515
vt 0.8167052 0.3958244
vt 0.6488144 0.225748
vt 0.6632949 0.2296845
vt 0.6347765 0.2423288
vt 0.6460652 0.2488088
vt 0.6772969 0.7243451
vt 0.6729015 0.7442055
vt 0.6556916 0.7229609
vt 0.6482854 0.7396806
vt 0.668497 0.706686
vt 0.6491839 0.710604
vt 0.6614928 0.7701935
vt 0.6568452 0.7990292
vt 0.6533648 0.8170753
vt 0.6545867 0.8332585
vt 0.6436779 0.7708752
vt 0.6405026 0.8003156
vt 0.6364813 0.8207948
vt 0.6386105 0.8361273
vt 0.6591986 0.8546808
vt 0.6718493 0.8755809
vt 0.6675505 0.8916555
vt 0.653252 0.6909648
vt 0.6461623 0.665964
vt 0.6572934 0.9168444
vt 0.6312881 0.6928436
vt 0.6274286 0.6705071
vt 0.6373174 0.9139969
vt 0.6423775 0.8908742
vt 0.6417133 0.8756621
vt 0.6386764 0.8564472
vt 0.6164803 0.8775733
vt 0.6137289 0.8894069
vt 0.6030781 0.8832492
vt 0.6044987 0.89329
vt 0.6222937 0.8602639
vt 0.6292221 0.8384345
vt 0.6297906 0.8245355
vt 0.6298968 0.8036599
vt 0.6319891 0.7795634
vt 0.6347885 0.751449
vt 0.6291997 0.7297391
vt 0.6237057 0.7162031
vt 0.6179452 0.6973764
vt 0.6165128 0.6788564
vt 0.6223739 0.9133156
vt 0.6104672 0.9081976
vt 0.5999851 0.9390101
vt 0.5942728 0.7055958
vt 0.5996947 0.7282302
vt 0.6046295 0.7530741
vt 0.6144416 0.768537
vt 0.6162728 0.7908638
vt 0.6144027 0.8137573
vt 0.6128302 0.8361103
vt 0.6125674 0.8540876
vt 0.6065766 0.8691075
vt 0.7210473 0.4527674
vt 0.7185055 0.4717036
vt 0.7160247 0.4924703
vt 0.7479032 0.4365606
vt 0.7705584 0.4302458
vt 0.7943338 0.4255038
vt 0.8339449 0.4128728
vt 0.6451351 0.2111504
vt 0.6269857 0.2353114
vt 0.6169621 0.2105122
vt 0.5876383 0.2081629
vt 0.6078594 0.190858
vt 0.6332219 0.183731
vt 0.6524742 0.1768149
vt 0.8204235 0.4332443
vt 0.8451177 0.444871
vt 0.8087214 0.4580992
vt 0.8338613 0.4687434
vt 0.7896312 0.4495209
vt 0.8001878 0.4828335
vt 0.8241708 0.4901955
vt 0.7820214 0.4748411
vt 0.7941661 0.5030107
vt 0.8166179 0.5078861
vt 0.7748285 0.4992405
vt 0.215491 0.5254132
vt 0.1943206 0.529186
vt 0.2347901 0.5222312
vt 0.7671052 0.4461429
vt 0.7593239 0.4716848
vt 0.7556369 0.4946507
vt 0.7432659 0.4535029
vt 0.737666 0.4736432
vt 0.7360545 0.4908026
vt 0.60241 0.1746518
vt 0.6215776 0.1654858
vt 0.6379314 0.1594096
vt 0.8680288 0.4529127
vt 0.8556541 0.4732915
vt 0.8430342 0.4918383
vt 0.8312515 0.5090671
vt 0.5830249 0.1619224
vt 0.5982553 0.1566845
vt 0.5791777 0.1453135
vt 0.5945649 0.1423791
vt 0.616852 0.1526137
vt 0.6334845 0.1489939
vt 0.8792769 0.4561455
vt 0.86473 0.4777237
vt 0.8524033 0.4953319
vt 0.8451816 0.5114716
vt 0.1705379 0.5345996
vt 0.525978 0.1378949
vt 0.5143379 0.1392474
vt 0.544807 0.1350524
vt 0.558147 0.1352139
vt 0.5752251 0.130651
vt 0.5964639 0.1293922
vt 0.6135434 0.1412851
vt 0.6158156 0.1283208
vt 0.6319354 0.1405238
vt 0.6305576 0.1296196
vt 0.8888291 0.4574179
vt 0.8992736 0.4621235
vt 0.8757946 0.4810114
vt 0.8887079 0.4865807
vt 0.8653685 0.4979467
vt 0.8568549 0.5167869
vt 0.1554343 0.5382322
vt 0.8799389 0.5059227
vt 0.8738765 0.5264773
vt 0.1376914 0.5458376
vt 0.5250206 0.1186673
vt 0.513099 0.119185
vt 0.5423928 0.1182981
vt 0.5539201 0.1174723
vt 0.5725111 0.1201483
vt 0.6172869 0.1190151
vt 0.5948125 0.1234699
vt 0.6347131 0.1181376
vt 0.9063758 0.4655311
vt 0.8959897 0.489571
vt 0.8901098 0.5086808
vt 0.882902 0.5262321
vt 0.5126498 0.09575123
vt 0.5023087 0.09599388
vt 0.5023108 0.1075634
vt 0.5130803 0.1075936
vt 0.5103712 0.07345103
vt 0.5023049 0.07324266
vt 0.5254713 0.1086559
vt 0.5254384 0.09724096
vt 0.5222249 0.07117324
vt 0.5163117 0.05026585
vt 0.507643 0.05287264
vt 0.5092437 0.03234432
vt 0.5022976 0.03240357
vt 0.54166 0.1117167
vt 0.5377653 0.1003421
vt 0.5521922 0.1048232
vt 0.568377 0.1088317
vt 0.5963007 0.1018497
vt 0.5765429 0.0948151
vt 0.6139309 0.1039799
vt 0.62951 0.1015485
vt 0.9176878 0.4718878
vt 0.9356996 0.4671702
vt 0.9234446 0.4928692
vt 0.9403814 0.492254
vt 0.9281036 0.5161882
vt 0.9427464 0.5138623
vt 0.9328457 0.533995
vt 0.9493594 0.5322029
vt 0.938671 0.5520173
vt 0.9518005 0.5472867
vt 0.9461002 0.566909
vt 0.9567263 0.5639676
vt 0.5386046 0.07118191
vt 0.5430117 0.06344067
vt 0.5285137 0.0439917
vt 0.5258713 0.04948803
vt 0.5540624 0.09309568
vt 0.5602606 0.08239044
vt 0.5197453 0.02812878
vt 0.5145206 0.03155426
vt 0.521321 0.00343911
vt 0.5108028 0.002632977
vt 0.9759668 0.5776282
vt 0.9656803 0.5782287
vt 0.5391015 0.08453618
vt 0.5059139 0.001218298
vt 0.9071462 0.4938674
vt 0.9007133 0.5165579
vt 0.8931765 0.5382182
vt 0.1212267 0.5535718
vt 0.9128523 0.4950807
vt 0.9109159 0.5185806
vt 0.9089032 0.5453165
vt 0.1004414 0.5638604
vt 0.928758 0.5585491
vt 0.9359844 0.5702991
vt 0.9523839 0.578413
vt 0.5752018 0.7409489
vt 0.5782259 0.7628309
vt 0.5697034 0.7180318
vt 0.5646026 0.6943891
vt 0.5812766 0.9184663
vt 0.5830445 0.9025027
vt 0.5849413 0.8887198
vt 0.588499 0.8731132
vt 0.5966077 0.8594769
vt 0.5980463 0.8431956
vt 0.5972031 0.821875
vt 0.5981002 0.7990936
vt 0.5986925 0.7763099
vt 0.5557072 0.7519665
vt 0.5600502 0.7725788
vt 0.5500895 0.7320824
vt 0.5435438 0.7129069
vt 0.5580749 0.9212133
vt 0.5622689 0.9066264
vt 0.5653396 0.8935073
vt 0.5683713 0.8807674
vt 0.5845671 0.8631362
vt 0.5687506 0.8689377
vt 0.583075 0.8489932
vt 0.567988 0.85469
vt 0.5812057 0.8285689
vt 0.565755 0.8351083
vt 0.5792087 0.8069304
vt 0.5637479 0.8137728
vt 0.5770394 0.7844514
vt 0.5625856 0.7926759
vt 0.5302044 0.9332644
vt 0.537729 0.9208094
vt 0.5186276 0.9149522
vt 0.5107324 0.9246573
vt 0.5428864 0.9081721
vt 0.5239328 0.9056772
vt 0.5470405 0.8966388
vt 0.5276742 0.8954522
vt 0.5506518 0.8855314
vt 0.5307161 0.8862966
vt 0.5520998 0.8744975
vt 0.5315676 0.8772007
vt 0.5520724 0.8614975
vt 0.5306838 0.8674176
vt 0.5498152 0.8418005
vt 0.5312789 0.8486281
vt 0.548644 0.8196347
vt 0.5318263 0.8224058
vt 0.5483151 0.7993702
vt 0.5285649 0.8012866
vt 0.5441463 0.7802396
vt 0.5246499 0.7842983
vt 0.5391124 0.7623246
vt 0.5213971 0.770282
vt 0.5336363 0.7453865
vt 0.5171375 0.7564189
vt 0.2177434 0.7098786
vt 0.224935 0.7261899
vt 0.2048903 0.6972242
vt 0.1934604 0.6874732
vt 0.1779487 0.6744169
vt 0.2133248 0.9550516
vt 0.2165334 0.9342346
vt 0.221503 0.9152804
vt 0.2321515 0.8954562
vt 0.241907 0.8765714
vt 0.2454428 0.8548032
vt 0.2500781 0.8342385
vt 0.2488743 0.8181287
vt 0.2463794 0.79441
vt 0.2402664 0.7660688
vt 0.2315011 0.7431576
vt 0.1946646 0.7388362
vt 0.2058911 0.7548522
vt 0.1854977 0.7238648
vt 0.1791921 0.7088149
vt 0.1718735 0.6958503
vt 0.1577605 0.6868563
vt 0.1984102 0.9468475
vt 0.1978609 0.9298728
vt 0.2020395 0.9142948
vt 0.2137796 0.8941441
vt 0.2197804 0.8765305
vt 0.2242071 0.8581321
vt 0.2282309 0.8416336
vt 0.2258595 0.826405
vt 0.2242332 0.8021513
vt 0.214906 0.7754751
vt 0.1637179 0.7338253
vt 0.158593 0.7202053
vt 0.1414543 0.7267871
vt 0.1469321 0.7420965
vt 0.151757 0.7051932
vt 0.1364186 0.7138303
vt 0.1479482 0.6928516
vt 0.1325266 0.7002922
vt 0.1850854 0.9413335
vt 0.1663156 0.9402552
vt 0.1822218 0.9235619
vt 0.1659161 0.9207335
vt 0.1844078 0.9087132
vt 0.1678959 0.9050373
vt 0.1782701 0.8893183
vt 0.1673017 0.8868279
vt 0.1877885 0.8728366
vt 0.1790626 0.8708819
vt 0.1908897 0.8622984
vt 0.1830018 0.8499647
vt 0.2028596 0.861115
vt 0.2064824 0.8469403
vt 0.2031944 0.8314942
vt 0.1809019 0.8342351
vt 0.2024211 0.8088365
vt 0.1788108 0.812361
vt 0.1897559 0.7849382
vt 0.1673305 0.7913945
vt 0.1820595 0.764787
vt 0.1581592 0.7730939
vt 0.1730087 0.7496743
vt 0.1517441 0.7588434
vt 0.1945443 0.8927886
vt 0.2011471 0.8756767
vt 0.1690373 0.8564715
vt 0.1669299 0.8692282
vt 0.1587016 0.8833039
vt 0.159565 0.9029912
vt 0.1578507 0.9177587
vt 0.1516722 0.9372373
vt 0.1489443 0.9524928
vt 0.1276895 0.7169367
vt 0.133602 0.729297
vt 0.1376775 0.7452555
vt 0.1411397 0.7637932
vt 0.1465011 0.7756547
vt 0.1539159 0.7938187
vt 0.1628336 0.8136246
vt 0.1654316 0.8373092
vt 0.1507247 0.8608245
vt 0.1504741 0.8727202
vt 0.1488688 0.8433651
vt 0.145978 0.8202814
vt 0.1414061 0.7970671
vt 0.1335633 0.7791614
vt 0.1312673 0.7669782
vt 0.1283928 0.7444214
vt 0.1239422 0.7310157
vt 0.1207062 0.7199029
vt 0.1178553 0.7074329
vt 0.1421869 0.9379638
vt 0.1448244 0.9162729
vt 0.1465598 0.9019127
vt 0.1467322 0.8857995
vt 0.1059414 0.7204764
vt 0.1088977 0.7326118
vt 0.1046406 0.7097453
vt 0.1274657 0.9340665
vt 0.1312439 0.9170272
vt 0.1332312 0.900994
vt 0.1339723 0.8871238
vt 0.1344411 0.8742028
vt 0.1335905 0.8617802
vt 0.1337018 0.8475097
vt 0.1294692 0.822463
vt 0.1260838 0.8024381
vt 0.1213366 0.7823868
vt 0.1185223 0.7671331
vt 0.1136915 0.7461861
vt 0.101558 0.7477942
vt 0.1073951 0.7677104
vt 0.09578022 0.7348839
vt 0.09358242 0.7237009
vt 0.09526983 0.7117482
vt 0.1161338 0.9345585
vt 0.1186239 0.9185669
vt 0.1199906 0.9030026
vt 0.1202481 0.8887889
vt 0.1090922 0.8896959
vt 0.1082606 0.9042907
vt 0.1209008 0.8751647
vt 0.1094135 0.8758031
vt 0.1204507 0.8615195
vt 0.1084877 0.8624152
vt 0.1184253 0.8451835
vt 0.105995 0.8456057
vt 0.1154489 0.8224102
vt 0.1116995 0.8027464
vt 0.110295 0.7823778
vt 0.08476195 0.8760934
vt 0.08498427 0.8885518
vt 0.08289118 0.8643143
vt 0.07760155 0.8491508
vt 0.1049673 0.823074
vt 0.07040963 0.8313686
vt 0.1009272 0.8033051
vt 0.08296543 0.8058259
vt 0.09548534 0.7824149
vt 0.08051925 0.7876459
vt 0.09243754 0.7693771
vt 0.07874562 0.7729187
vt 0.09174573 0.7496092
vt 0.07782751 0.7535256
vt 0.08626859 0.7371787
vt 0.07149603 0.7422824
vt 0.07970564 0.7277328
vt 0.0633219 0.7321998
vt 0.07763019 0.7138303
vt 0.05801022 0.7166415
vt 0.1049273 0.9355868
vt 0.08995544 0.9343346
vt 0.1069691 0.9196754
vt 0.08213953 0.917088
vt 0.07535768 0.9318071
vt 0.084062 0.9024315
vt 0.06332219 0.7934615
vt 0.06393146 0.8103647
vt 0.06419174 0.7776362
vt 0.06324992 0.7580338
vt 0.05637054 0.7496397
vt 0.04628076 0.7396946
vt 0.0394817 0.7263201
vt 0.04018091 0.7563324
vt 0.04448727 0.7670153
vt 0.03551163 0.7460459
vt 0.02900217 0.7359771
vt 0.0623884 0.9280471
vt 0.06700571 0.9137244
vt 0.069272 0.900259
vt 0.07023096 0.8874793
vt 0.0701699 0.8762829
vt 0.06851219 0.8655456
vt 0.06395579 0.850752
vt 0.0575543 0.8329226
vt 0.05083405 0.8104544
vt 0.04944025 0.7964327
vt 0.04930371 0.7842286
vt 0.01658729 0.7549688
vt 0.01849777 0.7635279
vt 0.01266434 0.7471133
vt 0.0451079 0.9226143
vt 0.050842 0.9092389
vt 0.05418288 0.8971487
vt 0.05571194 0.8854776
vt 0.05532648 0.8761214
vt 0.05385403 0.8670689
vt 0.04964369 0.8540563
vt 0.04310619 0.8363672
vt 0.03563755 0.8164778
vt 0.03070254 0.8026087
vt 0.02601634 0.7881838
vt 0.02108595 0.7742147
vt 0.7017604 0.08939116
vt 0.7053875 0.08947221
vt 0.7014814 0.08657254
vt 0.6976014 0.08733232
vt 0.6983773 0.08957186
vt 0.6941409 0.08875851
vt 0.6951669 0.09015821
vt 0.6904296 0.08993193
vt 0.6896622 0.09152293
vt 0.6875528 0.0894833
vt 0.6869551 0.09048291
vt 0.6859092 0.0881442
vt 0.685365 0.08888686
vt 0.6852328 0.0859182
vt 0.6844443 0.08613623
vt 0.6859974 0.08316498
vt 0.6852523 0.08299918
vt 0.6940069 0.07438687
vt 0.6935883 0.07270224
vt 0.6895366 0.0764472
vt 0.6904954 0.07701728
vt 0.6977216 0.07157354
vt 0.697932 0.07344022
vt 0.7008671 0.07339723
vt 0.7007887 0.07136919
vt 0.6874339 0.07910272
vt 0.6879916 0.07982099
vt 0.6998746 0.06340862
vt 0.700139 0.06479428
vt 0.7021418 0.06479058
vt 0.7021781 0.06343313
vt 0.6973625 0.06432164
vt 0.6980017 0.06543888
vt 0.6953167 0.06584157
vt 0.6974198 0.06612512
vt 0.7000657 0.07007566
vt 0.7002377 0.06934693
vt 0.6977285 0.06776355
vt 0.6964955 0.06897677
vt 0.7030883 0.07054252
vt 0.7057031 0.07069058
vt 0.7034634 0.06964527
vt 0.6935624 0.06408045
vt 0.6972084 0.06027354
vt 0.6966803 0.0596941
vt 0.6926942 0.06273285
vt 0.7046551 0.05769537
vt 0.7045134 0.05702514
vt 0.7015139 0.05755284
vt 0.7018496 0.05822048
vt 0.7043186 0.05974239
vt 0.70595 0.05944453
vt 0.7043373 0.06133721
vt 0.705988 0.06131996
vt 0.7043716 0.0626481
vt 0.7060621 0.06279124
vt 0.7019848 0.06023228
vt 0.7028703 0.06127969
vt 0.7000989 0.06215883
vt 0.7022874 0.06258011
vt 0.704141 0.06365227
vt 0.703511 0.06530339
vt 0.6983623 0.06129409
vt 0.6947067 0.06513106
vt 0.7032912 0.07370556
vt 0.7032911 0.07189135
vt 0.6920075 0.0709585
vt 0.6880749 0.07471884
vt 0.6854776 0.07853388
vt 0.6835856 0.08325232
vt 0.6830729 0.08719867
vt 0.6837465 0.09067816
vt 0.6858974 0.09395687
vt 0.689456 0.09371321
vt 0.6953618 0.09214376
vt 0.6983222 0.09177312
vt 0.7017055 0.09167149
vt 0.6928685 0.06617871
vt 0.6936957 0.06794082
vt 0.6950094 0.06743639
vt 0.6972545 0.06697569
vt 0.6944858 0.06848909
vt 0.6900402 0.06870343
vt 0.6911216 0.07016238
vt 0.6907147 0.06471126
vt 0.6876625 0.06765257
vt 0.6831812 0.07230967
vt 0.6858939 0.07279771
vt 0.6788892 0.08025225
vt 0.6814491 0.08018979
vt 0.6757958 0.08790979
vt 0.6795709 0.08714865
vt 0.681968 0.1003041
vt 0.6839734 0.09764637
vt 0.6806118 0.09354987
vt 0.6778029 0.09579164
vt 0.6868868 0.102905
vt 0.6871831 0.0994814
vt 0.6948299 0.1048911
vt 0.6956002 0.1006218
vt 0.6997966 0.1052673
vt 0.7003551 0.1010016
vt 0.6869299 0.07392851
vt 0.6838495 0.07875794
vt 0.6820956 0.0843389
vt 0.6761779 0.09252968
vt 0.6798208 0.08983129
vt 0.6813819 0.08861549
vt 0.6821501 0.09192622
vt 0.6848641 0.09502595
vt 0.701816 0.09456106
vt 0.7052911 0.09465739
vt 0.7053427 0.09168307
vt 0.6984354 0.09514174
vt 0.7015234 0.09726378
vt 0.6991645 0.09671119
vt 0.6956511 0.09550069
vt 0.6893669 0.09650547
vt 0.702182 0.06783808
vt 0.7017065 0.06854699
vt 0.7044713 0.06763693
vt 0.7008775 0.06883006
vt 0.6997378 0.06817042
vt 0.6994562 0.06753789
vt 0.6991537 0.06673278
vt 0.7004967 0.06628181
vt 0.7014341 0.06615568
vt 0.7021372 0.0665767
vt 0.7041808 0.06622885
vt 0.7010895 0.06735633
vt 0.700745 0.06793675
vt 0.6870931 0.1070103
vt 0.6943499 0.1088764
vt 0.6864243 0.1111376
vt 0.6945239 0.113533
vt 0.7003923 0.1151366
vt 0.6999285 0.1102442
vt 0.6796112 0.1042096
vt 0.6774237 0.108359
vt 0.6731291 0.09936315
vt 0.6698841 0.1027092
vt 0.6688384 0.09234516
vt 0.6648408 0.094785
vt 0.6647702 0.08078464
vt 0.6611057 0.08143442
vt 0.6638113 0.06911978
vt 0.6591938 0.06911042
vt 0.6726602 0.04828029
vt 0.6703289 0.04539588
vt 0.6628714 0.05530874
vt 0.6665816 0.05719525
vt 0.6802398 0.04128361
vt 0.6783576 0.03859507
vt 0.6868889 0.03778035
vt 0.6852185 0.03465574
vt 0.6951343 0.03673824
vt 0.6949273 0.03322845
vt 0.7016053 0.03740723
vt 0.7022982 0.03418396
vt 0.6720387 0.08950954
vt 0.673198 0.09374671
vt 0.6690844 0.07934084
vt 0.6686494 0.06948391
vt 0.6770346 0.04986562
vt 0.6737283 0.05736845
vt 0.6830476 0.0442843
vt 0.6886348 0.04164626
vt 0.6952062 0.04123446
vt 0.7010364 0.04243547
vt 0.6894642 0.05800295
vt 0.6887408 0.05882568
vt 0.6917041 0.05908239
vt 0.6916854 0.05856121
vt 0.6880398 0.05672224
vt 0.6867679 0.05731868
vt 0.6969221 0.05604462
vt 0.6963385 0.05591036
vt 0.6947471 0.05722741
vt 0.694939 0.05764474
vt 0.6980377 0.05498514
vt 0.6969622 0.05516893
vt 0.6982685 0.0541076
vt 0.6968437 0.05443268
vt 0.6875581 0.05569343
vt 0.6861733 0.05596406
vt 0.6879707 0.0550694
vt 0.686809 0.05473311
vt 0.6934112 0.05341631
vt 0.6937329 0.05260123
vt 0.6916928 0.05260036
vt 0.6915021 0.0534104
vt 0.6956913 0.05380951
vt 0.6965184 0.05310257
vt 0.6954219 0.05520576
vt 0.6952825 0.05559156
vt 0.6948091 0.054741
vt 0.7004666 0.04585633
vt 0.6999111 0.04773312
vt 0.7031961 0.04843278
vt 0.7038135 0.04685693
vt 0.6954153 0.04468907
vt 0.6953501 0.04687873
vt 0.6805282 0.05074907
vt 0.6835004 0.05092326
vt 0.6870425 0.04815378
vt 0.685289 0.04649219
vt 0.6901164 0.04689598
vt 0.6895196 0.04473144
vt 0.6795267 0.05449674
vt 0.6823967 0.05421773
vt 0.6804867 0.05886362
vt 0.6824946 0.05705631
vt 0.6836932 0.06234188
vt 0.6847122 0.05962167
vt 0.6874918 0.06317075
vt 0.6880171 0.0611039
vt 0.6920605 0.06144955
vt 0.692013 0.06026739
vt 0.7039325 0.04506268
vt 0.7061335 0.04466061
vt 0.7061853 0.04158676
vt 0.6844845 0.06576186
vt 0.6798191 0.0709973
vt 0.6751941 0.07882766
vt 0.6807825 0.06451861
vt 0.6771008 0.0684312
vt 0.6732056 0.07383576
vt 0.6767413 0.06143748
vt 0.6744975 0.06524143
vt 0.6722991 0.06971326
vt 0.6707054 0.06245533
vt 0.6657525 0.06220195
vt 0.6605178 0.06054713
vt 0.6988962 0.04990356
vt 0.7032591 0.05090613
vt 0.6947148 0.04966632
vt 0.6910107 0.049705
vt 0.6887289 0.05040824
vt 0.6859797 0.05195624
vt 0.6845509 0.05422229
vt 0.6842782 0.05637783
vt 0.6856015 0.0583332
vt 0.6882614 0.05992544
vt 0.6918204 0.05967661
vt 0.6896601 0.05374779
vt 0.6897194 0.05292962
vt 0.6888089 0.05414037
vt 0.688219 0.0536421
vt 0.7019004 0.05653623
vt 0.704721 0.05595261
vt 0.6960198 0.05901143
vt 0.6957669 0.0583178
vt 0.7017677 0.05579974
vt 0.7045705 0.05539804
vt 0.7059809 0.05609377
vt 0.7059566 0.05535789
vt 0.6953458 0.05797425
vt 0.7010992 0.05325433
vt 0.7008333 0.05442245
vt 0.6978866 0.05621719
vt 0.7040798 0.05380766
vt 0.7032725 0.05273451
vt 0.7015302 0.05504846
vt 0.704492 0.05468003
vt 0.705956 0.0533594
vt 0.6986967 0.05646566
vt 0.6990452 0.05705471
vt 0.6993525 0.05775093
vt 0.6994847 0.05843532
vt 0.6999717 0.05962893
vt 0.6969892 0.08511987
vt 0.7007457 0.08412789
vt 0.6939958 0.08699394
vt 0.6907049 0.08863015
vt 0.6885046 0.08884843
vt 0.6865354 0.08794428
vt 0.6858849 0.08606663
vt 0.6865399 0.08327621
vt 0.6883395 0.08107017
vt 0.691421 0.07858413
vt 0.6947415 0.07632315
vt 0.6977835 0.07589263
vt 0.7005083 0.0755662
vt 0.702839 0.07564898
vt 0.6605141 0.05386149
vt 0.6589496 0.05794383
vt 0.6580395 0.0514772
vt 0.6559601 0.05523052
vt 0.6546884 0.04959524
vt 0.6535572 0.05246904
vt 0.6508477 0.04788771
vt 0.6515313 0.05081055
vt 0.6481221 0.0484903
vt 0.6498949 0.05084319
vt 0.6469478 0.04992894
vt 0.6486779 0.05117787
vt 0.6463587 0.05245402
vt 0.6490582 0.05275939
vt 0.6480342 0.05620242
vt 0.6511511 0.05423645
vt 0.6508679 0.05969004
vt 0.6530746 0.05579814
vt 0.6551324 0.06382805
vt 0.6555625 0.05931667
vt 0.6576351 0.06709333
vt 0.6576283 0.06139412
vt 0.6569186 0.04730679
vt 0.6531647 0.04571615
vt 0.6590838 0.04947551
vt 0.6614296 0.05209839
vt 0.6492739 0.04583933
vt 0.6457658 0.0480625
vt 0.6452976 0.05276062
vt 0.6468691 0.05667038
vt 0.650193 0.06155697
vt 0.6539942 0.06626359
vt 0.6565776 0.06897505
vt 0.6665612 0.04323529
vt 0.6740121 0.03526709
vt 0.6825051 0.02965657
vt 0.6935706 0.02797133
vt 0.7023375 0.02835147
vt 0.7063992 0.02871399
vt 0.6567455 0.08029832
vt 0.6609514 0.09509776
vt 0.6682428 0.1057002
vt 0.6776788 0.1128861
vt 0.6862667 0.1160876
vt 0.6941 0.1186231
vt 0.7008846 0.1203608
vt 0.6470183 0.04383691
vt 0.642364 0.04745017
vt 0.6527653 0.04283409
vt 0.6572282 0.04467059
vt 0.6602926 0.04580817
vt 0.641634 0.05378044
vt 0.6442903 0.05982246
vt 0.6491688 0.06609692
vt 0.652814 0.07154287
vt 0.6660576 0.03148076
vt 0.6607234 0.03938194
vt 0.677459 0.02492802
vt 0.6906149 0.02092834
vt 0.7012736 0.01955697
vt 0.7065388 0.01994388
vt 0.6857507 0.1202725
vt 0.6939297 0.1236056
vt 0.6763262 0.1162607
vt 0.6660056 0.1088969
vt 0.6547173 0.09574175
vt 0.6489045 0.08201213
vt 0.6762529 0.1197552
vt 0.6862736 0.124349
vt 0.7009602 0.1248839
vt 0.6982351 0.1276202
vt 0.6892296 0.1299571
vt 0.6755149 0.1221134
vt 0.6862592 0.1324328
vt 0.6931249 0.1256827
vt 0.6396855 0.07119341
vt 0.6357501 0.06382769
vt 0.6327799 0.05376036
vt 0.6320304 0.04297994
vt 0.6310757 0.0261384
vt 0.6613387 0.0205742
vt 0.6554813 0.02495044
vt 0.6587136 0.01090068
vt 0.6520187 0.01428643
vt 0.6658052 0.0156041
vt 0.6683724 0.01005073
vt 0.7438427 0.00873627
vt 0.753939 0.007852077
vt 0.636686 0.01938107
vt 0.78249 0.01093332
vt 0.6400352 0.03582066
vt 0.6480441 0.02989123
vt 0.6444228 0.01700799
vt 0.6516092 0.03514662
vt 0.6551775 0.03672728
vt 0.6945772 0.05604044
vt 0.6918674 0.05701553
vt 0.6902604 0.05693768
vt 0.6891623 0.05622151
vt 0.6886529 0.05568518
vt 0.6886182 0.05516105
vt 0.6890542 0.05474617
vt 0.6897615 0.05446113
vt 0.6913317 0.05421908
vt 0.6931056 0.05414689
vt 0.6968086 0.08339497
vt 0.7017313 0.08207163
vt 0.6938776 0.08530427
vt 0.6907339 0.08716516
vt 0.6894626 0.08733293
vt 0.6880902 0.08704395
vt 0.6868366 0.08593224
vt 0.6876909 0.08390099
vt 0.6889594 0.08241703
vt 0.6924847 0.079795
vt 0.6968058 0.07838237
vt 0.700037 0.07836524
vt 0.7018368 0.07793164
vt 0.7033343 0.07767099
vt 0.6712909 0.1570263
vt 0.6687015 0.1612575
vt 0.6650545 0.1632572
vt 0.672894 0.1532643
vt 0.6735201 0.1493623
vt 0.6734173 0.145988
vt 0.6720887 0.1422379
vt 0.6725095 0.13988
vt 0.6732769 0.1378076
vt 0.673114 0.1350572
vt 0.6687192 0.1462021
vt 0.6681473 0.1492485
vt 0.6677872 0.1430176
vt 0.6677646 0.1396548
vt 0.669563 0.1374857
vt 0.6677257 0.1516045
vt 0.6661751 0.1560466
vt 0.661899 0.1397312
vt 0.6680939 0.1346019
vt 0.6649432 0.1338733
vt 0.6618969 0.1256493
vt 0.5492008 0.3164625
vt 0.5336137 0.3099345
vt 0.5156691 0.3030292
vt 0.5170941 0.2998898
vt 0.5023417 0.2959779
vt 0.502342 0.2985352
vt 0.5023379 0.2727006
vt 0.5023355 0.2577957
vt 0.50234 0.2853219
vt 0.7965428 0.01154836
vt 0.2557563 0.5183706
vt 0.5023162 0.1405576
vt 0.5023014 0.05337123
vt 0.502292 0.000605464
vt 0.0550749 0.580096
vt 0.7057921 0.0675114
vt 0.7060336 0.05708033
vt 0.7056417 0.07408286
vt 0.7062424 0.03820323
vt 0.7060345 0.05049754
vt 0.7060006 0.05240081
vt 0.7060663 0.048638
vt 0.7060996 0.0466676
vt 0.705519 0.08333091
vt 0.7050241 0.1213597
vt 0.7048647 0.1329526
vt 0.7612208 0.00796294
vt 0.7694075 0.008632673
vt 0.6619102 0.1518668
vt 0.6619067 0.1495732
vt 0.6619031 0.1462462
vt 0.5023423 0.3001874
vt 0.6612589 0.16894
vt 0.6631594 0.1633851
vt 0.661915 0.1557333
vt 0.8146603 0.6433238
vt 0.8231343 0.637853
vt 0.8196946 0.6343793
vt 0.8125672 0.6411892
vt 0.83154 0.6342435
vt 0.8289119 0.6308047
vt 0.533532 0.5811853
vt 0.5381921 0.5761335
vt 0.541535 0.5876086
vt 0.5448719 0.5836399
vt 0.5482519 0.595624
vt 0.5519865 0.5919907
vt 0.5525525 0.6047965
vt 0.5586196 0.6002486
vt 0.8105159 0.6512176
vt 0.806794 0.6484183
vt 0.8178114 0.6321591
vt 0.8096918 0.6384538
vt 0.8256272 0.6275779
vt 0.5419029 0.5716003
vt 0.5488614 0.5795975
vt 0.5570579 0.5884041
vt 0.5623378 0.5973675
vt 0.8045627 0.6467718
vt 0.8052028 0.6338001
vt 0.8131818 0.6277855
vt 0.8100422 0.6237158
vt 0.8007661 0.6285696
vt 0.8231744 0.622988
vt 0.8210083 0.6179554
vt 0.5490297 0.5660827
vt 0.5568705 0.5616552
vt 0.5557165 0.5745685
vt 0.56236 0.5696494
vt 0.5631252 0.5842976
vt 0.5685717 0.5797044
vt 0.5692455 0.5928847
vt 0.5769603 0.5886952
vt 0.7982002 0.6419292
vt 0.7937057 0.6389881
vt 0.8059518 0.6178235
vt 0.7964092 0.6247067
vt 0.8161265 0.6128151
vt 0.5654684 0.5558566
vt 0.5708085 0.5653805
vt 0.577058 0.5753372
vt 0.5837439 0.5852301
vt 0.7883811 0.6353676
vt 0.8227295 0.6506637
vt 0.8287681 0.6460595
vt 0.8192647 0.6570254
vt 0.8152846 0.6666104
vt 0.5411289 0.6032344
vt 0.5345686 0.5947477
vt 0.5263644 0.5901859
vt 0.5175008 0.5885561
vt 0.5299846 0.600822
vt 0.5354111 0.6089935
vt 0.5221919 0.5961592
vt 0.5170749 0.5983874
vt 0.8335881 0.6534345
vt 0.8296084 0.6576654
vt 0.8256003 0.6606356
vt 0.8241054 0.6686847
vt 0.5212041 0.6024885
vt 0.5245711 0.6076232
vt 0.5300403 0.6114461
vt 0.5204698 0.6116203
vt 0.7903149 0.6193231
vt 0.7822494 0.6366061
vt 0.8024077 0.613588
vt 0.8138372 0.6064557
vt 0.5784852 0.5489398
vt 0.5835835 0.5576015
vt 0.5879945 0.5672374
vt 0.5910985 0.5804373
vt 0.7512345 0.6703461
vt 0.7604751 0.6752047
vt 0.7621973 0.670343
vt 0.7520577 0.6677992
vt 0.7674524 0.6810588
vt 0.769563 0.6769843
vt 0.5858283 0.6312512
vt 0.5880893 0.625098
vt 0.5944455 0.6338041
vt 0.5959353 0.6290715
vt 0.6032928 0.6381642
vt 0.6052139 0.633403
vt 0.6112512 0.6456081
vt 0.6152759 0.6384563
vt 0.7412205 0.6697454
vt 0.7414972 0.665727
vt 0.7633471 0.667463
vt 0.7529004 0.6646538
vt 0.771022 0.6719559
vt 0.5897945 0.6197242
vt 0.5979135 0.6240866
vt 0.6082602 0.6280305
vt 0.6171218 0.6341938
vt 0.7416138 0.6635063
vt 0.7548403 0.6583363
vt 0.7649806 0.6609499
vt 0.7670199 0.6554895
vt 0.7563443 0.6521109
vt 0.7735068 0.666629
vt 0.7763302 0.6616428
vt 0.5951653 0.6122876
vt 0.6000137 0.6056601
vt 0.6020901 0.616148
vt 0.6059955 0.6094981
vt 0.6116097 0.6216758
vt 0.6145869 0.6154714
vt 0.621205 0.6269008
vt 0.6262311 0.6197894
vt 0.7432921 0.6559524
vt 0.7440647 0.6513109
vt 0.769279 0.6503039
vt 0.7572282 0.6471969
vt 0.7786207 0.6563892
vt 0.6036301 0.5968705
vt 0.6115496 0.6008582
vt 0.6196856 0.6070349
vt 0.6308906 0.6129157
vt 0.7468837 0.6467557
vt 0.7479214 0.6806537
vt 0.7552587 0.684319
vt 0.738393 0.6805212
vt 0.7300212 0.6809512
vt 0.6000466 0.6480087
vt 0.5909905 0.6432188
vt 0.5819885 0.6421877
vt 0.572925 0.6435086
vt 0.5890411 0.6508482
vt 0.5971453 0.6555843
vt 0.580471 0.6491084
vt 0.5762815 0.6532348
vt 0.7505698 0.6924503
vt 0.7443519 0.6904159
vt 0.7382839 0.6887335
vt 0.7311176 0.6899642
vt 0.5805552 0.652956
vt 0.5880451 0.6556609
vt 0.5932953 0.6572586
vt 0.585541 0.6627564
vt 0.7586821 0.6413115
vt 0.7477345 0.6413423
vt 0.7731567 0.6435007
vt 0.7819031 0.6531198
vt 0.6090181 0.5866094
vt 0.6181595 0.591822
vt 0.6281675 0.5975
vt 0.6364612 0.6059383
vt 0.8282874 0.590821
vt 0.8274982 0.5830747
vt 0.825022 0.5827905
vt 0.8250555 0.590866
vt 0.8294634 0.5764647
vt 0.8250724 0.5761426
vt 0.8309504 0.5675145
vt 0.8270859 0.5671878
vt 0.5343722 0.5025972
vt 0.5401601 0.5035231
vt 0.5332119 0.5121995
vt 0.5383155 0.5137082
vt 0.5287496 0.5208265
vt 0.5357082 0.5235036
vt 0.830049 0.5996825
vt 0.8271262 0.5997235
vt 0.8224521 0.5838335
vt 0.8221781 0.59084
vt 0.8224322 0.57613
vt 0.8230833 0.5663303
vt 0.5445695 0.5038614
vt 0.5432829 0.5142674
vt 0.5420296 0.5243329
vt 0.8240331 0.5991597
vt 0.8145422 0.5909161
vt 0.814873 0.5823663
vt 0.8112057 0.5824139
vt 0.8106995 0.5908013
vt 0.8150502 0.5735188
vt 0.8125781 0.5721195
vt 0.8171816 0.5649726
vt 0.8137853 0.5645022
vt 0.5531042 0.5057163
vt 0.5596387 0.5076576
vt 0.5524599 0.5170882
vt 0.5568712 0.5193526
vt 0.5507958 0.5256997
vt 0.5545579 0.5265211
vt 0.8136426 0.5998121
vt 0.8104815 0.5993584
vt 0.8072683 0.5821027
vt 0.806542 0.5911747
vt 0.8088133 0.5724947
vt 0.8110052 0.5636646
vt 0.5657543 0.5099707
vt 0.5609616 0.5200676
vt 0.5581996 0.5280092
vt 0.8064107 0.5993704
vt 0.8346936 0.5906407
vt 0.8359585 0.5830176
vt 0.8367181 0.5973384
vt 0.8435109 0.6024724
vt 0.5262955 0.5101957
vt 0.5284624 0.5005128
vt 0.5276067 0.4923941
vt 0.8374667 0.5786629
vt 0.5179248 0.5024902
vt 0.5188817 0.5114507
vt 0.5131254 0.4951003
vt 0.8463355 0.5812481
vt 0.8428841 0.5849674
vt 0.8433149 0.5897135
vt 0.8444334 0.5947158
vt 0.8492311 0.5962343
vt 0.5109093 0.4990206
vt 0.5109791 0.5035038
vt 0.5127808 0.507475
vt 0.5061234 0.5040432
vt 0.7933781 0.5921119
vt 0.7962506 0.6033944
vt 0.7946615 0.5831038
vt 0.7991715 0.5703955
vt 0.8037995 0.5618614
vt 0.5788847 0.5130504
vt 0.5750474 0.5232326
vt 0.5659617 0.5303796
vt 0.6927795 0.6201286
vt 0.6815813 0.622072
vt 0.6812979 0.6260104
vt 0.6918492 0.6250492
vt 0.7032853 0.6256723
vt 0.7049206 0.6217809
vt 0.6909136 0.6298054
vt 0.7026041 0.6286607
vt 0.6828129 0.6302731
vt 0.7102865 0.626627
vt 0.7122129 0.6225592
vt 0.7092335 0.6299323
vt 0.7174962 0.6283757
vt 0.7188256 0.6256705
vt 0.7157876 0.631605
vt 0.7247368 0.6355307
vt 0.726433 0.6328741
vt 0.7233042 0.6380147
vt 0.6731105 0.6277767
vt 0.6741348 0.631045
vt 0.6733947 0.6242381
vt 0.66653 0.6292084
vt 0.6655758 0.6337766
vt 0.6670094 0.624514
vt 0.6830201 0.638562
vt 0.6903777 0.637081
vt 0.6982253 0.6357049
vt 0.6855645 0.6494144
vt 0.6905357 0.6452405
vt 0.6979982 0.644183
vt 0.6769146 0.6384668
vt 0.7060728 0.635676
vt 0.704474 0.6439468
vt 0.6926666 0.6497321
vt 0.6977994 0.6463177
vt 0.6869015 0.652307
vt 0.6786119 0.6467239
vt 0.6974468 0.6597443
vt 0.6981248 0.6541904
vt 0.7025925 0.6494063
vt 0.7121216 0.63735
vt 0.7107589 0.6436934
vt 0.7085238 0.6510555
vt 0.7077202 0.6548802
vt 0.7098359 0.6570022
vt 0.6676117 0.6457837
vt 0.6682114 0.6400253
vt 0.7182535 0.6439897
vt 0.7143397 0.6479653
vt 0.729791 0.6294877
vt 0.7229338 0.6186621
vt 0.7352778 0.6362423
vt 0.672904 0.6164262
vt 0.6821261 0.6136969
vt 0.6922751 0.6115992
vt 0.7037297 0.6118626
vt 0.7129056 0.6132894
vt 0.7274489 0.614412
vt 0.7145712 0.6058562
vt 0.7353079 0.6214217
vt 0.7377014 0.6349692
vt 0.6723328 0.606613
vt 0.6839461 0.6031789
vt 0.6922013 0.6016204
vt 0.7026772 0.6015876
vt 0.7359416 0.6081727
vt 0.7210249 0.5976748
vt 0.7400762 0.6202954
vt 0.7416477 0.6346512
vt 0.6711298 0.5974877
vt 0.6836841 0.5907635
vt 0.6928661 0.5887764
vt 0.7042775 0.5900911
vt 0.6913773 0.5738996
vt 0.6820496 0.5756375
vt 0.7049997 0.5780064
vt 0.7270962 0.5872443
vt 0.7462093 0.6026731
vt 0.7485294 0.6216948
vt 0.7439486 0.6360461
vt 0.6653475 0.5896445
vt 0.6657629 0.5615803
vt 0.6506655 0.576396
vt 0.6515288 0.5489077
vt 0.6363336 0.5633699
vt 0.6417654 0.5391403
vt 0.6264874 0.5535874
vt 0.6360466 0.529379
vt 0.6182244 0.5382596
vt 0.6320818 0.5145613
vt 0.6137695 0.5212547
vt 0.6280961 0.5026398
vt 0.6087018 0.5087368
vt 0.6233065 0.4883193
vt 0.6043375 0.4950426
vt 0.7652283 0.5502244
vt 0.7784116 0.5639771
vt 0.7544132 0.5614627
vt 0.7677902 0.574355
vt 0.7456928 0.568004
vt 0.7569492 0.5835193
vt 0.7347687 0.5730457
vt 0.7449578 0.5884299
vt 0.7483764 0.5535269
vt 0.7413161 0.5605654
vt 0.7329402 0.5643706
vt 0.7557531 0.5448044
vt 0.7651885 0.533583
vt 0.6396052 0.5023831
vt 0.6477006 0.5153724
vt 0.6785318 0.5547658
vt 0.658653 0.5336162
vt 0.6961027 0.5654779
vt 0.7048901 0.5659291
vt 0.7159794 0.5657485
vt 0.725584 0.5654879
vt 0.7305298 0.5777308
vt 0.6478553 0.5331351
vt 0.6436749 0.5253018
vt 0.594532 0.5519665
vt 0.5896451 0.5451215
vt 0.5968901 0.5604727
vt 0.5842468 0.5255398
vt 0.5884544 0.513803
vt 0.587146 0.5037294
vt 0.6256024 0.5817018
vt 0.6151546 0.5799543
vt 0.6311111 0.5889618
vt 0.6402732 0.5913237
vt 0.6320908 0.5763475
vt 0.615118 0.5726438
vt 0.6040272 0.5652387
vt 0.6027877 0.5484397
vt 0.5909982 0.5351636
vt 0.5891209 0.5286518
vt 0.5961031 0.512419
vt 0.5935705 0.500998
vt 0.7537392 0.6019374
vt 0.7649904 0.5933174
vt 0.778193 0.5863835
vt 0.7841473 0.5761539
vt 0.7768838 0.6032525
vt 0.7630967 0.6136242
vt 0.7848267 0.6114159
vt 0.7702256 0.6228747
vt 0.7563327 0.6331849
vt 0.7620037 0.6359521
vt 0.7725036 0.6285655
vt 0.5199599 0.9029281
vt 0.5149912 0.9119927
vt 0.5237933 0.8939524
vt 0.5269235 0.8847723
vt 0.5272294 0.8756911
vt 0.5254686 0.8679203
vt 0.5247408 0.8506811
vt 0.5245812 0.823015
vt 0.5218375 0.8017406
vt 0.5180827 0.7856176
vt 0.5152065 0.7721718
vt 0.5121994 0.7573233
vt 0.5066168 0.7471966
vt 0.1798741 0.634428
vt 0.1821816 0.6325263
vt 0.1758159 0.625004
vt 0.172028 0.6280933
vt 0.1670299 0.6204736
vt 0.1640533 0.6236122
vt 0.4619463 0.5963507
vt 0.4660724 0.6018441
vt 0.4545436 0.6031464
vt 0.4574633 0.6074302
vt 0.4466216 0.610737
vt 0.4499729 0.6147283
vt 0.4391889 0.6182828
vt 0.4447713 0.6234207
vt 0.187157 0.640322
vt 0.1831597 0.6427138
vt 0.1853305 0.6301095
vt 0.1779235 0.622996
vt 0.1706364 0.6176164
vt 0.458713 0.5914688
vt 0.4509822 0.5987234
vt 0.4419368 0.606656
vt 0.4357771 0.6150397
vt 0.1895503 0.6389195
vt 0.1902862 0.6259543
vt 0.1952503 0.6212193
vt 0.1865387 0.6154196
vt 0.1829886 0.619136
vt 0.1762334 0.6085469
vt 0.1735577 0.6133184
vt 0.4448377 0.5800662
vt 0.4521839 0.5852634
vt 0.438563 0.5874616
vt 0.4446714 0.5930287
vt 0.4313596 0.5968325
vt 0.436314 0.6019554
vt 0.4220972 0.6049204
vt 0.4293531 0.6098762
vt 0.2011729 0.6323265
vt 0.1963909 0.6347755
vt 0.1999881 0.6178333
vt 0.1912213 0.6099846
vt 0.1816187 0.6039548
vt 0.436879 0.5734281
vt 0.4305944 0.5823555
vt 0.4233597 0.5916208
vt 0.4156967 0.6007768
vt 0.2068488 0.6292884
vt 0.1655555 0.635655
vt 0.1710727 0.6408728
vt 0.1738447 0.6475648
vt 0.1767894 0.6575168
vt 0.456297 0.6230168
vt 0.4636765 0.6152322
vt 0.4722971 0.6115162
vt 0.481279 0.6107824
vt 0.4676285 0.6217362
vt 0.4614094 0.6293207
vt 0.4758492 0.6178767
vt 0.4807182 0.6206045
vt 0.1599813 0.6424767
vt 0.1634905 0.6471056
vt 0.1671618 0.6504836
vt 0.167797 0.6586461
vt 0.4761991 0.6242718
vt 0.4723345 0.6290447
vt 0.466507 0.6322998
vt 0.4760143 0.6334315
vt 0.2128148 0.6311648
vt 0.2066133 0.6131197
vt 0.1951839 0.6061339
vt 0.1845402 0.5978695
vt 0.4246514 0.5652137
vt 0.4186881 0.5733063
vt 0.4133101 0.5824394
vt 0.4088616 0.595253
vt 0.2401133 0.668004
vt 0.2395625 0.6653834
vt 0.2292136 0.6668413
vt 0.2304149 0.6718596
vt 0.2211901 0.6726706
vt 0.2228601 0.6769463
vt 0.4071891 0.6400012
vt 0.4087962 0.6463568
vt 0.3989719 0.6431342
vt 0.3999594 0.6479967
vt 0.389292 0.6464737
vt 0.3907055 0.6514092
vt 0.3787577 0.6504487
vt 0.3820133 0.6579806
vt 0.2502783 0.6644419
vt 0.2501325 0.6684652
vt 0.2390553 0.662165
vt 0.2283735 0.6638543
vt 0.2202687 0.6675142
vt 0.4060541 0.6344782
vt 0.3975247 0.6379701
vt 0.3868233 0.6408128
vt 0.377367 0.6460176
vt 0.2503949 0.6622225
vt 0.2377906 0.6556741
vt 0.2369514 0.6493165
vt 0.2259815 0.6515523
vt 0.2274347 0.6572015
vt 0.2160779 0.6566952
vt 0.2183602 0.661953
vt 0.397357 0.6194236
vt 0.4014882 0.6265213
vt 0.3910078 0.6226178
vt 0.3941988 0.6296386
vt 0.3818406 0.6276636
vt 0.3841551 0.6341439
vt 0.36981 0.6307453
vt 0.3740673 0.63834
vt 0.2492404 0.6498388
vt 0.2495181 0.6545379
vt 0.2365905 0.6443292
vt 0.2242802 0.6461545
vt 0.2143536 0.6512274
vt 0.3946767 0.6103035
vt 0.3863842 0.613446
vt 0.3776486 0.6187428
vt 0.3658912 0.6234258
vt 0.246927 0.644978
vt 0.2346437 0.6814767
vt 0.2423257 0.6786044
vt 0.2518154 0.6794749
vt 0.2600961 0.6807791
vt 0.3929054 0.6615384
vt 0.4024118 0.6577205
vt 0.4114718 0.6576353
vt 0.4203472 0.6598967
vt 0.4035535 0.6655119
vt 0.3949985 0.6693752
vt 0.4122577 0.6646768
vt 0.4159932 0.6692186
vt 0.2384527 0.690057
vt 0.2448507 0.6886876
vt 0.2510625 0.687652
vt 0.2580606 0.6896272
vt 0.4117725 0.6684945
vt 0.4040407 0.6704027
vt 0.398652 0.6714424
vt 0.4057893 0.6777205
vt 0.2466587 0.6394331
vt 0.2357633 0.6383151
vt 0.2211367 0.6389775
vt 0.2114329 0.6476321
vt 0.3903872 0.5995359
vt 0.3807506 0.6037709
vt 0.3702044 0.6083788
vt 0.3610757 0.6159097
vt 0.1718616 0.5807072
vt 0.1750704 0.5810986
vt 0.1759692 0.5730733
vt 0.1734768 0.5730904
vt 0.1766315 0.5664583
vt 0.172232 0.5663075
vt 0.1755902 0.5573394
vt 0.171714 0.5572497
vt 0.4674609 0.5239866
vt 0.4733133 0.5236604
vt 0.4682485 0.5343072
vt 0.4734801 0.5333305
vt 0.4698341 0.544318
vt 0.4770311 0.5423701
vt 0.1720618 0.5896832
vt 0.1691596 0.5893288
vt 0.1779348 0.5813815
vt 0.1784125 0.5743862
vt 0.1792573 0.5667288
vt 0.1796604 0.5569153
vt 0.4630404 0.52387
vt 0.4632498 0.5343529
vt 0.4634607 0.5444938
vt 0.1751982 0.589454
vt 0.18552 0.5822768
vt 0.1893539 0.5825751
vt 0.1897455 0.5741802
vt 0.1861047 0.5737401
vt 0.1894805 0.5637969
vt 0.186874 0.5649241
vt 0.1890958 0.5560937
vt 0.185671 0.5561987
vt 0.4476619 0.5260954
vt 0.4543609 0.5248371
vt 0.44921 0.5380135
vt 0.453831 0.5362152
vt 0.4507718 0.5453821
vt 0.4545995 0.5449522
vt 0.1886584 0.5911069
vt 0.1854646 0.5912178
vt 0.1934484 0.5833921
vt 0.1936926 0.5742927
vt 0.1931823 0.564573
vt 0.1919477 0.5555592
vt 0.4413416 0.5277666
vt 0.4450675 0.5383033
vt 0.4469955 0.546487
vt 0.192706 0.5915581
vt 0.1650719 0.5721251
vt 0.1655115 0.5798408
vt 0.162779 0.5862824
vt 0.1554738 0.5906579
vt 0.4805659 0.5320475
vt 0.4794057 0.5221937
vt 0.4810901 0.5142068
vt 0.16404 0.5676336
vt 0.4896858 0.5252438
vt 0.4878109 0.5340583
vt 0.4952171 0.5183852
vt 0.1549459 0.569251
vt 0.1579776 0.57332
vt 0.157039 0.5779923
vt 0.155389 0.5828459
vt 0.1504557 0.5838395
vt 0.4970202 0.522512
vt 0.4964889 0.5269661
vt 0.4942874 0.5307326
vt 0.5012619 0.5280024
vt 0.2023836 0.596647
vt 0.2064396 0.5857299
vt 0.2061202 0.5766354
vt 0.2029882 0.5635173
vt 0.1992994 0.5545322
vt 0.4279649 0.5294765
vt 0.43073 0.5399994
vt 0.4390286 0.5480453
vt 0.3035782 0.6241671
vt 0.3039912 0.6291572
vt 0.3143866 0.6312118
vt 0.3145147 0.6272654
vt 0.2925501 0.6285861
vt 0.2913289 0.6245457
vt 0.2929164 0.6316291
vt 0.304426 0.633984
vt 0.3124358 0.6352928
vt 0.2839938 0.6245601
vt 0.2854864 0.6288072
vt 0.2861899 0.6322039
vt 0.2770924 0.6269647
vt 0.2781335 0.6297949
vt 0.2794969 0.6331857
vt 0.2687796 0.6333364
vt 0.270191 0.6361564
vt 0.2713575 0.6387774
vt 0.3209879 0.6369652
vt 0.3223467 0.6338212
vt 0.322432 0.6302717
vt 0.3292156 0.6405741
vt 0.3287426 0.6359302
vt 0.3287539 0.6312103
vt 0.3113664 0.6435136
vt 0.3042015 0.6412746
vt 0.2965384 0.6390902
vt 0.3077053 0.6540407
vt 0.3031959 0.6493713
vt 0.2958836 0.6475456
vt 0.3174495 0.6440558
vt 0.2887364 0.6382458
vt 0.2894668 0.6466386
vt 0.3006101 0.6536174
vt 0.2958592 0.6496894
vt 0.3060746 0.6567778
vt 0.3148995 0.6520888
vt 0.2948182 0.6630813
vt 0.2947192 0.6574862
vt 0.2907724 0.6522642
vt 0.2825465 0.6392816
vt 0.2832422 0.6457339
vt 0.2847023 0.6532898
vt 0.2851044 0.6571779
vt 0.2827793 0.6590687
vt 0.3259363 0.6523088
vt 0.3259435 0.6465167
vt 0.2757578 0.6452484
vt 0.2792386 0.6496105
vt 0.2737334 0.6195624
vt 0.2657851 0.6296156
vt 0.2597037 0.6357725
vt 0.3237329 0.6225527
vt 0.3148451 0.6188787
vt 0.3049695 0.6157361
vt 0.2935488 0.6148055
vt 0.2842722 0.6152678
vt 0.283392 0.6077011
vt 0.269684 0.614861
vt 0.261122 0.6210049
vt 0.2571768 0.6342023
vt 0.3253243 0.6128516
vt 0.3141321 0.6082281
vt 0.306084 0.605819
vt 0.2956679 0.6046956
vt 0.2778282 0.5988901
vt 0.2618869 0.6077628
vt 0.2564928 0.6193774
vt 0.2533561 0.6334665
vt 0.3274725 0.6039008
vt 0.3156869 0.5959075
vt 0.3067624 0.5929758
vt 0.2952764 0.5930943
vt 0.3097914 0.578334
vt 0.3188866 0.581034
vt 0.2958184 0.5810007
vt 0.2728813 0.5878834
vt 0.2522483 0.6012141
vt 0.2479273 0.6198717
vt 0.2509317 0.6345974
vt 0.3340409 0.596702
vt 0.3365436 0.5687481
vt 0.3500212 0.585052
vt 0.3520136 0.557625
vt 0.365627 0.5735856
vt 0.3627346 0.5489237
vt 0.3764336 0.5648774
vt 0.3694312 0.5398076
vt 0.3862366 0.550487
vt 0.3749057 0.5254801
vt 0.3924247 0.534033
vt 0.3801012 0.514035
vt 0.3987581 0.5221056
vt 0.386345 0.5002867
vt 0.4045143 0.508936
vt 0.2388694 0.5470619
vt 0.2243094 0.5593457
vt 0.2484268 0.5593809
vt 0.2337672 0.570787
vt 0.2564047 0.5668049
vt 0.2435793 0.5810426
vt 0.2667364 0.5729631
vt 0.2549893 0.5871873
vt 0.2615372 0.5598697
vt 0.2552667 0.5521284
vt 0.2694613 0.5645291
vt 0.2488622 0.5426741
vt 0.2406709 0.530517
vt 0.3686816 0.5125893
vt 0.3592893 0.5246704
vt 0.3245518 0.5606439
vt 0.346512 0.5416785
vt 0.3059669 0.5694662
vt 0.2971824 0.5689999
vt 0.2861765 0.5676666
vt 0.2704608 0.5780649
vt 0.2766554 0.5664064
vt 0.3572995 0.5423198
vt 0.3622667 0.5349624
vt 0.4083817 0.5665714
vt 0.4139484 0.5602661
vt 0.4051588 0.5747908
vt 0.4213417 0.5413452
vt 0.4183698 0.5292374
vt 0.4207107 0.5193534
vt 0.3743991 0.5929328
vt 0.3849736 0.592279
vt 0.3681647 0.5995812
vt 0.3588056 0.6009787
vt 0.3685015 0.5869339
vt 0.3857684 0.5850111
vt 0.3975676 0.5787944
vt 0.4005364 0.5622105
vt 0.4136319 0.550221
vt 0.4161722 0.5439374
vt 0.4109064 0.5270705
vt 0.4146053 0.5159723
vt 0.244833 0.5996895
vt 0.2345482 0.5899337
vt 0.2221498 0.581644
vt 0.2173118 0.5708424
vt 0.2216677 0.5985547
vt 0.2342882 0.6103192
vt 0.2129038 0.6058328
vt 0.226219 0.618767
vt 0.2389418 0.6304713
vt 0.2330181 0.6326346
vt 0.2233534 0.6241881
vt 0.7657092 0.2258172
vt 0.752827 0.228019
vt 0.7448368 0.229057
vt 0.7351269 0.2315183
vt 0.7844814 0.3266686
vt 0.7994856 0.3175215
vt 0.8152212 0.3123206
vt 0.8257983 0.3041365
vt 0.8327307 0.2942804
vt 0.8369212 0.2799095
vt 0.8324479 0.2595671
vt 0.8182782 0.2443683
vt 0.803146 0.2369703
vt 0.7916229 0.2318091
vt 0.7757868 0.2268667
vt 0.8437001 0.2996676
vt 0.8372699 0.3093703
vt 0.8544677 0.3076334
vt 0.8485388 0.3157922
vt 0.8640131 0.3151298
vt 0.8575387 0.3229851
vt 0.8499616 0.289977
vt 0.8603318 0.2958089
vt 0.8708841 0.3032359
vt 0.8502507 0.3314618
vt 0.8405567 0.3250279
vt 0.8427138 0.3399725
vt 0.8330408 0.3335078
vt 0.8364265 0.3473944
vt 0.8265193 0.3422745
vt 0.8270946 0.3617064
vt 0.8225874 0.3565824
vt 0.8413072 0.08228758
vt 0.8363019 0.09251028
vt 0.8514153 0.09000046
vt 0.8471205 0.1010637
vt 0.8637462 0.09892353
vt 0.856896 0.110429
vt 0.8752692 0.1091754
vt 0.8664883 0.1206832
vt 0.8829469 0.1229205
vt 0.8755434 0.1321328
vt 0.8925552 0.1384086
vt 0.8830378 0.1483055
vt 0.9051541 0.1479094
vt 0.8946772 0.1579075
vt 0.8889141 0.2574724
vt 0.8777598 0.2499994
vt 0.881799 0.2666158
vt 0.8716793 0.2599591
vt 0.8784178 0.276959
vt 0.8671949 0.2723869
vt 0.8748821 0.2888284
vt 0.8643711 0.2843015
vt 0.8537948 0.2784617
vt 0.8575608 0.2641245
vt 0.8613307 0.2506639
vt 0.8671526 0.2385863
vt 0.8741412 0.227458
vt 0.8723511 0.1597885
vt 0.8640692 0.1481721
vt 0.8559148 0.1361005
vt 0.846799 0.1263439
vt 0.8372263 0.1170119
vt 0.8271133 0.1091779
vt 0.8185447 0.09965063
vt 0.8115598 0.3438526
vt 0.8185532 0.3263994
vt 0.8277719 0.3176135
vt 0.8436134 0.2690641
vt 0.8101709 0.3241776
vt 0.7796349 0.2120145
vt 0.7930577 0.2167612
vt 0.7874002 0.1935013
vt 0.8000951 0.1996856
vt 0.7947453 0.1801597
vt 0.8069884 0.1860629
vt 0.7703301 0.2054115
vt 0.7781214 0.1906167
vt 0.7621902 0.1992489
vt 0.7731659 0.1838988
vt 0.7798619 0.1725254
vt 0.7857164 0.1767666
vt 0.7856967 0.1593001
vt 0.7941428 0.1609402
vt 0.7879167 0.1452993
vt 0.7989901 0.1448932
vt 0.7900946 0.1306054
vt 0.8013371 0.1292312
vt 0.7909906 0.1178078
vt 0.79623 0.1142472
vt 0.7369744 0.1980826
vt 0.7333554 0.2112307
vt 0.7515929 0.2012165
vt 0.7568177 0.2124937
vt 0.8478249 0.2533512
vt 0.8518641 0.2379719
vt 0.8576983 0.2244762
vt 0.8641614 0.2133802
vt 0.8567619 0.1756792
vt 0.8012756 0.3439511
vt 0.8006471 0.3664594
vt 0.8180202 0.1169156
vt 0.8277408 0.1268441
vt 0.8367983 0.1370633
vt 0.8456221 0.1476953
vt 0.8528899 0.1595532
vt 0.7258196 0.2172532
vt 0.7939606 0.340538
vt 0.8020465 0.3247796
vt 0.7892812 0.3618234
vt 0.792216 0.3725867
vt 0.81367 0.1244351
vt 0.8121819 0.1330295
vt 0.8131368 0.1483055
vt 0.8035554 0.1628203
vt 0.8179263 0.1730418
vt 0.8283877 0.1625646
vt 0.8273281 0.1440656
vt 0.8368508 0.1551732
vt 0.8207352 0.1327019
vt 0.8443518 0.1637479
vt 0.8412497 0.172884
vt 0.8313513 0.1829799
vt 0.8207572 0.19301
vt 0.8482006 0.2094738
vt 0.8416914 0.224907
vt 0.8438468 0.1910139
vt 0.8361854 0.2013035
vt 0.8146914 0.20681
vt 0.8291939 0.215076
vt 0.8081102 0.2225219
vt 0.8364385 0.2417251
vt 0.8231875 0.230475
vt 0.8541583 0.198179
vt 0.8867737 0.09844711
vt 0.8730605 0.08455034
vt 0.8584715 0.0740629
vt 0.8491067 0.06907807
vt 0.8373358 0.06537575
vt 0.8453655 0.3575712
vt 0.8551709 0.350825
vt 0.8630803 0.3422907
vt 0.8704651 0.3341661
vt 0.8781993 0.3236163
vt 0.883974 0.3124041
vt 0.8884194 0.298133
vt 0.8915603 0.2859357
vt 0.8946081 0.2735522
vt 0.9025306 0.2621358
vt 0.9095935 0.2465325
vt 0.9040591 0.1257136
vt 0.8959317 0.1120806
vt 0.7755902 0.1556554
vt 0.7798681 0.1429971
vt 0.781453 0.1304564
vt 0.7827141 0.1173736
vt 0.7376422 0.1880234
vt 0.7508281 0.1905218
vt 0.7587698 0.186174
vt 0.767603 0.17824
vt 0.7709443 0.1686515
vt 0.7548656 0.1763989
vt 0.7620708 0.172924
vt 0.7484432 0.1797202
vt 0.7391835 0.1799337
vt 0.7251074 0.1739187
vt 0.774654 0.1283505
vt 0.7723024 0.1400765
vt 0.7663687 0.1493243
vt 0.7665964 0.1657871
vt 0.764546 0.1362981
vt 0.7668147 0.1269604
vt 0.758274 0.1354158
vt 0.7603119 0.1243451
vt 0.7445697 0.1568452
vt 0.7369899 0.1603925
vt 0.7484124 0.1624059
vt 0.7407035 0.1658655
vt 0.7523255 0.1680537
vt 0.7437012 0.1722574
vt 0.7576318 0.1635793
vt 0.7533672 0.1568946
vt 0.7500297 0.1542124
vt 0.7532474 0.1497712
vt 0.760886 0.1598551
vt 0.757196 0.1552073
vt 0.7366465 0.1733908
vt 0.7348963 0.1659051
vt 0.7274184 0.1681293
vt 0.8952297 0.3192605
vt 0.8891863 0.3308789
vt 0.8992813 0.3015287
vt 0.9020206 0.2905791
vt 0.9055995 0.2771777
vt 0.91098 0.265559
vt 0.9144734 0.2530807
vt 0.9124687 0.1195188
vt 0.9059377 0.1050523
vt 0.8944455 0.08780789
vt 0.879767 0.07317102
vt 0.8615999 0.06549823
vt 0.8512943 0.06193654
vt 0.8401181 0.05949985
vt 0.8497613 0.3633136
vt 0.8592348 0.3572141
vt 0.8678929 0.3506439
vt 0.8782918 0.3426356
vt 0.902752 0.3250961
vt 0.89775 0.3352063
vt 0.8883448 0.06453637
vt 0.8991681 0.07331564
vt 0.8526397 0.0512992
vt 0.8623357 0.05382483
vt 0.917555 0.1040622
vt 0.9203485 0.1156661
vt 0.9154758 0.2800092
vt 0.9132452 0.2889746
vt 0.8710639 0.3618687
vt 0.8621899 0.3667304
vt 0.8548931 0.3719614
vt 0.8426179 0.3807268
vt 0.8799411 0.3509161
vt 0.8805574 0.3622076
vt 0.8709655 0.05442912
vt 0.8745335 0.05907701
vt 0.8796461 0.04734526
vt 0.8809413 0.05232868
vt 0.8949 0.3469248
vt 0.8853867 0.3450669
vt 0.9055449 0.3088606
vt 0.9119587 0.3173344
vt 0.9139205 0.2967467
vt 0.9067523 0.2998641
vt 0.9202499 0.2665665
vt 0.9235859 0.2554333
vt 0.9094856 0.09518921
vt 0.9183514 0.09440808
vt 0.9120969 0.08911044
vt 0.9183167 0.08384153
vt 0.9153768 0.306006
vt 0.9212011 0.3104412
vt 0.9084249 0.07948687
vt 0.9050351 0.08770804
vt 0.8789415 0.06318484
vt 0.8871968 0.0570668
vt 0.8813832 0.05292605
vt 0.8853631 0.05007834
vt 0.9040293 0.06449112
vt 0.8958375 0.05623855
vt 0.8947595 0.04920473
vt 0.8948368 0.04237249
vt 0.9039421 0.3533811
vt 0.9059588 0.3410159
vt 0.9114512 0.3312576
vt 0.9219145 0.3245193
vt 0.9311688 0.3193775
vt 0.9136541 0.06926055
vt 0.9076748 0.05727366
vt 0.8999681 0.04961259
vt 0.9010524 0.04593043
vt 0.9037347 0.03877039
vt 0.9110259 0.3526438
vt 0.9136551 0.345605
vt 0.9184029 0.3379781
vt 0.9227674 0.3300969
vt 0.9365445 0.329548
vt 0.9153744 0.06207518
vt 0.9213372 0.3502071
vt 0.9181678 0.3547442
vt 0.9262826 0.3452626
vt 0.9284525 0.3397872
vt 0.9367347 0.3447468
vt 0.9302223 0.3580158
vt 0.9167714 0.05300561
vt 0.9100087 0.04742284
vt 0.8627135 0.04154507
vt 0.8529208 0.0395119
vt 0.8412122 0.03496645
vt 0.8596903 0.3840931
vt 0.8673205 0.3800065
vt 0.8753799 0.3746873
vt 0.8841631 0.3731562
vt 0.8962795 0.3738723
vt 0.8710631 0.04086602
vt 0.8801799 0.3866334
vt 0.8718134 0.3915235
vt 0.886102 0.4003866
vt 0.876111 0.4055154
vt 0.8657818 0.3955818
vt 0.8669641 0.4060366
vt 0.8859629 0.3834045
vt 0.8911105 0.3930061
vt 0.8961758 0.3800956
vt 0.85395 0.3986228
vt 0.8546059 0.02839908
vt 0.8625844 0.03083553
vt 0.8705018 0.02947966
vt 0.8703641 0.02076777
vt 0.8634278 0.02483682
vt 0.8551444 0.01947624
vt 0.925533 0.09037585
vt 0.9271154 0.0800036
vt 0.9224397 0.2979745
vt 0.9223353 0.2896711
vt 0.9243258 0.2822358
vt 0.9281891 0.270328
vt 0.9317565 0.2596587
vt 0.9290555 0.1125862
vt 0.9250912 0.10071
vt 0.9348541 0.08812515
vt 0.9371672 0.0797065
vt 0.9310597 0.2998895
vt 0.9313694 0.2918297
vt 0.9325028 0.2847766
vt 0.9340128 0.2748559
vt 0.9418216 0.2642127
vt 0.9402608 0.1050758
vt 0.9352393 0.09476905
vt 0.9465474 0.2890877
vt 0.9435876 0.2947927
vt 0.9407788 0.3025893
vt 0.9470138 0.2819673
vt 0.9446009 0.09350893
vt 0.9469069 0.09999109
vt 0.9422797 0.08642611
vt 0.2510107 0.2354279
vt 0.2381287 0.2332261
vt 0.2590011 0.2364659
vt 0.2687109 0.2389271
vt 0.2193563 0.3340774
vt 0.2043523 0.3249304
vt 0.1886166 0.3197296
vt 0.1780393 0.3115454
vt 0.1711071 0.3016892
vt 0.1669165 0.2873184
vt 0.1713899 0.266976
vt 0.1855597 0.2517772
vt 0.2006921 0.2443792
vt 0.212215 0.2392179
vt 0.228051 0.2342755
vt 0.1601378 0.3070765
vt 0.166568 0.3167791
vt 0.1493702 0.3150422
vt 0.1552989 0.323201
vt 0.1398247 0.3225386
vt 0.1462992 0.330394
vt 0.1538759 0.297386
vt 0.1435061 0.3032177
vt 0.1329538 0.3106449
vt 0.1535871 0.3388708
vt 0.1632809 0.3324368
vt 0.1611237 0.3473814
vt 0.1707969 0.3409168
vt 0.1674113 0.3548033
vt 0.1773185 0.3496834
vt 0.1767431 0.3691154
vt 0.1812504 0.3639912
vt 0.1625306 0.08969649
vt 0.1675358 0.09991924
vt 0.1524225 0.09740926
vt 0.1567173 0.1084725
vt 0.1400917 0.1063323
vt 0.1469418 0.1178378
vt 0.1285684 0.1165843
vt 0.1373495 0.128092
vt 0.1208911 0.1303293
vt 0.1282945 0.1395417
vt 0.1112828 0.1458175
vt 0.1208 0.1557144
vt 0.09868349 0.1553183
vt 0.1091609 0.1653163
vt 0.1149236 0.2648812
vt 0.126078 0.2574082
vt 0.1220388 0.2740247
vt 0.1321584 0.267368
vt 0.12542 0.2843678
vt 0.1366428 0.2797957
vt 0.1289556 0.2962373
vt 0.1394667 0.2917104
vt 0.1500432 0.2858706
vt 0.1462769 0.2715334
vt 0.1425072 0.2580727
vt 0.1366852 0.2459951
vt 0.1296967 0.2348669
vt 0.1314868 0.1671974
vt 0.1397687 0.155581
vt 0.147923 0.1435093
vt 0.157039 0.1337527
vt 0.1666116 0.1244207
vt 0.1767243 0.1165867
vt 0.185293 0.1070595
vt 0.192278 0.3512615
vt 0.1852846 0.3338082
vt 0.1760661 0.3250225
vt 0.1602243 0.276473
vt 0.1936666 0.3315864
vt 0.224203 0.2194234
vt 0.2107801 0.2241701
vt 0.2164375 0.2009101
vt 0.2037428 0.2070944
vt 0.2090926 0.1875685
vt 0.1968495 0.1934717
vt 0.2335079 0.2128204
vt 0.2257165 0.1980255
vt 0.2416476 0.2066578
vt 0.2306719 0.1913077
vt 0.2239761 0.1799343
vt 0.2181214 0.1841755
vt 0.2181411 0.166709
vt 0.209695 0.1683491
vt 0.2159211 0.1527081
vt 0.2048476 0.1523021
vt 0.2137433 0.1380142
vt 0.2025007 0.1366401
vt 0.2128473 0.1252167
vt 0.2076079 0.121656
vt 0.2668634 0.2054915
vt 0.2704826 0.2186396
vt 0.2522449 0.2086253
vt 0.2470201 0.2199026
vt 0.1560129 0.26076
vt 0.1519735 0.2453807
vt 0.1461394 0.2318851
vt 0.1396763 0.220789
vt 0.1470758 0.183088
vt 0.2025623 0.3513599
vt 0.2031905 0.3738682
vt 0.1858176 0.1243244
vt 0.1760969 0.1342529
vt 0.1670396 0.1444722
vt 0.1582157 0.1551042
vt 0.150948 0.166962
vt 0.2780183 0.2246621
vt 0.2098771 0.3479469
vt 0.2017915 0.3321884
vt 0.2145566 0.3692322
vt 0.2116217 0.3799955
vt 0.1901677 0.1318441
vt 0.1916557 0.1404384
vt 0.1907012 0.1557143
vt 0.2002824 0.1702292
vt 0.1859115 0.1804506
vt 0.1754502 0.1699734
vt 0.1765096 0.1514745
vt 0.1669871 0.162582
vt 0.1831026 0.1401107
vt 0.159486 0.1711567
vt 0.162588 0.1802928
vt 0.1724866 0.1903888
vt 0.1830806 0.2004188
vt 0.1556372 0.2168827
vt 0.1621462 0.2323159
vt 0.159991 0.1984227
vt 0.1676524 0.2087124
vt 0.1891467 0.2142189
vt 0.1746441 0.2224849
vt 0.1957278 0.2299307
vt 0.1673994 0.2491339
vt 0.1806503 0.2378839
vt 0.1496797 0.2055877
vt 0.1307774 0.09195916
vt 0.1170641 0.105856
vt 0.1453663 0.08147181
vt 0.1547311 0.07648693
vt 0.1665021 0.07278455
vt 0.1584723 0.36498
vt 0.148667 0.3582339
vt 0.1407575 0.3496995
vt 0.1333726 0.341575
vt 0.1256383 0.3310252
vt 0.1198635 0.319813
vt 0.1154182 0.305542
vt 0.1122774 0.2933446
vt 0.1092296 0.2809611
vt 0.1013069 0.2695447
vt 0.09424425 0.2539414
vt 0.09977887 0.1331223
vt 0.1079063 0.1194894
vt 0.2282475 0.1630642
vt 0.2239699 0.150406
vt 0.2223845 0.1378652
vt 0.2211238 0.1247823
vt 0.2661959 0.1954323
vt 0.2530096 0.1979308
vt 0.245068 0.1935828
vt 0.2362348 0.1856489
vt 0.2328937 0.1760603
vt 0.2489722 0.1838078
vt 0.2417672 0.1803329
vt 0.2553946 0.1871291
vt 0.2646543 0.1873425
vt 0.2787304 0.1813276
vt 0.229184 0.1357594
vt 0.2315357 0.1474853
vt 0.2374692 0.1567332
vt 0.2372412 0.1731959
vt 0.2392917 0.1437069
vt 0.2370232 0.1343691
vt 0.2455639 0.1428247
vt 0.2435259 0.131754
vt 0.2592681 0.1642541
vt 0.2668479 0.1678014
vt 0.2554255 0.1698148
vt 0.2631343 0.1732743
vt 0.2515124 0.1754626
vt 0.2601364 0.1796662
vt 0.2462062 0.1709881
vt 0.2504706 0.1643035
vt 0.2538081 0.1616213
vt 0.2505904 0.15718
vt 0.2429519 0.167264
vt 0.2466418 0.1626162
vt 0.2671914 0.1807997
vt 0.2689416 0.173314
vt 0.2764193 0.1755382
vt 0.1086079 0.3266693
vt 0.1146514 0.3382879
vt 0.1045566 0.3089376
vt 0.1018169 0.2979881
vt 0.09823841 0.2845865
vt 0.09285767 0.272968
vt 0.08936445 0.2604895
vt 0.0913691 0.1269277
vt 0.09789987 0.1124611
vt 0.1093924 0.09521668
vt 0.1240709 0.08057985
vt 0.142238 0.07290707
vt 0.1525434 0.06934539
vt 0.1637197 0.06690876
vt 0.1540765 0.3707224
vt 0.1446028 0.3646229
vt 0.1359449 0.3580527
vt 0.1255458 0.3500445
vt 0.1010859 0.3325048
vt 0.1060879 0.3426152
vt 0.1154931 0.07194524
vt 0.10467 0.08072449
vt 0.1511979 0.05870795
vt 0.1415022 0.06123376
vt 0.08628281 0.111471
vt 0.08348928 0.123075
vt 0.0883619 0.287418
vt 0.09059239 0.2963835
vt 0.1327739 0.3692776
vt 0.1416478 0.3741393
vt 0.1489446 0.37937
vt 0.1612201 0.3881355
vt 0.1238966 0.358325
vt 0.1232804 0.3696164
vt 0.1328722 0.06183788
vt 0.1293042 0.06648573
vt 0.1241916 0.05475401
vt 0.1228966 0.05973744
vt 0.1089375 0.3543337
vt 0.1184511 0.3524759
vt 0.098293 0.3162696
vt 0.0918791 0.3247434
vt 0.08991746 0.3041556
vt 0.09708536 0.307273
vt 0.08358783 0.2739754
vt 0.08025157 0.2628421
vt 0.09435244 0.102598
vt 0.08548631 0.1018169
vt 0.09174097 0.09651934
vt 0.08552115 0.0912504
vt 0.08846103 0.3134149
vt 0.08263657 0.3178499
vt 0.09541294 0.08689564
vt 0.09880281 0.09511697
vt 0.1248963 0.07059363
vt 0.1166411 0.0644756
vt 0.1224545 0.06033488
vt 0.1184749 0.0574872
vt 0.1080002 0.06364736
vt 0.09980825 0.07189993
vt 0.1090784 0.05661357
vt 0.109001 0.04978126
vt 0.09989572 0.3607897
vt 0.09787883 0.3484247
vt 0.09238653 0.3386666
vt 0.08192322 0.3319281
vt 0.07266906 0.3267863
vt 0.0901834 0.07666924
vt 0.1038696 0.05702136
vt 0.09616281 0.06468245
vt 0.1027854 0.05333929
vt 0.1001031 0.0461792
vt 0.09281177 0.3600526
vt 0.09018269 0.3530138
vt 0.08543506 0.345387
vt 0.08107007 0.3375058
vt 0.06729334 0.3369567
vt 0.08846357 0.06948397
vt 0.08250069 0.3576158
vt 0.08566971 0.362153
vt 0.07755499 0.3526716
vt 0.07538529 0.3471961
vt 0.06710314 0.3521556
vt 0.0736156 0.3654247
vt 0.08706619 0.06041438
vt 0.09382921 0.05483168
vt 0.150917 0.04692061
vt 0.1411244 0.04895375
vt 0.1626256 0.04237513
vt 0.1441475 0.3915019
vt 0.1365172 0.3874154
vt 0.1284578 0.3820962
vt 0.1196746 0.3805651
vt 0.1075583 0.3812813
vt 0.1327746 0.0482747
vt 0.1236579 0.3940422
vt 0.1320244 0.3989324
vt 0.1177357 0.4077954
vt 0.1277266 0.4129242
vt 0.1380559 0.4029906
vt 0.1368736 0.4134455
vt 0.117875 0.3908132
vt 0.1127273 0.4004148
vt 0.1076622 0.3875042
vt 0.1498878 0.4060316
vt 0.1492318 0.03580785
vt 0.1412536 0.03824434
vt 0.133336 0.0368885
vt 0.1334737 0.02817661
vt 0.1404099 0.03224565
vt 0.1486936 0.02688513
vt 0.07672226 0.08741245
vt 0.0783046 0.09778462
vt 0.08139791 0.3053834
vt 0.08150254 0.2970798
vt 0.07951179 0.2896446
vt 0.0756485 0.2777369
vt 0.07208117 0.2670675
vt 0.07478248 0.1199951
vt 0.07874628 0.1081188
vt 0.06667067 0.08711544
vt 0.06898375 0.09553402
vt 0.07277808 0.3072983
vt 0.0724686 0.2992386
vt 0.07133517 0.2921853
vt 0.06982475 0.2822647
vt 0.0620162 0.2716214
vt 0.06357717 0.1124847
vt 0.06859857 0.1021778
vt 0.05729027 0.2964965
vt 0.06025031 0.3022015
vt 0.06305885 0.3099982
vt 0.0568238 0.2893762
vt 0.05923695 0.1009178
vt 0.05693106 0.1074
vt 0.06155806 0.09383486
vt 0.6619002 0.1422735
vt 0.4773923 0.3160038
vt 0.4670067 0.3268185
vt 0.4602034 0.3378484
vt 0.4544135 0.348672
vt 0.4487604 0.3587105
vt 0.4425527 0.3746342
vt 0.4436632 0.3958914
vt 0.453929 0.4168337
vt 0.3306749 0.2096923
vt 0.3203849 0.217531
vt 0.2977213 0.7609382
vt 0.3157347 0.78819
vt 0.3153645 0.7437055
vt 0.3275976 0.8177803
vt 0.3319084 0.8445657
vt 0.3383793 0.8577927
vt 0.3466679 0.8745271
vt 0.3391043 0.8960342
vt 0.3165253 0.9185956
vt 0.3265916 0.9325324
vt 0.3279527 0.7264512
vt 0.3336048 0.6964801
vt 0.3344362 0.9605072
vt 0.3472463 0.9815875
vt 0.3641672 0.9802478
vt 0.3823506 0.9718955
vt 0.395871 0.9736046
vt 0.4039935 0.7152339
vt 0.3341628 0.1987246
vt 0.1462396 0.4279279
vt 0.1257055 0.4353692
vt 0.1150177 0.4380051
vt 0.1070363 0.4403721
vt 0.09608814 0.4414857
vt 0.08507103 0.4455544
vt 0.06782155 0.4419173
vt 0.007283997 0.5785498
vt 0.01158538 0.588181
vt 0.01493947 0.5919301
vt 0.4430158 0.9721933
vt 0.4664693 0.9675424
vt 0.4903011 0.7736133
vt 0.4723825 0.7593294
vt 0.5073407 0.9478472
vt 0.9384106 0.9370197
vt 0.9516705 0.9238614
vt 0.9304245 0.9493395
vt 0.9229175 0.9646155
vt 0.908165 0.983668
vt 0.9427625 0.6803502
vt 0.9467849 0.6589699
vt 0.9202156 0.6584015
vt 0.9491255 0.7053473
vt 0.9580034 0.7226397
vt 0.9703875 0.7452496
vt 0.9828812 0.7711939
vt 0.9922275 0.7923763
vt 0.9961087 0.8163102
vt 0.9941391 0.8368552
vt 0.9878294 0.8533487
vt 0.9783007 0.8801398
vt 0.9637945 0.9046722
vt 0.8998166 0.6685659
vt 0.889894 0.6757103
vt 0.8717162 0.685378
vt 0.8340889 0.9348615
vt 0.8495554 0.6907595
vt 0.8331048 0.6946655
vt 0.8226874 0.692675
vt 0.8084546 0.6875852
vt 0.7933998 0.6903725
vt 0.778456 0.6973841
vt 0.7678316 0.7012426
vt 0.7515501 0.7089174
vt 0.7491166 0.03133651
vt 0.7432545 0.02582737
vt 0.7361479 0.01324604
vt 0.738635 0.01908026
vt 0.7564288 0.03810444
vt 0.6486778 0.1607998
vt 0.6528597 0.1657385
vt 0.6560223 0.1681382
vt 0.647078 0.1541663
vt 0.6467478 0.1507152
vt 0.6476303 0.1461839
vt 0.6480641 0.1417463
vt 0.6485889 0.1388037
vt 0.6492041 0.1361283
vt 0.6502886 0.1308999
vt 0.6528249 0.1278904
vt 0.6579317 0.1262527
vt 0.4909899 0.3065457
vt 0.8082975 0.01142235
vt 0.01685259 0.5950183
vt 0.7347842 0.01049197
vt 0.7055802 0.08201891
vt 0.5023429 0.3041409
vt 0.5272971 0.3159949
vt 0.5376854 0.3268059
vt 0.5444921 0.3378344
vt 0.5502881 0.3486589
vt 0.5559484 0.3587056
vt 0.5621724 0.3746323
vt 0.5610694 0.3958886
vt 0.550813 0.4168352
vt 0.5543411 0.4390518
vt 0.5415578 0.4304296
vt 0.5674638 0.4473471
vt 0.582891 0.4571457
vt 0.5980724 0.4658516
vt 0.6268278 0.4802696
vt 0.6514817 0.4902101
vt 0.6817447 0.5007334
vt 0.6842728 0.217471
vt 0.67398 0.2096357
vt 0.7012835 0.7176707
vt 0.6856444 0.7463508
vt 0.6822429 0.701995
vt 0.6763321 0.77684
vt 0.674307 0.8038942
vt 0.6689809 0.8176219
vt 0.6621403 0.8349985
vt 0.6714991 0.8557871
vt 0.6959096 0.8763535
vt 0.6870608 0.8910931
vt 0.6682379 0.6858697
vt 0.6600661 0.6564854
vt 0.6816154 0.9196325
vt 0.6706382 0.9417225
vt 0.6536647 0.9418219
vt 0.6348388 0.9350407
vt 0.6215121 0.9378901
vt 0.5915198 0.6811373
vt 0.7123342 0.5097528
vt 0.6704884 0.1986692
vt 0.8584976 0.4277673
vt 0.7893119 0.5252967
vt 0.8104891 0.529058
vt 0.7700086 0.5221249
vt 0.7286519 0.5139637
vt 0.8790312 0.4351925
vt 0.82236 0.5318467
vt 0.8897182 0.4378192
vt 0.8342875 0.5344568
vt 0.8976995 0.4401789
vt 0.9086463 0.4412818
vt 0.8494086 0.5380705
vt 0.8674276 0.5446872
vt 0.9196655 0.4453398
vt 0.8723117 0.547039
vt 0.9369108 0.4416857
vt 0.9933193 0.5878382
vt 0.9976034 0.5781996
vt 0.8836126 0.5534071
vt 0.904418 0.5636629
vt 0.9174324 0.5685836
vt 0.989972 0.5915931
vt 0.5744172 0.9404796
vt 0.5506539 0.9378333
vt 0.5104704 0.7466219
vt 0.5271139 0.7308707
vt 0.5082603 0.9216735
vt 0.2419049 0.7166422
vt 0.228645 0.7034836
vt 0.2206589 0.6911639
vt 0.2131522 0.6758881
vt 0.1983998 0.6568356
vt 0.2329967 0.960153
vt 0.2104499 0.9821015
vt 0.237019 0.9815331
vt 0.2393596 0.9351558
vt 0.2482377 0.9178637
vt 0.2606217 0.8952535
vt 0.2731153 0.8693093
vt 0.2824615 0.848127
vt 0.2863429 0.8241932
vt 0.2843733 0.8036483
vt 0.2780636 0.7871546
vt 0.2685351 0.7603636
vt 0.2540288 0.7358313
vt 0.1900508 0.9719372
vt 0.1619503 0.9551252
vt 0.1801283 0.9647927
vt 0.1243232 0.7056416
vt 0.1397898 0.9497437
vt 0.1233391 0.9458376
vt 0.1129217 0.9478282
vt 0.09868892 0.952918
vt 0.08363404 0.9501306
vt 0.06869009 0.943119
vt 0.05806584 0.9392608
vt 0.04178438 0.9315861
vt 0.6636375 0.03003621
vt 0.6696346 0.02471701
vt 0.6744499 0.01812167
vt 0.6771136 0.01236875
vt 0.6594889 0.006438576
vt 0.6695595 0.007625546
vt 0.630843 0.008675417
vt 0.6377575 0.007527495
vt 0.6560748 0.03657662
vt 0.6751706 0.1607495
vt 0.6710082 0.1656882
vt 0.6678635 0.1680938
vt 0.6767474 0.1541238
vt 0.6770681 0.1506781
vt 0.6761759 0.1461566
vt 0.6757358 0.1417267
vt 0.6752087 0.1387886
vt 0.6745921 0.136117
vt 0.6735065 0.1308922
vt 0.6709695 0.1278846
vt 0.6658622 0.1262501
vt 0.5136968 0.3065416
vt 0.6050314 0.008395674
vt 0.6167764 0.008875092
vt 0.7490387 0.5182752
vt 0.9299983 0.5731667
vt 0.9880642 0.5946849
vt 0.9498154 0.5798299
vt 0.6522023 0.006333625
vt 0.6785617 0.009658402
vt 0.6439943 0.006761556
vt 0.6619005 0.1427789
vt 0.6619031 0.1462462
vt 0.6687192 0.1462021
vt 0.7061719 0.07884922
vt 0.5300717 0.5703744
vt 0.5250006 0.5763747
vt 0.8017398 0.6565565
vt 0.8064158 0.6605354
vt 0.5348496 0.5652813
vt 0.7988967 0.6545221
vt 0.5498305 0.5520576
vt 0.5424162 0.5584767
vt 0.790921 0.6469348
vt 0.7948081 0.6501257
vt 0.5608143 0.5442938
vt 0.7881058 0.6450249
vt 0.5432929 0.6122147
vt 0.8364798 0.6434662
vt 0.8406418 0.6526554
vt 0.5339872 0.6156979
vt 0.835909 0.6640491
vt 0.5726092 0.5387135
vt 0.7851011 0.6487793
vt 0.5788507 0.6230067
vt 0.5764197 0.6298971
vt 0.7305591 0.6643943
vt 0.729987 0.6711218
vt 0.5821649 0.6162056
vt 0.7313015 0.660823
vt 0.5912177 0.6005089
vt 0.5878779 0.6083732
vt 0.7345101 0.6488199
vt 0.7333649 0.6548244
vt 0.5951633 0.592098
vt 0.7352977 0.6425892
vt 0.6059862 0.6552404
vt 0.7613746 0.6902971
vt 0.7545419 0.6986572
vt 0.598779 0.6612018
vt 0.7410202 0.6996425
vt 0.598989 0.5843565
vt 0.7376921 0.6350958
vt 0.5414103 0.4937161
vt 0.5364869 0.4932612
vt 0.8265899 0.6057839
vt 0.8341033 0.6059881
vt 0.5468346 0.4952056
vt 0.8207504 0.6055189
vt 0.5617217 0.4974774
vt 0.5559466 0.4960439
vt 0.8141799 0.6062157
vt 0.8115479 0.6065934
vt 0.566738 0.4994956
vt 0.8087791 0.6056907
vt 0.5198383 0.5167177
vt 0.8374356 0.5703792
vt 0.8477904 0.5787532
vt 0.512705 0.5119013
vt 0.509232 0.4951698
vt 0.8502022 0.5881494
vt 0.5793669 0.5009648
vt 0.8050426 0.6095036
vt 0.73006 0.6432136
vt 0.7270604 0.6449632
vt 0.7328556 0.6416923
vt 0.6773283 0.6530999
vt 0.6693844 0.6522532
vt 0.7240885 0.6515794
vt 0.7185141 0.6539455
vt 0.6636391 0.6181183
vt 0.6619116 0.6145921
vt 0.6576176 0.6118195
vt 0.6541511 0.6102247
vt 0.7876369 0.5492532
vt 0.7716953 0.5416993
vt 0.6337444 0.4903094
vt 0.7323595 0.5597578
vt 0.7394614 0.5562048
vt 0.7249342 0.5616516
vt 0.7162687 0.5618739
vt 0.7071103 0.5618279
vt 0.6981562 0.5601088
vt 0.682164 0.5503066
vt 0.6643329 0.5291539
vt 0.6540645 0.5122356
vt 0.6453936 0.5001695
vt 0.6398185 0.4888947
vt 0.7600273 0.530126
vt 0.7520887 0.5414595
vt 0.746693 0.550041
vt 0.8024164 0.5544385
vt 0.7971786 0.5520704
vt 0.6441336 0.6147188
vt 0.4706037 0.5914361
vt 0.4750434 0.5979134
vt 0.1913225 0.6489484
vt 0.1862523 0.6524119
vt 0.4663652 0.5858912
vt 0.1943645 0.6472262
vt 0.4528151 0.5712315
vt 0.4595326 0.5783649
vt 0.2030919 0.6405259
vt 0.1988923 0.6432856
vt 0.4426919 0.5624006
vt 0.2061044 0.638939
vt 0.4532426 0.6317337
vt 0.1581637 0.6322568
vt 0.1530502 0.6409523
vt 0.4621541 0.6361346
vt 0.1565486 0.6527852
vt 0.4315525 0.5556478
vt 0.2087077 0.6429792
vt 0.4165951 0.6388854
vt 0.4182943 0.6459932
vt 0.2611591 0.6710117
vt 0.2612948 0.6642692
vt 0.4140092 0.6317747
vt 0.2609311 0.6606466
vt 0.4066415 0.6152172
vt 0.4091437 0.6233876
vt 0.2590149 0.6484516
vt 0.2595117 0.6544857
vt 0.4035957 0.6064389
vt 0.2589195 0.6422892
vt 0.3862423 0.6681088
vt 0.2279325 0.6867769
vt 0.2338497 0.6958111
vt 0.3927864 0.6747908
vt 0.2471952 0.6982126
vt 0.4006006 0.5983359
vt 0.2575392 0.6345535
vt 0.472168 0.5141565
vt 0.4672242 0.5141032
vt 0.1719459 0.5957671
vt 0.1644519 0.5951641
vt 0.4616764 0.5150273
vt 0.1777819 0.5961286
vt 0.4525279 0.5149235
vt 0.4466368 0.5157549
vt 0.1842391 0.5975267
vt 0.1868144 0.5981878
vt 0.4414402 0.5172464
vt 0.1896677 0.5975918
vt 0.4863165 0.5391988
vt 0.16496 0.5594011
vt 0.1537675 0.5666143
vt 0.4939081 0.5351434
vt 0.4990837 0.5188555
vt 0.15036 0.5756959
vt 0.4287305 0.5174065
vt 0.1929705 0.6017902
vt 0.2641124 0.6432459
vt 0.2669022 0.6452998
vt 0.2615036 0.6414422
vt 0.3155066 0.6585639
vt 0.3234918 0.6585578
vt 0.2691673 0.6521925
vt 0.2744657 0.6551255
vt 0.3327714 0.6251991
vt 0.3348576 0.6218715
vt 0.339418 0.6195604
vt 0.3430324 0.6183341
vt 0.2167059 0.5437249
vt 0.2333435 0.5379022
vt 0.375758 0.5011868
vt 0.27052 0.560002
vt 0.2638398 0.5557286
vt 0.2776997 0.5626588
vt 0.2862896 0.5637828
vt 0.295399 0.56469
vt 0.3044817 0.5639132
vt 0.3214022 0.5558318
vt 0.3413252 0.5366518
vt 0.3532842 0.5208921
vt 0.3631535 0.5097894
vt 0.3698629 0.4991519
vt 0.2461708 0.5276273
vt 0.2528619 0.5397388
vt 0.257311 0.5488421
vt 0.2069259 0.5455056
vt 0.2014681 0.547296
vt 0.3525272 0.6238456
vt 0.7558472 0.242778
vt 0.7642036 0.2411485
vt 0.7469676 0.2434479
vt 0.7373147 0.2433654
vt 0.7758518 0.3161671
vt 0.7631526 0.3260267
vt 0.7710694 0.3352241
vt 0.7892775 0.3087962
vt 0.8033252 0.3028905
vt 0.8133347 0.2967937
vt 0.8200119 0.2893867
vt 0.8234297 0.2775005
vt 0.8201526 0.2636448
vt 0.8102198 0.2526037
vt 0.8000783 0.2483087
vt 0.7878829 0.244386
vt 0.7746378 0.2402217
vt 0.8291 0.07714394
vt 0.8240531 0.08552638
vt 0.8948545 0.2432566
vt 0.8843538 0.2370033
vt 0.8823315 0.1688929
vt 0.8112565 0.3606907
vt 0.7171569 0.1972018
vt 0.7204 0.1902019
vt 0.8681717 0.1823429
vt 0.8113931 0.1064754
vt 0.7791901 0.3504811
vt 0.7118313 0.2097187
vt 0.8061598 0.1120212
vt 0.8006478 0.1020103
vt 0.8348096 0.36903
vt 0.911647 0.1323546
vt 0.7220691 0.1809504
vt 0.7752779 0.1565514
vt 0.7740707 0.1153342
vt 0.7637706 0.1527946
vt 0.7424923 0.1494616
vt 0.7319122 0.1574508
vt 0.7674258 0.1167461
vt 0.7600617 0.1432485
vt 0.9183737 0.1269267
vt 0.8376107 0.373723
vt 0.8395275 0.04863386
vt 0.8907068 0.3580205
vt 0.8913514 0.3632841
vt 0.9267557 0.1222413
vt 0.9164796 0.3054496
vt 0.9119009 0.3035043
vt 0.9154303 0.08045178
vt 0.9127901 0.08578516
vt 0.8909228 0.3572414
vt 0.8951602 0.358415
vt 0.9070437 0.3651541
vt 0.9231759 0.06878202
vt 0.9172713 0.3645651
vt 0.925065 0.05851175
vt 0.9226525 0.04591859
vt 0.9142595 0.03992737
vt 0.8468826 0.3912778
vt 0.8808464 0.03298754
vt 0.8452339 0.02349231
vt 0.8785577 0.02583875
vt 0.8778181 0.01186955
vt 0.8501855 0.008845583
vt 0.8697796 0.008635797
vt 0.858862 0.006711034
vt 0.9240953 0.3079273
vt 0.9368599 0.1186412
vt 0.9326267 0.3081682
vt 0.9452883 0.1092491
vt 0.9608386 0.09425771
vt 0.9471093 0.07598238
vt 0.9547049 0.08069086
vt 0.9582286 0.08680232
vt 0.2396341 0.2485574
vt 0.2479907 0.2501869
vt 0.2568702 0.2508568
vt 0.2665231 0.2507743
vt 0.2279858 0.323576
vt 0.2327683 0.342633
vt 0.2406851 0.3334356
vt 0.2145602 0.3162051
vt 0.2005124 0.3102994
vt 0.190503 0.3042026
vt 0.1838258 0.2967955
vt 0.180408 0.2849093
vt 0.183685 0.2710536
vt 0.1936181 0.2600126
vt 0.2037593 0.2557175
vt 0.215955 0.2517948
vt 0.2292001 0.2476305
vt 0.1747379 0.0845528
vt 0.1797847 0.09293524
vt 0.1089831 0.2506654
vt 0.119484 0.2444122
vt 0.1215062 0.1763018
vt 0.1925811 0.3680995
vt 0.2866808 0.2046107
vt 0.2834378 0.1976107
vt 0.1356662 0.1897517
vt 0.1924447 0.1138842
vt 0.2246476 0.3578899
vt 0.2920066 0.2171277
vt 0.1976781 0.11943
vt 0.2031899 0.1094192
vt 0.1690281 0.3764389
vt 0.09219071 0.1397633
vt 0.2817686 0.1883593
vt 0.2285599 0.1639604
vt 0.2297671 0.122743
vt 0.2400672 0.1602035
vt 0.2719256 0.1648596
vt 0.2613456 0.1568705
vt 0.2364123 0.124155
vt 0.243776 0.1506574
vt 0.08546412 0.1343356
vt 0.1662269 0.3811318
vt 0.1643102 0.05604264
vt 0.1131312 0.3654293
vt 0.1124863 0.3706929
vt 0.07708217 0.1296501
vt 0.08735831 0.3128584
vt 0.09193698 0.3109132
vt 0.08840775 0.08786065
vt 0.09104774 0.09319391
vt 0.112915 0.3646503
vt 0.1086776 0.3658238
vt 0.09679416 0.3725629
vt 0.08066172 0.07619081
vt 0.08656666 0.371974
vt 0.07877297 0.06592048
vt 0.0811852 0.05332731
vt 0.0895782 0.04733621
vt 0.1569552 0.3986866
vt 0.1229914 0.04039638
vt 0.1586039 0.0309011
vt 0.1252803 0.03324764
vt 0.1260196 0.0192784
vt 0.1536524 0.0162544
vt 0.1340581 0.01604463
vt 0.1449761 0.01411986
vt 0.07974222 0.315336
vt 0.06697773 0.12605
vt 0.07121088 0.3155771
vt 0.05854964 0.1166578
vt 0.04299906 0.1016665
vt 0.05672857 0.08339116
vt 0.04913304 0.0880997
vt 0.04560952 0.09421106
vt 0.6687192 0.1462021
vt 0.6619031 0.1462462
vt 0.6619005 0.1427789
usemtl troll_low_troll_body_mat_AlbedoTransparency
f 115/115/115 114/114/114 116/116/116
f 116/116/116 117/117/117 115/115/115
f 117/117/117 116/116/116 118/118/118
f 118/118/118 119/119/119 117/117/117
f 121/121/121 119/119/119 118/118/118
f 118/118/118 120/120/120 121/121/121
f 122/122/122 115/115/115 117/117/117
f 117/117/117 123/123/123 122/122/122
f 123/123/123 117/117/117 119/119/119
f 119/119/119 124/124/124 123/123/123
f 119/119/119 125/125/125 124/124/124
f 121/121/121 125/125/125 119/119/119
f 126/126/126 122/122/122 123/123/123
f 1192/1192/1192 122/122/122 126/126/126
f 1192/1192/1192 1140/1140/1140 122/122/122
f 1140/1140/1140 115/115/115 122/122/122
f 126/126/126 123/123/123 127/127/127
f 127/127/127 123/123/123 124/124/124
f 127/127/127 124/124/124 128/128/128
f 128/128/128 124/124/124 125/125/125
f 125/125/125 129/129/129 128/128/128
f 130/130/130 129/129/129 125/125/125
f 125/125/125 131/131/131 130/130/130
f 131/131/131 125/125/125 121/121/121
f 121/121/121 132/132/132 131/131/131
f 132/132/132 121/121/121 120/120/120
f 120/120/120 133/133/133 132/132/132
f 138/138/138 132/132/132 133/133/133
f 133/133/133 137/137/137 138/138/138
f 140/140/140 138/138/138 137/137/137
f 137/137/137 139/139/139 140/140/140
f 141/141/141 139/139/139 137/137/137
f 141/141/141 142/142/142 139/139/139
f 142/142/142 141/141/141 143/143/143
f 142/142/142 143/143/143 144/144/144
f 144/144/144 143/143/143 145/145/145
f 145/145/145 146/146/146 144/144/144
f 148/148/148 146/146/146 145/145/145
f 148/148/148 145/145/145 147/147/147
f 148/148/148 147/147/147 149/149/149
f 150/150/150 148/148/148 149/149/149
f 150/150/150 149/149/149 152/152/152
f 152/152/152 149/149/149 151/151/151
f 154/154/154 152/152/152 151/151/151
f 151/151/151 153/153/153 154/154/154
f 141/141/141 161/161/161 143/143/143
f 161/161/161 141/141/141 157/157/157
f 157/157/157 141/141/141 137/137/137
f 137/137/137 133/133/133 157/157/157
f 158/158/158 157/157/157 133/133/133
f 133/133/133 120/120/120 158/158/158
f 158/158/158 120/120/120 118/118/118
f 118/118/118 159/159/159 158/158/158
f 159/159/159 118/118/118 116/116/116
f 116/116/116 160/160/160 159/159/159
f 116/116/116 114/114/114 160/160/160
f 160/160/160 114/114/114 134/134/134
f 163/163/163 161/161/161 157/157/157
f 157/157/157 162/162/162 163/163/163
f 157/157/157 158/158/158 162/162/162
f 158/158/158 159/159/159 162/162/162
f 165/165/165 163/163/163 162/162/162
f 162/162/162 164/164/164 165/165/165
f 162/162/162 159/159/159 164/164/164
f 159/159/159 160/160/160 164/164/164
f 164/164/164 160/160/160 134/134/134
f 134/134/134 135/135/135 164/164/164
f 164/164/164 135/135/135 182/182/182
f 182/182/182 165/165/165 164/164/164
f 1134/1134/1134 165/165/165 182/182/182
f 182/182/182 1136/1136/1136 1134/1134/1134
f 1134/1134/1134 1136/1136/1136 1135/1135/1135
f 1135/1135/1135 183/183/183 1134/1134/1134
f 184/184/184 1134/1134/1134 183/183/183
f 183/183/183 3674/3674/3674 184/184/184
f 3675/3675/3675 184/184/184 3674/3674/3674
f 184/184/184 3675/3675/3675 185/185/185
f 3676/3676/3676 185/185/185 3675/3675/3675
f 186/186/186 185/185/185 3676/3676/3676
f 3676/3676/3676 3677/3677/3677 186/186/186
f 186/186/186 3677/3677/3677 187/187/187
f 3678/3678/3678 187/187/187 3677/3677/3677
f 187/187/187 3678/3678/3678 188/188/188
f 3678/3678/3678 3679/3679/3679 188/188/188
f 188/188/188 3679/3679/3679 3680/3680/3680
f 3680/3680/3680 189/189/189 188/188/188
f 189/189/189 3680/3680/3680 3681/3681/3681
f 3681/3681/3681 190/190/190 189/189/189
f 3681/3681/3681 1254/1254/1254 190/190/190
f 190/190/190 1254/1254/1254 1143/1143/1143
f 191/191/191 185/185/185 186/186/186
f 186/186/186 192/192/192 191/191/191
f 192/192/192 186/186/186 187/187/187
f 187/187/187 193/193/193 192/192/192
f 163/163/163 191/191/191 192/192/192
f 163/163/163 192/192/192 161/161/161
f 161/161/161 192/192/192 193/193/193
f 193/193/193 194/194/194 161/161/161
f 143/143/143 161/161/161 194/194/194
f 194/194/194 195/195/195 143/143/143
f 145/145/145 143/143/143 195/195/195
f 195/195/195 196/196/196 145/145/145
f 145/145/145 196/196/196 197/197/197
f 145/145/145 197/197/197 147/147/147
f 193/193/193 199/199/199 194/194/194
f 199/199/199 196/196/196 195/195/195
f 195/195/195 194/194/194 199/199/199
f 193/193/193 198/198/198 199/199/199
f 193/193/193 187/187/187 198/198/198
f 187/187/187 188/188/188 198/198/198
f 200/200/200 197/197/197 196/196/196
f 196/196/196 199/199/199 200/200/200
f 200/200/200 199/199/199 198/198/198
f 198/198/198 201/201/201 200/200/200
f 198/198/198 188/188/188 202/202/202
f 202/202/202 201/201/201 198/198/198
f 189/189/189 202/202/202 188/188/188
f 202/202/202 189/189/189 203/203/203
f 203/203/203 189/189/189 190/190/190
f 190/190/190 204/204/204 203/203/203
f 204/204/204 190/190/190 1144/1144/1144
f 190/190/190 1143/1143/1143 1144/1144/1144
f 200/200/200 201/201/201 206/206/206
f 206/206/206 201/201/201 202/202/202
f 205/205/205 200/200/200 206/206/206
f 202/202/202 207/207/207 206/206/206
f 207/207/207 202/202/202 203/203/203
f 203/203/203 208/208/208 207/207/207
f 208/208/208 203/203/203 204/204/204
f 204/204/204 209/209/209 208/208/208
f 209/209/209 204/204/204 1144/1144/1144
f 1144/1144/1144 1145/1145/1145 209/209/209
f 197/197/197 200/200/200 205/205/205
f 147/147/147 197/197/197 205/205/205
f 149/149/149 147/147/147 205/205/205
f 205/205/205 210/210/210 149/149/149
f 210/210/210 205/205/205 206/206/206
f 206/206/206 211/211/211 210/210/210
f 211/211/211 206/206/206 207/207/207
f 207/207/207 212/212/212 211/211/211
f 212/212/212 207/207/207 208/208/208
f 208/208/208 213/213/213 212/212/212
f 213/213/213 208/208/208 209/209/209
f 209/209/209 214/214/214 213/213/213
f 209/209/209 1145/1145/1145 214/214/214
f 214/214/214 1145/1145/1145 1279/1279/1279
f 151/151/151 149/149/149 210/210/210
f 210/210/210 215/215/215 151/151/151
f 215/215/215 211/211/211 212/212/212
f 211/211/211 215/215/215 210/210/210
f 216/216/216 213/213/213 214/214/214
f 212/212/212 216/216/216 215/215/215
f 213/213/213 216/216/216 212/212/212
f 214/214/214 217/217/217 216/216/216
f 214/214/214 1279/1279/1279 1146/1146/1146
f 1146/1146/1146 217/217/217 214/214/214
f 153/153/153 151/151/151 215/215/215
f 215/215/215 270/270/270 153/153/153
f 270/270/270 215/215/215 216/216/216
f 271/271/271 216/216/216 217/217/217
f 216/216/216 271/271/271 270/270/270
f 217/217/217 272/272/272 271/271/271
f 217/217/217 1146/1146/1146 1150/1150/1150
f 1150/1150/1150 272/272/272 217/217/217
f 270/270/270 273/273/273 153/153/153
f 273/273/273 262/262/262 153/153/153
f 153/153/153 262/262/262 154/154/154
f 262/262/262 263/263/263 154/154/154
f 262/262/262 155/155/155 263/263/263
f 156/156/156 263/263/263 155/155/155
f 156/156/156 155/155/155 236/236/236
f 236/236/236 237/237/237 156/156/156
f 238/238/238 237/237/237 236/236/236
f 239/239/239 237/237/237 238/238/238
f 156/156/156 237/237/237 240/240/240
f 240/240/240 241/241/241 156/156/156
f 243/243/243 241/241/241 240/240/240
f 240/240/240 242/242/242 243/243/243
f 243/243/243 242/242/242 244/244/244
f 244/244/244 245/245/245 243/243/243
f 247/247/247 245/245/245 244/244/244
f 244/244/244 246/246/246 247/247/247
f 249/249/249 247/247/247 246/246/246
f 246/246/246 248/248/248 249/249/249
f 249/249/249 248/248/248 250/250/250
f 250/250/250 251/251/251 249/249/249
f 251/251/251 250/250/250 252/252/252
f 252/252/252 253/253/253 251/251/251
f 252/252/252 254/254/254 253/253/253
f 254/254/254 255/255/255 253/253/253
f 253/253/253 255/255/255 138/138/138
f 138/138/138 140/140/140 253/253/253
f 255/255/255 254/254/254 131/131/131
f 131/131/131 254/254/254 130/130/130
f 132/132/132 255/255/255 131/131/131
f 138/138/138 255/255/255 132/132/132
f 256/256/256 253/253/253 140/140/140
f 251/251/251 253/253/253 256/256/256
f 249/249/249 251/251/251 256/256/256
f 256/256/256 257/257/257 249/249/249
f 247/247/247 249/249/249 257/257/257
f 257/257/257 258/258/258 247/247/247
f 259/259/259 247/247/247 258/258/258
f 259/259/259 245/245/245 247/247/247
f 243/243/243 245/245/245 259/259/259
f 259/259/259 260/260/260 243/243/243
f 261/261/261 243/243/243 260/260/260
f 243/243/243 261/261/261 241/241/241
f 156/156/156 241/241/241 261/261/261
f 261/261/261 263/263/263 156/156/156
f 264/264/264 256/256/256 140/140/140
f 257/257/257 256/256/256 264/264/264
f 264/264/264 265/265/265 257/257/257
f 257/257/257 266/266/266 258/258/258
f 257/257/257 265/265/265 266/266/266
f 264/264/264 144/144/144 265/265/265
f 144/144/144 264/264/264 142/142/142
f 142/142/142 264/264/264 139/139/139
f 264/264/264 140/140/140 139/139/139
f 146/146/146 266/266/266 265/265/265
f 265/265/265 144/144/144 146/146/146
f 261/261/261 260/260/260 267/267/267
f 267/267/267 268/268/268 261/261/261
f 261/261/261 268/268/268 263/263/263
f 267/267/267 260/260/260 269/269/269
f 259/259/259 269/269/269 260/260/260
f 258/258/258 266/266/266 269/269/269
f 269/269/269 259/259/259 258/258/258
f 266/266/266 148/148/148 269/269/269
f 266/266/266 146/146/146 148/148/148
f 150/150/150 269/269/269 148/148/148
f 267/267/267 269/269/269 150/150/150
f 267/267/267 150/150/150 152/152/152
f 268/268/268 267/267/267 152/152/152
f 152/152/152 154/154/154 268/268/268
f 154/154/154 263/263/263 268/268/268
f 166/166/166 168/168/168 169/169/169
f 169/169/169 167/167/167 166/166/166
f 171/171/171 169/169/169 168/168/168
f 168/168/168 170/170/170 171/171/171
f 173/173/173 171/171/171 170/170/170
f 170/170/170 172/172/172 173/173/173
f 175/175/175 173/173/173 172/172/172
f 172/172/172 174/174/174 175/175/175
f 177/177/177 175/175/175 174/174/174
f 174/174/174 176/176/176 177/177/177
f 179/179/179 177/177/177 176/176/176
f 176/176/176 178/178/178 179/179/179
f 181/181/181 179/179/179 178/178/178
f 178/178/178 180/180/180 181/181/181
f 168/168/168 1064/1064/1064 170/170/170
f 1064/1064/1064 1065/1065/1065 170/170/170
f 1038/1038/1038 1065/1065/1065 1064/1064/1064
f 1064/1064/1064 1039/1039/1039 1038/1038/1038
f 1039/1039/1039 865/865/865 1038/1038/1038
f 1038/1038/1038 865/865/865 867/867/867
f 865/865/865 866/866/866 867/867/867
f 865/865/865 864/864/864 866/866/866
f 863/863/863 864/864/864 865/865/865
f 1039/1039/1039 863/863/863 865/865/865
f 863/863/863 862/862/862 864/864/864
f 860/860/860 862/862/862 863/863/863
f 863/863/863 861/861/861 860/860/860
f 860/860/860 861/861/861 859/859/859
f 859/859/859 858/858/858 860/860/860
f 858/858/858 859/859/859 854/854/854
f 854/854/854 852/852/852 858/858/858
f 852/852/852 854/854/854 855/855/855
f 855/855/855 853/853/853 852/852/852
f 821/821/821 852/852/852 853/853/853
f 853/853/853 822/822/822 821/821/821
f 840/840/840 821/821/821 822/822/822
f 820/820/820 821/821/821 840/840/840
f 821/821/821 820/820/820 819/819/819
f 852/852/852 819/819/819 858/858/858
f 821/821/821 819/819/819 852/852/852
f 820/820/820 818/818/818 819/819/819
f 819/819/819 818/818/818 817/817/817
f 858/858/858 817/817/817 860/860/860
f 819/819/819 817/817/817 858/858/858
f 840/840/840 822/822/822 837/837/837
f 822/822/822 823/823/823 837/837/837
f 838/838/838 837/837/837 823/823/823
f 827/827/827 817/817/817 818/818/818
f 818/818/818 828/828/828 827/827/827
f 815/815/815 827/827/827 828/828/828
f 828/828/828 816/816/816 815/815/815
f 813/813/813 815/815/815 816/816/816
f 816/816/816 814/814/814 813/813/813
f 811/811/811 813/813/813 814/814/814
f 814/814/814 812/812/812 811/811/811
f 810/810/810 811/811/811 812/812/812
f 812/812/812 807/807/807 810/810/810
f 809/809/809 810/810/810 807/807/807
f 807/807/807 802/802/802 809/809/809
f 802/802/802 807/807/807 808/808/808
f 808/808/808 803/803/803 802/802/802
f 788/788/788 802/802/802 803/803/803
f 788/788/788 772/772/772 802/802/802
f 809/809/809 802/802/802 772/772/772
f 774/774/774 772/772/772 788/788/788
f 774/774/774 773/773/773 772/772/772
f 771/771/771 772/772/772 773/773/773
f 772/772/772 771/771/771 809/809/809
f 787/787/787 774/774/774 788/788/788
f 788/788/788 762/762/762 787/787/787
f 787/787/787 762/762/762 784/784/784
f 762/762/762 760/760/760 784/784/784
f 760/760/760 762/762/762 763/763/763
f 763/763/763 761/761/761 760/760/760
f 761/761/761 759/759/759 760/760/760
f 760/760/760 759/759/759 758/758/758
f 784/784/784 760/760/760 758/758/758
f 765/765/765 763/763/763 762/762/762
f 762/762/762 764/764/764 765/765/765
f 762/762/762 788/788/788 764/764/764
f 758/758/758 785/785/785 784/784/784
f 784/784/784 785/785/785 783/783/783
f 783/783/783 782/782/782 784/784/784
f 779/779/779 782/782/782 783/783/783
f 783/783/783 780/780/780 779/779/779
f 780/780/780 783/783/783 785/785/785
f 779/779/779 780/780/780 1850/1850/1850
f 1850/1850/1850 1848/1848/1848 779/779/779
f 777/777/777 779/779/779 1848/1848/1848
f 782/782/782 779/779/779 777/777/777
f 1848/1848/1848 1162/1162/1162 777/777/777
f 780/780/780 781/781/781 1850/1850/1850
f 785/785/785 781/781/781 780/780/780
f 785/785/785 758/758/758 781/781/781
f 781/781/781 1852/1852/1852 1850/1850/1850
f 781/781/781 758/758/758 786/786/786
f 781/781/781 786/786/786 1852/1852/1852
f 758/758/758 759/759/759 757/757/757
f 757/757/757 786/786/786 758/758/758
f 777/777/777 776/776/776 782/782/782
f 776/776/776 777/777/777 778/778/778
f 778/778/778 777/777/777 1162/1162/1162
f 778/778/778 775/775/775 776/776/776
f 849/849/849 757/757/757 759/759/759
f 848/848/848 849/849/849 759/759/759
f 759/759/759 761/761/761 848/848/848
f 848/848/848 761/761/761 847/847/847
f 846/846/846 847/847/847 761/761/761
f 761/761/761 763/763/763 846/846/846
f 765/765/765 846/846/846 763/763/763
f 846/846/846 765/765/765 806/806/806
f 765/765/765 764/764/764 806/806/806
f 806/806/806 764/764/764 805/805/805
f 764/764/764 788/788/788 805/805/805
f 788/788/788 803/803/803 805/805/805
f 806/806/806 805/805/805 766/766/766
f 767/767/767 806/806/806 766/766/766
f 767/767/767 766/766/766 768/768/768
f 768/768/768 769/769/769 767/767/767
f 769/769/769 768/768/768 754/754/754
f 768/768/768 770/770/770 754/754/754
f 1160/1160/1160 754/754/754 770/770/770
f 770/770/770 1837/1837/1837 1160/1160/1160
f 770/770/770 790/790/790 1837/1837/1837
f 790/790/790 1163/1163/1163 1837/1837/1837
f 749/749/749 790/790/790 770/770/770
f 770/770/770 768/768/768 749/749/749
f 790/790/790 749/749/749 748/748/748
f 750/750/750 748/748/748 749/749/749
f 750/750/750 749/749/749 768/768/768
f 768/768/768 766/766/766 750/750/750
f 751/751/751 748/748/748 750/750/750
f 746/746/746 751/751/751 750/750/750
f 750/750/750 747/747/747 746/746/746
f 747/747/747 750/750/750 766/766/766
f 747/747/747 745/745/745 746/746/746
f 746/746/746 745/745/745 744/744/744
f 744/744/744 745/745/745 752/752/752
f 752/752/752 753/753/753 744/744/744
f 743/743/743 753/753/753 752/752/752
f 753/753/753 743/743/743 742/742/742
f 740/740/740 742/742/742 743/743/743
f 743/743/743 741/741/741 740/740/740
f 738/738/738 740/740/740 741/741/741
f 741/741/741 739/739/739 738/738/738
f 737/737/737 738/738/738 739/739/739
f 737/737/737 736/736/736 738/738/738
f 734/734/734 736/736/736 737/737/737
f 737/737/737 735/735/735 734/734/734
f 732/732/732 734/734/734 735/735/735
f 735/735/735 733/733/733 732/732/732
f 730/730/730 732/732/732 733/733/733
f 733/733/733 731/731/731 730/730/730
f 731/731/731 728/728/728 730/730/730
f 730/730/730 728/728/728 729/729/729
f 729/729/729 728/728/728 1159/1159/1159
f 728/728/728 1798/1798/1798 1159/1159/1159
f 739/739/739 741/741/741 795/795/795
f 794/794/794 795/795/795 741/741/741
f 795/795/795 796/796/796 739/739/739
f 737/737/737 739/739/739 796/796/796
f 796/796/796 797/797/797 737/737/737
f 735/735/735 737/737/737 797/797/797
f 797/797/797 798/798/798 735/735/735
f 799/799/799 733/733/733 735/735/735
f 735/735/735 798/798/798 799/799/799
f 731/731/731 733/733/733 799/799/799
f 799/799/799 800/800/800 731/731/731
f 728/728/728 731/731/731 800/800/800
f 800/800/800 801/801/801 728/728/728
f 801/801/801 1798/1798/1798 728/728/728
f 794/794/794 826/826/826 795/795/795
f 825/825/825 826/826/826 794/794/794
f 794/794/794 793/793/793 825/825/825
f 752/752/752 793/793/793 794/794/794
f 793/793/793 752/752/752 745/745/745
f 745/745/745 792/792/792 793/793/793
f 792/792/792 745/745/745 747/747/747
f 747/747/747 791/791/791 792/792/792
f 766/766/766 791/791/791 747/747/747
f 794/794/794 743/743/743 752/752/752
f 741/741/741 743/743/743 794/794/794
f 791/791/791 766/766/766 804/804/804
f 766/766/766 805/805/805 804/804/804
f 803/803/803 804/804/804 805/805/805
f 804/804/804 803/803/803 808/808/808
f 808/808/808 791/791/791 804/804/804
f 792/792/792 791/791/791 808/808/808
f 808/808/808 824/824/824 792/792/792
f 793/793/793 792/792/792 824/824/824
f 824/824/824 825/825/825 793/793/793
f 808/808/808 807/807/807 824/824/824
f 807/807/807 812/812/812 824/824/824
f 824/824/824 812/812/812 825/825/825
f 814/814/814 825/825/825 812/812/812
f 825/825/825 814/814/814 826/826/826
f 816/816/816 826/826/826 814/814/814
f 816/816/816 829/829/829 826/826/826
f 816/816/816 828/828/828 829/829/829
f 829/829/829 795/795/795 826/826/826
f 796/796/796 795/795/795 829/829/829
f 829/829/829 830/830/830 796/796/796
f 830/830/830 829/829/829 828/828/828
f 818/818/818 830/830/830 828/828/828
f 831/831/831 796/796/796 830/830/830
f 831/831/831 830/830/830 818/818/818
f 796/796/796 831/831/831 797/797/797
f 820/820/820 831/831/831 818/818/818
f 797/797/797 831/831/831 839/839/839
f 839/839/839 798/798/798 797/797/797
f 798/798/798 839/839/839 836/836/836
f 836/836/836 799/799/799 798/798/798
f 799/799/799 836/836/836 833/833/833
f 833/833/833 800/800/800 799/799/799
f 800/800/800 833/833/833 832/832/832
f 832/832/832 801/801/801 800/800/800
f 1909/1909/1909 801/801/801 832/832/832
f 832/832/832 1908/1908/1908 1909/1909/1909
f 1165/1165/1165 1908/1908/1908 832/832/832
f 832/832/832 834/834/834 1165/1165/1165
f 832/832/832 833/833/833 835/835/835
f 835/835/835 834/834/834 832/832/832
f 835/835/835 833/833/833 836/836/836
f 836/836/836 837/837/837 835/835/835
f 837/837/837 836/836/836 839/839/839
f 838/838/838 834/834/834 835/835/835
f 835/835/835 837/837/837 838/838/838
f 839/839/839 840/840/840 837/837/837
f 831/831/831 840/840/840 839/839/839
f 831/831/831 820/820/820 840/840/840
f 801/801/801 1909/1909/1909 1798/1798/1798
f 834/834/834 1166/1166/1166 1165/1165/1165
f 838/838/838 1166/1166/1166 834/834/834
f 838/838/838 1164/1164/1164 1166/1166/1166
f 823/823/823 1164/1164/1164 838/838/838
f 823/823/823 857/857/857 1164/1164/1164
f 857/857/857 823/823/823 822/822/822
f 822/822/822 853/853/853 857/857/857
f 857/857/857 853/853/853 855/855/855
f 855/855/855 856/856/856 857/857/857
f 857/857/857 1167/1167/1167 1164/1164/1164
f 856/856/856 1167/1167/1167 857/857/857
f 856/856/856 855/855/855 1043/1043/1043
f 1043/1043/1043 855/855/855 854/854/854
f 854/854/854 1042/1042/1042 1043/1043/1043
f 854/854/854 859/859/859 1042/1042/1042
f 1041/1041/1041 1042/1042/1042 859/859/859
f 1041/1041/1041 859/859/859 861/861/861
f 861/861/861 1040/1040/1040 1041/1041/1041
f 861/861/861 863/863/863 1040/1040/1040
f 1040/1040/1040 863/863/863 1039/1039/1039
f 1043/1043/1043 1044/1044/1044 856/856/856
f 1043/1043/1043 1042/1042/1042 1061/1061/1061
f 1061/1061/1061 1042/1042/1042 1041/1041/1041
f 1061/1061/1061 1060/1060/1060 1043/1043/1043
f 1043/1043/1043 1060/1060/1060 1044/1044/1044
f 1041/1041/1041 1062/1062/1062 1061/1061/1061
f 1062/1062/1062 1041/1041/1041 1040/1040/1040
f 1040/1040/1040 1063/1063/1063 1062/1062/1062
f 1063/1063/1063 1040/1040/1040 1039/1039/1039
f 1039/1039/1039 1064/1064/1064 1063/1063/1063
f 1063/1063/1063 1064/1064/1064 168/168/168
f 166/166/166 1063/1063/1063 168/168/168
f 1063/1063/1063 166/166/166 1062/1062/1062
f 1066/1066/1066 1062/1062/1062 166/166/166
f 1062/1062/1062 1066/1066/1066 1067/1067/1067
f 1067/1067/1067 1061/1061/1061 1062/1062/1062
f 1060/1060/1060 1059/1059/1059 1044/1044/1044
f 1067/1067/1067 1066/1066/1066 1070/1070/1070
f 1070/1070/1070 1069/1069/1069 1067/1067/1067
f 167/167/167 1070/1070/1070 1066/1066/1066
f 1066/1066/1066 166/166/166 167/167/167
f 136/136/136 1070/1070/1070 167/167/167
f 1070/1070/1070 136/136/136 1069/1069/1069
f 1071/1071/1071 1060/1060/1060 1061/1061/1061
f 1061/1061/1061 1067/1067/1067 1071/1071/1071
f 1069/1069/1069 1071/1071/1071 1067/1067/1067
f 1060/1060/1060 1068/1068/1068 1059/1059/1059
f 1071/1071/1071 1068/1068/1068 1060/1060/1060
f 1068/1068/1068 1071/1071/1071 1069/1069/1069
f 1059/1059/1059 1068/1068/1068 1175/1175/1175
f 1175/1175/1175 1174/1174/1174 1059/1059/1059
f 1059/1059/1059 1174/1174/1174 2245/2245/2245
f 1059/1059/1059 2245/2245/2245 1044/1044/1044
f 1044/1044/1044 2245/2245/2245 1168/1168/1168
f 1044/1044/1044 1168/1168/1168 856/856/856
f 856/856/856 1168/1168/1168 1167/1167/1167
f 1068/1068/1068 2246/2246/2246 1175/1175/1175
f 1069/1069/1069 2246/2246/2246 1068/1068/1068
f 1142/1142/1142 1069/1069/1069 136/136/136
f 1069/1069/1069 1142/1142/1142 2246/2246/2246
f 1175/1175/1175 2150/2150/2150 1174/1174/1174
f 1174/1174/1174 2150/2150/2150 2245/2245/2245
f 1175/1175/1175 2151/2151/2151 2150/2150/2150
f 1175/1175/1175 2246/2246/2246 2151/2151/2151
f 2150/2150/2150 2151/2151/2151 2143/2143/2143
f 2126/2126/2126 2150/2150/2150 2143/2143/2143
f 2245/2245/2245 2126/2126/2126 1168/1168/1168
f 2126/2126/2126 2245/2245/2245 2150/2150/2150
f 2143/2143/2143 2125/2125/2125 2126/2126/2126
f 1932/1932/1932 2126/2126/2126 2125/2125/2125
f 1168/1168/1168 1932/1932/1932 1167/1167/1167
f 1932/1932/1932 1168/1168/1168 2126/2126/2126
f 2125/2125/2125 1931/1931/1931 1932/1932/1932
f 1933/1933/1933 1932/1932/1932 1931/1931/1931
f 1167/1167/1167 1932/1932/1932 1933/1933/1933
f 1931/1931/1931 1929/1929/1929 1933/1933/1933
f 1928/1928/1928 1929/1929/1929 1931/1931/1931
f 1929/1929/1929 1928/1928/1928 1893/1893/1893
f 1893/1893/1893 1895/1895/1895 1929/1929/1929
f 1933/1933/1933 1929/1929/1929 1895/1895/1895
f 1893/1893/1893 1894/1894/1894 1895/1895/1895
f 1890/1890/1890 1894/1894/1894 1893/1893/1893
f 1889/1889/1889 1890/1890/1890 1893/1893/1893
f 1889/1889/1889 1893/1893/1893 1928/1928/1928
f 1891/1891/1891 1890/1890/1890 1889/1889/1889
f 1889/1889/1889 1892/1892/1892 1891/1891/1891
f 1895/1895/1895 1894/1894/1894 1896/1896/1896
f 1897/1897/1897 1895/1895/1895 1896/1896/1896
f 1933/1933/1933 1895/1895/1895 1897/1897/1897
f 1898/1898/1898 1897/1897/1897 1896/1896/1896
f 1891/1891/1891 1892/1892/1892 1902/1902/1902
f 1902/1902/1902 1903/1903/1903 1891/1891/1891
f 1903/1903/1903 1902/1902/1902 1887/1887/1887
f 1887/1887/1887 1888/1888/1888 1903/1903/1903
f 1888/1888/1888 1887/1887/1887 1885/1885/1885
f 1885/1885/1885 1886/1886/1886 1888/1888/1888
f 1886/1886/1886 1885/1885/1885 1883/1883/1883
f 1883/1883/1883 1884/1884/1884 1886/1886/1886
f 1884/1884/1884 1883/1883/1883 1882/1882/1882
f 1882/1882/1882 1879/1879/1879 1884/1884/1884
f 1879/1879/1879 1882/1882/1882 1881/1881/1881
f 1881/1881/1881 1874/1874/1874 1879/1879/1879
f 1880/1880/1880 1879/1879/1879 1874/1874/1874
f 1874/1874/1874 1875/1875/1875 1880/1880/1880
f 1875/1875/1875 1874/1874/1874 1860/1860/1860
f 1839/1839/1839 1860/1860/1860 1874/1874/1874
f 1839/1839/1839 1874/1874/1874 1881/1881/1881
f 1840/1840/1840 1860/1860/1860 1839/1839/1839
f 1841/1841/1841 1840/1840/1840 1839/1839/1839
f 1841/1841/1841 1839/1839/1839 1842/1842/1842
f 1881/1881/1881 1842/1842/1842 1839/1839/1839
f 1860/1860/1860 1840/1840/1840 1859/1859/1859
f 1859/1859/1859 1828/1828/1828 1860/1860/1860
f 1828/1828/1828 1859/1859/1859 1855/1855/1855
f 1828/1828/1828 1855/1855/1855 1824/1824/1824
f 1828/1828/1828 1824/1824/1824 1825/1825/1825
f 1826/1826/1826 1825/1825/1825 1824/1824/1824
f 1824/1824/1824 1827/1827/1827 1826/1826/1826
f 1825/1825/1825 1829/1829/1829 1828/1828/1828
f 1828/1828/1828 1829/1829/1829 1831/1831/1831
f 1831/1831/1831 1830/1830/1830 1828/1828/1828
f 1828/1828/1828 1830/1830/1830 1860/1860/1860
f 1824/1824/1824 1856/1856/1856 1827/1827/1827
f 1856/1856/1856 1824/1824/1824 1855/1855/1855
f 1854/1854/1854 1856/1856/1856 1855/1855/1855
f 1853/1853/1853 1854/1854/1854 1855/1855/1855
f 1849/1849/1849 1854/1854/1854 1853/1853/1853
f 1849/1849/1849 1853/1853/1853 1847/1847/1847
f 1850/1850/1850 1849/1849/1849 1847/1847/1847
f 1847/1847/1847 1848/1848/1848 1850/1850/1850
f 1848/1848/1848 1847/1847/1847 1843/1843/1843
f 1847/1847/1847 1853/1853/1853 1843/1843/1843
f 1843/1843/1843 1162/1162/1162 1848/1848/1848
f 1851/1851/1851 1849/1849/1849 1850/1850/1850
f 1854/1854/1854 1849/1849/1849 1851/1851/1851
f 1851/1851/1851 1856/1856/1856 1854/1854/1854
f 1827/1827/1827 1856/1856/1856 1851/1851/1851
f 1850/1850/1850 1852/1852/1852 1851/1851/1851
f 1827/1827/1827 1851/1851/1851 1857/1857/1857
f 1827/1827/1827 1857/1857/1857 1858/1858/1858
f 1858/1858/1858 1826/1826/1826 1827/1827/1827
f 1853/1853/1853 1846/1846/1846 1843/1843/1843
f 1844/1844/1844 1843/1843/1843 1846/1846/1846
f 1846/1846/1846 1845/1845/1845 1844/1844/1844
f 1826/1826/1826 1858/1858/1858 1924/1924/1924
f 1924/1924/1924 1923/1923/1923 1826/1826/1826
f 1825/1825/1825 1826/1826/1826 1923/1923/1923
f 1825/1825/1825 1923/1923/1923 1922/1922/1922
f 1825/1825/1825 1922/1922/1922 1921/1921/1921
f 1921/1921/1921 1829/1829/1829 1825/1825/1825
f 1921/1921/1921 1831/1831/1831 1829/1829/1829
f 1921/1921/1921 1877/1877/1877 1831/1831/1831
f 1830/1830/1830 1831/1831/1831 1877/1877/1877
f 1877/1877/1877 1876/1876/1876 1830/1830/1830
f 1860/1860/1860 1830/1830/1830 1876/1876/1876
f 1860/1860/1860 1876/1876/1876 1875/1875/1875
f 1877/1877/1877 1835/1835/1835 1876/1876/1876
f 1835/1835/1835 1877/1877/1877 1834/1834/1834
f 1835/1835/1835 1834/1834/1834 1832/1832/1832
f 1833/1833/1833 1832/1832/1832 1834/1834/1834
f 1832/1832/1832 1833/1833/1833 1838/1838/1838
f 1832/1832/1832 1838/1838/1838 1836/1836/1836
f 1836/1836/1836 1838/1838/1838 1160/1160/1160
f 1160/1160/1160 1837/1837/1837 1836/1836/1836
f 1862/1862/1862 1836/1836/1836 1837/1837/1837
f 1837/1837/1837 1163/1163/1163 1862/1862/1862
f 1821/1821/1821 1832/1832/1832 1836/1836/1836
f 1836/1836/1836 1862/1862/1862 1821/1821/1821
f 1820/1820/1820 1821/1821/1821 1862/1862/1862
f 1820/1820/1820 1818/1818/1818 1821/1821/1821
f 1818/1818/1818 1835/1835/1835 1832/1832/1832
f 1832/1832/1832 1821/1821/1821 1818/1818/1818
f 1820/1820/1820 1819/1819/1819 1818/1818/1818
f 1818/1818/1818 1819/1819/1819 1814/1814/1814
f 1814/1814/1814 1815/1815/1815 1818/1818/1818
f 1835/1835/1835 1818/1818/1818 1815/1815/1815
f 1816/1816/1816 1815/1815/1815 1814/1814/1814
f 1814/1814/1814 1817/1817/1817 1816/1816/1816
f 1822/1822/1822 1816/1816/1816 1817/1817/1817
f 1823/1823/1823 1822/1822/1822 1817/1817/1817
f 1813/1813/1813 1822/1822/1822 1823/1823/1823
f 1812/1812/1812 1813/1813/1813 1823/1823/1823
f 1813/1813/1813 1812/1812/1812 1810/1810/1810
f 1810/1810/1810 1811/1811/1811 1813/1813/1813
f 1811/1811/1811 1810/1810/1810 1808/1808/1808
f 1808/1808/1808 1809/1809/1809 1811/1811/1811
f 1809/1809/1809 1808/1808/1808 1807/1807/1807
f 1806/1806/1806 1807/1807/1807 1808/1808/1808
f 1807/1807/1807 1806/1806/1806 1804/1804/1804
f 1804/1804/1804 1805/1805/1805 1807/1807/1807
f 1805/1805/1805 1804/1804/1804 1802/1802/1802
f 1802/1802/1802 1803/1803/1803 1805/1805/1805
f 1803/1803/1803 1802/1802/1802 1800/1800/1800
f 1800/1800/1800 1801/1801/1801 1803/1803/1803
f 1797/1797/1797 1801/1801/1801 1800/1800/1800
f 1797/1797/1797 1800/1800/1800 1799/1799/1799
f 1797/1797/1797 1799/1799/1799 1159/1159/1159
f 1159/1159/1159 1798/1798/1798 1797/1797/1797
f 1867/1867/1867 1811/1811/1811 1809/1809/1809
f 1811/1811/1811 1867/1867/1867 1866/1866/1866
f 1866/1866/1866 1813/1813/1813 1811/1811/1811
f 1822/1822/1822 1813/1813/1813 1866/1866/1866
f 1866/1866/1866 1865/1865/1865 1822/1822/1822
f 1822/1822/1822 1865/1865/1865 1816/1816/1816
f 1864/1864/1864 1816/1816/1816 1865/1865/1865
f 1816/1816/1816 1864/1864/1864 1815/1815/1815
f 1863/1863/1863 1815/1815/1815 1864/1864/1864
f 1815/1815/1815 1863/1863/1863 1835/1835/1835
f 1872/1872/1872 1801/1801/1801 1797/1797/1797
f 1797/1797/1797 1873/1873/1873 1872/1872/1872
f 1798/1798/1798 1873/1873/1873 1797/1797/1797
f 1835/1835/1835 1863/1863/1863 1878/1878/1878
f 1878/1878/1878 1876/1876/1876 1835/1835/1835
f 1876/1876/1876 1878/1878/1878 1875/1875/1875
f 1878/1878/1878 1863/1863/1863 1880/1880/1880
f 1880/1880/1880 1875/1875/1875 1878/1878/1878
f 1880/1880/1880 1863/1863/1863 1864/1864/1864
f 1864/1864/1864 1899/1899/1899 1880/1880/1880
f 1899/1899/1899 1864/1864/1864 1865/1865/1865
f 1879/1879/1879 1880/1880/1880 1899/1899/1899
f 1899/1899/1899 1884/1884/1884 1879/1879/1879
f 1865/1865/1865 1900/1900/1900 1899/1899/1899
f 1884/1884/1884 1899/1899/1899 1900/1900/1900
f 1900/1900/1900 1886/1886/1886 1884/1884/1884
f 1900/1900/1900 1865/1865/1865 1866/1866/1866
f 1866/1866/1866 1901/1901/1901 1900/1900/1900
f 1901/1901/1901 1886/1886/1886 1900/1900/1900
f 1901/1901/1901 1888/1888/1888 1886/1886/1886
f 1904/1904/1904 1888/1888/1888 1901/1901/1901
f 1903/1903/1903 1888/1888/1888 1904/1904/1904
f 1867/1867/1867 1901/1901/1901 1866/1866/1866
f 1901/1901/1901 1867/1867/1867 1904/1904/1904
f 1904/1904/1904 1867/1867/1867 1868/1868/1868
f 1809/1809/1809 1868/1868/1868 1867/1867/1867
f 1868/1868/1868 1809/1809/1809 1807/1807/1807
f 1807/1807/1807 1869/1869/1869 1868/1868/1868
f 1869/1869/1869 1807/1807/1807 1805/1805/1805
f 1805/1805/1805 1870/1870/1870 1869/1869/1869
f 1871/1871/1871 1870/1870/1870 1805/1805/1805
f 1803/1803/1803 1871/1871/1871 1805/1805/1805
f 1871/1871/1871 1803/1803/1803 1801/1801/1801
f 1801/1801/1801 1872/1872/1872 1871/1871/1871
f 1868/1868/1868 1905/1905/1905 1904/1904/1904
f 1904/1904/1904 1905/1905/1905 1903/1903/1903
f 1905/1905/1905 1891/1891/1891 1903/1903/1903
f 1905/1905/1905 1868/1868/1868 1906/1906/1906
f 1868/1868/1868 1869/1869/1869 1906/1906/1906
f 1906/1906/1906 1891/1891/1891 1905/1905/1905
f 1891/1891/1891 1906/1906/1906 1890/1890/1890
f 1871/1871/1871 1872/1872/1872 1910/1910/1910
f 1907/1907/1907 1910/1910/1910 1872/1872/1872
f 1872/1872/1872 1873/1873/1873 1907/1907/1907
f 1907/1907/1907 1873/1873/1873 1909/1909/1909
f 1909/1909/1909 1908/1908/1908 1907/1907/1907
f 1165/1165/1165 1907/1907/1907 1908/1908/1908
f 1165/1165/1165 1911/1911/1911 1907/1907/1907
f 1912/1912/1912 1910/1910/1910 1907/1907/1907
f 1911/1911/1911 1912/1912/1912 1907/1907/1907
f 1910/1910/1910 1913/1913/1913 1871/1871/1871
f 1913/1913/1913 1910/1910/1910 1912/1912/1912
f 1912/1912/1912 1896/1896/1896 1913/1913/1913
f 1898/1898/1898 1912/1912/1912 1911/1911/1911
f 1896/1896/1896 1912/1912/1912 1898/1898/1898
f 1914/1914/1914 1913/1913/1913 1896/1896/1896
f 1913/1913/1913 1914/1914/1914 1870/1870/1870
f 1870/1870/1870 1871/1871/1871 1913/1913/1913
f 1896/1896/1896 1894/1894/1894 1914/1914/1914
f 1869/1869/1869 1870/1870/1870 1914/1914/1914
f 1914/1914/1914 1906/1906/1906 1869/1869/1869
f 1894/1894/1894 1906/1906/1906 1914/1914/1914
f 1890/1890/1890 1906/1906/1906 1894/1894/1894
f 1909/1909/1909 1873/1873/1873 1798/1798/1798
f 1165/1165/1165 1166/1166/1166 1911/1911/1911
f 1166/1166/1166 1164/1164/1164 1898/1898/1898
f 1164/1164/1164 1897/1897/1897 1898/1898/1898
f 1933/1933/1933 1897/1897/1897 1164/1164/1164
f 1164/1164/1164 1167/1167/1167 1933/1933/1933
f 1898/1898/1898 1911/1911/1911 1166/1166/1166
f 1147/1147/1147 1192/1192/1192 126/126/126
f 126/126/126 218/218/218 1147/1147/1147
f 1285/1285/1285 1147/1147/1147 218/218/218
f 218/218/218 219/219/219 1285/1285/1285
f 218/218/218 126/126/126 127/127/127
f 127/127/127 220/220/220 218/218/218
f 220/220/220 221/221/221 218/218/218
f 221/221/221 219/219/219 218/218/218
f 220/220/220 127/127/127 222/222/222
f 220/220/220 222/222/222 223/223/223
f 224/224/224 220/220/220 223/223/223
f 221/221/221 220/220/220 224/224/224
f 225/225/225 224/224/224 223/223/223
f 223/223/223 226/226/226 225/225/225
f 226/226/226 223/223/223 227/227/227
f 223/223/223 222/222/222 227/227/227
f 1148/1148/1148 1285/1285/1285 219/219/219
f 219/219/219 228/228/228 1148/1148/1148
f 228/228/228 219/219/219 221/221/221
f 221/221/221 229/229/229 228/228/228
f 229/229/229 221/221/221 224/224/224
f 224/224/224 230/230/230 229/229/229
f 230/230/230 224/224/224 225/225/225
f 225/225/225 231/231/231 230/230/230
f 1149/1149/1149 1148/1148/1148 228/228/228
f 228/228/228 232/232/232 1149/1149/1149
f 232/232/232 228/228/228 229/229/229
f 229/229/229 233/233/233 232/232/232
f 233/233/233 229/229/229 230/230/230
f 230/230/230 234/234/234 233/233/233
f 234/234/234 230/230/230 231/231/231
f 231/231/231 235/235/235 234/234/234
f 227/227/227 222/222/222 346/346/346
f 346/346/346 222/222/222 128/128/128
f 345/345/345 346/346/346 128/128/128
f 128/128/128 129/129/129 345/345/345
f 129/129/129 344/344/344 345/345/345
f 130/130/130 344/344/344 129/129/129
f 282/282/282 344/344/344 130/130/130
f 344/344/344 282/282/282 280/280/280
f 280/280/280 282/282/282 283/283/283
f 283/283/283 281/281/281 280/280/280
f 3682/3682/3682 280/280/280 281/281/281
f 281/281/281 3683/3683/3683 3682/3682/3682
f 282/282/282 254/254/254 283/283/283
f 130/130/130 254/254/254 282/282/282
f 252/252/252 283/283/283 254/254/254
f 343/343/343 280/280/280 3682/3682/3682
f 344/344/344 280/280/280 343/343/343
f 343/343/343 345/345/345 344/344/344
f 3682/3682/3682 3702/3702/3702 343/343/343
f 128/128/128 222/222/222 127/127/127
f 343/343/343 3702/3702/3702 349/349/349
f 349/349/349 348/348/348 343/343/343
f 345/345/345 343/343/343 348/348/348
f 348/348/348 347/347/347 345/345/345
f 347/347/347 346/346/346 345/345/345
f 347/347/347 227/227/227 346/346/346
f 226/226/226 227/227/227 347/347/347
f 347/347/347 367/367/367 226/226/226
f 368/368/368 367/367/367 347/347/347
f 347/347/347 348/348/348 368/368/368
f 348/348/348 349/349/349 369/369/369
f 369/369/369 368/368/368 348/348/348
f 374/374/374 226/226/226 367/367/367
f 374/374/374 225/225/225 226/226/226
f 374/374/374 231/231/231 225/225/225
f 367/367/367 375/375/375 374/374/374
f 375/375/375 367/367/367 368/368/368
f 376/376/376 231/231/231 374/374/374
f 376/376/376 374/374/374 375/375/375
f 235/235/235 231/231/231 376/376/376
f 375/375/375 377/377/377 376/376/376
f 368/368/368 378/378/378 375/375/375
f 368/368/368 369/369/369 379/379/379
f 379/379/379 378/378/378 368/368/368
f 387/387/387 235/235/235 376/376/376
f 387/387/387 234/234/234 235/235/235
f 387/387/387 386/386/386 234/234/234
f 234/234/234 386/386/386 385/385/385
f 385/385/385 233/233/233 234/234/234
f 233/233/233 385/385/385 384/384/384
f 384/384/384 232/232/232 233/233/233
f 376/376/376 388/388/388 387/387/387
f 388/388/388 376/376/376 377/377/377
f 377/377/377 389/389/389 388/388/388
f 378/378/378 390/390/390 375/375/375
f 390/390/390 377/377/377 375/375/375
f 389/389/389 377/377/377 390/390/390
f 390/390/390 391/391/391 389/389/389
f 378/378/378 379/379/379 392/392/392
f 392/392/392 390/390/390 378/378/378
f 392/392/392 393/393/393 390/390/390
f 393/393/393 391/391/391 390/390/390
f 384/384/384 385/385/385 403/403/403
f 403/403/403 385/385/385 386/386/386
f 403/403/403 402/402/402 384/384/384
f 386/386/386 404/404/404 403/403/403
f 405/405/405 386/386/386 387/387/387
f 405/405/405 404/404/404 386/386/386
f 389/389/389 406/406/406 388/388/388
f 387/387/387 388/388/388 406/406/406
f 406/406/406 405/405/405 387/387/387
f 391/391/391 408/408/408 389/389/389
f 408/408/408 391/391/391 393/393/393
f 408/408/408 407/407/407 389/389/389
f 407/407/407 406/406/406 389/389/389
f 393/393/393 409/409/409 408/408/408
f 406/406/406 424/424/424 405/405/405
f 407/407/407 424/424/424 406/406/406
f 405/405/405 424/424/424 423/423/423
f 405/405/405 423/423/423 1139/1139/1139
f 404/404/404 1139/1139/1139 403/403/403
f 404/404/404 405/405/405 1139/1139/1139
f 1139/1139/1139 423/423/423 422/422/422
f 1139/1139/1139 422/422/422 1138/1138/1138
f 402/402/402 403/403/403 1138/1138/1138
f 403/403/403 1139/1139/1139 1138/1138/1138
f 1138/1138/1138 422/422/422 417/417/417
f 417/417/417 1137/1137/1137 1138/1138/1138
f 1138/1138/1138 1137/1137/1137 402/402/402
f 417/417/417 415/415/415 1137/1137/1137
f 1137/1137/1137 415/415/415 1490/1490/1490
f 415/415/415 1489/1489/1489 1490/1490/1490
f 416/416/416 1489/1489/1489 415/415/415
f 416/416/416 1493/1493/1493 1489/1489/1489
f 418/418/418 416/416/416 415/415/415
f 415/415/415 417/417/417 418/418/418
f 419/419/419 416/416/416 418/418/418
f 419/419/419 1493/1493/1493 416/416/416
f 418/418/418 420/420/420 419/419/419
f 1156/1156/1156 419/419/419 420/420/420
f 420/420/420 421/421/421 1156/1156/1156
f 421/421/421 1500/1500/1500 1156/1156/1156
f 420/420/420 450/450/450 421/421/421
f 450/450/450 420/420/420 443/443/443
f 420/420/420 418/418/418 443/443/443
f 450/450/450 443/443/443 444/444/444
f 446/446/446 444/444/444 443/443/443
f 443/443/443 445/445/445 446/446/446
f 443/443/443 418/418/418 445/445/445
f 444/444/444 449/449/449 450/450/450
f 450/450/450 449/449/449 441/441/441
f 421/421/421 450/450/450 441/441/441
f 449/449/449 442/442/442 441/441/441
f 445/445/445 418/418/418 453/453/453
f 418/418/418 417/417/417 453/453/453
f 422/422/422 453/453/453 417/417/417
f 447/447/447 453/453/453 422/422/422
f 445/445/445 453/453/453 447/447/447
f 448/448/448 445/445/445 447/447/447
f 446/446/446 445/445/445 448/448/448
f 426/426/426 448/448/448 447/447/447
f 447/447/447 424/424/424 426/426/426
f 425/425/425 426/426/426 424/424/424
f 424/424/424 407/407/407 425/425/425
f 427/427/427 425/425/425 407/407/407
f 407/407/407 408/408/408 427/427/427
f 428/428/428 427/427/427 408/408/408
f 408/408/408 409/409/409 428/428/428
f 424/424/424 447/447/447 423/423/423
f 422/422/422 423/423/423 447/447/447
f 441/441/441 454/454/454 421/421/421
f 1500/1500/1500 421/421/421 454/454/454
f 454/454/454 2234/2234/2234 1500/1500/1500
f 2234/2234/2234 1534/1534/1534 1500/1500/1500
f 1499/1499/1499 1500/1500/1500 1534/1534/1534
f 1156/1156/1156 1500/1500/1500 1499/1499/1499
f 1156/1156/1156 1499/1499/1499 1497/1497/1497
f 1497/1497/1497 1498/1498/1498 1156/1156/1156
f 1498/1498/1498 1497/1497/1497 1496/1496/1496
f 1496/1496/1496 1492/1492/1492 1498/1498/1498
f 1488/1488/1488 1492/1492/1492 1496/1496/1496
f 1492/1492/1492 1488/1488/1488 1489/1489/1489
f 1490/1490/1490 1489/1489/1489 1488/1488/1488
f 1488/1488/1488 1491/1491/1491 1490/1490/1490
f 1489/1489/1489 1493/1493/1493 1492/1492/1492
f 1492/1492/1492 1493/1493/1493 1498/1498/1498
f 1491/1491/1491 1488/1488/1488 1495/1495/1495
f 1496/1496/1496 1495/1495/1495 1488/1488/1488
f 1495/1495/1495 1494/1494/1494 1491/1491/1491
f 1495/1495/1495 1502/1502/1502 1494/1494/1494
f 1502/1502/1502 1501/1501/1501 1494/1494/1494
f 1502/1502/1502 1503/1503/1503 1501/1501/1501
f 1503/1503/1503 1479/1479/1479 1501/1501/1501
f 1503/1503/1503 1504/1504/1504 1479/1479/1479
f 1504/1504/1504 1480/1480/1480 1479/1479/1479
f 1479/1479/1479 1480/1480/1480 1459/1459/1459
f 1458/1458/1458 1479/1479/1479 1459/1459/1459
f 1458/1458/1458 1459/1459/1459 1300/1300/1300
f 1456/1456/1456 1458/1458/1458 1300/1300/1300
f 1300/1300/1300 1299/1299/1299 1456/1456/1456
f 1299/1299/1299 1300/1300/1300 1296/1296/1296
f 1295/1295/1295 1299/1299/1299 1296/1296/1296
f 1295/1295/1295 1296/1296/1296 1290/1290/1290
f 1290/1290/1290 1287/1287/1287 1295/1295/1295
f 1286/1286/1286 1287/1287/1287 1290/1290/1290
f 1283/1283/1283 1287/1287/1287 1286/1286/1286
f 1283/1283/1283 1286/1286/1286 1193/1193/1193
f 1193/1193/1193 1191/1191/1191 1283/1283/1283
f 1191/1191/1191 1193/1193/1193 1187/1187/1187
f 1188/1188/1188 1191/1191/1191 1187/1187/1187
f 1188/1188/1188 1187/1187/1187 1180/1180/1180
f 1180/1180/1180 1181/1181/1181 1188/1188/1188
f 1181/1181/1181 1180/1180/1180 1179/1179/1179
f 1179/1179/1179 1182/1182/1182 1181/1181/1181
f 1183/1183/1183 1179/1179/1179 1180/1180/1180
f 1180/1180/1180 1184/1184/1184 1183/1183/1183
f 1184/1184/1184 1180/1180/1180 1187/1187/1187
f 1183/1183/1183 1184/1184/1184 1186/1186/1186
f 1186/1186/1186 1185/1185/1185 1183/1183/1183
f 1187/1187/1187 1189/1189/1189 1184/1184/1184
f 1189/1189/1189 1187/1187/1187 1193/1193/1193
f 1190/1190/1190 1184/1184/1184 1189/1189/1189
f 1190/1190/1190 1186/1186/1186 1184/1184/1184
f 1191/1191/1191 1188/1188/1188 1192/1192/1192
f 1140/1140/1140 1192/1192/1192 1188/1188/1188
f 1140/1140/1140 1188/1188/1188 1181/1181/1181
f 1193/1193/1193 1194/1194/1194 1189/1189/1189
f 1190/1190/1190 1189/1189/1189 1194/1194/1194
f 1194/1194/1194 1195/1195/1195 1190/1190/1190
f 1190/1190/1190 1195/1195/1195 1197/1197/1197
f 1197/1197/1197 1196/1196/1196 1190/1190/1190
f 1186/1186/1186 1190/1190/1190 1196/1196/1196
f 1196/1196/1196 1198/1198/1198 1186/1186/1186
f 1185/1185/1185 1186/1186/1186 1198/1198/1198
f 1198/1198/1198 1199/1199/1199 1185/1185/1185
f 1199/1199/1199 1198/1198/1198 1201/1201/1201
f 1201/1201/1201 1200/1200/1200 1199/1199/1199
f 1200/1200/1200 1201/1201/1201 1203/1203/1203
f 1203/1203/1203 1202/1202/1202 1200/1200/1200
f 1202/1202/1202 1204/1204/1204 1200/1200/1200
f 1204/1204/1204 1202/1202/1202 1205/1205/1205
f 1204/1204/1204 1205/1205/1205 1206/1206/1206
f 1206/1206/1206 1205/1205/1205 1207/1207/1207
f 1208/1208/1208 1206/1206/1206 1207/1207/1207
f 1207/1207/1207 1209/1209/1209 1208/1208/1208
f 1209/1209/1209 1211/1211/1211 1208/1208/1208
f 1210/1210/1210 1208/1208/1208 1211/1211/1211
f 1211/1211/1211 1212/1212/1212 1210/1210/1210
f 1212/1212/1212 1211/1211/1211 1213/1213/1213
f 1213/1213/1213 1215/1215/1215 1212/1212/1212
f 1214/1214/1214 1212/1212/1212 1215/1215/1215
f 1214/1214/1214 1215/1215/1215 1217/1217/1217
f 1217/1217/1217 1216/1216/1216 1214/1214/1214
f 1223/1223/1223 1204/1204/1204 1206/1206/1206
f 1218/1218/1218 1204/1204/1204 1223/1223/1223
f 1200/1200/1200 1204/1204/1204 1218/1218/1218
f 1199/1199/1199 1200/1200/1200 1218/1218/1218
f 1199/1199/1199 1218/1218/1218 1219/1219/1219
f 1199/1199/1199 1219/1219/1219 1185/1185/1185
f 1183/1183/1183 1185/1185/1185 1219/1219/1219
f 1219/1219/1219 1220/1220/1220 1183/1183/1183
f 1179/1179/1179 1183/1183/1183 1220/1220/1220
f 1220/1220/1220 1221/1221/1221 1179/1179/1179
f 1182/1182/1182 1179/1179/1179 1221/1221/1221
f 1222/1222/1222 1182/1182/1182 1221/1221/1221
f 1218/1218/1218 1223/1223/1223 1225/1225/1225
f 1225/1225/1225 1224/1224/1224 1218/1218/1218
f 1224/1224/1224 1219/1219/1219 1218/1218/1218
f 1220/1220/1220 1219/1219/1219 1224/1224/1224
f 1224/1224/1224 1225/1225/1225 1227/1227/1227
f 1227/1227/1227 1226/1226/1226 1224/1224/1224
f 1220/1220/1220 1224/1224/1224 1226/1226/1226
f 1226/1226/1226 1221/1221/1221 1220/1220/1220
f 1221/1221/1221 1226/1226/1226 1222/1222/1222
f 1228/1228/1228 1222/1222/1222 1226/1226/1226
f 1226/1226/1226 1227/1227/1227 1245/1245/1245
f 1245/1245/1245 1228/1228/1228 1226/1226/1226
f 1245/1245/1245 1227/1227/1227 2222/2222/2222
f 2222/2222/2222 2224/2224/2224 1245/1245/1245
f 2223/2223/2223 2224/2224/2224 2222/2222/2222
f 2222/2222/2222 1246/1246/1246 2223/2223/2223
f 1246/1246/1246 2222/2222/2222 1247/1247/1247
f 1247/1247/1247 3771/3771/3771 1246/1246/1246
f 3772/3772/3772 3771/3771/3771 1247/1247/1247
f 1248/1248/1248 3772/3772/3772 1247/1247/1247
f 3773/3773/3773 3772/3772/3772 1248/1248/1248
f 3773/3773/3773 1248/1248/1248 1249/1249/1249
f 1249/1249/1249 3774/3774/3774 3773/3773/3773
f 1250/1250/1250 3774/3774/3774 1249/1249/1249
f 3775/3775/3775 3774/3774/3774 1250/1250/1250
f 1251/1251/1251 3775/3775/3775 1250/1250/1250
f 3775/3775/3775 1251/1251/1251 3776/3776/3776
f 3777/3777/3777 3776/3776/3776 1251/1251/1251
f 1251/1251/1251 1252/1252/1252 3777/3777/3777
f 3778/3778/3778 3777/3777/3777 1252/1252/1252
f 1252/1252/1252 1253/1253/1253 3778/3778/3778
f 3780/3780/3780 3778/3778/3778 1253/1253/1253
f 3780/3780/3780 1253/1253/1253 3779/3779/3779
f 1249/1249/1249 1248/1248/1248 1255/1255/1255
f 1255/1255/1255 1256/1256/1256 1249/1249/1249
f 1250/1250/1250 1249/1249/1249 1256/1256/1256
f 1256/1256/1256 1257/1257/1257 1250/1250/1250
f 1256/1256/1256 1255/1255/1255 1225/1225/1225
f 1223/1223/1223 1256/1256/1256 1225/1225/1225
f 1257/1257/1257 1256/1256/1256 1223/1223/1223
f 1223/1223/1223 1258/1258/1258 1257/1257/1257
f 1258/1258/1258 1223/1223/1223 1206/1206/1206
f 1206/1206/1206 1259/1259/1259 1258/1258/1258
f 1259/1259/1259 1206/1206/1206 1208/1208/1208
f 1208/1208/1208 1260/1260/1260 1259/1259/1259
f 1261/1261/1261 1260/1260/1260 1208/1208/1208
f 1210/1210/1210 1261/1261/1261 1208/1208/1208
f 1257/1257/1257 1258/1258/1258 1263/1263/1263
f 1263/1263/1263 1259/1259/1259 1260/1260/1260
f 1258/1258/1258 1259/1259/1259 1263/1263/1263
f 1262/1262/1262 1257/1257/1257 1263/1263/1263
f 1262/1262/1262 1250/1250/1250 1257/1257/1257
f 1251/1251/1251 1250/1250/1250 1262/1262/1262
f 1261/1261/1261 1264/1264/1264 1260/1260/1260
f 1264/1264/1264 1263/1263/1263 1260/1260/1260
f 1262/1262/1262 1263/1263/1263 1264/1264/1264
f 1264/1264/1264 1265/1265/1265 1262/1262/1262
f 1251/1251/1251 1262/1262/1262 1266/1266/1266
f 1262/1262/1262 1265/1265/1265 1266/1266/1266
f 1266/1266/1266 1252/1252/1252 1251/1251/1251
f 1267/1267/1267 1252/1252/1252 1266/1266/1266
f 1253/1253/1253 1252/1252/1252 1267/1267/1267
f 1267/1267/1267 1268/1268/1268 1253/1253/1253
f 3781/3781/3781 1253/1253/1253 1268/1268/1268
f 3779/3779/3779 1253/1253/1253 3781/3781/3781
f 1265/1265/1265 1264/1264/1264 1269/1269/1269
f 1266/1266/1266 1265/1265/1265 1269/1269/1269
f 1264/1264/1264 1270/1270/1270 1269/1269/1269
f 1269/1269/1269 1271/1271/1271 1266/1266/1266
f 1267/1267/1267 1266/1266/1266 1271/1271/1271
f 1271/1271/1271 1272/1272/1272 1267/1267/1267
f 1268/1268/1268 1267/1267/1267 1272/1272/1272
f 1272/1272/1272 1273/1273/1273 1268/1268/1268
f 3781/3781/3781 1268/1268/1268 1273/1273/1273
f 3781/3781/3781 1273/1273/1273 3782/3782/3782
f 1264/1264/1264 1261/1261/1261 1270/1270/1270
f 1270/1270/1270 1261/1261/1261 1210/1210/1210
f 1270/1270/1270 1210/1210/1210 1212/1212/1212
f 1212/1212/1212 1274/1274/1274 1270/1270/1270
f 1269/1269/1269 1270/1270/1270 1274/1274/1274
f 1274/1274/1274 1275/1275/1275 1269/1269/1269
f 1271/1271/1271 1269/1269/1269 1275/1275/1275
f 1275/1275/1275 1276/1276/1276 1271/1271/1271
f 1272/1272/1272 1271/1271/1271 1276/1276/1276
f 1276/1276/1276 1277/1277/1277 1272/1272/1272
f 1273/1273/1273 1272/1272/1272 1277/1277/1277
f 1277/1277/1277 1278/1278/1278 1273/1273/1273
f 3782/3782/3782 1273/1273/1273 1278/1278/1278
f 3782/3782/3782 1278/1278/1278 3783/3783/3783
f 1274/1274/1274 1212/1212/1212 1214/1214/1214
f 1214/1214/1214 1280/1280/1280 1274/1274/1274
f 1276/1276/1276 1275/1275/1275 1280/1280/1280
f 1280/1280/1280 1275/1275/1275 1274/1274/1274
f 1278/1278/1278 1277/1277/1277 1281/1281/1281
f 1276/1276/1276 1280/1280/1280 1281/1281/1281
f 1281/1281/1281 1277/1277/1277 1276/1276/1276
f 1281/1281/1281 1282/1282/1282 1278/1278/1278
f 1278/1278/1278 1282/1282/1282 3784/3784/3784
f 3784/3784/3784 3783/3783/3783 1278/1278/1278
f 1280/1280/1280 1214/1214/1214 1216/1216/1216
f 1216/1216/1216 1338/1338/1338 1280/1280/1280
f 1281/1281/1281 1280/1280/1280 1338/1338/1338
f 1282/1282/1282 1281/1281/1281 1339/1339/1339
f 1281/1281/1281 1338/1338/1338 1339/1339/1339
f 1339/1339/1339 1340/1340/1340 1282/1282/1282
f 1282/1282/1282 1340/1340/1340 3785/3785/3785
f 3785/3785/3785 3784/3784/3784 1282/1282/1282
f 1341/1341/1341 1338/1338/1338 1216/1216/1216
f 1216/1216/1216 1330/1330/1330 1341/1341/1341
f 1330/1330/1330 1216/1216/1216 1217/1217/1217
f 1217/1217/1217 1331/1331/1331 1330/1330/1330
f 1305/1305/1305 1330/1330/1330 1331/1331/1331
f 1331/1331/1331 1304/1304/1304 1305/1305/1305
f 1302/1302/1302 1305/1305/1305 1304/1304/1304
f 1304/1304/1304 1303/1303/1303 1302/1302/1302
f 1306/1306/1306 1302/1302/1302 1303/1303/1303
f 1303/1303/1303 1307/1307/1307 1306/1306/1306
f 1308/1308/1308 1303/1303/1303 1304/1304/1304
f 1304/1304/1304 1309/1309/1309 1308/1308/1308
f 1308/1308/1308 1309/1309/1309 1311/1311/1311
f 1311/1311/1311 1310/1310/1310 1308/1308/1308
f 1312/1312/1312 1310/1310/1310 1311/1311/1311
f 1311/1311/1311 1313/1313/1313 1312/1312/1312
f 1312/1312/1312 1313/1313/1313 1315/1315/1315
f 1315/1315/1315 1314/1314/1314 1312/1312/1312
f 1314/1314/1314 1315/1315/1315 1317/1317/1317
f 1317/1317/1317 1316/1316/1316 1314/1314/1314
f 1318/1318/1318 1316/1316/1316 1317/1317/1317
f 1317/1317/1317 1319/1319/1319 1318/1318/1318
f 1320/1320/1320 1318/1318/1318 1319/1319/1319
f 1319/1319/1319 1321/1321/1321 1320/1320/1320
f 1322/1322/1322 1320/1320/1320 1321/1321/1321
f 1323/1323/1323 1322/1322/1322 1321/1321/1321
f 1201/1201/1201 1323/1323/1323 1321/1321/1321
f 1321/1321/1321 1203/1203/1203 1201/1201/1201
f 1323/1323/1323 1196/1196/1196 1322/1322/1322
f 1197/1197/1197 1322/1322/1322 1196/1196/1196
f 1196/1196/1196 1323/1323/1323 1198/1198/1198
f 1201/1201/1201 1198/1198/1198 1323/1323/1323
f 1324/1324/1324 1203/1203/1203 1321/1321/1321
f 1321/1321/1321 1319/1319/1319 1324/1324/1324
f 1324/1324/1324 1319/1319/1319 1317/1317/1317
f 1317/1317/1317 1325/1325/1325 1324/1324/1324
f 1325/1325/1325 1317/1317/1317 1315/1315/1315
f 1315/1315/1315 1326/1326/1326 1325/1325/1325
f 1327/1327/1327 1326/1326/1326 1315/1315/1315
f 1315/1315/1315 1313/1313/1313 1327/1327/1327
f 1327/1327/1327 1313/1313/1313 1311/1311/1311
f 1311/1311/1311 1328/1328/1328 1327/1327/1327
f 1328/1328/1328 1311/1311/1311 1329/1329/1329
f 1311/1311/1311 1309/1309/1309 1329/1329/1329
f 1329/1329/1329 1309/1309/1309 1304/1304/1304
f 1304/1304/1304 1331/1331/1331 1329/1329/1329
f 1203/1203/1203 1324/1324/1324 1332/1332/1332
f 1332/1332/1332 1324/1324/1324 1325/1325/1325
f 1332/1332/1332 1202/1202/1202 1203/1203/1203
f 1325/1325/1325 1333/1333/1333 1332/1332/1332
f 1333/1333/1333 1325/1325/1325 1334/1334/1334
f 1325/1325/1325 1326/1326/1326 1334/1334/1334
f 1332/1332/1332 1205/1205/1205 1202/1202/1202
f 1207/1207/1207 1332/1332/1332 1333/1333/1333
f 1205/1205/1205 1332/1332/1332 1207/1207/1207
f 1333/1333/1333 1334/1334/1334 1209/1209/1209
f 1209/1209/1209 1207/1207/1207 1333/1333/1333
f 1329/1329/1329 1335/1335/1335 1328/1328/1328
f 1335/1335/1335 1329/1329/1329 1336/1336/1336
f 1329/1329/1329 1331/1331/1331 1336/1336/1336
f 1337/1337/1337 1328/1328/1328 1335/1335/1335
f 1327/1327/1327 1328/1328/1328 1337/1337/1337
f 1326/1326/1326 1327/1327/1327 1337/1337/1337
f 1337/1337/1337 1334/1334/1334 1326/1326/1326
f 1337/1337/1337 1211/1211/1211 1334/1334/1334
f 1211/1211/1211 1209/1209/1209 1334/1334/1334
f 1337/1337/1337 1213/1213/1213 1211/1211/1211
f 1337/1337/1337 1335/1335/1335 1213/1213/1213
f 1213/1213/1213 1335/1335/1335 1215/1215/1215
f 1335/1335/1335 1336/1336/1336 1215/1215/1215
f 1215/1215/1215 1336/1336/1336 1217/1217/1217
f 1336/1336/1336 1331/1331/1331 1217/1217/1217
f 274/274/274 270/270/270 271/271/271
f 274/274/274 273/273/273 270/270/270
f 274/274/274 271/271/271 272/272/272
f 272/272/272 275/275/275 274/274/274
f 275/275/275 272/272/272 1150/1150/1150
f 1150/1150/1150 1151/1151/1151 275/275/275
f 273/273/273 274/274/274 337/337/337
f 337/337/337 336/336/336 273/273/273
f 336/336/336 262/262/262 273/273/273
f 155/155/155 262/262/262 336/336/336
f 274/274/274 275/275/275 338/338/338
f 338/338/338 337/337/337 274/274/274
f 338/338/338 275/275/275 1151/1151/1151
f 1151/1151/1151 1152/1152/1152 338/338/338
f 339/339/339 155/155/155 336/336/336
f 155/155/155 339/339/339 236/236/236
f 238/238/238 236/236/236 339/339/339
f 339/339/339 340/340/340 238/238/238
f 276/276/276 238/238/238 340/340/340
f 239/239/239 238/238/238 276/276/276
f 239/239/239 276/276/276 277/277/277
f 279/279/279 277/277/277 276/276/276
f 276/276/276 278/278/278 279/279/279
f 340/340/340 341/341/341 276/276/276
f 278/278/278 276/276/276 341/341/341
f 341/341/341 342/342/342 278/278/278
f 342/342/342 341/341/341 350/350/350
f 351/351/351 342/342/342 350/350/350
f 3703/3703/3703 342/342/342 351/351/351
f 351/351/351 350/350/350 353/353/353
f 353/353/353 352/352/352 351/351/351
f 350/350/350 341/341/341 354/354/354
f 354/354/354 353/353/353 350/350/350
f 354/354/354 341/341/341 340/340/340
f 352/352/352 353/353/353 356/356/356
f 356/356/356 355/355/355 352/352/352
f 353/353/353 354/354/354 357/357/357
f 357/357/357 356/356/356 353/353/353
f 355/355/355 356/356/356 359/359/359
f 359/359/359 358/358/358 355/355/355
f 356/356/356 357/357/357 360/360/360
f 360/360/360 359/359/359 356/356/356
f 1430/1430/1430 358/358/358 359/359/359
f 359/359/359 1429/1429/1429 1430/1430/1430
f 1429/1429/1429 359/359/359 360/360/360
f 1429/1429/1429 360/360/360 1431/1431/1431
f 357/357/357 354/354/354 362/362/362
f 362/362/362 354/354/354 361/361/361
f 340/340/340 361/361/361 354/354/354
f 363/363/363 357/357/357 362/362/362
f 360/360/360 357/357/357 363/363/363
f 1431/1431/1431 360/360/360 363/363/363
f 340/340/340 339/339/339 361/361/361
f 361/361/361 339/339/339 364/364/364
f 362/362/362 361/361/361 364/364/364
f 364/364/364 365/365/365 362/362/362
f 363/363/363 362/362/362 365/365/365
f 365/365/365 366/366/366 363/363/363
f 364/364/364 339/339/339 336/336/336
f 336/336/336 337/337/337 364/364/364
f 364/364/364 337/337/337 365/365/365
f 366/366/366 365/365/365 337/337/337
f 337/337/337 338/338/338 366/366/366
f 1153/1153/1153 366/366/366 338/338/338
f 338/338/338 1152/1152/1152 1153/1153/1153
f 2231/2231/2231 1431/1431/1431 363/363/363
f 1153/1153/1153 2231/2231/2231 366/366/366
f 2231/2231/2231 363/363/363 366/366/366
f 284/284/284 3685/3685/3685 3684/3684/3684
f 285/285/285 3685/3685/3685 284/284/284
f 285/285/285 284/284/284 286/286/286
f 286/286/286 287/287/287 285/285/285
f 284/284/284 3684/3684/3684 3686/3686/3686
f 3686/3686/3686 288/288/288 284/284/284
f 286/286/286 284/284/284 288/288/288
f 288/288/288 289/289/289 286/286/286
f 3687/3687/3687 3685/3685/3685 285/285/285
f 285/285/285 290/290/290 3687/3687/3687
f 290/290/290 285/285/285 287/287/287
f 3687/3687/3687 290/290/290 291/291/291
f 291/291/291 3688/3688/3688 3687/3687/3687
f 291/291/291 292/292/292 3688/3688/3688
f 292/292/292 3689/3689/3689 3688/3688/3688
f 3690/3690/3690 3689/3689/3689 292/292/292
f 292/292/292 293/293/293 3690/3690/3690
f 287/287/287 294/294/294 290/290/290
f 291/291/291 290/290/290 294/294/294
f 294/294/294 295/295/295 291/291/291
f 295/295/295 296/296/296 291/291/291
f 296/296/296 292/292/292 291/291/291
f 293/293/293 292/292/292 296/296/296
f 296/296/296 297/297/297 293/293/293
f 3690/3690/3690 293/293/293 298/298/298
f 298/298/298 293/293/293 297/297/297
f 298/298/298 3691/3691/3691 3690/3690/3690
f 299/299/299 3691/3691/3691 298/298/298
f 3691/3691/3691 299/299/299 3692/3692/3692
f 3693/3693/3693 3692/3692/3692 299/299/299
f 299/299/299 300/300/300 3693/3693/3693
f 3696/3696/3696 3693/3693/3693 300/300/300
f 300/300/300 303/303/303 3696/3696/3696
f 3697/3697/3697 3696/3696/3696 303/303/303
f 303/303/303 3698/3698/3698 3697/3697/3697
f 3698/3698/3698 303/303/303 306/306/306
f 306/306/306 3699/3699/3699 3698/3698/3698
f 303/303/303 300/300/300 307/307/307
f 307/307/307 306/306/306 303/303/303
f 307/307/307 300/300/300 308/308/308
f 300/300/300 299/299/299 308/308/308
f 308/308/308 299/299/299 298/298/298
f 298/298/298 309/309/309 308/308/308
f 297/297/297 309/309/309 298/298/298
f 311/311/311 307/307/307 308/308/308
f 308/308/308 310/310/310 311/311/311
f 311/311/311 310/310/310 312/312/312
f 312/312/312 313/313/313 311/311/311
f 310/310/310 308/308/308 314/314/314
f 309/309/309 314/314/314 308/308/308
f 315/315/315 314/314/314 309/309/309
f 309/309/309 297/297/297 315/315/315
f 315/315/315 297/297/297 316/316/316
f 297/297/297 296/296/296 316/316/316
f 317/317/317 316/316/316 296/296/296
f 296/296/296 295/295/295 317/317/317
f 318/318/318 317/317/317 295/295/295
f 295/295/295 294/294/294 318/318/318
f 318/318/318 294/294/294 319/319/319
f 287/287/287 319/319/319 294/294/294
f 319/319/319 287/287/287 320/320/320
f 286/286/286 320/320/320 287/287/287
f 320/320/320 286/286/286 289/289/289
f 289/289/289 321/321/321 320/320/320
f 321/321/321 289/289/289 304/304/304
f 301/301/301 304/304/304 289/289/289
f 289/289/289 288/288/288 301/301/301
f 3694/3694/3694 301/301/301 288/288/288
f 288/288/288 3686/3686/3686 3694/3694/3694
f 302/302/302 301/301/301 3694/3694/3694
f 304/304/304 301/301/301 302/302/302
f 3694/3694/3694 3695/3695/3695 302/302/302
f 302/302/302 305/305/305 304/304/304
f 304/304/304 322/322/322 321/321/321
f 305/305/305 323/323/323 304/304/304
f 323/323/323 322/322/322 304/304/304
f 322/322/322 323/323/323 3701/3701/3701
f 3701/3701/3701 327/327/327 322/322/322
f 328/328/328 322/322/322 327/327/327
f 321/321/321 322/322/322 328/328/328
f 320/320/320 321/321/321 328/328/328
f 328/328/328 329/329/329 320/320/320
f 319/319/319 320/320/320 329/329/329
f 329/329/329 330/330/330 319/319/319
f 318/318/318 319/319/319 330/330/330
f 330/330/330 331/331/331 318/318/318
f 317/317/317 318/318/318 331/331/331
f 331/331/331 332/332/332 317/317/317
f 316/316/316 317/317/317 332/332/332
f 332/332/332 333/333/333 316/316/316
f 315/315/315 316/316/316 333/333/333
f 333/333/333 334/334/334 315/315/315
f 314/314/314 315/315/315 334/334/334
f 334/334/334 335/335/335 314/314/314
f 335/335/335 310/310/310 314/314/314
f 310/310/310 335/335/335 312/312/312
f 312/312/312 335/335/335 471/471/471
f 470/470/470 312/312/312 471/471/471
f 312/312/312 470/470/470 313/313/313
f 313/313/313 470/470/470 469/469/469
f 313/313/313 469/469/469 468/468/468
f 468/468/468 325/325/325 313/313/313
f 311/311/311 313/313/313 325/325/325
f 325/325/325 324/324/324 311/311/311
f 307/307/307 311/311/311 324/324/324
f 324/324/324 306/306/306 307/307/307
f 3699/3699/3699 306/306/306 324/324/324
f 3700/3700/3700 3699/3699/3699 324/324/324
f 3700/3700/3700 324/324/324 325/325/325
f 326/326/326 3700/3700/3700 325/325/325
f 326/326/326 325/325/325 468/468/468
f 468/468/468 3713/3713/3713 326/326/326
f 3713/3713/3713 468/468/468 718/718/718
f 718/718/718 3714/3714/3714 3713/3713/3713
f 717/717/717 718/718/718 468/468/468
f 468/468/468 469/469/469 717/717/717
f 469/469/469 716/716/716 717/717/717
f 470/470/470 716/716/716 469/469/469
f 470/470/470 715/715/715 716/716/716
f 471/471/471 715/715/715 470/470/470
f 471/471/471 727/727/727 715/715/715
f 472/472/472 727/727/727 471/471/471
f 727/727/727 472/472/472 726/726/726
f 473/473/473 726/726/726 472/472/472
f 726/726/726 473/473/473 725/725/725
f 474/474/474 725/725/725 473/473/473
f 725/725/725 474/474/474 724/724/724
f 474/474/474 475/475/475 724/724/724
f 724/724/724 475/475/475 723/723/723
f 476/476/476 723/723/723 475/475/475
f 722/722/722 723/723/723 476/476/476
f 476/476/476 464/464/464 722/722/722
f 722/722/722 464/464/464 721/721/721
f 465/465/465 721/721/721 464/464/464
f 329/329/329 465/465/465 464/464/464
f 328/328/328 465/465/465 329/329/329
f 328/328/328 466/466/466 465/465/465
f 327/327/327 466/466/466 328/328/328
f 467/467/467 466/466/466 327/327/327
f 327/327/327 3701/3701/3701 467/467/467
f 721/721/721 465/465/465 720/720/720
f 466/466/466 720/720/720 465/465/465
f 719/719/719 466/466/466 467/467/467
f 719/719/719 720/720/720 466/466/466
f 503/503/503 464/464/464 476/476/476
f 503/503/503 329/329/329 464/464/464
f 329/329/329 503/503/503 330/330/330
f 331/331/331 330/330/330 503/503/503
f 504/504/504 331/331/331 503/503/503
f 332/332/332 331/331/331 504/504/504
f 505/505/505 332/332/332 504/504/504
f 333/333/333 332/332/332 505/505/505
f 506/506/506 333/333/333 505/505/505
f 333/333/333 506/506/506 334/334/334
f 507/507/507 334/334/334 506/506/506
f 334/334/334 507/507/507 335/335/335
f 471/471/471 335/335/335 507/507/507
f 476/476/476 504/504/504 503/503/503
f 475/475/475 504/504/504 476/476/476
f 505/505/505 504/504/504 475/475/475
f 474/474/474 505/505/505 475/475/475
f 506/506/506 505/505/505 474/474/474
f 506/506/506 474/474/474 473/473/473
f 507/507/507 506/506/506 473/473/473
f 507/507/507 473/473/473 472/472/472
f 472/472/472 471/471/471 507/507/507
f 3703/3703/3703 351/351/351 370/370/370
f 370/370/370 3704/3704/3704 3703/3703/3703
f 371/371/371 370/370/370 351/351/351
f 351/351/351 352/352/352 371/371/371
f 371/371/371 352/352/352 355/355/355
f 355/355/355 372/372/372 371/371/371
f 373/373/373 372/372/372 355/355/355
f 355/355/355 358/358/358 373/373/373
f 1154/1154/1154 373/373/373 358/358/358
f 1430/1430/1430 1154/1154/1154 358/358/358
f 380/380/380 3704/3704/3704 370/370/370
f 380/380/380 3705/3705/3705 3704/3704/3704
f 371/371/371 381/381/381 370/370/370
f 381/381/381 380/380/380 370/370/370
f 372/372/372 382/382/382 371/371/371
f 382/382/382 381/381/381 371/371/371
f 373/373/373 383/383/383 372/372/372
f 383/383/383 382/382/382 372/372/372
f 1154/1154/1154 1455/1455/1455 373/373/373
f 1455/1455/1455 383/383/383 373/373/373
f 380/380/380 394/394/394 3705/3705/3705
f 394/394/394 3706/3706/3706 3705/3705/3705
f 394/394/394 395/395/395 3706/3706/3706
f 395/395/395 3707/3707/3707 3706/3706/3706
f 380/380/380 381/381/381 396/396/396
f 396/396/396 394/394/394 380/380/380
f 395/395/395 394/394/394 396/396/396
f 396/396/396 397/397/397 395/395/395
f 398/398/398 396/396/396 381/381/381
f 381/381/381 382/382/382 398/398/398
f 399/399/399 398/398/398 382/382/382
f 382/382/382 383/383/383 399/399/399
f 1455/1455/1455 1472/1472/1472 383/383/383
f 1472/1472/1472 399/399/399 383/383/383
f 396/396/396 398/398/398 400/400/400
f 400/400/400 397/397/397 396/396/396
f 400/400/400 398/398/398 399/399/399
f 399/399/399 401/401/401 400/400/400
f 401/401/401 399/399/399 1472/1472/1472
f 1472/1472/1472 1475/1475/1475 401/401/401
f 3708/3708/3708 3707/3707/3707 395/395/395
f 395/395/395 410/410/410 3708/3708/3708
f 410/410/410 395/395/395 397/397/397
f 397/397/397 411/411/411 410/410/410
f 411/411/411 397/397/397 400/400/400
f 400/400/400 412/412/412 411/411/411
f 412/412/412 400/400/400 413/413/413
f 401/401/401 413/413/413 400/400/400
f 413/413/413 401/401/401 414/414/414
f 401/401/401 1475/1475/1475 414/414/414
f 410/410/410 429/429/429 3708/3708/3708
f 429/429/429 410/410/410 411/411/411
f 3708/3708/3708 429/429/429 430/430/430
f 430/430/430 3709/3709/3709 3708/3708/3708
f 430/430/430 429/429/429 431/431/431
f 431/431/431 432/432/432 430/430/430
f 432/432/432 431/431/431 433/433/433
f 433/433/433 434/434/434 432/432/432
f 434/434/434 433/433/433 435/435/435
f 434/434/434 435/435/435 436/436/436
f 438/438/438 436/436/436 435/435/435
f 435/435/435 437/437/437 438/438/438
f 439/439/439 438/438/438 437/437/437
f 439/439/439 440/440/440 438/438/438
f 452/452/452 440/440/440 439/439/439
f 440/440/440 452/452/452 451/451/451
f 3711/3711/3711 451/451/451 452/452/452
f 451/451/451 3711/3711/3711 3710/3710/3710
f 459/459/459 433/433/433 431/431/431
f 435/435/435 433/433/433 459/459/459
f 431/431/431 458/458/458 459/459/459
f 459/459/459 458/458/458 455/455/455
f 455/455/455 456/456/456 459/459/459
f 456/456/456 455/455/455 411/411/411
f 411/411/411 455/455/455 429/429/429
f 429/429/429 455/455/455 458/458/458
f 456/456/456 411/411/411 412/412/412
f 456/456/456 412/412/412 413/413/413
f 413/413/413 457/457/457 456/456/456
f 459/459/459 456/456/456 457/457/457
f 457/457/457 413/413/413 414/414/414
f 414/414/414 1538/1538/1538 457/457/457
f 458/458/458 431/431/431 429/429/429
f 457/457/457 460/460/460 459/459/459
f 1542/1542/1542 457/457/457 1538/1538/1538
f 1542/1542/1542 460/460/460 457/457/457
f 459/459/459 460/460/460 435/435/435
f 435/435/435 460/460/460 461/461/461
f 461/461/461 437/437/437 435/435/435
f 1157/1157/1157 461/461/461 460/460/460
f 460/460/460 1542/1542/1542 1157/1157/1157
f 439/439/439 437/437/437 461/461/461
f 461/461/461 462/462/462 439/439/439
f 463/463/463 439/439/439 462/462/462
f 439/439/439 463/463/463 452/452/452
f 3712/3712/3712 452/452/452 463/463/463
f 452/452/452 3712/3712/3712 3711/3711/3711
f 1158/1158/1158 462/462/462 461/461/461
f 1157/1157/1157 1158/1158/1158 461/461/461
f 463/463/463 3767/3767/3767 3712/3712/3712
f 3767/3767/3767 463/463/463 2235/2235/2235
f 462/462/462 2235/2235/2235 463/463/463
f 2235/2235/2235 462/462/462 1158/1158/1158
f 491/491/491 480/480/480 481/481/481
f 491/491/491 490/490/490 480/480/480
f 492/492/492 491/491/491 481/481/481
f 481/481/481 482/482/482 492/492/492
f 493/493/493 492/492/492 482/482/482
f 482/482/482 483/483/483 493/493/493
f 494/494/494 493/493/493 483/483/483
f 483/483/483 484/484/484 494/494/494
f 484/484/484 495/495/495 494/494/494
f 485/485/485 495/495/495 484/484/484
f 485/485/485 496/496/496 495/495/495
f 486/486/486 496/496/496 485/485/485
f 496/496/496 486/486/486 497/497/497
f 487/487/487 497/497/497 486/486/486
f 497/497/497 487/487/487 498/498/498
f 488/488/488 498/498/498 487/487/487
f 499/499/499 498/498/498 488/488/488
f 488/488/488 489/489/489 499/499/499
f 500/500/500 499/499/499 489/489/489
f 489/489/489 477/477/477 500/500/500
f 500/500/500 477/477/477 478/478/478
f 478/478/478 501/501/501 500/500/500
f 501/501/501 478/478/478 502/502/502
f 479/479/479 502/502/502 478/478/478
f 479/479/479 3715/3715/3715 502/502/502
f 3716/3716/3716 3715/3715/3715 479/479/479
f 497/497/497 520/520/520 496/496/496
f 520/520/520 497/497/497 519/519/519
f 498/498/498 519/519/519 497/497/497
f 519/519/519 498/498/498 499/499/499
f 499/499/499 518/518/518 519/519/519
f 499/499/499 500/500/500 517/517/517
f 517/517/517 518/518/518 499/499/499
f 517/517/517 500/500/500 501/501/501
f 501/501/501 516/516/516 517/517/517
f 516/516/516 501/501/501 502/502/502
f 502/502/502 515/515/515 516/516/516
f 515/515/515 502/502/502 3715/3715/3715
f 3715/3715/3715 514/514/514 515/515/515
f 721/721/721 478/478/478 477/477/477
f 479/479/479 478/478/478 721/721/721
f 477/477/477 722/722/722 721/721/721
f 721/721/721 720/720/720 479/479/479
f 479/479/479 720/720/720 3716/3716/3716
f 3716/3716/3716 720/720/720 719/719/719
f 508/508/508 496/496/496 520/520/520
f 495/495/495 496/496/496 508/508/508
f 508/508/508 509/509/509 495/495/495
f 510/510/510 495/495/495 509/509/509
f 510/510/510 494/494/494 495/495/495
f 511/511/511 494/494/494 510/510/510
f 511/511/511 493/493/493 494/494/494
f 512/512/512 493/493/493 511/511/511
f 493/493/493 512/512/512 492/492/492
f 513/513/513 492/492/492 512/512/512
f 492/492/492 513/513/513 491/491/491
f 490/490/490 491/491/491 513/513/513
f 513/513/513 3717/3717/3717 490/490/490
f 3718/3718/3718 522/522/522 521/521/521
f 521/521/521 3719/3719/3719 3718/3718/3718
f 522/522/522 3718/3718/3718 3720/3720/3720
f 3720/3720/3720 523/523/523 522/522/522
f 523/523/523 3720/3720/3720 3721/3721/3721
f 3721/3721/3721 524/524/524 523/523/523
f 524/524/524 3721/3721/3721 3722/3722/3722
f 3722/3722/3722 525/525/525 524/524/524
f 3719/3719/3719 521/521/521 536/536/536
f 536/536/536 3735/3735/3735 3719/3719/3719
f 3735/3735/3735 536/536/536 535/535/535
f 535/535/535 3734/3734/3734 3735/3735/3735
f 3734/3734/3734 535/535/535 534/534/534
f 534/534/534 3733/3733/3733 3734/3734/3734
f 3732/3732/3732 3733/3733/3733 534/534/534
f 534/534/534 533/533/533 3732/3732/3732
f 533/533/533 3731/3731/3731 3732/3732/3732
f 533/533/533 532/532/532 3731/3731/3731
f 532/532/532 3730/3730/3730 3731/3731/3731
f 3730/3730/3730 532/532/532 531/531/531
f 531/531/531 3729/3729/3729 3730/3730/3730
f 3729/3729/3729 531/531/531 530/530/530
f 530/530/530 3728/3728/3728 3729/3729/3729
f 3728/3728/3728 530/530/530 529/529/529
f 529/529/529 3727/3727/3727 3728/3728/3728
f 3727/3727/3727 529/529/529 528/528/528
f 528/528/528 3726/3726/3726 3727/3727/3727
f 528/528/528 527/527/527 3726/3726/3726
f 527/527/527 3723/3723/3723 3726/3726/3726
f 527/527/527 526/526/526 3723/3723/3723
f 3723/3723/3723 526/526/526 3725/3725/3725
f 3725/3725/3725 3724/3724/3724 3723/3723/3723
f 526/526/526 3736/3736/3736 3725/3725/3725
f 573/573/573 3736/3736/3736 526/526/526
f 527/527/527 573/573/573 526/526/526
f 572/572/572 573/573/573 527/527/527
f 571/571/571 572/572/572 527/527/527
f 527/527/527 528/528/528 571/571/571
f 528/528/528 570/570/570 571/571/571
f 529/529/529 570/570/570 528/528/528
f 529/529/529 569/569/569 570/570/570
f 530/530/530 569/569/569 529/529/529
f 530/530/530 584/584/584 569/569/569
f 584/584/584 530/530/530 531/531/531
f 531/531/531 583/583/583 584/584/584
f 583/583/583 531/531/531 532/532/532
f 582/582/582 583/583/583 532/532/532
f 582/582/582 532/532/532 533/533/533
f 581/581/581 582/582/582 533/533/533
f 581/581/581 533/533/533 534/534/534
f 580/580/580 581/581/581 534/534/534
f 534/534/534 535/535/535 580/580/580
f 580/580/580 535/535/535 536/536/536
f 579/579/579 580/580/580 536/536/536
f 579/579/579 536/536/536 521/521/521
f 578/578/578 579/579/579 521/521/521
f 578/578/578 521/521/521 522/522/522
f 577/577/577 578/578/578 522/522/522
f 577/577/577 522/522/522 523/523/523
f 523/523/523 576/576/576 577/577/577
f 576/576/576 523/523/523 524/524/524
f 575/575/575 576/576/576 524/524/524
f 525/525/525 575/575/575 524/524/524
f 574/574/574 575/575/575 525/525/525
f 537/537/537 579/579/579 578/578/578
f 538/538/538 537/537/537 578/578/578
f 538/538/538 578/578/578 577/577/577
f 567/567/567 537/537/537 538/538/538
f 537/537/537 567/567/567 566/566/566
f 566/566/566 552/552/552 537/537/537
f 579/579/579 537/537/537 552/552/552
f 552/552/552 566/566/566 565/565/565
f 565/565/565 551/551/551 552/552/552
f 565/565/565 550/550/550 551/551/551
f 565/565/565 564/564/564 550/550/550
f 564/564/564 549/549/549 550/550/550
f 564/564/564 563/563/563 549/549/549
f 563/563/563 548/548/548 549/549/549
f 563/563/563 562/562/562 548/548/548
f 563/563/563 561/561/561 562/562/562
f 681/681/681 562/562/562 561/561/561
f 680/680/680 681/681/681 561/561/561
f 561/561/561 560/560/560 680/680/680
f 680/680/680 560/560/560 559/559/559
f 559/559/559 545/545/545 680/680/680
f 544/544/544 545/545/545 559/559/559
f 559/559/559 558/558/558 544/544/544
f 544/544/544 558/558/558 557/557/557
f 557/557/557 543/543/543 544/544/544
f 543/543/543 557/557/557 3738/3738/3738
f 3738/3738/3738 3737/3737/3737 543/543/543
f 3737/3737/3737 573/573/573 543/543/543
f 573/573/573 3737/3737/3737 3736/3736/3736
f 543/543/543 572/572/572 544/544/544
f 572/572/572 543/543/543 573/573/573
f 571/571/571 544/544/544 572/572/572
f 545/545/545 544/544/544 571/571/571
f 546/546/546 545/545/545 571/571/571
f 546/546/546 680/680/680 545/545/545
f 546/546/546 681/681/681 680/680/680
f 571/571/571 570/570/570 546/546/546
f 547/547/547 546/546/546 570/570/570
f 570/570/570 569/569/569 547/547/547
f 548/548/548 547/547/547 569/569/569
f 584/584/584 548/548/548 569/569/569
f 549/549/549 548/548/548 584/584/584
f 584/584/584 583/583/583 549/549/549
f 549/549/549 583/583/583 582/582/582
f 582/582/582 550/550/550 549/549/549
f 550/550/550 582/582/582 551/551/551
f 581/581/581 551/551/551 582/582/582
f 551/551/551 581/581/581 580/580/580
f 580/580/580 552/552/552 551/551/551
f 552/552/552 580/580/580 579/579/579
f 547/547/547 681/681/681 546/546/546
f 562/562/562 547/547/547 548/548/548
f 547/547/547 562/562/562 681/681/681
f 539/539/539 540/540/540 554/554/554
f 554/554/554 553/553/553 539/539/539
f 555/555/555 554/554/554 540/540/540
f 540/540/540 541/541/541 555/555/555
f 555/555/555 541/541/541 542/542/542
f 542/542/542 556/556/556 555/555/555
f 538/538/538 539/539/539 553/553/553
f 553/553/553 568/568/568 538/538/538
f 538/538/538 568/568/568 567/567/567
f 539/539/539 538/538/538 577/577/577
f 539/539/539 577/577/577 540/540/540
f 540/540/540 577/577/577 576/576/576
f 541/541/541 540/540/540 576/576/576
f 576/576/576 575/575/575 541/541/541
f 575/575/575 574/574/574 541/541/541
f 542/542/542 541/541/541 574/574/574
f 555/555/555 556/556/556 3739/3739/3739
f 3739/3739/3739 592/592/592 555/555/555
f 555/555/555 592/592/592 593/593/593
f 593/593/593 554/554/554 555/555/555
f 553/553/553 554/554/554 593/593/593
f 593/593/593 594/594/594 553/553/553
f 594/594/594 595/595/595 568/568/568
f 568/568/568 553/553/553 594/594/594
f 596/596/596 567/567/567 568/568/568
f 568/568/568 595/595/595 596/596/596
f 567/567/567 596/596/596 597/597/597
f 597/597/597 566/566/566 567/567/567
f 566/566/566 597/597/597 598/598/598
f 598/598/598 565/565/565 566/566/566
f 564/564/564 565/565/565 598/598/598
f 598/598/598 599/599/599 564/564/564
f 599/599/599 563/563/563 564/564/564
f 599/599/599 585/585/585 563/563/563
f 561/561/561 563/563/563 585/585/585
f 585/585/585 586/586/586 561/561/561
f 561/561/561 586/586/586 560/560/560
f 587/587/587 560/560/560 586/586/586
f 588/588/588 560/560/560 587/587/587
f 560/560/560 588/588/588 559/559/559
f 558/558/558 559/559/559 588/588/588
f 588/588/588 589/589/589 558/558/558
f 558/558/558 589/589/589 590/590/590
f 590/590/590 557/557/557 558/558/558
f 3738/3738/3738 557/557/557 590/590/590
f 590/590/590 591/591/591 3738/3738/3738
f 601/601/601 586/586/586 585/585/585
f 601/601/601 600/600/600 586/586/586
f 600/600/600 587/587/587 586/586/586
f 602/602/602 601/601/601 585/585/585
f 602/602/602 585/585/585 599/599/599
f 603/603/603 602/602/602 599/599/599
f 603/603/603 599/599/599 598/598/598
f 603/603/603 598/598/598 597/597/597
f 597/597/597 604/604/604 603/603/603
f 604/604/604 597/597/597 596/596/596
f 596/596/596 605/605/605 604/604/604
f 605/605/605 596/596/596 595/595/595
f 595/595/595 606/606/606 605/605/605
f 607/607/607 606/606/606 595/595/595
f 594/594/594 607/607/607 595/595/595
f 607/607/607 594/594/594 593/593/593
f 593/593/593 608/608/608 607/607/607
f 608/608/608 593/593/593 592/592/592
f 592/592/592 609/609/609 608/608/608
f 610/610/610 609/609/609 592/592/592
f 592/592/592 3739/3739/3739 610/610/610
f 615/615/615 608/608/608 609/609/609
f 609/609/609 616/616/616 615/615/615
f 616/616/616 609/609/609 610/610/610
f 610/610/610 617/617/617 616/616/616
f 626/626/626 604/604/604 605/605/605
f 605/605/605 627/627/627 626/626/626
f 628/628/628 605/605/605 606/606/606
f 628/628/628 627/627/627 605/605/605
f 629/629/629 606/606/606 607/607/607
f 629/629/629 607/607/607 608/608/608
f 608/608/608 615/615/615 629/629/629
f 629/629/629 628/628/628 606/606/606
f 675/675/675 628/628/628 629/629/629
f 629/629/629 674/674/674 675/675/675
f 629/629/629 615/615/615 673/673/673
f 673/673/673 674/674/674 629/629/629
f 615/615/615 616/616/616 672/672/672
f 672/672/672 673/673/673 615/615/615
f 616/616/616 617/617/617 671/671/671
f 671/671/671 672/672/672 616/616/616
f 627/627/627 677/677/677 626/626/626
f 677/677/677 678/678/678 626/626/626
f 626/626/626 678/678/678 625/625/625
f 604/604/604 626/626/626 625/625/625
f 625/625/625 603/603/603 604/604/604
f 603/603/603 625/625/625 624/624/624
f 624/624/624 602/602/602 603/603/603
f 624/624/624 601/601/601 602/602/602
f 601/601/601 624/624/624 623/623/623
f 623/623/623 600/600/600 601/601/601
f 623/623/623 622/622/622 600/600/600
f 622/622/622 614/614/614 600/600/600
f 600/600/600 614/614/614 587/587/587
f 587/587/587 614/614/614 613/613/613
f 613/613/613 588/588/588 587/587/587
f 589/589/589 588/588/588 613/613/613
f 613/613/613 612/612/612 589/589/589
f 612/612/612 590/590/590 589/589/589
f 612/612/612 611/611/611 590/590/590
f 591/591/591 590/590/590 611/611/611
f 611/611/611 3740/3740/3740 591/591/591
f 3740/3740/3740 611/611/611 618/618/618
f 618/618/618 3741/3741/3741 3740/3740/3740
f 611/611/611 612/612/612 619/619/619
f 619/619/619 618/618/618 611/611/611
f 612/612/612 613/613/613 620/620/620
f 620/620/620 619/619/619 612/612/612
f 620/620/620 613/613/613 614/614/614
f 614/614/614 621/621/621 620/620/620
f 622/622/622 621/621/621 614/614/614
f 3741/3741/3741 618/618/618 670/670/670
f 670/670/670 3742/3742/3742 3741/3741/3741
f 618/618/618 619/619/619 669/669/669
f 669/669/669 670/670/670 618/618/618
f 619/619/619 620/620/620 668/668/668
f 668/668/668 669/669/669 619/619/619
f 668/668/668 620/620/620 621/621/621
f 637/637/637 669/669/669 668/668/668
f 637/637/637 668/668/668 697/697/697
f 621/621/621 697/697/697 668/668/668
f 697/697/697 638/638/638 637/637/637
f 638/638/638 697/697/697 698/698/698
f 698/698/698 639/639/639 638/638/638
f 640/640/640 639/639/639 698/698/698
f 699/699/699 640/640/640 698/698/698
f 699/699/699 679/679/679 640/640/640
f 641/641/641 640/640/640 679/679/679
f 638/638/638 639/639/639 645/645/645
f 646/646/646 645/645/645 639/639/639
f 640/640/640 646/646/646 639/639/639
f 647/647/647 646/646/646 640/640/640
f 640/640/640 641/641/641 647/647/647
f 648/648/648 647/647/647 641/641/641
f 641/641/641 642/642/642 648/648/648
f 649/649/649 648/648/648 642/642/642
f 659/659/659 637/637/637 638/638/638
f 638/638/638 645/645/645 659/659/659
f 636/636/636 637/637/637 659/659/659
f 659/659/659 658/658/658 636/636/636
f 636/636/636 658/658/658 661/661/661
f 657/657/657 661/661/661 658/658/658
f 661/661/661 657/657/657 3744/3744/3744
f 661/661/661 3744/3744/3744 3743/3743/3743
f 3743/3743/3743 635/635/635 661/661/661
f 635/635/635 636/636/636 661/661/661
f 657/657/657 3745/3745/3745 3744/3744/3744
f 635/635/635 670/670/670 636/636/636
f 669/669/669 636/636/636 670/670/670
f 636/636/636 669/669/669 637/637/637
f 670/670/670 635/635/635 3742/3742/3742
f 3743/3743/3743 3742/3742/3742 635/635/635
f 686/686/686 3745/3745/3745 657/657/657
f 686/686/686 3746/3746/3746 3745/3745/3745
f 687/687/687 657/657/657 658/658/658
f 687/687/687 686/686/686 657/657/657
f 658/658/658 659/659/659 688/688/688
f 688/688/688 687/687/687 658/658/658
f 688/688/688 659/659/659 645/645/645
f 645/645/645 689/689/689 688/688/688
f 689/689/689 645/645/645 646/646/646
f 646/646/646 690/690/690 689/689/689
f 691/691/691 690/690/690 646/646/646
f 646/646/646 647/647/647 691/691/691
f 691/691/691 647/647/647 648/648/648
f 648/648/648 692/692/692 691/691/691
f 692/692/692 648/648/648 649/649/649
f 649/649/649 693/693/693 692/692/692
f 693/693/693 649/649/649 650/650/650
f 650/650/650 694/694/694 693/693/693
f 695/695/695 694/694/694 650/650/650
f 695/695/695 650/650/650 651/651/651
f 651/651/651 650/650/650 660/660/660
f 650/650/650 649/649/649 660/660/660
f 667/667/667 651/651/651 660/660/660
f 667/667/667 660/660/660 644/644/644
f 644/644/644 660/660/660 643/643/643
f 643/643/643 660/660/660 642/642/642
f 660/660/660 649/649/649 642/642/642
f 666/666/666 667/667/667 644/644/644
f 666/666/666 644/644/644 630/630/630
f 665/665/665 666/666/666 630/630/630
f 631/631/631 665/665/665 630/630/630
f 632/632/632 665/665/665 631/631/631
f 664/664/664 665/665/665 632/632/632
f 664/664/664 632/632/632 633/633/633
f 664/664/664 633/633/633 663/663/663
f 662/662/662 663/663/663 633/633/633
f 633/633/633 634/634/634 662/662/662
f 652/652/652 651/651/651 667/667/667
f 666/666/666 652/652/652 667/667/667
f 665/665/665 653/653/653 666/666/666
f 653/653/653 652/652/652 666/666/666
f 664/664/664 653/653/653 665/665/665
f 654/654/654 653/653/653 664/664/664
f 654/654/654 664/664/664 663/663/663
f 655/655/655 654/654/654 663/663/663
f 655/655/655 663/663/663 662/662/662
f 662/662/662 656/656/656 655/655/655
f 633/633/633 672/672/672 634/634/634
f 634/634/634 672/672/672 671/671/671
f 673/673/673 633/633/633 632/632/632
f 633/633/633 673/673/673 672/672/672
f 673/673/673 632/632/632 631/631/631
f 631/631/631 674/674/674 673/673/673
f 674/674/674 631/631/631 630/630/630
f 630/630/630 675/675/675 674/674/674
f 675/675/675 630/630/630 644/644/644
f 676/676/676 675/675/675 644/644/644
f 628/628/628 675/675/675 676/676/676
f 627/627/627 628/628/628 676/676/676
f 627/627/627 676/676/676 677/677/677
f 676/676/676 643/643/643 677/677/677
f 676/676/676 644/644/644 643/643/643
f 643/643/643 642/642/642 677/677/677
f 677/677/677 642/642/642 678/678/678
f 642/642/642 641/641/641 678/678/678
f 678/678/678 641/641/641 679/679/679
f 678/678/678 679/679/679 625/625/625
f 625/625/625 679/679/679 624/624/624
f 624/624/624 679/679/679 699/699/699
f 624/624/624 699/699/699 623/623/623
f 699/699/699 622/622/622 623/623/623
f 699/699/699 698/698/698 622/622/622
f 622/622/622 698/698/698 697/697/697
f 697/697/697 621/621/621 622/622/622
f 682/682/682 653/653/653 654/654/654
f 654/654/654 683/683/683 682/682/682
f 683/683/683 654/654/654 655/655/655
f 655/655/655 684/684/684 683/683/683
f 684/684/684 655/655/655 656/656/656
f 656/656/656 685/685/685 684/684/684
f 682/682/682 652/652/652 653/653/653
f 682/682/682 696/696/696 652/652/652
f 696/696/696 651/651/651 652/652/652
f 651/651/651 696/696/696 695/695/695
f 683/683/683 684/684/684 701/701/701
f 701/701/701 684/684/684 685/685/685
f 701/701/701 700/700/700 683/683/683
f 682/682/682 683/683/683 700/700/700
f 685/685/685 702/702/702 701/701/701
f 713/713/713 695/695/695 696/696/696
f 713/713/713 696/696/696 682/682/682
f 713/713/713 712/712/712 695/695/695
f 712/712/712 694/694/694 695/695/695
f 712/712/712 711/711/711 694/694/694
f 711/711/711 693/693/693 694/694/694
f 711/711/711 710/710/710 693/693/693
f 693/693/693 710/710/710 709/709/709
f 709/709/709 692/692/692 693/693/693
f 709/709/709 691/691/691 692/692/692
f 709/709/709 708/708/708 691/691/691
f 691/691/691 708/708/708 707/707/707
f 707/707/707 690/690/690 691/691/691
f 690/690/690 707/707/707 706/706/706
f 706/706/706 689/689/689 690/690/690
f 689/689/689 706/706/706 705/705/705
f 705/705/705 688/688/688 689/689/689
f 687/687/687 688/688/688 705/705/705
f 705/705/705 704/704/704 687/687/687
f 686/686/686 687/687/687 704/704/704
f 704/704/704 703/703/703 686/686/686
f 686/686/686 703/703/703 3747/3747/3747
f 3747/3747/3747 3746/3746/3746 686/686/686
f 682/682/682 714/714/714 713/713/713
f 700/700/700 714/714/714 682/682/682
f 481/481/481 3714/3714/3714 718/718/718
f 480/480/480 3714/3714/3714 481/481/481
f 718/718/718 482/482/482 481/481/481
f 482/482/482 718/718/718 717/717/717
f 717/717/717 483/483/483 482/482/482
f 483/483/483 717/717/717 716/716/716
f 716/716/716 484/484/484 483/483/483
f 716/716/716 715/715/715 484/484/484
f 715/715/715 485/485/485 484/484/484
f 715/715/715 727/727/727 485/485/485
f 727/727/727 486/486/486 485/485/485
f 727/727/727 726/726/726 486/486/486
f 487/487/487 486/486/486 726/726/726
f 726/726/726 725/725/725 487/487/487
f 488/488/488 487/487/487 725/725/725
f 725/725/725 724/724/724 488/488/488
f 488/488/488 724/724/724 489/489/489
f 723/723/723 489/489/489 724/724/724
f 489/489/489 723/723/723 477/477/477
f 723/723/723 722/722/722 477/477/477
f 748/748/748 789/789/789 790/790/790
f 999/999/999 789/789/789 748/748/748
f 748/748/748 998/998/998 999/999/999
f 998/998/998 748/748/748 751/751/751
f 997/997/997 998/998/998 751/751/751
f 751/751/751 746/746/746 997/997/997
f 997/997/997 746/746/746 996/996/996
f 746/746/746 744/744/744 996/996/996
f 996/996/996 744/744/744 995/995/995
f 744/744/744 753/753/753 995/995/995
f 995/995/995 753/753/753 994/994/994
f 742/742/742 994/994/994 753/753/753
f 742/742/742 993/993/993 994/994/994
f 740/740/740 993/993/993 742/742/742
f 993/993/993 740/740/740 992/992/992
f 738/738/738 992/992/992 740/740/740
f 738/738/738 991/991/991 992/992/992
f 991/991/991 738/738/738 736/736/736
f 736/736/736 990/990/990 991/991/991
f 734/734/734 990/990/990 736/736/736
f 734/734/734 989/989/989 990/990/990
f 988/988/988 989/989/989 734/734/734
f 734/734/734 732/732/732 988/988/988
f 988/988/988 732/732/732 730/730/730
f 730/730/730 987/987/987 988/988/988
f 986/986/986 987/987/987 730/730/730
f 730/730/730 729/729/729 986/986/986
f 987/987/987 986/986/986 1100/1100/1100
f 1100/1100/1100 986/986/986 1099/1099/1099
f 1101/1101/1101 988/988/988 987/987/987
f 987/987/987 1100/1100/1100 1101/1101/1101
f 989/989/989 988/988/988 1101/1101/1101
f 1101/1101/1101 1102/1102/1102 989/989/989
f 990/990/990 989/989/989 1102/1102/1102
f 1102/1102/1102 1103/1103/1103 990/990/990
f 991/991/991 990/990/990 1103/1103/1103
f 1103/1103/1103 1104/1104/1104 991/991/991
f 729/729/729 2244/2244/2244 986/986/986
f 986/986/986 2244/2244/2244 1099/1099/1099
f 729/729/729 1159/1159/1159 2244/2244/2244
f 1099/1099/1099 2244/2244/2244 3769/3769/3769
f 1159/1159/1159 1799/1799/1799 2244/2244/2244
f 2244/2244/2244 1799/1799/1799 2068/2068/2068
f 2068/2068/2068 1799/1799/1799 1800/1800/1800
f 1800/1800/1800 2067/2067/2067 2068/2068/2068
f 2067/2067/2067 1800/1800/1800 2069/2069/2069
f 2069/2069/2069 1800/1800/1800 1802/1802/1802
f 2069/2069/2069 1802/1802/1802 1804/1804/1804
f 1804/1804/1804 2070/2070/2070 2069/2069/2069
f 2071/2071/2071 2070/2070/2070 1804/1804/1804
f 1806/1806/1806 2071/2071/2071 1804/1804/1804
f 2071/2071/2071 1806/1806/1806 2072/2072/2072
f 1808/1808/1808 2072/2072/2072 1806/1806/1806
f 2072/2072/2072 1808/1808/1808 2073/2073/2073
f 1810/1810/1810 2073/2073/2073 1808/1808/1808
f 2073/2073/2073 1810/1810/1810 2074/2074/2074
f 1810/1810/1810 1812/1812/1812 2074/2074/2074
f 2074/2074/2074 1812/1812/1812 2075/2075/2075
f 1812/1812/1812 1823/1823/1823 2075/2075/2075
f 1823/1823/1823 2076/2076/2076 2075/2075/2075
f 1823/1823/1823 1817/1817/1817 2076/2076/2076
f 2077/2077/2077 2076/2076/2076 1817/1817/1817
f 1817/1817/1817 1814/1814/1814 2077/2077/2077
f 2078/2078/2078 2077/2077/2077 1814/1814/1814
f 1819/1819/1819 2078/2078/2078 1814/1814/1814
f 2079/2079/2079 2078/2078/2078 1819/1819/1819
f 1820/1820/1820 2079/2079/2079 1819/1819/1819
f 2080/2080/2080 2079/2079/2079 1820/1820/1820
f 1861/1861/1861 2080/2080/2080 1820/1820/1820
f 1862/1862/1862 1861/1861/1861 1820/1820/1820
f 2075/2075/2075 2194/2194/2194 2074/2074/2074
f 2193/2193/2193 2074/2074/2074 2194/2194/2194
f 2076/2076/2076 2195/2195/2195 2075/2075/2075
f 2194/2194/2194 2075/2075/2075 2195/2195/2195
f 2196/2196/2196 2195/2195/2195 2076/2076/2076
f 2076/2076/2076 2077/2077/2077 2196/2196/2196
f 2196/2196/2196 2077/2077/2077 2078/2078/2078
f 2078/2078/2078 2197/2197/2197 2196/2196/2196
f 2197/2197/2197 2078/2078/2078 2079/2079/2079
f 2079/2079/2079 2198/2198/2198 2197/2197/2197
f 2198/2198/2198 2079/2079/2079 2080/2080/2080
f 2080/2080/2080 2199/2199/2199 2198/2198/2198
f 1163/1163/1163 1861/1861/1861 1862/1862/1862
f 2238/2238/2238 1861/1861/1861 1163/1163/1163
f 2238/2238/2238 2080/2080/2080 1861/1861/1861
f 789/789/789 2238/2238/2238 1163/1163/1163
f 789/789/789 1163/1163/1163 790/790/790
f 999/999/999 2238/2238/2238 789/789/789
f 999/999/999 1173/1173/1173 2238/2238/2238
f 1173/1173/1173 2080/2080/2080 2238/2238/2238
f 2199/2199/2199 2080/2080/2080 1173/1173/1173
f 1173/1173/1173 999/999/999 1112/1112/1112
f 1111/1111/1111 1112/1112/1112 999/999/999
f 999/999/999 998/998/998 1111/1111/1111
f 1110/1110/1110 1111/1111/1111 998/998/998
f 998/998/998 997/997/997 1110/1110/1110
f 1109/1109/1109 1110/1110/1110 997/997/997
f 997/997/997 996/996/996 1109/1109/1109
f 996/996/996 995/995/995 1109/1109/1109
f 1109/1109/1109 995/995/995 1108/1108/1108
f 1108/1108/1108 995/995/995 994/994/994
f 994/994/994 1107/1107/1107 1108/1108/1108
f 1107/1107/1107 994/994/994 993/993/993
f 993/993/993 1106/1106/1106 1107/1107/1107
f 1106/1106/1106 993/993/993 992/992/992
f 992/992/992 1105/1105/1105 1106/1106/1106
f 1104/1104/1104 1105/1105/1105 992/992/992
f 992/992/992 991/991/991 1104/1104/1104
f 3900/3900/3900 1111/1111/1111 1110/1110/1110
f 3900/3900/3900 1112/1112/1112 1111/1111/1111
f 3900/3900/3900 1177/1177/1177 1112/1112/1112
f 1112/1112/1112 1177/1177/1177 1173/1173/1173
f 1173/1173/1173 1177/1177/1177 2199/2199/2199
f 2199/2199/2199 1177/1177/1177 3900/3900/3900
f 2198/2198/2198 2199/2199/2199 3900/3900/3900
f 2197/2197/2197 2198/2198/2198 3900/3900/3900
f 754/754/754 841/841/841 842/842/842
f 754/754/754 755/755/755 841/841/841
f 843/843/843 754/754/754 842/842/842
f 769/769/769 754/754/754 843/843/843
f 843/843/843 844/844/844 769/769/769
f 767/767/767 769/769/769 844/844/844
f 767/767/767 844/844/844 845/845/845
f 806/806/806 767/767/767 845/845/845
f 806/806/806 845/845/845 846/846/846
f 755/755/755 849/849/849 841/841/841
f 756/756/756 849/849/849 755/755/755
f 757/757/757 849/849/849 756/756/756
f 841/841/841 850/850/850 842/842/842
f 850/850/850 841/841/841 849/849/849
f 851/851/851 842/842/842 850/850/850
f 846/846/846 845/845/845 851/851/851
f 845/845/845 844/844/844 851/851/851
f 842/842/842 851/851/851 843/843/843
f 844/844/844 843/843/843 851/851/851
f 851/851/851 850/850/850 847/847/847
f 847/847/847 846/846/846 851/851/851
f 849/849/849 848/848/848 850/850/850
f 848/848/848 847/847/847 850/850/850
f 755/755/755 754/754/754 1160/1160/1160
f 1160/1160/1160 2236/2236/2236 755/755/755
f 756/756/756 755/755/755 2236/2236/2236
f 2236/2236/2236 1161/1161/1161 756/756/756
f 1172/1172/1172 757/757/757 756/756/756
f 756/756/756 1161/1161/1161 1172/1172/1172
f 786/786/786 757/757/757 1172/1172/1172
f 1172/1172/1172 1171/1171/1171 786/786/786
f 786/786/786 1171/1171/1171 1852/1852/1852
f 1917/1917/1917 2236/2236/2236 1160/1160/1160
f 1160/1160/1160 1838/1838/1838 1917/1917/1917
f 1917/1917/1917 1838/1838/1838 1915/1915/1915
f 1915/1915/1915 1838/1838/1838 1916/1916/1916
f 1838/1838/1838 1918/1918/1918 1916/1916/1916
f 1838/1838/1838 1833/1833/1833 1918/1918/1918
f 1919/1919/1919 1918/1918/1918 1833/1833/1833
f 1834/1834/1834 1919/1919/1919 1833/1833/1833
f 1919/1919/1919 1834/1834/1834 1920/1920/1920
f 1920/1920/1920 1834/1834/1834 1877/1877/1877
f 1877/1877/1877 1921/1921/1921 1920/1920/1920
f 1924/1924/1924 1917/1917/1917 1915/1915/1915
f 1924/1924/1924 1925/1925/1925 1917/1917/1917
f 1924/1924/1924 1858/1858/1858 1925/1925/1925
f 1916/1916/1916 1926/1926/1926 1915/1915/1915
f 1924/1924/1924 1915/1915/1915 1926/1926/1926
f 1916/1916/1916 1927/1927/1927 1926/1926/1926
f 1920/1920/1920 1921/1921/1921 1927/1927/1927
f 1919/1919/1919 1920/1920/1920 1927/1927/1927
f 1918/1918/1918 1927/1927/1927 1916/1916/1916
f 1918/1918/1918 1919/1919/1919 1927/1927/1927
f 1927/1927/1927 1922/1922/1922 1926/1926/1926
f 1921/1921/1921 1922/1922/1922 1927/1927/1927
f 1926/1926/1926 1923/1923/1923 1924/1924/1924
f 1922/1922/1922 1923/1923/1923 1926/1926/1926
f 1172/1172/1172 1925/1925/1925 1858/1858/1858
f 1161/1161/1161 1925/1925/1925 1172/1172/1172
f 1925/1925/1925 1161/1161/1161 2236/2236/2236
f 2236/2236/2236 1917/1917/1917 1925/1925/1925
f 1172/1172/1172 1858/1858/1858 1857/1857/1857
f 1857/1857/1857 1171/1171/1171 1172/1172/1172
f 1171/1171/1171 1857/1857/1857 1851/1851/1851
f 1851/1851/1851 1852/1852/1852 1171/1171/1171
f 869/869/869 870/870/870 871/871/871
f 870/870/870 869/869/869 868/868/868
f 872/872/872 871/871/871 870/870/870
f 873/873/873 871/871/871 872/872/872
f 875/875/875 873/873/873 872/872/872
f 872/872/872 874/874/874 875/875/875
f 875/875/875 874/874/874 876/876/876
f 876/876/876 877/877/877 875/875/875
f 879/879/879 877/877/877 876/876/876
f 876/876/876 878/878/878 879/879/879
f 870/870/870 868/868/868 884/884/884
f 884/884/884 885/885/885 870/870/870
f 872/872/872 870/870/870 885/885/885
f 885/885/885 886/886/886 872/872/872
f 874/874/874 872/872/872 886/886/886
f 886/886/886 887/887/887 874/874/874
f 876/876/876 874/874/874 887/887/887
f 887/887/887 888/888/888 876/876/876
f 878/878/878 876/876/876 888/888/888
f 888/888/888 889/889/889 878/878/878
f 888/888/888 923/923/923 889/889/889
f 923/923/923 921/921/921 889/889/889
f 921/921/921 923/923/923 924/924/924
f 924/924/924 922/922/922 921/921/921
f 893/893/893 921/921/921 922/922/922
f 922/922/922 892/892/892 893/893/893
f 929/929/929 924/924/924 923/923/923
f 923/923/923 930/930/930 929/929/929
f 887/887/887 930/930/930 888/888/888
f 930/930/930 923/923/923 888/888/888
f 930/930/930 887/887/887 886/886/886
f 929/929/929 930/930/930 925/925/925
f 886/886/886 925/925/925 930/930/930
f 925/925/925 926/926/926 929/929/929
f 928/928/928 926/926/926 925/925/925
f 925/925/925 927/927/927 928/928/928
f 925/925/925 886/886/886 927/927/927
f 932/932/932 928/928/928 927/927/927
f 927/927/927 931/931/931 932/932/932
f 934/934/934 932/932/932 931/931/931
f 931/931/931 933/933/933 934/934/934
f 936/936/936 934/934/934 933/933/933
f 933/933/933 935/935/935 936/936/936
f 938/938/938 936/936/936 935/935/935
f 935/935/935 937/937/937 938/938/938
f 938/938/938 937/937/937 939/939/939
f 939/939/939 940/940/940 938/938/938
f 939/939/939 937/937/937 809/809/809
f 809/809/809 771/771/771 939/939/939
f 931/931/931 927/927/927 885/885/885
f 886/886/886 885/885/885 927/927/927
f 885/885/885 884/884/884 931/931/931
f 810/810/810 809/809/809 937/937/937
f 937/937/937 942/942/942 810/810/810
f 942/942/942 937/937/937 935/935/935
f 810/810/810 942/942/942 811/811/811
f 942/942/942 943/943/943 811/811/811
f 811/811/811 943/943/943 944/944/944
f 944/944/944 813/813/813 811/811/811
f 815/815/815 813/813/813 944/944/944
f 880/880/880 815/815/815 944/944/944
f 880/880/880 827/827/827 815/815/815
f 881/881/881 827/827/827 880/880/880
f 881/881/881 880/880/880 862/862/862
f 860/860/860 881/881/881 862/862/862
f 817/817/817 827/827/827 881/881/881
f 881/881/881 860/860/860 817/817/817
f 864/864/864 862/862/862 880/880/880
f 880/880/880 882/882/882 864/864/864
f 880/880/880 944/944/944 882/882/882
f 866/866/866 864/864/864 882/882/882
f 882/882/882 883/883/883 866/866/866
f 943/943/943 942/942/942 945/945/945
f 935/935/935 945/945/945 942/942/942
f 944/944/944 947/947/947 882/882/882
f 882/882/882 947/947/947 883/883/883
f 943/943/943 947/947/947 944/944/944
f 945/945/945 946/946/946 943/943/943
f 943/943/943 946/946/946 947/947/947
f 945/945/945 935/935/935 933/933/933
f 933/933/933 948/948/948 945/945/945
f 949/949/949 946/946/946 945/945/945
f 945/945/945 948/948/948 949/949/949
f 946/946/946 950/950/950 947/947/947
f 946/946/946 949/949/949 950/950/950
f 947/947/947 950/950/950 883/883/883
f 933/933/933 931/931/931 948/948/948
f 948/948/948 931/931/931 884/884/884
f 951/951/951 949/949/949 948/948/948
f 948/948/948 884/884/884 951/951/951
f 951/951/951 950/950/950 949/949/949
f 951/951/951 883/883/883 950/950/950
f 951/951/951 884/884/884 868/868/868
f 868/868/868 952/952/952 951/951/951
f 953/953/953 952/952/952 868/868/868
f 869/869/869 953/953/953 868/868/868
f 883/883/883 951/951/951 952/952/952
f 952/952/952 866/866/866 883/883/883
f 952/952/952 953/953/953 866/866/866
f 867/867/867 866/866/866 953/953/953
f 1001/1001/1001 953/953/953 869/869/869
f 869/869/869 1000/1000/1000 1001/1001/1001
f 1003/1003/1003 1001/1001/1001 1000/1000/1000
f 1000/1000/1000 1002/1002/1002 1003/1003/1003
f 1005/1005/1005 1003/1003/1003 1002/1002/1002
f 1002/1002/1002 1004/1004/1004 1005/1005/1005
f 1007/1007/1007 1005/1005/1005 1004/1004/1004
f 1004/1004/1004 1006/1006/1006 1007/1007/1007
f 1009/1009/1009 1007/1007/1007 1006/1006/1006
f 1006/1006/1006 1008/1008/1008 1009/1009/1009
f 1011/1011/1011 1009/1009/1009 1008/1008/1008
f 1008/1008/1008 1010/1010/1010 1011/1011/1011
f 1010/1010/1010 1012/1012/1012 1011/1011/1011
f 1013/1013/1013 1011/1011/1011 1012/1012/1012
f 1009/1009/1009 1013/1013/1013 1007/1007/1007
f 1011/1011/1011 1013/1013/1013 1009/1009/1009
f 1014/1014/1014 1013/1013/1013 1012/1012/1012
f 1015/1015/1015 1013/1013/1013 1014/1014/1014
f 1007/1007/1007 1015/1015/1015 1005/1005/1005
f 1007/1007/1007 1013/1013/1013 1015/1015/1015
f 1017/1017/1017 1015/1015/1015 1014/1014/1014
f 1005/1005/1005 1017/1017/1017 1003/1003/1003
f 1005/1005/1005 1015/1015/1015 1017/1017/1017
f 1014/1014/1014 1016/1016/1016 1017/1017/1017
f 1019/1019/1019 1017/1017/1017 1016/1016/1016
f 1016/1016/1016 1018/1018/1018 1019/1019/1019
f 1021/1021/1021 1019/1019/1019 1018/1018/1018
f 1018/1018/1018 1020/1020/1020 1021/1021/1021
f 1020/1020/1020 953/953/953 1021/1021/1021
f 953/953/953 1020/1020/1020 867/867/867
f 1001/1001/1001 1021/1021/1021 953/953/953
f 1019/1019/1019 1021/1021/1021 1001/1001/1001
f 1001/1001/1001 1003/1003/1003 1019/1019/1019
f 1019/1019/1019 1003/1003/1003 1017/1017/1017
f 1028/1028/1028 1012/1012/1012 1010/1010/1010
f 1028/1028/1028 1010/1010/1010 1027/1027/1027
f 1027/1027/1027 1010/1010/1010 1008/1008/1008
f 1008/1008/1008 1026/1026/1026 1027/1027/1027
f 1006/1006/1006 1026/1026/1026 1008/1008/1008
f 1006/1006/1006 1023/1023/1023 1026/1026/1026
f 1023/1023/1023 1006/1006/1006 1004/1004/1004
f 1004/1004/1004 1022/1022/1022 1023/1023/1023
f 1002/1002/1002 1022/1022/1022 1004/1004/1004
f 1002/1002/1002 1024/1024/1024 1022/1022/1022
f 1025/1025/1025 1024/1024/1024 1002/1002/1002
f 1002/1002/1002 1000/1000/1000 1025/1025/1025
f 1000/1000/1000 869/869/869 1025/1025/1025
f 1025/1025/1025 869/869/869 871/871/871
f 871/871/871 1033/1033/1033 1025/1025/1025
f 1034/1034/1034 1033/1033/1033 871/871/871
f 873/873/873 1034/1034/1034 871/871/871
f 1035/1035/1035 1034/1034/1034 873/873/873
f 1035/1035/1035 873/873/873 875/875/875
f 1035/1035/1035 875/875/875 1036/1036/1036
f 875/875/875 877/877/877 1036/1036/1036
f 1036/1036/1036 877/877/877 1037/1037/1037
f 877/877/877 879/879/879 1037/1037/1037
f 1037/1037/1037 879/879/879 2119/2119/2119
f 879/879/879 1169/1169/1169 2119/2119/2119
f 1049/1049/1049 1025/1025/1025 1033/1033/1033
f 1049/1049/1049 1024/1024/1024 1025/1025/1025
f 1022/1022/1022 1024/1024/1024 1049/1049/1049
f 1049/1049/1049 1048/1048/1048 1022/1022/1022
f 1023/1023/1023 1022/1022/1022 1048/1048/1048
f 1047/1047/1047 1023/1023/1023 1048/1048/1048
f 1026/1026/1026 1023/1023/1023 1047/1047/1047
f 1045/1045/1045 1026/1026/1026 1047/1047/1047
f 1027/1027/1027 1026/1026/1026 1045/1045/1045
f 1046/1046/1046 1027/1027/1027 1045/1045/1045
f 1028/1028/1028 1027/1027/1027 1046/1046/1046
f 1046/1046/1046 1050/1050/1050 1028/1028/1028
f 1029/1029/1029 1028/1028/1028 1050/1050/1050
f 1029/1029/1029 1012/1012/1012 1028/1028/1028
f 1012/1012/1012 1029/1029/1029 1014/1014/1014
f 1016/1016/1016 1014/1014/1014 1029/1029/1029
f 1029/1029/1029 1030/1030/1030 1016/1016/1016
f 1016/1016/1016 1030/1030/1030 1018/1018/1018
f 1031/1031/1031 1018/1018/1018 1030/1030/1030
f 1020/1020/1020 1018/1018/1018 1031/1031/1031
f 1031/1031/1031 1032/1032/1032 1020/1020/1020
f 1020/1020/1020 1032/1032/1032 867/867/867
f 867/867/867 1032/1032/1032 1038/1038/1038
f 1050/1050/1050 1051/1051/1051 1029/1029/1029
f 1030/1030/1030 1029/1029/1029 1051/1051/1051
f 1051/1051/1051 1052/1052/1052 1030/1030/1030
f 1031/1031/1031 1030/1030/1030 1052/1052/1052
f 1052/1052/1052 1053/1053/1053 1031/1031/1031
f 1032/1032/1032 1053/1053/1053 1038/1038/1038
f 1032/1032/1032 1031/1031/1031 1053/1053/1053
f 1065/1065/1065 1038/1038/1038 1053/1053/1053
f 1065/1065/1065 1053/1053/1053 1072/1072/1072
f 1053/1053/1053 1052/1052/1052 1072/1072/1072
f 1052/1052/1052 1051/1051/1051 1072/1072/1072
f 170/170/170 1065/1065/1065 1072/1072/1072
f 1072/1072/1072 172/172/172 170/170/170
f 174/174/174 172/172/172 1072/1072/1072
f 1072/1072/1072 1073/1073/1073 174/174/174
f 1073/1073/1073 1072/1072/1072 1051/1051/1051
f 174/174/174 1073/1073/1073 1074/1074/1074
f 174/174/174 1074/1074/1074 176/176/176
f 176/176/176 1074/1074/1074 1075/1075/1075
f 176/176/176 1075/1075/1075 178/178/178
f 178/178/178 1075/1075/1075 1076/1076/1076
f 1076/1076/1076 180/180/180 178/178/178
f 1074/1074/1074 1073/1073/1073 1050/1050/1050
f 1051/1051/1051 1050/1050/1050 1073/1073/1073
f 1075/1075/1075 1074/1074/1074 1046/1046/1046
f 1074/1074/1074 1050/1050/1050 1046/1046/1046
f 1076/1076/1076 1075/1075/1075 1085/1085/1085
f 1075/1075/1075 1046/1046/1046 1085/1085/1085
f 1085/1085/1085 1084/1084/1084 1076/1076/1076
f 1076/1076/1076 1084/1084/1084 2170/2170/2170
f 1076/1076/1076 2170/2170/2170 180/180/180
f 1084/1084/1084 1176/1176/1176 2170/2170/2170
f 1046/1046/1046 1045/1045/1045 1085/1085/1085
f 1083/1083/1083 1084/1084/1084 1085/1085/1085
f 1083/1083/1083 1176/1176/1176 1084/1084/1084
f 1085/1085/1085 1086/1086/1086 1083/1083/1083
f 1087/1087/1087 1086/1086/1086 1085/1085/1085
f 1085/1085/1085 1045/1045/1045 1087/1087/1087
f 1087/1087/1087 1045/1045/1045 1047/1047/1047
f 1047/1047/1047 1088/1088/1088 1087/1087/1087
f 1078/1078/1078 1087/1087/1087 1088/1088/1088
f 1086/1086/1086 1087/1087/1087 1078/1078/1078
f 1088/1088/1088 3748/3748/3748 1078/1078/1078
f 1077/1077/1077 1078/1078/1078 3748/3748/3748
f 3749/3749/3749 1077/1077/1077 3748/3748/3748
f 1080/1080/1080 1078/1078/1078 1077/1077/1077
f 1080/1080/1080 1083/1083/1083 1086/1086/1086
f 1086/1086/1086 1078/1078/1078 1080/1080/1080
f 1077/1077/1077 1079/1079/1079 1080/1080/1080
f 1082/1082/1082 1077/1077/1077 3749/3749/3749
f 1077/1077/1077 1082/1082/1082 1079/1079/1079
f 3749/3749/3749 3751/3751/3751 1082/1082/1082
f 1081/1081/1081 1082/1082/1082 3751/3751/3751
f 1081/1081/1081 1079/1079/1079 1082/1082/1082
f 3751/3751/3751 3750/3750/3750 1081/1081/1081
f 1081/1081/1081 2168/2168/2168 1079/1079/1079
f 1081/1081/1081 2167/2167/2167 2168/2168/2168
f 3750/3750/3750 2167/2167/2167 1081/1081/1081
f 1079/1079/1079 2247/2247/2247 1080/1080/1080
f 1079/1079/1079 2168/2168/2168 2247/2247/2247
f 3750/3750/3750 3768/3768/3768 2167/2167/2167
f 1080/1080/1080 2247/2247/2247 2248/2248/2248
f 2248/2248/2248 1083/1083/1083 1080/1080/1080
f 1083/1083/1083 2248/2248/2248 1176/1176/1176
f 896/896/896 895/895/895 894/894/894
f 897/897/897 895/895/895 896/896/896
f 897/897/897 896/896/896 898/898/898
f 898/898/898 899/899/899 897/897/897
f 899/899/899 898/898/898 908/908/908
f 899/899/899 908/908/908 909/909/909
f 911/911/911 909/909/909 908/908/908
f 908/908/908 910/910/910 911/911/911
f 900/900/900 894/894/894 895/895/895
f 900/900/900 901/901/901 894/894/894
f 903/903/903 901/901/901 900/900/900
f 900/900/900 902/902/902 903/903/903
f 905/905/905 903/903/903 902/902/902
f 902/902/902 904/904/904 905/905/905
f 905/905/905 904/904/904 906/906/906
f 906/906/906 907/907/907 905/905/905
f 917/917/917 907/907/907 906/906/906
f 916/916/916 907/907/907 917/917/917
f 915/915/915 916/916/916 917/917/917
f 915/915/915 914/914/914 916/916/916
f 912/912/912 914/914/914 915/915/915
f 915/915/915 913/913/913 912/912/912
f 905/905/905 907/907/907 918/918/918
f 916/916/916 918/918/918 907/907/907
f 905/905/905 918/918/918 919/919/919
f 903/903/903 905/905/905 919/919/919
f 919/919/919 901/901/901 903/903/903
f 916/916/916 920/920/920 918/918/918
f 920/920/920 916/916/916 914/914/914
f 912/912/912 913/913/913 964/964/964
f 964/964/964 965/965/965 912/912/912
f 965/965/965 964/964/964 967/967/967
f 967/967/967 964/964/964 966/966/966
f 910/910/910 967/967/967 966/966/966
f 966/966/966 911/911/911 910/910/910
f 911/911/911 966/966/966 958/958/958
f 958/958/958 959/959/959 911/911/911
f 959/959/959 958/958/958 928/928/928
f 958/958/958 957/957/957 928/928/928
f 957/957/957 958/958/958 966/966/966
f 966/966/966 964/964/964 957/957/957
f 926/926/926 928/928/928 957/957/957
f 929/929/929 926/926/926 957/957/957
f 957/957/957 956/956/956 929/929/929
f 956/956/956 957/957/957 964/964/964
f 924/924/924 929/929/929 956/956/956
f 956/956/956 955/955/955 924/924/924
f 924/924/924 955/955/955 922/922/922
f 955/955/955 954/954/954 922/922/922
f 892/892/892 922/922/922 954/954/954
f 954/954/954 891/891/891 892/892/892
f 928/928/928 932/932/932 959/959/959
f 934/934/934 959/959/959 932/932/932
f 934/934/934 960/960/960 959/959/959
f 961/961/961 960/960/960 934/934/934
f 934/934/934 936/936/936 961/961/961
f 962/962/962 961/961/961 936/936/936
f 936/936/936 938/938/938 962/962/962
f 940/940/940 962/962/962 938/938/938
f 940/940/940 963/963/963 962/962/962
f 975/975/975 963/963/963 940/940/940
f 940/940/940 971/971/971 975/975/975
f 970/970/970 971/971/971 940/940/940
f 940/940/940 939/939/939 970/970/970
f 939/939/939 771/771/771 970/970/970
f 773/773/773 970/970/970 771/771/771
f 961/961/961 899/899/899 960/960/960
f 899/899/899 961/961/961 962/962/962
f 899/899/899 909/909/909 960/960/960
f 959/959/959 960/960/960 909/909/909
f 909/909/909 911/911/911 959/959/959
f 962/962/962 897/897/897 899/899/899
f 897/897/897 962/962/962 963/963/963
f 963/963/963 895/895/895 897/897/897
f 900/900/900 895/895/895 963/963/963
f 963/963/963 975/975/975 900/900/900
f 900/900/900 975/975/975 902/902/902
f 979/979/979 902/902/902 975/975/975
f 975/975/975 971/971/971 979/979/979
f 904/904/904 902/902/902 979/979/979
f 979/979/979 978/978/978 904/904/904
f 906/906/906 904/904/904 978/978/978
f 978/978/978 977/977/977 906/906/906
f 906/906/906 977/977/977 954/954/954
f 917/917/917 906/906/906 954/954/954
f 915/915/915 917/917/917 954/954/954
f 954/954/954 955/955/955 915/915/915
f 913/913/913 915/915/915 955/955/955
f 955/955/955 956/956/956 913/913/913
f 964/964/964 913/913/913 956/956/956
f 890/890/890 977/977/977 978/978/978
f 978/978/978 974/974/974 890/890/890
f 891/891/891 954/954/954 977/977/977
f 977/977/977 890/890/890 891/891/891
f 978/978/978 976/976/976 974/974/974
f 980/980/980 974/974/974 976/976/976
f 976/976/976 972/972/972 980/980/980
f 973/973/973 980/980/980 972/972/972
f 973/973/973 972/972/972 969/969/969
f 969/969/969 968/968/968 973/973/973
f 778/778/778 968/968/968 969/969/969
f 778/778/778 969/969/969 775/775/775
f 2052/2052/2052 973/973/973 968/968/968
f 968/968/968 2051/2051/2051 2052/2052/2052
f 973/973/973 2052/2052/2052 1170/1170/1170
f 1170/1170/1170 980/980/980 973/973/973
f 974/974/974 980/980/980 2061/2061/2061
f 980/980/980 1170/1170/1170 2061/2061/2061
f 982/982/982 972/972/972 976/976/976
f 969/969/969 972/972/972 982/982/982
f 976/976/976 981/981/981 982/982/982
f 981/981/981 976/976/976 978/978/978
f 978/978/978 979/979/979 981/981/981
f 981/981/981 979/979/979 971/971/971
f 982/982/982 981/981/981 971/971/971
f 971/971/971 970/970/970 982/982/982
f 982/982/982 983/983/983 969/969/969
f 969/969/969 983/983/983 775/775/775
f 982/982/982 970/970/970 773/773/773
f 773/773/773 983/983/983 982/982/982
f 984/984/984 983/983/983 773/773/773
f 775/775/775 983/983/983 984/984/984
f 773/773/773 774/774/774 984/984/984
f 985/985/985 984/984/984 774/774/774
f 775/775/775 984/984/984 985/985/985
f 774/774/774 787/787/787 985/985/985
f 985/985/985 787/787/787 784/784/784
f 985/985/985 784/784/784 782/782/782
f 782/782/782 776/776/776 985/985/985
f 985/985/985 776/776/776 775/775/775
f 889/889/889 941/941/941 2017/2017/2017
f 941/941/941 2016/2016/2016 2017/2017/2017
f 941/941/941 889/889/889 921/921/921
f 921/921/921 893/893/893 941/941/941
f 889/889/889 2017/2017/2017 878/878/878
f 878/878/878 2017/2017/2017 2239/2239/2239
f 878/878/878 2239/2239/2239 1169/1169/1169
f 878/878/878 1169/1169/1169 879/879/879
f 2243/2243/2243 2016/2016/2016 941/941/941
f 941/941/941 893/893/893 2243/2243/2243
f 2242/2242/2242 2243/2243/2243 893/893/893
f 893/893/893 892/892/892 2242/2242/2242
f 891/891/891 2242/2242/2242 892/892/892
f 891/891/891 2240/2240/2240 2242/2242/2242
f 2241/2241/2241 2240/2240/2240 891/891/891
f 891/891/891 890/890/890 2241/2241/2241
f 974/974/974 2241/2241/2241 890/890/890
f 974/974/974 2061/2061/2061 2241/2241/2241
f 2239/2239/2239 1954/1954/1954 1169/1169/1169
f 1954/1954/1954 1955/1955/1955 1169/1169/1169
f 1955/1955/1955 1954/1954/1954 1952/1952/1952
f 1952/1952/1952 1953/1953/1953 1955/1955/1955
f 1953/1953/1953 1952/1952/1952 1951/1951/1951
f 1952/1952/1952 1950/1950/1950 1951/1951/1951
f 1951/1951/1951 1950/1950/1950 1948/1948/1948
f 1948/1948/1948 1949/1949/1949 1951/1951/1951
f 1945/1945/1945 1949/1949/1949 1948/1948/1948
f 1948/1948/1948 1944/1944/1944 1945/1945/1945
f 1946/1946/1946 1945/1945/1945 1944/1944/1944
f 1944/1944/1944 1947/1947/1947 1946/1946/1946
f 1961/1961/1961 1947/1947/1947 1944/1944/1944
f 1944/1944/1944 1960/1960/1960 1961/1961/1961
f 1960/1960/1960 1944/1944/1944 1948/1948/1948
f 1948/1948/1948 1962/1962/1962 1960/1960/1960
f 1962/1962/1962 1948/1948/1948 1950/1950/1950
f 1950/1950/1950 1963/1963/1963 1962/1962/1962
f 1963/1963/1963 1950/1950/1950 1952/1952/1952
f 1952/1952/1952 1964/1964/1964 1963/1963/1963
f 1964/1964/1964 1952/1952/1952 1954/1954/1954
f 1954/1954/1954 1965/1965/1965 1964/1964/1964
f 1997/1997/1997 1964/1964/1964 1965/1965/1965
f 1965/1965/1965 1993/1993/1993 1997/1997/1997
f 1998/1998/1998 1997/1997/1997 1993/1993/1993
f 1993/1993/1993 1994/1994/1994 1998/1998/1998
f 1994/1994/1994 1993/1993/1993 1996/1996/1996
f 1996/1996/1996 1995/1995/1995 1994/1994/1994
f 1997/1997/1997 1998/1998/1998 2003/2003/2003
f 2003/2003/2003 2004/2004/2004 1997/1997/1997
f 2004/2004/2004 1963/1963/1963 1964/1964/1964
f 1964/1964/1964 1997/1997/1997 2004/2004/2004
f 1962/1962/1962 1963/1963/1963 2004/2004/2004
f 2004/2004/2004 2003/2003/2003 2002/2002/2002
f 2004/2004/2004 2002/2002/2002 1962/1962/1962
f 2003/2003/2003 2001/2001/2001 2002/2002/2002
f 2002/2002/2002 2001/2001/2001 2000/2000/2000
f 2000/2000/2000 1999/1999/1999 2002/2002/2002
f 1999/1999/1999 2000/2000/2000 2006/2006/2006
f 2006/2006/2006 2005/2005/2005 1999/1999/1999
f 2005/2005/2005 2006/2006/2006 2008/2008/2008
f 2008/2008/2008 2007/2007/2007 2005/2005/2005
f 2007/2007/2007 2008/2008/2008 2010/2010/2010
f 2010/2010/2010 2009/2009/2009 2007/2007/2007
f 2009/2009/2009 2010/2010/2010 2012/2012/2012
f 2012/2012/2012 2011/2011/2011 2009/2009/2009
f 2011/2011/2011 2012/2012/2012 2013/2013/2013
f 2014/2014/2014 2013/2013/2013 2012/2012/2012
f 2011/2011/2011 2013/2013/2013 1881/1881/1881
f 2013/2013/2013 1842/1842/1842 1881/1881/1881
f 1962/1962/1962 2002/2002/2002 1999/1999/1999
f 1962/1962/1962 1999/1999/1999 1960/1960/1960
f 2005/2005/2005 1960/1960/1960 1999/1999/1999
f 1961/1961/1961 1960/1960/1960 2005/2005/2005
f 2011/2011/2011 1881/1881/1881 1882/1882/1882
f 1882/1882/1882 2018/2018/2018 2011/2011/2011
f 2009/2009/2009 2011/2011/2011 2018/2018/2018
f 2018/2018/2018 1882/1882/1882 1883/1883/1883
f 1883/1883/1883 2019/2019/2019 2018/2018/2018
f 2019/2019/2019 1883/1883/1883 1885/1885/1885
f 1885/1885/1885 2020/2020/2020 2019/2019/2019
f 2020/2020/2020 1885/1885/1885 1887/1887/1887
f 1887/1887/1887 1956/1956/1956 2020/2020/2020
f 1902/1902/1902 1956/1956/1956 1887/1887/1887
f 1902/1902/1902 1957/1957/1957 1956/1956/1956
f 1956/1956/1956 1957/1957/1957 1938/1938/1938
f 1938/1938/1938 1957/1957/1957 1936/1936/1936
f 1939/1939/1939 1938/1938/1938 1936/1936/1936
f 1936/1936/1936 1937/1937/1937 1939/1939/1939
f 1937/1937/1937 1936/1936/1936 1935/1935/1935
f 1934/1934/1934 1935/1935/1935 1936/1936/1936
f 1935/1935/1935 1934/1934/1934 1930/1930/1930
f 1928/1928/1928 1930/1930/1930 1934/1934/1934
f 1931/1931/1931 1930/1930/1930 1928/1928/1928
f 1934/1934/1934 1889/1889/1889 1928/1928/1928
f 1938/1938/1938 1939/1939/1939 1940/1940/1940
f 1956/1956/1956 1938/1938/1938 1940/1940/1940
f 1941/1941/1941 1940/1940/1940 1939/1939/1939
f 1940/1940/1940 1941/1941/1941 1942/1942/1942
f 1943/1943/1943 1942/1942/1942 1941/1941/1941
f 1936/1936/1936 1892/1892/1892 1934/1934/1934
f 1889/1889/1889 1934/1934/1934 1892/1892/1892
f 1936/1936/1936 1957/1957/1957 1892/1892/1892
f 1902/1902/1902 1892/1892/1892 1957/1957/1957
f 1958/1958/1958 1940/1940/1940 1942/1942/1942
f 1940/1940/1940 1958/1958/1958 1956/1956/1956
f 1942/1942/1942 1959/1959/1959 1958/1958/1958
f 2020/2020/2020 1956/1956/1956 1958/1958/1958
f 2023/2023/2023 2020/2020/2020 1958/1958/1958
f 1958/1958/1958 1959/1959/1959 2023/2023/2023
f 2020/2020/2020 2023/2023/2023 2019/2019/2019
f 2022/2022/2022 2019/2019/2019 2023/2023/2023
f 2019/2019/2019 2022/2022/2022 2021/2021/2021
f 2021/2021/2021 2018/2018/2018 2019/2019/2019
f 2018/2018/2018 2021/2021/2021 2009/2009/2009
f 2007/2007/2007 2009/2009/2009 2021/2021/2021
f 2021/2021/2021 2024/2024/2024 2007/2007/2007
f 2025/2025/2025 2021/2021/2021 2022/2022/2022
f 2024/2024/2024 2021/2021/2021 2025/2025/2025
f 2026/2026/2026 2022/2022/2022 2023/2023/2023
f 2025/2025/2025 2022/2022/2022 2026/2026/2026
f 2026/2026/2026 2023/2023/2023 1959/1959/1959
f 2005/2005/2005 2007/2007/2007 2024/2024/2024
f 2005/2005/2005 2024/2024/2024 1961/1961/1961
f 2027/2027/2027 2024/2024/2024 2025/2025/2025
f 1961/1961/1961 2024/2024/2024 2027/2027/2027
f 2026/2026/2026 1959/1959/1959 2027/2027/2027
f 2027/2027/2027 2025/2025/2025 2026/2026/2026
f 1947/1947/1947 1961/1961/1961 2027/2027/2027
f 2027/2027/2027 2028/2028/2028 1947/1947/1947
f 1947/1947/1947 2028/2028/2028 2029/2029/2029
f 2029/2029/2029 1946/1946/1946 1947/1947/1947
f 2028/2028/2028 2027/2027/2027 1959/1959/1959
f 1959/1959/1959 1942/1942/1942 2028/2028/2028
f 1942/1942/1942 2029/2029/2029 2028/2028/2028
f 1943/1943/1943 2029/2029/2029 1942/1942/1942
f 1946/1946/1946 2029/2029/2029 2082/2082/2082
f 2082/2082/2082 2081/2081/2081 1946/1946/1946
f 2081/2081/2081 2082/2082/2082 2084/2084/2084
f 2084/2084/2084 2083/2083/2083 2081/2081/2081
f 2083/2083/2083 2084/2084/2084 2086/2086/2086
f 2086/2086/2086 2085/2085/2085 2083/2083/2083
f 2085/2085/2085 2086/2086/2086 2088/2088/2088
f 2088/2088/2088 2087/2087/2087 2085/2085/2085
f 2087/2087/2087 2088/2088/2088 2090/2090/2090
f 2090/2090/2090 2089/2089/2089 2087/2087/2087
f 2089/2089/2089 2090/2090/2090 2092/2092/2092
f 2092/2092/2092 2091/2091/2091 2089/2089/2089
f 2091/2091/2091 2092/2092/2092 2093/2093/2093
f 2092/2092/2092 2094/2094/2094 2093/2093/2093
f 2094/2094/2094 2090/2090/2090 2088/2088/2088
f 2094/2094/2094 2092/2092/2092 2090/2090/2090
f 2095/2095/2095 2093/2093/2093 2094/2094/2094
f 2094/2094/2094 2096/2096/2096 2095/2095/2095
f 2096/2096/2096 2088/2088/2088 2086/2086/2086
f 2094/2094/2094 2088/2088/2088 2096/2096/2096
f 2095/2095/2095 2096/2096/2096 2098/2098/2098
f 2098/2098/2098 2086/2086/2086 2084/2084/2084
f 2096/2096/2096 2086/2086/2086 2098/2098/2098
f 2098/2098/2098 2097/2097/2097 2095/2095/2095
f 2097/2097/2097 2098/2098/2098 2100/2100/2100
f 2100/2100/2100 2099/2099/2099 2097/2097/2097
f 2099/2099/2099 2100/2100/2100 2102/2102/2102
f 2102/2102/2102 2101/2101/2101 2099/2099/2099
f 2101/2101/2101 2102/2102/2102 2029/2029/2029
f 1943/1943/1943 2101/2101/2101 2029/2029/2029
f 2102/2102/2102 2082/2082/2082 2029/2029/2029
f 2082/2082/2082 2102/2102/2102 2100/2100/2100
f 2100/2100/2100 2084/2084/2084 2082/2082/2082
f 2098/2098/2098 2084/2084/2084 2100/2100/2100
f 2091/2091/2091 2093/2093/2093 2109/2109/2109
f 2109/2109/2109 2108/2108/2108 2091/2091/2091
f 2110/2110/2110 2109/2109/2109 2093/2093/2093
f 2110/2110/2110 2095/2095/2095 2097/2097/2097
f 2093/2093/2093 2095/2095/2095 2110/2110/2110
f 2097/2097/2097 2111/2111/2111 2110/2110/2110
f 2099/2099/2099 2111/2111/2111 2097/2097/2097
f 2111/2111/2111 2099/2099/2099 2112/2112/2112
f 2112/2112/2112 2099/2099/2099 2101/2101/2101
f 2101/2101/2101 2113/2113/2113 2112/2112/2112
f 2113/2113/2113 2101/2101/2101 1943/1943/1943
f 2120/2120/2120 2113/2113/2113 1943/1943/1943
f 1941/1941/1941 2120/2120/2120 1943/1943/1943
f 2121/2121/2121 2120/2120/2120 1941/1941/1941
f 1941/1941/1941 1939/1939/1939 2121/2121/2121
f 2122/2122/2122 2121/2121/2121 1939/1939/1939
f 1939/1939/1939 1937/1937/1937 2122/2122/2122
f 2123/2123/2123 2122/2122/2122 1937/1937/1937
f 1937/1937/1937 1935/1935/1935 2123/2123/2123
f 2124/2124/2124 2123/2123/2123 1935/1935/1935
f 1935/1935/1935 1930/1930/1930 2124/2124/2124
f 2125/2125/2125 2124/2124/2124 1930/1930/1930
f 1930/1930/1930 1931/1931/1931 2125/2125/2125
f 2134/2134/2134 2111/2111/2111 2112/2112/2112
f 2111/2111/2111 2134/2134/2134 2133/2133/2133
f 2133/2133/2133 2110/2110/2110 2111/2111/2111
f 2110/2110/2110 2133/2133/2133 2132/2132/2132
f 2132/2132/2132 2109/2109/2109 2110/2110/2110
f 2109/2109/2109 2132/2132/2132 2128/2128/2128
f 2128/2128/2128 2108/2108/2108 2109/2109/2109
f 2128/2128/2128 2127/2127/2127 2108/2108/2108
f 2107/2107/2107 2108/2108/2108 2127/2127/2127
f 2107/2107/2107 2089/2089/2089 2108/2108/2108
f 2107/2107/2107 2087/2087/2087 2089/2089/2089
f 2104/2104/2104 2087/2087/2087 2107/2107/2107
f 2085/2085/2085 2087/2087/2087 2104/2104/2104
f 2104/2104/2104 2103/2103/2103 2085/2085/2085
f 2085/2085/2085 2103/2103/2103 2083/2083/2083
f 2103/2103/2103 2105/2105/2105 2083/2083/2083
f 2083/2083/2083 2105/2105/2105 2106/2106/2106
f 2083/2083/2083 2106/2106/2106 2081/2081/2081
f 1946/1946/1946 2081/2081/2081 2106/2106/2106
f 2108/2108/2108 2089/2089/2089 2091/2091/2091
f 1945/1945/1945 1946/1946/1946 2106/2106/2106
f 2106/2106/2106 2114/2114/2114 1945/1945/1945
f 1945/1945/1945 2114/2114/2114 2115/2115/2115
f 2115/2115/2115 1949/1949/1949 1945/1945/1945
f 1949/1949/1949 2115/2115/2115 2116/2116/2116
f 2116/2116/2116 1951/1951/1951 1949/1949/1949
f 2117/2117/2117 1951/1951/1951 2116/2116/2116
f 1951/1951/1951 2117/2117/2117 1953/1953/1953
f 2118/2118/2118 1953/1953/1953 2117/2117/2117
f 1955/1955/1955 1953/1953/1953 2118/2118/2118
f 2119/2119/2119 1955/1955/1955 2118/2118/2118
f 1169/1169/1169 1955/1955/1955 2119/2119/2119
f 2106/2106/2106 2131/2131/2131 2114/2114/2114
f 2106/2106/2106 2105/2105/2105 2131/2131/2131
f 2131/2131/2131 2105/2105/2105 2103/2103/2103
f 2103/2103/2103 2130/2130/2130 2131/2131/2131
f 2104/2104/2104 2130/2130/2130 2103/2103/2103
f 2130/2130/2130 2104/2104/2104 2129/2129/2129
f 2129/2129/2129 2104/2104/2104 2107/2107/2107
f 2107/2107/2107 2127/2127/2127 2129/2129/2129
f 2118/2118/2118 2117/2117/2117 2140/2140/2140
f 2117/2117/2117 2139/2139/2139 2140/2140/2140
f 2117/2117/2117 2116/2116/2116 2139/2139/2139
f 2116/2116/2116 2138/2138/2138 2139/2139/2139
f 2115/2115/2115 2138/2138/2138 2116/2116/2116
f 2136/2136/2136 2138/2138/2138 2115/2115/2115
f 2137/2137/2137 2136/2136/2136 2115/2115/2115
f 2130/2130/2130 2129/2129/2129 2137/2137/2137
f 2115/2115/2115 2114/2114/2114 2137/2137/2137
f 2114/2114/2114 2131/2131/2131 2137/2137/2137
f 2131/2131/2131 2130/2130/2130 2137/2137/2137
f 2129/2129/2129 2127/2127/2127 2174/2174/2174
f 2174/2174/2174 2127/2127/2127 2171/2171/2171
f 2171/2171/2171 2127/2127/2127 2128/2128/2128
f 2159/2159/2159 2171/2171/2171 2128/2128/2128
f 2128/2128/2128 2158/2158/2158 2159/2159/2159
f 2158/2158/2158 1239/1239/1239 2159/2159/2159
f 1239/1239/1239 2158/2158/2158 1237/1237/1237
f 1240/1240/1240 1239/1239/1239 1237/1237/1237
f 1237/1237/1237 1238/1238/1238 1240/1240/1240
f 1238/1238/1238 1237/1237/1237 1235/1235/1235
f 1235/1235/1235 1236/1236/1236 1238/1238/1238
f 1236/1236/1236 1235/1235/1235 1233/1233/1233
f 1233/1233/1233 1234/1234/1234 1236/1236/1236
f 1234/1234/1234 1233/1233/1233 1229/1229/1229
f 1229/1229/1229 1230/1230/1230 1234/1234/1234
f 1230/1230/1230 1229/1229/1229 1232/1232/1232
f 1232/1232/1232 1231/1231/1231 1230/1230/1230
f 1239/1239/1239 1240/1240/1240 1242/1242/1242
f 1242/1242/1242 1241/1241/1241 1239/1239/1239
f 2159/2159/2159 1239/1239/1239 1241/1241/1241
f 1241/1241/1241 1242/1242/1242 1244/1244/1244
f 1244/1244/1244 1243/1243/1243 1241/1241/1241
f 2146/2146/2146 1229/1229/1229 1233/1233/1233
f 1233/1233/1233 2147/2147/2147 2146/2146/2146
f 2146/2146/2146 2147/2147/2147 2120/2120/2120
f 2120/2120/2120 2121/2121/2121 2146/2146/2146
f 2145/2145/2145 2146/2146/2146 2121/2121/2121
f 1229/1229/1229 2145/2145/2145 1232/1232/1232
f 1229/1229/1229 2146/2146/2146 2145/2145/2145
f 2121/2121/2121 2122/2122/2122 2145/2145/2145
f 2144/2144/2144 2145/2145/2145 2122/2122/2122
f 2145/2145/2145 2144/2144/2144 1232/1232/1232
f 2122/2122/2122 2123/2123/2123 2144/2144/2144
f 2142/2142/2142 2144/2144/2144 2123/2123/2123
f 2123/2123/2123 2124/2124/2124 2142/2142/2142
f 2125/2125/2125 2142/2142/2142 2124/2124/2124
f 2143/2143/2143 2142/2142/2142 2125/2125/2125
f 2144/2144/2144 2142/2142/2142 2149/2149/2149
f 2149/2149/2149 2148/2148/2148 2144/2144/2144
f 1232/1232/1232 2144/2144/2144 2148/2148/2148
f 2153/2153/2153 2148/2148/2148 2149/2149/2149
f 2149/2149/2149 2152/2152/2152 2153/2153/2153
f 2148/2148/2148 2153/2153/2153 1231/1231/1231
f 1231/1231/1231 1232/1232/1232 2148/2148/2148
f 2152/2152/2152 2154/2154/2154 2153/2153/2153
f 1231/1231/1231 2153/2153/2153 2154/2154/2154
f 2143/2143/2143 2155/2155/2155 2142/2142/2142
f 2155/2155/2155 2149/2149/2149 2142/2142/2142
f 2149/2149/2149 2155/2155/2155 2152/2152/2152
f 2151/2151/2151 2155/2155/2155 2143/2143/2143
f 2155/2155/2155 2151/2151/2151 2152/2152/2152
f 2152/2152/2152 2151/2151/2151 2246/2246/2246
f 2246/2246/2246 1142/1142/1142 2152/2152/2152
f 2154/2154/2154 2152/2152/2152 1142/1142/1142
f 1054/1054/1054 1033/1033/1033 1034/1034/1034
f 1034/1034/1034 1055/1055/1055 1054/1054/1054
f 1034/1034/1034 1056/1056/1056 1055/1055/1055
f 1056/1056/1056 1034/1034/1034 1035/1035/1035
f 1056/1056/1056 1035/1035/1035 1057/1057/1057
f 1035/1035/1035 1036/1036/1036 1057/1057/1057
f 1057/1057/1057 1036/1036/1036 1058/1058/1058
f 1036/1036/1036 1037/1037/1037 1058/1058/1058
f 1037/1037/1037 2141/2141/2141 1058/1058/1058
f 1037/1037/1037 2119/2119/2119 2141/2141/2141
f 1049/1049/1049 1033/1033/1033 1054/1054/1054
f 1054/1054/1054 1048/1048/1048 1049/1049/1049
f 1047/1047/1047 1048/1048/1048 1054/1054/1054
f 1054/1054/1054 3752/3752/3752 1047/1047/1047
f 1055/1055/1055 3752/3752/3752 1054/1054/1054
f 2141/2141/2141 2119/2119/2119 2118/2118/2118
f 2118/2118/2118 2140/2140/2140 2141/2141/2141
f 901/901/901 1089/1089/1089 1090/1090/1090
f 1090/1090/1090 894/894/894 901/901/901
f 1091/1091/1091 894/894/894 1090/1090/1090
f 1091/1091/1091 896/896/896 894/894/894
f 896/896/896 1091/1091/1091 1092/1092/1092
f 1092/1092/1092 898/898/898 896/896/896
f 898/898/898 1092/1092/1092 1093/1093/1093
f 898/898/898 1093/1093/1093 908/908/908
f 910/910/910 908/908/908 1093/1093/1093
f 1093/1093/1093 1094/1094/1094 910/910/910
f 967/967/967 910/910/910 1094/1094/1094
f 1094/1094/1094 1095/1095/1095 967/967/967
f 965/965/965 967/967/967 1095/1095/1095
f 1095/1095/1095 1096/1096/1096 965/965/965
f 1097/1097/1097 965/965/965 1096/1096/1096
f 912/912/912 965/965/965 1097/1097/1097
f 912/912/912 1097/1097/1097 1098/1098/1098
f 1098/1098/1098 914/914/914 912/912/912
f 914/914/914 1098/1098/1098 920/920/920
f 919/919/919 1089/1089/1089 901/901/901
f 3753/3753/3753 1113/1113/1113 1114/1114/1114
f 1114/1114/1114 3754/3754/3754 3753/3753/3753
f 1114/1114/1114 1115/1115/1115 3754/3754/3754
f 1115/1115/1115 3755/3755/3755 3754/3754/3754
f 1113/1113/1113 3753/3753/3753 3756/3756/3756
f 3756/3756/3756 1116/1116/1116 1113/1113/1113
f 1116/1116/1116 3756/3756/3756 3757/3757/3757
f 3757/3757/3757 1117/1117/1117 1116/1116/1116
f 3758/3758/3758 1117/1117/1117 3757/3757/3757
f 3758/3758/3758 1118/1118/1118 1117/1117/1117
f 1119/1119/1119 1118/1118/1118 3758/3758/3758
f 3758/3758/3758 3759/3759/3759 1119/1119/1119
f 1120/1120/1120 1119/1119/1119 3759/3759/3759
f 3759/3759/3759 3760/3760/3760 1120/1120/1120
f 3760/3760/3760 1121/1121/1121 1120/1120/1120
f 1121/1121/1121 3760/3760/3760 3761/3761/3761
f 1122/1122/1122 1121/1121/1121 3761/3761/3761
f 3761/3761/3761 3762/3762/3762 1122/1122/1122
f 1117/1117/1117 1118/1118/1118 1123/1123/1123
f 1123/1123/1123 1118/1118/1118 1119/1119/1119
f 1123/1123/1123 1124/1124/1124 1117/1117/1117
f 1116/1116/1116 1117/1117/1117 1124/1124/1124
f 1119/1119/1119 1125/1125/1125 1123/1123/1123
f 1126/1126/1126 1125/1125/1125 1119/1119/1119
f 1119/1119/1119 1120/1120/1120 1126/1126/1126
f 1120/1120/1120 1127/1127/1127 1126/1126/1126
f 1121/1121/1121 1127/1127/1127 1120/1120/1120
f 1127/1127/1127 1121/1121/1121 1122/1122/1122
f 1125/1125/1125 1126/1126/1126 3673/3673/3673
f 1126/1126/1126 2217/2217/2217 3673/3673/3673
f 1122/1122/1122 1131/1131/1131 1127/1127/1127
f 1127/1127/1127 1131/1131/1131 1132/1132/1132
f 1127/1127/1127 1132/1132/1132 1130/1130/1130
f 1126/1126/1126 1130/1130/1130 2217/2217/2217
f 1126/1126/1126 1127/1127/1127 1130/1130/1130
f 1122/1122/1122 3762/3762/3762 3763/3763/3763
f 1131/1131/1131 1122/1122/1122 3763/3763/3763
f 1131/1131/1131 3763/3763/3763 3764/3764/3764
f 3764/3764/3764 1132/1132/1132 1131/1131/1131
f 1178/1178/1178 1130/1130/1130 1132/1132/1132
f 1132/1132/1132 3764/3764/3764 1178/1178/1178
f 1178/1178/1178 3764/3764/3764 2220/2220/2220
f 2251/2251/2251 1124/1124/1124 1123/1123/1123
f 1125/1125/1125 3673/3673/3673 2251/2251/2251
f 2251/2251/2251 1123/1123/1123 1125/1125/1125
f 1124/1124/1124 2251/2251/2251 2250/2250/2250
f 2250/2250/2250 1128/1128/1128 1124/1124/1124
f 1124/1124/1124 1128/1128/1128 1116/1116/1116
f 1113/1113/1113 1116/1116/1116 1128/1128/1128
f 1128/1128/1128 1129/1129/1129 1113/1113/1113
f 1114/1114/1114 1113/1113/1113 1129/1129/1129
f 1129/1129/1129 1115/1115/1115 1114/1114/1114
f 1128/1128/1128 2249/2249/2249 1129/1129/1129
f 1128/1128/1128 2250/2250/2250 2249/2249/2249
f 1129/1129/1129 2249/2249/2249 2255/2255/2255
f 1129/1129/1129 2255/2255/2255 1115/1115/1115
f 3886/3886/3886 1178/1178/1178 2220/2220/2220
f 1178/1178/1178 3886/3886/3886 2219/2219/2219
f 2218/2218/2218 2219/2219/2219 3886/3886/3886
f 2219/2219/2219 2218/2218/2218 2214/2214/2214
f 2214/2214/2214 2218/2218/2218 2209/2209/2209
f 2209/2209/2209 2208/2208/2208 2214/2214/2214
f 2208/2208/2208 2209/2209/2209 3883/3883/3883
f 3882/3882/3882 2208/2208/2208 3883/3883/3883
f 2207/2207/2207 2208/2208/2208 3882/3882/3882
f 2208/2208/2208 2207/2207/2207 2214/2214/2214
f 2207/2207/2207 3882/3882/3882 3881/3881/3881
f 3881/3881/3881 2206/2206/2206 2207/2207/2207
f 2206/2206/2206 3881/3881/3881 3880/3880/3880
f 3880/3880/3880 2205/2205/2205 2206/2206/2206
f 2205/2205/2205 3880/3880/3880 2204/2204/2204
f 2204/2204/2204 3880/3880/3880 3879/3879/3879
f 2204/2204/2204 3879/3879/3879 2203/2203/2203
f 3878/3878/3878 2203/2203/2203 3879/3879/3879
f 2200/2200/2200 2203/2203/2203 3878/3878/3878
f 3875/3875/3875 2200/2200/2200 3878/3878/3878
f 2201/2201/2201 2200/2200/2200 3875/3875/3875
f 3875/3875/3875 3876/3876/3876 2201/2201/2201
f 2202/2202/2202 2201/2201/2201 3876/3876/3876
f 3876/3876/3876 3877/3877/3877 2202/2202/2202
f 2210/2210/2210 2205/2205/2205 2204/2204/2204
f 2206/2206/2206 2205/2205/2205 2210/2210/2210
f 2211/2211/2211 2210/2210/2210 2204/2204/2204
f 2211/2211/2211 2204/2204/2204 2203/2203/2203
f 2210/2210/2210 2212/2212/2212 2206/2206/2206
f 2206/2206/2206 2212/2212/2212 2213/2213/2213
f 2213/2213/2213 2207/2207/2207 2206/2206/2206
f 2213/2213/2213 2214/2214/2214 2207/2207/2207
f 2203/2203/2203 2215/2215/2215 2211/2211/2211
f 2215/2215/2215 2203/2203/2203 2200/2200/2200
f 2200/2200/2200 2216/2216/2216 2215/2215/2215
f 2216/2216/2216 2201/2201/2201 2202/2202/2202
f 2200/2200/2200 2201/2201/2201 2216/2216/2216
f 2213/2213/2213 2212/2212/2212 3673/3673/3673
f 2212/2212/2212 2210/2210/2210 3673/3673/3673
f 3673/3673/3673 2217/2217/2217 2213/2213/2213
f 2215/2215/2215 2216/2216/2216 2249/2249/2249
f 2255/2255/2255 2249/2249/2249 2216/2216/2216
f 2249/2249/2249 2250/2250/2250 2215/2215/2215
f 2250/2250/2250 2211/2211/2211 2215/2215/2215
f 2250/2250/2250 2251/2251/2251 2211/2211/2211
f 2251/2251/2251 2210/2210/2210 2211/2211/2211
f 2217/2217/2217 1130/1130/1130 2213/2213/2213
f 2214/2214/2214 2213/2213/2213 1130/1130/1130
f 1130/1130/1130 2219/2219/2219 2214/2214/2214
f 2219/2219/2219 1130/1130/1130 1178/1178/1178
f 2255/2255/2255 2216/2216/2216 2254/2254/2254
f 2254/2254/2254 1115/1115/1115 2255/2255/2255
f 1115/1115/1115 2254/2254/2254 2253/2253/2253
f 2253/2253/2253 3755/3755/3755 1115/1115/1115
f 2202/2202/2202 2254/2254/2254 2216/2216/2216
f 2253/2253/2253 2254/2254/2254 2202/2202/2202
f 2202/2202/2202 3877/3877/3877 2253/2253/2253
f 185/185/185 1133/1133/1133 184/184/184
f 1133/1133/1133 185/185/185 191/191/191
f 184/184/184 1133/1133/1133 1134/1134/1134
f 1133/1133/1133 165/165/165 1134/1134/1134
f 165/165/165 1133/1133/1133 163/163/163
f 191/191/191 163/163/163 1133/1133/1133
f 183/183/183 1135/1135/1135 3765/3765/3765
f 3765/3765/3765 3674/3674/3674 183/183/183
f 2252/2252/2252 3765/3765/3765 1135/1135/1135
f 3765/3765/3765 2252/2252/2252 3770/3770/3770
f 1135/1135/1135 2226/2226/2226 2252/2252/2252
f 2226/2226/2226 1135/1135/1135 1136/1136/1136
f 2225/2225/2225 2226/2226/2226 1136/1136/1136
f 1136/1136/1136 182/182/182 2225/2225/2225
f 182/182/182 1141/1141/1141 2225/2225/2225
f 1141/1141/1141 182/182/182 135/135/135
f 135/135/135 2229/2229/2229 1141/1141/1141
f 2229/2229/2229 135/135/135 134/134/134
f 134/134/134 2227/2227/2227 2229/2229/2229
f 2227/2227/2227 134/134/134 114/114/114
f 114/114/114 2228/2228/2228 2227/2227/2227
f 2228/2228/2228 114/114/114 115/115/115
f 115/115/115 1140/1140/1140 2228/2228/2228
f 2224/2224/2224 2226/2226/2226 2225/2225/2225
f 2225/2225/2225 1245/1245/1245 2224/2224/2224
f 2225/2225/2225 1141/1141/1141 1245/1245/1245
f 2227/2227/2227 2228/2228/2228 1182/1182/1182
f 2228/2228/2228 1181/1181/1181 1182/1182/1182
f 2228/2228/2228 1140/1140/1140 1181/1181/1181
f 2229/2229/2229 2227/2227/2227 1222/1222/1222
f 2227/2227/2227 1182/1182/1182 1222/1222/1222
f 1141/1141/1141 2229/2229/2229 1228/1228/1228
f 2229/2229/2229 1222/1222/1222 1228/1228/1228
f 1141/1141/1141 1228/1228/1228 1245/1245/1245
f 2224/2224/2224 2223/2223/2223 2226/2226/2226
f 2252/2252/2252 2226/2226/2226 2223/2223/2223
f 2223/2223/2223 3887/3887/3887 2252/2252/2252
f 3887/3887/3887 2223/2223/2223 1246/1246/1246
f 1246/1246/1246 3771/3771/3771 3887/3887/3887
f 3770/3770/3770 2252/2252/2252 3887/3887/3887
f 180/180/180 3766/3766/3766 181/181/181
f 180/180/180 2230/2230/2230 3766/3766/3766
f 180/180/180 2170/2170/2170 2230/2230/2230
f 1149/1149/1149 232/232/232 2232/2232/2232
f 384/384/384 2232/2232/2232 232/232/232
f 384/384/384 1155/1155/1155 2232/2232/2232
f 402/402/402 1155/1155/1155 384/384/384
f 402/402/402 1490/1490/1490 1155/1155/1155
f 1137/1137/1137 1490/1490/1490 402/402/402
f 2232/2232/2232 1298/1298/1298 1149/1149/1149
f 1149/1149/1149 1298/1298/1298 1294/1294/1294
f 1149/1149/1149 1294/1294/1294 1148/1148/1148
f 1148/1148/1148 1294/1294/1294 1284/1284/1284
f 1148/1148/1148 1284/1284/1284 1285/1285/1285
f 1285/1285/1285 1284/1284/1284 1283/1283/1283
f 1147/1147/1147 1285/1285/1285 1283/1283/1283
f 1147/1147/1147 1283/1283/1283 1191/1191/1191
f 1147/1147/1147 1191/1191/1191 1192/1192/1192
f 1283/1283/1283 1284/1284/1284 1287/1287/1287
f 1284/1284/1284 1294/1294/1294 1287/1287/1287
f 1294/1294/1294 1295/1295/1295 1287/1287/1287
f 1294/1294/1294 1298/1298/1298 1295/1295/1295
f 1298/1298/1298 1299/1299/1299 1295/1295/1295
f 1299/1299/1299 1298/1298/1298 1457/1457/1457
f 1457/1457/1457 1456/1456/1456 1299/1299/1299
f 1456/1456/1456 1457/1457/1457 1476/1476/1476
f 1477/1477/1477 1476/1476/1476 1457/1457/1457
f 1458/1458/1458 1456/1456/1456 1476/1476/1476
f 1476/1476/1476 1478/1478/1478 1458/1458/1458
f 1478/1478/1478 1479/1479/1479 1458/1458/1458
f 1494/1494/1494 1476/1476/1476 1477/1477/1477
f 1477/1477/1477 1491/1491/1491 1494/1494/1494
f 1494/1494/1494 1501/1501/1501 1476/1476/1476
f 1501/1501/1501 1478/1478/1478 1476/1476/1476
f 1479/1479/1479 1478/1478/1478 1501/1501/1501
f 1155/1155/1155 1477/1477/1477 1457/1457/1457
f 2232/2232/2232 1155/1155/1155 1457/1457/1457
f 2232/2232/2232 1457/1457/1457 1298/1298/1298
f 1155/1155/1155 1490/1490/1490 1477/1477/1477
f 1490/1490/1490 1491/1491/1491 1477/1477/1477
f 419/419/419 2233/2233/2233 1493/1493/1493
f 419/419/419 1156/1156/1156 2233/2233/2233
f 2233/2233/2233 1498/1498/1498 1493/1493/1493
f 1156/1156/1156 1498/1498/1498 2233/2233/2233
f 1162/1162/1162 2237/2237/2237 778/778/778
f 968/968/968 778/778/778 2237/2237/2237
f 2237/2237/2237 2051/2051/2051 968/968/968
f 1162/1162/1162 1843/1843/1843 2237/2237/2237
f 2237/2237/2237 1843/1843/1843 1844/1844/1844
f 2237/2237/2237 1844/1844/1844 2051/2051/2051
f 2051/2051/2051 1844/1844/1844 2046/2046/2046
f 2046/2046/2046 1844/1844/1844 2045/2045/2045
f 1844/1844/1844 1845/1845/1845 2045/2045/2045
f 2050/2050/2050 2046/2046/2046 2045/2045/2045
f 2045/2045/2045 2049/2049/2049 2050/2050/2050
f 2046/2046/2046 2050/2050/2050 2052/2052/2052
f 2052/2052/2052 2051/2051/2051 2046/2046/2046
f 2049/2049/2049 2060/2060/2060 2050/2050/2050
f 2049/2049/2049 2059/2059/2059 2060/2060/2060
f 2050/2050/2050 2060/2060/2060 1170/1170/1170
f 1170/1170/1170 2052/2052/2052 2050/2050/2050
f 2061/2061/2061 1170/1170/1170 2060/2060/2060
f 2060/2060/2060 2057/2057/2057 2061/2061/2061
f 2059/2059/2059 2057/2057/2057 2060/2060/2060
f 2057/2057/2057 2059/2059/2059 2055/2055/2055
f 2058/2058/2058 2057/2057/2057 2055/2055/2055
f 2055/2055/2055 2054/2054/2054 2058/2058/2058
f 1978/1978/1978 2054/2054/2054 2055/2055/2055
f 2030/2030/2030 2054/2054/2054 1978/1978/1978
f 1978/1978/1978 1989/1989/1989 2030/2030/2030
f 1989/1989/1989 1978/1978/1978 1979/1979/1979
f 1978/1978/1978 1977/1977/1977 1979/1979/1979
f 1976/1976/1976 1977/1977/1977 1978/1978/1978
f 2055/2055/2055 1976/1976/1976 1978/1978/1978
f 1977/1977/1977 1976/1976/1976 1972/1972/1972
f 1972/1972/1972 1973/1973/1973 1977/1977/1977
f 1973/1973/1973 1972/1972/1972 1975/1975/1975
f 1975/1975/1975 1974/1974/1974 1973/1973/1973
f 1979/1979/1979 1988/1988/1988 1989/1989/1989
f 1989/1989/1989 1988/1988/1988 1985/1985/1985
f 2030/2030/2030 1989/1989/1989 1985/1985/1985
f 1988/1988/1988 1984/1984/1984 1985/1985/1985
f 1985/1985/1985 1984/1984/1984 1987/1987/1987
f 1987/1987/1987 1986/1986/1986 1985/1985/1985
f 1979/1979/1979 1977/1977/1977 1990/1990/1990
f 1990/1990/1990 1988/1988/1988 1979/1979/1979
f 1991/1991/1991 1990/1990/1990 1977/1977/1977
f 1991/1991/1991 1977/1977/1977 1973/1973/1973
f 1973/1973/1973 1974/1974/1974 1991/1991/1991
f 1990/1990/1990 1992/1992/1992 1988/1988/1988
f 1984/1984/1984 1988/1988/1988 1992/1992/1992
f 1974/1974/1974 1975/1975/1975 1969/1969/1969
f 1968/1968/1968 1969/1969/1969 1975/1975/1975
f 1966/1966/1966 1969/1969/1969 1968/1968/1968
f 1968/1968/1968 1967/1967/1967 1966/1966/1966
f 1970/1970/1970 1966/1966/1966 1967/1967/1967
f 1971/1971/1971 1970/1970/1970 1967/1967/1967
f 1980/1980/1980 1970/1970/1970 1971/1971/1971
f 1981/1981/1981 1980/1980/1980 1971/1971/1971
f 1980/1980/1980 1981/1981/1981 1983/1983/1983
f 1982/1982/1982 1980/1980/1980 1983/1983/1983
f 2042/2042/2042 1986/1986/1986 1987/1987/1987
f 1987/1987/1987 2041/2041/2041 2042/2042/2042
f 2042/2042/2042 2041/2041/2041 2043/2043/2043
f 2042/2042/2042 2043/2043/2043 2044/2044/2044
f 2044/2044/2044 2043/2043/2043 1982/1982/1982
f 1982/1982/1982 1983/1983/1983 2044/2044/2044
f 2036/2036/2036 1983/1983/1983 1981/1981/1981
f 1981/1981/1981 2037/2037/2037 2036/2036/2036
f 2037/2037/2037 1981/1981/1981 1971/1971/1971
f 2037/2037/2037 2008/2008/2008 2036/2036/2036
f 2006/2006/2006 2036/2036/2036 2008/2008/2008
f 2036/2036/2036 2006/2006/2006 2000/2000/2000
f 2000/2000/2000 2035/2035/2035 2036/2036/2036
f 2035/2035/2035 2044/2044/2044 1983/1983/1983
f 1983/1983/1983 2036/2036/2036 2035/2035/2035
f 2034/2034/2034 2035/2035/2035 2000/2000/2000
f 2034/2034/2034 2042/2042/2042 2044/2044/2044
f 2044/2044/2044 2035/2035/2035 2034/2034/2034
f 2000/2000/2000 2001/2001/2001 2034/2034/2034
f 2034/2034/2034 2001/2001/2001 2003/2003/2003
f 2003/2003/2003 2033/2033/2033 2034/2034/2034
f 2042/2042/2042 2034/2034/2034 2033/2033/2033
f 2033/2033/2033 2003/2003/2003 1998/1998/1998
f 1998/1998/1998 2032/2032/2032 2033/2033/2033
f 2032/2032/2032 1998/1998/1998 1994/1994/1994
f 1994/1994/1994 2030/2030/2030 2032/2032/2032
f 2030/2030/2030 1994/1994/1994 1995/1995/1995
f 1995/1995/1995 2031/2031/2031 2030/2030/2030
f 2008/2008/2008 2037/2037/2037 2038/2038/2038
f 2038/2038/2038 2010/2010/2010 2008/2008/2008
f 2010/2010/2010 2038/2038/2038 2039/2039/2039
f 2039/2039/2039 2012/2012/2012 2010/2010/2010
f 2014/2014/2014 2012/2012/2012 2039/2039/2039
f 2039/2039/2039 2040/2040/2040 2014/2014/2014
f 2053/2053/2053 2014/2014/2014 2040/2040/2040
f 2014/2014/2014 2053/2053/2053 2048/2048/2048
f 2014/2014/2014 2048/2048/2048 2047/2047/2047
f 2047/2047/2047 2013/2013/2013 2014/2014/2014
f 1842/1842/1842 2013/2013/2013 2047/2047/2047
f 2047/2047/2047 1841/1841/1841 1842/1842/1842
f 2039/2039/2039 2038/2038/2038 1971/1971/1971
f 1971/1971/1971 2038/2038/2038 2037/2037/2037
f 1971/1971/1971 1967/1967/1967 2039/2039/2039
f 2040/2040/2040 2039/2039/2039 1967/1967/1967
f 1967/1967/1967 1968/1968/1968 2040/2040/2040
f 1975/1975/1975 2053/2053/2053 2040/2040/2040
f 2040/2040/2040 1968/1968/1968 1975/1975/1975
f 1972/1972/1972 2053/2053/2053 1975/1975/1975
f 1972/1972/1972 2056/2056/2056 2053/2053/2053
f 2056/2056/2056 2048/2048/2048 2053/2053/2053
f 2056/2056/2056 1972/1972/1972 1976/1976/1976
f 1976/1976/1976 2055/2055/2055 2056/2056/2056
f 2062/2062/2062 2048/2048/2048 2056/2056/2056
f 2062/2062/2062 2056/2056/2056 2055/2055/2055
f 2062/2062/2062 2047/2047/2047 2048/2048/2048
f 2055/2055/2055 2059/2059/2059 2062/2062/2062
f 2047/2047/2047 2062/2062/2062 2063/2063/2063
f 2063/2063/2063 2062/2062/2062 2059/2059/2059
f 2059/2059/2059 2049/2049/2049 2063/2063/2063
f 2049/2049/2049 2064/2064/2064 2063/2063/2063
f 2064/2064/2064 2049/2049/2049 2045/2045/2045
f 2064/2064/2064 1841/1841/1841 2047/2047/2047
f 2047/2047/2047 2063/2063/2063 2064/2064/2064
f 1841/1841/1841 2064/2064/2064 2065/2065/2065
f 2065/2065/2065 1840/1840/1840 1841/1841/1841
f 1845/1845/1845 2065/2065/2065 2064/2064/2064
f 2064/2064/2064 2045/2045/2045 1845/1845/1845
f 1840/1840/1840 2065/2065/2065 2066/2066/2066
f 2066/2066/2066 1859/1859/1859 1840/1840/1840
f 2066/2066/2066 2065/2065/2065 1846/1846/1846
f 1845/1845/1845 1846/1846/1846 2065/2065/2065
f 1846/1846/1846 1853/1853/1853 2066/2066/2066
f 2066/2066/2066 1853/1853/1853 1855/1855/1855
f 1855/1855/1855 1859/1859/1859 2066/2066/2066
f 1288/1288/1288 1286/1286/1286 1289/1289/1289
f 1193/1193/1193 1286/1286/1286 1288/1288/1288
f 1290/1290/1290 1289/1289/1289 1286/1286/1286
f 1289/1289/1289 1290/1290/1290 1292/1292/1292
f 1292/1292/1292 1291/1291/1291 1289/1289/1289
f 1289/1289/1289 1291/1291/1291 1293/1293/1293
f 1293/1293/1293 1288/1288/1288 1289/1289/1289
f 1292/1292/1292 1290/1290/1290 1296/1296/1296
f 1296/1296/1296 1297/1297/1297 1292/1292/1292
f 1297/1297/1297 1296/1296/1296 1300/1300/1300
f 1300/1300/1300 1301/1301/1301 1297/1297/1297
f 1193/1193/1193 1288/1288/1288 1194/1194/1194
f 1288/1288/1288 1414/1414/1414 1194/1194/1194
f 1288/1288/1288 1293/1293/1293 1414/1414/1414
f 1194/1194/1194 1414/1414/1414 1413/1413/1413
f 1413/1413/1413 1195/1195/1195 1194/1194/1194
f 1413/1413/1413 1412/1412/1412 1195/1195/1195
f 1412/1412/1412 1197/1197/1197 1195/1195/1195
f 1412/1412/1412 1350/1350/1350 1197/1197/1197
f 1348/1348/1348 1350/1350/1350 1412/1412/1412
f 1351/1351/1351 1350/1350/1350 1348/1348/1348
f 1348/1348/1348 1349/1349/1349 1351/1351/1351
f 1349/1349/1349 1348/1348/1348 3788/3788/3788
f 3788/3788/3788 3787/3787/3787 1349/1349/1349
f 1322/1322/1322 1350/1350/1350 1351/1351/1351
f 1322/1322/1322 1197/1197/1197 1350/1350/1350
f 1351/1351/1351 1320/1320/1320 1322/1322/1322
f 1348/1348/1348 1411/1411/1411 3788/3788/3788
f 1412/1412/1412 1411/1411/1411 1348/1348/1348
f 1412/1412/1412 1413/1413/1413 1411/1411/1411
f 1411/1411/1411 3808/3808/3808 3788/3788/3788
f 1415/1415/1415 1413/1413/1413 1414/1414/1414
f 1414/1414/1414 1293/1293/1293 1415/1415/1415
f 1417/1417/1417 3808/3808/3808 1411/1411/1411
f 1411/1411/1411 1416/1416/1416 1417/1417/1417
f 1416/1416/1416 1411/1411/1411 1413/1413/1413
f 1413/1413/1413 1415/1415/1415 1416/1416/1416
f 1415/1415/1415 1293/1293/1293 1291/1291/1291
f 1291/1291/1291 1438/1438/1438 1415/1415/1415
f 1439/1439/1439 1416/1416/1416 1415/1415/1415
f 1415/1415/1415 1438/1438/1438 1439/1439/1439
f 1440/1440/1440 1417/1417/1417 1416/1416/1416
f 1416/1416/1416 1439/1439/1439 1440/1440/1440
f 1291/1291/1291 1445/1445/1445 1438/1438/1438
f 1445/1445/1445 1291/1291/1291 1292/1292/1292
f 1292/1292/1292 1297/1297/1297 1445/1445/1445
f 1445/1445/1445 1446/1446/1446 1438/1438/1438
f 1439/1439/1439 1438/1438/1438 1446/1446/1446
f 1447/1447/1447 1445/1445/1445 1297/1297/1297
f 1445/1445/1445 1447/1447/1447 1446/1446/1446
f 1297/1297/1297 1301/1301/1301 1447/1447/1447
f 1447/1447/1447 1448/1448/1448 1446/1446/1446
f 1446/1446/1446 1449/1449/1449 1439/1439/1439
f 1450/1450/1450 1440/1440/1440 1439/1439/1439
f 1439/1439/1439 1449/1449/1449 1450/1450/1450
f 1447/1447/1447 1301/1301/1301 1459/1459/1459
f 1300/1300/1300 1459/1459/1459 1301/1301/1301
f 1459/1459/1459 1460/1460/1460 1447/1447/1447
f 1448/1448/1448 1447/1447/1447 1460/1460/1460
f 1460/1460/1460 1461/1461/1461 1448/1448/1448
f 1462/1462/1462 1449/1449/1449 1446/1446/1446
f 1446/1446/1446 1448/1448/1448 1462/1462/1462
f 1462/1462/1462 1448/1448/1448 1461/1461/1461
f 1461/1461/1461 1463/1463/1463 1462/1462/1462
f 1464/1464/1464 1450/1450/1450 1449/1449/1449
f 1449/1449/1449 1462/1462/1462 1464/1464/1464
f 1465/1465/1465 1464/1464/1464 1462/1462/1462
f 1462/1462/1462 1463/1463/1463 1465/1465/1465
f 1459/1459/1459 1480/1480/1480 1460/1460/1460
f 1480/1480/1480 1461/1461/1461 1460/1460/1460
f 1461/1461/1461 1481/1481/1481 1463/1463/1463
f 1465/1465/1465 1463/1463/1463 1481/1481/1481
f 1481/1481/1481 1461/1461/1461 1482/1482/1482
f 1480/1480/1480 1482/1482/1482 1461/1461/1461
f 1481/1481/1481 1483/1483/1483 1465/1465/1465
f 1504/1504/1504 1482/1482/1482 1480/1480/1480
f 1505/1505/1505 1482/1482/1482 1504/1504/1504
f 1504/1504/1504 1506/1506/1506 1505/1505/1505
f 1507/1507/1507 1481/1481/1481 1482/1482/1482
f 1482/1482/1482 1505/1505/1505 1507/1507/1507
f 1508/1508/1508 1483/1483/1483 1481/1481/1481
f 1481/1481/1481 1507/1507/1507 1508/1508/1508
f 1506/1506/1506 1504/1504/1504 1525/1525/1525
f 1506/1506/1506 1525/1525/1525 1526/1526/1526
f 1521/1521/1521 1526/1526/1526 1525/1525/1525
f 1525/1525/1525 1504/1504/1504 1503/1503/1503
f 1525/1525/1525 1503/1503/1503 1502/1502/1502
f 1502/1502/1502 1533/1533/1533 1525/1525/1525
f 1525/1525/1525 1533/1533/1533 1521/1521/1521
f 1495/1495/1495 1533/1533/1533 1502/1502/1502
f 1533/1533/1533 1495/1495/1495 1496/1496/1496
f 1496/1496/1496 1521/1521/1521 1533/1533/1533
f 1521/1521/1521 1496/1496/1496 1524/1524/1524
f 1522/1522/1522 1521/1521/1521 1524/1524/1524
f 1521/1521/1521 1522/1522/1522 1526/1526/1526
f 1524/1524/1524 1523/1523/1523 1522/1522/1522
f 1523/1523/1523 1524/1524/1524 1528/1528/1528
f 1528/1528/1528 1527/1527/1527 1523/1523/1523
f 1530/1530/1530 1527/1527/1527 1528/1528/1528
f 1527/1527/1527 1530/1530/1530 1529/1529/1529
f 1524/1524/1524 1497/1497/1497 1528/1528/1528
f 1496/1496/1496 1497/1497/1497 1524/1524/1524
f 1499/1499/1499 1528/1528/1528 1497/1497/1497
f 1530/1530/1530 1528/1528/1528 1499/1499/1499
f 1499/1499/1499 1534/1534/1534 1530/1530/1530
f 1342/1342/1342 1339/1339/1339 1338/1338/1338
f 1338/1338/1338 1341/1341/1341 1342/1342/1342
f 1340/1340/1340 1339/1339/1339 1342/1342/1342
f 1342/1342/1342 1343/1343/1343 1340/1340/1340
f 1340/1340/1340 1343/1343/1343 3785/3785/3785
f 1343/1343/1343 3786/3786/3786 3785/3785/3785
f 1405/1405/1405 1342/1342/1342 1341/1341/1341
f 1341/1341/1341 1404/1404/1404 1405/1405/1405
f 1404/1404/1404 1341/1341/1341 1330/1330/1330
f 1330/1330/1330 1305/1305/1305 1404/1404/1404
f 1406/1406/1406 1343/1343/1343 1342/1342/1342
f 1342/1342/1342 1405/1405/1405 1406/1406/1406
f 1343/1343/1343 1406/1406/1406 3786/3786/3786
f 1406/1406/1406 3807/3807/3807 3786/3786/3786
f 1404/1404/1404 1305/1305/1305 1407/1407/1407
f 1305/1305/1305 1302/1302/1302 1407/1407/1407
f 1407/1407/1407 1302/1302/1302 1306/1306/1306
f 1306/1306/1306 1408/1408/1408 1407/1407/1407
f 1408/1408/1408 1306/1306/1306 1344/1344/1344
f 1306/1306/1306 1307/1307/1307 1344/1344/1344
f 1345/1345/1345 1344/1344/1344 1307/1307/1307
f 1344/1344/1344 1345/1345/1345 1347/1347/1347
f 1347/1347/1347 1346/1346/1346 1344/1344/1344
f 1344/1344/1344 1409/1409/1409 1408/1408/1408
f 1409/1409/1409 1344/1344/1344 1346/1346/1346
f 1346/1346/1346 1410/1410/1410 1409/1409/1409
f 1409/1409/1409 1410/1410/1410 1418/1418/1418
f 1418/1418/1418 1410/1410/1410 1419/1419/1419
f 3809/3809/3809 1419/1419/1419 1410/1410/1410
f 1419/1419/1419 1420/1420/1420 1418/1418/1418
f 1421/1421/1421 1420/1420/1420 1419/1419/1419
f 1409/1409/1409 1418/1418/1418 1422/1422/1422
f 1420/1420/1420 1422/1422/1422 1418/1418/1418
f 1408/1408/1408 1409/1409/1409 1422/1422/1422
f 1420/1420/1420 1421/1421/1421 1423/1423/1423
f 1424/1424/1424 1423/1423/1423 1421/1421/1421
f 1422/1422/1422 1420/1420/1420 1425/1425/1425
f 1423/1423/1423 1425/1425/1425 1420/1420/1420
f 1423/1423/1423 1424/1424/1424 1426/1426/1426
f 1424/1424/1424 1427/1427/1427 1426/1426/1426
f 1425/1425/1425 1423/1423/1423 1428/1428/1428
f 1423/1423/1423 1426/1426/1426 1428/1428/1428
f 1426/1426/1426 1427/1427/1427 3811/3811/3811
f 3811/3811/3811 3810/3810/3810 1426/1426/1426
f 1428/1428/1428 1426/1426/1426 3810/3810/3810
f 3810/3810/3810 3812/3812/3812 1428/1428/1428
f 1422/1422/1422 1425/1425/1425 1433/1433/1433
f 1433/1433/1433 1432/1432/1432 1422/1422/1422
f 1422/1422/1422 1432/1432/1432 1408/1408/1408
f 1425/1425/1425 1434/1434/1434 1433/1433/1433
f 1425/1425/1425 1428/1428/1428 1434/1434/1434
f 1434/1434/1434 1428/1428/1428 3812/3812/3812
f 1407/1407/1407 1408/1408/1408 1432/1432/1432
f 1407/1407/1407 1432/1432/1432 1435/1435/1435
f 1435/1435/1435 1432/1432/1432 1433/1433/1433
f 1433/1433/1433 1436/1436/1436 1435/1435/1435
f 1436/1436/1436 1433/1433/1433 1434/1434/1434
f 1434/1434/1434 1437/1437/1437 1436/1436/1436
f 1407/1407/1407 1435/1435/1435 1404/1404/1404
f 1405/1405/1405 1404/1404/1404 1435/1435/1435
f 1405/1405/1405 1435/1435/1435 1436/1436/1436
f 1436/1436/1436 1437/1437/1437 1405/1405/1405
f 1405/1405/1405 1437/1437/1437 1406/1406/1406
f 1437/1437/1437 3813/3813/3813 1406/1406/1406
f 1406/1406/1406 3813/3813/3813 3807/3807/3807
f 3812/3812/3812 3890/3890/3890 1434/1434/1434
f 3890/3890/3890 3813/3813/3813 1437/1437/1437
f 1437/1437/1437 1434/1434/1434 3890/3890/3890
f 3790/3790/3790 1352/1352/1352 3789/3789/3789
f 3790/3790/3790 1353/1353/1353 1352/1352/1352
f 1354/1354/1354 1352/1352/1352 1353/1353/1353
f 1353/1353/1353 1355/1355/1355 1354/1354/1354
f 3791/3791/3791 3789/3789/3789 1352/1352/1352
f 1352/1352/1352 1356/1356/1356 3791/3791/3791
f 1356/1356/1356 1352/1352/1352 1354/1354/1354
f 1354/1354/1354 1357/1357/1357 1356/1356/1356
f 1353/1353/1353 3790/3790/3790 3792/3792/3792
f 3792/3792/3792 1358/1358/1358 1353/1353/1353
f 1355/1355/1355 1353/1353/1353 1358/1358/1358
f 1359/1359/1359 1358/1358/1358 3792/3792/3792
f 3793/3793/3793 1359/1359/1359 3792/3792/3792
f 1360/1360/1360 1359/1359/1359 3793/3793/3793
f 3794/3794/3794 1360/1360/1360 3793/3793/3793
f 1360/1360/1360 3794/3794/3794 3795/3795/3795
f 3795/3795/3795 1361/1361/1361 1360/1360/1360
f 1358/1358/1358 1362/1362/1362 1355/1355/1355
f 1362/1362/1362 1358/1358/1358 1359/1359/1359
f 1359/1359/1359 1363/1363/1363 1362/1362/1362
f 1364/1364/1364 1363/1363/1363 1359/1359/1359
f 1359/1359/1359 1360/1360/1360 1364/1364/1364
f 1364/1364/1364 1360/1360/1360 1361/1361/1361
f 1361/1361/1361 1365/1365/1365 1364/1364/1364
f 1366/1366/1366 1361/1361/1361 3795/3795/3795
f 1365/1365/1365 1361/1361/1361 1366/1366/1366
f 3795/3795/3795 3796/3796/3796 1366/1366/1366
f 1366/1366/1366 3796/3796/3796 1367/1367/1367
f 1367/1367/1367 3796/3796/3796 3797/3797/3797
f 1367/1367/1367 3797/3797/3797 3798/3798/3798
f 3798/3798/3798 1368/1368/1368 1367/1367/1367
f 1368/1368/1368 3798/3798/3798 3801/3801/3801
f 3801/3801/3801 1371/1371/1371 1368/1368/1368
f 3802/3802/3802 1371/1371/1371 3801/3801/3801
f 3802/3802/3802 3803/3803/3803 1371/1371/1371
f 3803/3803/3803 1374/1374/1374 1371/1371/1371
f 3803/3803/3803 3804/3804/3804 1374/1374/1374
f 1371/1371/1371 1375/1375/1375 1368/1368/1368
f 1371/1371/1371 1374/1374/1374 1375/1375/1375
f 1376/1376/1376 1368/1368/1368 1375/1375/1375
f 1367/1367/1367 1368/1368/1368 1376/1376/1376
f 1366/1366/1366 1367/1367/1367 1376/1376/1376
f 1376/1376/1376 1377/1377/1377 1366/1366/1366
f 1366/1366/1366 1377/1377/1377 1365/1365/1365
f 1376/1376/1376 1375/1375/1375 1379/1379/1379
f 1379/1379/1379 1378/1378/1378 1376/1376/1376
f 1378/1378/1378 1379/1379/1379 1380/1380/1380
f 1380/1380/1380 1379/1379/1379 1381/1381/1381
f 1382/1382/1382 1376/1376/1376 1378/1378/1378
f 1377/1377/1377 1376/1376/1376 1382/1382/1382
f 1377/1377/1377 1382/1382/1382 1383/1383/1383
f 1383/1383/1383 1365/1365/1365 1377/1377/1377
f 1384/1384/1384 1365/1365/1365 1383/1383/1383
f 1364/1364/1364 1365/1365/1365 1384/1384/1384
f 1364/1364/1364 1384/1384/1384 1385/1385/1385
f 1385/1385/1385 1363/1363/1363 1364/1364/1364
f 1363/1363/1363 1385/1385/1385 1386/1386/1386
f 1363/1363/1363 1386/1386/1386 1362/1362/1362
f 1387/1387/1387 1362/1362/1362 1386/1386/1386
f 1362/1362/1362 1387/1387/1387 1355/1355/1355
f 1388/1388/1388 1355/1355/1355 1387/1387/1387
f 1354/1354/1354 1355/1355/1355 1388/1388/1388
f 1357/1357/1357 1354/1354/1354 1388/1388/1388
f 1388/1388/1388 1389/1389/1389 1357/1357/1357
f 1372/1372/1372 1357/1357/1357 1389/1389/1389
f 1357/1357/1357 1372/1372/1372 1369/1369/1369
f 1369/1369/1369 1356/1356/1356 1357/1357/1357
f 1356/1356/1356 1369/1369/1369 3799/3799/3799
f 3799/3799/3799 3791/3791/3791 1356/1356/1356
f 3799/3799/3799 1369/1369/1369 1370/1370/1370
f 1370/1370/1370 1369/1369/1369 1372/1372/1372
f 3799/3799/3799 1370/1370/1370 3800/3800/3800
f 1372/1372/1372 1373/1373/1373 1370/1370/1370
f 1389/1389/1389 1390/1390/1390 1372/1372/1372
f 1372/1372/1372 1391/1391/1391 1373/1373/1373
f 1372/1372/1372 1390/1390/1390 1391/1391/1391
f 3806/3806/3806 1391/1391/1391 1390/1390/1390
f 1390/1390/1390 1395/1395/1395 3806/3806/3806
f 1390/1390/1390 1396/1396/1396 1395/1395/1395
f 1390/1390/1390 1389/1389/1389 1396/1396/1396
f 1396/1396/1396 1389/1389/1389 1388/1388/1388
f 1388/1388/1388 1397/1397/1397 1396/1396/1396
f 1397/1397/1397 1388/1388/1388 1387/1387/1387
f 1387/1387/1387 1398/1398/1398 1397/1397/1397
f 1398/1398/1398 1387/1387/1387 1386/1386/1386
f 1386/1386/1386 1399/1399/1399 1398/1398/1398
f 1399/1399/1399 1386/1386/1386 1385/1385/1385
f 1385/1385/1385 1400/1400/1400 1399/1399/1399
f 1400/1400/1400 1385/1385/1385 1384/1384/1384
f 1384/1384/1384 1401/1401/1401 1400/1400/1400
f 1401/1401/1401 1384/1384/1384 1383/1383/1383
f 1383/1383/1383 1402/1402/1402 1401/1401/1401
f 1402/1402/1402 1383/1383/1383 1382/1382/1382
f 1382/1382/1382 1403/1403/1403 1402/1402/1402
f 1382/1382/1382 1378/1378/1378 1403/1403/1403
f 1378/1378/1378 1380/1380/1380 1403/1403/1403
f 1553/1553/1553 1403/1403/1403 1380/1380/1380
f 1380/1380/1380 1552/1552/1552 1553/1553/1553
f 1552/1552/1552 1380/1380/1380 1381/1381/1381
f 1552/1552/1552 1381/1381/1381 1551/1551/1551
f 1550/1550/1550 1551/1551/1551 1381/1381/1381
f 1381/1381/1381 1393/1393/1393 1550/1550/1550
f 1381/1381/1381 1379/1379/1379 1393/1393/1393
f 1379/1379/1379 1392/1392/1392 1393/1393/1393
f 1375/1375/1375 1392/1392/1392 1379/1379/1379
f 1375/1375/1375 1374/1374/1374 1392/1392/1392
f 3804/3804/3804 1392/1392/1392 1374/1374/1374
f 1392/1392/1392 3804/3804/3804 3805/3805/3805
f 1393/1393/1393 1392/1392/1392 3805/3805/3805
f 1393/1393/1393 3805/3805/3805 1394/1394/1394
f 1393/1393/1393 1394/1394/1394 1550/1550/1550
f 3831/3831/3831 1550/1550/1550 1394/1394/1394
f 1550/1550/1550 3831/3831/3831 1563/1563/1563
f 3832/3832/3832 1563/1563/1563 3831/3831/3831
f 1564/1564/1564 1551/1551/1551 1550/1550/1550
f 1550/1550/1550 1563/1563/1563 1564/1564/1564
f 1551/1551/1551 1564/1564/1564 1565/1565/1565
f 1565/1565/1565 1552/1552/1552 1551/1551/1551
f 1552/1552/1552 1565/1565/1565 1566/1566/1566
f 1566/1566/1566 1553/1553/1553 1552/1552/1552
f 1553/1553/1553 1566/1566/1566 1568/1568/1568
f 1568/1568/1568 1567/1567/1567 1553/1553/1553
f 1567/1567/1567 1568/1568/1568 1570/1570/1570
f 1570/1570/1570 1569/1569/1569 1567/1567/1567
f 1569/1569/1569 1570/1570/1570 1572/1572/1572
f 1572/1572/1572 1571/1571/1571 1569/1569/1569
f 1571/1571/1571 1572/1572/1572 1574/1574/1574
f 1574/1574/1574 1573/1573/1573 1571/1571/1571
f 1573/1573/1573 1574/1574/1574 1576/1576/1576
f 1575/1575/1575 1573/1573/1573 1576/1576/1576
f 1575/1575/1575 1576/1576/1576 1560/1560/1560
f 1560/1560/1560 1547/1547/1547 1575/1575/1575
f 1547/1547/1547 1560/1560/1560 1559/1559/1559
f 1559/1559/1559 1546/1546/1546 1547/1547/1547
f 1397/1397/1397 1547/1547/1547 1546/1546/1546
f 1546/1546/1546 1396/1396/1396 1397/1397/1397
f 1396/1396/1396 1546/1546/1546 1548/1548/1548
f 1548/1548/1548 1395/1395/1395 1396/1396/1396
f 1548/1548/1548 1549/1549/1549 1395/1395/1395
f 3806/3806/3806 1395/1395/1395 1549/1549/1549
f 1546/1546/1546 1559/1559/1559 1561/1561/1561
f 1561/1561/1561 1548/1548/1548 1546/1546/1546
f 1549/1549/1549 1548/1548/1548 1562/1562/1562
f 1561/1561/1561 1562/1562/1562 1548/1548/1548
f 1558/1558/1558 1575/1575/1575 1547/1547/1547
f 1547/1547/1547 1397/1397/1397 1558/1558/1558
f 1558/1558/1558 1397/1397/1397 1398/1398/1398
f 1398/1398/1398 1399/1399/1399 1558/1558/1558
f 1557/1557/1557 1558/1558/1558 1399/1399/1399
f 1399/1399/1399 1400/1400/1400 1557/1557/1557
f 1400/1400/1400 1556/1556/1556 1557/1557/1557
f 1556/1556/1556 1400/1400/1400 1401/1401/1401
f 1401/1401/1401 1555/1555/1555 1556/1556/1556
f 1555/1555/1555 1401/1401/1401 1402/1402/1402
f 1402/1402/1402 1554/1554/1554 1555/1555/1555
f 1402/1402/1402 1403/1403/1403 1554/1554/1554
f 1553/1553/1553 1554/1554/1554 1403/1403/1403
f 1558/1558/1558 1557/1557/1557 1575/1575/1575
f 1557/1557/1557 1573/1573/1573 1575/1575/1575
f 1573/1573/1573 1557/1557/1557 1556/1556/1556
f 1556/1556/1556 1571/1571/1571 1573/1573/1573
f 1571/1571/1571 1556/1556/1556 1555/1555/1555
f 1555/1555/1555 1569/1569/1569 1571/1571/1571
f 1569/1569/1569 1555/1555/1555 1554/1554/1554
f 1554/1554/1554 1567/1567/1567 1569/1569/1569
f 1553/1553/1553 1567/1567/1567 1554/1554/1554
f 1441/1441/1441 1419/1419/1419 3809/3809/3809
f 3809/3809/3809 3814/3814/3814 1441/1441/1441
f 1419/1419/1419 1441/1441/1441 1442/1442/1442
f 1442/1442/1442 1421/1421/1421 1419/1419/1419
f 1421/1421/1421 1442/1442/1442 1424/1424/1424
f 1442/1442/1442 1443/1443/1443 1424/1424/1424
f 1424/1424/1424 1443/1443/1443 1444/1444/1444
f 1444/1444/1444 1427/1427/1427 1424/1424/1424
f 1427/1427/1427 1444/1444/1444 3815/3815/3815
f 3815/3815/3815 3811/3811/3811 1427/1427/1427
f 1451/1451/1451 1441/1441/1441 3814/3814/3814
f 3814/3814/3814 3816/3816/3816 1451/1451/1451
f 1452/1452/1452 1442/1442/1442 1441/1441/1441
f 1441/1441/1441 1451/1451/1451 1452/1452/1452
f 1453/1453/1453 1443/1443/1443 1442/1442/1442
f 1442/1442/1442 1452/1452/1452 1453/1453/1453
f 1454/1454/1454 1444/1444/1444 1443/1443/1443
f 1443/1443/1443 1453/1453/1453 1454/1454/1454
f 3817/3817/3817 3815/3815/3815 1444/1444/1444
f 1444/1444/1444 1454/1454/1454 3817/3817/3817
f 1466/1466/1466 1451/1451/1451 3816/3816/3816
f 3816/3816/3816 3818/3818/3818 1466/1466/1466
f 1467/1467/1467 1466/1466/1466 3818/3818/3818
f 3818/3818/3818 3819/3819/3819 1467/1467/1467
f 1468/1468/1468 1452/1452/1452 1451/1451/1451
f 1451/1451/1451 1466/1466/1466 1468/1468/1468
f 1468/1468/1468 1466/1466/1466 1467/1467/1467
f 1467/1467/1467 1469/1469/1469 1468/1468/1468
f 1470/1470/1470 1453/1453/1453 1452/1452/1452
f 1452/1452/1452 1468/1468/1468 1470/1470/1470
f 1471/1471/1471 1454/1454/1454 1453/1453/1453
f 1453/1453/1453 1470/1470/1470 1471/1471/1471
f 3820/3820/3820 3817/3817/3817 1454/1454/1454
f 1454/1454/1454 1471/1471/1471 3820/3820/3820
f 1468/1468/1468 1469/1469/1469 1473/1473/1473
f 1473/1473/1473 1470/1470/1470 1468/1468/1468
f 1470/1470/1470 1473/1473/1473 1471/1471/1471
f 1473/1473/1473 1474/1474/1474 1471/1471/1471
f 3820/3820/3820 1471/1471/1471 1474/1474/1474
f 1474/1474/1474 3821/3821/3821 3820/3820/3820
f 1467/1467/1467 3819/3819/3819 3822/3822/3822
f 3822/3822/3822 1484/1484/1484 1467/1467/1467
f 1469/1469/1469 1467/1467/1467 1484/1484/1484
f 1484/1484/1484 1485/1485/1485 1469/1469/1469
f 1473/1473/1473 1469/1469/1469 1485/1485/1485
f 1485/1485/1485 1486/1486/1486 1473/1473/1473
f 1487/1487/1487 1473/1473/1473 1486/1486/1486
f 1487/1487/1487 1474/1474/1474 1473/1473/1473
f 3823/3823/3823 1474/1474/1474 1487/1487/1487
f 3823/3823/3823 3821/3821/3821 1474/1474/1474
f 1509/1509/1509 1484/1484/1484 3822/3822/3822
f 1485/1485/1485 1484/1484/1484 1509/1509/1509
f 1510/1510/1510 1509/1509/1509 3822/3822/3822
f 3822/3822/3822 3824/3824/3824 1510/1510/1510
f 1511/1511/1511 1509/1509/1509 1510/1510/1510
f 1510/1510/1510 1512/1512/1512 1511/1511/1511
f 1513/1513/1513 1511/1511/1511 1512/1512/1512
f 1512/1512/1512 1514/1514/1514 1513/1513/1513
f 1513/1513/1513 1514/1514/1514 1515/1515/1515
f 1515/1515/1515 1514/1514/1514 1516/1516/1516
f 1515/1515/1515 1516/1516/1516 1518/1518/1518
f 1518/1518/1518 1517/1517/1517 1515/1515/1515
f 1519/1519/1519 1517/1517/1517 1518/1518/1518
f 1518/1518/1518 1520/1520/1520 1519/1519/1519
f 1519/1519/1519 1520/1520/1520 1532/1532/1532
f 1520/1520/1520 1531/1531/1531 1532/1532/1532
f 1532/1532/1532 1531/1531/1531 3825/3825/3825
f 3825/3825/3825 1531/1531/1531 3826/3826/3826
f 1511/1511/1511 1513/1513/1513 1540/1540/1540
f 1540/1540/1540 1513/1513/1513 1515/1515/1515
f 1540/1540/1540 1539/1539/1539 1511/1511/1511
f 1535/1535/1535 1539/1539/1539 1540/1540/1540
f 1540/1540/1540 1536/1536/1536 1535/1535/1535
f 1485/1485/1485 1535/1535/1535 1536/1536/1536
f 1509/1509/1509 1535/1535/1535 1485/1485/1485
f 1539/1539/1539 1535/1535/1535 1509/1509/1509
f 1536/1536/1536 1486/1486/1486 1485/1485/1485
f 1486/1486/1486 1536/1536/1536 1487/1487/1487
f 1537/1537/1537 1487/1487/1487 1536/1536/1536
f 1537/1537/1537 1536/1536/1536 1540/1540/1540
f 1487/1487/1487 1537/1537/1537 3823/3823/3823
f 1537/1537/1537 3827/3827/3827 3823/3823/3823
f 1509/1509/1509 1511/1511/1511 1539/1539/1539
f 1540/1540/1540 1541/1541/1541 1537/1537/1537
f 3828/3828/3828 3827/3827/3827 1537/1537/1537
f 1537/1537/1537 1541/1541/1541 3828/3828/3828
f 1541/1541/1541 1540/1540/1540 1515/1515/1515
f 1541/1541/1541 1515/1515/1515 1543/1543/1543
f 1517/1517/1517 1543/1543/1543 1515/1515/1515
f 3829/3829/3829 3828/3828/3828 1541/1541/1541
f 1541/1541/1541 1543/1543/1543 3829/3829/3829
f 1543/1543/1543 1517/1517/1517 1519/1519/1519
f 1519/1519/1519 1544/1544/1544 1543/1543/1543
f 1544/1544/1544 1519/1519/1519 1545/1545/1545
f 1532/1532/1532 1545/1545/1545 1519/1519/1519
f 1545/1545/1545 1532/1532/1532 3830/3830/3830
f 3825/3825/3825 3830/3830/3830 1532/1532/1532
f 3891/3891/3891 3829/3829/3829 1543/1543/1543
f 1544/1544/1544 3891/3891/3891 1543/1543/1543
f 3830/3830/3830 3892/3892/3892 1545/1545/1545
f 3893/3893/3893 1545/1545/1545 3892/3892/3892
f 1545/1545/1545 3893/3893/3893 1544/1544/1544
f 3891/3891/3891 1544/1544/1544 3893/3893/3893
f 1578/1578/1578 1577/1577/1577 1579/1579/1579
f 1580/1580/1580 1579/1579/1579 1577/1577/1577
f 1579/1579/1579 1582/1582/1582 1578/1578/1578
f 1581/1581/1581 1578/1578/1578 1582/1582/1582
f 1581/1581/1581 1582/1582/1582 1584/1584/1584
f 1583/1583/1583 1581/1581/1581 1584/1584/1584
f 1583/1583/1583 1584/1584/1584 1586/1586/1586
f 1585/1585/1585 1583/1583/1583 1586/1586/1586
f 1585/1585/1585 1586/1586/1586 1588/1588/1588
f 1588/1588/1588 1587/1587/1587 1585/1585/1585
f 1587/1587/1587 1588/1588/1588 1590/1590/1590
f 1590/1590/1590 1589/1589/1589 1587/1587/1587
f 1589/1589/1589 1590/1590/1590 1592/1592/1592
f 1592/1592/1592 1591/1591/1591 1589/1589/1589
f 1591/1591/1591 1592/1592/1592 1594/1594/1594
f 1594/1594/1594 1593/1593/1593 1591/1591/1591
f 1593/1593/1593 1594/1594/1594 1596/1596/1596
f 1595/1595/1595 1593/1593/1593 1596/1596/1596
f 1595/1595/1595 1596/1596/1596 1598/1598/1598
f 1597/1597/1597 1595/1595/1595 1598/1598/1598
f 1599/1599/1599 1597/1597/1597 1598/1598/1598
f 1598/1598/1598 1600/1600/1600 1599/1599/1599
f 1599/1599/1599 1600/1600/1600 1602/1602/1602
f 1602/1602/1602 1601/1601/1601 1599/1599/1599
f 1601/1601/1601 1602/1602/1602 3833/3833/3833
f 3833/3833/3833 3834/3834/3834 1601/1601/1601
f 2638/2638/2638 1592/1592/1592 1590/1590/1590
f 1592/1592/1592 2638/2638/2638 2639/2639/2639
f 2639/2639/2639 1594/1594/1594 1592/1592/1592
f 1596/1596/1596 1594/1594/1594 2639/2639/2639
f 2639/2639/2639 2640/2640/2640 1596/1596/1596
f 1596/1596/1596 2640/2640/2640 2641/2641/2641
f 2641/2641/2641 1598/1598/1598 1596/1596/1596
f 1600/1600/1600 1598/1598/1598 2641/2641/2641
f 2642/2642/2642 1600/1600/1600 2641/2641/2641
f 1602/1602/1602 1600/1600/1600 2642/2642/2642
f 2642/2642/2642 2643/2643/2643 1602/1602/1602
f 3833/3833/3833 1602/1602/1602 2643/2643/2643
f 2644/2644/2644 3833/3833/3833 2643/2643/2643
f 1597/1597/1597 1599/1599/1599 1559/1559/1559
f 1559/1559/1559 1599/1599/1599 1601/1601/1601
f 1559/1559/1559 1560/1560/1560 1597/1597/1597
f 1601/1601/1601 1561/1561/1561 1559/1559/1559
f 1601/1601/1601 3834/3834/3834 1561/1561/1561
f 1562/1562/1562 1561/1561/1561 3834/3834/3834
f 1590/1590/1590 2637/2637/2637 2638/2638/2638
f 2637/2637/2637 1590/1590/1590 1588/1588/1588
f 1588/1588/1588 2636/2636/2636 2637/2637/2637
f 2635/2635/2635 2636/2636/2636 1588/1588/1588
f 1588/1588/1588 1586/1586/1586 2635/2635/2635
f 2634/2634/2634 2635/2635/2635 1586/1586/1586
f 1586/1586/1586 1584/1584/1584 2634/2634/2634
f 2632/2632/2632 2634/2634/2634 1584/1584/1584
f 1582/1582/1582 2632/2632/2632 1584/1584/1584
f 2633/2633/2633 2632/2632/2632 1582/1582/1582
f 1579/1579/1579 2633/2633/2633 1582/1582/1582
f 2633/2633/2633 1579/1579/1579 1580/1580/1580
f 1580/1580/1580 3835/3835/3835 2633/2633/2633
f 3837/3837/3837 3836/3836/3836 1604/1604/1604
f 1604/1604/1604 1603/1603/1603 3837/3837/3837
f 3838/3838/3838 3837/3837/3837 1603/1603/1603
f 1603/1603/1603 1605/1605/1605 3838/3838/3838
f 3839/3839/3839 3838/3838/3838 1605/1605/1605
f 1605/1605/1605 1606/1606/1606 3839/3839/3839
f 3840/3840/3840 3839/3839/3839 1606/1606/1606
f 1606/1606/1606 1607/1607/1607 3840/3840/3840
f 1618/1618/1618 1604/1604/1604 3836/3836/3836
f 3836/3836/3836 3853/3853/3853 1618/1618/1618
f 1617/1617/1617 1618/1618/1618 3853/3853/3853
f 3853/3853/3853 3852/3852/3852 1617/1617/1617
f 1616/1616/1616 1617/1617/1617 3852/3852/3852
f 3852/3852/3852 3851/3851/3851 1616/1616/1616
f 3851/3851/3851 3850/3850/3850 1616/1616/1616
f 1615/1615/1615 1616/1616/1616 3850/3850/3850
f 3850/3850/3850 3849/3849/3849 1615/1615/1615
f 1614/1614/1614 1615/1615/1615 3849/3849/3849
f 1614/1614/1614 3849/3849/3849 3848/3848/3848
f 1613/1613/1613 1614/1614/1614 3848/3848/3848
f 1613/1613/1613 3848/3848/3848 3847/3847/3847
f 1612/1612/1612 1613/1613/1613 3847/3847/3847
f 1612/1612/1612 3847/3847/3847 3846/3846/3846
f 1611/1611/1611 1612/1612/1612 3846/3846/3846
f 1611/1611/1611 3846/3846/3846 3845/3845/3845
f 1610/1610/1610 1611/1611/1611 3845/3845/3845
f 3844/3844/3844 1610/1610/1610 3845/3845/3845
f 1609/1609/1609 1610/1610/1610 3844/3844/3844
f 3841/3841/3841 1609/1609/1609 3844/3844/3844
f 1608/1608/1608 1609/1609/1609 3841/3841/3841
f 3842/3842/3842 1608/1608/1608 3841/3841/3841
f 3841/3841/3841 3843/3843/3843 3842/3842/3842
f 3842/3842/3842 3854/3854/3854 1608/1608/1608
f 1625/1625/1625 1608/1608/1608 3854/3854/3854
f 1608/1608/1608 1625/1625/1625 1609/1609/1609
f 1625/1625/1625 1626/1626/1626 1609/1609/1609
f 1627/1627/1627 1610/1610/1610 1609/1609/1609
f 1609/1609/1609 1626/1626/1626 1627/1627/1627
f 1628/1628/1628 1610/1610/1610 1627/1627/1627
f 1628/1628/1628 1611/1611/1611 1610/1610/1610
f 1629/1629/1629 1611/1611/1611 1628/1628/1628
f 1629/1629/1629 1612/1612/1612 1611/1611/1611
f 1629/1629/1629 1630/1630/1630 1612/1612/1612
f 1612/1612/1612 1630/1630/1630 1613/1613/1613
f 1630/1630/1630 1631/1631/1631 1613/1613/1613
f 1631/1631/1631 1614/1614/1614 1613/1613/1613
f 1631/1631/1631 1632/1632/1632 1614/1614/1614
f 1615/1615/1615 1614/1614/1614 1632/1632/1632
f 1632/1632/1632 1633/1633/1633 1615/1615/1615
f 1615/1615/1615 1633/1633/1633 1616/1616/1616
f 1633/1633/1633 1634/1634/1634 1616/1616/1616
f 1616/1616/1616 1634/1634/1634 1617/1617/1617
f 1618/1618/1618 1617/1617/1617 1634/1634/1634
f 1634/1634/1634 1620/1620/1620 1618/1618/1618
f 1604/1604/1604 1618/1618/1618 1620/1620/1620
f 1620/1620/1620 1619/1619/1619 1604/1604/1604
f 1603/1603/1603 1604/1604/1604 1619/1619/1619
f 1619/1619/1619 1621/1621/1621 1603/1603/1603
f 1605/1605/1605 1603/1603/1603 1621/1621/1621
f 1621/1621/1621 1622/1622/1622 1605/1605/1605
f 1606/1606/1606 1605/1605/1605 1622/1622/1622
f 1622/1622/1622 1623/1623/1623 1606/1606/1606
f 1606/1606/1606 1623/1623/1623 1607/1607/1607
f 1624/1624/1624 1607/1607/1607 1623/1623/1623
f 1663/1663/1663 1619/1619/1619 1620/1620/1620
f 1619/1619/1619 1663/1663/1663 1665/1665/1665
f 1665/1665/1665 1621/1621/1621 1619/1619/1619
f 1665/1665/1665 1663/1663/1663 1664/1664/1664
f 1662/1662/1662 1664/1664/1664 1663/1663/1663
f 1663/1663/1663 1661/1661/1661 1662/1662/1662
f 1661/1661/1661 1663/1663/1663 1620/1620/1620
f 1660/1660/1660 1662/1662/1662 1661/1661/1661
f 1661/1661/1661 1659/1659/1659 1660/1660/1660
f 1657/1657/1657 1660/1660/1660 1659/1659/1659
f 1658/1658/1658 1660/1660/1660 1657/1657/1657
f 1656/1656/1656 1658/1658/1658 1657/1657/1657
f 1654/1654/1654 1658/1658/1658 1656/1656/1656
f 1655/1655/1655 1654/1654/1654 1656/1656/1656
f 1653/1653/1653 1654/1654/1654 1655/1655/1655
f 1654/1654/1654 1653/1653/1653 1652/1652/1652
f 1653/1653/1653 1651/1651/1651 1652/1652/1652
f 1652/1652/1652 1651/1651/1651 1649/1649/1649
f 1652/1652/1652 1649/1649/1649 1650/1650/1650
f 1648/1648/1648 1650/1650/1650 1649/1649/1649
f 1649/1649/1649 1647/1647/1647 1648/1648/1648
f 1645/1645/1645 1648/1648/1648 1647/1647/1647
f 1646/1646/1646 1648/1648/1648 1645/1645/1645
f 1644/1644/1644 1646/1646/1646 1645/1645/1645
f 1645/1645/1645 1643/1643/1643 1644/1644/1644
f 3855/3855/3855 1644/1644/1644 1643/1643/1643
f 1643/1643/1643 3856/3856/3856 3855/3855/3855
f 3856/3856/3856 1643/1643/1643 1625/1625/1625
f 1625/1625/1625 3854/3854/3854 3856/3856/3856
f 1625/1625/1625 1643/1643/1643 1626/1626/1626
f 1643/1643/1643 1645/1645/1645 1626/1626/1626
f 1627/1627/1627 1626/1626/1626 1645/1645/1645
f 1645/1645/1645 1647/1647/1647 1627/1627/1627
f 1667/1667/1667 1627/1627/1627 1647/1647/1647
f 1649/1649/1649 1667/1667/1667 1647/1647/1647
f 1649/1649/1649 1651/1651/1651 1667/1667/1667
f 1667/1667/1667 1628/1628/1628 1627/1627/1627
f 1668/1668/1668 1628/1628/1628 1667/1667/1667
f 1668/1668/1668 1629/1629/1629 1628/1628/1628
f 1668/1668/1668 1655/1655/1655 1629/1629/1629
f 1629/1629/1629 1655/1655/1655 1630/1630/1630
f 1655/1655/1655 1656/1656/1656 1630/1630/1630
f 1656/1656/1656 1631/1631/1631 1630/1630/1630
f 1632/1632/1632 1631/1631/1631 1656/1656/1656
f 1656/1656/1656 1657/1657/1657 1632/1632/1632
f 1657/1657/1657 1659/1659/1659 1632/1632/1632
f 1632/1632/1632 1659/1659/1659 1633/1633/1633
f 1634/1634/1634 1633/1633/1633 1659/1659/1659
f 1659/1659/1659 1661/1661/1661 1634/1634/1634
f 1620/1620/1620 1634/1634/1634 1661/1661/1661
f 1651/1651/1651 1668/1668/1668 1667/1667/1667
f 1653/1653/1653 1655/1655/1655 1668/1668/1668
f 1651/1651/1651 1653/1653/1653 1668/1668/1668
f 1636/1636/1636 1635/1635/1635 1637/1637/1637
f 1638/1638/1638 1637/1637/1637 1635/1635/1635
f 1637/1637/1637 1640/1640/1640 1636/1636/1636
f 1639/1639/1639 1636/1636/1636 1640/1640/1640
f 1641/1641/1641 1639/1639/1639 1640/1640/1640
f 1640/1640/1640 1642/1642/1642 1641/1641/1641
f 1665/1665/1665 1638/1638/1638 1635/1635/1635
f 1666/1666/1666 1638/1638/1638 1665/1665/1665
f 1664/1664/1664 1666/1666/1666 1665/1665/1665
f 1665/1665/1665 1635/1635/1635 1621/1621/1621
f 1635/1635/1635 1636/1636/1636 1621/1621/1621
f 1622/1622/1622 1621/1621/1621 1636/1636/1636
f 1622/1622/1622 1636/1636/1636 1639/1639/1639
f 1639/1639/1639 1623/1623/1623 1622/1622/1622
f 1639/1639/1639 1624/1624/1624 1623/1623/1623
f 1639/1639/1639 1641/1641/1641 1624/1624/1624
f 3857/3857/3857 1642/1642/1642 1640/1640/1640
f 1640/1640/1640 1676/1676/1676 3857/3857/3857
f 1677/1677/1677 1676/1676/1676 1640/1640/1640
f 1640/1640/1640 1637/1637/1637 1677/1677/1677
f 1677/1677/1677 1637/1637/1637 1638/1638/1638
f 1638/1638/1638 1678/1678/1678 1677/1677/1677
f 1678/1678/1678 1638/1638/1638 1666/1666/1666
f 1666/1666/1666 1679/1679/1679 1678/1678/1678
f 1664/1664/1664 1680/1680/1680 1666/1666/1666
f 1680/1680/1680 1679/1679/1679 1666/1666/1666
f 1681/1681/1681 1680/1680/1680 1664/1664/1664
f 1662/1662/1662 1681/1681/1681 1664/1664/1664
f 1682/1682/1682 1681/1681/1681 1662/1662/1662
f 1662/1662/1662 1660/1660/1660 1682/1682/1682
f 1682/1682/1682 1660/1660/1660 1658/1658/1658
f 1658/1658/1658 1683/1683/1683 1682/1682/1682
f 1683/1683/1683 1658/1658/1658 1654/1654/1654
f 1669/1669/1669 1683/1683/1683 1654/1654/1654
f 1669/1669/1669 1654/1654/1654 1652/1652/1652
f 1652/1652/1652 1670/1670/1670 1669/1669/1669
f 1652/1652/1652 1650/1650/1650 1670/1670/1670
f 1670/1670/1670 1650/1650/1650 1671/1671/1671
f 1671/1671/1671 1650/1650/1650 1672/1672/1672
f 1650/1650/1650 1648/1648/1648 1672/1672/1672
f 1672/1672/1672 1648/1648/1648 1646/1646/1646
f 1646/1646/1646 1673/1673/1673 1672/1672/1672
f 1674/1674/1674 1673/1673/1673 1646/1646/1646
f 1644/1644/1644 1674/1674/1674 1646/1646/1646
f 1674/1674/1674 1644/1644/1644 3855/3855/3855
f 3855/3855/3855 1675/1675/1675 1674/1674/1674
f 1670/1670/1670 1684/1684/1684 1669/1669/1669
f 1685/1685/1685 1684/1684/1684 1670/1670/1670
f 1671/1671/1671 1685/1685/1685 1670/1670/1670
f 1684/1684/1684 1686/1686/1686 1669/1669/1669
f 1669/1669/1669 1686/1686/1686 1683/1683/1683
f 1686/1686/1686 1687/1687/1687 1683/1683/1683
f 1683/1683/1683 1687/1687/1687 1682/1682/1682
f 1681/1681/1681 1682/1682/1682 1687/1687/1687
f 1687/1687/1687 1688/1688/1688 1681/1681/1681
f 1680/1680/1680 1681/1681/1681 1688/1688/1688
f 1688/1688/1688 1689/1689/1689 1680/1680/1680
f 1679/1679/1679 1680/1680/1680 1689/1689/1689
f 1689/1689/1689 1690/1690/1690 1679/1679/1679
f 1691/1691/1691 1679/1679/1679 1690/1690/1690
f 1691/1691/1691 1678/1678/1678 1679/1679/1679
f 1677/1677/1677 1678/1678/1678 1691/1691/1691
f 1691/1691/1691 1692/1692/1692 1677/1677/1677
f 1676/1676/1676 1677/1677/1677 1692/1692/1692
f 1692/1692/1692 1693/1693/1693 1676/1676/1676
f 1693/1693/1693 1694/1694/1694 1676/1676/1676
f 1676/1676/1676 1694/1694/1694 3857/3857/3857
f 1693/1693/1693 1692/1692/1692 1700/1700/1700
f 1700/1700/1700 1699/1699/1699 1693/1693/1693
f 1694/1694/1694 1693/1693/1693 1699/1699/1699
f 1699/1699/1699 1701/1701/1701 1694/1694/1694
f 1689/1689/1689 1688/1688/1688 1710/1710/1710
f 1709/1709/1709 1710/1710/1710 1688/1688/1688
f 1688/1688/1688 1687/1687/1687 1709/1709/1709
f 1708/1708/1708 1709/1709/1709 1687/1687/1687
f 1687/1687/1687 1686/1686/1686 1708/1708/1708
f 1708/1708/1708 1686/1686/1686 1684/1684/1684
f 1707/1707/1707 1708/1708/1708 1684/1684/1684
f 1685/1685/1685 1707/1707/1707 1684/1684/1684
f 1706/1706/1706 1707/1707/1707 1685/1685/1685
f 1698/1698/1698 1706/1706/1706 1685/1685/1685
f 1698/1698/1698 1685/1685/1685 1671/1671/1671
f 1697/1697/1697 1698/1698/1698 1671/1671/1671
f 1671/1671/1671 1672/1672/1672 1697/1697/1697
f 1673/1673/1673 1697/1697/1697 1672/1672/1672
f 1696/1696/1696 1697/1697/1697 1673/1673/1673
f 1674/1674/1674 1696/1696/1696 1673/1673/1673
f 1695/1695/1695 1696/1696/1696 1674/1674/1674
f 1675/1675/1675 1695/1695/1695 1674/1674/1674
f 3858/3858/3858 1695/1695/1695 1675/1675/1675
f 3858/3858/3858 1702/1702/1702 1695/1695/1695
f 3859/3859/3859 1702/1702/1702 3858/3858/3858
f 1695/1695/1695 1703/1703/1703 1696/1696/1696
f 1702/1702/1702 1703/1703/1703 1695/1695/1695
f 1697/1697/1697 1696/1696/1696 1704/1704/1704
f 1703/1703/1703 1704/1704/1704 1696/1696/1696
f 1698/1698/1698 1697/1697/1697 1704/1704/1704
f 1704/1704/1704 1705/1705/1705 1698/1698/1698
f 1705/1705/1705 1706/1706/1706 1698/1698/1698
f 3859/3859/3859 1719/1719/1719 1702/1702/1702
f 3860/3860/3860 1719/1719/1719 3859/3859/3859
f 1702/1702/1702 1720/1720/1720 1703/1703/1703
f 1719/1719/1719 1720/1720/1720 1702/1702/1702
f 1704/1704/1704 1703/1703/1703 1721/1721/1721
f 1720/1720/1720 1721/1721/1721 1703/1703/1703
f 1705/1705/1705 1704/1704/1704 1721/1721/1721
f 1721/1721/1721 1720/1720/1720 1724/1724/1724
f 1722/1722/1722 1721/1721/1721 1724/1724/1724
f 1721/1721/1721 1722/1722/1722 1705/1705/1705
f 1724/1724/1724 1723/1723/1723 1722/1722/1722
f 1725/1725/1725 1722/1722/1722 1723/1723/1723
f 1723/1723/1723 1726/1726/1726 1725/1725/1725
f 1726/1726/1726 1728/1728/1728 1725/1725/1725
f 1725/1725/1725 1728/1728/1728 1727/1727/1727
f 1729/1729/1729 1727/1727/1727 1728/1728/1728
f 1728/1728/1728 1730/1730/1730 1729/1729/1729
f 1735/1735/1735 1726/1726/1726 1723/1723/1723
f 1735/1735/1735 1734/1734/1734 1726/1726/1726
f 1726/1726/1726 1734/1734/1734 1728/1728/1728
f 1734/1734/1734 1736/1736/1736 1728/1728/1728
f 1736/1736/1736 1730/1730/1730 1728/1728/1728
f 1737/1737/1737 1730/1730/1730 1736/1736/1736
f 1737/1737/1737 1738/1738/1738 1730/1730/1730
f 1739/1739/1739 1738/1738/1738 1737/1737/1737
f 1759/1759/1759 1735/1735/1735 1723/1723/1723
f 1723/1723/1723 1724/1724/1724 1759/1759/1759
f 1724/1724/1724 1756/1756/1756 1759/1759/1759
f 1757/1757/1757 1759/1759/1759 1756/1756/1756
f 1755/1755/1755 1757/1757/1757 1756/1756/1756
f 1758/1758/1758 1757/1757/1757 1755/1755/1755
f 3862/3862/3862 1758/1758/1758 1755/1755/1755
f 3862/3862/3862 1755/1755/1755 3861/3861/3861
f 3861/3861/3861 1755/1755/1755 1754/1754/1754
f 1756/1756/1756 1754/1754/1754 1755/1755/1755
f 3863/3863/3863 1758/1758/1758 3862/3862/3862
f 1756/1756/1756 1724/1724/1724 1720/1720/1720
f 1719/1719/1719 1756/1756/1756 1720/1720/1720
f 1754/1754/1754 1756/1756/1756 1719/1719/1719
f 3860/3860/3860 1754/1754/1754 1719/1719/1719
f 3861/3861/3861 1754/1754/1754 3860/3860/3860
f 3863/3863/3863 1771/1771/1771 1758/1758/1758
f 3864/3864/3864 1771/1771/1771 3863/3863/3863
f 1758/1758/1758 1772/1772/1772 1757/1757/1757
f 1771/1771/1771 1772/1772/1772 1758/1758/1758
f 1759/1759/1759 1757/1757/1757 1773/1773/1773
f 1772/1772/1772 1773/1773/1773 1757/1757/1757
f 1735/1735/1735 1759/1759/1759 1773/1773/1773
f 1773/1773/1773 1774/1774/1774 1735/1735/1735
f 1734/1734/1734 1735/1735/1735 1774/1774/1774
f 1774/1774/1774 1775/1775/1775 1734/1734/1734
f 1775/1775/1775 1776/1776/1776 1734/1734/1734
f 1734/1734/1734 1776/1776/1776 1736/1736/1736
f 1737/1737/1737 1736/1736/1736 1776/1776/1776
f 1776/1776/1776 1777/1777/1777 1737/1737/1737
f 1739/1739/1739 1737/1737/1737 1777/1777/1777
f 1777/1777/1777 1778/1778/1778 1739/1739/1739
f 1761/1761/1761 1739/1739/1739 1778/1778/1778
f 1778/1778/1778 1779/1779/1779 1761/1761/1761
f 1779/1779/1779 1780/1780/1780 1761/1761/1761
f 1761/1761/1761 1780/1780/1780 1760/1760/1760
f 1761/1761/1761 1760/1760/1760 1741/1741/1741
f 1739/1739/1739 1761/1761/1761 1741/1741/1741
f 1741/1741/1741 1760/1760/1760 1743/1743/1743
f 1743/1743/1743 1742/1742/1742 1741/1741/1741
f 1740/1740/1740 1741/1741/1741 1742/1742/1742
f 1741/1741/1741 1740/1740/1740 1738/1738/1738
f 1739/1739/1739 1741/1741/1741 1738/1738/1738
f 1743/1743/1743 1745/1745/1745 1742/1742/1742
f 1742/1742/1742 1745/1745/1745 1744/1744/1744
f 1747/1747/1747 1744/1744/1744 1745/1745/1745
f 1744/1744/1744 1747/1747/1747 1746/1746/1746
f 1746/1746/1746 1747/1747/1747 1748/1748/1748
f 1747/1747/1747 1749/1749/1749 1748/1748/1748
f 1750/1750/1750 1748/1748/1748 1749/1749/1749
f 1749/1749/1749 1751/1751/1751 1750/1750/1750
f 1750/1750/1750 1751/1751/1751 1753/1753/1753
f 1753/1753/1753 1752/1752/1752 1750/1750/1750
f 1743/1743/1743 1762/1762/1762 1745/1745/1745
f 1760/1760/1760 1762/1762/1762 1743/1743/1743
f 1763/1763/1763 1745/1745/1745 1762/1762/1762
f 1745/1745/1745 1763/1763/1763 1747/1747/1747
f 1763/1763/1763 1749/1749/1749 1747/1747/1747
f 1749/1749/1749 1763/1763/1763 1764/1764/1764
f 1764/1764/1764 1751/1751/1751 1749/1749/1749
f 1751/1751/1751 1764/1764/1764 1765/1765/1765
f 1753/1753/1753 1751/1751/1751 1765/1765/1765
f 1765/1765/1765 1766/1766/1766 1753/1753/1753
f 1750/1750/1750 1752/1752/1752 1717/1717/1717
f 1718/1718/1718 1717/1717/1717 1752/1752/1752
f 1717/1717/1717 1718/1718/1718 1699/1699/1699
f 1699/1699/1699 1700/1700/1700 1717/1717/1717
f 1716/1716/1716 1717/1717/1717 1700/1700/1700
f 1717/1717/1717 1716/1716/1716 1750/1750/1750
f 1716/1716/1716 1700/1700/1700 1713/1713/1713
f 1713/1713/1713 1700/1700/1700 1692/1692/1692
f 1692/1692/1692 1691/1691/1691 1713/1713/1713
f 1690/1690/1690 1713/1713/1713 1691/1691/1691
f 1712/1712/1712 1713/1713/1713 1690/1690/1690
f 1689/1689/1689 1712/1712/1712 1690/1690/1690
f 1711/1711/1711 1712/1712/1712 1689/1689/1689
f 1710/1710/1710 1711/1711/1711 1689/1689/1689
f 1713/1713/1713 1712/1712/1712 1715/1715/1715
f 1714/1714/1714 1713/1713/1713 1715/1715/1715
f 1713/1713/1713 1714/1714/1714 1716/1716/1716
f 1701/1701/1701 1699/1699/1699 1718/1718/1718
f 1732/1732/1732 1711/1711/1711 1710/1710/1710
f 1732/1732/1732 1710/1710/1710 1731/1731/1731
f 1709/1709/1709 1731/1731/1731 1710/1710/1710
f 1731/1731/1731 1709/1709/1709 1729/1729/1729
f 1708/1708/1708 1729/1729/1729 1709/1709/1709
f 1732/1732/1732 1733/1733/1733 1711/1711/1711
f 1733/1733/1733 1712/1712/1712 1711/1711/1711
f 1715/1715/1715 1712/1712/1712 1733/1733/1733
f 1714/1714/1714 1715/1715/1715 1744/1744/1744
f 1746/1746/1746 1714/1714/1714 1744/1744/1744
f 1716/1716/1716 1714/1714/1714 1746/1746/1746
f 1748/1748/1748 1716/1716/1716 1746/1746/1746
f 1716/1716/1716 1748/1748/1748 1750/1750/1750
f 1715/1715/1715 1733/1733/1733 1742/1742/1742
f 1744/1744/1744 1715/1715/1715 1742/1742/1742
f 1740/1740/1740 1733/1733/1733 1732/1732/1732
f 1742/1742/1742 1733/1733/1733 1740/1740/1740
f 1732/1732/1732 1731/1731/1731 1738/1738/1738
f 1738/1738/1738 1740/1740/1740 1732/1732/1732
f 1731/1731/1731 1729/1729/1729 1730/1730/1730
f 1730/1730/1730 1738/1738/1738 1731/1731/1731
f 1729/1729/1729 1708/1708/1708 1727/1727/1727
f 1727/1727/1727 1708/1708/1708 1707/1707/1707
f 1727/1727/1727 1707/1707/1707 1706/1706/1706
f 1706/1706/1706 1725/1725/1725 1727/1727/1727
f 1722/1722/1722 1725/1725/1725 1706/1706/1706
f 1706/1706/1706 1705/1705/1705 1722/1722/1722
f 1768/1768/1768 1767/1767/1767 1764/1764/1764
f 1764/1764/1764 1763/1763/1763 1768/1768/1768
f 1765/1765/1765 1764/1764/1764 1767/1767/1767
f 1767/1767/1767 1769/1769/1769 1765/1765/1765
f 1766/1766/1766 1765/1765/1765 1769/1769/1769
f 1769/1769/1769 1770/1770/1770 1766/1766/1766
f 1762/1762/1762 1768/1768/1768 1763/1763/1763
f 1781/1781/1781 1768/1768/1768 1762/1762/1762
f 1760/1760/1760 1781/1781/1781 1762/1762/1762
f 1780/1780/1780 1781/1781/1781 1760/1760/1760
f 1769/1769/1769 1767/1767/1767 1782/1782/1782
f 1770/1770/1770 1769/1769/1769 1782/1782/1782
f 1783/1783/1783 1782/1782/1782 1767/1767/1767
f 1767/1767/1767 1768/1768/1768 1783/1783/1783
f 1782/1782/1782 1784/1784/1784 1770/1770/1770
f 1795/1795/1795 1781/1781/1781 1780/1780/1780
f 1768/1768/1768 1781/1781/1781 1795/1795/1795
f 1794/1794/1794 1795/1795/1795 1780/1780/1780
f 1780/1780/1780 1779/1779/1779 1794/1794/1794
f 1793/1793/1793 1794/1794/1794 1779/1779/1779
f 1778/1778/1778 1793/1793/1793 1779/1779/1779
f 1792/1792/1792 1793/1793/1793 1778/1778/1778
f 1791/1791/1791 1792/1792/1792 1778/1778/1778
f 1778/1778/1778 1777/1777/1777 1791/1791/1791
f 1776/1776/1776 1791/1791/1791 1777/1777/1777
f 1790/1790/1790 1791/1791/1791 1776/1776/1776
f 1789/1789/1789 1790/1790/1790 1776/1776/1776
f 1776/1776/1776 1775/1775/1775 1789/1789/1789
f 1788/1788/1788 1789/1789/1789 1775/1775/1775
f 1775/1775/1775 1774/1774/1774 1788/1788/1788
f 1787/1787/1787 1788/1788/1788 1774/1774/1774
f 1774/1774/1774 1773/1773/1773 1787/1787/1787
f 1773/1773/1773 1772/1772/1772 1787/1787/1787
f 1786/1786/1786 1787/1787/1787 1772/1772/1772
f 1771/1771/1771 1786/1786/1786 1772/1772/1772
f 1785/1785/1785 1786/1786/1786 1771/1771/1771
f 3865/3865/3865 1785/1785/1785 1771/1771/1771
f 1771/1771/1771 3864/3864/3864 3865/3865/3865
f 1795/1795/1795 1796/1796/1796 1768/1768/1768
f 1796/1796/1796 1783/1783/1783 1768/1768/1768
f 1563/1563/1563 3832/3832/3832 1578/1578/1578
f 1577/1577/1577 1578/1578/1578 3832/3832/3832
f 1578/1578/1578 1581/1581/1581 1563/1563/1563
f 1564/1564/1564 1563/1563/1563 1581/1581/1581
f 1564/1564/1564 1581/1581/1581 1583/1583/1583
f 1565/1565/1565 1564/1564/1564 1583/1583/1583
f 1565/1565/1565 1583/1583/1583 1585/1585/1585
f 1585/1585/1585 1566/1566/1566 1565/1565/1565
f 1566/1566/1566 1585/1585/1585 1587/1587/1587
f 1587/1587/1587 1568/1568/1568 1566/1566/1566
f 1568/1568/1568 1587/1587/1587 1589/1589/1589
f 1589/1589/1589 1570/1570/1570 1568/1568/1568
f 1570/1570/1570 1589/1589/1589 1591/1591/1591
f 1591/1591/1591 1572/1572/1572 1570/1570/1570
f 1572/1572/1572 1591/1591/1591 1593/1593/1593
f 1593/1593/1593 1574/1574/1574 1572/1572/1572
f 1593/1593/1593 1595/1595/1595 1574/1574/1574
f 1574/1574/1574 1595/1595/1595 1576/1576/1576
f 1576/1576/1576 1595/1595/1595 1597/1597/1597
f 1597/1597/1597 1560/1560/1560 1576/1576/1576
f 2017/2017/2017 2015/2015/2015 1965/1965/1965
f 2017/2017/2017 2016/2016/2016 2015/2015/2015
f 1993/1993/1993 1965/1965/1965 2015/2015/2015
f 1993/1993/1993 2015/2015/2015 1996/1996/1996
f 1965/1965/1965 1954/1954/1954 2017/2017/2017
f 2239/2239/2239 2017/2017/2017 1954/1954/1954
f 2243/2243/2243 1996/1996/1996 2015/2015/2015
f 2015/2015/2015 2016/2016/2016 2243/2243/2243
f 1996/1996/1996 2243/2243/2243 2242/2242/2242
f 2242/2242/2242 1995/1995/1995 1996/1996/1996
f 2242/2242/2242 2031/2031/2031 1995/1995/1995
f 2240/2240/2240 2031/2031/2031 2242/2242/2242
f 2031/2031/2031 2240/2240/2240 2241/2241/2241
f 2241/2241/2241 2058/2058/2058 2031/2031/2031
f 2031/2031/2031 2058/2058/2058 2054/2054/2054
f 2054/2054/2054 2030/2030/2030 2031/2031/2031
f 2241/2241/2241 2057/2057/2057 2058/2058/2058
f 2061/2061/2061 2057/2057/2057 2241/2241/2241
f 1985/1985/1985 2032/2032/2032 2030/2030/2030
f 2032/2032/2032 1985/1985/1985 1986/1986/1986
f 1986/1986/1986 2033/2033/2033 2032/2032/2032
f 2033/2033/2033 1986/1986/1986 2042/2042/2042
f 2112/2112/2112 2135/2135/2135 2134/2134/2134
f 2112/2112/2112 2113/2113/2113 2135/2135/2135
f 2120/2120/2120 2135/2135/2135 2113/2113/2113
f 2135/2135/2135 2120/2120/2120 2147/2147/2147
f 2135/2135/2135 2147/2147/2147 2156/2156/2156
f 2134/2134/2134 2135/2135/2135 2156/2156/2156
f 2156/2156/2156 2147/2147/2147 1233/1233/1233
f 1235/1235/1235 2156/2156/2156 1233/1233/1233
f 2156/2156/2156 1235/1235/1235 1237/1237/1237
f 1237/1237/1237 2157/2157/2157 2156/2156/2156
f 2158/2158/2158 2157/2157/2157 1237/1237/1237
f 2133/2133/2133 2156/2156/2156 2157/2157/2157
f 2134/2134/2134 2156/2156/2156 2133/2133/2133
f 2132/2132/2132 2157/2157/2157 2158/2158/2158
f 2133/2133/2133 2157/2157/2157 2132/2132/2132
f 2158/2158/2158 2128/2128/2128 2132/2132/2132
f 1243/1243/1243 2160/2160/2160 1241/1241/1241
f 2160/2160/2160 2159/2159/2159 1241/1241/1241
f 2171/2171/2171 2159/2159/2159 2160/2160/2160
f 2160/2160/2160 2169/2169/2169 2171/2171/2171
f 3872/3872/3872 2169/2169/2169 2160/2160/2160
f 2160/2160/2160 1243/1243/1243 3872/3872/3872
f 3872/3872/3872 3873/3873/3873 2169/2169/2169
f 2171/2171/2171 2169/2169/2169 2173/2173/2173
f 3873/3873/3873 2173/2173/2173 2169/2169/2169
f 2173/2173/2173 2172/2172/2172 2171/2171/2171
f 2171/2171/2171 2172/2172/2172 2174/2174/2174
f 2172/2172/2172 2173/2173/2173 2164/2164/2164
f 2164/2164/2164 2162/2162/2162 2172/2172/2172
f 2174/2174/2174 2172/2172/2172 2162/2162/2162
f 2161/2161/2161 2162/2162/2162 2164/2164/2164
f 2162/2162/2162 2161/2161/2161 3866/3866/3866
f 2161/2161/2161 3867/3867/3867 3866/3866/3866
f 2164/2164/2164 2163/2163/2163 2161/2161/2161
f 2161/2161/2161 2165/2165/2165 3867/3867/3867
f 2163/2163/2163 2165/2165/2165 2161/2161/2161
f 3868/3868/3868 3867/3867/3867 2165/2165/2165
f 3868/3868/3868 2165/2165/2165 2166/2166/2166
f 2163/2163/2163 2166/2166/2166 2165/2165/2165
f 2166/2166/2166 3869/3869/3869 3868/3868/3868
f 2166/2166/2166 2163/2163/2163 3870/3870/3870
f 3870/3870/3870 3871/3871/3871 2166/2166/2166
f 2166/2166/2166 3871/3871/3871 3869/3869/3869
f 2162/2162/2162 3866/3866/3866 2175/2175/2175
f 2175/2175/2175 2174/2174/2174 2162/2162/2162
f 2174/2174/2174 2175/2175/2175 2129/2129/2129
f 3894/3894/3894 2163/2163/2163 2164/2164/2164
f 3870/3870/3870 2163/2163/2163 3894/3894/3894
f 3895/3895/3895 3869/3869/3869 3871/3871/3871
f 3894/3894/3894 2164/2164/2164 3896/3896/3896
f 3896/3896/3896 2164/2164/2164 2173/2173/2173
f 3896/3896/3896 2173/2173/2173 3873/3873/3873
f 2129/2129/2129 3874/3874/3874 2137/2137/2137
f 3874/3874/3874 2136/2136/2136 2137/2137/2137
f 2177/2177/2177 2176/2176/2176 1974/1974/1974
f 1974/1974/1974 1969/1969/1969 2177/2177/2177
f 2178/2178/2178 2177/2177/2177 1969/1969/1969
f 1966/1966/1966 2178/2178/2178 1969/1969/1969
f 2179/2179/2179 2178/2178/2178 1966/1966/1966
f 1970/1970/1970 2179/2179/2179 1966/1966/1966
f 2179/2179/2179 1970/1970/1970 2180/2180/2180
f 2180/2180/2180 1970/1970/1970 1980/1980/1980
f 2180/2180/2180 1980/1980/1980 1982/1982/1982
f 1982/1982/1982 2181/2181/2181 2180/2180/2180
f 2181/2181/2181 1982/1982/1982 2043/2043/2043
f 2043/2043/2043 2182/2182/2182 2181/2181/2181
f 2182/2182/2182 2043/2043/2043 2041/2041/2041
f 2041/2041/2041 2183/2183/2183 2182/2182/2182
f 2184/2184/2184 2183/2183/2183 2041/2041/2041
f 2041/2041/2041 1987/1987/1987 2184/2184/2184
f 2185/2185/2185 2184/2184/2184 1987/1987/1987
f 1987/1987/1987 1984/1984/1984 2185/2185/2185
f 1992/1992/1992 2185/2185/2185 1984/1984/1984
f 2176/2176/2176 1991/1991/1991 1974/1974/1974
f 2186/2186/2186 2187/2187/2187 2068/2068/2068
f 2068/2068/2068 2067/2067/2067 2186/2186/2186
f 2188/2188/2188 2186/2186/2186 2067/2067/2067
f 2067/2067/2067 2069/2069/2069 2188/2188/2188
f 2188/2188/2188 2069/2069/2069 2070/2070/2070
f 2070/2070/2070 2189/2189/2189 2188/2188/2188
f 2189/2189/2189 2070/2070/2070 2071/2071/2071
f 2071/2071/2071 2190/2190/2190 2189/2189/2189
f 2190/2190/2190 2071/2071/2071 2072/2072/2072
f 2072/2072/2072 2191/2191/2191 2190/2190/2190
f 2191/2191/2191 2072/2072/2072 2073/2073/2073
f 2073/2073/2073 2192/2192/2192 2191/2191/2191
f 2192/2192/2192 2073/2073/2073 2193/2193/2193
f 2074/2074/2074 2193/2193/2193 2073/2073/2073
f 2068/2068/2068 2187/2187/2187 2244/2244/2244
f 3769/3769/3769 2244/2244/2244 2187/2187/2187
f 3884/3884/3884 3883/3883/3883 2209/2209/2209
f 3885/3885/3885 3884/3884/3884 2209/2209/2209
f 3885/3885/3885 2209/2209/2209 2218/2218/2218
f 3886/3886/3886 3885/3885/3885 2218/2218/2218
f 1255/1255/1255 1248/1248/1248 2221/2221/2221
f 1248/1248/1248 1247/1247/1247 2221/2221/2221
f 2221/2221/2221 1247/1247/1247 2222/2222/2222
f 2221/2221/2221 2222/2222/2222 1227/1227/1227
f 1225/1225/1225 2221/2221/2221 1227/1227/1227
f 1225/1225/1225 1255/1255/1255 2221/2221/2221
f 3888/3888/3888 1243/1243/1243 1244/1244/1244
f 3889/3889/3889 1243/1243/1243 3888/3888/3888
f 3889/3889/3889 3872/3872/3872 1243/1243/1243
f 3899/3899/3899 3898/3898/3898 3897/3897/3897
f 2257/2257/2257 2256/2256/2256 2259/2259/2259
f 2259/2259/2259 2258/2258/2258 2257/2257/2257
f 2257/2257/2257 2258/2258/2258 2261/2261/2261
f 2261/2261/2261 2260/2260/2260 2257/2257/2257
f 2271/2271/2271 2259/2259/2259 2256/2256/2256
f 2256/2256/2256 2270/2270/2270 2271/2271/2271
f 3903/3903/3903 2271/2271/2271 2270/2270/2270
f 2270/2270/2270 3904/3904/3904 3903/3903/3903
f 2258/2258/2258 2259/2259/2259 2273/2273/2273
f 2273/2273/2273 2259/2259/2259 2271/2271/2271
f 2273/2273/2273 2272/2272/2272 2258/2258/2258
f 2258/2258/2258 2272/2272/2272 2274/2274/2274
f 2274/2274/2274 2261/2261/2261 2258/2258/2258
f 2271/2271/2271 3903/3903/3903 3906/3906/3906
f 3906/3906/3906 2279/2279/2279 2271/2271/2271
f 2271/2271/2271 2279/2279/2279 2273/2273/2273
f 2284/2284/2284 2274/2274/2274 2272/2272/2272
f 2272/2272/2272 2281/2281/2281 2284/2284/2284
f 2281/2281/2281 2272/2272/2272 2273/2273/2273
f 2285/2285/2285 2284/2284/2284 2281/2281/2281
f 2281/2281/2281 2282/2282/2282 2285/2285/2285
f 2283/2283/2283 2282/2282/2282 2281/2281/2281
f 2281/2281/2281 2280/2280/2280 2283/2283/2283
f 2273/2273/2273 2280/2280/2280 2281/2281/2281
f 2273/2273/2273 2279/2279/2279 2280/2280/2280
f 2283/2283/2283 2280/2280/2280 2294/2294/2294
f 2280/2280/2280 2279/2279/2279 2294/2294/2294
f 2294/2294/2294 2295/2295/2295 2283/2283/2283
f 3909/3909/3909 2295/2295/2295 2294/2294/2294
f 2294/2294/2294 3910/3910/3910 3909/3909/3909
f 3910/3910/3910 2294/2294/2294 2279/2279/2279
f 2279/2279/2279 3906/3906/3906 3910/3910/3910
f 2296/2296/2296 2282/2282/2282 2283/2283/2283
f 2296/2296/2296 2283/2283/2283 2297/2297/2297
f 2298/2298/2298 2282/2282/2282 2296/2296/2296
f 2298/2298/2298 2285/2285/2285 2282/2282/2282
f 2295/2295/2295 3909/3909/3909 3912/3912/3912
f 3912/3912/3912 2303/2303/2303 2295/2295/2295
f 2283/2283/2283 2295/2295/2295 2303/2303/2303
f 2303/2303/2303 2297/2297/2297 2283/2283/2283
f 2324/2324/2324 2297/2297/2297 2303/2303/2303
f 2324/2324/2324 2303/2303/2303 2325/2325/2325
f 3912/3912/3912 2325/2325/2325 2303/2303/2303
f 2326/2326/2326 2297/2297/2297 2324/2324/2324
f 2326/2326/2326 2296/2296/2296 2297/2297/2297
f 2327/2327/2327 2296/2296/2296 2326/2326/2326
f 2327/2327/2327 2298/2298/2298 2296/2296/2296
f 3919/3919/3919 2325/2325/2325 3912/3912/3912
f 2327/2327/2327 2326/2326/2326 3958/3958/3958
f 2477/2477/2477 3958/3958/3958 2326/2326/2326
f 2477/2477/2477 2326/2326/2326 2324/2324/2324
f 3950/3950/3950 3958/3958/3958 2477/2477/2477
f 2455/2455/2455 3950/3950/3950 2477/2477/2477
f 3950/3950/3950 2455/2455/2455 2447/2447/2447
f 2447/2447/2447 3948/3948/3948 3950/3950/3950
f 3947/3947/3947 3948/3948/3948 2447/2447/2447
f 3947/3947/3947 2447/2447/2447 2446/2446/2446
f 2432/2432/2432 2446/2446/2446 2447/2447/2447
f 2447/2447/2447 2435/2435/2435 2432/2432/2432
f 2435/2435/2435 2447/2447/2447 2455/2455/2455
f 2433/2433/2433 2432/2432/2432 2435/2435/2435
f 2435/2435/2435 2434/2434/2434 2433/2433/2433
f 2436/2436/2436 2433/2433/2433 2434/2434/2434
f 2434/2434/2434 2437/2437/2437 2436/2436/2436
f 2438/2438/2438 2436/2436/2436 2437/2437/2437
f 2437/2437/2437 2439/2439/2439 2438/2438/2438
f 2448/2448/2448 2434/2434/2434 2435/2435/2435
f 2437/2437/2437 2434/2434/2434 2448/2448/2448
f 2448/2448/2448 2435/2435/2435 2449/2449/2449
f 2455/2455/2455 2449/2449/2449 2435/2435/2435
f 2448/2448/2448 2450/2450/2450 2437/2437/2437
f 2439/2439/2439 2437/2437/2437 2450/2450/2450
f 2450/2450/2450 2451/2451/2451 2439/2439/2439
f 2427/2427/2427 2436/2436/2436 2438/2438/2438
f 2427/2427/2427 2426/2426/2426 2436/2436/2436
f 2433/2433/2433 2436/2436/2436 2426/2426/2426
f 2426/2426/2426 2427/2427/2427 2415/2415/2415
f 2415/2415/2415 2413/2413/2413 2426/2426/2426
f 2413/2413/2413 2415/2415/2415 2414/2414/2414
f 2414/2414/2414 2412/2412/2412 2413/2413/2413
f 2410/2410/2410 2413/2413/2413 2412/2412/2412
f 2412/2412/2412 2409/2409/2409 2410/2410/2410
f 2411/2411/2411 2410/2410/2410 2409/2409/2409
f 2409/2409/2409 2408/2408/2408 2411/2411/2411
f 2423/2423/2423 2411/2411/2411 2408/2408/2408
f 2408/2408/2408 2422/2422/2422 2423/2423/2423
f 3941/3941/3941 2423/2423/2423 2422/2422/2422
f 2422/2422/2422 3942/3942/3942 3941/3941/3941
f 2424/2424/2424 2410/2410/2410 2411/2411/2411
f 2413/2413/2413 2410/2410/2410 2424/2424/2424
f 2424/2424/2424 2426/2426/2426 2413/2413/2413
f 2411/2411/2411 2425/2425/2425 2424/2424/2424
f 2431/2431/2431 2423/2423/2423 3941/3941/3941
f 2431/2431/2431 2425/2425/2425 2411/2411/2411
f 2411/2411/2411 2423/2423/2423 2431/2431/2431
f 3944/3944/3944 2431/2431/2431 3941/3941/3941
f 2424/2424/2424 2425/2425/2425 2432/2432/2432
f 2425/2425/2425 2431/2431/2431 2432/2432/2432
f 2432/2432/2432 2433/2433/2433 2424/2424/2424
f 2426/2426/2426 2424/2424/2424 2433/2433/2433
f 2432/2432/2432 2431/2431/2431 2446/2446/2446
f 2446/2446/2446 2431/2431/2431 3944/3944/3944
f 3944/3944/3944 3947/3947/3947 2446/2446/2446
f 2408/2408/2408 2409/2409/2409 2457/2457/2457
f 2457/2457/2457 2456/2456/2456 2408/2408/2408
f 3942/3942/3942 2422/2422/2422 2458/2458/2458
f 2408/2408/2408 2458/2458/2458 2422/2422/2422
f 2456/2456/2456 2458/2458/2458 2408/2408/2408
f 2458/2458/2458 2459/2459/2459 3942/3942/3942
f 2412/2412/2412 2457/2457/2457 2409/2409/2409
f 2463/2463/2463 2457/2457/2457 2412/2412/2412
f 3952/3952/3952 2463/2463/2463 2412/2412/2412
f 2412/2412/2412 2414/2414/2414 3952/3952/3952
f 2467/2467/2467 2463/2463/2463 3952/3952/3952
f 2457/2457/2457 2463/2463/2463 2467/2467/2467
f 3953/3953/3953 2467/2467/2467 3952/3952/3952
f 2467/2467/2467 2468/2468/2468 2457/2457/2457
f 2457/2457/2457 2468/2468/2468 2456/2456/2456
f 2468/2468/2468 2469/2469/2469 2456/2456/2456
f 2469/2469/2469 2458/2458/2458 2456/2456/2456
f 2469/2469/2469 2470/2470/2470 2458/2458/2458
f 2458/2458/2458 2470/2470/2470 2459/2459/2459
f 2470/2470/2470 2471/2471/2471 2459/2459/2459
f 3956/3956/3956 2470/2470/2470 2469/2469/2469
f 2471/2471/2471 2470/2470/2470 3956/3956/3956
f 3956/3956/3956 2468/2468/2468 2467/2467/2467
f 2469/2469/2469 2468/2468/2468 3956/3956/3956
f 2262/2262/2262 3902/3902/3902 3901/3901/3901
f 3901/3901/3901 2263/2263/2263 2262/2262/2262
f 2262/2262/2262 2263/2263/2263 2265/2265/2265
f 2265/2265/2265 2264/2264/2264 2262/2262/2262
f 2266/2266/2266 2264/2264/2264 2265/2265/2265
f 2265/2265/2265 2267/2267/2267 2266/2266/2266
f 2266/2266/2266 2267/2267/2267 2269/2269/2269
f 2269/2269/2269 2268/2268/2268 2266/2266/2266
f 2275/2275/2275 2263/2263/2263 3901/3901/3901
f 3901/3901/3901 3905/3905/3905 2275/2275/2275
f 2263/2263/2263 2275/2275/2275 2276/2276/2276
f 2276/2276/2276 2265/2265/2265 2263/2263/2263
f 2267/2267/2267 2265/2265/2265 2276/2276/2276
f 2276/2276/2276 2277/2277/2277 2267/2267/2267
f 2267/2267/2267 2277/2277/2277 2278/2278/2278
f 2278/2278/2278 2269/2269/2269 2267/2267/2267
f 2290/2290/2290 2277/2277/2277 2276/2276/2276
f 2278/2278/2278 2277/2277/2277 2290/2290/2290
f 2276/2276/2276 2288/2288/2288 2290/2290/2290
f 2291/2291/2291 2290/2290/2290 2288/2288/2288
f 2288/2288/2288 2289/2289/2289 2291/2291/2291
f 2287/2287/2287 2289/2289/2289 2288/2288/2288
f 2288/2288/2288 2286/2286/2286 2287/2287/2287
f 2276/2276/2276 2286/2286/2286 2288/2288/2288
f 2276/2276/2276 2275/2275/2275 2286/2286/2286
f 3907/3907/3907 2287/2287/2287 2286/2286/2286
f 2286/2286/2286 3908/3908/3908 3907/3907/3907
f 2275/2275/2275 3908/3908/3908 2286/2286/2286
f 2275/2275/2275 3905/3905/3905 3908/3908/3908
f 2292/2292/2292 2290/2290/2290 2291/2291/2291
f 2290/2290/2290 2292/2292/2292 2278/2278/2278
f 2291/2291/2291 2293/2293/2293 2292/2292/2292
f 2299/2299/2299 2287/2287/2287 3907/3907/3907
f 2289/2289/2289 2287/2287/2287 2299/2299/2299
f 2299/2299/2299 3907/3907/3907 3911/3911/3911
f 2299/2299/2299 2300/2300/2300 2289/2289/2289
f 2289/2289/2289 2300/2300/2300 2301/2301/2301
f 2301/2301/2301 2291/2291/2291 2289/2289/2289
f 2293/2293/2293 2291/2291/2291 2301/2301/2301
f 2301/2301/2301 2302/2302/2302 2293/2293/2293
f 2328/2328/2328 2299/2299/2299 3911/3911/3911
f 2300/2300/2300 2299/2299/2299 2328/2328/2328
f 2328/2328/2328 3911/3911/3911 3918/3918/3918
f 2328/2328/2328 2329/2329/2329 2300/2300/2300
f 2300/2300/2300 2329/2329/2329 2330/2330/2330
f 2301/2301/2301 2300/2300/2300 2330/2330/2330
f 2302/2302/2302 2301/2301/2301 2331/2331/2331
f 2330/2330/2330 2331/2331/2331 2301/2301/2301
f 2329/2329/2329 2328/2328/2328 2604/2604/2604
f 2604/2604/2604 2328/2328/2328 3918/3918/3918
f 2604/2604/2604 2603/2603/2603 2329/2329/2329
f 2605/2605/2605 2329/2329/2329 2603/2603/2603
f 2330/2330/2330 2329/2329/2329 2605/2605/2605
f 2331/2331/2331 2330/2330/2330 2615/2615/2615
f 2330/2330/2330 2605/2605/2605 2615/2615/2615
f 2616/2616/2616 2605/2605/2605 2603/2603/2603
f 2615/2615/2615 2605/2605/2605 2616/2616/2616
f 2616/2616/2616 2603/2603/2603 2604/2604/2604
f 2604/2604/2604 2617/2617/2617 2616/2616/2616
f 3918/3918/3918 2617/2617/2617 2604/2604/2604
f 2572/2572/2572 2616/2616/2616 2617/2617/2617
f 2615/2615/2615 2616/2616/2616 2572/2572/2572
f 2574/2574/2574 2572/2572/2572 2617/2617/2617
f 2572/2572/2572 2574/2574/2574 2571/2571/2571
f 2572/2572/2572 2571/2571/2571 2569/2569/2569
f 2569/2569/2569 2570/2570/2570 2572/2572/2572
f 2572/2572/2572 2570/2570/2570 2615/2615/2615
f 2569/2569/2569 2568/2568/2568 2570/2570/2570
f 2567/2567/2567 2568/2568/2568 2569/2569/2569
f 2568/2568/2568 2567/2567/2567 2566/2566/2566
f 2567/2567/2567 2565/2565/2565 2566/2566/2566
f 2564/2564/2564 2566/2566/2566 2565/2565/2565
f 2565/2565/2565 2558/2558/2558 2564/2564/2564
f 2558/2558/2558 2554/2554/2554 2564/2564/2564
f 2554/2554/2554 2558/2558/2558 2557/2557/2557
f 2555/2555/2555 2554/2554/2554 2557/2557/2557
f 2554/2554/2554 2555/2555/2555 2547/2547/2547
f 2547/2547/2547 2546/2546/2546 2554/2554/2554
f 2546/2546/2546 2547/2547/2547 2538/2538/2538
f 2538/2538/2538 2537/2537/2537 2546/2546/2546
f 2537/2537/2537 2538/2538/2538 2484/2484/2484
f 2484/2484/2484 2485/2485/2485 2537/2537/2537
f 2485/2485/2485 2484/2484/2484 2487/2487/2487
f 2487/2487/2487 2486/2486/2486 2485/2485/2485
f 2487/2487/2487 2484/2484/2484 2489/2489/2489
f 2489/2489/2489 2488/2488/2488 2487/2487/2487
f 2487/2487/2487 2488/2488/2488 2491/2491/2491
f 2491/2491/2491 2490/2490/2490 2487/2487/2487
f 2487/2487/2487 2490/2490/2490 2492/2492/2492
f 2492/2492/2492 2486/2486/2486 2487/2487/2487
f 2493/2493/2493 2488/2488/2488 2489/2489/2489
f 2491/2491/2491 2488/2488/2488 2493/2493/2493
f 2494/2494/2494 2493/2493/2493 2489/2489/2489
f 2493/2493/2493 2495/2495/2495 2491/2491/2491
f 2493/2493/2493 2494/2494/2494 2496/2496/2496
f 2497/2497/2497 2496/2496/2496 2494/2494/2494
f 2495/2495/2495 2493/2493/2493 2498/2498/2498
f 2496/2496/2496 2498/2498/2498 2493/2493/2493
f 2496/2496/2496 2497/2497/2497 2500/2500/2500
f 2500/2500/2500 2499/2499/2499 2496/2496/2496
f 2498/2498/2498 2496/2496/2496 2499/2499/2499
f 2499/2499/2499 2501/2501/2501 2498/2498/2498
f 2486/2486/2486 2492/2492/2492 2503/2503/2503
f 2503/2503/2503 2502/2502/2502 2486/2486/2486
f 2502/2502/2502 2503/2503/2503 2505/2505/2505
f 2506/2506/2506 2505/2505/2505 2503/2503/2503
f 2505/2505/2505 2507/2507/2507 2502/2502/2502
f 2504/2504/2504 2502/2502/2502 2507/2507/2507
f 2502/2502/2502 2504/2504/2504 2486/2486/2486
f 2486/2486/2486 2504/2504/2504 2485/2485/2485
f 2501/2501/2501 2499/2499/2499 3959/3959/3959
f 2499/2499/2499 2500/2500/2500 3959/3959/3959
f 3959/3959/3959 3960/3960/3960 2501/2501/2501
f 3961/3961/3961 3959/3959/3959 2500/2500/2500
f 2503/2503/2503 2530/2530/2530 2506/2506/2506
f 2530/2530/2530 2503/2503/2503 2514/2514/2514
f 2503/2503/2503 2492/2492/2492 2514/2514/2514
f 2508/2508/2508 2514/2514/2514 2492/2492/2492
f 2509/2509/2509 2508/2508/2508 2492/2492/2492
f 2492/2492/2492 2490/2490/2490 2509/2509/2509
f 2490/2490/2490 2510/2510/2510 2509/2509/2509
f 2490/2490/2490 2491/2491/2491 2510/2510/2510
f 2508/2508/2508 2509/2509/2509 2512/2512/2512
f 2512/2512/2512 2511/2511/2511 2508/2508/2508
f 2509/2509/2509 2513/2513/2513 2512/2512/2512
f 2513/2513/2513 2509/2509/2509 2510/2510/2510
f 2515/2515/2515 2510/2510/2510 2491/2491/2491
f 2513/2513/2513 2510/2510/2510 2515/2515/2515
f 2491/2491/2491 2495/2495/2495 2515/2515/2515
f 2515/2515/2515 2516/2516/2516 2513/2513/2513
f 2513/2513/2513 2518/2518/2518 2512/2512/2512
f 2513/2513/2513 2516/2516/2516 2518/2518/2518
f 2517/2517/2517 2512/2512/2512 2518/2518/2518
f 2519/2519/2519 2512/2512/2512 2517/2517/2517
f 2511/2511/2511 2512/2512/2512 2519/2519/2519
f 2511/2511/2511 2520/2520/2520 2508/2508/2508
f 2511/2511/2511 2519/2519/2519 2520/2520/2520
f 2514/2514/2514 2508/2508/2508 2520/2520/2520
f 2519/2519/2519 2517/2517/2517 2522/2522/2522
f 2522/2522/2522 2517/2517/2517 2518/2518/2518
f 2522/2522/2522 2521/2521/2521 2519/2519/2519
f 2518/2518/2518 2523/2523/2523 2522/2522/2522
f 2523/2523/2523 2518/2518/2518 2516/2516/2516
f 3962/3962/3962 2520/2520/2520 2519/2519/2519
f 2495/2495/2495 2524/2524/2524 2515/2515/2515
f 2495/2495/2495 2498/2498/2498 2524/2524/2524
f 2515/2515/2515 2524/2524/2524 2525/2525/2525
f 2525/2525/2525 2516/2516/2516 2515/2515/2515
f 2516/2516/2516 2525/2525/2525 2526/2526/2526
f 2526/2526/2526 2523/2523/2523 2516/2516/2516
f 2526/2526/2526 2527/2527/2527 2523/2523/2523
f 2522/2522/2522 2523/2523/2523 2527/2527/2527
f 2521/2521/2521 2522/2522/2522 2527/2527/2527
f 2527/2527/2527 2528/2528/2528 2521/2521/2521
f 2529/2529/2529 2520/2520/2520 3962/3962/3962
f 3962/3962/3962 3963/3963/3963 2529/2529/2529
f 2530/2530/2530 2514/2514/2514 2520/2520/2520
f 2520/2520/2520 2529/2529/2529 2530/2530/2530
f 2524/2524/2524 2498/2498/2498 2501/2501/2501
f 2501/2501/2501 2531/2531/2531 2524/2524/2524
f 2525/2525/2525 2524/2524/2524 2531/2531/2531
f 2531/2531/2531 2501/2501/2501 3960/3960/3960
f 3960/3960/3960 3964/3964/3964 2531/2531/2531
f 2531/2531/2531 3964/3964/3964 3965/3965/3965
f 3965/3965/3965 2532/2532/2532 2531/2531/2531
f 2531/2531/2531 2532/2532/2532 2525/2525/2525
f 2532/2532/2532 2528/2528/2528 2527/2527/2527
f 3965/3965/3965 2528/2528/2528 2532/2532/2532
f 2527/2527/2527 2526/2526/2526 2532/2532/2532
f 2526/2526/2526 2525/2525/2525 2532/2532/2532
f 2257/2257/2257 2304/2304/2304 2256/2256/2256
f 2305/2305/2305 2304/2304/2304 2257/2257/2257
f 2270/2270/2270 2256/2256/2256 2304/2304/2304
f 2304/2304/2304 2306/2306/2306 2270/2270/2270
f 3904/3904/3904 2270/2270/2270 2306/2306/2306
f 2306/2306/2306 2307/2307/2307 3904/3904/3904
f 3914/3914/3914 2305/2305/2305 2257/2257/2257
f 2257/2257/2257 2260/2260/2260 3914/3914/3914
f 2316/2316/2316 2305/2305/2305 3914/3914/3914
f 2305/2305/2305 2316/2316/2316 2304/2304/2304
f 3914/3914/3914 3915/3915/3915 2316/2316/2316
f 2316/2316/2316 2317/2317/2317 2304/2304/2304
f 2318/2318/2318 2306/2306/2306 2304/2304/2304
f 2304/2304/2304 2317/2317/2317 2318/2318/2318
f 2306/2306/2306 2318/2318/2318 2307/2307/2307
f 2318/2318/2318 2319/2319/2319 2307/2307/2307
f 2319/2319/2319 2318/2318/2318 3917/3917/3917
f 2318/2318/2318 2317/2317/2317 3917/3917/3917
f 3917/3917/3917 2317/2317/2317 2316/2316/2316
f 2316/2316/2316 3915/3915/3915 3917/3917/3917
f 2268/2268/2268 2308/2308/2308 2266/2266/2266
f 3913/3913/3913 2308/2308/2308 2268/2268/2268
f 2264/2264/2264 2266/2266/2266 2308/2308/2308
f 2308/2308/2308 2309/2309/2309 2264/2264/2264
f 2262/2262/2262 2264/2264/2264 2309/2309/2309
f 2309/2309/2309 2310/2310/2310 2262/2262/2262
f 3902/3902/3902 2262/2262/2262 2310/2310/2310
f 2310/2310/2310 2311/2311/2311 3902/3902/3902
f 2309/2309/2309 2308/2308/2308 2313/2313/2313
f 3913/3913/3913 2313/2313/2313 2308/2308/2308
f 2313/2313/2313 2312/2312/2312 2309/2309/2309
f 2314/2314/2314 2310/2310/2310 2309/2309/2309
f 2309/2309/2309 2312/2312/2312 2314/2314/2314
f 2311/2311/2311 2310/2310/2310 2314/2314/2314
f 2314/2314/2314 2315/2315/2315 2311/2311/2311
f 3916/3916/3916 2313/2313/2313 3913/3913/3913
f 2320/2320/2320 2314/2314/2314 2312/2312/2312
f 2320/2320/2320 2315/2315/2315 2314/2314/2314
f 2312/2312/2312 2321/2321/2321 2320/2320/2320
f 2313/2313/2313 2322/2322/2322 2312/2312/2312
f 2322/2322/2322 2321/2321/2321 2312/2312/2312
f 2313/2313/2313 3916/3916/3916 2322/2322/2322
f 2322/2322/2322 3916/3916/3916 2323/2323/2323
f 2323/2323/2323 2321/2321/2321 2322/2322/2322
f 2315/2315/2315 2320/2320/2320 2323/2323/2323
f 2320/2320/2320 2321/2321/2321 2323/2323/2323
f 2334/2334/2334 2332/2332/2332 2335/2335/2335
f 2334/2334/2334 2333/2333/2333 2332/2332/2332
f 2333/2333/2333 2334/2334/2334 2337/2337/2337
f 2337/2337/2337 2336/2336/2336 2333/2333/2333
f 2347/2347/2347 2335/2335/2335 2332/2332/2332
f 2332/2332/2332 2346/2346/2346 2347/2347/2347
f 2347/2347/2347 2346/2346/2346 3923/3923/3923
f 3923/3923/3923 3922/3922/3922 2347/2347/2347
f 2334/2334/2334 2335/2335/2335 2349/2349/2349
f 2349/2349/2349 2348/2348/2348 2334/2334/2334
f 2334/2334/2334 2348/2348/2348 2350/2350/2350
f 2350/2350/2350 2337/2337/2337 2334/2334/2334
f 2355/2355/2355 2347/2347/2347 3922/3922/3922
f 2335/2335/2335 2347/2347/2347 2355/2355/2355
f 2355/2355/2355 2349/2349/2349 2335/2335/2335
f 3922/3922/3922 3925/3925/3925 2355/2355/2355
f 2360/2360/2360 2350/2350/2350 2348/2348/2348
f 2348/2348/2348 2357/2357/2357 2360/2360/2360
f 2360/2360/2360 2357/2357/2357 2358/2358/2358
f 2358/2358/2358 2357/2357/2357 2356/2356/2356
f 2348/2348/2348 2349/2349/2349 2356/2356/2356
f 2356/2356/2356 2357/2357/2357 2348/2348/2348
f 2349/2349/2349 2355/2355/2355 2356/2356/2356
f 2358/2358/2358 2356/2356/2356 2359/2359/2359
f 2358/2358/2358 2361/2361/2361 2360/2360/2360
f 2371/2371/2371 2359/2359/2359 2356/2356/2356
f 2356/2356/2356 2370/2370/2370 2371/2371/2371
f 2356/2356/2356 2355/2355/2355 2370/2370/2370
f 2370/2370/2370 2355/2355/2355 3925/3925/3925
f 3928/3928/3928 2371/2371/2371 2370/2370/2370
f 2370/2370/2370 3929/3929/3929 3928/3928/3928
f 3925/3925/3925 3929/3929/3929 2370/2370/2370
f 2372/2372/2372 2358/2358/2358 2359/2359/2359
f 2361/2361/2361 2358/2358/2358 2372/2372/2372
f 2372/2372/2372 2359/2359/2359 2373/2373/2373
f 2372/2372/2372 2374/2374/2374 2361/2361/2361
f 3928/3928/3928 2379/2379/2379 2371/2371/2371
f 2359/2359/2359 2371/2371/2371 2379/2379/2379
f 2379/2379/2379 2373/2373/2373 2359/2359/2359
f 3931/3931/3931 2379/2379/2379 3928/3928/3928
f 2400/2400/2400 2373/2373/2373 2379/2379/2379
f 2379/2379/2379 2401/2401/2401 2400/2400/2400
f 3931/3931/3931 2401/2401/2401 2379/2379/2379
f 2402/2402/2402 2373/2373/2373 2400/2400/2400
f 2402/2402/2402 2372/2372/2372 2373/2373/2373
f 2374/2374/2374 2372/2372/2372 2402/2402/2402
f 2402/2402/2402 2403/2403/2403 2374/2374/2374
f 3938/3938/3938 2401/2401/2401 3931/3931/3931
f 2401/2401/2401 2629/2629/2629 2400/2400/2400
f 2629/2629/2629 2401/2401/2401 2563/2563/2563
f 2563/2563/2563 2562/2562/2562 2629/2629/2629
f 2562/2562/2562 2563/2563/2563 2552/2552/2552
f 2552/2552/2552 2551/2551/2551 2562/2562/2562
f 2543/2543/2543 2551/2551/2551 2552/2552/2552
f 2549/2549/2549 2551/2551/2551 2543/2543/2543
f 2562/2562/2562 2551/2551/2551 2549/2549/2549
f 2543/2543/2543 2541/2541/2541 2549/2549/2549
f 2534/2534/2534 2541/2541/2541 2543/2543/2543
f 2540/2540/2540 2541/2541/2541 2534/2534/2534
f 2534/2534/2534 2494/2494/2494 2540/2540/2540
f 2539/2539/2539 2540/2540/2540 2494/2494/2494
f 2494/2494/2494 2489/2489/2489 2539/2539/2539
f 2539/2539/2539 2489/2489/2489 2484/2484/2484
f 2484/2484/2484 2538/2538/2538 2539/2539/2539
f 2534/2534/2534 2497/2497/2497 2494/2494/2494
f 2500/2500/2500 2497/2497/2497 2534/2534/2534
f 2534/2534/2534 2533/2533/2533 2500/2500/2500
f 2543/2543/2543 2533/2533/2533 2534/2534/2534
f 2535/2535/2535 2500/2500/2500 2533/2533/2533
f 2535/2535/2535 3961/3961/3961 2500/2500/2500
f 2540/2540/2540 2542/2542/2542 2541/2541/2541
f 2544/2544/2544 2533/2533/2533 2543/2543/2543
f 2544/2544/2544 2535/2535/2535 2533/2533/2533
f 2539/2539/2539 2538/2538/2538 2548/2548/2548
f 2540/2540/2540 2539/2539/2539 2548/2548/2548
f 2548/2548/2548 2542/2542/2542 2540/2540/2540
f 2538/2538/2538 2547/2547/2547 2548/2548/2548
f 2548/2548/2548 2547/2547/2547 2556/2556/2556
f 2542/2542/2542 2548/2548/2548 2556/2556/2556
f 2547/2547/2547 2555/2555/2555 2556/2556/2556
f 2556/2556/2556 2550/2550/2550 2542/2542/2542
f 2541/2541/2541 2542/2542/2542 2550/2550/2550
f 2550/2550/2550 2549/2549/2549 2541/2541/2541
f 2555/2555/2555 2559/2559/2559 2556/2556/2556
f 2550/2550/2550 2556/2556/2556 2559/2559/2559
f 2555/2555/2555 2557/2557/2557 2559/2559/2559
f 2559/2559/2559 2560/2560/2560 2550/2550/2550
f 2549/2549/2549 2550/2550/2550 2560/2560/2560
f 2560/2560/2560 2561/2561/2561 2549/2549/2549
f 2549/2549/2549 2561/2561/2561 2562/2562/2562
f 2597/2597/2597 2559/2559/2559 2557/2557/2557
f 2557/2557/2557 2596/2596/2596 2597/2597/2597
f 2596/2596/2596 2557/2557/2557 2558/2558/2558
f 2594/2594/2594 2596/2596/2596 2558/2558/2558
f 2594/2594/2594 2558/2558/2558 2565/2565/2565
f 2595/2595/2595 2594/2594/2594 2565/2565/2565
f 2565/2565/2565 2567/2567/2567 2595/2595/2595
f 2559/2559/2559 2598/2598/2598 2560/2560/2560
f 2559/2559/2559 2597/2597/2597 2598/2598/2598
f 2600/2600/2600 2560/2560/2560 2598/2598/2598
f 2599/2599/2599 2600/2600/2600 2598/2598/2598
f 2585/2585/2585 2600/2600/2600 2599/2599/2599
f 2599/2599/2599 2589/2589/2589 2585/2585/2585
f 2585/2585/2585 2589/2589/2589 2588/2588/2588
f 2588/2588/2588 2583/2583/2583 2585/2585/2585
f 2585/2585/2585 2583/2583/2583 2586/2586/2586
f 2585/2585/2585 2586/2586/2586 2600/2600/2600
f 2584/2584/2584 2586/2586/2586 2583/2583/2583
f 2584/2584/2584 2583/2583/2583 2581/2581/2581
f 2581/2581/2581 2583/2583/2583 2588/2588/2588
f 2581/2581/2581 2582/2582/2582 2584/2584/2584
f 2582/2582/2582 2581/2581/2581 2579/2579/2579
f 2579/2579/2579 2580/2580/2580 2582/2582/2582
f 2580/2580/2580 2579/2579/2579 3971/3971/3971
f 3971/3971/3971 3970/3970/3970 2580/2580/2580
f 2587/2587/2587 2581/2581/2581 2588/2588/2588
f 2579/2579/2579 2581/2581/2581 2587/2587/2587
f 2587/2587/2587 2590/2590/2590 2579/2579/2579
f 3971/3971/3971 2579/2579/2579 2590/2590/2590
f 2590/2590/2590 2591/2591/2591 3971/3971/3971
f 2588/2588/2588 2589/2589/2589 3973/3973/3973
f 3974/3974/3974 2588/2588/2588 3973/3973/3973
f 2588/2588/2588 3974/3974/3974 2587/2587/2587
f 3973/3973/3973 2589/2589/2589 3975/3975/3975
f 2589/2589/2589 2599/2599/2599 3975/3975/3975
f 3975/3975/3975 2599/2599/2599 3976/3976/3976
f 2598/2598/2598 3976/3976/3976 2599/2599/2599
f 3977/3977/3977 3976/3976/3976 2598/2598/2598
f 2597/2597/2597 3977/3977/3977 2598/2598/2598
f 3978/3978/3978 3977/3977/3977 2597/2597/2597
f 2597/2597/2597 2596/2596/2596 3978/3978/3978
f 2594/2594/2594 3978/3978/3978 2596/2596/2596
f 2594/2594/2594 3979/3979/3979 3978/3978/3978
f 3980/3980/3980 3979/3979/3979 2594/2594/2594
f 2594/2594/2594 2595/2595/2595 3980/3980/3980
f 3980/3980/3980 2595/2595/2595 2593/2593/2593
f 2595/2595/2595 2602/2602/2602 2593/2593/2593
f 2602/2602/2602 2573/2573/2573 2593/2593/2593
f 2593/2593/2593 2573/2573/2573 2592/2592/2592
f 2573/2573/2573 2575/2575/2575 2592/2592/2592
f 2575/2575/2575 2573/2573/2573 2576/2576/2576
f 2574/2574/2574 2576/2576/2576 2573/2573/2573
f 2573/2573/2573 2571/2571/2571 2574/2574/2574
f 2571/2571/2571 2573/2573/2573 2602/2602/2602
f 2575/2575/2575 2576/2576/2576 2578/2578/2578
f 2578/2578/2578 2577/2577/2577 2575/2575/2575
f 3972/3972/3972 2575/2575/2575 2577/2577/2577
f 3972/3972/3972 2592/2592/2592 2575/2575/2575
f 2571/2571/2571 2602/2602/2602 2601/2601/2601
f 2595/2595/2595 2601/2601/2601 2602/2602/2602
f 2601/2601/2601 2595/2595/2595 2567/2567/2567
f 2569/2569/2569 2601/2601/2601 2567/2567/2567
f 2601/2601/2601 2569/2569/2569 2571/2571/2571
f 3980/3980/3980 2593/2593/2593 3981/3981/3981
f 3981/3981/3981 2593/2593/2593 2592/2592/2592
f 2592/2592/2592 3982/3982/3982 3981/3981/3981
f 3972/3972/3972 3983/3983/3983 2592/2592/2592
f 3983/3983/3983 3982/3982/3982 2592/2592/2592
f 2620/2620/2620 2578/2578/2578 2576/2576/2576
f 2576/2576/2576 2619/2619/2619 2620/2620/2620
f 2574/2574/2574 2619/2619/2619 2576/2576/2576
f 2608/2608/2608 2620/2620/2620 2619/2619/2619
f 2619/2619/2619 2607/2607/2607 2608/2608/2608
f 2608/2608/2608 2607/2607/2607 2481/2481/2481
f 2481/2481/2481 2607/2607/2607 2606/2606/2606
f 2606/2606/2606 2607/2607/2607 2619/2619/2619
f 2481/2481/2481 2606/2606/2606 2482/2482/2482
f 2452/2452/2452 2481/2481/2481 2482/2482/2482
f 2481/2481/2481 2452/2452/2452 3949/3949/3949
f 3945/3945/3945 3949/3949/3949 2452/2452/2452
f 2452/2452/2452 2441/2441/2441 3945/3945/3945
f 3946/3946/3946 3945/3945/3945 2441/2441/2441
f 2441/2441/2441 2440/2440/2440 3946/3946/3946
f 2442/2442/2442 2440/2440/2440 2441/2441/2441
f 2441/2441/2441 2443/2443/2443 2442/2442/2442
f 2443/2443/2443 2441/2441/2441 2452/2452/2452
f 2442/2442/2442 2443/2443/2443 2445/2445/2445
f 2445/2445/2445 2444/2444/2444 2442/2442/2442
f 2452/2452/2452 2453/2453/2453 2443/2443/2443
f 2453/2453/2453 2452/2452/2452 2482/2482/2482
f 2445/2445/2445 2443/2443/2443 2454/2454/2454
f 2443/2443/2443 2453/2453/2453 2454/2454/2454
f 2429/2429/2429 2440/2440/2440 2442/2442/2442
f 2429/2429/2429 2428/2428/2428 2440/2440/2440
f 2428/2428/2428 2429/2429/2429 2419/2419/2419
f 2419/2419/2419 2417/2417/2417 2428/2428/2428
f 2417/2417/2417 2419/2419/2419 2418/2418/2418
f 2418/2418/2418 2416/2416/2416 2417/2417/2417
f 2417/2417/2417 2416/2416/2416 3940/3940/3940
f 3940/3940/3940 3939/3939/3939 2417/2417/2417
f 2428/2428/2428 2417/2417/2417 3939/3939/3939
f 2418/2418/2418 2419/2419/2419 2421/2421/2421
f 2421/2421/2421 2420/2420/2420 2418/2418/2418
f 3939/3939/3939 3943/3943/3943 2428/2428/2428
f 2419/2419/2419 2429/2429/2429 2430/2430/2430
f 2430/2430/2430 2421/2421/2421 2419/2419/2419
f 2440/2440/2440 2428/2428/2428 3943/3943/3943
f 3943/3943/3943 3946/3946/3946 2440/2440/2440
f 2430/2430/2430 2429/2429/2429 2442/2442/2442
f 2442/2442/2442 2444/2444/2444 2430/2430/2430
f 2420/2420/2420 2460/2460/2460 2418/2418/2418
f 2416/2416/2416 2418/2418/2418 2460/2460/2460
f 2460/2460/2460 2420/2420/2420 3951/3951/3951
f 2460/2460/2460 2461/2461/2461 2416/2416/2416
f 3940/3940/3940 2416/2416/2416 2461/2461/2461
f 2461/2461/2461 2462/2462/2462 3940/3940/3940
f 2464/2464/2464 2461/2461/2461 2460/2460/2460
f 2464/2464/2464 2462/2462/2462 2461/2461/2461
f 2460/2460/2460 2465/2465/2465 2464/2464/2464
f 3951/3951/3951 2465/2465/2465 2460/2460/2460
f 2466/2466/2466 2462/2462/2462 2464/2464/2464
f 3954/3954/3954 2465/2465/2465 3951/3951/3951
f 2472/2472/2472 2466/2466/2466 2464/2464/2464
f 2473/2473/2473 2472/2472/2472 2464/2464/2464
f 2464/2464/2464 2474/2474/2474 2473/2473/2473
f 2465/2465/2465 2474/2474/2474 2464/2464/2464
f 2465/2465/2465 3954/3954/3954 2474/2474/2474
f 2472/2472/2472 3955/3955/3955 2466/2466/2466
f 2474/2474/2474 3954/3954/3954 2475/2475/2475
f 2475/2475/2475 2473/2473/2473 2474/2474/2474
f 2472/2472/2472 2475/2475/2475 3955/3955/3955
f 2475/2475/2475 2472/2472/2472 2473/2473/2473
f 2338/2338/2338 3921/3921/3921 3920/3920/3920
f 3920/3920/3920 2339/2339/2339 2338/2338/2338
f 2338/2338/2338 2339/2339/2339 2341/2341/2341
f 2341/2341/2341 2340/2340/2340 2338/2338/2338
f 2340/2340/2340 2341/2341/2341 2343/2343/2343
f 2343/2343/2343 2342/2342/2342 2340/2340/2340
f 2342/2342/2342 2343/2343/2343 2345/2345/2345
f 2345/2345/2345 2344/2344/2344 2342/2342/2342
f 2339/2339/2339 3920/3920/3920 3924/3924/3924
f 3924/3924/3924 2351/2351/2351 2339/2339/2339
f 2339/2339/2339 2351/2351/2351 2352/2352/2352
f 2352/2352/2352 2341/2341/2341 2339/2339/2339
f 2343/2343/2343 2341/2341/2341 2352/2352/2352
f 2352/2352/2352 2353/2353/2353 2343/2343/2343
f 2354/2354/2354 2345/2345/2345 2343/2343/2343
f 2343/2343/2343 2353/2353/2353 2354/2354/2354
f 2353/2353/2353 2352/2352/2352 2364/2364/2364
f 2364/2364/2364 2366/2366/2366 2353/2353/2353
f 2366/2366/2366 2364/2364/2364 2367/2367/2367
f 2364/2364/2364 2365/2365/2365 2367/2367/2367
f 2363/2363/2363 2365/2365/2365 2364/2364/2364
f 2364/2364/2364 2362/2362/2362 2363/2363/2363
f 2362/2362/2362 2364/2364/2364 2352/2352/2352
f 2352/2352/2352 2351/2351/2351 2362/2362/2362
f 3926/3926/3926 2363/2363/2363 2362/2362/2362
f 2362/2362/2362 3927/3927/3927 3926/3926/3926
f 2351/2351/2351 3927/3927/3927 2362/2362/2362
f 2351/2351/2351 3924/3924/3924 3927/3927/3927
f 2368/2368/2368 2366/2366/2366 2367/2367/2367
f 2353/2353/2353 2366/2366/2366 2368/2368/2368
f 2368/2368/2368 2354/2354/2354 2353/2353/2353
f 2367/2367/2367 2369/2369/2369 2368/2368/2368
f 2363/2363/2363 3926/3926/3926 3930/3930/3930
f 3930/3930/3930 2375/2375/2375 2363/2363/2363
f 2363/2363/2363 2375/2375/2375 2376/2376/2376
f 2376/2376/2376 2365/2365/2365 2363/2363/2363
f 2367/2367/2367 2365/2365/2365 2377/2377/2377
f 2365/2365/2365 2376/2376/2376 2377/2377/2377
f 2369/2369/2369 2367/2367/2367 2377/2377/2377
f 2377/2377/2377 2378/2378/2378 2369/2369/2369
f 2375/2375/2375 3930/3930/3930 3937/3937/3937
f 3937/3937/3937 2404/2404/2404 2375/2375/2375
f 2375/2375/2375 2404/2404/2404 2405/2405/2405
f 2405/2405/2405 2376/2376/2376 2375/2375/2375
f 2377/2377/2377 2376/2376/2376 2405/2405/2405
f 2405/2405/2405 2406/2406/2406 2377/2377/2377
f 2378/2378/2378 2377/2377/2377 2406/2406/2406
f 2406/2406/2406 2407/2407/2407 2378/2378/2378
f 2405/2405/2405 2404/2404/2404 2610/2610/2610
f 2610/2610/2610 2609/2609/2609 2405/2405/2405
f 2405/2405/2405 2611/2611/2611 2406/2406/2406
f 2405/2405/2405 2609/2609/2609 2611/2611/2611
f 2406/2406/2406 2612/2612/2612 2407/2407/2407
f 2406/2406/2406 2611/2611/2611 2612/2612/2612
f 2609/2609/2609 2613/2613/2613 2611/2611/2611
f 2612/2612/2612 2611/2611/2611 2613/2613/2613
f 2613/2613/2613 2609/2609/2609 2614/2614/2614
f 2609/2609/2609 2610/2610/2610 2614/2614/2614
f 2614/2614/2614 2610/2610/2610 2404/2404/2404
f 2614/2614/2614 2404/2404/2404 3937/3937/3937
f 2568/2568/2568 2613/2613/2613 2614/2614/2614
f 2614/2614/2614 2570/2570/2570 2568/2568/2568
f 2566/2566/2566 2612/2612/2612 2613/2613/2613
f 2613/2613/2613 2568/2568/2568 2566/2566/2566
f 2570/2570/2570 2614/2614/2614 2615/2615/2615
f 3937/3937/3937 2615/2615/2615 2614/2614/2614
f 3937/3937/3937 2331/2331/2331 2615/2615/2615
f 2566/2566/2566 2564/2564/2564 2612/2612/2612
f 2612/2612/2612 2564/2564/2564 3969/3969/3969
f 2407/2407/2407 2612/2612/2612 3969/3969/3969
f 3969/3969/3969 2564/2564/2564 2553/2553/2553
f 2553/2553/2553 3968/3968/3968 3969/3969/3969
f 3968/3968/3968 2553/2553/2553 2545/2545/2545
f 2545/2545/2545 3967/3967/3967 3968/3968/3968
f 3967/3967/3967 2545/2545/2545 2536/2536/2536
f 2536/2536/2536 3966/3966/3966 3967/3967/3967
f 2536/2536/2536 2507/2507/2507 3966/3966/3966
f 2536/2536/2536 2504/2504/2504 2507/2507/2507
f 2485/2485/2485 2504/2504/2504 2536/2536/2536
f 2536/2536/2536 2537/2537/2537 2485/2485/2485
f 2537/2537/2537 2536/2536/2536 2545/2545/2545
f 2545/2545/2545 2546/2546/2546 2537/2537/2537
f 2546/2546/2546 2545/2545/2545 2553/2553/2553
f 2553/2553/2553 2554/2554/2554 2546/2546/2546
f 2554/2554/2554 2553/2553/2553 2564/2564/2564
f 3969/3969/3969 3989/3989/3989 2407/2407/2407
f 2381/2381/2381 2380/2380/2380 2332/2332/2332
f 2332/2332/2332 2333/2333/2333 2381/2381/2381
f 2346/2346/2346 2332/2332/2332 2380/2380/2380
f 2380/2380/2380 2382/2382/2382 2346/2346/2346
f 2382/2382/2382 2383/2383/2383 2346/2346/2346
f 3923/3923/3923 2346/2346/2346 2383/2383/2383
f 3933/3933/3933 2381/2381/2381 2333/2333/2333
f 2333/2333/2333 2336/2336/2336 3933/3933/3933
f 2392/2392/2392 2381/2381/2381 3933/3933/3933
f 2381/2381/2381 2392/2392/2392 2380/2380/2380
f 3933/3933/3933 3934/3934/3934 2392/2392/2392
f 2392/2392/2392 2393/2393/2393 2380/2380/2380
f 2380/2380/2380 2393/2393/2393 2382/2382/2382
f 2393/2393/2393 2394/2394/2394 2382/2382/2382
f 2395/2395/2395 2383/2383/2383 2382/2382/2382
f 2382/2382/2382 2394/2394/2394 2395/2395/2395
f 2393/2393/2393 3936/3936/3936 2394/2394/2394
f 2395/2395/2395 2394/2394/2394 3936/3936/3936
f 3936/3936/3936 2393/2393/2393 2392/2392/2392
f 2392/2392/2392 3934/3934/3934 3936/3936/3936
f 2344/2344/2344 2384/2384/2384 2342/2342/2342
f 3932/3932/3932 2384/2384/2384 2344/2344/2344
f 2384/2384/2384 2385/2385/2385 2342/2342/2342
f 2342/2342/2342 2385/2385/2385 2340/2340/2340
f 2338/2338/2338 2340/2340/2340 2385/2385/2385
f 2385/2385/2385 2386/2386/2386 2338/2338/2338
f 3921/3921/3921 2338/2338/2338 2386/2386/2386
f 2386/2386/2386 2387/2387/2387 3921/3921/3921
f 2388/2388/2388 2385/2385/2385 2384/2384/2384
f 2385/2385/2385 2388/2388/2388 2386/2386/2386
f 2384/2384/2384 2389/2389/2389 2388/2388/2388
f 3932/3932/3932 2389/2389/2389 2384/2384/2384
f 2390/2390/2390 2386/2386/2386 2388/2388/2388
f 2387/2387/2387 2386/2386/2386 2390/2390/2390
f 2390/2390/2390 2391/2391/2391 2387/2387/2387
f 3935/3935/3935 2389/2389/2389 3932/3932/3932
f 2396/2396/2396 2390/2390/2390 2388/2388/2388
f 2396/2396/2396 2391/2391/2391 2390/2390/2390
f 2388/2388/2388 2397/2397/2397 2396/2396/2396
f 2397/2397/2397 2388/2388/2388 2389/2389/2389
f 2389/2389/2389 2398/2398/2398 2397/2397/2397
f 2389/2389/2389 3935/3935/3935 2398/2398/2398
f 2398/2398/2398 3935/3935/3935 2399/2399/2399
f 2399/2399/2399 2397/2397/2397 2398/2398/2398
f 2399/2399/2399 2391/2391/2391 2396/2396/2396
f 2396/2396/2396 2397/2397/2397 2399/2399/2399
f 2477/2477/2477 2476/2476/2476 2449/2449/2449
f 2449/2449/2449 2455/2455/2455 2477/2477/2477
f 2476/2476/2476 2478/2478/2478 2449/2449/2449
f 2449/2449/2449 2478/2478/2478 2448/2448/2448
f 2450/2450/2450 2448/2448/2448 2478/2478/2478
f 2478/2478/2478 2479/2479/2479 2450/2450/2450
f 2479/2479/2479 2480/2480/2480 2450/2450/2450
f 2480/2480/2480 2451/2451/2451 2450/2450/2450
f 3987/3987/3987 2480/2480/2480 2479/2479/2479
f 2479/2479/2479 3988/3988/3988 3987/3987/3987
f 2479/2479/2479 3970/3970/3970 3988/3988/3988
f 2580/2580/2580 3970/3970/3970 2479/2479/2479
f 2479/2479/2479 2624/2624/2624 2580/2580/2580
f 2479/2479/2479 2478/2478/2478 2624/2624/2624
f 2580/2580/2580 2624/2624/2624 2623/2623/2623
f 2623/2623/2623 2478/2478/2478 2476/2476/2476
f 2624/2624/2624 2478/2478/2478 2623/2623/2623
f 2623/2623/2623 2582/2582/2582 2580/2580/2580
f 2582/2582/2582 2623/2623/2623 2622/2622/2622
f 2622/2622/2622 2584/2584/2584 2582/2582/2582
f 2584/2584/2584 2622/2622/2622 2621/2621/2621
f 2621/2621/2621 2586/2586/2586 2584/2584/2584
f 2625/2625/2625 2622/2622/2622 2623/2623/2623
f 2623/2623/2623 2476/2476/2476 2625/2625/2625
f 2626/2626/2626 2621/2621/2621 2622/2622/2622
f 2622/2622/2622 2625/2625/2625 2626/2626/2626
f 2561/2561/2561 2586/2586/2586 2621/2621/2621
f 2561/2561/2561 2621/2621/2621 2626/2626/2626
f 2560/2560/2560 2586/2586/2586 2561/2561/2561
f 2600/2600/2600 2586/2586/2586 2560/2560/2560
f 2626/2626/2626 2562/2562/2562 2561/2561/2561
f 2627/2627/2627 2625/2625/2625 2476/2476/2476
f 2476/2476/2476 2477/2477/2477 2627/2627/2627
f 2628/2628/2628 2626/2626/2626 2625/2625/2625
f 2625/2625/2625 2627/2627/2627 2628/2628/2628
f 2562/2562/2562 2626/2626/2626 2628/2628/2628
f 2628/2628/2628 2629/2629/2629 2562/2562/2562
f 2630/2630/2630 2629/2629/2629 2628/2628/2628
f 2628/2628/2628 2631/2631/2631 2630/2630/2630
f 2400/2400/2400 2629/2629/2629 2630/2630/2630
f 2628/2628/2628 2627/2627/2627 2324/2324/2324
f 2324/2324/2324 2631/2631/2631 2628/2628/2628
f 2324/2324/2324 2627/2627/2627 2477/2477/2477
f 2402/2402/2402 2630/2630/2630 2631/2631/2631
f 2402/2402/2402 2400/2400/2400 2630/2630/2630
f 2324/2324/2324 2325/2325/2325 2631/2631/2631
f 2402/2402/2402 2631/2631/2631 2325/2325/2325
f 3919/3919/3919 2402/2402/2402 2325/2325/2325
f 3919/3919/3919 2403/2403/2403 2402/2402/2402
f 2481/2481/2481 3949/3949/3949 3957/3957/3957
f 2481/2481/2481 3957/3957/3957 2608/2608/2608
f 2454/2454/2454 2453/2453/2453 2483/2483/2483
f 2482/2482/2482 2483/2483/2483 2453/2453/2453
f 2483/2483/2483 2482/2482/2482 2606/2606/2606
f 2606/2606/2606 2618/2618/2618 2483/2483/2483
f 2619/2619/2619 2618/2618/2618 2606/2606/2606
f 2618/2618/2618 2619/2619/2619 2574/2574/2574
f 2574/2574/2574 2617/2617/2617 2618/2618/2618
f 3918/3918/3918 2483/2483/2483 2618/2618/2618
f 2618/2618/2618 2617/2617/2617 3918/3918/3918
f 2552/2552/2552 2544/2544/2544 2543/2543/2543
f 3984/3984/3984 2591/2591/2591 2590/2590/2590
f 2590/2590/2590 3985/3985/3985 3984/3984/3984
f 3986/3986/3986 3985/3985/3985 2590/2590/2590
f 2587/2587/2587 3986/3986/3986 2590/2590/2590
f 3986/3986/3986 2587/2587/2587 3974/3974/3974
f 2648/2648/2648 2647/2647/2647 2646/2646/2646
f 2646/2646/2646 2645/2645/2645 2648/2648/2648
f 2647/2647/2647 2648/2648/2648 2649/2649/2649
f 2648/2648/2648 2650/2650/2650 2649/2649/2649
f 2645/2645/2645 2646/2646/2646 2659/2659/2659
f 2659/2659/2659 2660/2660/2660 2645/2645/2645
f 2660/2660/2660 2659/2659/2659 3992/3992/3992
f 3992/3992/3992 3993/3993/3993 2660/2660/2660
f 2661/2661/2661 2646/2646/2646 2647/2647/2647
f 2659/2659/2659 2646/2646/2646 2661/2661/2661
f 2647/2647/2647 2662/2662/2662 2661/2661/2661
f 2662/2662/2662 2647/2647/2647 2663/2663/2663
f 2647/2647/2647 2649/2649/2649 2663/2663/2663
f 3995/3995/3995 3992/3992/3992 2659/2659/2659
f 2659/2659/2659 2668/2668/2668 3995/3995/3995
f 2668/2668/2668 2659/2659/2659 2661/2661/2661
f 2662/2662/2662 2663/2663/2663 2674/2674/2674
f 2672/2672/2672 2662/2662/2662 2674/2674/2674
f 2662/2662/2662 2672/2672/2672 2661/2661/2661
f 2674/2674/2674 2673/2673/2673 2672/2672/2672
f 2671/2671/2671 2672/2672/2672 2673/2673/2673
f 2672/2672/2672 2671/2671/2671 2670/2670/2670
f 2670/2670/2670 2669/2669/2669 2672/2672/2672
f 2669/2669/2669 2661/2661/2661 2672/2672/2672
f 2668/2668/2668 2661/2661/2661 2669/2669/2669
f 2684/2684/2684 2669/2669/2669 2670/2670/2670
f 2668/2668/2668 2669/2669/2669 2684/2684/2684
f 2683/2683/2683 2684/2684/2684 2670/2670/2670
f 2684/2684/2684 2683/2683/2683 3998/3998/3998
f 3998/3998/3998 3999/3999/3999 2684/2684/2684
f 2668/2668/2668 2684/2684/2684 3999/3999/3999
f 3999/3999/3999 3995/3995/3995 2668/2668/2668
f 2671/2671/2671 2686/2686/2686 2670/2670/2670
f 2686/2686/2686 2685/2685/2685 2670/2670/2670
f 2671/2671/2671 2687/2687/2687 2686/2686/2686
f 2673/2673/2673 2687/2687/2687 2671/2671/2671
f 4001/4001/4001 3998/3998/3998 2683/2683/2683
f 2683/2683/2683 2692/2692/2692 4001/4001/4001
f 2670/2670/2670 2685/2685/2685 2692/2692/2692
f 2692/2692/2692 2683/2683/2683 2670/2670/2670
f 2685/2685/2685 2714/2714/2714 2692/2692/2692
f 2714/2714/2714 2713/2713/2713 2692/2692/2692
f 4001/4001/4001 2692/2692/2692 2713/2713/2713
f 2714/2714/2714 2685/2685/2685 2715/2715/2715
f 2685/2685/2685 2686/2686/2686 2715/2715/2715
f 2687/2687/2687 2716/2716/2716 2686/2686/2686
f 2716/2716/2716 2715/2715/2715 2686/2686/2686
f 2713/2713/2713 4008/4008/4008 4001/4001/4001
f 4047/4047/4047 2715/2715/2715 2716/2716/2716
f 2865/2865/2865 2715/2715/2715 4047/4047/4047
f 2714/2714/2714 2715/2715/2715 2865/2865/2865
f 4047/4047/4047 4039/4039/4039 2865/2865/2865
f 4039/4039/4039 2844/2844/2844 2865/2865/2865
f 2835/2835/2835 2844/2844/2844 4039/4039/4039
f 4039/4039/4039 4037/4037/4037 2835/2835/2835
f 2835/2835/2835 4037/4037/4037 4036/4036/4036
f 4036/4036/4036 2836/2836/2836 2835/2835/2835
f 2835/2835/2835 2836/2836/2836 2821/2821/2821
f 2821/2821/2821 2822/2822/2822 2835/2835/2835
f 2844/2844/2844 2835/2835/2835 2822/2822/2822
f 2822/2822/2822 2821/2821/2821 2824/2824/2824
f 2824/2824/2824 2823/2823/2823 2822/2822/2822
f 2823/2823/2823 2824/2824/2824 2826/2826/2826
f 2826/2826/2826 2825/2825/2825 2823/2823/2823
f 2825/2825/2825 2826/2826/2826 2828/2828/2828
f 2828/2828/2828 2827/2827/2827 2825/2825/2825
f 2823/2823/2823 2838/2838/2838 2822/2822/2822
f 2838/2838/2838 2823/2823/2823 2825/2825/2825
f 2838/2838/2838 2837/2837/2837 2822/2822/2822
f 2822/2822/2822 2837/2837/2837 2844/2844/2844
f 2825/2825/2825 2839/2839/2839 2838/2838/2838
f 2839/2839/2839 2825/2825/2825 2827/2827/2827
f 2827/2827/2827 2840/2840/2840 2839/2839/2839
f 2816/2816/2816 2828/2828/2828 2826/2826/2826
f 2826/2826/2826 2815/2815/2815 2816/2816/2816
f 2815/2815/2815 2826/2826/2826 2824/2824/2824
f 2803/2803/2803 2816/2816/2816 2815/2815/2815
f 2815/2815/2815 2801/2801/2801 2803/2803/2803
f 2804/2804/2804 2803/2803/2803 2801/2801/2801
f 2801/2801/2801 2802/2802/2802 2804/2804/2804
f 2802/2802/2802 2801/2801/2801 2799/2799/2799
f 2799/2799/2799 2800/2800/2800 2802/2802/2802
f 2800/2800/2800 2799/2799/2799 2798/2798/2798
f 2798/2798/2798 2797/2797/2797 2800/2800/2800
f 2797/2797/2797 2798/2798/2798 2811/2811/2811
f 2811/2811/2811 2812/2812/2812 2797/2797/2797
f 2812/2812/2812 2811/2811/2811 4030/4030/4030
f 4030/4030/4030 4031/4031/4031 2812/2812/2812
f 2799/2799/2799 2814/2814/2814 2798/2798/2798
f 2801/2801/2801 2815/2815/2815 2814/2814/2814
f 2814/2814/2814 2799/2799/2799 2801/2801/2801
f 2813/2813/2813 2798/2798/2798 2814/2814/2814
f 4030/4030/4030 2811/2811/2811 2820/2820/2820
f 2798/2798/2798 2813/2813/2813 2820/2820/2820
f 2820/2820/2820 2811/2811/2811 2798/2798/2798
f 4033/4033/4033 4030/4030/4030 2820/2820/2820
f 2821/2821/2821 2813/2813/2813 2814/2814/2814
f 2820/2820/2820 2813/2813/2813 2821/2821/2821
f 2814/2814/2814 2824/2824/2824 2821/2821/2821
f 2824/2824/2824 2814/2814/2814 2815/2815/2815
f 2820/2820/2820 2821/2821/2821 2836/2836/2836
f 4033/4033/4033 2820/2820/2820 2836/2836/2836
f 2836/2836/2836 4036/4036/4036 4033/4033/4033
f 2845/2845/2845 2800/2800/2800 2797/2797/2797
f 2797/2797/2797 2846/2846/2846 2845/2845/2845
f 2797/2797/2797 2812/2812/2812 2847/2847/2847
f 2847/2847/2847 2846/2846/2846 2797/2797/2797
f 2847/2847/2847 2812/2812/2812 4031/4031/4031
f 4031/4031/4031 2848/2848/2848 2847/2847/2847
f 2857/2857/2857 2845/2845/2845 2846/2846/2846
f 2845/2845/2845 2857/2857/2857 2856/2856/2856
f 2856/2856/2856 2852/2852/2852 2845/2845/2845
f 2845/2845/2845 2852/2852/2852 2802/2802/2802
f 2802/2802/2802 2852/2852/2852 4041/4041/4041
f 4041/4041/4041 2852/2852/2852 2856/2856/2856
f 4041/4041/4041 2804/2804/2804 2802/2802/2802
f 2845/2845/2845 2802/2802/2802 2800/2800/2800
f 4041/4041/4041 2856/2856/2856 4042/4042/4042
f 2846/2846/2846 2858/2858/2858 2857/2857/2857
f 2858/2858/2858 2846/2846/2846 2847/2847/2847
f 2847/2847/2847 2859/2859/2859 2858/2858/2858
f 2859/2859/2859 2847/2847/2847 2848/2848/2848
f 2848/2848/2848 2860/2860/2860 2859/2859/2859
f 2858/2858/2858 2859/2859/2859 4045/4045/4045
f 2859/2859/2859 2860/2860/2860 4045/4045/4045
f 2856/2856/2856 2857/2857/2857 4045/4045/4045
f 2858/2858/2858 4045/4045/4045 2857/2857/2857
f 2652/2652/2652 2651/2651/2651 3990/3990/3990
f 3990/3990/3990 3991/3991/3991 2652/2652/2652
f 2651/2651/2651 2652/2652/2652 2653/2653/2653
f 2652/2652/2652 2654/2654/2654 2653/2653/2653
f 2653/2653/2653 2654/2654/2654 2656/2656/2656
f 2656/2656/2656 2655/2655/2655 2653/2653/2653
f 2655/2655/2655 2656/2656/2656 2657/2657/2657
f 2656/2656/2656 2658/2658/2658 2657/2657/2657
f 3990/3990/3990 2651/2651/2651 2664/2664/2664
f 3994/3994/3994 3990/3990/3990 2664/2664/2664
f 2664/2664/2664 2651/2651/2651 2665/2665/2665
f 2651/2651/2651 2653/2653/2653 2665/2665/2665
f 2665/2665/2665 2653/2653/2653 2655/2655/2655
f 2655/2655/2655 2666/2666/2666 2665/2665/2665
f 2666/2666/2666 2655/2655/2655 2667/2667/2667
f 2655/2655/2655 2657/2657/2657 2667/2667/2667
f 2665/2665/2665 2666/2666/2666 2680/2680/2680
f 2680/2680/2680 2666/2666/2666 2667/2667/2667
f 2680/2680/2680 2678/2678/2678 2665/2665/2665
f 2678/2678/2678 2680/2680/2680 2679/2679/2679
f 2677/2677/2677 2678/2678/2678 2679/2679/2679
f 2678/2678/2678 2677/2677/2677 2675/2675/2675
f 2675/2675/2675 2676/2676/2676 2678/2678/2678
f 2665/2665/2665 2678/2678/2678 2676/2676/2676
f 2676/2676/2676 2664/2664/2664 2665/2665/2665
f 2676/2676/2676 2675/2675/2675 3996/3996/3996
f 3996/3996/3996 3997/3997/3997 2676/2676/2676
f 2664/2664/2664 2676/2676/2676 3997/3997/3997
f 3997/3997/3997 3994/3994/3994 2664/2664/2664
f 2679/2679/2679 2680/2680/2680 2682/2682/2682
f 2667/2667/2667 2682/2682/2682 2680/2680/2680
f 2682/2682/2682 2681/2681/2681 2679/2679/2679
f 2675/2675/2675 2688/2688/2688 3996/3996/3996
f 2688/2688/2688 2675/2675/2675 2677/2677/2677
f 3996/3996/3996 2688/2688/2688 4000/4000/4000
f 2677/2677/2677 2689/2689/2689 2688/2688/2688
f 2689/2689/2689 2677/2677/2677 2690/2690/2690
f 2677/2677/2677 2679/2679/2679 2690/2690/2690
f 2690/2690/2690 2679/2679/2679 2681/2681/2681
f 2681/2681/2681 2691/2691/2691 2690/2690/2690
f 2688/2688/2688 2717/2717/2717 4000/4000/4000
f 2717/2717/2717 2688/2688/2688 2689/2689/2689
f 2717/2717/2717 4007/4007/4007 4000/4000/4000
f 2689/2689/2689 2718/2718/2718 2717/2717/2717
f 2689/2689/2689 2690/2690/2690 2719/2719/2719
f 2718/2718/2718 2689/2689/2689 2719/2719/2719
f 2690/2690/2690 2691/2691/2691 2720/2720/2720
f 2720/2720/2720 2719/2719/2719 2690/2690/2690
f 2993/2993/2993 2717/2717/2717 2718/2718/2718
f 4007/4007/4007 2717/2717/2717 2993/2993/2993
f 2718/2718/2718 2992/2992/2992 2993/2993/2993
f 2718/2718/2718 2719/2719/2719 2994/2994/2994
f 2992/2992/2992 2718/2718/2718 2994/2994/2994
f 2719/2719/2719 2720/2720/2720 3004/3004/3004
f 3004/3004/3004 2994/2994/2994 2719/2719/2719
f 2994/2994/2994 3005/3005/3005 2992/2992/2992
f 3005/3005/3005 2994/2994/2994 3004/3004/3004
f 2993/2993/2993 2992/2992/2992 3005/3005/3005
f 3005/3005/3005 3006/3006/3006 2993/2993/2993
f 2993/2993/2993 3006/3006/3006 4007/4007/4007
f 3006/3006/3006 3005/3005/3005 2961/2961/2961
f 2961/2961/2961 3005/3005/3005 3004/3004/3004
f 2961/2961/2961 2963/2963/2963 3006/3006/3006
f 2961/2961/2961 2960/2960/2960 2963/2963/2963
f 2958/2958/2958 2960/2960/2960 2961/2961/2961
f 2961/2961/2961 2959/2959/2959 2958/2958/2958
f 3004/3004/3004 2959/2959/2959 2961/2961/2961
f 2958/2958/2958 2959/2959/2959 2957/2957/2957
f 2957/2957/2957 2956/2956/2956 2958/2958/2958
f 2956/2956/2956 2957/2957/2957 2955/2955/2955
f 2955/2955/2955 2954/2954/2954 2956/2956/2956
f 2954/2954/2954 2955/2955/2955 2953/2953/2953
f 2953/2953/2953 2947/2947/2947 2954/2954/2954
f 2943/2943/2943 2947/2947/2947 2953/2953/2953
f 2943/2943/2943 2946/2946/2946 2947/2947/2947
f 2943/2943/2943 2944/2944/2944 2946/2946/2946
f 2936/2936/2936 2944/2944/2944 2943/2943/2943
f 2943/2943/2943 2935/2935/2935 2936/2936/2936
f 2927/2927/2927 2936/2936/2936 2935/2935/2935
f 2935/2935/2935 2926/2926/2926 2927/2927/2927
f 2873/2873/2873 2927/2927/2927 2926/2926/2926
f 2926/2926/2926 2876/2876/2876 2873/2873/2873
f 2874/2874/2874 2873/2873/2873 2876/2876/2876
f 2876/2876/2876 2875/2875/2875 2874/2874/2874
f 2878/2878/2878 2873/2873/2873 2874/2874/2874
f 2874/2874/2874 2877/2877/2877 2878/2878/2878
f 2879/2879/2879 2877/2877/2877 2874/2874/2874
f 2874/2874/2874 2880/2880/2880 2879/2879/2879
f 2880/2880/2880 2874/2874/2874 2881/2881/2881
f 2875/2875/2875 2881/2881/2881 2874/2874/2874
f 2883/2883/2883 2878/2878/2878 2877/2877/2877
f 2883/2883/2883 2877/2877/2877 2879/2879/2879
f 2878/2878/2878 2883/2883/2883 2882/2882/2882
f 2879/2879/2879 2884/2884/2884 2883/2883/2883
f 2886/2886/2886 2882/2882/2882 2883/2883/2883
f 2886/2886/2886 2885/2885/2885 2882/2882/2882
f 2883/2883/2883 2884/2884/2884 2887/2887/2887
f 2887/2887/2887 2886/2886/2886 2883/2883/2883
f 2888/2888/2888 2885/2885/2885 2886/2886/2886
f 2886/2886/2886 2889/2889/2889 2888/2888/2888
f 2889/2889/2889 2886/2886/2886 2887/2887/2887
f 2887/2887/2887 2890/2890/2890 2889/2889/2889
f 2891/2891/2891 2881/2881/2881 2875/2875/2875
f 2875/2875/2875 2892/2892/2892 2891/2891/2891
f 2893/2893/2893 2892/2892/2892 2875/2875/2875
f 2893/2893/2893 2875/2875/2875 2876/2876/2876
f 2891/2891/2891 2892/2892/2892 2895/2895/2895
f 2895/2895/2895 2894/2894/2894 2891/2891/2891
f 2892/2892/2892 2893/2893/2893 2896/2896/2896
f 2896/2896/2896 2895/2895/2895 2892/2892/2892
f 4048/4048/4048 2889/2889/2889 2890/2890/2890
f 4048/4048/4048 2888/2888/2888 2889/2889/2889
f 2890/2890/2890 4049/4049/4049 4048/4048/4048
f 2888/2888/2888 4048/4048/4048 4050/4050/4050
f 2891/2891/2891 2894/2894/2894 2919/2919/2919
f 2919/2919/2919 2903/2903/2903 2891/2891/2891
f 2891/2891/2891 2903/2903/2903 2881/2881/2881
f 2881/2881/2881 2903/2903/2903 2897/2897/2897
f 2881/2881/2881 2897/2897/2897 2898/2898/2898
f 2898/2898/2898 2880/2880/2880 2881/2881/2881
f 2899/2899/2899 2880/2880/2880 2898/2898/2898
f 2879/2879/2879 2880/2880/2880 2899/2899/2899
f 2901/2901/2901 2898/2898/2898 2897/2897/2897
f 2897/2897/2897 2900/2900/2900 2901/2901/2901
f 2899/2899/2899 2898/2898/2898 2902/2902/2902
f 2898/2898/2898 2901/2901/2901 2902/2902/2902
f 2899/2899/2899 2904/2904/2904 2879/2879/2879
f 2904/2904/2904 2899/2899/2899 2902/2902/2902
f 2904/2904/2904 2884/2884/2884 2879/2879/2879
f 2902/2902/2902 2905/2905/2905 2904/2904/2904
f 2901/2901/2901 2907/2907/2907 2902/2902/2902
f 2905/2905/2905 2902/2902/2902 2907/2907/2907
f 2907/2907/2907 2901/2901/2901 2906/2906/2906
f 2906/2906/2906 2901/2901/2901 2908/2908/2908
f 2900/2900/2900 2908/2908/2908 2901/2901/2901
f 2897/2897/2897 2909/2909/2909 2900/2900/2900
f 2908/2908/2908 2900/2900/2900 2909/2909/2909
f 2897/2897/2897 2903/2903/2903 2909/2909/2909
f 2911/2911/2911 2906/2906/2906 2908/2908/2908
f 2907/2907/2907 2906/2906/2906 2911/2911/2911
f 2908/2908/2908 2910/2910/2910 2911/2911/2911
f 2911/2911/2911 2912/2912/2912 2907/2907/2907
f 2907/2907/2907 2912/2912/2912 2905/2905/2905
f 2909/2909/2909 4051/4051/4051 2908/2908/2908
f 2904/2904/2904 2913/2913/2913 2884/2884/2884
f 2887/2887/2887 2884/2884/2884 2913/2913/2913
f 2904/2904/2904 2905/2905/2905 2914/2914/2914
f 2914/2914/2914 2913/2913/2913 2904/2904/2904
f 2905/2905/2905 2912/2912/2912 2915/2915/2915
f 2915/2915/2915 2914/2914/2914 2905/2905/2905
f 2916/2916/2916 2912/2912/2912 2911/2911/2911
f 2912/2912/2912 2916/2916/2916 2915/2915/2915
f 2916/2916/2916 2911/2911/2911 2910/2910/2910
f 2910/2910/2910 2917/2917/2917 2916/2916/2916
f 4051/4051/4051 2909/2909/2909 2918/2918/2918
f 2918/2918/2918 4052/4052/4052 4051/4051/4051
f 2909/2909/2909 2903/2903/2903 2919/2919/2919
f 2919/2919/2919 2918/2918/2918 2909/2909/2909
f 2890/2890/2890 2887/2887/2887 2913/2913/2913
f 2913/2913/2913 2920/2920/2920 2890/2890/2890
f 2920/2920/2920 2913/2913/2913 2914/2914/2914
f 2890/2890/2890 2920/2920/2920 4049/4049/4049
f 4053/4053/4053 4049/4049/4049 2920/2920/2920
f 4054/4054/4054 4053/4053/4053 2920/2920/2920
f 2920/2920/2920 2921/2921/2921 4054/4054/4054
f 2921/2921/2921 2920/2920/2920 2914/2914/2914
f 2917/2917/2917 4054/4054/4054 2921/2921/2921
f 2916/2916/2916 2917/2917/2917 2921/2921/2921
f 2921/2921/2921 2915/2915/2915 2916/2916/2916
f 2921/2921/2921 2914/2914/2914 2915/2915/2915
f 2694/2694/2694 2648/2648/2648 2645/2645/2645
f 2694/2694/2694 2693/2693/2693 2648/2648/2648
f 2694/2694/2694 2645/2645/2645 2660/2660/2660
f 2660/2660/2660 2695/2695/2695 2694/2694/2694
f 2695/2695/2695 2660/2660/2660 3993/3993/3993
f 3993/3993/3993 2696/2696/2696 2695/2695/2695
f 2648/2648/2648 2693/2693/2693 4003/4003/4003
f 4003/4003/4003 2650/2650/2650 2648/2648/2648
f 2705/2705/2705 4003/4003/4003 2693/2693/2693
f 2705/2705/2705 2693/2693/2693 2694/2694/2694
f 2705/2705/2705 4004/4004/4004 4003/4003/4003
f 2694/2694/2694 2706/2706/2706 2705/2705/2705
f 2707/2707/2707 2706/2706/2706 2694/2694/2694
f 2694/2694/2694 2695/2695/2695 2707/2707/2707
f 2707/2707/2707 2695/2695/2695 2696/2696/2696
f 2696/2696/2696 2708/2708/2708 2707/2707/2707
f 4006/4006/4006 2707/2707/2707 2708/2708/2708
f 4006/4006/4006 2706/2706/2706 2707/2707/2707
f 2705/2705/2705 2706/2706/2706 4006/4006/4006
f 4006/4006/4006 4004/4004/4004 2705/2705/2705
f 2697/2697/2697 2658/2658/2658 2656/2656/2656
f 2697/2697/2697 4002/4002/4002 2658/2658/2658
f 2697/2697/2697 2656/2656/2656 2654/2654/2654
f 2654/2654/2654 2698/2698/2698 2697/2697/2697
f 2698/2698/2698 2654/2654/2654 2652/2652/2652
f 2652/2652/2652 2699/2699/2699 2698/2698/2698
f 2699/2699/2699 2652/2652/2652 3991/3991/3991
f 3991/3991/3991 2700/2700/2700 2699/2699/2699
f 2702/2702/2702 2697/2697/2697 2698/2698/2698
f 2702/2702/2702 4002/4002/4002 2697/2697/2697
f 2698/2698/2698 2701/2701/2701 2702/2702/2702
f 2703/2703/2703 2701/2701/2701 2698/2698/2698
f 2698/2698/2698 2699/2699/2699 2703/2703/2703
f 2703/2703/2703 2699/2699/2699 2700/2700/2700
f 2700/2700/2700 2704/2704/2704 2703/2703/2703
f 2702/2702/2702 4005/4005/4005 4002/4002/4002
f 2703/2703/2703 2709/2709/2709 2701/2701/2701
f 2704/2704/2704 2709/2709/2709 2703/2703/2703
f 2709/2709/2709 2710/2710/2710 2701/2701/2701
f 2711/2711/2711 2702/2702/2702 2701/2701/2701
f 2701/2701/2701 2710/2710/2710 2711/2711/2711
f 4005/4005/4005 2702/2702/2702 2711/2711/2711
f 2712/2712/2712 4005/4005/4005 2711/2711/2711
f 2711/2711/2711 2710/2710/2710 2712/2712/2712
f 2709/2709/2709 2712/2712/2712 2710/2710/2710
f 2712/2712/2712 2709/2709/2709 2704/2704/2704
f 2722/2722/2722 2721/2721/2721 2723/2723/2723
f 2724/2724/2724 2723/2723/2723 2721/2721/2721
f 2723/2723/2723 2724/2724/2724 2725/2725/2725
f 2724/2724/2724 2726/2726/2726 2725/2725/2725
f 2721/2721/2721 2722/2722/2722 2735/2735/2735
f 2735/2735/2735 2736/2736/2736 2721/2721/2721
f 2736/2736/2736 2735/2735/2735 4011/4011/4011
f 4012/4012/4012 4011/4011/4011 2735/2735/2735
f 2737/2737/2737 2722/2722/2722 2723/2723/2723
f 2723/2723/2723 2738/2738/2738 2737/2737/2737
f 2738/2738/2738 2723/2723/2723 2739/2739/2739
f 2725/2725/2725 2739/2739/2739 2723/2723/2723
f 2735/2735/2735 2744/2744/2744 4012/4012/4012
f 2722/2722/2722 2737/2737/2737 2744/2744/2744
f 2744/2744/2744 2735/2735/2735 2722/2722/2722
f 4014/4014/4014 4012/4012/4012 2744/2744/2744
f 2739/2739/2739 2750/2750/2750 2738/2738/2738
f 2748/2748/2748 2738/2738/2738 2750/2750/2750
f 2747/2747/2747 2748/2748/2748 2750/2750/2750
f 2748/2748/2748 2747/2747/2747 2745/2745/2745
f 2738/2738/2738 2748/2748/2748 2745/2745/2745
f 2745/2745/2745 2737/2737/2737 2738/2738/2738
f 2744/2744/2744 2737/2737/2737 2745/2745/2745
f 2746/2746/2746 2745/2745/2745 2747/2747/2747
f 2750/2750/2750 2749/2749/2749 2747/2747/2747
f 2745/2745/2745 2746/2746/2746 2759/2759/2759
f 2759/2759/2759 2760/2760/2760 2745/2745/2745
f 2744/2744/2744 2745/2745/2745 2760/2760/2760
f 4014/4014/4014 2744/2744/2744 2760/2760/2760
f 2760/2760/2760 2759/2759/2759 4017/4017/4017
f 4017/4017/4017 4018/4018/4018 2760/2760/2760
f 2760/2760/2760 4018/4018/4018 4014/4014/4014
f 2747/2747/2747 2762/2762/2762 2746/2746/2746
f 2762/2762/2762 2747/2747/2747 2749/2749/2749
f 2761/2761/2761 2746/2746/2746 2762/2762/2762
f 2749/2749/2749 2763/2763/2763 2762/2762/2762
f 4017/4017/4017 2759/2759/2759 2768/2768/2768
f 2746/2746/2746 2761/2761/2761 2768/2768/2768
f 2768/2768/2768 2759/2759/2759 2746/2746/2746
f 2768/2768/2768 4020/4020/4020 4017/4017/4017
f 2768/2768/2768 2761/2761/2761 2790/2790/2790
f 2789/2789/2789 2768/2768/2768 2790/2790/2790
f 4020/4020/4020 2768/2768/2768 2789/2789/2789
f 2790/2790/2790 2761/2761/2761 2791/2791/2791
f 2762/2762/2762 2791/2791/2791 2761/2761/2761
f 2791/2791/2791 2762/2762/2762 2763/2763/2763
f 2763/2763/2763 2792/2792/2792 2791/2791/2791
f 2789/2789/2789 4027/4027/4027 4020/4020/4020
f 2789/2789/2789 2790/2790/2790 3018/3018/3018
f 2789/2789/2789 3018/3018/3018 2952/2952/2952
f 2951/2951/2951 2952/2952/2952 3018/3018/3018
f 2941/2941/2941 2952/2952/2952 2951/2951/2951
f 2951/2951/2951 2940/2940/2940 2941/2941/2941
f 2940/2940/2940 2932/2932/2932 2941/2941/2941
f 2932/2932/2932 2940/2940/2940 2939/2939/2939
f 2939/2939/2939 2940/2940/2940 2951/2951/2951
f 2939/2939/2939 2931/2931/2931 2932/2932/2932
f 2931/2931/2931 2922/2922/2922 2932/2932/2932
f 2929/2929/2929 2922/2922/2922 2931/2931/2931
f 2882/2882/2882 2922/2922/2922 2929/2929/2929
f 2882/2882/2882 2929/2929/2929 2928/2928/2928
f 2928/2928/2928 2878/2878/2878 2882/2882/2882
f 2873/2873/2873 2878/2878/2878 2928/2928/2928
f 2927/2927/2927 2873/2873/2873 2928/2928/2928
f 2885/2885/2885 2922/2922/2922 2882/2882/2882
f 2922/2922/2922 2885/2885/2885 2888/2888/2888
f 2888/2888/2888 2923/2923/2923 2922/2922/2922
f 2923/2923/2923 2932/2932/2932 2922/2922/2922
f 2924/2924/2924 2923/2923/2923 2888/2888/2888
f 4050/4050/4050 2924/2924/2924 2888/2888/2888
f 2930/2930/2930 2929/2929/2929 2931/2931/2931
f 2932/2932/2932 2923/2923/2923 2933/2933/2933
f 2924/2924/2924 2933/2933/2933 2923/2923/2923
f 2927/2927/2927 2928/2928/2928 2937/2937/2937
f 2929/2929/2929 2930/2930/2930 2937/2937/2937
f 2937/2937/2937 2928/2928/2928 2929/2929/2929
f 2936/2936/2936 2927/2927/2927 2937/2937/2937
f 2932/2932/2932 2933/2933/2933 2941/2941/2941
f 2936/2936/2936 2937/2937/2937 2945/2945/2945
f 2945/2945/2945 2937/2937/2937 2930/2930/2930
f 2945/2945/2945 2944/2944/2944 2936/2936/2936
f 2930/2930/2930 2938/2938/2938 2945/2945/2945
f 2938/2938/2938 2930/2930/2930 2931/2931/2931
f 2931/2931/2931 2939/2939/2939 2938/2938/2938
f 2944/2944/2944 2945/2945/2945 2948/2948/2948
f 2948/2948/2948 2945/2945/2945 2938/2938/2938
f 2948/2948/2948 2946/2946/2946 2944/2944/2944
f 2938/2938/2938 2949/2949/2949 2948/2948/2948
f 2949/2949/2949 2938/2938/2938 2939/2939/2939
f 2939/2939/2939 2950/2950/2950 2949/2949/2949
f 2951/2951/2951 2950/2950/2950 2939/2939/2939
f 2946/2946/2946 2948/2948/2948 2986/2986/2986
f 2986/2986/2986 2985/2985/2985 2946/2946/2946
f 2946/2946/2946 2985/2985/2985 2947/2947/2947
f 2947/2947/2947 2985/2985/2985 2983/2983/2983
f 2947/2947/2947 2983/2983/2983 2954/2954/2954
f 2954/2954/2954 2983/2983/2983 2984/2984/2984
f 2984/2984/2984 2956/2956/2956 2954/2954/2954
f 2987/2987/2987 2948/2948/2948 2949/2949/2949
f 2986/2986/2986 2948/2948/2948 2987/2987/2987
f 2949/2949/2949 2988/2988/2988 2987/2987/2987
f 2987/2987/2987 2988/2988/2988 2989/2989/2989
f 2989/2989/2989 2988/2988/2988 2974/2974/2974
f 2974/2974/2974 2978/2978/2978 2989/2989/2989
f 2976/2976/2976 2978/2978/2978 2974/2974/2974
f 2974/2974/2974 2972/2972/2972 2976/2976/2976
f 2975/2975/2975 2972/2972/2972 2974/2974/2974
f 2975/2975/2975 2974/2974/2974 2988/2988/2988
f 2973/2973/2973 2972/2972/2972 2975/2975/2975
f 2970/2970/2970 2972/2972/2972 2973/2973/2973
f 2976/2976/2976 2972/2972/2972 2970/2970/2970
f 2973/2973/2973 2971/2971/2971 2970/2970/2970
f 2968/2968/2968 2970/2970/2970 2971/2971/2971
f 2968/2968/2968 2971/2971/2971 2969/2969/2969
f 4060/4060/4060 2968/2968/2968 2969/2969/2969
f 4060/4060/4060 2969/2969/2969 4059/4059/4059
f 2977/2977/2977 2976/2976/2976 2970/2970/2970
f 2977/2977/2977 2970/2970/2970 2968/2968/2968
f 2968/2968/2968 2979/2979/2979 2977/2977/2977
f 2979/2979/2979 2968/2968/2968 4060/4060/4060
f 4060/4060/4060 2980/2980/2980 2979/2979/2979
f 2976/2976/2976 4062/4062/4062 2978/2978/2978
f 4062/4062/4062 2976/2976/2976 4063/4063/4063
f 4063/4063/4063 2976/2976/2976 2977/2977/2977
f 4064/4064/4064 2978/2978/2978 4062/4062/4062
f 2980/2980/2980 4073/4073/4073 2979/2979/2979
f 4073/4073/4073 4074/4074/4074 2979/2979/2979
f 4075/4075/4075 2977/2977/2977 2979/2979/2979
f 2979/2979/2979 4074/4074/4074 4075/4075/4075
f 2977/2977/2977 4075/4075/4075 4063/4063/4063
f 2969/2969/2969 2868/2868/2868 4059/4059/4059
f 4076/4076/4076 4059/4059/4059 2868/2868/2868
f 4077/4077/4077 4076/4076/4076 2868/2868/2868
f 2868/2868/2868 2869/2869/2869 4077/4077/4077
f 2869/2869/2869 2868/2868/2868 2839/2839/2839
f 2839/2839/2839 2868/2868/2868 2867/2867/2867
f 2867/2867/2867 2838/2838/2838 2839/2839/2839
f 2867/2867/2867 2837/2837/2837 2838/2838/2838
f 2867/2867/2867 2866/2866/2866 2837/2837/2837
f 2837/2837/2837 2866/2866/2866 2865/2865/2865
f 2865/2865/2865 2844/2844/2844 2837/2837/2837
f 2869/2869/2869 2839/2839/2839 2840/2840/2840
f 3013/3013/3013 2867/2867/2867 2868/2868/2868
f 2969/2969/2969 3013/3013/3013 2868/2868/2868
f 3012/3012/3012 3013/3013/3013 2969/2969/2969
f 2866/2866/2866 2867/2867/2867 3012/3012/3012
f 2867/2867/2867 3013/3013/3013 3012/3012/3012
f 2969/2969/2969 2971/2971/2971 3012/3012/3012
f 3011/3011/3011 3012/3012/3012 2971/2971/2971
f 2971/2971/2971 2973/2973/2973 3011/3011/3011
f 3011/3011/3011 2973/2973/2973 3010/3010/3010
f 3010/3010/3010 2973/2973/2973 2975/2975/2975
f 3014/3014/3014 3012/3012/3012 3011/3011/3011
f 3014/3014/3014 2866/2866/2866 3012/3012/3012
f 3011/3011/3011 3010/3010/3010 3015/3015/3015
f 3015/3015/3015 3014/3014/3014 3011/3011/3011
f 2975/2975/2975 2950/2950/2950 3010/3010/3010
f 3015/3015/3015 3010/3010/3010 2950/2950/2950
f 2949/2949/2949 2950/2950/2950 2975/2975/2975
f 2975/2975/2975 2988/2988/2988 2949/2949/2949
f 2950/2950/2950 2951/2951/2951 3015/3015/3015
f 3014/3014/3014 3015/3015/3015 3017/3017/3017
f 3017/3017/3017 3015/3015/3015 2951/2951/2951
f 3017/3017/3017 3016/3016/3016 3014/3014/3014
f 3014/3014/3014 3016/3016/3016 2866/2866/2866
f 3016/3016/3016 2865/2865/2865 2866/2866/2866
f 2951/2951/2951 3018/3018/3018 3017/3017/3017
f 3017/3017/3017 3018/3018/3018 3019/3019/3019
f 3019/3019/3019 3020/3020/3020 3017/3017/3017
f 3019/3019/3019 3018/3018/3018 2790/2790/2790
f 3017/3017/3017 3020/3020/3020 2714/2714/2714
f 2714/2714/2714 3016/3016/3016 3017/3017/3017
f 2865/2865/2865 3016/3016/3016 2714/2714/2714
f 2791/2791/2791 3020/3020/3020 3019/3019/3019
f 3019/3019/3019 2790/2790/2790 2791/2791/2791
f 3020/3020/3020 2713/2713/2713 2714/2714/2714
f 3020/3020/3020 2791/2791/2791 2713/2713/2713
f 2791/2791/2791 4008/4008/4008 2713/2713/2713
f 2792/2792/2792 4008/4008/4008 2791/2791/2791
f 2728/2728/2728 2727/2727/2727 4009/4009/4009
f 4009/4009/4009 4010/4010/4010 2728/2728/2728
f 2727/2727/2727 2728/2728/2728 2729/2729/2729
f 2728/2728/2728 2730/2730/2730 2729/2729/2729
f 2729/2729/2729 2730/2730/2730 2731/2731/2731
f 2730/2730/2730 2732/2732/2732 2731/2731/2731
f 2731/2731/2731 2732/2732/2732 2733/2733/2733
f 2732/2732/2732 2734/2734/2734 2733/2733/2733
f 4013/4013/4013 4009/4009/4009 2727/2727/2727
f 2727/2727/2727 2740/2740/2740 4013/4013/4013
f 2740/2740/2740 2727/2727/2727 2741/2741/2741
f 2727/2727/2727 2729/2729/2729 2741/2741/2741
f 2741/2741/2741 2729/2729/2729 2731/2731/2731
f 2731/2731/2731 2742/2742/2742 2741/2741/2741
f 2743/2743/2743 2742/2742/2742 2731/2731/2731
f 2731/2731/2731 2733/2733/2733 2743/2743/2743
f 2754/2754/2754 2741/2741/2741 2742/2742/2742
f 2742/2742/2742 2756/2756/2756 2754/2754/2754
f 2754/2754/2754 2756/2756/2756 2755/2755/2755
f 2755/2755/2755 2753/2753/2753 2754/2754/2754
f 2754/2754/2754 2753/2753/2753 2751/2751/2751
f 2751/2751/2751 2752/2752/2752 2754/2754/2754
f 2741/2741/2741 2754/2754/2754 2752/2752/2752
f 2752/2752/2752 2740/2740/2740 2741/2741/2741
f 2752/2752/2752 2751/2751/2751 4015/4015/4015
f 4015/4015/4015 4016/4016/4016 2752/2752/2752
f 2740/2740/2740 2752/2752/2752 4016/4016/4016
f 4016/4016/4016 4013/4013/4013 2740/2740/2740
f 2755/2755/2755 2756/2756/2756 2758/2758/2758
f 2742/2742/2742 2743/2743/2743 2758/2758/2758
f 2758/2758/2758 2756/2756/2756 2742/2742/2742
f 2758/2758/2758 2757/2757/2757 2755/2755/2755
f 4019/4019/4019 4015/4015/4015 2751/2751/2751
f 2751/2751/2751 2764/2764/2764 4019/4019/4019
f 2764/2764/2764 2751/2751/2751 2765/2765/2765
f 2751/2751/2751 2753/2753/2753 2765/2765/2765
f 2753/2753/2753 2755/2755/2755 2766/2766/2766
f 2766/2766/2766 2765/2765/2765 2753/2753/2753
f 2766/2766/2766 2755/2755/2755 2757/2757/2757
f 2757/2757/2757 2767/2767/2767 2766/2766/2766
f 4026/4026/4026 4019/4019/4019 2764/2764/2764
f 2764/2764/2764 2793/2793/2793 4026/4026/4026
f 2793/2793/2793 2764/2764/2764 2794/2794/2794
f 2765/2765/2765 2794/2794/2794 2764/2764/2764
f 2794/2794/2794 2765/2765/2765 2766/2766/2766
f 2766/2766/2766 2795/2795/2795 2794/2794/2794
f 2795/2795/2795 2766/2766/2766 2767/2767/2767
f 2767/2767/2767 2796/2796/2796 2795/2795/2795
f 2793/2793/2793 2794/2794/2794 2999/2999/2999
f 2794/2794/2794 2998/2998/2998 2999/2999/2999
f 2794/2794/2794 2795/2795/2795 3000/3000/3000
f 3000/3000/3000 2998/2998/2998 2794/2794/2794
f 2795/2795/2795 2796/2796/2796 3001/3001/3001
f 3001/3001/3001 3000/3000/3000 2795/2795/2795
f 3002/3002/3002 2998/2998/2998 3000/3000/3000
f 3000/3000/3000 3001/3001/3001 3002/3002/3002
f 2998/2998/2998 3002/3002/3002 3003/3003/3003
f 3003/3003/3003 2999/2999/2999 2998/2998/2998
f 2793/2793/2793 2999/2999/2999 3003/3003/3003
f 4026/4026/4026 2793/2793/2793 3003/3003/3003
f 3002/3002/3002 2957/2957/2957 3003/3003/3003
f 2957/2957/2957 2959/2959/2959 3003/3003/3003
f 3001/3001/3001 2955/2955/2955 3002/3002/3002
f 2957/2957/2957 3002/3002/3002 2955/2955/2955
f 3003/3003/3003 2959/2959/2959 3004/3004/3004
f 4026/4026/4026 3003/3003/3003 3004/3004/3004
f 3004/3004/3004 2720/2720/2720 4026/4026/4026
f 2955/2955/2955 3001/3001/3001 2953/2953/2953
f 4058/4058/4058 2953/2953/2953 3001/3001/3001
f 3001/3001/3001 2796/2796/2796 4058/4058/4058
f 2942/2942/2942 2953/2953/2953 4058/4058/4058
f 4058/4058/4058 4057/4057/4057 2942/2942/2942
f 2934/2934/2934 2942/2942/2942 4057/4057/4057
f 4057/4057/4057 4056/4056/4056 2934/2934/2934
f 2925/2925/2925 2934/2934/2934 4056/4056/4056
f 4056/4056/4056 4055/4055/4055 2925/2925/2925
f 4055/4055/4055 2896/2896/2896 2925/2925/2925
f 2896/2896/2896 2893/2893/2893 2925/2925/2925
f 2925/2925/2925 2893/2893/2893 2876/2876/2876
f 2876/2876/2876 2926/2926/2926 2925/2925/2925
f 2934/2934/2934 2925/2925/2925 2926/2926/2926
f 2926/2926/2926 2935/2935/2935 2934/2934/2934
f 2942/2942/2942 2934/2934/2934 2935/2935/2935
f 2935/2935/2935 2943/2943/2943 2942/2942/2942
f 2953/2953/2953 2942/2942/2942 2943/2943/2943
f 2796/2796/2796 4078/4078/4078 4058/4058/4058
f 2769/2769/2769 2724/2724/2724 2721/2721/2721
f 2721/2721/2721 2770/2770/2770 2769/2769/2769
f 2770/2770/2770 2721/2721/2721 2736/2736/2736
f 2736/2736/2736 2771/2771/2771 2770/2770/2770
f 2772/2772/2772 2771/2771/2771 2736/2736/2736
f 2736/2736/2736 4011/4011/4011 2772/2772/2772
f 2724/2724/2724 2769/2769/2769 4022/4022/4022
f 4022/4022/4022 2726/2726/2726 2724/2724/2724
f 2781/2781/2781 4022/4022/4022 2769/2769/2769
f 2781/2781/2781 2769/2769/2769 2770/2770/2770
f 2781/2781/2781 4023/4023/4023 4022/4022/4022
f 2782/2782/2782 2781/2781/2781 2770/2770/2770
f 2782/2782/2782 2770/2770/2770 2771/2771/2771
f 2771/2771/2771 2783/2783/2783 2782/2782/2782
f 2771/2771/2771 2772/2772/2772 2784/2784/2784
f 2784/2784/2784 2783/2783/2783 2771/2771/2771
f 2783/2783/2783 4025/4025/4025 2782/2782/2782
f 2784/2784/2784 4025/4025/4025 2783/2783/2783
f 4025/4025/4025 2781/2781/2781 2782/2782/2782
f 4025/4025/4025 4023/4023/4023 2781/2781/2781
f 2773/2773/2773 2734/2734/2734 2732/2732/2732
f 2773/2773/2773 4021/4021/4021 2734/2734/2734
f 2774/2774/2774 2773/2773/2773 2732/2732/2732
f 2774/2774/2774 2732/2732/2732 2730/2730/2730
f 2774/2774/2774 2730/2730/2730 2728/2728/2728
f 2728/2728/2728 2775/2775/2775 2774/2774/2774
f 2775/2775/2775 2728/2728/2728 4010/4010/4010
f 4010/4010/4010 2776/2776/2776 2775/2775/2775
f 2774/2774/2774 2777/2777/2777 2773/2773/2773
f 2777/2777/2777 2774/2774/2774 2775/2775/2775
f 2778/2778/2778 2773/2773/2773 2777/2777/2777
f 2778/2778/2778 4021/4021/4021 2773/2773/2773
f 2775/2775/2775 2779/2779/2779 2777/2777/2777
f 2779/2779/2779 2775/2775/2775 2776/2776/2776
f 2776/2776/2776 2780/2780/2780 2779/2779/2779
f 2778/2778/2778 4024/4024/4024 4021/4021/4021
f 2779/2779/2779 2785/2785/2785 2777/2777/2777
f 2780/2780/2780 2785/2785/2785 2779/2779/2779
f 2785/2785/2785 2786/2786/2786 2777/2777/2777
f 2778/2778/2778 2777/2777/2777 2786/2786/2786
f 2786/2786/2786 2787/2787/2787 2778/2778/2778
f 4024/4024/4024 2778/2778/2778 2787/2787/2787
f 2788/2788/2788 4024/4024/4024 2787/2787/2787
f 2787/2787/2787 2786/2786/2786 2788/2788/2788
f 2788/2788/2788 2785/2785/2785 2780/2780/2780
f 2786/2786/2786 2785/2785/2785 2788/2788/2788
f 4029/4029/4029 4028/4028/4028 2805/2805/2805
f 4028/4028/4028 2806/2806/2806 2805/2805/2805
f 2805/2805/2805 2806/2806/2806 2808/2808/2808
f 2808/2808/2808 2807/2807/2807 2805/2805/2805
f 2807/2807/2807 2808/2808/2808 2809/2809/2809
f 2808/2808/2808 2810/2810/2810 2809/2809/2809
f 4029/4029/4029 2805/2805/2805 2817/2817/2817
f 2817/2817/2817 2805/2805/2805 2807/2807/2807
f 4032/4032/4032 4029/4029/4029 2817/2817/2817
f 2807/2807/2807 2818/2818/2818 2817/2817/2817
f 2818/2818/2818 2807/2807/2807 2819/2819/2819
f 2807/2807/2807 2809/2809/2809 2819/2819/2819
f 2830/2830/2830 2817/2817/2817 2818/2818/2818
f 4032/4032/4032 2817/2817/2817 2830/2830/2830
f 2818/2818/2818 2832/2832/2832 2830/2830/2830
f 2832/2832/2832 2818/2818/2818 2819/2819/2819
f 2829/2829/2829 2830/2830/2830 2832/2832/2832
f 4034/4034/4034 2830/2830/2830 2829/2829/2829
f 2830/2830/2830 4034/4034/4034 4032/4032/4032
f 4035/4035/4035 4034/4034/4034 2829/2829/2829
f 2832/2832/2832 2831/2831/2831 2829/2829/2829
f 2833/2833/2833 2831/2831/2831 2832/2832/2832
f 2832/2832/2832 2834/2834/2834 2833/2833/2833
f 2819/2819/2819 2834/2834/2834 2832/2832/2832
f 2829/2829/2829 2841/2841/2841 4035/4035/4035
f 2841/2841/2841 2829/2829/2829 2831/2831/2831
f 4038/4038/4038 4035/4035/4035 2841/2841/2841
f 2831/2831/2831 2842/2842/2842 2841/2841/2841
f 2831/2831/2831 2833/2833/2833 2843/2843/2843
f 2843/2843/2843 2842/2842/2842 2831/2831/2831
f 2841/2841/2841 2870/2870/2870 4038/4038/4038
f 4038/4038/4038 2870/2870/2870 4046/4046/4046
f 2841/2841/2841 2842/2842/2842 2871/2871/2871
f 2871/2871/2871 2870/2870/2870 2841/2841/2841
f 2842/2842/2842 2843/2843/2843 2872/2872/2872
f 2872/2872/2872 2871/2871/2871 2842/2842/2842
f 2870/2870/2870 2871/2871/2871 2995/2995/2995
f 2995/2995/2995 2871/2871/2871 2872/2872/2872
f 2996/2996/2996 2870/2870/2870 2995/2995/2995
f 2997/2997/2997 4046/4046/4046 2870/2870/2870
f 2870/2870/2870 2996/2996/2996 2997/2997/2997
f 3008/3008/3008 2996/2996/2996 2995/2995/2995
f 2997/2997/2997 2996/2996/2996 3008/3008/3008
f 2995/2995/2995 3007/3007/3007 3008/3008/3008
f 2872/2872/2872 3007/3007/3007 2995/2995/2995
f 3008/3008/3008 3009/3009/3009 2997/2997/2997
f 3008/3008/3008 2965/2965/2965 3009/3009/3009
f 2967/2967/2967 3009/3009/3009 2965/2965/2965
f 2967/2967/2967 2965/2965/2965 2964/2964/2964
f 2965/2965/2965 2962/2962/2962 2964/2964/2964
f 2963/2963/2963 2962/2962/2962 2965/2965/2965
f 2963/2963/2963 2965/2965/2965 3008/3008/3008
f 3008/3008/3008 3007/3007/3007 2963/2963/2963
f 2963/2963/2963 2960/2960/2960 2962/2962/2962
f 2964/2964/2964 2966/2966/2966 2967/2967/2967
f 4061/4061/4061 2966/2966/2966 2964/2964/2964
f 2964/2964/2964 2981/2981/2981 4061/4061/4061
f 2964/2964/2964 2962/2962/2962 2981/2981/2981
f 2981/2981/2981 2962/2962/2962 2982/2982/2982
f 2982/2982/2982 2962/2962/2962 2991/2991/2991
f 2960/2960/2960 2991/2991/2991 2962/2962/2962
f 2990/2990/2990 2991/2991/2991 2960/2960/2960
f 2960/2960/2960 2958/2958/2958 2990/2990/2990
f 2990/2990/2990 2958/2958/2958 2956/2956/2956
f 2984/2984/2984 2990/2990/2990 2956/2956/2956
f 2982/2982/2982 2991/2991/2991 2984/2984/2984
f 2991/2991/2991 2990/2990/2990 2984/2984/2984
f 2984/2984/2984 4069/4069/4069 2982/2982/2982
f 4069/4069/4069 2984/2984/2984 2983/2983/2983
f 2983/2983/2983 4068/4068/4068 4069/4069/4069
f 4067/4067/4067 4068/4068/4068 2983/2983/2983
f 2983/2983/2983 2985/2985/2985 4067/4067/4067
f 4067/4067/4067 2985/2985/2985 2986/2986/2986
f 2986/2986/2986 4066/4066/4066 4067/4067/4067
f 2986/2986/2986 2987/2987/2987 4066/4066/4066
f 4066/4066/4066 2987/2987/2987 4065/4065/4065
f 2989/2989/2989 4065/4065/4065 2987/2987/2987
f 2989/2989/2989 4064/4064/4064 4065/4065/4065
f 2978/2978/2978 4064/4064/4064 2989/2989/2989
f 4070/4070/4070 2982/2982/2982 4069/4069/4069
f 2981/2981/2981 2982/2982/2982 4070/4070/4070
f 4070/4070/4070 4071/4071/4071 2981/2981/2981
f 2981/2981/2981 4071/4071/4071 4072/4072/4072
f 4072/4072/4072 4061/4061/4061 2981/2981/2981
f 2810/2810/2810 2849/2849/2849 4040/4040/4040
f 2808/2808/2808 2849/2849/2849 2810/2810/2810
f 2849/2849/2849 2808/2808/2808 2806/2806/2806
f 2806/2806/2806 2850/2850/2850 2849/2849/2849
f 2850/2850/2850 2806/2806/2806 4028/4028/4028
f 4028/4028/4028 2851/2851/2851 2850/2850/2850
f 2853/2853/2853 2849/2849/2849 2850/2850/2850
f 2853/2853/2853 2850/2850/2850 2851/2851/2851
f 2854/2854/2854 2849/2849/2849 2853/2853/2853
f 2854/2854/2854 4040/4040/4040 2849/2849/2849
f 2851/2851/2851 2855/2855/2855 2853/2853/2853
f 4040/4040/4040 2854/2854/2854 4043/4043/4043
f 2855/2855/2855 2861/2861/2861 2853/2853/2853
f 2861/2861/2861 2862/2862/2862 2853/2853/2853
f 2863/2863/2863 2854/2854/2854 2853/2853/2853
f 2862/2862/2862 2863/2863/2863 2853/2853/2853
f 4043/4043/4043 2854/2854/2854 2863/2863/2863
f 4044/4044/4044 2861/2861/2861 2855/2855/2855
f 2863/2863/2863 2862/2862/2862 2864/2864/2864
f 2864/2864/2864 4043/4043/4043 2863/2863/2863
f 2862/2862/2862 2861/2861/2861 2864/2864/2864
f 2861/2861/2861 4044/4044/4044 2864/2864/2864
f 3006/3006/3006 2963/2963/2963 3007/3007/3007
f 4007/4007/4007 3006/3006/3006 3007/3007/3007
f 2872/2872/2872 4007/4007/4007 3007/3007/3007
f 3022/3022/3022 4080/4080/4080 4079/4079/4079
f 3022/3022/3022 3021/3021/3021 4080/4080/4080
f 3022/3022/3022 4079/4079/4079 4081/4081/4081
f 4081/4081/4081 3023/3023/3023 3022/3022/3022
f 3023/3023/3023 4081/4081/4081 4082/4082/4082
f 4082/4082/4082 3024/3024/3024 3023/3023/3023
f 4080/4080/4080 3021/3021/3021 3035/3035/3035
f 3035/3035/3035 4095/4095/4095 4080/4080/4080
f 4095/4095/4095 3035/3035/3035 3034/3034/3034
f 3034/3034/3034 4094/4094/4094 4095/4095/4095
f 4094/4094/4094 3034/3034/3034 3033/3033/3033
f 3033/3033/3033 4093/4093/4093 4094/4094/4094
f 4093/4093/4093 3033/3033/3033 3032/3032/3032
f 3032/3032/3032 4092/4092/4092 4093/4093/4093
f 4092/4092/4092 3032/3032/3032 4091/4091/4091
f 3032/3032/3032 3031/3031/3031 4091/4091/4091
f 3031/3031/3031 4090/4090/4090 4091/4091/4091
f 3031/3031/3031 3030/3030/3030 4090/4090/4090
f 3030/3030/3030 4089/4089/4089 4090/4090/4090
f 3030/3030/3030 3029/3029/3029 4089/4089/4089
f 4089/4089/4089 3029/3029/3029 3028/3028/3028
f 3028/3028/3028 4088/4088/4088 4089/4089/4089
f 4088/4088/4088 3028/3028/3028 3027/3027/3027
f 3027/3027/3027 4087/4087/4087 4088/4088/4088
f 4087/4087/4087 3027/3027/3027 3026/3026/3026
f 3026/3026/3026 4086/4086/4086 4087/4087/4087
f 4086/4086/4086 3026/3026/3026 3025/3025/3025
f 3025/3025/3025 4083/4083/4083 4086/4086/4086
f 4083/4083/4083 3025/3025/3025 4085/4085/4085
f 4085/4085/4085 4084/4084/4084 4083/4083/4083
f 3037/3037/3037 3028/3028/3028 3029/3029/3029
f 3029/3029/3029 3036/3036/3036 3037/3037/3037
f 3039/3039/3039 3037/3037/3037 3036/3036/3036
f 3036/3036/3036 3038/3038/3038 3039/3039/3039
f 3041/3041/3041 3039/3039/3039 3038/3038/3038
f 3038/3038/3038 3040/3040/3040 3041/3041/3041
f 3043/3043/3043 3038/3038/3038 3036/3036/3036
f 3036/3036/3036 3042/3042/3042 3043/3043/3043
f 3029/3029/3029 3042/3042/3042 3036/3036/3036
f 3030/3030/3030 3042/3042/3042 3029/3029/3029
f 3038/3038/3038 3043/3043/3043 3044/3044/3044
f 3044/3044/3044 3040/3040/3040 3038/3038/3038
f 3046/3046/3046 3039/3039/3039 3041/3041/3041
f 3039/3039/3039 3046/3046/3046 3037/3037/3037
f 3041/3041/3041 3045/3045/3045 3046/3046/3046
f 3046/3046/3046 3045/3045/3045 3047/3047/3047
f 3047/3047/3047 3048/3048/3048 3046/3046/3046
f 3047/3047/3047 3049/3049/3049 3048/3048/3048
f 3050/3050/3050 3048/3048/3048 3049/3049/3049
f 3052/3052/3052 3050/3050/3050 3049/3049/3049
f 3049/3049/3049 3051/3051/3051 3052/3052/3052
f 3073/3073/3073 3044/3044/3044 3043/3043/3043
f 3043/3043/3043 3074/3074/3074 3073/3073/3073
f 3074/3074/3074 3043/3043/3043 3042/3042/3042
f 3071/3071/3071 3073/3073/3073 3074/3074/3074
f 3074/3074/3074 3072/3072/3072 3071/3071/3071
f 3069/3069/3069 3071/3071/3071 3072/3072/3072
f 3072/3072/3072 3070/3070/3070 3069/3069/3069
f 3067/3067/3067 3069/3069/3069 3070/3070/3070
f 3070/3070/3070 3068/3068/3068 3067/3067/3067
f 4098/4098/4098 3067/3067/3067 3068/3068/3068
f 3068/3068/3068 4099/4099/4099 4098/4098/4098
f 3072/3072/3072 3074/3074/3074 3075/3075/3075
f 3042/3042/3042 3075/3075/3075 3074/3074/3074
f 3075/3075/3075 3076/3076/3076 3072/3072/3072
f 3070/3070/3070 3072/3072/3072 3076/3076/3076
f 3076/3076/3076 3077/3077/3077 3070/3070/3070
f 3077/3077/3077 3068/3068/3068 3070/3070/3070
f 3077/3077/3077 3078/3078/3078 3068/3068/3068
f 4099/4099/4099 3068/3068/3068 3078/3078/3078
f 3078/3078/3078 3079/3079/3079 4099/4099/4099
f 3075/3075/3075 3042/3042/3042 3030/3030/3030
f 3090/3090/3090 3075/3075/3075 3030/3030/3030
f 3076/3076/3076 3075/3075/3075 3090/3090/3090
f 3090/3090/3090 3116/3116/3116 3076/3076/3076
f 3077/3077/3077 3076/3076/3076 3116/3116/3116
f 3116/3116/3116 3117/3117/3117 3077/3077/3077
f 3078/3078/3078 3077/3077/3077 3117/3117/3117
f 3117/3117/3117 3118/3118/3118 3078/3078/3078
f 3079/3079/3079 3078/3078/3078 3118/3118/3118
f 3118/3118/3118 3119/3119/3119 3079/3079/3079
f 3031/3031/3031 3090/3090/3090 3030/3030/3030
f 3116/3116/3116 3090/3090/3090 3031/3031/3031
f 3147/3147/3147 3118/3118/3118 3117/3117/3117
f 3147/3147/3147 3146/3146/3146 3118/3118/3118
f 3119/3119/3119 3118/3118/3118 3146/3146/3146
f 3151/3151/3151 3146/3146/3146 3147/3147/3147
f 3151/3151/3151 3149/3149/3149 3146/3146/3146
f 3149/3149/3149 3151/3151/3151 3150/3150/3150
f 3150/3150/3150 3145/3145/3145 3149/3149/3149
f 3149/3149/3149 3145/3145/3145 3144/3144/3144
f 3144/3144/3144 3145/3145/3145 3097/3097/3097
f 3097/3097/3097 3145/3145/3145 3150/3150/3150
f 3097/3097/3097 3137/3137/3137 3144/3144/3144
f 3097/3097/3097 3096/3096/3096 3137/3137/3137
f 3096/3096/3096 3097/3097/3097 3095/3095/3095
f 3150/3150/3150 3095/3095/3095 3097/3097/3097
f 3094/3094/3094 3096/3096/3096 3095/3095/3095
f 3095/3095/3095 3093/3093/3093 3094/3094/3094
f 3092/3092/3092 3094/3094/3094 3093/3093/3093
f 3035/3035/3035 3092/3092/3092 3093/3093/3093
f 3093/3093/3093 3034/3034/3034 3035/3035/3035
f 3098/3098/3098 3094/3094/3094 3092/3092/3092
f 3099/3099/3099 3094/3094/3094 3098/3098/3098
f 3099/3099/3099 3098/3098/3098 3100/3100/3100
f 3100/3100/3100 3101/3101/3101 3099/3099/3099
f 3103/3103/3103 3099/3099/3099 3101/3101/3101
f 3094/3094/3094 3099/3099/3099 3103/3103/3103
f 3103/3103/3103 3096/3096/3096 3094/3094/3094
f 3101/3101/3101 3102/3102/3102 3103/3103/3103
f 3102/3102/3102 3104/3104/3104 3103/3103/3103
f 3104/3104/3104 3105/3105/3105 3103/3103/3103
f 3107/3107/3107 3105/3105/3105 3104/3104/3104
f 3104/3104/3104 3106/3106/3106 3107/3107/3107
f 3108/3108/3108 3107/3107/3107 3106/3106/3106
f 3109/3109/3109 3107/3107/3107 3108/3108/3108
f 3109/3109/3109 3108/3108/3108 3110/3110/3110
f 3110/3110/3110 3111/3111/3111 3109/3109/3109
f 3115/3115/3115 3100/3100/3100 3098/3098/3098
f 3114/3114/3114 3100/3100/3100 3115/3115/3115
f 3114/3114/3114 3115/3115/3115 3113/3113/3113
f 3112/3112/3112 3114/3114/3114 3113/3113/3113
f 4102/4102/4102 3112/3112/3112 3113/3113/3113
f 3112/3112/3112 4102/4102/4102 4103/4103/4103
f 3113/3113/3113 3115/3115/3115 3022/3022/3022
f 3115/3115/3115 3021/3021/3021 3022/3022/3022
f 3115/3115/3115 3098/3098/3098 3021/3021/3021
f 3098/3098/3098 3092/3092/3092 3021/3021/3021
f 3092/3092/3092 3035/3035/3035 3021/3021/3021
f 3022/3022/3022 3023/3023/3023 3113/3113/3113
f 3113/3113/3113 3023/3023/3023 3024/3024/3024
f 3024/3024/3024 3128/3128/3128 3113/3113/3113
f 4107/4107/4107 3113/3113/3113 3128/3128/3128
f 3113/3113/3113 4107/4107/4107 4102/4102/4102
f 4103/4103/4103 3178/3178/3178 3112/3112/3112
f 3114/3114/3114 3112/3112/3112 3178/3178/3178
f 3178/3178/3178 4103/4103/4103 4112/4112/4112
f 3178/3178/3178 3179/3179/3179 3114/3114/3114
f 3179/3179/3179 3178/3178/3178 3186/3186/3186
f 3186/3186/3186 3185/3185/3185 3179/3179/3179
f 3179/3179/3179 3185/3185/3185 3183/3183/3183
f 3183/3183/3183 3180/3180/3180 3179/3179/3179
f 3114/3114/3114 3179/3179/3179 3180/3180/3180
f 3180/3180/3180 3100/3100/3100 3114/3114/3114
f 3101/3101/3101 3100/3100/3100 3180/3180/3180
f 3180/3180/3180 3181/3181/3181 3101/3101/3101
f 3102/3102/3102 3101/3101/3101 3181/3181/3181
f 3181/3181/3181 3182/3182/3182 3102/3102/3102
f 3104/3104/3104 3102/3102/3102 3182/3182/3182
f 3182/3182/3182 4113/4113/4113 3104/3104/3104
f 3181/3181/3181 3180/3180/3180 3184/3184/3184
f 3180/3180/3180 3183/3183/3183 3184/3184/3184
f 3184/3184/3184 3182/3182/3182 3181/3181/3181
f 3186/3186/3186 3178/3178/3178 3187/3187/3187
f 4112/4112/4112 3187/3187/3187 3178/3178/3178
f 4113/4113/4113 3182/3182/3182 3191/3191/3191
f 3191/3191/3191 3182/3182/3182 3184/3184/3184
f 3191/3191/3191 4115/4115/4115 4113/4113/4113
f 3184/3184/3184 3183/3183/3183 3202/3202/3202
f 3184/3184/3184 3202/3202/3202 3191/3191/3191
f 3183/3183/3183 3200/3200/3200 3202/3202/3202
f 3200/3200/3200 3183/3183/3183 3185/3185/3185
f 3185/3185/3185 3201/3201/3201 3200/3200/3200
f 3198/3198/3198 3200/3200/3200 3201/3201/3201
f 3202/3202/3202 3200/3200/3200 3198/3198/3198
f 3201/3201/3201 3199/3199/3199 3198/3198/3198
f 3199/3199/3199 3197/3197/3197 3198/3198/3198
f 3197/3197/3197 3196/3196/3196 3198/3198/3198
f 4116/4116/4116 3196/3196/3196 3197/3197/3197
f 3197/3197/3197 4117/4117/4117 4116/4116/4116
f 3198/3198/3198 3203/3203/3203 3202/3202/3202
f 3204/3204/3204 3203/3203/3203 3198/3198/3198
f 3198/3198/3198 3196/3196/3196 3204/3204/3204
f 4116/4116/4116 3204/3204/3204 3196/3196/3196
f 3204/3204/3204 4116/4116/4116 3205/3205/3205
f 3203/3203/3203 3204/3204/3204 3205/3205/3205
f 3206/3206/3206 3191/3191/3191 3202/3202/3202
f 3202/3202/3202 3203/3203/3203 3207/3207/3207
f 3207/3207/3207 3206/3206/3206 3202/3202/3202
f 3205/3205/3205 3207/3207/3207 3203/3203/3203
f 3206/3206/3206 3207/3207/3207 4115/4115/4115
f 3205/3205/3205 4115/4115/4115 3207/3207/3207
f 4115/4115/4115 3191/3191/3191 3206/3206/3206
f 3201/3201/3201 3185/3185/3185 3186/3186/3186
f 3186/3186/3186 3208/3208/3208 3201/3201/3201
f 3208/3208/3208 3209/3209/3209 3201/3201/3201
f 3199/3199/3199 3209/3209/3209 3197/3197/3197
f 3197/3197/3197 3209/3209/3209 4117/4117/4117
f 3209/3209/3209 3199/3199/3199 3201/3201/3201
f 3208/3208/3208 3186/3186/3186 3187/3187/3187
f 3187/3187/3187 3210/3210/3210 3208/3208/3208
f 3209/3209/3209 3210/3210/3210 4117/4117/4117
f 3208/3208/3208 3210/3210/3210 3209/3209/3209
f 3054/3054/3054 4097/4097/4097 4096/4096/4096
f 4096/4096/4096 3053/3053/3053 3054/3054/3054
f 3054/3054/3054 3053/3053/3053 3055/3055/3055
f 3055/3055/3055 3056/3056/3056 3054/3054/3054
f 3057/3057/3057 3056/3056/3056 3055/3055/3055
f 3058/3058/3058 3056/3056/3056 3057/3057/3057
f 3058/3058/3058 3057/3057/3057 3059/3059/3059
f 3059/3059/3059 3060/3060/3060 3058/3058/3058
f 3060/3060/3060 3059/3059/3059 3061/3061/3061
f 3060/3060/3060 3061/3061/3061 3062/3062/3062
f 3062/3062/3062 3061/3061/3061 3063/3063/3063
f 3062/3062/3062 3063/3063/3063 3064/3064/3064
f 3064/3064/3064 3063/3063/3063 3065/3065/3065
f 3065/3065/3065 3066/3066/3066 3064/3064/3064
f 3080/3080/3080 3064/3064/3064 3066/3066/3066
f 3066/3066/3066 4100/4100/4100 3080/3080/3080
f 3080/3080/3080 3081/3081/3081 3064/3064/3064
f 3062/3062/3062 3064/3064/3064 3081/3081/3081
f 3081/3081/3081 3082/3082/3082 3062/3062/3062
f 3082/3082/3082 3060/3060/3060 3062/3062/3062
f 3083/3083/3083 3058/3058/3058 3060/3060/3060
f 3060/3060/3060 3082/3082/3082 3083/3083/3083
f 3084/3084/3084 3056/3056/3056 3058/3058/3058
f 3058/3058/3058 3083/3083/3083 3084/3084/3084
f 3080/3080/3080 4100/4100/4100 4104/4104/4104
f 4104/4104/4104 3120/3120/3120 3080/3080/3080
f 3124/3124/3124 3084/3084/3084 3083/3083/3083
f 3085/3085/3085 3084/3084/3084 3124/3124/3124
f 3056/3056/3056 3084/3084/3084 3085/3085/3085
f 3085/3085/3085 3054/3054/3054 3056/3056/3056
f 3054/3054/3054 3085/3085/3085 3086/3086/3086
f 3054/3054/3054 3086/3086/3086 4097/4097/4097
f 4105/4105/4105 3086/3086/3086 3085/3085/3085
f 3085/3085/3085 3123/3123/3123 4105/4105/4105
f 3124/3124/3124 3123/3123/3123 3085/3085/3085
f 3083/3083/3083 3125/3125/3125 3124/3124/3124
f 3125/3125/3125 3083/3083/3083 3082/3082/3082
f 3082/3082/3082 3126/3126/3126 3125/3125/3125
f 3126/3126/3126 3082/3082/3082 3081/3081/3081
f 3127/3127/3127 3126/3126/3126 3081/3081/3081
f 3080/3080/3080 3120/3120/3120 3127/3127/3127
f 3127/3127/3127 3081/3081/3081 3080/3080/3080
f 4108/4108/4108 4105/4105/4105 3123/3123/3123
f 3123/3123/3123 3133/3133/3133 4108/4108/4108
f 3124/3124/3124 3133/3133/3133 3123/3123/3123
f 3109/3109/3109 4108/4108/4108 3133/3133/3133
f 3111/3111/3111 4108/4108/4108 3109/3109/3109
f 4109/4109/4109 4108/4108/4108 3111/3111/3111
f 3133/3133/3133 3134/3134/3134 3109/3109/3109
f 3109/3109/3109 3134/3134/3134 3107/3107/3107
f 3135/3135/3135 3107/3107/3107 3134/3134/3134
f 3135/3135/3135 3136/3136/3136 3107/3107/3107
f 3136/3136/3136 3105/3105/3105 3107/3107/3107
f 3103/3103/3103 3105/3105/3105 3136/3136/3136
f 3136/3136/3136 3096/3096/3096 3103/3103/3103
f 3137/3137/3137 3096/3096/3096 3136/3136/3136
f 3136/3136/3136 3135/3135/3135 3138/3138/3138
f 3138/3138/3138 3137/3137/3137 3136/3136/3136
f 3138/3138/3138 3135/3135/3135 3139/3139/3139
f 3139/3139/3139 3140/3140/3140 3138/3138/3138
f 3139/3139/3139 3126/3126/3126 3140/3140/3140
f 3139/3139/3139 3125/3125/3125 3126/3126/3126
f 3139/3139/3139 3141/3141/3141 3125/3125/3125
f 3141/3141/3141 3139/3139/3139 3135/3135/3135
f 3134/3134/3134 3141/3141/3141 3135/3135/3135
f 3141/3141/3141 3124/3124/3124 3125/3125/3125
f 3133/3133/3133 3124/3124/3124 3141/3141/3141
f 3134/3134/3134 3133/3133/3133 3141/3141/3141
f 3142/3142/3142 3140/3140/3140 3126/3126/3126
f 3138/3138/3138 3140/3140/3140 3142/3142/3142
f 3126/3126/3126 3127/3127/3127 3142/3142/3142
f 3142/3142/3142 3143/3143/3143 3138/3138/3138
f 3143/3143/3143 3142/3142/3142 3120/3120/3120
f 3127/3127/3127 3120/3120/3120 3142/3142/3142
f 3144/3144/3144 3137/3137/3137 3138/3138/3138
f 3138/3138/3138 3143/3143/3143 3144/3144/3144
f 3148/3148/3148 3143/3143/3143 3120/3120/3120
f 3143/3143/3143 3148/3148/3148 3144/3144/3144
f 3144/3144/3144 3148/3148/3148 3149/3149/3149
f 3149/3149/3149 3148/3148/3148 3155/3155/3155
f 3148/3148/3148 3120/3120/3120 3155/3155/3155
f 3155/3155/3155 3146/3146/3146 3149/3149/3149
f 3146/3146/3146 3155/3155/3155 3119/3119/3119
f 3155/3155/3155 3120/3120/3120 4104/4104/4104
f 3052/3052/3052 3087/3087/3087 3050/3050/3050
f 3052/3052/3052 4101/4101/4101 3087/3087/3087
f 3050/3050/3050 3087/3087/3087 3088/3088/3088
f 3088/3088/3088 3048/3048/3048 3050/3050/3050
f 3089/3089/3089 3048/3048/3048 3088/3088/3088
f 3046/3046/3046 3048/3048/3048 3089/3089/3089
f 3037/3037/3037 3046/3046/3046 3089/3089/3089
f 3037/3037/3037 3089/3089/3089 3028/3028/3028
f 3028/3028/3028 3089/3089/3089 3027/3027/3027
f 3027/3027/3027 3089/3089/3089 3088/3088/3088
f 3088/3088/3088 3091/3091/3091 3027/3027/3027
f 3091/3091/3091 3088/3088/3088 3087/3087/3087
f 3087/3087/3087 3121/3121/3121 3091/3091/3091
f 3121/3121/3121 3087/3087/3087 4101/4101/4101
f 4101/4101/4101 3122/3122/3122 3121/3121/3121
f 3121/3121/3121 3130/3130/3130 3091/3091/3091
f 3027/3027/3027 3091/3091/3091 3130/3130/3130
f 3130/3130/3130 3121/3121/3121 3129/3129/3129
f 3025/3025/3025 3130/3130/3130 3129/3129/3129
f 3025/3025/3025 3129/3129/3129 4106/4106/4106
f 4106/4106/4106 4085/4085/4085 3025/3025/3025
f 3026/3026/3026 3130/3130/3130 3025/3025/3025
f 3130/3130/3130 3026/3026/3026 3027/3027/3027
f 3131/3131/3131 4106/4106/4106 3129/3129/3129
f 3129/3129/3129 3121/3121/3121 3131/3131/3131
f 3131/3131/3131 3121/3121/3121 3122/3122/3122
f 3122/3122/3122 3132/3132/3132 3131/3131/3131
f 3095/3095/3095 3152/3152/3152 3093/3093/3093
f 3095/3095/3095 3150/3150/3150 3152/3152/3152
f 3093/3093/3093 3152/3152/3152 3034/3034/3034
f 3152/3152/3152 3033/3033/3033 3034/3034/3034
f 3032/3032/3032 3033/3033/3033 3152/3152/3152
f 3152/3152/3152 3154/3154/3154 3032/3032/3032
f 3032/3032/3032 3154/3154/3154 3153/3153/3153
f 3153/3153/3153 3031/3031/3031 3032/3032/3032
f 3031/3031/3031 3153/3153/3153 3116/3116/3116
f 3116/3116/3116 3153/3153/3153 3117/3117/3117
f 3147/3147/3147 3117/3117/3117 3153/3153/3153
f 3154/3154/3154 3147/3147/3147 3153/3153/3153
f 3151/3151/3151 3147/3147/3147 3154/3154/3154
f 3152/3152/3152 3151/3151/3151 3154/3154/3154
f 3152/3152/3152 3150/3150/3150 3151/3151/3151
f 3059/3059/3059 3157/3157/3157 3156/3156/3156
f 3057/3057/3057 3157/3157/3157 3059/3059/3059
f 3157/3157/3157 3057/3057/3057 3055/3055/3055
f 3055/3055/3055 3158/3158/3158 3157/3157/3157
f 3158/3158/3158 3055/3055/3055 3053/3053/3053
f 3053/3053/3053 3159/3159/3159 3158/3158/3158
f 3160/3160/3160 3159/3159/3159 3053/3053/3053
f 3053/3053/3053 4096/4096/4096 3160/3160/3160
f 3059/3059/3059 3156/3156/3156 3173/3173/3173
f 3173/3173/3173 3061/3061/3061 3059/3059/3059
f 3061/3061/3061 3173/3173/3173 3172/3172/3172
f 3172/3172/3172 3063/3063/3063 3061/3061/3061
f 3063/3063/3063 3172/3172/3172 4111/4111/4111
f 4111/4111/4111 3065/3065/3065 3063/3063/3063
f 4111/4111/4111 3172/3172/3172 4120/4120/4120
f 3172/3172/3172 3218/3218/3218 4120/4120/4120
f 3218/3218/3218 3172/3172/3172 3173/3173/3173
f 3173/3173/3173 3219/3219/3219 3218/3218/3218
f 3219/3219/3219 3173/3173/3173 3156/3156/3156
f 3156/3156/3156 3220/3220/3220 3219/3219/3219
f 3220/3220/3220 3156/3156/3156 3157/3157/3157
f 3157/3157/3157 3221/3221/3221 3220/3220/3220
f 3222/3222/3222 3221/3221/3221 3157/3157/3157
f 3157/3157/3157 3158/3158/3158 3222/3222/3222
f 3222/3222/3222 3158/3158/3158 3159/3159/3159
f 3159/3159/3159 3223/3223/3223 3222/3222/3222
f 3224/3224/3224 3223/3223/3223 3159/3159/3159
f 3159/3159/3159 3160/3160/3160 3224/3224/3224
f 3221/3221/3221 3232/3232/3232 3220/3220/3220
f 3221/3221/3221 3231/3231/3231 3232/3232/3232
f 3234/3234/3234 3222/3222/3222 3223/3223/3223
f 3223/3223/3223 3233/3233/3233 3234/3234/3234
f 3236/3236/3236 3218/3218/3218 3219/3219/3219
f 3219/3219/3219 3235/3235/3235 3236/3236/3236
f 3223/3223/3223 3224/3224/3224 4122/4122/4122
f 4122/4122/4122 3233/3233/3233 3223/3223/3223
f 3246/3246/3246 3222/3222/3222 3234/3234/3234
f 3234/3234/3234 3245/3245/3245 3246/3246/3246
f 3248/3248/3248 3246/3246/3246 3245/3245/3245
f 3245/3245/3245 3247/3247/3247 3248/3248/3248
f 3219/3219/3219 3257/3257/3257 3235/3235/3235
f 3257/3257/3257 3258/3258/3258 3235/3235/3235
f 3257/3257/3257 3259/3259/3259 3258/3258/3258
f 3259/3259/3259 3260/3260/3260 3258/3258/3258
f 3257/3257/3257 3264/3264/3264 3259/3259/3259
f 4129/4129/4129 3259/3259/3259 3264/3264/3264
f 4129/4129/4129 3264/3264/3264 3263/3263/3263
f 3232/3232/3232 3263/3263/3263 3264/3264/3264
f 3264/3264/3264 3220/3220/3220 3232/3232/3232
f 3257/3257/3257 3219/3219/3219 3220/3220/3220
f 3220/3220/3220 3264/3264/3264 3257/3257/3257
f 4129/4129/4129 3263/3263/3263 4128/4128/4128
f 3246/3246/3246 3248/3248/3248 3267/3267/3267
f 3265/3265/3265 3246/3246/3246 3267/3267/3267
f 3222/3222/3222 3246/3246/3246 3265/3265/3265
f 3265/3265/3265 3221/3221/3221 3222/3222/3222
f 3231/3231/3231 3221/3221/3221 3265/3265/3265
f 3265/3265/3265 3266/3266/3266 3231/3231/3231
f 3265/3265/3265 3267/3267/3267 3266/3266/3266
f 3267/3267/3267 3268/3268/3268 3266/3266/3266
f 3269/3269/3269 3232/3232/3232 3231/3231/3231
f 3263/3263/3263 3232/3232/3232 3269/3269/3269
f 3231/3231/3231 3270/3270/3270 3269/3269/3269
f 3270/3270/3270 3231/3231/3231 3266/3266/3266
f 3266/3266/3266 3271/3271/3271 3270/3270/3270
f 3271/3271/3271 3266/3266/3266 3268/3268/3268
f 3268/3268/3268 3272/3272/3272 3271/3271/3271
f 4128/4128/4128 3263/3263/3263 3278/3278/3278
f 3278/3278/3278 3263/3263/3263 3269/3269/3269
f 4128/4128/4128 3278/3278/3278 4133/4133/4133
f 3279/3279/3279 3269/3269/3269 3270/3270/3270
f 3270/3270/3270 3280/3280/3280 3279/3279/3279
f 3280/3280/3280 3270/3270/3270 3271/3271/3271
f 3271/3271/3271 3281/3281/3281 3280/3280/3280
f 3281/3281/3281 3271/3271/3271 3272/3272/3272
f 3272/3272/3272 3282/3282/3282 3281/3281/3281
f 3278/3278/3278 3288/3288/3288 4133/4133/4133
f 3269/3269/3269 3279/3279/3279 3288/3288/3288
f 3288/3288/3288 3278/3278/3278 3269/3269/3269
f 4135/4135/4135 4133/4133/4133 3288/3288/3288
f 4135/4135/4135 3288/3288/3288 3295/3295/3295
f 3288/3288/3288 3279/3279/3279 3295/3295/3295
f 3295/3295/3295 4136/4136/4136 4135/4135/4135
f 4137/4137/4137 4136/4136/4136 3295/3295/3295
f 3295/3295/3295 3296/3296/3296 4137/4137/4137
f 3296/3296/3296 3282/3282/3282 4137/4137/4137
f 3296/3296/3296 3281/3281/3281 3282/3282/3282
f 3280/3280/3280 3281/3281/3281 3296/3296/3296
f 3296/3296/3296 3279/3279/3279 3280/3280/3280
f 3295/3295/3295 3279/3279/3279 3296/3296/3296
f 3161/3161/3161 4110/4110/4110 3051/3051/3051
f 3051/3051/3051 3049/3049/3049 3161/3161/3161
f 3161/3161/3161 3049/3049/3049 3047/3047/3047
f 3047/3047/3047 3162/3162/3162 3161/3161/3161
f 3162/3162/3162 3047/3047/3047 3045/3045/3045
f 3045/3045/3045 3163/3163/3163 3162/3162/3162
f 3164/3164/3164 3163/3163/3163 3045/3045/3045
f 3164/3164/3164 3045/3045/3045 3041/3041/3041
f 3164/3164/3164 3041/3041/3041 3040/3040/3040
f 3040/3040/3040 3165/3165/3165 3164/3164/3164
f 3166/3166/3166 3165/3165/3165 3040/3040/3040
f 3166/3166/3166 3040/3040/3040 3044/3044/3044
f 3166/3166/3166 3044/3044/3044 3167/3167/3167
f 3073/3073/3073 3167/3167/3167 3044/3044/3044
f 3073/3073/3073 3168/3168/3168 3167/3167/3167
f 3071/3071/3071 3168/3168/3168 3073/3073/3073
f 3071/3071/3071 3169/3169/3169 3168/3168/3168
f 3069/3069/3069 3169/3169/3169 3071/3071/3071
f 3069/3069/3069 3170/3170/3170 3169/3169/3169
f 3067/3067/3067 3170/3170/3170 3069/3069/3069
f 3170/3170/3170 3067/3067/3067 4098/4098/4098
f 4098/4098/4098 3171/3171/3171 3170/3170/3170
f 3165/3165/3165 3166/3166/3166 3211/3211/3211
f 3211/3211/3211 3212/3212/3212 3165/3165/3165
f 3166/3166/3166 3167/3167/3167 3213/3213/3213
f 3211/3211/3211 3166/3166/3166 3213/3213/3213
f 3167/3167/3167 3214/3214/3214 3213/3213/3213
f 3168/3168/3168 3214/3214/3214 3167/3167/3167
f 3168/3168/3168 3215/3215/3215 3214/3214/3214
f 3169/3169/3169 3215/3215/3215 3168/3168/3168
f 3215/3215/3215 3169/3169/3169 3216/3216/3216
f 3170/3170/3170 3216/3216/3216 3169/3169/3169
f 3216/3216/3216 3170/3170/3170 3217/3217/3217
f 3171/3171/3171 3217/3217/3217 3170/3170/3170
f 3212/3212/3212 3211/3211/3211 3229/3229/3229
f 3229/3229/3229 3230/3230/3230 3212/3212/3212
f 3215/3215/3215 3238/3238/3238 3214/3214/3214
f 3215/3215/3215 3237/3237/3237 3238/3238/3238
f 3250/3250/3250 3212/3212/3212 3230/3230/3230
f 3230/3230/3230 3249/3249/3249 3250/3250/3250
f 3228/3228/3228 3212/3212/3212 3250/3250/3250
f 3228/3228/3228 3165/3165/3165 3212/3212/3212
f 3165/3165/3165 3228/3228/3228 3164/3164/3164
f 3164/3164/3164 3228/3228/3228 3163/3163/3163
f 3228/3228/3228 3227/3227/3227 3163/3163/3163
f 3162/3162/3162 3163/3163/3163 3227/3227/3227
f 3227/3227/3227 3226/3226/3226 3162/3162/3162
f 3161/3161/3161 3162/3162/3162 3226/3226/3226
f 3226/3226/3226 3225/3225/3225 3161/3161/3161
f 4110/4110/4110 3161/3161/3161 3225/3225/3225
f 3225/3225/3225 4121/4121/4121 4110/4110/4110
f 3227/3227/3227 3239/3239/3239 3226/3226/3226
f 3239/3239/3239 3240/3240/3240 3226/3226/3226
f 3241/3241/3241 3225/3225/3225 3226/3226/3226
f 3226/3226/3226 3240/3240/3240 3241/3241/3241
f 3225/3225/3225 3241/3241/3241 3242/3242/3242
f 3242/3242/3242 4121/4121/4121 3225/3225/3225
f 3227/3227/3227 3243/3243/3243 3239/3239/3239
f 3228/3228/3228 3243/3243/3243 3227/3227/3227
f 3244/3244/3244 3239/3239/3239 3243/3243/3243
f 3243/3243/3243 4123/4123/4123 3244/3244/3244
f 4123/4123/4123 4124/4124/4124 3244/3244/3244
f 4130/4130/4130 4123/4123/4123 3243/3243/3243
f 4130/4130/4130 3243/3243/3243 3250/3250/3250
f 3243/3243/3243 3228/3228/3228 3250/3250/3250
f 4130/4130/4130 3250/3250/3250 3249/3249/3249
f 3249/3249/3249 4131/4131/4131 4130/4130/4130
f 4131/4131/4131 3249/3249/3249 3273/3273/3273
f 4132/4132/4132 4131/4131/4131 3273/3273/3273
f 3273/3273/3273 3249/3249/3249 3230/3230/3230
f 3230/3230/3230 3274/3274/3274 3273/3273/3273
f 3230/3230/3230 3275/3275/3275 3274/3274/3274
f 3229/3229/3229 3275/3275/3275 3230/3230/3230
f 3275/3275/3275 3229/3229/3229 3276/3276/3276
f 3252/3252/3252 3276/3276/3276 3229/3229/3229
f 3252/3252/3252 3229/3229/3229 3211/3211/3211
f 3211/3211/3211 3251/3251/3251 3252/3252/3252
f 3213/3213/3213 3251/3251/3251 3211/3211/3211
f 3251/3251/3251 3213/3213/3213 3254/3254/3254
f 3214/3214/3214 3254/3254/3254 3213/3213/3213
f 3254/3254/3254 3214/3214/3214 3253/3253/3253
f 3214/3214/3214 3238/3238/3238 3253/3253/3253
f 4126/4126/4126 3254/3254/3254 3253/3253/3253
f 4127/4127/4127 3254/3254/3254 4126/4126/4126
f 3251/3251/3251 3254/3254/3254 4127/4127/4127
f 3251/3251/3251 3261/3261/3261 3252/3252/3252
f 4127/4127/4127 3261/3261/3261 3251/3251/3251
f 3261/3261/3261 3262/3262/3262 3252/3252/3252
f 3276/3276/3276 3252/3252/3252 3277/3277/3277
f 3262/3262/3262 3277/3277/3277 3252/3252/3252
f 3276/3276/3276 3286/3286/3286 3275/3275/3275
f 3286/3286/3286 3276/3276/3276 3287/3287/3287
f 3277/3277/3277 3287/3287/3287 3276/3276/3276
f 3287/3287/3287 3292/3292/3292 3286/3286/3286
f 3286/3286/3286 3292/3292/3292 3285/3285/3285
f 3275/3275/3275 3286/3286/3286 3285/3285/3285
f 3275/3275/3275 3285/3285/3285 3274/3274/3274
f 3285/3285/3285 3284/3284/3284 3274/3274/3274
f 3274/3274/3274 3284/3284/3284 3283/3283/3283
f 3283/3283/3283 3273/3273/3273 3274/3274/3274
f 3273/3273/3273 3283/3283/3283 4134/4134/4134
f 4134/4134/4134 4132/4132/4132 3273/3273/3273
f 3290/3290/3290 3283/3283/3283 3284/3284/3284
f 3283/3283/3283 3290/3290/3290 4134/4134/4134
f 3284/3284/3284 3289/3289/3289 3290/3290/3290
f 3285/3285/3285 3291/3291/3291 3284/3284/3284
f 3291/3291/3291 3289/3289/3289 3284/3284/3284
f 3285/3285/3285 3292/3292/3292 3291/3291/3291
f 3293/3293/3293 3291/3291/3291 3292/3292/3292
f 3287/3287/3287 3293/3293/3293 3292/3292/3292
f 3294/3294/3294 3289/3289/3289 3291/3291/3291
f 3291/3291/3291 3293/3293/3293 3294/3294/3294
f 3290/3290/3290 3289/3289/3289 3294/3294/3294
f 3294/3294/3294 4134/4134/4134 3290/3290/3290
f 3174/3174/3174 3175/3175/3175 3106/3106/3106
f 3106/3106/3106 3104/3104/3104 3174/3174/3174
f 3108/3108/3108 3106/3106/3106 3175/3175/3175
f 3175/3175/3175 3176/3176/3176 3108/3108/3108
f 3177/3177/3177 3108/3108/3108 3176/3176/3176
f 3108/3108/3108 3177/3177/3177 3110/3110/3110
f 3176/3176/3176 3188/3188/3188 3177/3177/3177
f 4114/4114/4114 3177/3177/3177 3188/3188/3188
f 3188/3188/3188 3176/3176/3176 3189/3189/3189
f 3175/3175/3175 3189/3189/3189 3176/3176/3176
f 3189/3189/3189 3175/3175/3175 3190/3190/3190
f 3174/3174/3174 3190/3190/3190 3175/3175/3175
f 3193/3193/3193 3188/3188/3188 3189/3189/3189
f 3189/3189/3189 3192/3192/3192 3193/3193/3193
f 3195/3195/3195 3193/3193/3193 3192/3192/3192
f 3192/3192/3192 3194/3194/3194 3195/3195/3195
f 4118/4118/4118 4114/4114/4114 3188/3188/3188
f 3188/3188/3188 3193/3193/3193 4118/4118/4118
f 3195/3195/3195 4118/4118/4118 3193/3193/3193
f 3194/3194/3194 3192/3192/3192 4119/4119/4119
f 3192/3192/3192 3189/3189/3189 4119/4119/4119
f 3190/3190/3190 4119/4119/4119 3189/3189/3189
f 3237/3237/3237 3215/3215/3215 3255/3255/3255
f 3215/3215/3215 3216/3216/3216 3255/3255/3255
f 3217/3217/3217 3255/3255/3255 3216/3216/3216
f 3255/3255/3255 3217/3217/3217 3256/3256/3256
f 3255/3255/3255 3327/3327/3327 3237/3237/3237
f 3327/3327/3327 3255/3255/3255 3256/3256/3256
f 3326/3326/3326 3237/3237/3237 3327/3327/3327
f 3237/3237/3237 3326/3326/3326 3325/3325/3325
f 3325/3325/3325 3238/3238/3238 3237/3237/3237
f 3238/3238/3238 3325/3325/3325 3324/3324/3324
f 3324/3324/3324 3253/3253/3253 3238/3238/3238
f 4126/4126/4126 3253/3253/3253 3324/3324/3324
f 3324/3324/3324 4146/4146/4146 4126/4126/4126
f 3256/3256/3256 3328/3328/3328 3327/3327/3327
f 4146/4146/4146 3324/3324/3324 3333/3333/3333
f 3333/3333/3333 3324/3324/3324 3325/3325/3325
f 3333/3333/3333 4148/4148/4148 4146/4146/4146
f 3325/3325/3325 3334/3334/3334 3333/3333/3333
f 3325/3325/3325 3335/3335/3335 3334/3334/3334
f 3326/3326/3326 3335/3335/3335 3325/3325/3325
f 3335/3335/3335 3326/3326/3326 3336/3336/3336
f 3327/3327/3327 3336/3336/3336 3326/3326/3326
f 3336/3336/3336 3327/3327/3327 3328/3328/3328
f 3328/3328/3328 3337/3337/3337 3336/3336/3336
f 3334/3334/3334 3335/3335/3335 3340/3340/3340
f 3340/3340/3340 3341/3341/3341 3334/3334/3334
f 3334/3334/3334 3342/3342/3342 3333/3333/3333
f 3334/3334/3334 3341/3341/3341 3342/3342/3342
f 3333/3333/3333 3342/3342/3342 4148/4148/4148
f 3343/3343/3343 3340/3340/3340 3335/3335/3335
f 3335/3335/3335 3336/3336/3336 3343/3343/3343
f 3337/3337/3337 3343/3343/3343 3336/3336/3336
f 4120/4120/4120 3236/3236/3236 4125/4125/4125
f 3218/3218/3218 3236/3236/3236 4120/4120/4120
f 4125/4125/4125 3236/3236/3236 3329/3329/3329
f 4147/4147/4147 4125/4125/4125 3329/3329/3329
f 3329/3329/3329 3236/3236/3236 3235/3235/3235
f 3235/3235/3235 3330/3330/3330 3329/3329/3329
f 3330/3330/3330 3235/3235/3235 3258/3258/3258
f 3258/3258/3258 3322/3322/3322 3330/3330/3330
f 3322/3322/3322 3258/3258/3258 3260/3260/3260
f 3260/3260/3260 3323/3323/3323 3322/3322/3322
f 3322/3322/3322 3323/3323/3323 3332/3332/3332
f 3332/3332/3332 3331/3331/3331 3322/3322/3322
f 3338/3338/3338 4147/4147/4147 3329/3329/3329
f 3338/3338/3338 3329/3329/3329 3330/3330/3330
f 4147/4147/4147 3338/3338/3338 4149/4149/4149
f 3330/3330/3330 3339/3339/3339 3338/3338/3338
f 3339/3339/3339 3330/3330/3330 3322/3322/3322
f 3322/3322/3322 3331/3331/3331 3339/3339/3339
f 3338/3338/3338 3339/3339/3339 3344/3344/3344
f 3344/3344/3344 3345/3345/3345 3338/3338/3338
f 3345/3345/3345 4149/4149/4149 3338/3338/3338
f 3339/3339/3339 3331/3331/3331 3346/3346/3346
f 3346/3346/3346 3344/3344/3344 3339/3339/3339
f 3332/3332/3332 3346/3346/3346 3331/3331/3331
f 4149/4149/4149 3345/3345/3345 4150/4150/4150
f 3346/3346/3346 3332/3332/3332 4151/4151/4151
f 4151/4151/4151 4152/4152/4152 3346/3346/3346
f 3344/3344/3344 3346/3346/3346 4152/4152/4152
f 4152/4152/4152 4153/4153/4153 3344/3344/3344
f 3344/3344/3344 4153/4153/4153 3345/3345/3345
f 4153/4153/4153 4150/4150/4150 3345/3345/3345
f 3233/3233/3233 3298/3298/3298 3297/3297/3297
f 3297/3297/3297 3234/3234/3234 3233/3233/3233
f 3299/3299/3299 3298/3298/3298 3233/3233/3233
f 3233/3233/3233 4122/4122/4122 3299/3299/3299
f 3245/3245/3245 3234/3234/3234 3297/3297/3297
f 3305/3305/3305 3245/3245/3245 3297/3297/3297
f 3245/3245/3245 3305/3305/3305 3247/3247/3247
f 4139/4139/4139 3247/3247/3247 3305/3305/3305
f 3298/3298/3298 3299/3299/3299 3316/3316/3316
f 4140/4140/4140 3316/3316/3316 3299/3299/3299
f 3317/3317/3317 3298/3298/3298 3316/3316/3316
f 3297/3297/3297 3298/3298/3298 3317/3317/3317
f 3317/3317/3317 3318/3318/3318 3297/3297/3297
f 3305/3305/3305 3297/3297/3297 3318/3318/3318
f 3305/3305/3305 3318/3318/3318 4139/4139/4139
f 4141/4141/4141 4139/4139/4139 3318/3318/3318
f 3318/3318/3318 3319/3319/3319 4141/4141/4141
f 4141/4141/4141 3319/3319/3319 4142/4142/4142
f 3320/3320/3320 3319/3319/3319 3318/3318/3318
f 3318/3318/3318 3317/3317/3317 3320/3320/3320
f 3317/3317/3317 3316/3316/3316 3320/3320/3320
f 3320/3320/3320 3316/3316/3316 3321/3321/3321
f 3316/3316/3316 4140/4140/4140 3321/3321/3321
f 3320/3320/3320 3321/3321/3321 3319/3319/3319
f 3321/3321/3321 4140/4140/4140 4143/4143/4143
f 4142/4142/4142 3319/3319/3319 4144/4144/4144
f 4144/4144/4144 3319/3319/3319 3321/3321/3321
f 4143/4143/4143 4145/4145/4145 3321/3321/3321
f 3321/3321/3321 4145/4145/4145 4144/4144/4144
f 3241/3241/3241 3300/3300/3300 4138/4138/4138
f 4138/4138/4138 3242/3242/3242 3241/3241/3241
f 3300/3300/3300 3241/3241/3241 3240/3240/3240
f 3240/3240/3240 3301/3301/3301 3300/3300/3300
f 3302/3302/3302 3301/3301/3301 3240/3240/3240
f 3302/3302/3302 3240/3240/3240 3239/3239/3239
f 3302/3302/3302 3239/3239/3239 3244/3244/3244
f 3244/3244/3244 3303/3303/3303 3302/3302/3302
f 3303/3303/3303 3244/3244/3244 4124/4124/4124
f 4124/4124/4124 3304/3304/3304 3303/3303/3303
f 3302/3302/3302 3306/3306/3306 3301/3301/3301
f 3306/3306/3306 3307/3307/3307 3301/3301/3301
f 3306/3306/3306 3308/3308/3308 3307/3307/3307
f 3308/3308/3308 3309/3309/3309 3307/3307/3307
f 3310/3310/3310 3300/3300/3300 3301/3301/3301
f 3301/3301/3301 3307/3307/3307 3310/3310/3310
f 3311/3311/3311 3310/3310/3310 3307/3307/3307
f 3307/3307/3307 3309/3309/3309 3311/3311/3311
f 3312/3312/3312 3306/3306/3306 3302/3302/3302
f 3302/3302/3302 3303/3303/3303 3312/3312/3312
f 3313/3313/3313 3308/3308/3308 3306/3306/3306
f 3306/3306/3306 3312/3312/3312 3313/3313/3313
f 3303/3303/3303 3314/3314/3314 3312/3312/3312
f 3304/3304/3304 3314/3314/3314 3303/3303/3303
f 3313/3313/3313 3312/3312/3312 3314/3314/3314
f 3311/3311/3311 3315/3315/3315 3310/3310/3310
f 3315/3315/3315 3300/3300/3300 3310/3310/3310
f 4138/4138/4138 3300/3300/3300 3315/3315/3315
f 4155/4155/4155 4154/4154/4154 3347/3347/3347
f 3348/3348/3348 3347/3347/3347 4154/4154/4154
f 4156/4156/4156 4155/4155/4155 3347/3347/3347
f 3347/3347/3347 3349/3349/3349 4156/4156/4156
f 4157/4157/4157 4156/4156/4156 3349/3349/3349
f 3349/3349/3349 3350/3350/3350 4157/4157/4157
f 3361/3361/3361 3348/3348/3348 4154/4154/4154
f 4154/4154/4154 4170/4170/4170 3361/3361/3361
f 3360/3360/3360 3361/3361/3361 4170/4170/4170
f 4170/4170/4170 4169/4169/4169 3360/3360/3360
f 3359/3359/3359 3360/3360/3360 4169/4169/4169
f 4169/4169/4169 4168/4168/4168 3359/3359/3359
f 3358/3358/3358 3359/3359/3359 4168/4168/4168
f 4168/4168/4168 4167/4167/4167 3358/3358/3358
f 4166/4166/4166 3358/3358/3358 4167/4167/4167
f 3358/3358/3358 4166/4166/4166 3357/3357/3357
f 4165/4165/4165 3357/3357/3357 4166/4166/4166
f 3356/3356/3356 3357/3357/3357 4165/4165/4165
f 4165/4165/4165 4164/4164/4164 3356/3356/3356
f 3355/3355/3355 3356/3356/3356 4164/4164/4164
f 3354/3354/3354 3355/3355/3355 4164/4164/4164
f 4164/4164/4164 4163/4163/4163 3354/3354/3354
f 3353/3353/3353 3354/3354/3354 4163/4163/4163
f 4163/4163/4163 4162/4162/4162 3353/3353/3353
f 3352/3352/3352 3353/3353/3353 4162/4162/4162
f 4162/4162/4162 4161/4161/4161 3352/3352/3352
f 3351/3351/3351 3352/3352/3352 4161/4161/4161
f 4161/4161/4161 4158/4158/4158 3351/3351/3351
f 4159/4159/4159 3351/3351/3351 4158/4158/4158
f 4158/4158/4158 4160/4160/4160 4159/4159/4159
f 3355/3355/3355 3354/3354/3354 3363/3363/3363
f 3363/3363/3363 3362/3362/3362 3355/3355/3355
f 3362/3362/3362 3363/3363/3363 3365/3365/3365
f 3365/3365/3365 3364/3364/3364 3362/3362/3362
f 3364/3364/3364 3365/3365/3365 3367/3367/3367
f 3367/3367/3367 3366/3366/3366 3364/3364/3364
f 3364/3364/3364 3369/3369/3369 3362/3362/3362
f 3369/3369/3369 3368/3368/3368 3362/3362/3362
f 3362/3362/3362 3368/3368/3368 3355/3355/3355
f 3356/3356/3356 3355/3355/3355 3368/3368/3368
f 3364/3364/3364 3366/3366/3366 3370/3370/3370
f 3370/3370/3370 3369/3369/3369 3364/3364/3364
f 3367/3367/3367 3365/3365/3365 3372/3372/3372
f 3372/3372/3372 3365/3365/3365 3363/3363/3363
f 3372/3372/3372 3371/3371/3371 3367/3367/3367
f 3371/3371/3371 3372/3372/3372 3373/3373/3373
f 3374/3374/3374 3373/3373/3373 3372/3372/3372
f 3375/3375/3375 3373/3373/3373 3374/3374/3374
f 3374/3374/3374 3376/3376/3376 3375/3375/3375
f 3375/3375/3375 3376/3376/3376 3378/3378/3378
f 3378/3378/3378 3377/3377/3377 3375/3375/3375
f 3399/3399/3399 3369/3369/3369 3370/3370/3370
f 3399/3399/3399 3400/3400/3400 3369/3369/3369
f 3368/3368/3368 3369/3369/3369 3400/3400/3400
f 3400/3400/3400 3399/3399/3399 3397/3397/3397
f 3397/3397/3397 3398/3398/3398 3400/3400/3400
f 3398/3398/3398 3397/3397/3397 3395/3395/3395
f 3395/3395/3395 3396/3396/3396 3398/3398/3398
f 3396/3396/3396 3395/3395/3395 3393/3393/3393
f 3393/3393/3393 3394/3394/3394 3396/3396/3396
f 3394/3394/3394 3393/3393/3393 4173/4173/4173
f 4173/4173/4173 4174/4174/4174 3394/3394/3394
f 3401/3401/3401 3400/3400/3400 3398/3398/3398
f 3400/3400/3400 3401/3401/3401 3368/3368/3368
f 3398/3398/3398 3402/3402/3402 3401/3401/3401
f 3402/3402/3402 3398/3398/3398 3396/3396/3396
f 3396/3396/3396 3403/3403/3403 3402/3402/3402
f 3403/3403/3403 3396/3396/3396 3394/3394/3394
f 3394/3394/3394 3404/3404/3404 3403/3403/3403
f 3404/3404/3404 3394/3394/3394 4174/4174/4174
f 4174/4174/4174 3405/3405/3405 3404/3404/3404
f 3368/3368/3368 3401/3401/3401 3356/3356/3356
f 3401/3401/3401 3416/3416/3416 3356/3356/3356
f 3416/3416/3416 3401/3401/3401 3402/3402/3402
f 3402/3402/3402 3442/3442/3442 3416/3416/3416
f 3442/3442/3442 3402/3402/3402 3403/3403/3403
f 3403/3403/3403 3443/3443/3443 3442/3442/3442
f 3443/3443/3443 3403/3403/3403 3404/3404/3404
f 3404/3404/3404 3444/3444/3444 3443/3443/3443
f 3444/3444/3444 3404/3404/3404 3405/3405/3405
f 3405/3405/3405 3445/3445/3445 3444/3444/3444
f 3416/3416/3416 3357/3357/3357 3356/3356/3356
f 3357/3357/3357 3416/3416/3416 3442/3442/3442
f 3444/3444/3444 3473/3473/3473 3443/3443/3443
f 3444/3444/3444 3472/3472/3472 3473/3473/3473
f 3472/3472/3472 3444/3444/3444 3445/3445/3445
f 3473/3473/3473 3472/3472/3472 3477/3477/3477
f 3475/3475/3475 3477/3477/3477 3472/3472/3472
f 3476/3476/3476 3477/3477/3477 3475/3475/3475
f 3475/3475/3475 3471/3471/3471 3476/3476/3476
f 3471/3471/3471 3475/3475/3475 3470/3470/3470
f 3423/3423/3423 3471/3471/3471 3470/3470/3470
f 3471/3471/3471 3423/3423/3423 3476/3476/3476
f 3470/3470/3470 3463/3463/3463 3423/3423/3423
f 3422/3422/3422 3423/3423/3423 3463/3463/3463
f 3421/3421/3421 3423/3423/3423 3422/3422/3422
f 3476/3476/3476 3423/3423/3423 3421/3421/3421
f 3422/3422/3422 3420/3420/3420 3421/3421/3421
f 3419/3419/3419 3421/3421/3421 3420/3420/3420
f 3420/3420/3420 3418/3418/3418 3419/3419/3419
f 3419/3419/3419 3418/3418/3418 3361/3361/3361
f 3419/3419/3419 3361/3361/3361 3360/3360/3360
f 3420/3420/3420 3424/3424/3424 3418/3418/3418
f 3420/3420/3420 3425/3425/3425 3424/3424/3424
f 3426/3426/3426 3424/3424/3424 3425/3425/3425
f 3425/3425/3425 3427/3427/3427 3426/3426/3426
f 3429/3429/3429 3427/3427/3427 3425/3425/3425
f 3429/3429/3429 3425/3425/3425 3420/3420/3420
f 3420/3420/3420 3422/3422/3422 3429/3429/3429
f 3429/3429/3429 3428/3428/3428 3427/3427/3427
f 3430/3430/3430 3428/3428/3428 3429/3429/3429
f 3429/3429/3429 3431/3431/3431 3430/3430/3430
f 3430/3430/3430 3431/3431/3431 3433/3433/3433
f 3433/3433/3433 3432/3432/3432 3430/3430/3430
f 3433/3433/3433 3434/3434/3434 3432/3432/3432
f 3433/3433/3433 3435/3435/3435 3434/3434/3434
f 3436/3436/3436 3434/3434/3434 3435/3435/3435
f 3435/3435/3435 3437/3437/3437 3436/3436/3436
f 3441/3441/3441 3424/3424/3424 3426/3426/3426
f 3426/3426/3426 3440/3440/3440 3441/3441/3441
f 3441/3441/3441 3440/3440/3440 3439/3439/3439
f 3440/3440/3440 3438/3438/3438 3439/3439/3439
f 4177/4177/4177 3439/3439/3439 3438/3438/3438
f 4178/4178/4178 4177/4177/4177 3438/3438/3438
f 3347/3347/3347 3441/3441/3441 3439/3439/3439
f 3347/3347/3347 3348/3348/3348 3441/3441/3441
f 3424/3424/3424 3441/3441/3441 3348/3348/3348
f 3348/3348/3348 3418/3418/3418 3424/3424/3424
f 3418/3418/3418 3348/3348/3348 3361/3361/3361
f 3439/3439/3439 3349/3349/3349 3347/3347/3347
f 3439/3439/3439 3350/3350/3350 3349/3349/3349
f 3454/3454/3454 3350/3350/3350 3439/3439/3439
f 4177/4177/4177 4182/4182/4182 3439/3439/3439
f 4182/4182/4182 3454/3454/3454 3439/3439/3439
f 3504/3504/3504 4178/4178/4178 3438/3438/3438
f 3504/3504/3504 3438/3438/3438 3440/3440/3440
f 4187/4187/4187 4178/4178/4178 3504/3504/3504
f 3440/3440/3440 3505/3505/3505 3504/3504/3504
f 3506/3506/3506 3505/3505/3505 3440/3440/3440
f 3426/3426/3426 3506/3506/3506 3440/3440/3440
f 3506/3506/3506 3426/3426/3426 3427/3427/3427
f 3427/3427/3427 3507/3507/3507 3506/3506/3506
f 3507/3507/3507 3427/3427/3427 3428/3428/3428
f 3428/3428/3428 3508/3508/3508 3507/3507/3507
f 3508/3508/3508 3428/3428/3428 3430/3430/3430
f 3430/3430/3430 4188/4188/4188 3508/3508/3508
f 3507/3507/3507 3510/3510/3510 3506/3506/3506
f 3508/3508/3508 3510/3510/3510 3507/3507/3507
f 3510/3510/3510 3509/3509/3509 3506/3506/3506
f 3505/3505/3505 3506/3506/3506 3509/3509/3509
f 3509/3509/3509 3511/3511/3511 3505/3505/3505
f 3512/3512/3512 3504/3504/3504 3505/3505/3505
f 3505/3505/3505 3511/3511/3511 3512/3512/3512
f 3504/3504/3504 3513/3513/3513 4187/4187/4187
f 3513/3513/3513 3504/3504/3504 3512/3512/3512
f 4188/4188/4188 3517/3517/3517 3508/3508/3508
f 3508/3508/3508 3517/3517/3517 3510/3510/3510
f 4188/4188/4188 4190/4190/4190 3517/3517/3517
f 3511/3511/3511 3509/3509/3509 3526/3526/3526
f 3526/3526/3526 3527/3527/3527 3511/3511/3511
f 3511/3511/3511 3527/3527/3527 3512/3512/3512
f 3527/3527/3527 3526/3526/3526 3524/3524/3524
f 3524/3524/3524 3525/3525/3525 3527/3527/3527
f 3523/3523/3523 3525/3525/3525 3524/3524/3524
f 3523/3523/3523 3524/3524/3524 3522/3522/3522
f 3523/3523/3523 3522/3522/3522 4192/4192/4192
f 4192/4192/4192 4191/4191/4191 3523/3523/3523
f 3509/3509/3509 3528/3528/3528 3526/3526/3526
f 3524/3524/3524 3526/3526/3526 3528/3528/3528
f 3528/3528/3528 3509/3509/3509 3510/3510/3510
f 3510/3510/3510 3517/3517/3517 3528/3528/3528
f 3528/3528/3528 3529/3529/3529 3524/3524/3524
f 3522/3522/3522 3524/3524/3524 3530/3530/3530
f 3524/3524/3524 3529/3529/3529 3530/3530/3530
f 3530/3530/3530 4192/4192/4192 3522/3522/3522
f 3531/3531/3531 4192/4192/4192 3530/3530/3530
f 3531/3531/3531 3530/3530/3530 3529/3529/3529
f 3528/3528/3528 3517/3517/3517 3532/3532/3532
f 3528/3528/3528 3532/3532/3532 3533/3533/3533
f 3533/3533/3533 3529/3529/3529 3528/3528/3528
f 3529/3529/3529 3533/3533/3533 3531/3531/3531
f 4190/4190/4190 3532/3532/3532 3517/3517/3517
f 3533/3533/3533 3532/3532/3532 4190/4190/4190
f 4190/4190/4190 3531/3531/3531 3533/3533/3533
f 3535/3535/3535 3525/3525/3525 3523/3523/3523
f 3535/3535/3535 3523/3523/3523 4191/4191/4191
f 3527/3527/3527 3525/3525/3525 3535/3535/3535
f 3535/3535/3535 3534/3534/3534 3527/3527/3527
f 3534/3534/3534 3512/3512/3512 3527/3527/3527
f 3513/3513/3513 3512/3512/3512 3534/3534/3534
f 3534/3534/3534 3536/3536/3536 3513/3513/3513
f 3534/3534/3534 3535/3535/3535 3536/3536/3536
f 4191/4191/4191 3536/3536/3536 3535/3535/3535
f 3380/3380/3380 3379/3379/3379 4171/4171/4171
f 4171/4171/4171 4172/4172/4172 3380/3380/3380
f 3381/3381/3381 3379/3379/3379 3380/3380/3380
f 3380/3380/3380 3382/3382/3382 3381/3381/3381
f 3382/3382/3382 3383/3383/3383 3381/3381/3381
f 3382/3382/3382 3384/3384/3384 3383/3383/3383
f 3385/3385/3385 3383/3383/3383 3384/3384/3384
f 3384/3384/3384 3386/3386/3386 3385/3385/3385
f 3385/3385/3385 3386/3386/3386 3387/3387/3387
f 3387/3387/3387 3386/3386/3386 3388/3388/3388
f 3387/3387/3387 3388/3388/3388 3389/3389/3389
f 3389/3389/3389 3388/3388/3388 3390/3390/3390
f 3391/3391/3391 3389/3389/3389 3390/3390/3390
f 3390/3390/3390 3392/3392/3392 3391/3391/3391
f 3392/3392/3392 3390/3390/3390 3406/3406/3406
f 3406/3406/3406 4175/4175/4175 3392/3392/3392
f 3407/3407/3407 3406/3406/3406 3390/3390/3390
f 3390/3390/3390 3388/3388/3388 3407/3407/3407
f 3408/3408/3408 3407/3407/3407 3388/3388/3388
f 3388/3388/3388 3386/3386/3386 3408/3408/3408
f 3384/3384/3384 3409/3409/3409 3386/3386/3386
f 3409/3409/3409 3408/3408/3408 3386/3386/3386
f 3382/3382/3382 3410/3410/3410 3384/3384/3384
f 3410/3410/3410 3409/3409/3409 3384/3384/3384
f 3411/3411/3411 3410/3410/3410 3382/3382/3382
f 3380/3380/3380 3411/3411/3411 3382/3382/3382
f 3411/3411/3411 3380/3380/3380 3412/3412/3412
f 3412/3412/3412 3380/3380/3380 4172/4172/4172
f 4179/4179/4179 4175/4175/4175 3406/3406/3406
f 3406/3406/3406 3446/3446/3446 4179/4179/4179
f 3411/3411/3411 3412/3412/3412 4180/4180/4180
f 4180/4180/4180 3449/3449/3449 3411/3411/3411
f 3450/3450/3450 3410/3410/3410 3411/3411/3411
f 3411/3411/3411 3449/3449/3449 3450/3450/3450
f 3409/3409/3409 3410/3410/3410 3450/3450/3450
f 3450/3450/3450 3451/3451/3451 3409/3409/3409
f 3408/3408/3408 3409/3409/3409 3451/3451/3451
f 3451/3451/3451 3452/3452/3452 3408/3408/3408
f 3407/3407/3407 3408/3408/3408 3452/3452/3452
f 3452/3452/3452 3453/3453/3453 3407/3407/3407
f 3453/3453/3453 3446/3446/3446 3406/3406/3406
f 3406/3406/3406 3407/3407/3407 3453/3453/3453
f 3449/3449/3449 4180/4180/4180 4183/4183/4183
f 4183/4183/4183 3459/3459/3459 3449/3449/3449
f 3449/3449/3449 3459/3459/3459 3450/3450/3450
f 3435/3435/3435 3459/3459/3459 4183/4183/4183
f 3435/3435/3435 4183/4183/4183 3437/3437/3437
f 4183/4183/4183 4184/4184/4184 3437/3437/3437
f 3460/3460/3460 3459/3459/3459 3435/3435/3435
f 3460/3460/3460 3435/3435/3435 3433/3433/3433
f 3433/3433/3433 3461/3461/3461 3460/3460/3460
f 3462/3462/3462 3461/3461/3461 3433/3433/3433
f 3433/3433/3433 3431/3431/3431 3462/3462/3462
f 3462/3462/3462 3431/3431/3431 3429/3429/3429
f 3429/3429/3429 3422/3422/3422 3462/3462/3462
f 3422/3422/3422 3463/3463/3463 3462/3462/3462
f 3462/3462/3462 3464/3464/3464 3461/3461/3461
f 3462/3462/3462 3463/3463/3463 3464/3464/3464
f 3461/3461/3461 3464/3464/3464 3465/3465/3465
f 3465/3465/3465 3464/3464/3464 3466/3466/3466
f 3465/3465/3465 3466/3466/3466 3452/3452/3452
f 3452/3452/3452 3451/3451/3451 3465/3465/3465
f 3467/3467/3467 3465/3465/3465 3451/3451/3451
f 3467/3467/3467 3460/3460/3460 3461/3461/3461
f 3465/3465/3465 3467/3467/3467 3461/3461/3461
f 3451/3451/3451 3450/3450/3450 3467/3467/3467
f 3459/3459/3459 3467/3467/3467 3450/3450/3450
f 3459/3459/3459 3460/3460/3460 3467/3467/3467
f 3452/3452/3452 3466/3466/3466 3468/3468/3468
f 3468/3468/3468 3466/3466/3466 3464/3464/3464
f 3468/3468/3468 3453/3453/3453 3452/3452/3452
f 3464/3464/3464 3469/3469/3469 3468/3468/3468
f 3446/3446/3446 3468/3468/3468 3469/3469/3469
f 3453/3453/3453 3468/3468/3468 3446/3446/3446
f 3470/3470/3470 3469/3469/3469 3464/3464/3464
f 3464/3464/3464 3463/3463/3463 3470/3470/3470
f 3470/3470/3470 3474/3474/3474 3469/3469/3469
f 3446/3446/3446 3469/3469/3469 3474/3474/3474
f 3475/3475/3475 3474/3474/3474 3470/3470/3470
f 3481/3481/3481 3474/3474/3474 3475/3475/3475
f 3474/3474/3474 3481/3481/3481 3446/3446/3446
f 3475/3475/3475 3472/3472/3472 3481/3481/3481
f 3445/3445/3445 3481/3481/3481 3472/3472/3472
f 3446/3446/3446 3481/3481/3481 4179/4179/4179
f 3413/3413/3413 3378/3378/3378 3376/3376/3376
f 4176/4176/4176 3378/3378/3378 3413/3413/3413
f 3413/3413/3413 3376/3376/3376 3414/3414/3414
f 3374/3374/3374 3414/3414/3414 3376/3376/3376
f 3374/3374/3374 3415/3415/3415 3414/3414/3414
f 3374/3374/3374 3372/3372/3372 3415/3415/3415
f 3372/3372/3372 3363/3363/3363 3415/3415/3415
f 3363/3363/3363 3354/3354/3354 3415/3415/3415
f 3353/3353/3353 3415/3415/3415 3354/3354/3354
f 3414/3414/3414 3415/3415/3415 3353/3353/3353
f 3353/3353/3353 3417/3417/3417 3414/3414/3414
f 3413/3413/3413 3414/3414/3414 3417/3417/3417
f 3417/3417/3417 3447/3447/3447 3413/3413/3413
f 4176/4176/4176 3413/3413/3413 3447/3447/3447
f 3447/3447/3447 3448/3448/3448 4176/4176/4176
f 3417/3417/3417 3456/3456/3456 3447/3447/3447
f 3456/3456/3456 3417/3417/3417 3353/3353/3353
f 3456/3456/3456 3455/3455/3455 3447/3447/3447
f 3455/3455/3455 3456/3456/3456 3351/3351/3351
f 3455/3455/3455 3351/3351/3351 4181/4181/4181
f 4159/4159/4159 4181/4181/4181 3351/3351/3351
f 3456/3456/3456 3352/3352/3352 3351/3351/3351
f 3353/3353/3353 3352/3352/3352 3456/3456/3456
f 4181/4181/4181 3457/3457/3457 3455/3455/3455
f 3447/3447/3447 3455/3455/3455 3457/3457/3457
f 3448/3448/3448 3447/3447/3447 3457/3457/3457
f 3457/3457/3457 3458/3458/3458 3448/3448/3448
f 3478/3478/3478 3421/3421/3421 3419/3419/3419
f 3476/3476/3476 3421/3421/3421 3478/3478/3478
f 3478/3478/3478 3419/3419/3419 3360/3360/3360
f 3360/3360/3360 3359/3359/3359 3478/3478/3478
f 3478/3478/3478 3359/3359/3359 3358/3358/3358
f 3358/3358/3358 3480/3480/3480 3478/3478/3478
f 3479/3479/3479 3480/3480/3480 3358/3358/3358
f 3358/3358/3358 3357/3357/3357 3479/3479/3479
f 3442/3442/3442 3479/3479/3479 3357/3357/3357
f 3443/3443/3443 3479/3479/3479 3442/3442/3442
f 3443/3443/3443 3473/3473/3473 3479/3479/3479
f 3479/3479/3479 3473/3473/3473 3480/3480/3480
f 3477/3477/3477 3480/3480/3480 3473/3473/3473
f 3477/3477/3477 3478/3478/3478 3480/3480/3480
f 3477/3477/3477 3476/3476/3476 3478/3478/3478
f 3385/3385/3385 3483/3483/3483 3482/3482/3482
f 3482/3482/3482 3383/3383/3383 3385/3385/3385
f 3381/3381/3381 3383/3383/3383 3482/3482/3482
f 3482/3482/3482 3484/3484/3484 3381/3381/3381
f 3379/3379/3379 3381/3381/3381 3484/3484/3484
f 3484/3484/3484 3485/3485/3485 3379/3379/3379
f 3379/3379/3379 3485/3485/3485 3486/3486/3486
f 4171/4171/4171 3379/3379/3379 3486/3486/3486
f 3499/3499/3499 3483/3483/3483 3385/3385/3385
f 3385/3385/3385 3387/3387/3387 3499/3499/3499
f 3498/3498/3498 3499/3499/3499 3387/3387/3387
f 3387/3387/3387 3389/3389/3389 3498/3498/3498
f 4186/4186/4186 3498/3498/3498 3389/3389/3389
f 3389/3389/3389 3391/3391/3391 4186/4186/4186
f 3498/3498/3498 4186/4186/4186 4195/4195/4195
f 3498/3498/3498 4195/4195/4195 3544/3544/3544
f 3499/3499/3499 3498/3498/3498 3544/3544/3544
f 3544/3544/3544 3545/3545/3545 3499/3499/3499
f 3483/3483/3483 3499/3499/3499 3545/3545/3545
f 3545/3545/3545 3546/3546/3546 3483/3483/3483
f 3482/3482/3482 3483/3483/3483 3546/3546/3546
f 3546/3546/3546 3547/3547/3547 3482/3482/3482
f 3482/3482/3482 3547/3547/3547 3548/3548/3548
f 3548/3548/3548 3484/3484/3484 3482/3482/3482
f 3485/3485/3485 3484/3484/3484 3548/3548/3548
f 3548/3548/3548 3549/3549/3549 3485/3485/3485
f 3485/3485/3485 3549/3549/3549 3550/3550/3550
f 3485/3485/3485 3550/3550/3550 3486/3486/3486
f 3547/3547/3547 3546/3546/3546 3558/3558/3558
f 3558/3558/3558 3557/3557/3557 3547/3547/3547
f 3549/3549/3549 3548/3548/3548 3560/3560/3560
f 3560/3560/3560 3559/3559/3559 3549/3549/3549
f 3545/3545/3545 3544/3544/3544 3562/3562/3562
f 3562/3562/3562 3561/3561/3561 3545/3545/3545
f 3549/3549/3549 3559/3559/3559 4197/4197/4197
f 4197/4197/4197 3550/3550/3550 3549/3549/3549
f 3560/3560/3560 3548/3548/3548 3572/3572/3572
f 3572/3572/3572 3571/3571/3571 3560/3560/3560
f 3571/3571/3571 3572/3572/3572 3574/3574/3574
f 3574/3574/3574 3573/3573/3573 3571/3571/3571
f 3562/3562/3562 3544/3544/3544 4195/4195/4195
f 3562/3562/3562 4195/4195/4195 4200/4200/4200
f 3583/3583/3583 3545/3545/3545 3561/3561/3561
f 3561/3561/3561 3584/3584/3584 3583/3583/3583
f 3585/3585/3585 3583/3583/3583 3584/3584/3584
f 3586/3586/3586 3585/3585/3585 3584/3584/3584
f 3590/3590/3590 3583/3583/3583 3585/3585/3585
f 3585/3585/3585 4204/4204/4204 3590/3590/3590
f 3589/3589/3589 3590/3590/3590 4204/4204/4204
f 3590/3590/3590 3589/3589/3589 3558/3558/3558
f 3558/3558/3558 3546/3546/3546 3590/3590/3590
f 3583/3583/3583 3590/3590/3590 3546/3546/3546
f 4204/4204/4204 4203/4203/4203 3589/3589/3589
f 3546/3546/3546 3545/3545/3545 3583/3583/3583
f 3604/3604/3604 3589/3589/3589 4203/4203/4203
f 4203/4203/4203 4208/4208/4208 3604/3604/3604
f 3589/3589/3589 3604/3604/3604 3596/3596/3596
f 3596/3596/3596 3558/3558/3558 3589/3589/3589
f 3557/3557/3557 3558/3558/3558 3596/3596/3596
f 3596/3596/3596 3595/3595/3595 3557/3557/3557
f 3592/3592/3592 3557/3557/3557 3595/3595/3595
f 3557/3557/3557 3592/3592/3592 3591/3591/3591
f 3591/3591/3591 3547/3547/3547 3557/3557/3557
f 3548/3548/3548 3547/3547/3547 3591/3591/3591
f 3591/3591/3591 3572/3572/3572 3548/3548/3548
f 3591/3591/3591 3592/3592/3592 3593/3593/3593
f 3572/3572/3572 3591/3591/3591 3593/3593/3593
f 3594/3594/3594 3593/3593/3593 3592/3592/3592
f 3593/3593/3593 3574/3574/3574 3572/3572/3572
f 3595/3595/3595 3597/3597/3597 3592/3592/3592
f 3594/3594/3594 3592/3592/3592 3597/3597/3597
f 3597/3597/3597 3598/3598/3598 3594/3594/3594
f 3595/3595/3595 3596/3596/3596 3606/3606/3606
f 3606/3606/3606 3605/3605/3605 3595/3595/3595
f 3595/3595/3595 3605/3605/3605 3597/3597/3597
f 3607/3607/3607 3597/3597/3597 3605/3605/3605
f 3598/3598/3598 3597/3597/3597 3607/3607/3607
f 3607/3607/3607 3608/3608/3608 3598/3598/3598
f 3608/3608/3608 3607/3607/3607 3622/3622/3622
f 3622/3622/3622 3607/3607/3607 3605/3605/3605
f 3605/3605/3605 3606/3606/3606 3622/3622/3622
f 3622/3622/3622 4212/4212/4212 3608/3608/3608
f 4212/4212/4212 3622/3622/3622 3621/3621/3621
f 3622/3622/3622 3606/3606/3606 3621/3621/3621
f 3621/3621/3621 4211/4211/4211 4212/4212/4212
f 4210/4210/4210 4211/4211/4211 3621/3621/3621
f 3621/3621/3621 3614/3614/3614 4210/4210/4210
f 3614/3614/3614 3621/3621/3621 3606/3606/3606
f 4208/4208/4208 4210/4210/4210 3614/3614/3614
f 3614/3614/3614 3604/3604/3604 4208/4208/4208
f 3596/3596/3596 3604/3604/3604 3614/3614/3614
f 3614/3614/3614 3606/3606/3606 3596/3596/3596
f 3487/3487/3487 3375/3375/3375 3377/3377/3377
f 3377/3377/3377 4185/4185/4185 3487/3487/3487
f 3373/3373/3373 3375/3375/3375 3487/3487/3487
f 3487/3487/3487 3488/3488/3488 3373/3373/3373
f 3371/3371/3371 3373/3373/3373 3488/3488/3488
f 3488/3488/3488 3489/3489/3489 3371/3371/3371
f 3489/3489/3489 3490/3490/3490 3371/3371/3371
f 3490/3490/3490 3367/3367/3367 3371/3371/3371
f 3366/3366/3366 3367/3367/3367 3490/3490/3490
f 3490/3490/3490 3491/3491/3491 3366/3366/3366
f 3491/3491/3491 3492/3492/3492 3366/3366/3366
f 3492/3492/3492 3370/3370/3370 3366/3366/3366
f 3370/3370/3370 3492/3492/3492 3493/3493/3493
f 3399/3399/3399 3370/3370/3370 3493/3493/3493
f 3494/3494/3494 3399/3399/3399 3493/3493/3493
f 3494/3494/3494 3397/3397/3397 3399/3399/3399
f 3495/3495/3495 3397/3397/3397 3494/3494/3494
f 3495/3495/3495 3395/3395/3395 3397/3397/3397
f 3395/3395/3395 3495/3495/3495 3496/3496/3496
f 3496/3496/3496 3393/3393/3393 3395/3395/3395
f 4173/4173/4173 3393/3393/3393 3496/3496/3496
f 3496/3496/3496 3497/3497/3497 4173/4173/4173
f 3537/3537/3537 3492/3492/3492 3491/3491/3491
f 3491/3491/3491 3538/3538/3538 3537/3537/3537
f 3492/3492/3492 3539/3539/3539 3493/3493/3493
f 3539/3539/3539 3492/3492/3492 3537/3537/3537
f 3539/3539/3539 3540/3540/3540 3493/3493/3493
f 3540/3540/3540 3494/3494/3494 3493/3493/3493
f 3540/3540/3540 3541/3541/3541 3494/3494/3494
f 3495/3495/3495 3494/3494/3494 3541/3541/3541
f 3542/3542/3542 3495/3495/3495 3541/3541/3541
f 3496/3496/3496 3495/3495/3495 3542/3542/3542
f 3543/3543/3543 3496/3496/3496 3542/3542/3542
f 3497/3497/3497 3496/3496/3496 3543/3543/3543
f 3555/3555/3555 3537/3537/3537 3538/3538/3538
f 3556/3556/3556 3555/3555/3555 3538/3538/3538
f 3541/3541/3541 3540/3540/3540 3564/3564/3564
f 3564/3564/3564 3563/3563/3563 3541/3541/3541
f 3556/3556/3556 3538/3538/3538 3576/3576/3576
f 3576/3576/3576 3575/3575/3575 3556/3556/3556
f 3538/3538/3538 3554/3554/3554 3576/3576/3576
f 3538/3538/3538 3491/3491/3491 3554/3554/3554
f 3490/3490/3490 3554/3554/3554 3491/3491/3491
f 3554/3554/3554 3490/3490/3490 3489/3489/3489
f 3489/3489/3489 3553/3553/3553 3554/3554/3554
f 3553/3553/3553 3489/3489/3489 3488/3488/3488
f 3488/3488/3488 3552/3552/3552 3553/3553/3553
f 3552/3552/3552 3488/3488/3488 3487/3487/3487
f 3487/3487/3487 3551/3551/3551 3552/3552/3552
f 4185/4185/4185 3551/3551/3551 3487/3487/3487
f 4185/4185/4185 4196/4196/4196 3551/3551/3551
f 3565/3565/3565 3553/3553/3553 3552/3552/3552
f 3552/3552/3552 3566/3566/3566 3565/3565/3565
f 3551/3551/3551 3567/3567/3567 3552/3552/3552
f 3567/3567/3567 3566/3566/3566 3552/3552/3552
f 3568/3568/3568 3567/3567/3567 3551/3551/3551
f 3551/3551/3551 4196/4196/4196 3568/3568/3568
f 3569/3569/3569 3553/3553/3553 3565/3565/3565
f 3569/3569/3569 3554/3554/3554 3553/3553/3553
f 3565/3565/3565 3570/3570/3570 3569/3569/3569
f 4198/4198/4198 3569/3569/3569 3570/3570/3570
f 3570/3570/3570 4199/4199/4199 4198/4198/4198
f 4198/4198/4198 4205/4205/4205 3569/3569/3569
f 3576/3576/3576 3569/3569/3569 4205/4205/4205
f 3554/3554/3554 3569/3569/3569 3576/3576/3576
f 4205/4205/4205 3575/3575/3575 3576/3576/3576
f 4205/4205/4205 4206/4206/4206 3575/3575/3575
f 3575/3575/3575 4206/4206/4206 3599/3599/3599
f 4206/4206/4206 4207/4207/4207 3599/3599/3599
f 3556/3556/3556 3575/3575/3575 3599/3599/3599
f 3599/3599/3599 3600/3600/3600 3556/3556/3556
f 3601/3601/3601 3556/3556/3556 3600/3600/3600
f 3601/3601/3601 3555/3555/3555 3556/3556/3556
f 3555/3555/3555 3601/3601/3601 3602/3602/3602
f 3602/3602/3602 3578/3578/3578 3555/3555/3555
f 3537/3537/3537 3555/3555/3555 3578/3578/3578
f 3578/3578/3578 3577/3577/3577 3537/3537/3537
f 3577/3577/3577 3539/3539/3539 3537/3537/3537
f 3539/3539/3539 3577/3577/3577 3580/3580/3580
f 3580/3580/3580 3540/3540/3540 3539/3539/3539
f 3540/3540/3540 3580/3580/3580 3579/3579/3579
f 3540/3540/3540 3579/3579/3579 3564/3564/3564
f 4201/4201/4201 3579/3579/3579 3580/3580/3580
f 3580/3580/3580 4202/4202/4202 4201/4201/4201
f 4202/4202/4202 3580/3580/3580 3577/3577/3577
f 3587/3587/3587 3577/3577/3577 3578/3578/3578
f 3577/3577/3577 3587/3587/3587 4202/4202/4202
f 3588/3588/3588 3587/3587/3587 3578/3578/3578
f 3578/3578/3578 3602/3602/3602 3603/3603/3603
f 3603/3603/3603 3588/3588/3588 3578/3578/3578
f 3601/3601/3601 3612/3612/3612 3602/3602/3602
f 3612/3612/3612 3601/3601/3601 3611/3611/3611
f 3611/3611/3611 3601/3601/3601 3600/3600/3600
f 3611/3611/3611 3600/3600/3600 3610/3610/3610
f 3609/3609/3609 3610/3610/3610 3600/3600/3600
f 3600/3600/3600 3599/3599/3599 3609/3609/3609
f 4209/4209/4209 3609/3609/3609 3599/3599/3599
f 3599/3599/3599 4207/4207/4207 4209/4209/4209
f 3610/3610/3610 3609/3609/3609 3616/3616/3616
f 3616/3616/3616 3609/3609/3609 4209/4209/4209
f 3616/3616/3616 3615/3615/3615 3610/3610/3610
f 3617/3617/3617 3611/3611/3611 3610/3610/3610
f 3610/3610/3610 3615/3615/3615 3617/3617/3617
f 3617/3617/3617 3618/3618/3618 3611/3611/3611
f 3612/3612/3612 3611/3611/3611 3618/3618/3618
f 3618/3618/3618 3613/3613/3613 3612/3612/3612
f 3613/3613/3613 3602/3602/3602 3612/3612/3612
f 3613/3613/3613 3603/3603/3603 3602/3602/3602
f 3618/3618/3618 3619/3619/3619 3613/3613/3613
f 3617/3617/3617 3619/3619/3619 3618/3618/3618
f 3615/3615/3615 3620/3620/3620 3617/3617/3617
f 3620/3620/3620 3619/3619/3619 3617/3617/3617
f 3620/3620/3620 3615/3615/3615 3616/3616/3616
f 3616/3616/3616 4209/4209/4209 3620/3620/3620
f 3500/3500/3500 3432/3432/3432 3501/3501/3501
f 3430/3430/3430 3432/3432/3432 3500/3500/3500
f 3501/3501/3501 3432/3432/3432 3434/3434/3434
f 3434/3434/3434 3502/3502/3502 3501/3501/3501
f 3502/3502/3502 3434/3434/3434 3503/3503/3503
f 3434/3434/3434 3436/3436/3436 3503/3503/3503
f 3502/3502/3502 3503/3503/3503 3514/3514/3514
f 3514/3514/3514 3503/3503/3503 4189/4189/4189
f 3515/3515/3515 3502/3502/3502 3514/3514/3514
f 3501/3501/3501 3502/3502/3502 3515/3515/3515
f 3516/3516/3516 3501/3501/3501 3515/3515/3515
f 3500/3500/3500 3501/3501/3501 3516/3516/3516
f 3515/3515/3515 3514/3514/3514 3519/3519/3519
f 3519/3519/3519 3518/3518/3518 3515/3515/3515
f 3518/3518/3518 3519/3519/3519 3521/3521/3521
f 3521/3521/3521 3520/3520/3520 3518/3518/3518
f 3514/3514/3514 4189/4189/4189 4193/4193/4193
f 4193/4193/4193 3519/3519/3519 3514/3514/3514
f 4193/4193/4193 3521/3521/3521 3519/3519/3519
f 3518/3518/3518 3520/3520/3520 4194/4194/4194
f 3515/3515/3515 3518/3518/3518 4194/4194/4194
f 4194/4194/4194 3516/3516/3516 3515/3515/3515
f 3581/3581/3581 3541/3541/3541 3563/3563/3563
f 3542/3542/3542 3541/3541/3541 3581/3581/3581
f 3543/3543/3543 3542/3542/3542 3581/3581/3581
f 3582/3582/3582 3543/3543/3543 3581/3581/3581
f 3653/3653/3653 3581/3581/3581 3563/3563/3563
f 3582/3582/3582 3581/3581/3581 3653/3653/3653
f 3563/3563/3563 3652/3652/3652 3653/3653/3653
f 3651/3651/3651 3652/3652/3652 3563/3563/3563
f 3563/3563/3563 3564/3564/3564 3651/3651/3651
f 3650/3650/3650 3651/3651/3651 3564/3564/3564
f 3564/3564/3564 3579/3579/3579 3650/3650/3650
f 4201/4201/4201 3650/3650/3650 3579/3579/3579
f 4221/4221/4221 3650/3650/3650 4201/4201/4201
f 3653/3653/3653 3654/3654/3654 3582/3582/3582
f 3659/3659/3659 3650/3650/3650 4221/4221/4221
f 3651/3651/3651 3650/3650/3650 3659/3659/3659
f 4221/4221/4221 4223/4223/4223 3659/3659/3659
f 3659/3659/3659 3660/3660/3660 3651/3651/3651
f 3651/3651/3651 3660/3660/3660 3661/3661/3661
f 3661/3661/3661 3652/3652/3652 3651/3651/3651
f 3652/3652/3652 3661/3661/3661 3662/3662/3662
f 3662/3662/3662 3653/3653/3653 3652/3652/3652
f 3654/3654/3654 3653/3653/3653 3662/3662/3662
f 3662/3662/3662 3663/3663/3663 3654/3654/3654
f 3661/3661/3661 3660/3660/3660 3666/3666/3666
f 3667/3667/3667 3666/3666/3666 3660/3660/3660
f 3668/3668/3668 3660/3660/3660 3659/3659/3659
f 3667/3667/3667 3660/3660/3660 3668/3668/3668
f 3668/3668/3668 3659/3659/3659 4223/4223/4223
f 3669/3669/3669 3662/3662/3662 3661/3661/3661
f 3661/3661/3661 3666/3666/3666 3669/3669/3669
f 3669/3669/3669 3663/3663/3663 3662/3662/3662
f 3559/3559/3559 3560/3560/3560 3624/3624/3624
f 3624/3624/3624 3623/3623/3623 3559/3559/3559
f 3559/3559/3559 3623/3623/3623 3625/3625/3625
f 4197/4197/4197 3559/3559/3559 3625/3625/3625
f 3624/3624/3624 3560/3560/3560 3571/3571/3571
f 3571/3571/3571 3631/3631/3631 3624/3624/3624
f 3631/3631/3631 3571/3571/3571 3573/3573/3573
f 3631/3631/3631 3573/3573/3573 4214/4214/4214
f 3625/3625/3625 3623/3623/3623 3642/3642/3642
f 3642/3642/3642 4215/4215/4215 3625/3625/3625
f 3623/3623/3623 3643/3643/3643 3642/3642/3642
f 3623/3623/3623 3624/3624/3624 3643/3643/3643
f 3644/3644/3644 3643/3643/3643 3624/3624/3624
f 3624/3624/3624 3631/3631/3631 3644/3644/3644
f 3644/3644/3644 3631/3631/3631 4214/4214/4214
f 3644/3644/3644 4214/4214/4214 4216/4216/4216
f 3645/3645/3645 3644/3644/3644 4216/4216/4216
f 4217/4217/4217 3645/3645/3645 4216/4216/4216
f 3644/3644/3644 3646/3646/3646 3643/3643/3643
f 3644/3644/3644 3645/3645/3645 3646/3646/3646
f 3642/3642/3642 3643/3643/3643 3646/3646/3646
f 3642/3642/3642 3646/3646/3646 3647/3647/3647
f 4215/4215/4215 3642/3642/3642 3647/3647/3647
f 3647/3647/3647 3646/3646/3646 3645/3645/3645
f 4215/4215/4215 3647/3647/3647 4218/4218/4218
f 3645/3645/3645 4217/4217/4217 4219/4219/4219
f 3647/3647/3647 3645/3645/3645 4219/4219/4219
f 4220/4220/4220 4218/4218/4218 3647/3647/3647
f 3647/3647/3647 4219/4219/4219 4220/4220/4220
f 4213/4213/4213 3626/3626/3626 3567/3567/3567
f 3567/3567/3567 3568/3568/3568 4213/4213/4213
f 3566/3566/3566 3567/3567/3567 3626/3626/3626
f 3626/3626/3626 3627/3627/3627 3566/3566/3566
f 3627/3627/3627 3628/3628/3628 3566/3566/3566
f 3566/3566/3566 3628/3628/3628 3565/3565/3565
f 3570/3570/3570 3565/3565/3565 3628/3628/3628
f 3628/3628/3628 3629/3629/3629 3570/3570/3570
f 4199/4199/4199 3570/3570/3570 3629/3629/3629
f 3629/3629/3629 3630/3630/3630 4199/4199/4199
f 3632/3632/3632 3628/3628/3628 3627/3627/3627
f 3627/3627/3627 3633/3633/3633 3632/3632/3632
f 3634/3634/3634 3632/3632/3632 3633/3633/3633
f 3633/3633/3633 3635/3635/3635 3634/3634/3634
f 3626/3626/3626 3636/3636/3636 3627/3627/3627
f 3636/3636/3636 3633/3633/3633 3627/3627/3627
f 3637/3637/3637 3635/3635/3635 3633/3633/3633
f 3633/3633/3633 3636/3636/3636 3637/3637/3637
f 3638/3638/3638 3629/3629/3629 3628/3628/3628
f 3628/3628/3628 3632/3632/3632 3638/3638/3638
f 3639/3639/3639 3638/3638/3638 3632/3632/3632
f 3632/3632/3632 3634/3634/3634 3639/3639/3639
f 3638/3638/3638 3640/3640/3640 3629/3629/3629
f 3640/3640/3640 3630/3630/3630 3629/3629/3629
f 3638/3638/3638 3639/3639/3639 3640/3640/3640
f 3641/3641/3641 3637/3637/3637 3636/3636/3636
f 3626/3626/3626 3641/3641/3641 3636/3636/3636
f 3626/3626/3626 4213/4213/4213 3641/3641/3641
f 3649/3649/3649 3648/3648/3648 3586/3586/3586
f 3586/3586/3586 3584/3584/3584 3649/3649/3649
f 3656/3656/3656 3649/3649/3649 3584/3584/3584
f 3584/3584/3584 3561/3561/3561 3656/3656/3656
f 3655/3655/3655 3656/3656/3656 3561/3561/3561
f 3561/3561/3561 3562/3562/3562 3655/3655/3655
f 3562/3562/3562 4200/4200/4200 3655/3655/3655
f 4200/4200/4200 4222/4222/4222 3655/3655/3655
f 3657/3657/3657 3648/3648/3648 3649/3649/3649
f 3649/3649/3649 3658/3658/3658 3657/3657/3657
f 3664/3664/3664 3655/3655/3655 4222/4222/4222
f 3656/3656/3656 3655/3655/3655 3664/3664/3664
f 4222/4222/4222 4224/4224/4224 3664/3664/3664
f 3664/3664/3664 3665/3665/3665 3656/3656/3656
f 3649/3649/3649 3656/3656/3656 3665/3665/3665
f 3665/3665/3665 3658/3658/3658 3649/3649/3649
f 3670/3670/3670 3665/3665/3665 3664/3664/3664
f 3664/3664/3664 3671/3671/3671 3670/3670/3670
f 4224/4224/4224 3671/3671/3671 3664/3664/3664
f 3672/3672/3672 3658/3658/3658 3665/3665/3665
f 3665/3665/3665 3670/3670/3670 3672/3672/3672
f 3658/3658/3658 3672/3672/3672 3657/3657/3657
f 4225/4225/4225 3671/3671/3671 4224/4224/4224
f 3672/3672/3672 4226/4226/4226 3657/3657/3657
f 4227/4227/4227 4226/4226/4226 3672/3672/3672
f 4227/4227/4227 3672/3672/3672 3670/3670/3670
f 3670/3670/3670 4228/4228/4228 4227/4227/4227
f 4228/4228/4228 3670/3670/3670 3671/3671/3671
f 3671/3671/3671 4225/4225/4225 4228/4228/4228
f 4231/4231/4231 4230/4230/4230 4229/4229/4229
g lower_teeth_low
v 7.957703 2.44289 -2.365393
v 7.957534 2.416456 -2.363148
v 7.950032 2.444091 -2.364977
v 7.952262 2.414992 -2.362086
v 7.94419 2.442407 -2.365482
v 7.941492 2.440367 -2.367118
v 7.943677 2.416887 -2.363869
v 7.935376 2.442569 -2.366248
v 7.938139 2.415657 -2.363636
v 7.929718 2.443074 -2.367774
v 7.933487 2.413449 -2.364295
v 7.92171 2.44072 -2.371694
v 7.927159 2.41288 -2.369547
v 7.916216 2.437366 -2.372859
v 7.918523 2.427449 -2.371878
v 7.925301 2.427536 -2.364979
v 7.936652 2.429399 -2.362117
v 7.942306 2.429148 -2.362917
v 7.954651 2.429767 -2.362108
v 7.911504 2.426702 -2.367392
v 7.920485 2.412205 -2.373048
v 7.909328 2.436759 -2.366856
v 7.9012 2.42523 -2.369794
v 7.911464 2.404091 -2.377423
v 7.899782 2.437301 -2.367688
v 7.899079 2.408057 -2.383203
v 7.893233 2.42311 -2.378786
v 7.891769 2.436174 -2.377544
v 7.892028 2.435389 -2.388242
v 7.892731 2.425098 -2.390188
v 7.89803 2.414229 -2.394303
v 7.89684 2.438428 -2.395667
v 7.897394 2.430943 -2.399745
v 7.896658 2.422496 -2.399134
v 7.912129 2.446852 -2.374247
v 7.907235 2.445946 -2.368237
v 7.91618 2.440847 -2.381177
v 7.912654 2.446843 -2.380352
v 7.923298 2.442589 -2.37861
v 7.932316 2.442713 -2.377045
v 7.936254 2.442811 -2.375638
v 7.94097 2.44153 -2.375679
v 7.945173 2.443531 -2.374493
v 7.950258 2.444506 -2.373386
v 7.957006 2.44442 -2.3728
v 7.899652 2.446173 -2.368363
v 7.893806 2.446679 -2.374565
v 7.893008 2.446391 -2.383654
v 7.89871 2.447778 -2.390299
v 7.895483 2.430007 -2.407184
v 7.893483 2.423758 -2.40346
v 7.903333 2.461982 -2.372745
v 7.899761 2.462392 -2.375542
v 7.906389 2.462227 -2.374906
v 7.905878 2.462245 -2.378738
v 7.900064 2.463098 -2.377786
v 7.902575 2.462422 -2.380629
v 7.895126 2.408905 -2.403082
v 7.892422 2.405267 -2.413774
v 7.886149 2.42191 -2.413476
v 7.894417 2.431124 -2.417352
v 7.907096 2.4317 -2.40119
v 7.904775 2.43268 -2.408712
v 7.90795 2.432695 -2.41658
v 7.888683 2.407623 -2.426714
v 7.885802 2.420995 -2.4249
v 7.89319 2.430147 -2.427777
v 7.904952 2.430568 -2.427408
v 7.888409 2.405883 -2.430926
v 7.887311 2.42231 -2.434915
v 7.890354 2.425665 -2.438951
v 7.895433 2.42809 -2.440528
v 7.883542 2.401264 -2.43579
v 7.877766 2.417532 -2.439928
v 7.887196 2.426211 -2.446264
v 7.90195 2.424435 -2.450283
v 7.87823 2.395243 -2.44987
v 7.87325 2.412495 -2.453571
v 7.883821 2.417727 -2.458872
v 7.899443 2.417933 -2.459188
v 7.880361 2.396126 -2.462772
v 7.881044 2.401477 -2.470168
v 7.884751 2.406898 -2.472308
v 7.890755 2.410565 -2.472085
v 7.881337 2.384799 -2.463048
v 7.883451 2.382271 -2.450436
v 7.880177 2.38743 -2.475552
v 7.884256 2.396705 -2.481941
v 7.89496 2.406405 -2.483001
v 7.88704 2.388508 -2.43329
v 7.889264 2.391339 -2.428143
v 7.890249 2.393565 -2.42179
v 7.891705 2.394371 -2.41358
v 7.893406 2.396802 -2.399581
v 7.895496 2.398677 -2.391538
v 7.901283 2.397697 -2.383309
v 7.910883 2.39509 -2.376744
v 7.921496 2.392296 -2.371699
v 7.936355 2.389957 -2.368127
v 7.9487 2.388817 -2.364143
v 7.957407 2.387082 -2.364897
v 7.957659 2.4017 -2.362526
v 7.948654 2.401685 -2.360917
v 7.93694 2.400708 -2.363422
v 7.961871 2.418337 -2.364829
v 7.961871 2.441328 -2.374076
v 7.973709 2.444091 -2.364977
v 7.96909 2.429767 -2.362108
v 7.966039 2.44289 -2.365393
v 7.979552 2.442407 -2.365482
v 7.981435 2.429148 -2.362917
v 7.982249 2.440367 -2.367118
v 7.988366 2.442569 -2.366248
v 7.98709 2.429399 -2.362117
v 7.994023 2.443074 -2.367774
v 7.99844 2.427536 -2.364979
v 8.002031 2.44072 -2.371694
v 8.007524 2.437366 -2.372859
v 8.005219 2.427449 -2.371878
v 7.971479 2.414992 -2.362086
v 7.966208 2.416456 -2.363148
v 7.980064 2.416887 -2.363869
v 7.985602 2.415657 -2.363636
v 7.990254 2.413449 -2.364295
v 7.996583 2.41288 -2.369547
v 8.003256 2.412205 -2.373048
v 8.012238 2.426702 -2.367392
v 8.014414 2.436759 -2.366856
v 8.022541 2.42523 -2.369794
v 8.012278 2.404091 -2.377423
v 8.023959 2.437301 -2.367688
v 8.030508 2.42311 -2.378786
v 8.024662 2.408057 -2.383203
v 8.031972 2.436174 -2.377544
v 8.031713 2.435389 -2.388242
v 8.031011 2.425098 -2.390188
v 8.025711 2.414229 -2.394303
v 8.026901 2.438428 -2.395667
v 8.026347 2.430943 -2.399745
v 8.027083 2.422496 -2.399134
v 8.011612 2.446852 -2.374247
v 8.016507 2.445946 -2.368237
v 8.007561 2.440847 -2.381177
v 8.011087 2.446843 -2.380352
v 8.000443 2.442589 -2.37861
v 7.991425 2.442713 -2.377045
v 7.987487 2.442811 -2.375638
v 7.982771 2.44153 -2.375679
v 7.978569 2.443531 -2.374493
v 7.973483 2.444506 -2.373386
v 7.966735 2.44442 -2.3728
v 7.961871 2.439012 -2.36681
v 8.024089 2.446173 -2.368363
v 8.029935 2.446679 -2.374565
v 8.030733 2.446391 -2.383654
v 8.025031 2.447778 -2.390299
v 8.028257 2.430007 -2.407184
v 8.030258 2.423758 -2.40346
v 8.020409 2.461982 -2.372745
v 8.023981 2.462392 -2.375542
v 8.017353 2.462227 -2.374906
v 8.017863 2.462245 -2.378738
v 8.023678 2.463098 -2.377786
v 8.021166 2.462422 -2.380629
v 8.028616 2.408905 -2.403082
v 8.037593 2.42191 -2.413476
v 8.03132 2.405267 -2.413774
v 8.029325 2.431124 -2.417352
v 8.016645 2.4317 -2.40119
v 8.018967 2.43268 -2.408712
v 8.015791 2.432695 -2.41658
v 8.037939 2.420995 -2.4249
v 8.035058 2.407623 -2.426714
v 8.030551 2.430147 -2.427777
v 8.018789 2.430568 -2.427408
v 8.03643 2.42231 -2.434915
v 8.035333 2.405883 -2.430926
v 8.033387 2.425665 -2.438951
v 8.028308 2.42809 -2.440528
v 8.045975 2.417532 -2.439928
v 8.040199 2.401264 -2.43579
v 8.036546 2.426211 -2.446264
v 8.021791 2.424435 -2.450283
v 8.050491 2.412495 -2.453571
v 8.045511 2.395243 -2.44987
v 8.039921 2.417727 -2.458872
v 8.024299 2.417933 -2.459188
v 8.042697 2.401477 -2.470168
v 8.043381 2.396126 -2.462772
v 8.03899 2.406898 -2.472308
v 8.032987 2.410565 -2.472085
v 8.042404 2.384799 -2.463048
v 8.040291 2.382271 -2.450436
v 8.043564 2.38743 -2.475552
v 8.039485 2.396705 -2.481941
v 8.028781 2.406405 -2.483001
v 8.036701 2.388508 -2.43329
v 8.034477 2.391339 -2.428143
v 8.033493 2.393565 -2.42179
v 8.032036 2.394371 -2.41358
v 8.030335 2.396802 -2.399581
v 8.028245 2.398677 -2.391538
v 8.022459 2.397697 -2.383309
v 8.012857 2.39509 -2.376744
v 8.002245 2.392296 -2.371699
v 7.987387 2.389957 -2.368127
v 7.986802 2.400708 -2.363422
v 7.975087 2.401685 -2.360917
v 7.966334 2.387082 -2.364897
v 7.966083 2.4017 -2.362526
v 7.975041 2.388817 -2.364143
v 7.961871 2.428879 -2.365563
v 7.961871 2.402622 -2.362742
v 7.961871 2.387399 -2.365211
vn 0.2412711 0.3802932 0.3612461
vn 0.1513749 0.02714211 0.5564912
vn -0.05105959 0.438833 0.371688
vn 0.005372358 0.02854804 0.5766191
vn -0.2519936 0.3825501 0.3514087
vn -0.1388877 0.4315767 0.3574705
vn -0.0390413 0.003914976 0.5760156
vn 0.0480623 0.4387196 0.3722212
vn -0.02836733 -0.02115738 0.5762647
vn -0.1526282 0.4621883 0.3105157
vn -0.2172339 -0.05453612 0.5321359
vn -0.2788265 0.4082323 0.2982207
vn -0.3014494 -0.1318591 0.4744205
vn 0.1861411 0.2756647 0.4719045
vn -0.04716786 0.02718879 0.5747777
vn -0.2838515 0.00744785 0.502699
vn -0.03031135 0.0673671 0.5726049
vn 0.009031928 0.0599209 0.5741615
vn 0.0952848 0.04715894 0.5674772
vn 0.09969251 -0.08692607 0.5619953
vn -0.166693 -0.1154325 0.5405759
vn 0.1630457 0.06380126 0.5501627
vn -0.2667392 -0.1880253 0.4762668
vn -0.2296807 -0.06428707 0.5257826
vn -0.2677858 -0.03561889 0.5102504
vn -0.4942105 -0.1798372 0.2382182
vn -0.5056591 -0.1819037 0.2110763
vn -0.5466153 -0.0228132 0.1844574
vn -0.5544726 0.06266996 -0.1482091
vn -0.5572569 -0.1038114 -0.1096414
vn -0.5708608 -0.06388082 0.05805606
vn -0.3274208 0.248232 -0.4055982
vn -0.437708 0.3185637 -0.2006545
vn -0.5685757 -0.03360948 0.09447355
vn 0.4851185 0.2308449 0.2114332
vn 0.2051628 0.1601512 0.5153574
vn 0.2743863 0.475998 0.1774021
vn 0.5131937 0.2608621 0.04377716
vn -0.1418382 0.5390617 0.1504254
vn -0.048848 0.5752755 0.002333201
vn 0.07886219 0.5718758 0.008499736
vn -0.02466614 0.5731137 0.06531183
vn -0.2118322 0.533283 0.06379513
vn -0.0709148 0.5717545 0.03743535
vn 0.2053577 0.5322896 0.0884841
vn -0.2351652 0.1092033 0.5158541
vn -0.5112645 0.1226563 0.2385316
vn -0.524336 0.19171 -0.1471471
vn -0.2504039 0.3055514 -0.4210341
vn -0.3866723 0.4254094 0.0533357
vn -0.4927662 0.1131228 0.2787795
vn -0.005311943 0.3915441 0.4242623
vn -0.367711 0.3877859 0.2185041
vn 0.3608102 0.4177343 0.1692555
vn 0.3140569 0.4827568 -0.04058968
vn -0.2901604 0.4906623 -0.09160119
vn -0.1680818 0.4760522 -0.2801005
vn -0.54849 0.0173105 0.1794219
vn -0.5597072 -0.04555207 0.1341125
vn -0.5437279 0.1194173 0.1530777
vn -0.2544662 0.5170656 0.03497912
vn -0.06190742 0.5173576 -0.2486805
vn -0.1339494 0.5612121 -0.02078482
vn -0.08852578 0.5689204 -0.04273418
vn -0.5692615 -0.06231483 0.07342691
vn -0.5683023 0.1009031 -0.01357948
vn -0.256345 0.5144687 -0.05424512
vn -0.03449153 0.5703818 -0.08251338
vn -0.5175219 -0.003823997 0.2559095
vn -0.4664169 0.3103509 0.1395384
vn -0.2768444 0.5063964 -0.01591551
vn -0.2407659 0.468144 -0.2370789
vn -0.4796249 -0.05427618 0.3167765
vn -0.4827439 0.2172164 0.2304533
vn -0.193941 0.5366504 -0.08790129
vn -0.04557583 0.505361 -0.2754389
vn -0.5484422 -0.1669619 0.06832364
vn -0.5462819 0.1747531 -0.06611104
vn -0.2170199 0.4610822 -0.2713652
vn -0.019441 0.4867848 -0.3098323
vn -0.572819 -0.05908847 -0.04147571
vn -0.535227 0.09642661 -0.1938226
vn -0.3609364 0.3269884 -0.3100595
vn -0.1956339 0.4509753 -0.3027905
vn -0.5712574 -0.05088136 0.06640232
vn -0.5432324 -0.1780113 0.08089358
vn -0.571764 0.03831067 -0.07036681
vn -0.4654765 0.2220821 -0.2595082
vn -0.3115031 0.3706546 -0.3145066
vn -0.5120717 -0.1201366 0.2380819
vn -0.5337129 -0.0328568 0.2177252
vn -0.5688713 -0.02428634 0.0955449
vn -0.5680025 0.02029227 0.1014622
vn -0.5603277 0.09497013 0.1017192
vn -0.5134978 0.1254212 0.2322127
vn -0.4379575 -0.03113732 0.3749094
vn -0.2529305 0.03193645 0.5180151
vn -0.1820442 0.03362703 0.5468662
vn -0.2308895 -0.1307532 0.5127642
vn -0.03901362 -0.1420888 0.5582313
vn 0.03897688 -0.09286448 0.5684984
vn 0.06370642 -0.04602182 0.5719763
vn -0.01567343 -0.04163403 0.5756339
vn -0.252593 -0.09675913 0.5100665
vn 0 0.05332328 0.5748827
vn 0 0.5500763 0.1753553
vn 0.05105961 0.4388331 0.371688
vn -0.0952848 0.04715894 0.5674772
vn -0.2412711 0.3802932 0.3612461
vn 0.2519935 0.3825501 0.3514087
vn -0.009031901 0.0599209 0.5741615
vn 0.1388875 0.4315768 0.3574705
vn -0.04806233 0.4387196 0.3722212
vn 0.03031133 0.06736711 0.5726049
vn 0.1526282 0.4621883 0.3105156
vn 0.2838516 0.007447848 0.502699
vn 0.2788265 0.4082323 0.2982206
vn -0.1861411 0.2756647 0.4719045
vn 0.04716791 0.02718879 0.5747777
vn -0.005372349 0.02854804 0.5766191
vn -0.1513749 0.02714212 0.5564912
vn 0.03904132 0.003914979 0.5760156
vn 0.02836733 -0.02115739 0.5762647
vn 0.2172339 -0.0545361 0.532136
vn 0.3014494 -0.1318591 0.4744205
vn 0.1666931 -0.1154325 0.5405758
vn -0.09969247 -0.08692611 0.5619953
vn -0.1630459 0.06380133 0.5501626
vn 0.2667392 -0.1880253 0.4762668
vn 0.2296807 -0.06428706 0.5257826
vn 0.2677858 -0.03561889 0.5102504
vn 0.5056591 -0.1819036 0.2110763
vn 0.4942105 -0.1798372 0.2382182
vn 0.5466154 -0.02281325 0.1844573
vn 0.5544725 0.0626699 -0.1482091
vn 0.5572569 -0.1038113 -0.1096413
vn 0.5708608 -0.06388078 0.05805606
vn 0.327421 0.248232 -0.4055982
vn 0.437708 0.3185637 -0.2006544
vn 0.5685757 -0.03360943 0.09447366
vn -0.4851185 0.2308449 0.2114332
vn -0.2051628 0.1601513 0.5153574
vn -0.2743863 0.475998 0.1774021
vn -0.5131937 0.2608621 0.04377715
vn 0.1418383 0.5390617 0.1504254
vn 0.048848 0.5752755 0.002333201
vn -0.07886219 0.5718758 0.008499742
vn 0.02466609 0.5731137 0.06531182
vn 0.2118321 0.533283 0.06379513
vn 0.07091483 0.5717545 0.03743535
vn -0.2053577 0.5322896 0.08848411
vn 0 0.3153934 0.4835912
vn 0.235165 0.1092033 0.5158542
vn 0.5112644 0.1226563 0.2385317
vn 0.524336 0.19171 -0.1471471
vn 0.2504039 0.3055514 -0.4210341
vn 0.3866724 0.4254094 0.0533356
vn 0.4927663 0.1131228 0.2787794
vn 0.005311973 0.391544 0.4242623
vn 0.367711 0.3877859 0.2185041
vn -0.36081 0.4177343 0.1692557
vn -0.314057 0.4827568 -0.04058937
vn 0.2901605 0.4906623 -0.09160132
vn 0.1680816 0.4760523 -0.2801005
vn 0.5484901 0.01731049 0.1794219
vn 0.5437278 0.1194174 0.1530776
vn 0.5597072 -0.04555197 0.1341125
vn 0.2544662 0.5170656 0.03497912
vn 0.06190743 0.5173576 -0.2486805
vn 0.1339494 0.5612121 -0.02078482
vn 0.08852579 0.5689204 -0.04273418
vn 0.5683023 0.1009031 -0.01357935
vn 0.5692615 -0.06231493 0.07342674
vn 0.2563451 0.5144687 -0.05424507
vn 0.03449153 0.5703818 -0.08251337
vn 0.4664168 0.310351 0.1395384
vn 0.517522 -0.003824084 0.2559095
vn 0.2768443 0.5063964 -0.01591551
vn 0.2407657 0.4681442 -0.2370788
vn 0.4827438 0.2172164 0.2304534
vn 0.4796247 -0.05427615 0.3167768
vn 0.193941 0.5366504 -0.08790129
vn 0.0455759 0.505361 -0.2754389
vn 0.5462819 0.1747531 -0.06611104
vn 0.5484422 -0.1669621 0.06832366
vn 0.2170198 0.4610822 -0.2713653
vn 0.019441 0.4867848 -0.3098323
vn 0.5352269 0.09642673 -0.1938228
vn 0.5728189 -0.05908914 -0.04147577
vn 0.3609361 0.3269886 -0.3100596
vn 0.1956339 0.4509753 -0.3027905
vn 0.5712574 -0.05088088 0.06640265
vn 0.5432324 -0.1780114 0.08089364
vn 0.571764 0.03831086 -0.07036683
vn 0.4654763 0.2220823 -0.2595086
vn 0.3115031 0.3706546 -0.3145066
vn 0.5120717 -0.1201366 0.238082
vn 0.5337129 -0.03285669 0.2177252
vn 0.5688713 -0.02428629 0.09554484
vn 0.5680025 0.02029245 0.1014622
vn 0.5603277 0.09497017 0.1017191
vn 0.5134978 0.1254212 0.2322127
vn 0.4379575 -0.03113732 0.3749094
vn 0.2529305 0.03193645 0.5180151
vn 0.1820442 0.03362703 0.5468662
vn 0.2308895 -0.1307532 0.5127642
vn 0.252593 -0.09675913 0.5100666
vn 0.01567343 -0.04163403 0.5756339
vn -0.03897688 -0.09286448 0.5684984
vn -0.06370643 -0.04602182 0.5719763
vn 0.03901362 -0.1420888 0.5582313
vn 0 0.04437875 0.5756422
vn 0 -0.02121811 0.5769603
vn 0 -0.09306958 0.5697995
vt 0.2725085 0.09843653
vt 0.2724875 0.08595573
vt 0.2693179 0.0989111
vt 0.2697047 0.08536332
vt 0.2669294 0.09866946
vt 0.2654838 0.09861066
vt 0.2654728 0.08660548
vt 0.2627828 0.09891277
vt 0.2626132 0.08626055
vt 0.2605971 0.09935149
vt 0.2599988 0.08547338
vt 0.2566017 0.09969174
vt 0.255727 0.0855821
vt 0.2535613 0.09941279
vt 0.2532469 0.0937195
vt 0.2573808 0.09261309
vt 0.2628759 0.09265362
vt 0.265407 0.09246244
vt 0.2711955 0.0922076
vt 0.2495507 0.09409522
vt 0.2516366 0.08598932
vt 0.2494929 0.09874272
vt 0.244746 0.09424501
vt 0.2451973 0.08295416
vt 0.2454701 0.09938019
vt 0.2381491 0.08642214
vt 0.2392304 0.09389567
vt 0.2399528 0.0994116
vt 0.2353856 0.09988355
vt 0.2339557 0.09545477
vt 0.2320246 0.09009134
vt 0.232354 0.1025236
vt 0.2290824 0.09945207
vt 0.229506 0.09467726
vt 0.2512101 0.1043339
vt 0.2485231 0.1029054
vt 0.2547992 0.1037844
vt 0.2531725 0.1060606
vt 0.2571696 0.103065
vt 0.2610704 0.1036538
vt 0.2630071 0.1031884
vt 0.2651024 0.1030323
vt 0.2670869 0.1029234
vt 0.2695713 0.1026956
vt 0.2726487 0.1018694
vt 0.2455724 0.1029369
vt 0.2422812 0.1034169
vt 0.2387958 0.104071
vt 0.2362618 0.1063283
vt 0.2252505 0.09856271
vt 0.226879 0.09502869
vt 0.2461216 0.1103833
vt 0.2443466 0.1106675
vt 0.2469905 0.1110248
vt 0.2469243 0.1121733
vt 0.2439555 0.111163
vt 0.2434593 0.1119698
vt 0.227412 0.08764672
vt 0.2219968 0.08564221
vt 0.2212971 0.09365907
vt 0.2202903 0.09922516
vt 0.2267845 0.1047169
vt 0.2243952 0.1031966
vt 0.2212458 0.1054202
vt 0.2153734 0.0869497
vt 0.2161828 0.09347623
vt 0.215298 0.09913217
vt 0.2158769 0.1045821
vt 0.213207 0.0861543
vt 0.211661 0.09455173
vt 0.2097663 0.09770732
vt 0.2092045 0.1005679
vt 0.2097005 0.08395498
vt 0.2077469 0.09159171
vt 0.2062477 0.09751176
vt 0.2038343 0.1040155
vt 0.2019424 0.08227741
vt 0.2018867 0.09018137
vt 0.1995677 0.09488942
vt 0.1976315 0.1017003
vt 0.195822 0.08405568
vt 0.1929096 0.08774518
vt 0.1922843 0.09138834
vt 0.1920765 0.09483596
vt 0.1944729 0.07891908
vt 0.2009028 0.07602351
vt 0.1886536 0.0821551
vt 0.186727 0.08780282
vt 0.1861453 0.09471451
vt 0.2105141 0.07778352
vt 0.2139092 0.07909935
vt 0.2174783 0.08014619
vt 0.2218584 0.08050098
vt 0.228831 0.08169287
vt 0.2329966 0.08246218
vt 0.2381791 0.08149295
vt 0.2443871 0.07886665
vt 0.2508809 0.07649579
vt 0.2593215 0.07424199
vt 0.2667024 0.07304799
vt 0.2717804 0.07189529
vt 0.2722889 0.07892364
vt 0.2674728 0.07922008
vt 0.2614505 0.07939362
vt 0.2748562 0.08688741
vt 0.274908 0.1015343
vt 0.2804826 0.09887864
vt 0.2785554 0.09218394
vt 0.2772876 0.09842219
vt 0.2828647 0.09862756
vt 0.284343 0.09239881
vt 0.2842979 0.09856104
vt 0.2869967 0.09880953
vt 0.2868756 0.09256306
vt 0.289204 0.09923034
vt 0.2923749 0.09247839
vt 0.2932085 0.09954631
vt 0.2962479 0.09924834
vt 0.2965189 0.0935527
vt 0.2799967 0.08532744
vt 0.2772185 0.08593952
vt 0.2842371 0.08653819
vt 0.2870943 0.08617007
vt 0.2897036 0.08536159
vt 0.2939777 0.08543628
vt 0.2980729 0.08580928
vt 0.300218 0.09389877
vt 0.3003108 0.09854721
vt 0.3050233 0.09400725
vt 0.3044919 0.08271816
vt 0.3043372 0.09915119
vt 0.3105327 0.09360939
vt 0.3115726 0.08612182
vt 0.3098523 0.09913772
vt 0.31442 0.09957557
vt 0.3158142 0.09513354
vt 0.3177144 0.08975022
vt 0.3174705 0.1021936
vt 0.3207152 0.09909754
vt 0.3202516 0.09432404
vt 0.2986355 0.1041534
vt 0.3013113 0.1027038
vt 0.2950422 0.1036285
vt 0.2966857 0.1058949
vt 0.2926694 0.1029212
vt 0.288791 0.1035341
vt 0.2868852 0.1030826
vt 0.2847866 0.1029839
vt 0.2827576 0.1028882
vt 0.2802542 0.1026664
vt 0.2771697 0.101856
vt 0.2748945 0.09750926
vt 0.3042616 0.102711
vt 0.3075547 0.1031644
vt 0.3110434 0.1037911
vt 0.313594 0.106029
vt 0.3245369 0.09818324
vt 0.3228775 0.09466033
vt 0.303771 0.110163
vt 0.3055477 0.1104328
vt 0.3029064 0.1108119
vt 0.3029813 0.1119597
vt 0.3059422 0.1109254
vt 0.3064428 0.1117278
vt 0.3223282 0.08728393
vt 0.3284563 0.09326594
vt 0.3277493 0.08526468
vt 0.3295024 0.09882202
vt 0.3230557 0.1043454
vt 0.325427 0.1028119
vt 0.3285923 0.1050211
vt 0.3335739 0.09305006
vt 0.334376 0.08651423
vt 0.3345009 0.09869462
vt 0.3339628 0.1041469
vt 0.3381089 0.09409087
vt 0.3365178 0.08570289
vt 0.3400294 0.09722745
vt 0.3406146 0.1000822
vt 0.3420048 0.09109401
vt 0.3399964 0.08347284
vt 0.343553 0.09699854
vt 0.3460244 0.1034792
vt 0.3478544 0.08962711
vt 0.3477326 0.08172338
vt 0.3502137 0.09431242
vt 0.3522121 0.1011043
vt 0.3568092 0.08710425
vt 0.3538657 0.08344268
vt 0.3574661 0.09074043
vt 0.3577057 0.09418564
vt 0.3551669 0.07829329
vt 0.3487163 0.07545941
vt 0.3610126 0.08147337
vt 0.3629901 0.08710154
vt 0.3636365 0.09400701
vt 0.3391323 0.07730817
vt 0.3357635 0.0786522
vt 0.3322019 0.07972258
vt 0.3278448 0.08013659
vt 0.320898 0.08133393
vt 0.3167219 0.08212339
vt 0.3115131 0.08118825
vt 0.3052677 0.07862335
vt 0.2987519 0.07631003
vt 0.2902943 0.07412564
vt 0.2882054 0.07929438
vt 0.2821827 0.07916688
vt 0.2778217 0.07187363
vt 0.2773656 0.0789056
vt 0.2829068 0.0729888
vt 0.2748749 0.09208035
vt 0.2748289 0.07932707
vt 0.2748018 0.07199296
usemtl troll_low_troll_body_mat_AlbedoTransparency
f 4250/4250/4250 4232/4232/4232 4234/4234/4234
f 4234/4234/4234 4236/4236/4236 4250/4250/4250
f 4249/4249/4249 4250/4250/4250 4236/4236/4236
f 4249/4249/4249 4236/4236/4236 4237/4237/4237
f 4249/4249/4249 4237/4237/4237 4248/4248/4248
f 4239/4239/4239 4248/4248/4248 4237/4237/4237
f 4248/4248/4248 4239/4239/4239 4247/4247/4247
f 4241/4241/4241 4247/4247/4247 4239/4239/4239
f 4247/4247/4247 4241/4241/4241 4243/4243/4243
f 4247/4247/4247 4243/4243/4243 4246/4246/4246
f 4245/4245/4245 4246/4246/4246 4243/4243/4243
f 4249/4249/4249 4238/4238/4238 4250/4250/4250
f 4249/4249/4249 4248/4248/4248 4238/4238/4238
f 4235/4235/4235 4250/4250/4250 4238/4238/4238
f 4235/4235/4235 4233/4233/4233 4250/4250/4250
f 4240/4240/4240 4238/4238/4238 4248/4248/4248
f 4248/4248/4248 4247/4247/4247 4240/4240/4240
f 4242/4242/4242 4240/4240/4240 4247/4247/4247
f 4244/4244/4244 4242/4242/4242 4247/4247/4247
f 4244/4244/4244 4247/4247/4247 4252/4252/4252
f 4246/4246/4246 4252/4252/4252 4247/4247/4247
f 4252/4252/4252 4246/4246/4246 4251/4251/4251
f 4251/4251/4251 4246/4246/4246 4253/4253/4253
f 4245/4245/4245 4253/4253/4253 4246/4246/4246
f 4252/4252/4252 4251/4251/4251 4255/4255/4255
f 4254/4254/4254 4255/4255/4255 4251/4251/4251
f 4254/4254/4254 4251/4251/4251 4256/4256/4256
f 4253/4253/4253 4256/4256/4256 4251/4251/4251
f 4254/4254/4254 4258/4258/4258 4255/4255/4255
f 4257/4257/4257 4255/4255/4255 4258/4258/4258
f 4258/4258/4258 4254/4254/4254 4259/4259/4259
f 4256/4256/4256 4259/4259/4259 4254/4254/4254
f 4259/4259/4259 4260/4260/4260 4258/4258/4258
f 4261/4261/4261 4258/4258/4258 4260/4260/4260
f 4261/4261/4261 4262/4262/4262 4258/4258/4258
f 4257/4257/4257 4258/4258/4258 4262/4262/4262
f 4261/4261/4261 4260/4260/4260 4264/4264/4264
f 4263/4263/4263 4264/4264/4264 4260/4260/4260
f 4264/4264/4264 4265/4265/4265 4261/4261/4261
f 4262/4262/4262 4261/4261/4261 4265/4265/4265
f 4256/4256/4256 4253/4253/4253 4277/4277/4277
f 4267/4267/4267 4277/4277/4277 4253/4253/4253
f 4253/4253/4253 4245/4245/4245 4267/4267/4267
f 4266/4266/4266 4267/4267/4267 4245/4245/4245
f 4245/4245/4245 4268/4268/4268 4266/4266/4266
f 4269/4269/4269 4266/4266/4266 4268/4268/4268
f 4268/4268/4268 4245/4245/4245 4270/4270/4270
f 4243/4243/4243 4270/4270/4270 4245/4245/4245
f 4270/4270/4270 4243/4243/4243 4271/4271/4271
f 4241/4241/4241 4271/4271/4271 4243/4243/4243
f 4271/4271/4271 4241/4241/4241 4272/4272/4272
f 4239/4239/4239 4272/4272/4272 4241/4241/4241
f 4272/4272/4272 4239/4239/4239 4273/4273/4273
f 4237/4237/4237 4273/4273/4273 4239/4239/4239
f 4273/4273/4273 4237/4237/4237 4274/4274/4274
f 4236/4236/4236 4274/4274/4274 4237/4237/4237
f 4274/4274/4274 4236/4236/4236 4275/4275/4275
f 4234/4234/4234 4275/4275/4275 4236/4236/4236
f 4275/4275/4275 4234/4234/4234 4276/4276/4276
f 4232/4232/4232 4276/4276/4276 4234/4234/4234
f 4232/4232/4232 4383/4383/4383 4276/4276/4276
f 4337/4337/4337 4276/4276/4276 4383/4383/4383
f 4232/4232/4232 4250/4250/4250 4383/4383/4383
f 4443/4443/4443 4383/4383/4383 4250/4250/4250
f 4250/4250/4250 4233/4233/4233 4443/4443/4443
f 4336/4336/4336 4443/4443/4443 4233/4233/4233
f 4336/4336/4336 4233/4233/4233 4444/4444/4444
f 4333/4333/4333 4444/4444/4444 4233/4233/4233
f 4233/4233/4233 4235/4235/4235 4333/4333/4333
f 4334/4334/4334 4333/4333/4333 4235/4235/4235
f 4334/4334/4334 4331/4331/4331 4333/4333/4333
f 4332/4332/4332 4333/4333/4333 4331/4331/4331
f 4334/4334/4334 4335/4335/4335 4331/4331/4331
f 4334/4334/4334 4238/4238/4238 4335/4335/4335
f 4235/4235/4235 4238/4238/4238 4334/4334/4334
f 4240/4240/4240 4335/4335/4335 4238/4238/4238
f 4240/4240/4240 4242/4242/4242 4335/4335/4335
f 4242/4242/4242 4244/4244/4244 4335/4335/4335
f 4330/4330/4330 4335/4335/4335 4244/4244/4244
f 4330/4330/4330 4331/4331/4331 4335/4335/4335
f 4244/4244/4244 4252/4252/4252 4330/4330/4330
f 4329/4329/4329 4330/4330/4330 4252/4252/4252
f 4252/4252/4252 4255/4255/4255 4329/4329/4329
f 4328/4328/4328 4329/4329/4329 4255/4255/4255
f 4255/4255/4255 4257/4257/4257 4328/4328/4328
f 4327/4327/4327 4328/4328/4328 4257/4257/4257
f 4257/4257/4257 4262/4262/4262 4327/4327/4327
f 4326/4326/4326 4327/4327/4327 4262/4262/4262
f 4262/4262/4262 4289/4289/4289 4326/4326/4326
f 4262/4262/4262 4265/4265/4265 4289/4289/4289
f 4282/4282/4282 4289/4289/4289 4265/4265/4265
f 4265/4265/4265 4264/4264/4264 4282/4282/4282
f 4281/4281/4281 4282/4282/4282 4264/4264/4264
f 4282/4282/4282 4291/4291/4291 4289/4289/4289
f 4290/4290/4290 4289/4289/4289 4291/4291/4291
f 4291/4291/4291 4282/4282/4282 4292/4292/4292
f 4281/4281/4281 4292/4292/4292 4282/4282/4282
f 4281/4281/4281 4264/4264/4264 4294/4294/4294
f 4293/4293/4293 4294/4294/4294 4264/4264/4264
f 4264/4264/4264 4263/4263/4263 4293/4293/4293
f 4280/4280/4280 4293/4293/4293 4263/4263/4263
f 4263/4263/4263 4260/4260/4260 4280/4280/4280
f 4279/4279/4279 4280/4280/4280 4260/4260/4260
f 4260/4260/4260 4259/4259/4259 4279/4279/4279
f 4278/4278/4278 4279/4279/4279 4259/4259/4259
f 4259/4259/4259 4256/4256/4256 4278/4278/4278
f 4277/4277/4277 4278/4278/4278 4256/4256/4256
f 4278/4278/4278 4277/4277/4277 4284/4284/4284
f 4283/4283/4283 4284/4284/4284 4277/4277/4277
f 4277/4277/4277 4267/4267/4267 4283/4283/4283
f 4283/4283/4283 4267/4267/4267 4285/4285/4285
f 4266/4266/4266 4285/4285/4285 4267/4267/4267
f 4285/4285/4285 4266/4266/4266 4286/4286/4286
f 4269/4269/4269 4286/4286/4286 4266/4266/4266
f 4284/4284/4284 4287/4287/4287 4278/4278/4278
f 4279/4279/4279 4278/4278/4278 4287/4287/4287
f 4285/4285/4285 4286/4286/4286 4287/4287/4287
f 4284/4284/4284 4283/4283/4283 4287/4287/4287
f 4285/4285/4285 4287/4287/4287 4283/4283/4283
f 4287/4287/4287 4288/4288/4288 4279/4279/4279
f 4280/4280/4280 4279/4279/4279 4288/4288/4288
f 4288/4288/4288 4287/4287/4287 4286/4286/4286
f 4288/4288/4288 4293/4293/4293 4280/4280/4280
f 4294/4294/4294 4295/4295/4295 4281/4281/4281
f 4292/4292/4292 4281/4281/4281 4295/4295/4295
f 4295/4295/4295 4299/4299/4299 4292/4292/4292
f 4298/4298/4298 4292/4292/4292 4299/4299/4299
f 4292/4292/4292 4298/4298/4298 4291/4291/4291
f 4297/4297/4297 4291/4291/4291 4298/4298/4298
f 4291/4291/4291 4297/4297/4297 4290/4290/4290
f 4296/4296/4296 4290/4290/4290 4297/4297/4297
f 4297/4297/4297 4301/4301/4301 4296/4296/4296
f 4300/4300/4300 4296/4296/4296 4301/4301/4301
f 4301/4301/4301 4297/4297/4297 4302/4302/4302
f 4298/4298/4298 4302/4302/4302 4297/4297/4297
f 4302/4302/4302 4298/4298/4298 4303/4303/4303
f 4299/4299/4299 4303/4303/4303 4298/4298/4298
f 4301/4301/4301 4305/4305/4305 4300/4300/4300
f 4304/4304/4304 4300/4300/4300 4305/4305/4305
f 4305/4305/4305 4301/4301/4301 4306/4306/4306
f 4302/4302/4302 4306/4306/4306 4301/4301/4301
f 4306/4306/4306 4302/4302/4302 4307/4307/4307
f 4303/4303/4303 4307/4307/4307 4302/4302/4302
f 4305/4305/4305 4309/4309/4309 4304/4304/4304
f 4308/4308/4308 4304/4304/4304 4309/4309/4309
f 4309/4309/4309 4305/4305/4305 4310/4310/4310
f 4306/4306/4306 4310/4310/4310 4305/4305/4305
f 4310/4310/4310 4306/4306/4306 4311/4311/4311
f 4307/4307/4307 4311/4311/4311 4306/4306/4306
f 4309/4309/4309 4313/4313/4313 4308/4308/4308
f 4312/4312/4312 4308/4308/4308 4313/4313/4313
f 4313/4313/4313 4309/4309/4309 4314/4314/4314
f 4310/4310/4310 4314/4314/4314 4309/4309/4309
f 4314/4314/4314 4310/4310/4310 4315/4315/4315
f 4311/4311/4311 4315/4315/4315 4310/4310/4310
f 4308/4308/4308 4312/4312/4312 4317/4317/4317
f 4316/4316/4316 4317/4317/4317 4312/4312/4312
f 4316/4316/4316 4312/4312/4312 4318/4318/4318
f 4313/4313/4313 4318/4318/4318 4312/4312/4312
f 4318/4318/4318 4313/4313/4313 4319/4319/4319
f 4314/4314/4314 4319/4319/4319 4313/4313/4313
f 4319/4319/4319 4314/4314/4314 4320/4320/4320
f 4315/4315/4315 4320/4320/4320 4314/4314/4314
f 4317/4317/4317 4321/4321/4321 4308/4308/4308
f 4304/4304/4304 4308/4308/4308 4321/4321/4321
f 4321/4321/4321 4322/4322/4322 4304/4304/4304
f 4300/4300/4300 4304/4304/4304 4322/4322/4322
f 4322/4322/4322 4323/4323/4323 4300/4300/4300
f 4296/4296/4296 4300/4300/4300 4323/4323/4323
f 4323/4323/4323 4324/4324/4324 4296/4296/4296
f 4290/4290/4290 4296/4296/4296 4324/4324/4324
f 4324/4324/4324 4325/4325/4325 4290/4290/4290
f 4289/4289/4289 4290/4290/4290 4325/4325/4325
f 4325/4325/4325 4326/4326/4326 4289/4289/4289
f 4332/4332/4332 4445/4445/4445 4333/4333/4333
f 4444/4444/4444 4333/4333/4333 4445/4445/4445
f 4444/4444/4444 4445/4445/4445 4441/4441/4441
f 4440/4440/4440 4441/4441/4441 4445/4445/4445
f 4440/4440/4440 4442/4442/4442 4441/4441/4441
f 4439/4439/4439 4441/4441/4441 4442/4442/4442
f 4439/4439/4439 4442/4442/4442 4438/4438/4438
f 4439/4439/4439 4438/4438/4438 4353/4353/4353
f 4354/4354/4354 4353/4353/4353 4438/4438/4438
f 4354/4354/4354 4345/4345/4345 4353/4353/4353
f 4342/4342/4342 4353/4353/4353 4345/4345/4345
f 4342/4342/4342 4345/4345/4345 4343/4343/4343
f 4341/4341/4341 4342/4342/4342 4343/4343/4343
f 4342/4342/4342 4341/4341/4341 4339/4339/4339
f 4342/4342/4342 4339/4339/4339 4353/4353/4353
f 4338/4338/4338 4339/4339/4339 4341/4341/4341
f 4340/4340/4340 4339/4339/4339 4338/4338/4338
f 4344/4344/4344 4343/4343/4343 4345/4345/4345
f 4345/4345/4345 4347/4347/4347 4344/4344/4344
f 4345/4345/4345 4354/4354/4354 4347/4347/4347
f 4346/4346/4346 4344/4344/4344 4347/4347/4347
f 4346/4346/4346 4347/4347/4347 4348/4348/4348
f 4347/4347/4347 4350/4350/4350 4348/4348/4348
f 4349/4349/4349 4348/4348/4348 4350/4350/4350
f 4351/4351/4351 4353/4353/4353 4339/4339/4339
f 4352/4352/4352 4351/4351/4351 4339/4339/4339
f 4355/4355/4355 4347/4347/4347 4354/4354/4354
f 4355/4355/4355 4356/4356/4356 4347/4347/4347
f 4350/4350/4350 4347/4347/4347 4357/4357/4357
f 4356/4356/4356 4357/4357/4357 4347/4347/4347
f 4350/4350/4350 4357/4357/4357 4358/4358/4358
f 4349/4349/4349 4350/4350/4350 4359/4359/4359
f 4358/4358/4358 4359/4359/4359 4350/4350/4350
f 4357/4357/4357 4361/4361/4361 4358/4358/4358
f 4360/4360/4360 4358/4358/4358 4361/4361/4361
f 4359/4359/4359 4358/4358/4358 4362/4362/4362
f 4360/4360/4360 4362/4362/4362 4358/4358/4358
f 4360/4360/4360 4361/4361/4361 4363/4363/4363
f 4364/4364/4364 4363/4363/4363 4361/4361/4361
f 4362/4362/4362 4360/4360/4360 4365/4365/4365
f 4363/4363/4363 4365/4365/4365 4360/4360/4360
f 4365/4365/4365 4363/4363/4363 4366/4366/4366
f 4367/4367/4367 4366/4366/4366 4363/4363/4363
f 4364/4364/4364 4368/4368/4368 4363/4363/4363
f 4367/4367/4367 4363/4363/4363 4368/4368/4368
f 4367/4367/4367 4370/4370/4370 4366/4366/4366
f 4369/4369/4369 4366/4366/4366 4370/4370/4370
f 4368/4368/4368 4371/4371/4371 4367/4367/4367
f 4370/4370/4370 4367/4367/4367 4371/4371/4371
f 4362/4362/4362 4384/4384/4384 4359/4359/4359
f 4373/4373/4373 4359/4359/4359 4384/4384/4384
f 4359/4359/4359 4373/4373/4373 4349/4349/4349
f 4372/4372/4372 4349/4349/4349 4373/4373/4373
f 4349/4349/4349 4372/4372/4372 4374/4374/4374
f 4375/4375/4375 4374/4374/4374 4372/4372/4372
f 4374/4374/4374 4376/4376/4376 4349/4349/4349
f 4348/4348/4348 4349/4349/4349 4376/4376/4376
f 4376/4376/4376 4377/4377/4377 4348/4348/4348
f 4346/4346/4346 4348/4348/4348 4377/4377/4377
f 4377/4377/4377 4378/4378/4378 4346/4346/4346
f 4344/4344/4344 4346/4346/4346 4378/4378/4378
f 4378/4378/4378 4379/4379/4379 4344/4344/4344
f 4343/4343/4343 4344/4344/4344 4379/4379/4379
f 4379/4379/4379 4380/4380/4380 4343/4343/4343
f 4341/4341/4341 4343/4343/4343 4380/4380/4380
f 4380/4380/4380 4381/4381/4381 4341/4341/4341
f 4338/4338/4338 4341/4341/4341 4381/4381/4381
f 4381/4381/4381 4382/4382/4382 4338/4338/4338
f 4340/4340/4340 4338/4338/4338 4382/4382/4382
f 4340/4340/4340 4382/4382/4382 4383/4383/4383
f 4337/4337/4337 4383/4383/4383 4382/4382/4382
f 4340/4340/4340 4383/4383/4383 4339/4339/4339
f 4443/4443/4443 4339/4339/4339 4383/4383/4383
f 4339/4339/4339 4443/4443/4443 4352/4352/4352
f 4336/4336/4336 4352/4352/4352 4443/4443/4443
f 4336/4336/4336 4444/4444/4444 4352/4352/4352
f 4441/4441/4441 4352/4352/4352 4444/4444/4444
f 4352/4352/4352 4441/4441/4441 4351/4351/4351
f 4439/4439/4439 4351/4351/4351 4441/4441/4441
f 4353/4353/4353 4351/4351/4351 4439/4439/4439
f 4365/4365/4365 4385/4385/4385 4362/4362/4362
f 4384/4384/4384 4362/4362/4362 4385/4385/4385
f 4385/4385/4385 4365/4365/4365 4386/4386/4386
f 4366/4366/4366 4386/4386/4386 4365/4365/4365
f 4386/4386/4386 4366/4366/4366 4387/4387/4387
f 4369/4369/4369 4387/4387/4387 4366/4366/4366
f 4385/4385/4385 4391/4391/4391 4384/4384/4384
f 4390/4390/4390 4384/4384/4384 4391/4391/4391
f 4373/4373/4373 4384/4384/4384 4390/4390/4390
f 4390/4390/4390 4392/4392/4392 4373/4373/4373
f 4372/4372/4372 4373/4373/4373 4392/4392/4392
f 4392/4392/4392 4393/4393/4393 4372/4372/4372
f 4375/4375/4375 4372/4372/4372 4393/4393/4393
f 4386/4386/4386 4394/4394/4394 4385/4385/4385
f 4391/4391/4391 4385/4385/4385 4394/4394/4394
f 4392/4392/4392 4394/4394/4394 4393/4393/4393
f 4392/4392/4392 4390/4390/4390 4394/4394/4394
f 4391/4391/4391 4394/4394/4394 4390/4390/4390
f 4387/4387/4387 4395/4395/4395 4386/4386/4386
f 4394/4394/4394 4386/4386/4386 4395/4395/4395
f 4395/4395/4395 4393/4393/4393 4394/4394/4394
f 4400/4400/4400 4387/4387/4387 4369/4369/4369
f 4400/4400/4400 4395/4395/4395 4387/4387/4387
f 4369/4369/4369 4370/4370/4370 4400/4400/4400
f 4400/4400/4400 4370/4370/4370 4401/4401/4401
f 4388/4388/4388 4401/4401/4401 4370/4370/4370
f 4388/4388/4388 4370/4370/4370 4389/4389/4389
f 4371/4371/4371 4389/4389/4389 4370/4370/4370
f 4389/4389/4389 4371/4371/4371 4396/4396/4396
f 4368/4368/4368 4396/4396/4396 4371/4371/4371
f 4389/4389/4389 4396/4396/4396 4397/4397/4397
f 4398/4398/4398 4397/4397/4397 4396/4396/4396
f 4388/4388/4388 4389/4389/4389 4399/4399/4399
f 4397/4397/4397 4399/4399/4399 4389/4389/4389
f 4399/4399/4399 4402/4402/4402 4388/4388/4388
f 4401/4401/4401 4388/4388/4388 4402/4402/4402
f 4397/4397/4397 4398/4398/4398 4403/4403/4403
f 4404/4404/4404 4403/4403/4403 4398/4398/4398
f 4399/4399/4399 4397/4397/4397 4405/4405/4405
f 4403/4403/4403 4405/4405/4405 4397/4397/4397
f 4402/4402/4402 4399/4399/4399 4406/4406/4406
f 4405/4405/4405 4406/4406/4406 4399/4399/4399
f 4403/4403/4403 4404/4404/4404 4407/4407/4407
f 4408/4408/4408 4407/4407/4407 4404/4404/4404
f 4405/4405/4405 4403/4403/4403 4409/4409/4409
f 4407/4407/4407 4409/4409/4409 4403/4403/4403
f 4406/4406/4406 4405/4405/4405 4410/4410/4410
f 4409/4409/4409 4410/4410/4410 4405/4405/4405
f 4407/4407/4407 4408/4408/4408 4411/4411/4411
f 4412/4412/4412 4411/4411/4411 4408/4408/4408
f 4409/4409/4409 4407/4407/4407 4413/4413/4413
f 4411/4411/4411 4413/4413/4413 4407/4407/4407
f 4410/4410/4410 4409/4409/4409 4414/4414/4414
f 4413/4413/4413 4414/4414/4414 4409/4409/4409
f 4411/4411/4411 4412/4412/4412 4415/4415/4415
f 4416/4416/4416 4415/4415/4415 4412/4412/4412
f 4413/4413/4413 4411/4411/4411 4417/4417/4417
f 4415/4415/4415 4417/4417/4417 4411/4411/4411
f 4414/4414/4414 4413/4413/4413 4418/4418/4418
f 4417/4417/4417 4418/4418/4418 4413/4413/4413
f 4415/4415/4415 4416/4416/4416 4419/4419/4419
f 4420/4420/4420 4419/4419/4419 4416/4416/4416
f 4417/4417/4417 4415/4415/4415 4421/4421/4421
f 4419/4419/4419 4421/4421/4421 4415/4415/4415
f 4418/4418/4418 4417/4417/4417 4422/4422/4422
f 4421/4421/4421 4422/4422/4422 4417/4417/4417
f 4416/4416/4416 4424/4424/4424 4420/4420/4420
f 4423/4423/4423 4420/4420/4420 4424/4424/4424
f 4419/4419/4419 4420/4420/4420 4425/4425/4425
f 4423/4423/4423 4425/4425/4425 4420/4420/4420
f 4421/4421/4421 4419/4419/4419 4426/4426/4426
f 4425/4425/4425 4426/4426/4426 4419/4419/4419
f 4422/4422/4422 4421/4421/4421 4427/4427/4427
f 4426/4426/4426 4427/4427/4427 4421/4421/4421
f 4412/4412/4412 4428/4428/4428 4416/4416/4416
f 4424/4424/4424 4416/4416/4416 4428/4428/4428
f 4428/4428/4428 4412/4412/4412 4429/4429/4429
f 4408/4408/4408 4429/4429/4429 4412/4412/4412
f 4429/4429/4429 4408/4408/4408 4430/4430/4430
f 4404/4404/4404 4430/4430/4430 4408/4408/4408
f 4430/4430/4430 4404/4404/4404 4431/4431/4431
f 4398/4398/4398 4431/4431/4431 4404/4404/4404
f 4431/4431/4431 4398/4398/4398 4432/4432/4432
f 4396/4396/4396 4432/4432/4432 4398/4398/4398
f 4432/4432/4432 4396/4396/4396 4433/4433/4433
f 4368/4368/4368 4433/4433/4433 4396/4396/4396
f 4433/4433/4433 4368/4368/4368 4434/4434/4434
f 4364/4364/4364 4434/4434/4434 4368/4368/4368
f 4434/4434/4434 4364/4364/4364 4435/4435/4435
f 4361/4361/4361 4435/4435/4435 4364/4364/4364
f 4435/4435/4435 4361/4361/4361 4436/4436/4436
f 4357/4357/4357 4436/4436/4436 4361/4361/4361
f 4436/4436/4436 4357/4357/4357 4437/4437/4437
f 4356/4356/4356 4437/4437/4437 4357/4357/4357
f 4437/4437/4437 4356/4356/4356 4438/4438/4438
f 4355/4355/4355 4438/4438/4438 4356/4356/4356
f 4355/4355/4355 4354/4354/4354 4438/4438/4438
f 4437/4437/4437 4438/4438/4438 4442/4442/4442
g eyes_low
v 7.908874 2.564018 -2.429524
v 7.902171 2.563257 -2.431522
v 7.89543 2.564178 -2.433313
v 7.889042 2.566728 -2.434791
v 7.883378 2.57076 -2.435871
v 7.878768 2.576038 -2.43649
v 7.875479 2.582256 -2.436612
v 7.873703 2.589053 -2.43623
v 7.873543 2.596034 -2.435367
v 7.875008 2.602792 -2.434072
v 7.878013 2.608935 -2.43242
v 7.882382 2.614106 -2.430508
v 7.887864 2.618006 -2.428447
v 7.894138 2.620405 -2.426357
v 7.900841 2.621167 -2.424358
v 7.907582 2.620246 -2.422568
v 7.91397 2.617695 -2.42109
v 7.919633 2.613663 -2.42001
v 7.924243 2.608385 -2.419391
v 7.927532 2.602167 -2.419269
v 7.929308 2.59537 -2.41965
v 7.929469 2.58839 -2.420514
v 7.928004 2.581631 -2.421809
v 7.924999 2.575488 -2.42346
v 7.920629 2.570316 -2.425372
v 7.915148 2.566417 -2.427433
v 7.907829 2.559238 -2.422513
v 7.900214 2.558374 -2.424784
v 7.892555 2.55942 -2.426818
v 7.885297 2.562318 -2.428497
v 7.878863 2.566898 -2.429724
v 7.873625 2.572895 -2.430428
v 7.869889 2.57996 -2.430566
v 7.867871 2.587682 -2.430133
v 7.867689 2.595613 -2.429152
v 7.869353 2.603291 -2.42768
v 7.872766 2.610271 -2.425804
v 7.877732 2.616146 -2.423632
v 7.883959 2.620576 -2.42129
v 7.891088 2.623302 -2.418915
v 7.898703 2.624167 -2.416644
v 7.906361 2.623121 -2.41461
v 7.913619 2.620223 -2.412931
v 7.920053 2.615642 -2.411704
v 7.925291 2.609646 -2.411001
v 7.929028 2.602581 -2.410862
v 7.931046 2.594859 -2.411296
v 7.931228 2.586928 -2.412277
v 7.929564 2.57925 -2.413748
v 7.92615 2.57227 -2.415625
v 7.921185 2.566395 -2.417797
v 7.914957 2.561965 -2.420138
v 7.9061 2.55623 -2.414701
v 7.898015 2.555312 -2.417111
v 7.889884 2.556423 -2.419271
v 7.882178 2.5595 -2.421054
v 7.875347 2.564363 -2.422356
v 7.869786 2.570729 -2.423103
v 7.865819 2.57823 -2.42325
v 7.863677 2.586429 -2.42279
v 7.863483 2.594849 -2.421748
v 7.86525 2.603001 -2.420186
v 7.868874 2.610411 -2.418194
v 7.874146 2.616649 -2.415888
v 7.880757 2.621352 -2.413402
v 7.888326 2.624247 -2.41088
v 7.89641 2.625165 -2.408469
v 7.904542 2.624054 -2.40631
v 7.912247 2.620977 -2.404527
v 7.919079 2.616114 -2.403224
v 7.92464 2.609748 -2.402478
v 7.928607 2.602247 -2.40233
v 7.930749 2.594049 -2.402791
v 7.930943 2.585629 -2.403832
v 7.929175 2.577477 -2.405395
v 7.925551 2.570066 -2.407387
v 7.92028 2.563828 -2.409693
v 7.913668 2.559125 -2.412179
v 7.903787 2.555167 -2.40654
v 7.895702 2.554249 -2.40895
v 7.887571 2.55536 -2.41111
v 7.879866 2.558437 -2.412893
v 7.873034 2.5633 -2.414196
v 7.867473 2.569667 -2.414942
v 7.863506 2.577168 -2.41509
v 7.861364 2.585366 -2.414629
v 7.86117 2.593786 -2.413587
v 7.862937 2.601938 -2.412025
v 7.866561 2.609348 -2.410033
v 7.871833 2.615586 -2.407727
v 7.878445 2.620289 -2.405241
v 7.886013 2.623184 -2.402719
v 7.894098 2.624102 -2.400308
v 7.902229 2.622991 -2.398149
v 7.909935 2.619915 -2.396366
v 7.916766 2.615052 -2.395063
v 7.922327 2.608685 -2.394317
v 7.926294 2.601184 -2.394169
v 7.928436 2.592986 -2.39463
v 7.92863 2.584566 -2.395671
v 7.926863 2.576414 -2.397233
v 7.923238 2.569004 -2.399226
v 7.917967 2.562766 -2.401532
v 7.911355 2.558062 -2.404018
v 7.901025 2.556112 -2.398505
v 7.89341 2.555247 -2.400775
v 7.885751 2.556294 -2.402809
v 7.878494 2.559191 -2.404489
v 7.872059 2.563772 -2.405716
v 7.866822 2.569769 -2.406419
v 7.863085 2.576834 -2.406558
v 7.861067 2.584556 -2.406124
v 7.860885 2.592486 -2.405143
v 7.862549 2.600164 -2.403672
v 7.865963 2.607144 -2.401795
v 7.870928 2.61302 -2.399623
v 7.877156 2.617449 -2.397281
v 7.884284 2.620176 -2.394906
v 7.891899 2.621041 -2.392636
v 7.899558 2.619994 -2.390602
v 7.906815 2.617096 -2.388922
v 7.91325 2.612516 -2.387695
v 7.918488 2.606519 -2.386992
v 7.922224 2.599455 -2.386853
v 7.924242 2.591733 -2.387287
v 7.924424 2.583802 -2.388268
v 7.92276 2.576123 -2.38974
v 7.919346 2.569144 -2.391616
v 7.914381 2.563269 -2.393788
v 7.908154 2.558839 -2.39613
v 7.897974 2.559009 -2.391063
v 7.891272 2.558248 -2.393062
v 7.884531 2.559169 -2.394852
v 7.878143 2.56172 -2.39633
v 7.872479 2.565751 -2.39741
v 7.867869 2.57103 -2.398029
v 7.86458 2.577248 -2.398151
v 7.862804 2.584044 -2.397769
v 7.862644 2.591025 -2.396906
v 7.864109 2.597783 -2.395611
v 7.867114 2.603927 -2.393959
v 7.871483 2.609098 -2.392047
v 7.876965 2.612997 -2.389986
v 7.883239 2.615397 -2.387896
v 7.889942 2.616158 -2.385897
v 7.896683 2.615237 -2.384107
v 7.903071 2.612686 -2.382629
v 7.908734 2.608655 -2.381549
v 7.913344 2.603376 -2.38093
v 7.916633 2.597158 -2.380808
v 7.918409 2.590362 -2.381189
v 7.91857 2.583381 -2.382053
v 7.917105 2.576623 -2.383348
v 7.9141 2.570479 -2.385
v 7.90973 2.565308 -2.386911
v 7.904249 2.561409 -2.388973
v 7.894812 2.56369 -2.384647
v 7.889412 2.563077 -2.386257
v 7.88398 2.563819 -2.3877
v 7.878833 2.565874 -2.388891
v 7.874269 2.569123 -2.389761
v 7.870555 2.573375 -2.39026
v 7.867905 2.578386 -2.390358
v 7.866474 2.583863 -2.39005
v 7.866344 2.589487 -2.389355
v 7.867525 2.594933 -2.388311
v 7.869946 2.599882 -2.386981
v 7.873467 2.604049 -2.38544
v 7.877884 2.607191 -2.383779
v 7.882939 2.609125 -2.382095
v 7.88834 2.609738 -2.380484
v 7.893772 2.608996 -2.379042
v 7.898919 2.606941 -2.377851
v 7.903482 2.603692 -2.376981
v 7.907197 2.599439 -2.376482
v 7.909847 2.594429 -2.376384
v 7.911278 2.588952 -2.376691
v 7.911407 2.583328 -2.377387
v 7.910227 2.577882 -2.378431
v 7.907805 2.572932 -2.379761
v 7.904284 2.568765 -2.381302
v 7.899868 2.565624 -2.382962
v 7.891722 2.569883 -2.379629
v 7.887938 2.569453 -2.380758
v 7.884131 2.569973 -2.381769
v 7.880524 2.571414 -2.382603
v 7.877326 2.57369 -2.383213
v 7.874722 2.576671 -2.383563
v 7.872865 2.580182 -2.383632
v 7.871862 2.58402 -2.383416
v 7.871772 2.587962 -2.382928
v 7.872599 2.591778 -2.382197
v 7.874296 2.595248 -2.381264
v 7.876763 2.598167 -2.380185
v 7.879859 2.600369 -2.379021
v 7.883402 2.601724 -2.377841
v 7.887187 2.602154 -2.376712
v 7.890993 2.601634 -2.375701
v 7.8946 2.600194 -2.374866
v 7.897799 2.597917 -2.374257
v 7.900402 2.594937 -2.373907
v 7.902259 2.591425 -2.373838
v 7.903262 2.587588 -2.374053
v 7.903352 2.583646 -2.374541
v 7.902525 2.579829 -2.375273
v 7.900828 2.57636 -2.376205
v 7.898361 2.57344 -2.377285
v 7.895265 2.571239 -2.378449
v 7.889388 2.57746 -2.378079
v 7.887439 2.577238 -2.37866
v 7.885479 2.577506 -2.379181
v 7.883621 2.578248 -2.379611
v 7.881974 2.57942 -2.379925
v 7.880634 2.580956 -2.380105
v 7.879678 2.582764 -2.380141
v 7.879161 2.58474 -2.380029
v 7.879115 2.58677 -2.379778
v 7.87954 2.588735 -2.379402
v 7.880414 2.590522 -2.378922
v 7.881685 2.592025 -2.378366
v 7.883279 2.593159 -2.377766
v 7.885103 2.593857 -2.377158
v 7.887053 2.594079 -2.376577
v 7.889013 2.593811 -2.376057
v 7.89087 2.593069 -2.375627
v 7.892517 2.591897 -2.375313
v 7.893857 2.590362 -2.375133
v 7.894814 2.588553 -2.375097
v 7.89533 2.586577 -2.375208
v 7.895377 2.584547 -2.375459
v 7.894951 2.582582 -2.375836
v 7.894077 2.580796 -2.376316
v 7.892807 2.579292 -2.376872
v 7.891212 2.578158 -2.377471
v 7.887379 2.58572 -2.37809
v 8.014859 2.564018 -2.429524
v 8.015904 2.559238 -2.422513
v 8.02352 2.558374 -2.424784
v 8.021562 2.563257 -2.431522
v 8.031178 2.55942 -2.426818
v 8.028303 2.564178 -2.433313
v 8.038436 2.562318 -2.428497
v 8.034691 2.566728 -2.434791
v 8.04487 2.566898 -2.429724
v 8.040355 2.57076 -2.435871
v 8.050108 2.572895 -2.430428
v 8.044965 2.576038 -2.43649
v 8.053844 2.57996 -2.430566
v 8.048253 2.582256 -2.436612
v 8.055862 2.587682 -2.430133
v 8.05003 2.589053 -2.43623
v 8.056045 2.595613 -2.429152
v 8.05019 2.596034 -2.435367
v 8.05438 2.603291 -2.42768
v 8.048725 2.602792 -2.434072
v 8.050966 2.610271 -2.425804
v 8.04572 2.608935 -2.43242
v 8.046001 2.616146 -2.423632
v 8.04135 2.614106 -2.430508
v 8.039774 2.620576 -2.42129
v 8.035869 2.618006 -2.428447
v 8.032645 2.623302 -2.418915
v 8.029594 2.620405 -2.426357
v 8.02503 2.624167 -2.416644
v 8.022892 2.621167 -2.424358
v 8.017372 2.623121 -2.41461
v 8.016151 2.620246 -2.422568
v 8.010114 2.620223 -2.412931
v 8.009763 2.617695 -2.42109
v 8.003679 2.615642 -2.411704
v 8.0041 2.613663 -2.42001
v 7.998442 2.609646 -2.411001
v 7.999489 2.608385 -2.419391
v 7.994705 2.602581 -2.410862
v 7.996201 2.602167 -2.419269
v 7.992688 2.594859 -2.411296
v 7.994424 2.59537 -2.41965
v 7.992506 2.586928 -2.412277
v 7.994264 2.58839 -2.420514
v 7.99417 2.57925 -2.413748
v 7.995729 2.581631 -2.421809
v 7.997583 2.57227 -2.415625
v 7.998734 2.575488 -2.42346
v 8.002548 2.566395 -2.417797
v 8.003104 2.570316 -2.425372
v 8.008776 2.561965 -2.420138
v 8.008585 2.566417 -2.427433
v 8.017633 2.55623 -2.414701
v 8.025718 2.555312 -2.417111
v 8.03385 2.556423 -2.419271
v 8.041554 2.5595 -2.421054
v 8.048387 2.564363 -2.422356
v 8.053947 2.570729 -2.423103
v 8.057914 2.57823 -2.42325
v 8.060057 2.586429 -2.42279
v 8.06025 2.594849 -2.421748
v 8.058483 2.603001 -2.420186
v 8.054859 2.610411 -2.418194
v 8.049587 2.616649 -2.415888
v 8.042975 2.621352 -2.413402
v 8.035407 2.624247 -2.41088
v 8.027323 2.625165 -2.408469
v 8.019191 2.624054 -2.40631
v 8.011486 2.620977 -2.404527
v 8.004654 2.616114 -2.403224
v 7.999093 2.609748 -2.402478
v 7.995126 2.602247 -2.40233
v 7.992984 2.594049 -2.402791
v 7.992791 2.585629 -2.403832
v 7.994557 2.577477 -2.405395
v 7.998182 2.570066 -2.407387
v 8.003453 2.563828 -2.409693
v 8.010065 2.559125 -2.412179
v 8.019946 2.555167 -2.40654
v 8.02803 2.554249 -2.40895
v 8.036162 2.55536 -2.41111
v 8.043867 2.558437 -2.412893
v 8.050699 2.5633 -2.414196
v 8.05626 2.569667 -2.414942
v 8.060226 2.577168 -2.41509
v 8.062369 2.585366 -2.414629
v 8.062563 2.593786 -2.413587
v 8.060796 2.601938 -2.412025
v 8.057172 2.609348 -2.410033
v 8.0519 2.615586 -2.407727
v 8.045288 2.620289 -2.405241
v 8.03772 2.623184 -2.402719
v 8.029635 2.624102 -2.400308
v 8.021503 2.622991 -2.398149
v 8.013799 2.619915 -2.396366
v 8.006967 2.615052 -2.395063
v 8.001406 2.608685 -2.394317
v 7.997439 2.601184 -2.394169
v 7.995296 2.592986 -2.39463
v 7.995103 2.584566 -2.395671
v 7.99687 2.576414 -2.397233
v 8.000494 2.569004 -2.399226
v 8.005766 2.562766 -2.401532
v 8.012378 2.558062 -2.404018
v 8.022708 2.556112 -2.398505
v 8.030323 2.555247 -2.400775
v 8.037981 2.556294 -2.402809
v 8.045239 2.559191 -2.404489
v 8.051674 2.563772 -2.405716
v 8.056911 2.569769 -2.406419
v 8.060648 2.576834 -2.406558
v 8.062666 2.584556 -2.406124
v 8.062848 2.592486 -2.405143
v 8.061184 2.600164 -2.403672
v 8.05777 2.607144 -2.401795
v 8.052805 2.61302 -2.399623
v 8.046577 2.617449 -2.397281
v 8.039449 2.620176 -2.394906
v 8.031834 2.621041 -2.392636
v 8.024176 2.619994 -2.390602
v 8.016917 2.617096 -2.388922
v 8.010483 2.612516 -2.387695
v 8.005245 2.606519 -2.386992
v 8.001509 2.599455 -2.386853
v 7.999491 2.591733 -2.387287
v 7.999309 2.583802 -2.388268
v 8.000973 2.576123 -2.38974
v 8.004387 2.569144 -2.391616
v 8.009352 2.563269 -2.393788
v 8.015579 2.558839 -2.39613
v 8.025759 2.559009 -2.391063
v 8.032461 2.558248 -2.393062
v 8.039202 2.559169 -2.394852
v 8.04559 2.56172 -2.39633
v 8.051253 2.565751 -2.39741
v 8.055863 2.57103 -2.398029
v 8.059153 2.577248 -2.398151
v 8.060928 2.584044 -2.397769
v 8.061089 2.591025 -2.396906
v 8.059625 2.597783 -2.395611
v 8.05662 2.603927 -2.393959
v 8.052249 2.609098 -2.392047
v 8.046768 2.612997 -2.389986
v 8.040494 2.615397 -2.387896
v 8.033792 2.616158 -2.385897
v 8.02705 2.615237 -2.384107
v 8.020662 2.612686 -2.382629
v 8.014998 2.608655 -2.381549
v 8.010388 2.603376 -2.38093
v 8.0071 2.597158 -2.380808
v 8.005323 2.590362 -2.381189
v 8.005163 2.583381 -2.382053
v 8.006628 2.576623 -2.383348
v 8.009633 2.570479 -2.385
v 8.014003 2.565308 -2.386911
v 8.019485 2.561409 -2.388973
v 8.028921 2.56369 -2.384647
v 8.034321 2.563077 -2.386257
v 8.039753 2.563819 -2.3877
v 8.0449 2.565874 -2.388891
v 8.049463 2.569123 -2.389761
v 8.053178 2.573375 -2.39026
v 8.055828 2.578386 -2.390358
v 8.05726 2.583863 -2.39005
v 8.057388 2.589487 -2.389355
v 8.056208 2.594933 -2.388311
v 8.053787 2.599882 -2.386981
v 8.050266 2.604049 -2.38544
v 8.045849 2.607191 -2.383779
v 8.040793 2.609125 -2.382095
v 8.035393 2.609738 -2.380484
v 8.029962 2.608996 -2.379042
v 8.024815 2.606941 -2.377851
v 8.02025 2.603692 -2.376981
v 8.016536 2.599439 -2.376482
v 8.013886 2.594429 -2.376384
v 8.012455 2.588952 -2.376691
v 8.012326 2.583328 -2.377387
v 8.013506 2.577882 -2.378431
v 8.015927 2.572932 -2.379761
v 8.019448 2.568765 -2.381302
v 8.023865 2.565624 -2.382962
v 8.032011 2.569883 -2.379629
v 8.035795 2.569453 -2.380758
v 8.039602 2.569973 -2.381769
v 8.043209 2.571414 -2.382603
v 8.046407 2.57369 -2.383213
v 8.04901 2.576671 -2.383563
v 8.050867 2.580182 -2.383632
v 8.05187 2.58402 -2.383416
v 8.051961 2.587962 -2.382928
v 8.051134 2.591778 -2.382197
v 8.049438 2.595248 -2.381264
v 8.046969 2.598167 -2.380185
v 8.043874 2.600369 -2.379021
v 8.040331 2.601724 -2.377841
v 8.036547 2.602154 -2.376712
v 8.03274 2.601634 -2.375701
v 8.029133 2.600194 -2.374866
v 8.025934 2.597917 -2.374257
v 8.023332 2.594937 -2.373907
v 8.021474 2.591425 -2.373838
v 8.020472 2.587588 -2.374053
v 8.020381 2.583646 -2.374541
v 8.021208 2.579829 -2.375273
v 8.022904 2.57636 -2.376205
v 8.025373 2.57344 -2.377285
v 8.028467 2.571239 -2.378449
v 8.034345 2.57746 -2.378079
v 8.036294 2.577238 -2.37866
v 8.038254 2.577506 -2.379181
v 8.040112 2.578248 -2.379611
v 8.041759 2.57942 -2.379925
v 8.043099 2.580956 -2.380105
v 8.044055 2.582764 -2.380141
v 8.044572 2.58474 -2.380029
v 8.044619 2.58677 -2.379778
v 8.044192 2.588735 -2.379402
v 8.043319 2.590522 -2.378922
v 8.042048 2.592025 -2.378366
v 8.040454 2.593159 -2.377766
v 8.03863 2.593857 -2.377158
v 8.03668 2.594079 -2.376577
v 8.03472 2.593811 -2.376057
v 8.032863 2.593069 -2.375627
v 8.031216 2.591897 -2.375313
v 8.029875 2.590362 -2.375133
v 8.028919 2.588553 -2.375097
v 8.028402 2.586577 -2.375208
v 8.028356 2.584547 -2.375459
v 8.028782 2.582582 -2.375836
v 8.029655 2.580796 -2.376316
v 8.030927 2.579292 -2.376872
v 8.03252 2.578158 -2.377471
v 8.036354 2.58572 -2.37809
vn 0.2016374 -0.460525 -0.2838882
vn 0.08423226 -0.4738618 -0.318894
vn -0.03384611 -0.4577314 -0.3502426
vn -0.1457534 -0.4130479 -0.3761394
vn -0.2449587 -0.3424219 -0.3950644
vn -0.3257175 -0.2499634 -0.4059062
vn -0.3833294 -0.1410328 -0.4080461
vn -0.4144408 -0.02197285 -0.4013593
vn -0.4172496 0.1003052 -0.3862317
vn -0.3915917 0.2186899 -0.3635437
vn -0.3389569 0.3263079 -0.3346114
vn -0.2624055 0.4168968 -0.3011209
vn -0.1663905 0.4851969 -0.2650126
vn -0.05647242 0.5272408 -0.228389
vn 0.06094098 0.5405729 -0.1933925
vn 0.1790061 0.5244405 -0.162026
vn 0.2909283 0.4797512 -0.1361358
vn 0.3901345 0.4091322 -0.1172146
vn 0.4708896 0.3166721 -0.1063723
vn 0.5284973 0.2077516 -0.1042263
vn 0.5596117 0.08868231 -0.1109208
vn 0.5624199 -0.0335956 -0.1260497
vn 0.5367613 -0.15198 -0.1487367
vn 0.4841285 -0.2595929 -0.177664
vn 0.407573 -0.3501866 -0.2111562
vn 0.3115527 -0.4184867 -0.2472593
vn 0.1913588 -0.4969312 -0.2231022
vn 0.06722527 -0.5110298 -0.2601206
vn -0.05761769 -0.4939658 -0.2932772
vn -0.1759269 -0.4467275 -0.3206519
vn -0.2808141 -0.3720702 -0.3406473
vn -0.3662003 -0.2743073 -0.3521168
vn -0.4271092 -0.1591391 -0.3543809
vn -0.4600023 -0.0332612 -0.347311
vn -0.4629719 0.09601695 -0.3313173
vn -0.4358441 0.2211825 -0.3073297
vn -0.3801953 0.3349623 -0.2767401
vn -0.2992609 0.4307372 -0.2413335
vn -0.1977405 0.5029479 -0.2031639
vn -0.08153439 0.5473974 -0.1644437
vn 0.04259221 0.5614976 -0.1274358
vn 0.1674383 0.5444351 -0.09427746
vn 0.2857523 0.4971959 -0.06689738
vn 0.3906484 0.4225253 -0.04690023
vn 0.4760248 0.324774 -0.03543491
vn 0.5369332 0.2096089 -0.03316958
vn 0.5698273 0.08373084 -0.04024008
vn 0.5727968 -0.04554874 -0.0562353
vn 0.5456686 -0.1707137 -0.08022372
vn 0.4900208 -0.2844904 -0.1108071
vn 0.4090845 -0.3802692 -0.1462139
vn 0.3075627 -0.4524806 -0.1843906
vn 0.1633584 -0.5452054 -0.0969464
vn 0.031721 -0.5601591 -0.1361949
vn -0.1006806 -0.5420632 -0.1713601
vn -0.2261594 -0.4919625 -0.2003954
vn -0.3374026 -0.4127764 -0.2216044
vn -0.4279527 -0.3091073 -0.2337573
vn -0.4925491 -0.1869661 -0.2361617
vn -0.5274346 -0.05346446 -0.2286645
vn -0.5305842 0.08364226 -0.211702
vn -0.5018129 0.216386 -0.1862639
vn -0.442793 0.3370544 -0.1538246
vn -0.3569613 0.4386261 -0.116272
vn -0.2493012 0.5152074 -0.07578716
vn -0.1260485 0.5623516 -0.03472617
vn 0.005587438 0.5773056 0.004529709
vn 0.1379974 0.5592092 0.03968955
vn 0.2634748 0.5091084 0.0687243
vn 0.3747143 0.4299231 0.08993687
vn 0.4652663 0.3262481 0.1020917
vn 0.5298616 0.204111 0.1044926
vn 0.5647471 0.07060999 0.09699568
vn 0.5678964 -0.06649473 0.08003356
vn 0.5391256 -0.1992392 0.05459484
vn 0.4801048 -0.3199089 0.02215673
vn 0.3942737 -0.4214794 -0.01538763
vn 0.2866048 -0.4980648 -0.05587978
vn 0.1260501 -0.5623511 0.03472852
vn -0.005590944 -0.5773055 -0.004531562
vn -0.1379949 -0.5592095 -0.03969291
vn -0.2634747 -0.5091084 -0.06872521
vn -0.3747151 -0.4299229 -0.08993511
vn -0.4652656 -0.3262485 -0.1020939
vn -0.5298604 -0.2041141 -0.1044924
vn -0.5647467 -0.07061335 -0.09699582
vn -0.5678967 0.06649371 -0.08003301
vn -0.539126 0.1992384 -0.05459392
vn -0.4801054 0.319908 -0.02215854
vn -0.3942664 0.4214861 0.0153899
vn -0.286608 0.4980632 0.05587747
vn -0.1633629 0.5452048 0.09694213
vn -0.03172078 0.5601586 0.1361967
vn 0.1006763 0.5420623 0.1713658
vn 0.2261595 0.4919626 0.2003947
vn 0.3374052 0.4127752 0.2216027
vn 0.4279505 0.3091056 0.2337637
vn 0.4925492 0.1869657 0.2361619
vn 0.5274349 0.05346479 0.228664
vn 0.5305842 -0.08364321 0.2117015
vn 0.5018134 -0.2163859 0.1862626
vn 0.4427927 -0.337055 0.1538239
vn 0.3569608 -0.4386255 0.1162752
vn 0.2492975 -0.5152075 0.0757983
vn 0.08153407 -0.5473965 0.1644467
vn -0.04259113 -0.5614972 0.1274376
vn -0.1674376 -0.5444354 0.09427737
vn -0.2857552 -0.4971943 0.06689764
vn -0.3906466 -0.422527 0.04689883
vn -0.4760241 -0.3247749 0.03543471
vn -0.5369334 -0.2096084 0.03316845
vn -0.5698271 -0.08373119 0.04024201
vn -0.5727968 0.0455489 0.05623516
vn -0.5456691 0.1707122 0.08022311
vn -0.4900206 0.2844893 0.1108104
vn -0.4090829 0.3802699 0.1462165
vn -0.3075639 0.4524821 0.1843849
vn -0.1913574 0.4969307 0.2231047
vn -0.06722619 0.5110314 0.2601173
vn 0.05762152 0.4939679 0.2932728
vn 0.1759221 0.4467279 0.320654
vn 0.2808184 0.3720625 0.3406522
vn 0.3662001 0.2743053 0.3521185
vn 0.4271081 0.1591419 0.354381
vn 0.4600027 0.03326079 0.3473105
vn 0.4629717 -0.09601735 0.3313173
vn 0.4358443 -0.221182 0.3073298
vn 0.3801961 -0.3349628 0.2767384
vn 0.2992629 -0.4307392 0.2413276
vn 0.1977422 -0.5029489 0.2031597
vn 0.0323175 -0.501146 0.2848539
vn -0.07718714 -0.5135835 0.2522053
vn -0.1873291 -0.4985297 0.2229559
vn -0.2917156 -0.4568521 0.1988003
vn -0.3842598 -0.3909774 0.1811474
vn -0.459581 -0.3047382 0.1710356
vn -0.5133182 -0.2031336 0.1690399
vn -0.5423402 -0.09207316 0.1752796
vn -0.5449597 0.02198447 0.1893909
vn -0.5210258 0.1324093 0.2105543
vn -0.4719278 0.2327929 0.2375395
vn -0.400526 0.3172844 0.2687804
vn -0.3109612 0.3809964 0.3024538
vn -0.2084317 0.4202155 0.3366134
vn -0.09892461 0.4326523 0.3692687
vn 0.01121707 0.4176005 0.3985191
vn 0.1156067 0.3759241 0.4226697
vn 0.2081426 0.3100477 0.4403187
vn 0.2834696 0.2238029 0.4504339
vn 0.3372051 0.1222017 0.45243
vn 0.3662271 0.0111442 0.4461915
vn 0.3688479 -0.1029144 0.4320801
vn 0.3449146 -0.2133389 0.4109183
vn 0.2958185 -0.3137175 0.3839352
vn 0.2244111 -0.3982235 0.3526913
vn 0.1348433 -0.4619291 0.3190177
vn -0.01879525 -0.4261211 0.3891028
vn -0.1074015 -0.4361936 0.3626754
vn -0.1965202 -0.4240122 0.3390087
vn -0.2809663 -0.3902923 0.3194734
vn -0.3558435 -0.3369972 0.3051912
vn -0.4167944 -0.2672166 0.2970035
vn -0.4602713 -0.1850072 0.2953912
vn -0.4837521 -0.09514923 0.3004394
vn -0.4858712 -0.002869914 0.3118563
vn -0.4665073 0.08647577 0.3289775
vn -0.4267829 0.1676929 0.3508117
vn -0.3690123 0.2360572 0.3760855
vn -0.2965502 0.287601 0.4033324
vn -0.2135947 0.3193341 0.4309715
vn -0.1249836 0.3294019 0.4573915
vn -0.03587045 0.3172188 0.4810604
vn 0.04858112 0.2834973 0.5006022
vn 0.1234548 0.2301997 0.5148791
vn 0.1844039 0.1604201 0.5230622
vn 0.2278809 0.07821348 0.5246774
vn 0.2513613 -0.01164142 0.51963
vn 0.25348 -0.103922 0.5082141
vn 0.2341164 -0.1932719 0.4910896
vn 0.1943908 -0.2744857 0.4692582
vn 0.1366125 -0.3428521 0.4439852
vn 0.06414212 -0.3943982 0.4167365
vn -0.08888544 -0.2788408 0.4976752
vn -0.1393923 -0.2845784 0.4826161
vn -0.1902058 -0.2776403 0.4691173
vn -0.2383504 -0.2584137 0.4579792
vn -0.2810243 -0.2280312 0.4498451
vn -0.315768 -0.188254 0.4451791
vn -0.3405544 -0.1413879 0.4442584
vn -0.3539408 -0.09016274 0.4471353
vn -0.35515 -0.03755758 0.4536422
vn -0.3441114 0.01336764 0.4634027
vn -0.321468 0.0596735 0.4758475
vn -0.2885321 0.09864251 0.4902574
vn -0.2472264 0.1280253 0.5057886
vn -0.1999322 0.1461182 0.5215458
vn -0.1494254 0.1518466 0.536608
vn -0.09862319 0.1449118 0.5500978
vn -0.05047898 0.1256844 0.5612386
vn -0.007801197 0.09530268 0.5693769
vn 0.02694603 0.0555249 0.5740421
vn 0.05172779 0.008663977 0.5749632
vn 0.06511414 -0.04255842 0.572086
vn 0.06632064 -0.09516314 0.5655785
vn 0.05528243 -0.1460939 0.5558182
vn 0.03263616 -0.1923981 0.5433703
vn -0.0003002511 -0.2313752 0.5289603
vn -0.04160491 -0.2607497 0.5134317
vn -0.1484934 -0.1003205 0.5488341
vn -0.1553086 -0.1010972 0.5468016
vn -0.1621582 -0.1001618 0.5449824
vn -0.1686388 -0.09756894 0.5434839
vn -0.174404 -0.0934716 0.5423834
vn -0.1790884 -0.08810361 0.5417551
vn -0.182423 -0.08179654 0.5416315
vn -0.1842249 -0.07489535 0.5420196
vn -0.1843902 -0.06779354 0.5428975
vn -0.1829039 -0.06092995 0.5442124
vn -0.1798513 -0.05469469 0.5458896
vn -0.1754143 -0.04943963 0.5478311
vn -0.169836 -0.04547548 0.5499283
vn -0.1634674 -0.0430384 0.5520503
vn -0.1566582 -0.04226386 0.5540807
vn -0.1498113 -0.04319727 0.5558993
vn -0.1433252 -0.04579487 0.5573995
vn -0.1375694 -0.04988323 0.5584978
vn -0.1328857 -0.05525258 0.5591261
vn -0.1295414 -0.06156837 0.5592511
vn -0.1277423 -0.06846466 0.558863
vn -0.1275772 -0.07557055 0.5579844
vn -0.1290649 -0.08242821 0.5566698
vn -0.1321162 -0.08866193 0.5549936
vn -0.1365595 -0.09392679 0.5530486
vn -0.1421278 -0.09788704 0.5509548
vn -0.15619 -0.0717746 0.5511684
vn -0.2016374 -0.460525 -0.2838882
vn -0.1913588 -0.4969312 -0.2231022
vn -0.06722527 -0.5110298 -0.2601206
vn -0.08423226 -0.4738618 -0.318894
vn 0.05761769 -0.4939658 -0.2932772
vn 0.03384611 -0.4577314 -0.3502426
vn 0.1759268 -0.4467277 -0.3206519
vn 0.1457534 -0.4130479 -0.3761395
vn 0.2808141 -0.3720703 -0.3406473
vn 0.2449585 -0.3424219 -0.3950645
vn 0.3662002 -0.2743073 -0.3521168
vn 0.3257173 -0.2499636 -0.4059062
vn 0.4271092 -0.1591391 -0.3543809
vn 0.3833294 -0.1410328 -0.4080461
vn 0.4600023 -0.0332612 -0.347311
vn 0.4144408 -0.02197284 -0.4013593
vn 0.4629719 0.09601694 -0.3313173
vn 0.4172496 0.1003052 -0.3862317
vn 0.4358441 0.2211825 -0.3073297
vn 0.3915917 0.2186899 -0.3635437
vn 0.3801953 0.3349623 -0.2767401
vn 0.3389568 0.3263079 -0.3346115
vn 0.2992608 0.4307372 -0.2413335
vn 0.2624051 0.416897 -0.301121
vn 0.1977403 0.502948 -0.2031639
vn 0.1663905 0.4851969 -0.2650126
vn 0.08153442 0.5473974 -0.1644437
vn 0.05647242 0.5272408 -0.228389
vn -0.04259221 0.5614976 -0.1274358
vn -0.06094098 0.5405729 -0.1933925
vn -0.1674383 0.5444351 -0.09427746
vn -0.1790061 0.5244405 -0.162026
vn -0.2857523 0.4971959 -0.06689738
vn -0.2909283 0.4797512 -0.1361358
vn -0.3906485 0.4225251 -0.04690021
vn -0.3901346 0.4091322 -0.1172146
vn -0.4760249 0.3247738 -0.0354349
vn -0.4708897 0.316672 -0.1063723
vn -0.5369332 0.2096089 -0.03316958
vn -0.5284973 0.2077516 -0.1042263
vn -0.5698273 0.08373084 -0.04024008
vn -0.5596117 0.0886823 -0.1109208
vn -0.5727968 -0.04554874 -0.0562353
vn -0.5624199 -0.0335956 -0.1260497
vn -0.5456686 -0.1707137 -0.08022372
vn -0.5367613 -0.15198 -0.1487367
vn -0.4900208 -0.2844902 -0.1108071
vn -0.4841286 -0.2595927 -0.1776639
vn -0.4090846 -0.3802691 -0.1462139
vn -0.4075732 -0.3501864 -0.2111562
vn -0.3075627 -0.4524806 -0.1843906
vn -0.3115527 -0.4184867 -0.2472593
vn -0.1633584 -0.5452054 -0.0969464
vn -0.031721 -0.5601591 -0.1361949
vn 0.1006805 -0.5420632 -0.1713601
vn 0.2261592 -0.4919625 -0.2003955
vn 0.3374025 -0.4127765 -0.2216044
vn 0.4279527 -0.3091073 -0.2337573
vn 0.4925491 -0.1869661 -0.2361617
vn 0.5274346 -0.05346446 -0.2286645
vn 0.5305842 0.08364226 -0.211702
vn 0.5018129 0.216386 -0.1862639
vn 0.442793 0.3370544 -0.1538246
vn 0.3569613 0.4386261 -0.116272
vn 0.2493011 0.5152075 -0.07578722
vn 0.1260484 0.5623516 -0.03472617
vn -0.005587438 0.5773056 0.004529709
vn -0.1379975 0.5592092 0.03968956
vn -0.2634748 0.5091084 0.0687243
vn -0.3747145 0.4299231 0.08993687
vn -0.4652664 0.326248 0.1020917
vn -0.5298616 0.204111 0.1044926
vn -0.5647471 0.07060999 0.09699568
vn -0.5678964 -0.06649473 0.08003356
vn -0.5391256 -0.1992392 0.05459484
vn -0.4801049 -0.3199089 0.02215677
vn -0.3942738 -0.4214793 -0.0153876
vn -0.2866048 -0.4980648 -0.05587978
vn -0.1260501 -0.5623511 0.03472852
vn 0.005590944 -0.5773055 -0.004531562
vn 0.1379948 -0.5592096 -0.03969289
vn 0.2634746 -0.5091084 -0.0687253
vn 0.3747151 -0.4299229 -0.08993514
vn 0.4652656 -0.3262485 -0.1020939
vn 0.5298604 -0.2041141 -0.1044924
vn 0.5647467 -0.07061335 -0.09699582
vn 0.5678967 0.06649372 -0.08003301
vn 0.539126 0.1992384 -0.05459392
vn 0.4801054 0.319908 -0.02215854
vn 0.3942664 0.4214861 0.0153899
vn 0.2866079 0.4980633 0.05587752
vn 0.1633628 0.5452048 0.09694216
vn 0.03172078 0.5601586 0.1361967
vn -0.1006763 0.5420623 0.1713658
vn -0.2261595 0.4919626 0.2003947
vn -0.3374053 0.4127752 0.2216026
vn -0.4279506 0.3091055 0.2337636
vn -0.4925492 0.1869657 0.2361619
vn -0.5274349 0.05346479 0.228664
vn -0.5305842 -0.08364321 0.2117015
vn -0.5018134 -0.2163859 0.1862626
vn -0.4427928 -0.337055 0.1538239
vn -0.356961 -0.4386255 0.1162752
vn -0.2492975 -0.5152075 0.07579831
vn -0.08153407 -0.5473965 0.1644467
vn 0.04259113 -0.5614972 0.1274376
vn 0.1674374 -0.5444354 0.0942774
vn 0.285755 -0.4971943 0.06689765
vn 0.3906466 -0.422527 0.04689883
vn 0.4760241 -0.3247749 0.03543471
vn 0.5369334 -0.2096084 0.03316845
vn 0.5698271 -0.08373119 0.04024201
vn 0.5727968 0.0455489 0.05623516
vn 0.5456691 0.1707122 0.08022311
vn 0.4900206 0.2844893 0.1108104
vn 0.4090829 0.3802699 0.1462165
vn 0.3075638 0.4524822 0.184385
vn 0.1913572 0.4969307 0.2231048
vn 0.06722619 0.5110314 0.2601173
vn -0.05762152 0.4939679 0.2932728
vn -0.1759221 0.4467279 0.320654
vn -0.2808184 0.3720625 0.3406522
vn -0.3662003 0.2743052 0.3521184
vn -0.4271083 0.1591418 0.3543809
vn -0.4600028 0.03326081 0.3473104
vn -0.4629718 -0.09601734 0.3313172
vn -0.4358444 -0.2211819 0.3073298
vn -0.3801962 -0.3349628 0.2767384
vn -0.2992629 -0.4307391 0.2413276
vn -0.1977422 -0.5029489 0.2031597
vn -0.0323175 -0.501146 0.2848539
vn 0.07718714 -0.5135835 0.2522053
vn 0.187329 -0.4985298 0.222956
vn 0.2917155 -0.4568522 0.1988003
vn 0.3842598 -0.3909775 0.1811474
vn 0.459581 -0.3047382 0.1710356
vn 0.5133182 -0.2031336 0.1690399
vn 0.5423402 -0.09207315 0.1752796
vn 0.5449597 0.02198446 0.1893909
vn 0.5210258 0.1324093 0.2105542
vn 0.4719277 0.2327929 0.2375394
vn 0.400526 0.3172844 0.2687804
vn 0.310961 0.3809965 0.3024538
vn 0.2084315 0.4202156 0.3366134
vn 0.09892461 0.4326523 0.3692687
vn -0.01121707 0.4176005 0.3985191
vn -0.1156067 0.3759241 0.4226697
vn -0.2081427 0.3100478 0.4403186
vn -0.2834696 0.2238029 0.4504339
vn -0.3372051 0.1222017 0.4524299
vn -0.3662272 0.01114422 0.4461915
vn -0.368848 -0.1029144 0.43208
vn -0.3449147 -0.2133388 0.4109182
vn -0.2958185 -0.3137174 0.3839352
vn -0.2244111 -0.3982235 0.3526913
vn -0.1348433 -0.4619291 0.3190177
vn 0.01879525 -0.4261211 0.3891029
vn 0.1074015 -0.4361936 0.3626754
vn 0.1965201 -0.4240122 0.3390087
vn 0.2809662 -0.3902923 0.3194735
vn 0.3558435 -0.3369972 0.3051912
vn 0.4167944 -0.2672166 0.2970035
vn 0.4602713 -0.1850072 0.2953912
vn 0.4837522 -0.09514923 0.3004394
vn 0.4858712 -0.002869914 0.3118563
vn 0.4665073 0.08647578 0.3289776
vn 0.4267829 0.1676929 0.3508117
vn 0.3690123 0.2360572 0.3760855
vn 0.29655 0.287601 0.4033325
vn 0.2135945 0.3193341 0.4309716
vn 0.1249836 0.3294019 0.4573915
vn 0.03587045 0.3172188 0.4810604
vn -0.04858112 0.2834974 0.5006022
vn -0.1234548 0.2301997 0.5148791
vn -0.1844039 0.1604201 0.5230622
vn -0.2278809 0.07821348 0.5246774
vn -0.2513613 -0.01164142 0.51963
vn -0.25348 -0.103922 0.5082141
vn -0.2341164 -0.1932719 0.4910896
vn -0.1943908 -0.2744857 0.4692582
vn -0.1366125 -0.3428521 0.4439852
vn -0.06414212 -0.3943982 0.4167365
vn 0.08888545 -0.2788408 0.4976753
vn 0.1393923 -0.2845784 0.4826161
vn 0.1902056 -0.2776404 0.4691174
vn 0.2383501 -0.2584137 0.4579792
vn 0.2810242 -0.2280311 0.4498451
vn 0.315768 -0.188254 0.445179
vn 0.3405544 -0.141388 0.4442584
vn 0.3539408 -0.09016274 0.4471353
vn 0.35515 -0.03755758 0.4536422
vn 0.3441114 0.01336764 0.4634027
vn 0.321468 0.0596735 0.4758475
vn 0.288532 0.09864249 0.4902574
vn 0.2472262 0.1280254 0.5057887
vn 0.199932 0.1461183 0.5215459
vn 0.1494254 0.1518466 0.536608
vn 0.09862319 0.1449118 0.5500978
vn 0.05047898 0.1256844 0.5612386
vn 0.007801197 0.09530268 0.5693769
vn -0.02694603 0.0555249 0.5740421
vn -0.05172779 0.008663976 0.5749632
vn -0.06511414 -0.04255842 0.572086
vn -0.06632064 -0.09516316 0.5655785
vn -0.05528243 -0.1460939 0.5558182
vn -0.03263615 -0.1923981 0.5433703
vn 0.0003002518 -0.2313752 0.5289603
vn 0.04160491 -0.2607497 0.5134317
vn 0.1484934 -0.1003205 0.5488341
vn 0.1553086 -0.1010972 0.5468016
vn 0.1621582 -0.1001618 0.5449824
vn 0.1686387 -0.09756888 0.5434839
vn 0.1744035 -0.09347175 0.5423836
vn 0.1790881 -0.08810382 0.5417551
vn 0.1824229 -0.0817965 0.5416315
vn 0.1842248 -0.07489535 0.5420197
vn 0.1843901 -0.06779356 0.5428975
vn 0.1829039 -0.06092997 0.5442124
vn 0.1798512 -0.05469472 0.5458896
vn 0.175414 -0.04943938 0.5478313
vn 0.1698357 -0.04547539 0.5499285
vn 0.1634673 -0.04303843 0.5520503
vn 0.1566582 -0.04226386 0.5540807
vn 0.1498113 -0.04319727 0.5558993
vn 0.1433252 -0.04579487 0.5573995
vn 0.1375694 -0.04988324 0.5584978
vn 0.1328857 -0.05525258 0.5591261
vn 0.1295414 -0.06156838 0.5592511
vn 0.1277423 -0.06846466 0.558863
vn 0.1275772 -0.07557055 0.5579844
vn 0.1290649 -0.08242821 0.5566698
vn 0.1321162 -0.08866193 0.5549936
vn 0.1365595 -0.09392679 0.5530486
vn 0.1421278 -0.09788704 0.5509548
vn 0.1561899 -0.07177462 0.5511684
vt 0.364235 0.01077605
vt 0.3572105 0.009999555
vt 0.350191 0.01093135
vt 0.3435971 0.01351876
vt 0.3378131 0.01761017
vt 0.333179 0.02296812
vt 0.3299618 0.0292762
vt 0.3283458 0.0361707
vt 0.3284273 0.04325316
vt 0.3302016 0.05011026
vt 0.3335655 0.05634354
vt 0.3383232 0.06159077
vt 0.3441985 0.06554689
vt 0.3508499 0.06798188
vt 0.3578907 0.06875427
vt 0.3649115 0.06781952
vt 0.3715062 0.06523181
vt 0.3772876 0.06113974
vt 0.3819227 0.05578546
vt 0.3851417 0.04947622
vt 0.3867573 0.04257987
vt 0.3866752 0.03549833
vt 0.384902 0.02864082
vt 0.3815377 0.02240656
vt 0.3767803 0.01715596
vt 0.3708951 0.01318644
vt 0.3638673 0.01242832
vt 0.357229 0.01169307
vt 0.3506142 0.01257275
vt 0.3444016 0.01500754
vt 0.3389513 0.01885961
vt 0.3345823 0.02390499
vt 0.3315496 0.02985118
vt 0.3300205 0.03635107
vt 0.3300971 0.0430289
vt 0.3317696 0.04949288
vt 0.3349404 0.05536879
vt 0.3394256 0.06031505
vt 0.3449639 0.06404434
vt 0.351234 0.06633978
vt 0.3578714 0.06706746
vt 0.36449 0.06618644
vt 0.3707049 0.063749
vt 0.3761543 0.05989082
vt 0.3805259 0.05484263
vt 0.3835601 0.04889495
vt 0.3850818 0.04239402
vt 0.3850006 0.03571812
vt 0.3833313 0.02925403
vt 0.3801572 0.02338038
vt 0.375673 0.01843397
vt 0.3701419 0.01470376
vt 0.363571 0.01369057
vt 0.3572483 0.0129946
vt 0.3509433 0.01383291
vt 0.3450195 0.01615242
vt 0.3398243 0.01982264
vt 0.3356577 0.02463035
vt 0.3327645 0.03029738
vt 0.3313031 0.03649179
vt 0.3313774 0.04285718
vt 0.3329719 0.04902027
vt 0.3359959 0.05462138
vt 0.3402711 0.05933635
vt 0.3455511 0.06289165
vt 0.3515286 0.06508021
vt 0.3578567 0.06577329
vt 0.3641664 0.06493349
vt 0.3700919 0.06260829
vt 0.3752888 0.05893246
vt 0.3794562 0.0541193
vt 0.3823469 0.04844825
vt 0.3837969 0.0422521
vt 0.3837167 0.03588925
vt 0.3821251 0.02972792
vt 0.379097 0.02413068
vt 0.3748221 0.01941906
vt 0.3695465 0.01586888
vt 0.3632685 0.01497756
vt 0.3572615 0.0143197
vt 0.3512716 0.01511319
vt 0.3456457 0.01731692
vt 0.3407092 0.02080242
vt 0.3367488 0.02536855
vt 0.3339965 0.03075249
vt 0.332608 0.03663788
vt 0.3326772 0.04268466
vt 0.3341929 0.04853953
vt 0.3370665 0.0538616
vt 0.34113 0.05834274
vt 0.3461474 0.0617211
vt 0.3518275 0.06380095
vt 0.3578411 0.06445961
vt 0.3638378 0.06366168
vt 0.3694691 0.06145198
vt 0.374408 0.05795933
vt 0.3783674 0.05338759
vt 0.3811139 0.04799898
vt 0.3824916 0.04211007
vt 0.3824129 0.03606407
vt 0.3808998 0.0302106
vt 0.3780206 0.02489505
vt 0.3739574 0.02041871
vt 0.3689419 0.0170504
vt 0.3628747 0.01665644
vt 0.3572798 0.01604519
vt 0.3517008 0.01678411
vt 0.3464605 0.018836
vt 0.3418616 0.02208165
vt 0.3381709 0.02633385
vt 0.3356019 0.03134887
vt 0.3343152 0.03683214
vt 0.3343759 0.04246191
vt 0.3357908 0.04791425
vt 0.3384658 0.05287249
vt 0.3422526 0.05704529
vt 0.3469267 0.06019257
vt 0.3522186 0.0621304
vt 0.3578212 0.06274475
vt 0.3634085 0.06200136
vt 0.3686552 0.05994282
vt 0.3732567 0.05668909
vt 0.3769448 0.05242897
vt 0.3795049 0.0474108
vt 0.3807861 0.04192628
vt 0.3807123 0.03629408
vt 0.3792996 0.03084318
vt 0.3766179 0.02589358
vt 0.3728346 0.02172677
vt 0.3681613 0.01859067
vt 0.3623148 0.01906053
vt 0.3573086 0.01851324
vt 0.3523161 0.01917474
vt 0.3476271 0.02101026
vt 0.3435123 0.02391348
vt 0.3402104 0.02771614
vt 0.3379127 0.03219552
vt 0.336762 0.03710009
vt 0.3368125 0.04214446
vt 0.3380878 0.04701678
vt 0.3404737 0.05145003
vt 0.3438628 0.05518226
vt 0.3480442 0.05799959
vt 0.3527801 0.05973385
vt 0.3577937 0.06028415
vt 0.3627925 0.05961905
vt 0.3674867 0.05777739
vt 0.3716033 0.05486653
vt 0.3749026 0.05105598
vt 0.3771923 0.0465679
vt 0.3783382 0.04166306
vt 0.3782734 0.03662638
vt 0.3770069 0.03175191
vt 0.3746089 0.02732412
vt 0.3712227 0.02359773
vt 0.3670431 0.0207899
vt 0.3615178 0.0224614
vt 0.3573463 0.02200441
vt 0.353187 0.02255647
vt 0.3492805 0.02408628
vt 0.345853 0.02650489
vt 0.3431035 0.02967198
vt 0.3411922 0.0334029
vt 0.3402302 0.037482
vt 0.3402738 0.04166375
vt 0.341331 0.0457112
vt 0.3433087 0.04941965
vt 0.3461373 0.05253921
vt 0.3496265 0.05489085
vt 0.3535748 0.05633656
vt 0.3577532 0.05679528
vt 0.3619184 0.05624084
vt 0.3658291 0.05470644
vt 0.369258 0.05228178
vt 0.3720058 0.04910822
vt 0.3739122 0.04537113
vt 0.3748665 0.04128764
vt 0.3748138 0.03709449
vt 0.3737586 0.03303553
vt 0.3717619 0.02934692
vt 0.3689408 0.02624248
vt 0.3654586 0.02390231
vt 0.3604439 0.02704374
vt 0.3574003 0.02671001
vt 0.3543653 0.02711303
vt 0.351515 0.02822946
vt 0.3490148 0.02999417
vt 0.3470098 0.03230442
vt 0.3456165 0.03502594
vt 0.344916 0.03800015
vt 0.344954 0.04105989
vt 0.3457282 0.04403285
vt 0.3471763 0.0467333
vt 0.3492311 0.04899363
vt 0.3517722 0.05070154
vt 0.354651 0.05175416
vt 0.3576992 0.052088
vt 0.3607388 0.05168308
vt 0.3635924 0.05056302
vt 0.3660939 0.04879365
vt 0.3680977 0.04647834
vt 0.3694875 0.04375265
vt 0.3701831 0.0407748
vt 0.3701446 0.03771732
vt 0.3693746 0.03475736
vt 0.3679183 0.03206704
vt 0.3658601 0.0298023
vt 0.3633195 0.02809481
vt 0.3591704 0.03247319
vt 0.3574654 0.03228657
vt 0.3557659 0.03251211
vt 0.3541697 0.03313665
vt 0.3527691 0.03412403
vt 0.351645 0.03541724
vt 0.3508632 0.03694145
vt 0.3504699 0.03860904
vt 0.3504886 0.04032357
vt 0.3509176 0.04198615
vt 0.3517309 0.04349844
vt 0.3528835 0.04477088
vt 0.354309 0.04573051
vt 0.3559243 0.04632125
vt 0.3576351 0.04650874
vt 0.3593402 0.0462812
vt 0.3609405 0.04565234
vt 0.3623429 0.04465912
vt 0.3634658 0.04336001
vt 0.3642437 0.04183109
vt 0.364632 0.0401615
vt 0.3646086 0.03844811
vt 0.3641756 0.03679041
vt 0.3633585 0.03528429
vt 0.3622047 0.03401671
vt 0.3607811 0.03306134
vt 0.3575506 0.03939663
vt 0.416591 0.01207462
vt 0.4169728 0.01379051
vt 0.423596 0.0130569
vt 0.4236155 0.01129809
vt 0.4301958 0.01393488
vt 0.430635 0.01222995
vt 0.4363936 0.01636532
vt 0.4372289 0.01481729
vt 0.4418299 0.02020993
vt 0.4430129 0.01890874
vt 0.4461865 0.0252445
vt 0.447647 0.02426663
vt 0.4492093 0.03117674
vt 0.4508641 0.03057474
vt 0.4507326 0.03766
vt 0.4524803 0.0374692
vt 0.4506552 0.04431975
vt 0.4523986 0.04455164
vt 0.4489869 0.0507662
vt 0.4506243 0.05140885
vt 0.4458249 0.05662629
vt 0.4472604 0.05764219
vt 0.4413517 0.06155935
vt 0.4425027 0.06288928
vt 0.4358283 0.06527868
vt 0.4366274 0.06684533
vt 0.4295751 0.06756806
vt 0.4299761 0.06928042
vt 0.4229557 0.06829384
vt 0.4229354 0.07005283
vt 0.4163547 0.06741515
vt 0.4159145 0.06911805
vt 0.4101565 0.06498417
vt 0.4093198 0.06653035
vt 0.4047217 0.06113633
vt 0.4035383 0.06243831
vt 0.400362 0.05610177
vt 0.3989033 0.05708405
vt 0.3973358 0.05017033
vt 0.3956843 0.05077487
vt 0.3958172 0.04368707
vt 0.3940687 0.04387852
vt 0.3958964 0.03702876
vt 0.3941508 0.03679695
vt 0.3975589 0.03058043
vt 0.3959239 0.02993947
vt 0.4007232 0.0247201
vt 0.3992881 0.02370521
vt 0.4051953 0.01978409
vt 0.4040454 0.01845452
vt 0.410713 0.01606133
vt 0.4099308 0.014485
vt 0.4172829 0.01511213
vt 0.4235761 0.01441946
vt 0.4298511 0.0152544
vt 0.4357457 0.01756528
vt 0.4409135 0.02122077
vt 0.4450555 0.02600744
vt 0.4479296 0.03164711
vt 0.4493791 0.03780934
vt 0.4493036 0.04413989
vt 0.4477176 0.05026897
vt 0.4447106 0.05583912
vt 0.4404594 0.06052819
vt 0.4352087 0.064064
vt 0.4292642 0.06624061
vt 0.4229712 0.06692997
vt 0.4166964 0.06609473
vt 0.4108037 0.0637823
vt 0.4056358 0.06012657
vt 0.4014916 0.0553399
vt 0.3986167 0.04970032
vt 0.3971726 0.04353854
vt 0.3972487 0.03720995
vt 0.3988269 0.03107938
vt 0.4018359 0.02550801
vt 0.406087 0.02081689
vt 0.4113359 0.01728138
vt 0.4175977 0.01645013
vt 0.4235619 0.01579687
vt 0.4295084 0.01658591
vt 0.4350919 0.01877689
vt 0.4399886 0.02224084
vt 0.4439136 0.02677652
vt 0.446638 0.03212133
vt 0.4480107 0.03796079
vt 0.4479393 0.04395857
vt 0.446436 0.04976502
vt 0.4435869 0.05504292
vt 0.4395581 0.05948701
vt 0.434583 0.0628373
vt 0.4289507 0.06489995
vt 0.4229876 0.06555316
vt 0.4170414 0.06476188
vt 0.4114575 0.06257045
vt 0.4065604 0.05910661
vt 0.4026346 0.05457276
vt 0.3999106 0.04922887
vt 0.3985412 0.04338857
vt 0.3986145 0.03739127
vt 0.400108 0.03158161
vt 0.4029599 0.0263035
vt 0.4069888 0.02185705
vt 0.4119654 0.01850974
vt 0.4180015 0.01816639
vt 0.4235423 0.0175614
vt 0.4290664 0.01829472
vt 0.4342535 0.02033016
vt 0.4388029 0.02354839
vt 0.4424502 0.0277625
vt 0.4449852 0.03272941
vt 0.4462541 0.0381566
vt 0.4461907 0.04372707
vt 0.4447909 0.04912051
vt 0.442146 0.05402484
vt 0.4384019 0.05815196
vt 0.4337804 0.06126454
vt 0.4285479 0.06318104
vt 0.4230081 0.06378856
vt 0.4174835 0.06305334
vt 0.4122957 0.06101736
vt 0.4077461 0.05779907
vt 0.4040992 0.05358529
vt 0.4015664 0.04862144
vt 0.4002958 0.04319581
vt 0.4003631 0.03762224
vt 0.4017529 0.03222528
vt 0.404401 0.02732262
vt 0.4081423 0.02319321
vt 0.4127669 0.02008381
vt 0.4185668 0.02058911
vt 0.4235112 0.02004882
vt 0.4284422 0.0207037
vt 0.4330714 0.02252006
vt 0.4371313 0.02539172
vt 0.4403862 0.02915164
vt 0.4426484 0.03357887
vt 0.4437802 0.03842279
vt 0.4437272 0.0434021
vt 0.4424692 0.04821112
vt 0.4401157 0.05258602
vt 0.4367734 0.056268
vt 0.4326499 0.05904722
vt 0.4279798 0.06075778
vt 0.4230359 0.06130045
vt 0.4181066 0.06064432
vt 0.4134775 0.05882749
vt 0.4094177 0.05595556
vt 0.4061634 0.0521954
vt 0.4039034 0.04776582
vt 0.4027695 0.04292401
vt 0.4028279 0.03795048
vt 0.4040714 0.03313526
vt 0.4064329 0.02875974
vt 0.4097725 0.02507588
vt 0.4138977 0.02229938
vt 0.4193636 0.02398249
vt 0.4234725 0.02353224
vt 0.4275693 0.02407738
vt 0.4314161 0.02558705
vt 0.4347898 0.02797332
vt 0.4374946 0.03109738
vt 0.4393733 0.03477683
vt 0.4403174 0.03879803
vt 0.4402726 0.0429196
vt 0.4392316 0.04690709
vt 0.4372851 0.05055832
vt 0.4345016 0.05362865
vt 0.4310693 0.05594262
vt 0.4271861 0.05736479
vt 0.4230763 0.05781597
vt 0.4189795 0.05727031
vt 0.4151326 0.05576038
vt 0.4117588 0.05337372
vt 0.4090542 0.05024886
vt 0.4071762 0.04656764
vt 0.4062337 0.04254385
vt 0.4062817 0.03841096
vt 0.4073164 0.03440949
vt 0.4092787 0.03077265
vt 0.4120544 0.0277113
vt 0.4154826 0.02540341
vt 0.420428 0.0285227
vt 0.4234189 0.02819457
vt 0.4264012 0.02859166
vt 0.4292018 0.02969101
vt 0.4316579 0.03142848
vt 0.4336267 0.0337032
vt 0.4349942 0.03638288
vt 0.4356803 0.03931108
vt 0.4356413 0.04232192
vt 0.4348791 0.04524508
vt 0.4334561 0.04789838
vt 0.4314384 0.05011731
vt 0.4289445 0.0517933
vt 0.4261201 0.05282598
vt 0.4231296 0.05315345
vt 0.4201475 0.05275604
vt 0.4173471 0.05165666
vt 0.4148911 0.04991921
vt 0.4129222 0.04764434
vt 0.4115551 0.04496446
vt 0.410869 0.04203513
vt 0.4109038 0.03902647
vt 0.4116574 0.03611332
vt 0.4130862 0.03346559
vt 0.4151071 0.03123691
vt 0.4176027 0.02955675
vt 0.4216825 0.0338754
vt 0.4233562 0.03369197
vt 0.4250244 0.03391435
vt 0.4265909 0.03452959
vt 0.4279649 0.0355018
vt 0.4290665 0.03677466
vt 0.4298313 0.0382742
vt 0.4302145 0.03991362
vt 0.4301934 0.04159757
vt 0.4297706 0.04322874
vt 0.4289722 0.04471078
vt 0.4278426 0.04595643
vt 0.4264469 0.04689517
vt 0.4248662 0.04747274
vt 0.4231927 0.047656
vt 0.4215245 0.04743346
vt 0.4199581 0.04681825
vt 0.4185841 0.04584613
vt 0.4174827 0.04457345
vt 0.4167178 0.04307407
vt 0.416334 0.04143521
vt 0.4163534 0.03975185
vt 0.4167752 0.03812226
vt 0.4175745 0.03664109
vt 0.4187052 0.03539404
vt 0.4201016 0.03445401
vt 0.4232746 0.04067391
usemtl troll_low_troll_body_mat_AlbedoTransparency
f 4447/4447/4447 4446/4446/4446 4473/4473/4473
f 4472/4472/4472 4473/4473/4473 4446/4446/4446
f 4473/4473/4473 4474/4474/4474 4447/4447/4447
f 4448/4448/4448 4447/4447/4447 4474/4474/4474
f 4474/4474/4474 4475/4475/4475 4448/4448/4448
f 4449/4449/4449 4448/4448/4448 4475/4475/4475
f 4475/4475/4475 4476/4476/4476 4449/4449/4449
f 4450/4450/4450 4449/4449/4449 4476/4476/4476
f 4476/4476/4476 4477/4477/4477 4450/4450/4450
f 4451/4451/4451 4450/4450/4450 4477/4477/4477
f 4477/4477/4477 4478/4478/4478 4451/4451/4451
f 4452/4452/4452 4451/4451/4451 4478/4478/4478
f 4478/4478/4478 4479/4479/4479 4452/4452/4452
f 4453/4453/4453 4452/4452/4452 4479/4479/4479
f 4479/4479/4479 4480/4480/4480 4453/4453/4453
f 4454/4454/4454 4453/4453/4453 4480/4480/4480
f 4480/4480/4480 4481/4481/4481 4454/4454/4454
f 4455/4455/4455 4454/4454/4454 4481/4481/4481
f 4481/4481/4481 4482/4482/4482 4455/4455/4455
f 4456/4456/4456 4455/4455/4455 4482/4482/4482
f 4482/4482/4482 4483/4483/4483 4456/4456/4456
f 4457/4457/4457 4456/4456/4456 4483/4483/4483
f 4483/4483/4483 4484/4484/4484 4457/4457/4457
f 4458/4458/4458 4457/4457/4457 4484/4484/4484
f 4484/4484/4484 4485/4485/4485 4458/4458/4458
f 4459/4459/4459 4458/4458/4458 4485/4485/4485
f 4485/4485/4485 4486/4486/4486 4459/4459/4459
f 4460/4460/4460 4459/4459/4459 4486/4486/4486
f 4486/4486/4486 4487/4487/4487 4460/4460/4460
f 4461/4461/4461 4460/4460/4460 4487/4487/4487
f 4487/4487/4487 4488/4488/4488 4461/4461/4461
f 4462/4462/4462 4461/4461/4461 4488/4488/4488
f 4488/4488/4488 4489/4489/4489 4462/4462/4462
f 4463/4463/4463 4462/4462/4462 4489/4489/4489
f 4489/4489/4489 4490/4490/4490 4463/4463/4463
f 4464/4464/4464 4463/4463/4463 4490/4490/4490
f 4490/4490/4490 4491/4491/4491 4464/4464/4464
f 4465/4465/4465 4464/4464/4464 4491/4491/4491
f 4491/4491/4491 4492/4492/4492 4465/4465/4465
f 4466/4466/4466 4465/4465/4465 4492/4492/4492
f 4492/4492/4492 4493/4493/4493 4466/4466/4466
f 4467/4467/4467 4466/4466/4466 4493/4493/4493
f 4493/4493/4493 4494/4494/4494 4467/4467/4467
f 4468/4468/4468 4467/4467/4467 4494/4494/4494
f 4494/4494/4494 4495/4495/4495 4468/4468/4468
f 4469/4469/4469 4468/4468/4468 4495/4495/4495
f 4495/4495/4495 4496/4496/4496 4469/4469/4469
f 4470/4470/4470 4469/4469/4469 4496/4496/4496
f 4496/4496/4496 4497/4497/4497 4470/4470/4470
f 4471/4471/4471 4470/4470/4470 4497/4497/4497
f 4497/4497/4497 4472/4472/4472 4471/4471/4471
f 4446/4446/4446 4471/4471/4471 4472/4472/4472
f 4492/4492/4492 4491/4491/4491 4518/4518/4518
f 4517/4517/4517 4518/4518/4518 4491/4491/4491
f 4491/4491/4491 4490/4490/4490 4517/4517/4517
f 4516/4516/4516 4517/4517/4517 4490/4490/4490
f 4490/4490/4490 4489/4489/4489 4516/4516/4516
f 4515/4515/4515 4516/4516/4516 4489/4489/4489
f 4489/4489/4489 4488/4488/4488 4515/4515/4515
f 4514/4514/4514 4515/4515/4515 4488/4488/4488
f 4488/4488/4488 4487/4487/4487 4514/4514/4514
f 4513/4513/4513 4514/4514/4514 4487/4487/4487
f 4487/4487/4487 4486/4486/4486 4513/4513/4513
f 4512/4512/4512 4513/4513/4513 4486/4486/4486
f 4486/4486/4486 4485/4485/4485 4512/4512/4512
f 4511/4511/4511 4512/4512/4512 4485/4485/4485
f 4485/4485/4485 4484/4484/4484 4511/4511/4511
f 4510/4510/4510 4511/4511/4511 4484/4484/4484
f 4484/4484/4484 4483/4483/4483 4510/4510/4510
f 4509/4509/4509 4510/4510/4510 4483/4483/4483
f 4483/4483/4483 4482/4482/4482 4509/4509/4509
f 4508/4508/4508 4509/4509/4509 4482/4482/4482
f 4482/4482/4482 4481/4481/4481 4508/4508/4508
f 4507/4507/4507 4508/4508/4508 4481/4481/4481
f 4481/4481/4481 4480/4480/4480 4507/4507/4507
f 4506/4506/4506 4507/4507/4507 4480/4480/4480
f 4480/4480/4480 4479/4479/4479 4506/4506/4506
f 4505/4505/4505 4506/4506/4506 4479/4479/4479
f 4479/4479/4479 4478/4478/4478 4505/4505/4505
f 4504/4504/4504 4505/4505/4505 4478/4478/4478
f 4478/4478/4478 4477/4477/4477 4504/4504/4504
f 4503/4503/4503 4504/4504/4504 4477/4477/4477
f 4477/4477/4477 4476/4476/4476 4503/4503/4503
f 4502/4502/4502 4503/4503/4503 4476/4476/4476
f 4476/4476/4476 4475/4475/4475 4502/4502/4502
f 4501/4501/4501 4502/4502/4502 4475/4475/4475
f 4475/4475/4475 4474/4474/4474 4501/4501/4501
f 4500/4500/4500 4501/4501/4501 4474/4474/4474
f 4474/4474/4474 4473/4473/4473 4500/4500/4500
f 4499/4499/4499 4500/4500/4500 4473/4473/4473
f 4473/4473/4473 4472/4472/4472 4499/4499/4499
f 4498/4498/4498 4499/4499/4499 4472/4472/4472
f 4472/4472/4472 4497/4497/4497 4498/4498/4498
f 4523/4523/4523 4498/4498/4498 4497/4497/4497
f 4497/4497/4497 4496/4496/4496 4523/4523/4523
f 4522/4522/4522 4523/4523/4523 4496/4496/4496
f 4496/4496/4496 4495/4495/4495 4522/4522/4522
f 4521/4521/4521 4522/4522/4522 4495/4495/4495
f 4495/4495/4495 4494/4494/4494 4521/4521/4521
f 4520/4520/4520 4521/4521/4521 4494/4494/4494
f 4494/4494/4494 4493/4493/4493 4520/4520/4520
f 4519/4519/4519 4520/4520/4520 4493/4493/4493
f 4493/4493/4493 4492/4492/4492 4519/4519/4519
f 4518/4518/4518 4519/4519/4519 4492/4492/4492
f 4499/4499/4499 4498/4498/4498 4525/4525/4525
f 4524/4524/4524 4525/4525/4525 4498/4498/4498
f 4498/4498/4498 4523/4523/4523 4524/4524/4524
f 4519/4519/4519 4518/4518/4518 4545/4545/4545
f 4544/4544/4544 4545/4545/4545 4518/4518/4518
f 4518/4518/4518 4517/4517/4517 4544/4544/4544
f 4543/4543/4543 4544/4544/4544 4517/4517/4517
f 4517/4517/4517 4516/4516/4516 4543/4543/4543
f 4542/4542/4542 4543/4543/4543 4516/4516/4516
f 4516/4516/4516 4515/4515/4515 4542/4542/4542
f 4541/4541/4541 4542/4542/4542 4515/4515/4515
f 4515/4515/4515 4514/4514/4514 4541/4541/4541
f 4540/4540/4540 4541/4541/4541 4514/4514/4514
f 4514/4514/4514 4513/4513/4513 4540/4540/4540
f 4539/4539/4539 4540/4540/4540 4513/4513/4513
f 4513/4513/4513 4512/4512/4512 4539/4539/4539
f 4538/4538/4538 4539/4539/4539 4512/4512/4512
f 4512/4512/4512 4511/4511/4511 4538/4538/4538
f 4537/4537/4537 4538/4538/4538 4511/4511/4511
f 4511/4511/4511 4510/4510/4510 4537/4537/4537
f 4536/4536/4536 4537/4537/4537 4510/4510/4510
f 4510/4510/4510 4509/4509/4509 4536/4536/4536
f 4535/4535/4535 4536/4536/4536 4509/4509/4509
f 4509/4509/4509 4508/4508/4508 4535/4535/4535
f 4534/4534/4534 4535/4535/4535 4508/4508/4508
f 4508/4508/4508 4507/4507/4507 4534/4534/4534
f 4533/4533/4533 4534/4534/4534 4507/4507/4507
f 4507/4507/4507 4506/4506/4506 4533/4533/4533
f 4532/4532/4532 4533/4533/4533 4506/4506/4506
f 4506/4506/4506 4505/4505/4505 4532/4532/4532
f 4531/4531/4531 4532/4532/4532 4505/4505/4505
f 4505/4505/4505 4504/4504/4504 4531/4531/4531
f 4530/4530/4530 4531/4531/4531 4504/4504/4504
f 4504/4504/4504 4503/4503/4503 4530/4530/4530
f 4529/4529/4529 4530/4530/4530 4503/4503/4503
f 4503/4503/4503 4502/4502/4502 4529/4529/4529
f 4528/4528/4528 4529/4529/4529 4502/4502/4502
f 4502/4502/4502 4501/4501/4501 4528/4528/4528
f 4527/4527/4527 4528/4528/4528 4501/4501/4501
f 4501/4501/4501 4500/4500/4500 4527/4527/4527
f 4526/4526/4526 4527/4527/4527 4500/4500/4500
f 4500/4500/4500 4499/4499/4499 4526/4526/4526
f 4525/4525/4525 4526/4526/4526 4499/4499/4499
f 4526/4526/4526 4525/4525/4525 4552/4552/4552
f 4551/4551/4551 4552/4552/4552 4525/4525/4525
f 4525/4525/4525 4524/4524/4524 4551/4551/4551
f 4550/4550/4550 4551/4551/4551 4524/4524/4524
f 4527/4527/4527 4526/4526/4526 4553/4553/4553
f 4552/4552/4552 4553/4553/4553 4526/4526/4526
f 4528/4528/4528 4527/4527/4527 4554/4554/4554
f 4553/4553/4553 4554/4554/4554 4527/4527/4527
f 4529/4529/4529 4528/4528/4528 4555/4555/4555
f 4554/4554/4554 4555/4555/4555 4528/4528/4528
f 4555/4555/4555 4556/4556/4556 4529/4529/4529
f 4524/4524/4524 4549/4549/4549 4550/4550/4550
f 4549/4549/4549 4524/4524/4524 4523/4523/4523
f 4523/4523/4523 4522/4522/4522 4549/4549/4549
f 4548/4548/4548 4549/4549/4549 4522/4522/4522
f 4522/4522/4522 4521/4521/4521 4548/4548/4548
f 4547/4547/4547 4548/4548/4548 4521/4521/4521
f 4521/4521/4521 4520/4520/4520 4547/4547/4547
f 4546/4546/4546 4547/4547/4547 4520/4520/4520
f 4520/4520/4520 4519/4519/4519 4546/4546/4546
f 4545/4545/4545 4546/4546/4546 4519/4519/4519
f 4546/4546/4546 4545/4545/4545 4572/4572/4572
f 4571/4571/4571 4572/4572/4572 4545/4545/4545
f 4545/4545/4545 4544/4544/4544 4571/4571/4571
f 4570/4570/4570 4571/4571/4571 4544/4544/4544
f 4544/4544/4544 4543/4543/4543 4570/4570/4570
f 4569/4569/4569 4570/4570/4570 4543/4543/4543
f 4543/4543/4543 4542/4542/4542 4569/4569/4569
f 4568/4568/4568 4569/4569/4569 4542/4542/4542
f 4542/4542/4542 4541/4541/4541 4568/4568/4568
f 4567/4567/4567 4568/4568/4568 4541/4541/4541
f 4541/4541/4541 4540/4540/4540 4567/4567/4567
f 4566/4566/4566 4567/4567/4567 4540/4540/4540
f 4540/4540/4540 4539/4539/4539 4566/4566/4566
f 4565/4565/4565 4566/4566/4566 4539/4539/4539
f 4539/4539/4539 4538/4538/4538 4565/4565/4565
f 4564/4564/4564 4565/4565/4565 4538/4538/4538
f 4538/4538/4538 4537/4537/4537 4564/4564/4564
f 4563/4563/4563 4564/4564/4564 4537/4537/4537
f 4537/4537/4537 4536/4536/4536 4563/4563/4563
f 4562/4562/4562 4563/4563/4563 4536/4536/4536
f 4536/4536/4536 4535/4535/4535 4562/4562/4562
f 4561/4561/4561 4562/4562/4562 4535/4535/4535
f 4535/4535/4535 4534/4534/4534 4561/4561/4561
f 4560/4560/4560 4561/4561/4561 4534/4534/4534
f 4534/4534/4534 4533/4533/4533 4560/4560/4560
f 4559/4559/4559 4560/4560/4560 4533/4533/4533
f 4533/4533/4533 4532/4532/4532 4559/4559/4559
f 4558/4558/4558 4559/4559/4559 4532/4532/4532
f 4532/4532/4532 4531/4531/4531 4558/4558/4558
f 4557/4557/4557 4558/4558/4558 4531/4531/4531
f 4531/4531/4531 4530/4530/4530 4557/4557/4557
f 4556/4556/4556 4557/4557/4557 4530/4530/4530
f 4530/4530/4530 4529/4529/4529 4556/4556/4556
f 4557/4557/4557 4556/4556/4556 4583/4583/4583
f 4582/4582/4582 4583/4583/4583 4556/4556/4556
f 4556/4556/4556 4555/4555/4555 4582/4582/4582
f 4581/4581/4581 4582/4582/4582 4555/4555/4555
f 4555/4555/4555 4554/4554/4554 4581/4581/4581
f 4580/4580/4580 4581/4581/4581 4554/4554/4554
f 4554/4554/4554 4553/4553/4553 4580/4580/4580
f 4579/4579/4579 4580/4580/4580 4553/4553/4553
f 4553/4553/4553 4552/4552/4552 4579/4579/4579
f 4578/4578/4578 4579/4579/4579 4552/4552/4552
f 4552/4552/4552 4551/4551/4551 4578/4578/4578
f 4577/4577/4577 4578/4578/4578 4551/4551/4551
f 4551/4551/4551 4550/4550/4550 4577/4577/4577
f 4576/4576/4576 4577/4577/4577 4550/4550/4550
f 4550/4550/4550 4575/4575/4575 4576/4576/4576
f 4575/4575/4575 4550/4550/4550 4549/4549/4549
f 4549/4549/4549 4548/4548/4548 4575/4575/4575
f 4574/4574/4574 4575/4575/4575 4548/4548/4548
f 4548/4548/4548 4547/4547/4547 4574/4574/4574
f 4573/4573/4573 4574/4574/4574 4547/4547/4547
f 4547/4547/4547 4546/4546/4546 4573/4573/4573
f 4572/4572/4572 4573/4573/4573 4546/4546/4546
f 4573/4573/4573 4572/4572/4572 4599/4599/4599
f 4598/4598/4598 4599/4599/4599 4572/4572/4572
f 4572/4572/4572 4571/4571/4571 4598/4598/4598
f 4597/4597/4597 4598/4598/4598 4571/4571/4571
f 4571/4571/4571 4570/4570/4570 4597/4597/4597
f 4596/4596/4596 4597/4597/4597 4570/4570/4570
f 4570/4570/4570 4569/4569/4569 4596/4596/4596
f 4595/4595/4595 4596/4596/4596 4569/4569/4569
f 4569/4569/4569 4568/4568/4568 4595/4595/4595
f 4594/4594/4594 4595/4595/4595 4568/4568/4568
f 4568/4568/4568 4567/4567/4567 4594/4594/4594
f 4593/4593/4593 4594/4594/4594 4567/4567/4567
f 4567/4567/4567 4566/4566/4566 4593/4593/4593
f 4592/4592/4592 4593/4593/4593 4566/4566/4566
f 4566/4566/4566 4565/4565/4565 4592/4592/4592
f 4591/4591/4591 4592/4592/4592 4565/4565/4565
f 4565/4565/4565 4564/4564/4564 4591/4591/4591
f 4590/4590/4590 4591/4591/4591 4564/4564/4564
f 4564/4564/4564 4563/4563/4563 4590/4590/4590
f 4589/4589/4589 4590/4590/4590 4563/4563/4563
f 4563/4563/4563 4562/4562/4562 4589/4589/4589
f 4588/4588/4588 4589/4589/4589 4562/4562/4562
f 4562/4562/4562 4561/4561/4561 4588/4588/4588
f 4587/4587/4587 4588/4588/4588 4561/4561/4561
f 4561/4561/4561 4560/4560/4560 4587/4587/4587
f 4586/4586/4586 4587/4587/4587 4560/4560/4560
f 4560/4560/4560 4559/4559/4559 4586/4586/4586
f 4585/4585/4585 4586/4586/4586 4559/4559/4559
f 4559/4559/4559 4558/4558/4558 4585/4585/4585
f 4584/4584/4584 4585/4585/4585 4558/4558/4558
f 4558/4558/4558 4557/4557/4557 4584/4584/4584
f 4583/4583/4583 4584/4584/4584 4557/4557/4557
f 4584/4584/4584 4583/4583/4583 4610/4610/4610
f 4609/4609/4609 4610/4610/4610 4583/4583/4583
f 4583/4583/4583 4582/4582/4582 4609/4609/4609
f 4608/4608/4608 4609/4609/4609 4582/4582/4582
f 4582/4582/4582 4581/4581/4581 4608/4608/4608
f 4607/4607/4607 4608/4608/4608 4581/4581/4581
f 4581/4581/4581 4580/4580/4580 4607/4607/4607
f 4606/4606/4606 4607/4607/4607 4580/4580/4580
f 4580/4580/4580 4579/4579/4579 4606/4606/4606
f 4605/4605/4605 4606/4606/4606 4579/4579/4579
f 4579/4579/4579 4578/4578/4578 4605/4605/4605
f 4604/4604/4604 4605/4605/4605 4578/4578/4578
f 4578/4578/4578 4577/4577/4577 4604/4604/4604
f 4603/4603/4603 4604/4604/4604 4577/4577/4577
f 4577/4577/4577 4576/4576/4576 4603/4603/4603
f 4602/4602/4602 4603/4603/4603 4576/4576/4576
f 4576/4576/4576 4601/4601/4601 4602/4602/4602
f 4601/4601/4601 4576/4576/4576 4575/4575/4575
f 4575/4575/4575 4574/4574/4574 4601/4601/4601
f 4600/4600/4600 4601/4601/4601 4574/4574/4574
f 4574/4574/4574 4573/4573/4573 4600/4600/4600
f 4599/4599/4599 4600/4600/4600 4573/4573/4573
f 4600/4600/4600 4599/4599/4599 4626/4626/4626
f 4625/4625/4625 4626/4626/4626 4599/4599/4599
f 4599/4599/4599 4598/4598/4598 4625/4625/4625
f 4624/4624/4624 4625/4625/4625 4598/4598/4598
f 4598/4598/4598 4597/4597/4597 4624/4624/4624
f 4623/4623/4623 4624/4624/4624 4597/4597/4597
f 4597/4597/4597 4596/4596/4596 4623/4623/4623
f 4622/4622/4622 4623/4623/4623 4596/4596/4596
f 4596/4596/4596 4595/4595/4595 4622/4622/4622
f 4621/4621/4621 4622/4622/4622 4595/4595/4595
f 4595/4595/4595 4594/4594/4594 4621/4621/4621
f 4620/4620/4620 4621/4621/4621 4594/4594/4594
f 4594/4594/4594 4593/4593/4593 4620/4620/4620
f 4619/4619/4619 4620/4620/4620 4593/4593/4593
f 4593/4593/4593 4592/4592/4592 4619/4619/4619
f 4618/4618/4618 4619/4619/4619 4592/4592/4592
f 4592/4592/4592 4591/4591/4591 4618/4618/4618
f 4617/4617/4617 4618/4618/4618 4591/4591/4591
f 4591/4591/4591 4590/4590/4590 4617/4617/4617
f 4616/4616/4616 4617/4617/4617 4590/4590/4590
f 4590/4590/4590 4589/4589/4589 4616/4616/4616
f 4615/4615/4615 4616/4616/4616 4589/4589/4589
f 4589/4589/4589 4588/4588/4588 4615/4615/4615
f 4614/4614/4614 4615/4615/4615 4588/4588/4588
f 4588/4588/4588 4587/4587/4587 4614/4614/4614
f 4613/4613/4613 4614/4614/4614 4587/4587/4587
f 4587/4587/4587 4586/4586/4586 4613/4613/4613
f 4612/4612/4612 4613/4613/4613 4586/4586/4586
f 4586/4586/4586 4585/4585/4585 4612/4612/4612
f 4611/4611/4611 4612/4612/4612 4585/4585/4585
f 4585/4585/4585 4584/4584/4584 4611/4611/4611
f 4610/4610/4610 4611/4611/4611 4584/4584/4584
f 4611/4611/4611 4610/4610/4610 4637/4637/4637
f 4636/4636/4636 4637/4637/4637 4610/4610/4610
f 4610/4610/4610 4609/4609/4609 4636/4636/4636
f 4635/4635/4635 4636/4636/4636 4609/4609/4609
f 4609/4609/4609 4608/4608/4608 4635/4635/4635
f 4634/4634/4634 4635/4635/4635 4608/4608/4608
f 4608/4608/4608 4607/4607/4607 4634/4634/4634
f 4633/4633/4633 4634/4634/4634 4607/4607/4607
f 4607/4607/4607 4606/4606/4606 4633/4633/4633
f 4632/4632/4632 4633/4633/4633 4606/4606/4606
f 4606/4606/4606 4605/4605/4605 4632/4632/4632
f 4631/4631/4631 4632/4632/4632 4605/4605/4605
f 4605/4605/4605 4604/4604/4604 4631/4631/4631
f 4630/4630/4630 4631/4631/4631 4604/4604/4604
f 4604/4604/4604 4603/4603/4603 4630/4630/4630
f 4629/4629/4629 4630/4630/4630 4603/4603/4603
f 4603/4603/4603 4602/4602/4602 4629/4629/4629
f 4628/4628/4628 4629/4629/4629 4602/4602/4602
f 4602/4602/4602 4627/4627/4627 4628/4628/4628
f 4627/4627/4627 4602/4602/4602 4601/4601/4601
f 4601/4601/4601 4600/4600/4600 4627/4627/4627
f 4626/4626/4626 4627/4627/4627 4600/4600/4600
f 4627/4627/4627 4626/4626/4626 4653/4653/4653
f 4653/4653/4653 4628/4628/4628 4627/4627/4627
f 4652/4652/4652 4653/4653/4653 4626/4626/4626
f 4626/4626/4626 4625/4625/4625 4652/4652/4652
f 4651/4651/4651 4652/4652/4652 4625/4625/4625
f 4625/4625/4625 4624/4624/4624 4651/4651/4651
f 4650/4650/4650 4651/4651/4651 4624/4624/4624
f 4624/4624/4624 4623/4623/4623 4650/4650/4650
f 4649/4649/4649 4650/4650/4650 4623/4623/4623
f 4623/4623/4623 4622/4622/4622 4649/4649/4649
f 4648/4648/4648 4649/4649/4649 4622/4622/4622
f 4622/4622/4622 4621/4621/4621 4648/4648/4648
f 4647/4647/4647 4648/4648/4648 4621/4621/4621
f 4621/4621/4621 4620/4620/4620 4647/4647/4647
f 4646/4646/4646 4647/4647/4647 4620/4620/4620
f 4620/4620/4620 4619/4619/4619 4646/4646/4646
f 4645/4645/4645 4646/4646/4646 4619/4619/4619
f 4619/4619/4619 4618/4618/4618 4645/4645/4645
f 4644/4644/4644 4645/4645/4645 4618/4618/4618
f 4618/4618/4618 4617/4617/4617 4644/4644/4644
f 4643/4643/4643 4644/4644/4644 4617/4617/4617
f 4617/4617/4617 4616/4616/4616 4643/4643/4643
f 4642/4642/4642 4643/4643/4643 4616/4616/4616
f 4616/4616/4616 4615/4615/4615 4642/4642/4642
f 4641/4641/4641 4642/4642/4642 4615/4615/4615
f 4615/4615/4615 4614/4614/4614 4641/4641/4641
f 4640/4640/4640 4641/4641/4641 4614/4614/4614
f 4614/4614/4614 4613/4613/4613 4640/4640/4640
f 4639/4639/4639 4640/4640/4640 4613/4613/4613
f 4613/4613/4613 4612/4612/4612 4639/4639/4639
f 4638/4638/4638 4639/4639/4639 4612/4612/4612
f 4612/4612/4612 4611/4611/4611 4638/4638/4638
f 4637/4637/4637 4638/4638/4638 4611/4611/4611
f 4638/4638/4638 4637/4637/4637 4664/4664/4664
f 4663/4663/4663 4664/4664/4664 4637/4637/4637
f 4637/4637/4637 4636/4636/4636 4663/4663/4663
f 4662/4662/4662 4663/4663/4663 4636/4636/4636
f 4636/4636/4636 4635/4635/4635 4662/4662/4662
f 4661/4661/4661 4662/4662/4662 4635/4635/4635
f 4635/4635/4635 4634/4634/4634 4661/4661/4661
f 4660/4660/4660 4661/4661/4661 4634/4634/4634
f 4634/4634/4634 4633/4633/4633 4660/4660/4660
f 4659/4659/4659 4660/4660/4660 4633/4633/4633
f 4633/4633/4633 4632/4632/4632 4659/4659/4659
f 4658/4658/4658 4659/4659/4659 4632/4632/4632
f 4632/4632/4632 4631/4631/4631 4658/4658/4658
f 4657/4657/4657 4658/4658/4658 4631/4631/4631
f 4631/4631/4631 4630/4630/4630 4657/4657/4657
f 4656/4656/4656 4657/4657/4657 4630/4630/4630
f 4630/4630/4630 4629/4629/4629 4656/4656/4656
f 4655/4655/4655 4656/4656/4656 4629/4629/4629
f 4629/4629/4629 4628/4628/4628 4655/4655/4655
f 4654/4654/4654 4655/4655/4655 4628/4628/4628
f 4628/4628/4628 4653/4653/4653 4654/4654/4654
f 4679/4679/4679 4654/4654/4654 4653/4653/4653
f 4653/4653/4653 4652/4652/4652 4679/4679/4679
f 4678/4678/4678 4679/4679/4679 4652/4652/4652
f 4652/4652/4652 4651/4651/4651 4678/4678/4678
f 4677/4677/4677 4678/4678/4678 4651/4651/4651
f 4651/4651/4651 4650/4650/4650 4677/4677/4677
f 4676/4676/4676 4677/4677/4677 4650/4650/4650
f 4650/4650/4650 4649/4649/4649 4676/4676/4676
f 4675/4675/4675 4676/4676/4676 4649/4649/4649
f 4649/4649/4649 4648/4648/4648 4675/4675/4675
f 4674/4674/4674 4675/4675/4675 4648/4648/4648
f 4648/4648/4648 4647/4647/4647 4674/4674/4674
f 4673/4673/4673 4674/4674/4674 4647/4647/4647
f 4647/4647/4647 4646/4646/4646 4673/4673/4673
f 4672/4672/4672 4673/4673/4673 4646/4646/4646
f 4646/4646/4646 4645/4645/4645 4672/4672/4672
f 4671/4671/4671 4672/4672/4672 4645/4645/4645
f 4645/4645/4645 4644/4644/4644 4671/4671/4671
f 4670/4670/4670 4671/4671/4671 4644/4644/4644
f 4644/4644/4644 4643/4643/4643 4670/4670/4670
f 4669/4669/4669 4670/4670/4670 4643/4643/4643
f 4643/4643/4643 4642/4642/4642 4669/4669/4669
f 4668/4668/4668 4669/4669/4669 4642/4642/4642
f 4642/4642/4642 4641/4641/4641 4668/4668/4668
f 4667/4667/4667 4668/4668/4668 4641/4641/4641
f 4641/4641/4641 4640/4640/4640 4667/4667/4667
f 4666/4666/4666 4667/4667/4667 4640/4640/4640
f 4640/4640/4640 4639/4639/4639 4666/4666/4666
f 4665/4665/4665 4666/4666/4666 4639/4639/4639
f 4639/4639/4639 4638/4638/4638 4665/4665/4665
f 4664/4664/4664 4665/4665/4665 4638/4638/4638
f 4665/4665/4665 4664/4664/4664 4680/4680/4680
f 4666/4666/4666 4665/4665/4665 4680/4680/4680
f 4667/4667/4667 4666/4666/4666 4680/4680/4680
f 4668/4668/4668 4667/4667/4667 4680/4680/4680
f 4669/4669/4669 4668/4668/4668 4680/4680/4680
f 4670/4670/4670 4669/4669/4669 4680/4680/4680
f 4671/4671/4671 4670/4670/4670 4680/4680/4680
f 4664/4664/4664 4663/4663/4663 4680/4680/4680
f 4663/4663/4663 4662/4662/4662 4680/4680/4680
f 4662/4662/4662 4661/4661/4661 4680/4680/4680
f 4661/4661/4661 4660/4660/4660 4680/4680/4680
f 4660/4660/4660 4659/4659/4659 4680/4680/4680
f 4659/4659/4659 4658/4658/4658 4680/4680/4680
f 4658/4658/4658 4657/4657/4657 4680/4680/4680
f 4657/4657/4657 4656/4656/4656 4680/4680/4680
f 4656/4656/4656 4655/4655/4655 4680/4680/4680
f 4655/4655/4655 4654/4654/4654 4680/4680/4680
f 4654/4654/4654 4679/4679/4679 4680/4680/4680
f 4679/4679/4679 4678/4678/4678 4680/4680/4680
f 4678/4678/4678 4677/4677/4677 4680/4680/4680
f 4677/4677/4677 4676/4676/4676 4680/4680/4680
f 4676/4676/4676 4675/4675/4675 4680/4680/4680
f 4675/4675/4675 4674/4674/4674 4680/4680/4680
f 4674/4674/4674 4673/4673/4673 4680/4680/4680
f 4673/4673/4673 4672/4672/4672 4680/4680/4680
f 4672/4672/4672 4671/4671/4671 4680/4680/4680
f 4682/4682/4682 4681/4681/4681 4683/4683/4683
f 4684/4684/4684 4683/4683/4683 4681/4681/4681
f 4683/4683/4683 4684/4684/4684 4685/4685/4685
f 4686/4686/4686 4685/4685/4685 4684/4684/4684
f 4685/4685/4685 4686/4686/4686 4687/4687/4687
f 4688/4688/4688 4687/4687/4687 4686/4686/4686
f 4687/4687/4687 4688/4688/4688 4689/4689/4689
f 4690/4690/4690 4689/4689/4689 4688/4688/4688
f 4689/4689/4689 4690/4690/4690 4691/4691/4691
f 4692/4692/4692 4691/4691/4691 4690/4690/4690
f 4691/4691/4691 4692/4692/4692 4693/4693/4693
f 4694/4694/4694 4693/4693/4693 4692/4692/4692
f 4693/4693/4693 4694/4694/4694 4695/4695/4695
f 4696/4696/4696 4695/4695/4695 4694/4694/4694
f 4695/4695/4695 4696/4696/4696 4697/4697/4697
f 4698/4698/4698 4697/4697/4697 4696/4696/4696
f 4697/4697/4697 4698/4698/4698 4699/4699/4699
f 4700/4700/4700 4699/4699/4699 4698/4698/4698
f 4699/4699/4699 4700/4700/4700 4701/4701/4701
f 4702/4702/4702 4701/4701/4701 4700/4700/4700
f 4701/4701/4701 4702/4702/4702 4703/4703/4703
f 4704/4704/4704 4703/4703/4703 4702/4702/4702
f 4703/4703/4703 4704/4704/4704 4705/4705/4705
f 4706/4706/4706 4705/4705/4705 4704/4704/4704
f 4705/4705/4705 4706/4706/4706 4707/4707/4707
f 4708/4708/4708 4707/4707/4707 4706/4706/4706
f 4707/4707/4707 4708/4708/4708 4709/4709/4709
f 4710/4710/4710 4709/4709/4709 4708/4708/4708
f 4709/4709/4709 4710/4710/4710 4711/4711/4711
f 4712/4712/4712 4711/4711/4711 4710/4710/4710
f 4711/4711/4711 4712/4712/4712 4713/4713/4713
f 4714/4714/4714 4713/4713/4713 4712/4712/4712
f 4713/4713/4713 4714/4714/4714 4715/4715/4715
f 4716/4716/4716 4715/4715/4715 4714/4714/4714
f 4715/4715/4715 4716/4716/4716 4717/4717/4717
f 4718/4718/4718 4717/4717/4717 4716/4716/4716
f 4717/4717/4717 4718/4718/4718 4719/4719/4719
f 4720/4720/4720 4719/4719/4719 4718/4718/4718
f 4719/4719/4719 4720/4720/4720 4721/4721/4721
f 4722/4722/4722 4721/4721/4721 4720/4720/4720
f 4721/4721/4721 4722/4722/4722 4723/4723/4723
f 4724/4724/4724 4723/4723/4723 4722/4722/4722
f 4723/4723/4723 4724/4724/4724 4725/4725/4725
f 4726/4726/4726 4725/4725/4725 4724/4724/4724
f 4725/4725/4725 4726/4726/4726 4727/4727/4727
f 4728/4728/4728 4727/4727/4727 4726/4726/4726
f 4727/4727/4727 4728/4728/4728 4729/4729/4729
f 4730/4730/4730 4729/4729/4729 4728/4728/4728
f 4729/4729/4729 4730/4730/4730 4731/4731/4731
f 4732/4732/4732 4731/4731/4731 4730/4730/4730
f 4731/4731/4731 4732/4732/4732 4682/4682/4682
f 4681/4681/4681 4682/4682/4682 4732/4732/4732
f 4721/4721/4721 4753/4753/4753 4719/4719/4719
f 4753/4753/4753 4721/4721/4721 4754/4754/4754
f 4723/4723/4723 4754/4754/4754 4721/4721/4721
f 4754/4754/4754 4723/4723/4723 4755/4755/4755
f 4725/4725/4725 4755/4755/4755 4723/4723/4723
f 4755/4755/4755 4725/4725/4725 4756/4756/4756
f 4727/4727/4727 4756/4756/4756 4725/4725/4725
f 4756/4756/4756 4727/4727/4727 4757/4757/4757
f 4729/4729/4729 4757/4757/4757 4727/4727/4727
f 4757/4757/4757 4729/4729/4729 4758/4758/4758
f 4731/4731/4731 4758/4758/4758 4729/4729/4729
f 4758/4758/4758 4731/4731/4731 4733/4733/4733
f 4682/4682/4682 4733/4733/4733 4731/4731/4731
f 4733/4733/4733 4682/4682/4682 4734/4734/4734
f 4683/4683/4683 4734/4734/4734 4682/4682/4682
f 4734/4734/4734 4683/4683/4683 4735/4735/4735
f 4685/4685/4685 4735/4735/4735 4683/4683/4683
f 4735/4735/4735 4685/4685/4685 4736/4736/4736
f 4687/4687/4687 4736/4736/4736 4685/4685/4685
f 4736/4736/4736 4687/4687/4687 4737/4737/4737
f 4689/4689/4689 4737/4737/4737 4687/4687/4687
f 4737/4737/4737 4689/4689/4689 4738/4738/4738
f 4691/4691/4691 4738/4738/4738 4689/4689/4689
f 4738/4738/4738 4691/4691/4691 4739/4739/4739
f 4693/4693/4693 4739/4739/4739 4691/4691/4691
f 4739/4739/4739 4693/4693/4693 4740/4740/4740
f 4695/4695/4695 4740/4740/4740 4693/4693/4693
f 4740/4740/4740 4695/4695/4695 4741/4741/4741
f 4697/4697/4697 4741/4741/4741 4695/4695/4695
f 4741/4741/4741 4697/4697/4697 4742/4742/4742
f 4699/4699/4699 4742/4742/4742 4697/4697/4697
f 4742/4742/4742 4699/4699/4699 4743/4743/4743
f 4701/4701/4701 4743/4743/4743 4699/4699/4699
f 4743/4743/4743 4701/4701/4701 4744/4744/4744
f 4703/4703/4703 4744/4744/4744 4701/4701/4701
f 4744/4744/4744 4703/4703/4703 4745/4745/4745
f 4705/4705/4705 4745/4745/4745 4703/4703/4703
f 4745/4745/4745 4705/4705/4705 4746/4746/4746
f 4707/4707/4707 4746/4746/4746 4705/4705/4705
f 4746/4746/4746 4707/4707/4707 4747/4747/4747
f 4709/4709/4709 4747/4747/4747 4707/4707/4707
f 4747/4747/4747 4709/4709/4709 4748/4748/4748
f 4711/4711/4711 4748/4748/4748 4709/4709/4709
f 4748/4748/4748 4711/4711/4711 4749/4749/4749
f 4713/4713/4713 4749/4749/4749 4711/4711/4711
f 4749/4749/4749 4713/4713/4713 4750/4750/4750
f 4715/4715/4715 4750/4750/4750 4713/4713/4713
f 4750/4750/4750 4715/4715/4715 4751/4751/4751
f 4717/4717/4717 4751/4751/4751 4715/4715/4715
f 4751/4751/4751 4717/4717/4717 4752/4752/4752
f 4719/4719/4719 4752/4752/4752 4717/4717/4717
f 4752/4752/4752 4719/4719/4719 4753/4753/4753
f 4747/4747/4747 4773/4773/4773 4746/4746/4746
f 4772/4772/4772 4746/4746/4746 4773/4773/4773
f 4773/4773/4773 4747/4747/4747 4774/4774/4774
f 4748/4748/4748 4774/4774/4774 4747/4747/4747
f 4774/4774/4774 4748/4748/4748 4775/4775/4775
f 4749/4749/4749 4775/4775/4775 4748/4748/4748
f 4775/4775/4775 4749/4749/4749 4776/4776/4776
f 4750/4750/4750 4776/4776/4776 4749/4749/4749
f 4776/4776/4776 4750/4750/4750 4777/4777/4777
f 4751/4751/4751 4777/4777/4777 4750/4750/4750
f 4777/4777/4777 4751/4751/4751 4778/4778/4778
f 4752/4752/4752 4778/4778/4778 4751/4751/4751
f 4778/4778/4778 4752/4752/4752 4779/4779/4779
f 4753/4753/4753 4779/4779/4779 4752/4752/4752
f 4779/4779/4779 4753/4753/4753 4780/4780/4780
f 4754/4754/4754 4780/4780/4780 4753/4753/4753
f 4780/4780/4780 4754/4754/4754 4781/4781/4781
f 4755/4755/4755 4781/4781/4781 4754/4754/4754
f 4781/4781/4781 4755/4755/4755 4782/4782/4782
f 4756/4756/4756 4782/4782/4782 4755/4755/4755
f 4782/4782/4782 4756/4756/4756 4783/4783/4783
f 4757/4757/4757 4783/4783/4783 4756/4756/4756
f 4783/4783/4783 4757/4757/4757 4784/4784/4784
f 4758/4758/4758 4784/4784/4784 4757/4757/4757
f 4784/4784/4784 4758/4758/4758 4759/4759/4759
f 4733/4733/4733 4759/4759/4759 4758/4758/4758
f 4759/4759/4759 4733/4733/4733 4760/4760/4760
f 4734/4734/4734 4760/4760/4760 4733/4733/4733
f 4760/4760/4760 4734/4734/4734 4761/4761/4761
f 4735/4735/4735 4761/4761/4761 4734/4734/4734
f 4761/4761/4761 4735/4735/4735 4762/4762/4762
f 4736/4736/4736 4762/4762/4762 4735/4735/4735
f 4762/4762/4762 4736/4736/4736 4763/4763/4763
f 4737/4737/4737 4763/4763/4763 4736/4736/4736
f 4763/4763/4763 4737/4737/4737 4764/4764/4764
f 4738/4738/4738 4764/4764/4764 4737/4737/4737
f 4764/4764/4764 4738/4738/4738 4765/4765/4765
f 4739/4739/4739 4765/4765/4765 4738/4738/4738
f 4765/4765/4765 4739/4739/4739 4766/4766/4766
f 4740/4740/4740 4766/4766/4766 4739/4739/4739
f 4766/4766/4766 4740/4740/4740 4767/4767/4767
f 4741/4741/4741 4767/4767/4767 4740/4740/4740
f 4767/4767/4767 4741/4741/4741 4768/4768/4768
f 4742/4742/4742 4768/4768/4768 4741/4741/4741
f 4768/4768/4768 4742/4742/4742 4769/4769/4769
f 4743/4743/4743 4769/4769/4769 4742/4742/4742
f 4769/4769/4769 4743/4743/4743 4770/4770/4770
f 4744/4744/4744 4770/4770/4770 4743/4743/4743
f 4770/4770/4770 4744/4744/4744 4771/4771/4771
f 4745/4745/4745 4771/4771/4771 4744/4744/4744
f 4771/4771/4771 4745/4745/4745 4772/4772/4772
f 4746/4746/4746 4772/4772/4772 4745/4745/4745
f 4766/4766/4766 4792/4792/4792 4765/4765/4765
f 4792/4792/4792 4766/4766/4766 4793/4793/4793
f 4767/4767/4767 4793/4793/4793 4766/4766/4766
f 4793/4793/4793 4767/4767/4767 4794/4794/4794
f 4768/4768/4768 4794/4794/4794 4767/4767/4767
f 4794/4794/4794 4768/4768/4768 4795/4795/4795
f 4769/4769/4769 4795/4795/4795 4768/4768/4768
f 4795/4795/4795 4769/4769/4769 4796/4796/4796
f 4770/4770/4770 4796/4796/4796 4769/4769/4769
f 4796/4796/4796 4770/4770/4770 4797/4797/4797
f 4771/4771/4771 4797/4797/4797 4770/4770/4770
f 4797/4797/4797 4771/4771/4771 4798/4798/4798
f 4772/4772/4772 4798/4798/4798 4771/4771/4771
f 4798/4798/4798 4772/4772/4772 4799/4799/4799
f 4773/4773/4773 4799/4799/4799 4772/4772/4772
f 4799/4799/4799 4773/4773/4773 4800/4800/4800
f 4774/4774/4774 4800/4800/4800 4773/4773/4773
f 4800/4800/4800 4774/4774/4774 4801/4801/4801
f 4775/4775/4775 4801/4801/4801 4774/4774/4774
f 4801/4801/4801 4775/4775/4775 4802/4802/4802
f 4776/4776/4776 4802/4802/4802 4775/4775/4775
f 4802/4802/4802 4776/4776/4776 4803/4803/4803
f 4777/4777/4777 4803/4803/4803 4776/4776/4776
f 4803/4803/4803 4777/4777/4777 4804/4804/4804
f 4778/4778/4778 4804/4804/4804 4777/4777/4777
f 4804/4804/4804 4778/4778/4778 4805/4805/4805
f 4779/4779/4779 4805/4805/4805 4778/4778/4778
f 4805/4805/4805 4779/4779/4779 4806/4806/4806
f 4780/4780/4780 4806/4806/4806 4779/4779/4779
f 4806/4806/4806 4780/4780/4780 4807/4807/4807
f 4781/4781/4781 4807/4807/4807 4780/4780/4780
f 4807/4807/4807 4781/4781/4781 4808/4808/4808
f 4782/4782/4782 4808/4808/4808 4781/4781/4781
f 4808/4808/4808 4782/4782/4782 4809/4809/4809
f 4783/4783/4783 4809/4809/4809 4782/4782/4782
f 4809/4809/4809 4783/4783/4783 4810/4810/4810
f 4784/4784/4784 4810/4810/4810 4783/4783/4783
f 4810/4810/4810 4784/4784/4784 4785/4785/4785
f 4759/4759/4759 4785/4785/4785 4784/4784/4784
f 4785/4785/4785 4759/4759/4759 4786/4786/4786
f 4760/4760/4760 4786/4786/4786 4759/4759/4759
f 4786/4786/4786 4760/4760/4760 4787/4787/4787
f 4761/4761/4761 4787/4787/4787 4760/4760/4760
f 4787/4787/4787 4761/4761/4761 4788/4788/4788
f 4762/4762/4762 4788/4788/4788 4761/4761/4761
f 4788/4788/4788 4762/4762/4762 4789/4789/4789
f 4763/4763/4763 4789/4789/4789 4762/4762/4762
f 4789/4789/4789 4763/4763/4763 4790/4790/4790
f 4764/4764/4764 4790/4790/4790 4763/4763/4763
f 4790/4790/4790 4764/4764/4764 4791/4791/4791
f 4765/4765/4765 4791/4791/4791 4764/4764/4764
f 4791/4791/4791 4765/4765/4765 4792/4792/4792
f 4786/4786/4786 4812/4812/4812 4785/4785/4785
f 4811/4811/4811 4785/4785/4785 4812/4812/4812
f 4812/4812/4812 4786/4786/4786 4813/4813/4813
f 4787/4787/4787 4813/4813/4813 4786/4786/4786
f 4813/4813/4813 4787/4787/4787 4814/4814/4814
f 4788/4788/4788 4814/4814/4814 4787/4787/4787
f 4814/4814/4814 4788/4788/4788 4815/4815/4815
f 4789/4789/4789 4815/4815/4815 4788/4788/4788
f 4815/4815/4815 4789/4789/4789 4816/4816/4816
f 4790/4790/4790 4816/4816/4816 4789/4789/4789
f 4816/4816/4816 4790/4790/4790 4817/4817/4817
f 4791/4791/4791 4817/4817/4817 4790/4790/4790
f 4817/4817/4817 4791/4791/4791 4818/4818/4818
f 4792/4792/4792 4818/4818/4818 4791/4791/4791
f 4818/4818/4818 4792/4792/4792 4819/4819/4819
f 4793/4793/4793 4819/4819/4819 4792/4792/4792
f 4819/4819/4819 4793/4793/4793 4820/4820/4820
f 4794/4794/4794 4820/4820/4820 4793/4793/4793
f 4820/4820/4820 4794/4794/4794 4821/4821/4821
f 4795/4795/4795 4821/4821/4821 4794/4794/4794
f 4821/4821/4821 4795/4795/4795 4822/4822/4822
f 4796/4796/4796 4822/4822/4822 4795/4795/4795
f 4822/4822/4822 4796/4796/4796 4823/4823/4823
f 4797/4797/4797 4823/4823/4823 4796/4796/4796
f 4823/4823/4823 4797/4797/4797 4824/4824/4824
f 4798/4798/4798 4824/4824/4824 4797/4797/4797
f 4824/4824/4824 4798/4798/4798 4825/4825/4825
f 4799/4799/4799 4825/4825/4825 4798/4798/4798
f 4825/4825/4825 4799/4799/4799 4826/4826/4826
f 4800/4800/4800 4826/4826/4826 4799/4799/4799
f 4826/4826/4826 4800/4800/4800 4827/4827/4827
f 4801/4801/4801 4827/4827/4827 4800/4800/4800
f 4827/4827/4827 4801/4801/4801 4828/4828/4828
f 4802/4802/4802 4828/4828/4828 4801/4801/4801
f 4828/4828/4828 4802/4802/4802 4829/4829/4829
f 4803/4803/4803 4829/4829/4829 4802/4802/4802
f 4829/4829/4829 4803/4803/4803 4830/4830/4830
f 4804/4804/4804 4830/4830/4830 4803/4803/4803
f 4830/4830/4830 4804/4804/4804 4831/4831/4831
f 4805/4805/4805 4831/4831/4831 4804/4804/4804
f 4831/4831/4831 4805/4805/4805 4832/4832/4832
f 4806/4806/4806 4832/4832/4832 4805/4805/4805
f 4832/4832/4832 4806/4806/4806 4833/4833/4833
f 4807/4807/4807 4833/4833/4833 4806/4806/4806
f 4833/4833/4833 4807/4807/4807 4834/4834/4834
f 4808/4808/4808 4834/4834/4834 4807/4807/4807
f 4834/4834/4834 4808/4808/4808 4835/4835/4835
f 4809/4809/4809 4835/4835/4835 4808/4808/4808
f 4835/4835/4835 4809/4809/4809 4836/4836/4836
f 4810/4810/4810 4836/4836/4836 4809/4809/4809
f 4836/4836/4836 4810/4810/4810 4811/4811/4811
f 4785/4785/4785 4811/4811/4811 4810/4810/4810
f 4831/4831/4831 4857/4857/4857 4830/4830/4830
f 4857/4857/4857 4831/4831/4831 4858/4858/4858
f 4832/4832/4832 4858/4858/4858 4831/4831/4831
f 4858/4858/4858 4832/4832/4832 4859/4859/4859
f 4833/4833/4833 4859/4859/4859 4832/4832/4832
f 4859/4859/4859 4833/4833/4833 4860/4860/4860
f 4834/4834/4834 4860/4860/4860 4833/4833/4833
f 4860/4860/4860 4834/4834/4834 4861/4861/4861
f 4835/4835/4835 4861/4861/4861 4834/4834/4834
f 4861/4861/4861 4835/4835/4835 4862/4862/4862
f 4836/4836/4836 4862/4862/4862 4835/4835/4835
f 4862/4862/4862 4836/4836/4836 4837/4837/4837
f 4811/4811/4811 4837/4837/4837 4836/4836/4836
f 4837/4837/4837 4811/4811/4811 4838/4838/4838
f 4812/4812/4812 4838/4838/4838 4811/4811/4811
f 4838/4838/4838 4812/4812/4812 4839/4839/4839
f 4813/4813/4813 4839/4839/4839 4812/4812/4812
f 4839/4839/4839 4813/4813/4813 4840/4840/4840
f 4814/4814/4814 4840/4840/4840 4813/4813/4813
f 4840/4840/4840 4814/4814/4814 4841/4841/4841
f 4815/4815/4815 4841/4841/4841 4814/4814/4814
f 4841/4841/4841 4815/4815/4815 4842/4842/4842
f 4816/4816/4816 4842/4842/4842 4815/4815/4815
f 4842/4842/4842 4816/4816/4816 4843/4843/4843
f 4817/4817/4817 4843/4843/4843 4816/4816/4816
f 4843/4843/4843 4817/4817/4817 4844/4844/4844
f 4818/4818/4818 4844/4844/4844 4817/4817/4817
f 4844/4844/4844 4818/4818/4818 4845/4845/4845
f 4819/4819/4819 4845/4845/4845 4818/4818/4818
f 4845/4845/4845 4819/4819/4819 4846/4846/4846
f 4820/4820/4820 4846/4846/4846 4819/4819/4819
f 4846/4846/4846 4820/4820/4820 4847/4847/4847
f 4821/4821/4821 4847/4847/4847 4820/4820/4820
f 4847/4847/4847 4821/4821/4821 4848/4848/4848
f 4822/4822/4822 4848/4848/4848 4821/4821/4821
f 4848/4848/4848 4822/4822/4822 4849/4849/4849
f 4823/4823/4823 4849/4849/4849 4822/4822/4822
f 4849/4849/4849 4823/4823/4823 4850/4850/4850
f 4824/4824/4824 4850/4850/4850 4823/4823/4823
f 4850/4850/4850 4824/4824/4824 4851/4851/4851
f 4825/4825/4825 4851/4851/4851 4824/4824/4824
f 4851/4851/4851 4825/4825/4825 4852/4852/4852
f 4826/4826/4826 4852/4852/4852 4825/4825/4825
f 4852/4852/4852 4826/4826/4826 4853/4853/4853
f 4827/4827/4827 4853/4853/4853 4826/4826/4826
f 4853/4853/4853 4827/4827/4827 4854/4854/4854
f 4828/4828/4828 4854/4854/4854 4827/4827/4827
f 4854/4854/4854 4828/4828/4828 4855/4855/4855
f 4829/4829/4829 4855/4855/4855 4828/4828/4828
f 4855/4855/4855 4829/4829/4829 4856/4856/4856
f 4830/4830/4830 4856/4856/4856 4829/4829/4829
f 4856/4856/4856 4830/4830/4830 4857/4857/4857
f 4851/4851/4851 4877/4877/4877 4850/4850/4850
f 4876/4876/4876 4850/4850/4850 4877/4877/4877
f 4877/4877/4877 4851/4851/4851 4878/4878/4878
f 4852/4852/4852 4878/4878/4878 4851/4851/4851
f 4878/4878/4878 4852/4852/4852 4879/4879/4879
f 4853/4853/4853 4879/4879/4879 4852/4852/4852
f 4879/4879/4879 4853/4853/4853 4880/4880/4880
f 4854/4854/4854 4880/4880/4880 4853/4853/4853
f 4880/4880/4880 4854/4854/4854 4881/4881/4881
f 4855/4855/4855 4881/4881/4881 4854/4854/4854
f 4881/4881/4881 4855/4855/4855 4882/4882/4882
f 4856/4856/4856 4882/4882/4882 4855/4855/4855
f 4882/4882/4882 4856/4856/4856 4883/4883/4883
f 4857/4857/4857 4883/4883/4883 4856/4856/4856
f 4883/4883/4883 4857/4857/4857 4884/4884/4884
f 4858/4858/4858 4884/4884/4884 4857/4857/4857
f 4884/4884/4884 4858/4858/4858 4885/4885/4885
f 4859/4859/4859 4885/4885/4885 4858/4858/4858
f 4885/4885/4885 4859/4859/4859 4886/4886/4886
f 4860/4860/4860 4886/4886/4886 4859/4859/4859
f 4886/4886/4886 4860/4860/4860 4887/4887/4887
f 4861/4861/4861 4887/4887/4887 4860/4860/4860
f 4887/4887/4887 4861/4861/4861 4888/4888/4888
f 4862/4862/4862 4888/4888/4888 4861/4861/4861
f 4888/4888/4888 4862/4862/4862 4863/4863/4863
f 4837/4837/4837 4863/4863/4863 4862/4862/4862
f 4863/4863/4863 4837/4837/4837 4864/4864/4864
f 4838/4838/4838 4864/4864/4864 4837/4837/4837
f 4864/4864/4864 4838/4838/4838 4865/4865/4865
f 4839/4839/4839 4865/4865/4865 4838/4838/4838
f 4865/4865/4865 4839/4839/4839 4866/4866/4866
f 4840/4840/4840 4866/4866/4866 4839/4839/4839
f 4866/4866/4866 4840/4840/4840 4867/4867/4867
f 4841/4841/4841 4867/4867/4867 4840/4840/4840
f 4867/4867/4867 4841/4841/4841 4868/4868/4868
f 4842/4842/4842 4868/4868/4868 4841/4841/4841
f 4868/4868/4868 4842/4842/4842 4869/4869/4869
f 4843/4843/4843 4869/4869/4869 4842/4842/4842
f 4869/4869/4869 4843/4843/4843 4870/4870/4870
f 4844/4844/4844 4870/4870/4870 4843/4843/4843
f 4870/4870/4870 4844/4844/4844 4871/4871/4871
f 4845/4845/4845 4871/4871/4871 4844/4844/4844
f 4871/4871/4871 4845/4845/4845 4872/4872/4872
f 4846/4846/4846 4872/4872/4872 4845/4845/4845
f 4872/4872/4872 4846/4846/4846 4873/4873/4873
f 4847/4847/4847 4873/4873/4873 4846/4846/4846
f 4873/4873/4873 4847/4847/4847 4874/4874/4874
f 4848/4848/4848 4874/4874/4874 4847/4847/4847
f 4874/4874/4874 4848/4848/4848 4875/4875/4875
f 4849/4849/4849 4875/4875/4875 4848/4848/4848
f 4875/4875/4875 4849/4849/4849 4876/4876/4876
f 4850/4850/4850 4876/4876/4876 4849/4849/4849
f 4870/4870/4870 4896/4896/4896 4869/4869/4869
f 4896/4896/4896 4870/4870/4870 4897/4897/4897
f 4871/4871/4871 4897/4897/4897 4870/4870/4870
f 4897/4897/4897 4871/4871/4871 4898/4898/4898
f 4872/4872/4872 4898/4898/4898 4871/4871/4871
f 4898/4898/4898 4872/4872/4872 4899/4899/4899
f 4873/4873/4873 4899/4899/4899 4872/4872/4872
f 4899/4899/4899 4873/4873/4873 4900/4900/4900
f 4874/4874/4874 4900/4900/4900 4873/4873/4873
f 4900/4900/4900 4874/4874/4874 4901/4901/4901
f 4875/4875/4875 4901/4901/4901 4874/4874/4874
f 4901/4901/4901 4875/4875/4875 4902/4902/4902
f 4876/4876/4876 4902/4902/4902 4875/4875/4875
f 4902/4902/4902 4876/4876/4876 4903/4903/4903
f 4877/4877/4877 4903/4903/4903 4876/4876/4876
f 4903/4903/4903 4877/4877/4877 4904/4904/4904
f 4878/4878/4878 4904/4904/4904 4877/4877/4877
f 4904/4904/4904 4878/4878/4878 4905/4905/4905
f 4879/4879/4879 4905/4905/4905 4878/4878/4878
f 4905/4905/4905 4879/4879/4879 4906/4906/4906
f 4880/4880/4880 4906/4906/4906 4879/4879/4879
f 4906/4906/4906 4880/4880/4880 4907/4907/4907
f 4881/4881/4881 4907/4907/4907 4880/4880/4880
f 4907/4907/4907 4881/4881/4881 4908/4908/4908
f 4882/4882/4882 4908/4908/4908 4881/4881/4881
f 4908/4908/4908 4882/4882/4882 4909/4909/4909
f 4883/4883/4883 4909/4909/4909 4882/4882/4882
f 4909/4909/4909 4883/4883/4883 4910/4910/4910
f 4884/4884/4884 4910/4910/4910 4883/4883/4883
f 4910/4910/4910 4884/4884/4884 4911/4911/4911
f 4885/4885/4885 4911/4911/4911 4884/4884/4884
f 4911/4911/4911 4885/4885/4885 4912/4912/4912
f 4886/4886/4886 4912/4912/4912 4885/4885/4885
f 4912/4912/4912 4886/4886/4886 4913/4913/4913
f 4887/4887/4887 4913/4913/4913 4886/4886/4886
f 4913/4913/4913 4887/4887/4887 4914/4914/4914
f 4888/4888/4888 4914/4914/4914 4887/4887/4887
f 4914/4914/4914 4888/4888/4888 4889/4889/4889
f 4863/4863/4863 4889/4889/4889 4888/4888/4888
f 4889/4889/4889 4863/4863/4863 4890/4890/4890
f 4864/4864/4864 4890/4890/4890 4863/4863/4863
f 4890/4890/4890 4864/4864/4864 4891/4891/4891
f 4865/4865/4865 4891/4891/4891 4864/4864/4864
f 4891/4891/4891 4865/4865/4865 4892/4892/4892
f 4866/4866/4866 4892/4892/4892 4865/4865/4865
f 4892/4892/4892 4866/4866/4866 4893/4893/4893
f 4867/4867/4867 4893/4893/4893 4866/4866/4866
f 4893/4893/4893 4867/4867/4867 4894/4894/4894
f 4868/4868/4868 4894/4894/4894 4867/4867/4867
f 4894/4894/4894 4868/4868/4868 4895/4895/4895
f 4869/4869/4869 4895/4895/4895 4868/4868/4868
f 4895/4895/4895 4869/4869/4869 4896/4896/4896
f 4889/4889/4889 4890/4890/4890 4915/4915/4915
f 4890/4890/4890 4891/4891/4891 4915/4915/4915
f 4891/4891/4891 4892/4892/4892 4915/4915/4915
f 4892/4892/4892 4893/4893/4893 4915/4915/4915
f 4893/4893/4893 4894/4894/4894 4915/4915/4915
f 4894/4894/4894 4895/4895/4895 4915/4915/4915
f 4895/4895/4895 4896/4896/4896 4915/4915/4915
f 4896/4896/4896 4897/4897/4897 4915/4915/4915
f 4897/4897/4897 4898/4898/4898 4915/4915/4915
f 4898/4898/4898 4899/4899/4899 4915/4915/4915
f 4899/4899/4899 4900/4900/4900 4915/4915/4915
f 4900/4900/4900 4901/4901/4901 4915/4915/4915
f 4901/4901/4901 4902/4902/4902 4915/4915/4915
f 4902/4902/4902 4903/4903/4903 4915/4915/4915
f 4903/4903/4903 4904/4904/4904 4915/4915/4915
f 4904/4904/4904 4905/4905/4905 4915/4915/4915
f 4905/4905/4905 4906/4906/4906 4915/4915/4915
f 4906/4906/4906 4907/4907/4907 4915/4915/4915
f 4907/4907/4907 4908/4908/4908 4915/4915/4915
f 4908/4908/4908 4909/4909/4909 4915/4915/4915
f 4909/4909/4909 4910/4910/4910 4915/4915/4915
f 4910/4910/4910 4911/4911/4911 4915/4915/4915
f 4911/4911/4911 4912/4912/4912 4915/4915/4915
f 4912/4912/4912 4913/4913/4913 4915/4915/4915
f 4913/4913/4913 4914/4914/4914 4915/4915/4915
f 4914/4914/4914 4889/4889/4889 4915/4915/4915
g Box001
v 8.009787 2.742638 -2.400606
v 8.050763 2.691109 -2.426192
v 8.021225 2.789384 -2.449136
v 8.081551 2.741057 -2.455063
v 8.027746 2.821378 -2.522495
v 8.088777 2.764524 -2.521722
v 8.02175 2.838075 -2.614312
v 8.091519 2.777636 -2.61016
v 8.040725 2.817502 -2.822739
v 8.101258 2.770424 -2.82522
v 7.970027 2.696204 -2.367063
v 8.001278 2.696293 -2.370758
v 7.943899 2.776553 -2.369206
v 8.020206 2.768095 -2.395116
v 7.934121 2.833482 -2.450991
v 8.017887 2.810379 -2.474031
v 7.931942 2.8517 -2.529614
v 8.012465 2.837489 -2.530776
v 7.898693 2.8409 -2.688179
v 7.993074 2.843281 -2.675259
v 7.890694 2.778525 -2.800201
v 7.992928 2.818455 -2.756289
v 7.84435 2.665452 -2.408483
v 7.934796 2.692177 -2.390701
v 7.824669 2.751305 -2.41311
v 7.938092 2.796627 -2.396635
v 7.829711 2.794701 -2.472087
v 7.956371 2.851894 -2.470399
v 7.833016 2.794775 -2.549132
v 7.964302 2.859414 -2.558889
v 7.791872 2.7549 -2.635823
v 7.919019 2.836488 -2.64515
v 7.804697 2.720796 -2.749619
v 7.928768 2.779854 -2.787565
v 7.741318 2.728031 -2.945727
v 7.803806 2.757592 -2.951248
v 7.808954 2.636169 -2.422413
v 7.901043 2.700648 -2.383222
v 7.806643 2.669358 -2.467871
v 7.869052 2.782819 -2.407462
v 7.792748 2.733201 -2.517654
v 7.85816 2.81271 -2.498614
v 7.781164 2.749638 -2.621146
v 7.852347 2.819523 -2.616002
v 7.780003 2.711972 -2.737029
v 7.854709 2.785926 -2.737196
v 7.763743 2.704765 -2.820334
v 7.837358 2.758147 -2.844383
v 7.768841 2.725411 -2.92238
v 7.780823 2.745331 -2.935792
v 7.862108 2.687156 -2.425269
v 7.961897 2.695975 -2.378652
v 7.842349 2.719542 -2.427401
v 7.969198 2.750693 -2.37019
v 7.866042 2.802321 -2.414764
v 7.966119 2.824923 -2.41931
v 7.852281 2.829791 -2.512584
v 7.971346 2.863794 -2.507828
v 7.866183 2.828173 -2.661733
v 7.963877 2.862803 -2.66079
v 7.897416 2.761394 -2.820923
v 7.994766 2.79703 -2.809553
v 8.022445 2.69418 -2.369123
v 8.062078 2.656063 -2.366964
v 8.062277 2.744147 -2.405613
v 8.081451 2.67189 -2.44662
v 8.071918 2.770992 -2.522682
v 8.128375 2.67857 -2.562906
v 8.083221 2.782366 -2.637177
v 8.132895 2.69042 -2.672229
v 8.117677 2.79217 -2.878199
v 8.174982 2.741176 -2.886131
v 7.991063 2.732559 -2.372136
v 8.050703 2.693644 -2.411257
v 7.991643 2.799973 -2.430007
v 8.067719 2.76105 -2.449052
v 7.975767 2.850924 -2.515179
v 8.055722 2.810881 -2.527465
v 7.966295 2.856595 -2.673323
v 8.04438 2.829859 -2.66208
v 7.965189 2.785862 -2.8061
v 8.039104 2.795219 -2.795122
v 7.818917 2.601583 -2.479125
v 7.848466 2.681879 -2.376975
v 7.789598 2.673976 -2.552496
v 7.818129 2.747033 -2.475211
v 7.745949 2.702896 -2.671687
v 7.844716 2.811311 -2.625657
v 7.68181 2.663335 -2.810326
v 7.807309 2.740978 -2.792142
v 7.703762 2.687988 -2.859889
v 7.715821 2.697222 -2.840505
v 7.816334 2.750147 -2.524526
v 7.817548 2.744465 -2.666732
v 7.76728 2.631961 -2.65233
v 7.754565 2.665203 -2.748384
v 7.776076 2.571713 -2.675966
v 7.695213 2.599915 -2.755519
v 7.746137 2.504222 -2.695345
v 7.668965 2.506549 -2.794648
v 7.708299 2.362669 -2.692997
v 7.699923 2.353245 -2.740947
v 8.112916 2.741276 -2.712187
v 8.105746 2.717818 -2.618433
v 8.192864 2.66706 -2.732418
v 8.160205 2.640222 -2.663389
v 8.216127 2.564446 -2.740643
v 8.162273 2.551787 -2.657525
v 8.210867 2.476503 -2.756112
v 8.158677 2.473865 -2.659792
v 8.181417 2.396397 -2.742871
v 8.149245 2.40197 -2.644142
v 8.018283 2.798162 -2.726599
v 8.057452 2.75644 -2.660737
v 8.095383 2.75429 -2.789521
v 8.127944 2.704426 -2.723699
v 8.200498 2.72438 -2.828332
v 8.189665 2.671931 -2.753769
v 8.293315 2.668201 -2.849158
v 8.232097 2.625615 -2.760167
v 8.349023 2.577424 -2.864885
v 8.261564 2.558864 -2.77846
v 8.329287 2.449187 -2.836468
v 8.241027 2.447211 -2.767465
v 7.87839 2.822224 -2.721397
v 7.950467 2.837566 -2.665787
v 7.961759 2.797598 -2.837183
v 8.033628 2.79631 -2.779493
v 8.082566 2.76861 -2.889313
v 8.138385 2.728209 -2.821911
v 8.195278 2.720684 -2.915056
v 8.235682 2.687692 -2.835639
v 8.319344 2.664934 -2.926658
v 8.351057 2.615933 -2.841612
v 7.84646 2.752608 -2.721083
v 7.892859 2.801196 -2.782128
v 7.759101 2.680799 -2.780354
v 7.811291 2.729653 -2.84414
v 7.676871 2.63598 -2.810552
v 7.711086 2.690539 -2.877323
v 7.578533 2.580725 -2.828351
v 7.571308 2.585885 -2.852621
v 7.790661 2.745544 -2.714971
v 7.795328 2.743532 -2.838024
v 7.746233 2.644983 -2.733459
v 7.688772 2.695057 -2.831631
v 7.697489 2.55174 -2.744719
v 7.604378 2.60276 -2.828258
v 7.691119 2.425045 -2.759902
v 7.589439 2.463064 -2.814197
v 7.782371 2.536934 -2.449419
v 7.784298 2.564178 -2.528495
v 7.782719 2.384857 -2.495328
v 7.761216 2.406298 -2.586271
v 7.809096 2.303252 -2.527113
v 7.781561 2.32478 -2.634305
v 7.865996 2.235861 -2.533556
v 7.82965 2.261835 -2.624943
v 7.92837 2.13554 -2.5227
v 7.919437 2.137202 -2.540892
v 7.850076 2.446059 -2.430648
v 7.768009 2.487154 -2.497962
v 7.844936 2.358304 -2.444747
v 7.761097 2.37427 -2.534545
v 7.864121 2.286061 -2.471655
v 7.780097 2.313062 -2.575573
v 7.906745 2.201039 -2.457137
v 7.858068 2.239403 -2.548545
v 7.986438 2.385189 -2.356732
v 7.903269 2.385279 -2.359789
v 7.977918 2.282299 -2.333196
v 7.911274 2.277804 -2.340447
v 7.977186 2.148622 -2.380444
v 7.936034 2.158794 -2.394912
v 7.980082 2.053056 -2.416088
v 7.951896 2.059827 -2.411474
v 8.031122 2.379761 -2.372477
v 7.949867 2.377044 -2.345903
v 8.049728 2.320246 -2.349322
v 7.959119 2.30833 -2.317907
v 7.99755 2.207959 -2.383114
v 7.960885 2.213367 -2.343278
v 7.98408 2.060013 -2.458039
v 7.957094 2.071486 -2.437741
v 8.061199 2.359491 -2.401845
v 7.986755 2.347752 -2.321248
v 8.077024 2.320295 -2.428663
v 8.002111 2.291169 -2.32617
v 8.006201 2.214183 -2.458405
v 7.990311 2.203083 -2.38093
v 7.996306 2.115542 -2.491471
v 7.981188 2.125288 -2.433578
v 8.126757 2.36887 -2.522961
v 8.102857 2.370545 -2.469529
v 8.126777 2.315438 -2.513945
v 8.098632 2.323127 -2.467231
v 8.06826 2.262902 -2.499364
v 8.049466 2.272227 -2.451012
v 8.009643 2.221017 -2.500208
v 8.007872 2.220537 -2.450978
v 8.17061 2.463456 -2.584219
v 8.131746 2.46615 -2.46004
v 8.169609 2.39741 -2.570445
v 8.129539 2.381933 -2.499766
v 8.164631 2.333709 -2.550887
v 8.141436 2.332246 -2.502688
v 8.147435 2.280822 -2.550334
v 8.116824 2.282448 -2.501592
v 8.071386 2.243583 -2.547657
v 8.054735 2.240134 -2.497727
v 8.003133 2.199081 -2.525568
v 8.002411 2.202177 -2.502932
v 7.87673 2.353635 -2.390603
v 7.830794 2.376126 -2.502391
v 7.884259 2.280199 -2.42731
v 7.850431 2.287996 -2.528134
v 7.918647 2.211659 -2.45449
v 7.890992 2.226723 -2.507217
v 8.14348 2.715623 -2.749936
v 8.082289 2.770046 -2.729523
v 7.795036 2.590265 -2.48836
v 7.782572 2.601765 -2.579713
v 7.759244 2.506722 -2.664376
v 7.778972 2.489664 -2.543036
v 7.754986 2.418301 -2.694917
v 7.75388 2.398661 -2.537266
v 7.751991 2.320682 -2.665438
v 7.782132 2.310324 -2.55837
v 7.828861 2.231221 -2.572696
v 7.856914 2.20578 -2.521391
v 7.940178 2.138427 -2.440755
v 7.917283 2.157983 -2.496038
v 7.957979 2.106168 -2.44281
v 7.927857 2.120017 -2.520638
v 7.926888 2.350934 -2.322497
v 7.866064 2.363066 -2.408332
v 7.868163 2.286033 -2.433712
v 7.924771 2.281533 -2.333025
v 7.904576 2.20096 -2.461821
v 7.947982 2.188084 -2.394587
v 7.930294 2.102973 -2.431275
v 7.967858 2.08836 -2.37531
v 8.114643 2.368004 -2.473756
v 8.045013 2.356789 -2.369706
v 8.032734 2.293844 -2.387078
v 8.090845 2.290304 -2.46809
v 7.99982 2.209181 -2.387528
v 8.028802 2.189624 -2.457773
v 7.985438 2.109578 -2.39635
v 8.013515 2.083674 -2.443866
v 7.942381 2.380251 -2.346905
v 7.888886 2.365264 -2.378675
v 7.908453 2.265826 -2.350873
v 7.960479 2.284103 -2.337497
v 7.937184 2.11688 -2.442015
v 7.971586 2.125049 -2.440464
v 7.926114 2.070212 -2.464263
v 7.966473 2.078132 -2.463517
v 8.033836 2.369943 -2.35822
v 7.984292 2.358562 -2.344459
v 7.978252 2.253158 -2.374196
v 8.00124 2.248059 -2.385968
v 7.972414 2.176639 -2.43134
v 7.991127 2.165935 -2.443897
v 7.952615 2.112863 -2.462704
v 7.973552 2.103209 -2.484462
v 7.903114 2.353583 -2.336876
v 7.851891 2.354592 -2.453348
v 7.837297 2.299315 -2.486767
v 7.886921 2.290103 -2.384659
v 7.880407 2.215673 -2.494336
v 7.920005 2.197024 -2.42848
v 7.909416 2.118196 -2.46984
v 7.94381 2.100357 -2.401069
v 8.28657 2.329958 -2.807835
v 8.195827 2.328057 -2.738123
v 7.688389 2.292206 -2.741362
v 7.615967 2.316272 -2.796827
v 8.130082 2.548754 -2.416769
v 8.142464 2.587074 -2.507611
v 8.163876 2.410953 -2.602789
v 8.147511 2.389261 -2.476702
v 8.147686 2.314682 -2.679206
v 8.121078 2.297334 -2.507147
v 8.077938 2.231787 -2.645103
v 8.028848 2.219233 -2.513967
v 8.00518 2.123076 -2.545432
v 7.990144 2.122721 -2.514766
v 8.101865 2.483791 -2.405446
v 8.166036 2.532248 -2.47184
v 8.162904 2.372573 -2.550428
v 8.092458 2.354281 -2.442861
v 8.157195 2.288672 -2.570265
v 8.045282 2.28168 -2.459283
v 8.041335 2.204569 -2.530557
v 8.000318 2.193717 -2.441966
v 8.075344 2.35738 -2.390105
v 8.118864 2.375646 -2.503989
v 8.072461 2.288655 -2.508442
v 8.029684 2.281369 -2.392965
v 8.004638 2.221045 -2.495574
v 7.994773 2.205663 -2.440742
v 8.136131 2.585205 -2.464534
v 8.128904 2.590594 -2.564634
v 8.163947 2.506031 -2.640624
v 8.160858 2.509317 -2.490114
v 8.156605 2.41679 -2.679456
v 8.168587 2.398172 -2.522472
v 8.15429 2.325726 -2.689155
v 8.141607 2.309379 -2.546719
v 8.062919 2.201534 -2.611186
v 8.029018 2.190727 -2.527503
v 7.993245 2.14921 -2.497046
v 7.981516 2.13366 -2.451649
v 7.997121 2.100155 -2.518243
v 7.965706 2.099427 -2.443694
v 7.894433 2.320875 -2.351251
v 7.951051 2.337197 -2.322833
v 7.892468 2.767198 -2.91692
v 7.990233 2.794933 -2.908546
v 7.855954 2.76849 -3.015026
v 7.954402 2.79148 -3.0098
v 7.892733 2.675568 -2.396928
v 8.009716 2.679086 -2.380562
v 8.013721 2.771251 -2.363166
v 7.897379 2.763262 -2.368323
v 8.018676 2.833412 -2.405538
v 7.901473 2.830454 -2.406976
v 8.00596 2.863334 -2.499141
v 7.890439 2.850708 -2.503897
v 7.997779 2.864514 -2.656067
v 7.901922 2.848744 -2.656131
v 7.998005 2.802388 -2.803976
v 7.903882 2.790883 -2.812255
v 7.990636 2.798777 -2.906358
v 7.896541 2.789354 -2.914266
v 8.014893 2.799216 -3.018936
v 7.920214 2.793826 -3.024162
v 7.932039 2.698311 -2.392975
v 8.046139 2.672153 -2.399739
v 8.078959 2.724973 -2.401133
v 7.970777 2.783245 -2.367362
v 8.096877 2.789863 -2.430844
v 7.979434 2.842155 -2.413235
v 8.107285 2.818441 -2.506957
v 7.97703 2.858245 -2.505425
v 8.079545 2.825009 -2.663408
v 7.983891 2.858319 -2.657792
v 8.031042 2.800228 -2.795887
v 7.944978 2.816972 -2.807447
v 8.001017 2.805594 -2.893805
v 7.92252 2.826642 -2.903139
v 8.004934 2.791118 -3.005323
v 7.915515 2.831878 -3.005794
v 7.974877 2.702039 -2.383207
v 8.047177 2.672055 -2.39204
v 8.079288 2.674376 -2.409852
v 8.02475 2.764453 -2.375775
v 8.116394 2.730406 -2.443696
v 8.048913 2.799283 -2.434391
v 8.124499 2.750134 -2.52703
v 8.054541 2.829419 -2.51979
v 8.112078 2.76881 -2.669242
v 8.033645 2.84816 -2.654756
v 8.056587 2.803761 -2.801997
v 7.980596 2.851029 -2.795912
v 8.026845 2.774446 -2.890572
v 7.958605 2.842676 -2.890876
v 8.066686 2.773679 -3.010986
v 7.982426 2.807394 -3.011458
v 7.810167 2.623848 -2.41991
v 7.882696 2.680148 -2.397941
v 7.880116 2.756566 -2.393536
v 7.801238 2.669372 -2.427492
v 7.874695 2.834357 -2.436207
v 7.792667 2.711378 -2.444051
v 7.900578 2.872901 -2.524349
v 7.795862 2.759008 -2.54558
v 7.925467 2.877863 -2.678737
v 7.834113 2.783108 -2.711873
v 7.949673 2.819976 -2.812171
v 7.879437 2.755507 -2.842708
v 7.933582 2.812279 -2.89771
v 7.86514 2.769125 -2.922822
v 7.893641 2.837643 -2.996868
v 7.81632 2.789392 -3.015294
v 8.022945 2.849937 -2.721087
v 8.054571 2.79682 -2.657287
v 8.107255 2.732748 -2.706845
v 8.082239 2.802802 -2.770534
v 8.157217 2.668303 -2.713605
v 8.175642 2.729305 -2.785895
v 8.192195 2.6232 -2.713363
v 8.25574 2.658045 -2.772995
v 8.216558 2.525876 -2.714044
v 8.287751 2.525603 -2.763436
v 8.180357 2.393311 -2.702297
v 8.247477 2.376076 -2.74688
v 8.154822 2.263481 -2.647391
v 8.236513 2.244315 -2.719601
v 7.766309 2.504039 -2.570265
v 7.7844 2.470201 -2.430612
v 7.945591 2.323652 -2.371082
v 7.893716 2.33088 -2.401134
v 7.896667 2.279126 -2.439355
v 7.948184 2.274413 -2.407795
v 7.953684 2.227354 -2.443394
v 7.906871 2.230364 -2.470118
v 7.939448 2.122066 -2.514664
v 7.970419 2.101582 -2.50426
v 7.95665 2.102144 -2.537979
v 7.983278 2.083423 -2.533276
v 7.959754 2.275228 -2.431492
v 7.928518 2.231879 -2.450459
v 7.943867 2.185187 -2.469016
v 7.980128 2.228864 -2.470314
v 7.967936 2.115487 -2.492327
v 7.991889 2.165134 -2.498211
v 7.978225 2.077619 -2.526829
v 7.997243 2.113984 -2.520426
v 7.818899 2.651845 -2.431083
v 7.806435 2.663345 -2.522437
v 8.091599 2.652819 -2.434485
v 8.11705 2.659384 -2.518243
v 8.114725 2.608075 -2.428463
v 8.020288 2.70078 -2.388513
v 8.065226 2.775112 -2.398316
v 8.134515 2.685271 -2.478717
v 8.08376 2.812486 -2.501002
v 8.14099 2.722835 -2.525387
v 8.090587 2.817556 -2.618917
v 8.157346 2.722714 -2.634554
v 8.089909 2.781367 -2.742373
v 8.160609 2.707327 -2.739187
v 8.106278 2.780524 -2.833547
v 8.171451 2.720429 -2.815609
v 8.156136 2.750503 -2.932117
v 8.166284 2.73371 -2.91781
v 8.114434 2.587756 -2.495674
v 8.077397 2.645084 -2.421808
v 8.114989 2.73528 -2.47663
v 8.141475 2.643654 -2.572722
v 8.101315 2.813618 -2.621491
v 8.173244 2.676948 -2.663573
v 8.144347 2.765682 -2.784944
v 8.182012 2.680732 -2.753555
v 8.220699 2.690538 -2.827366
v 8.212406 2.658552 -2.785732
v 8.108147 2.626309 -2.412143
v 8.03546 2.675343 -2.386346
v 8.079762 2.765406 -2.385376
v 8.129696 2.695961 -2.422172
v 8.075611 2.833147 -2.440226
v 8.154469 2.707878 -2.467132
v 8.049505 2.871084 -2.528368
v 8.159611 2.744898 -2.5687
v 8.026097 2.884765 -2.681713
v 8.121592 2.791072 -2.715027
v 8.003616 2.832934 -2.811777
v 8.076731 2.785884 -2.833888
v 8.011742 2.815696 -2.889169
v 8.081643 2.776603 -2.911978
v 8.04534 2.820354 -3.00253
v 8.123713 2.772823 -3.020957
v 8.093266 2.415231 -2.442456
v 8.17144 2.451829 -2.519886
v 7.883703 2.683756 -2.383444
v 7.873586 2.785731 -2.388993
v 7.884822 2.841972 -2.465427
v 7.889144 2.846048 -2.554466
v 7.843618 2.816333 -2.641104
v 7.858503 2.776621 -2.76712
v 7.766402 2.76089 -2.949572
v 7.832883 2.663238 -2.412737
v 7.807322 2.735142 -2.421978
v 7.8091 2.785542 -2.50294
v 7.802297 2.802848 -2.61717
v 7.804102 2.771774 -2.736802
v 7.788032 2.747202 -2.834043
v 7.759275 2.745191 -2.929539
v 7.915622 2.694345 -2.367358
v 7.911958 2.749207 -2.358891
v 7.913733 2.830013 -2.403727
v 7.905613 2.866783 -2.506721
v 7.90733 2.865576 -2.664625
v 7.941564 2.80635 -2.816972
v 8.052193 2.686635 -2.357808
v 8.078069 2.707635 -2.429284
v 8.117411 2.73906 -2.537307
v 8.125422 2.750837 -2.651795
v 8.160641 2.782136 -2.879592
v 7.806236 2.634037 -2.431828
v 7.78342 2.714619 -2.509956
v 7.790116 2.773886 -2.634954
v 7.711307 2.702511 -2.81247
v 7.694158 2.690852 -2.8427
v 7.796484 2.765248 -2.593746
v 7.740918 2.652676 -2.696455
v 7.722951 2.586062 -2.696737
v 7.692129 2.506151 -2.732487
v 7.679867 2.357359 -2.718785
v 8.126014 2.74496 -2.660192
v 8.194584 2.655507 -2.689419
v 8.206343 2.557278 -2.686405
v 8.20175 2.473449 -2.696542
v 8.181453 2.397122 -2.68632
v 8.049388 2.803879 -2.688274
v 8.124946 2.749878 -2.754398
v 8.210432 2.709884 -2.787155
v 8.276717 2.655787 -2.790842
v 8.318937 2.570706 -2.805502
v 8.296072 2.448524 -2.783939
v 7.909759 2.853043 -2.696648
v 7.999321 2.824452 -2.80934
v 8.121181 2.770207 -2.852517
v 8.226831 2.722132 -2.872536
v 8.347005 2.657207 -2.877711
v 7.856378 2.803064 -2.745362
v 7.772406 2.72202 -2.809168
v 7.681058 2.674422 -2.838692
v 7.562742 2.598727 -2.833635
v 7.790126 2.746133 -2.770662
v 7.703896 2.673167 -2.777262
v 7.637553 2.577776 -2.76987
v 7.631492 2.441255 -2.769357
v 7.762007 2.549243 -2.492668
v 7.753482 2.392756 -2.531694
v 7.778186 2.31538 -2.577243
v 7.836214 2.249066 -2.566576
v 7.917157 2.118882 -2.530148
v 7.78951 2.462309 -2.453487
v 7.785204 2.362341 -2.481772
v 7.808422 2.295096 -2.518337
v 7.871592 2.19811 -2.498043
v 7.944082 2.386318 -2.336761
v 7.942546 2.274239 -2.315979
v 7.95541 2.143868 -2.369453
v 7.968672 2.054214 -2.39374
v 7.994756 2.38166 -2.338293
v 8.008091 2.312431 -2.313398
v 7.98712 2.200975 -2.346074
v 7.974506 2.052433 -2.433321
v 8.042585 2.35129 -2.348111
v 8.051224 2.304482 -2.366546
v 8.005496 2.201706 -2.411485
v 7.997766 2.108557 -2.459273
v 8.126311 2.370726 -2.483969
v 8.124467 2.318126 -2.476766
v 8.074156 2.259764 -2.467408
v 8.019671 2.209718 -2.474711
v 7.835233 2.359958 -2.440351
v 7.855816 2.27704 -2.472873
v 7.894827 2.208207 -2.476233
v 8.125646 2.762834 -2.736646
v 7.768197 2.599397 -2.530187
v 7.748494 2.500634 -2.599112
v 7.737872 2.410676 -2.616341
v 7.751139 2.313838 -2.607394
v 7.824858 2.215278 -2.537776
v 7.918578 2.135412 -2.467106
v 7.934632 2.099231 -2.487268
v 7.879174 2.354919 -2.354282
v 7.887257 2.277923 -2.373098
v 7.917242 2.186218 -2.413956
v 7.942532 2.097208 -2.38923
v 7.91788 2.37928 -2.342815
v 7.950587 2.066469 -2.447958
v 7.858298 2.354805 -2.387757
v 7.849367 2.292458 -2.427607
v 7.890261 2.198632 -2.452989
v 7.910948 2.104898 -2.429682
v 8.252847 2.328402 -2.755725
v 7.634892 2.301828 -2.747456
v 8.156333 2.565528 -2.463865
v 8.167614 2.396295 -2.537668
v 8.150761 2.298753 -2.57305
v 8.070942 2.211334 -2.562177
v 8.007277 2.103672 -2.531666
v 8.139279 2.502493 -2.435864
v 8.137516 2.356368 -2.48523
v 8.117113 2.280874 -2.507351
v 8.027732 2.187533 -2.486279
v 8.152463 2.596216 -2.514783
v 8.183157 2.512098 -2.564859
v 8.180061 2.407929 -2.600629
v 8.164465 2.311738 -2.605286
v 8.075697 2.183036 -2.567267
v 7.986881 2.084473 -2.484477
v 7.936727 2.803645 -2.912633
v 7.900644 2.800689 -3.011393
v 7.951516 2.667227 -2.370774
v 7.953751 2.77438 -2.345834
v 7.960123 2.849044 -2.39368
v 7.945548 2.877881 -2.498707
v 7.945573 2.877226 -2.659173
v 7.949847 2.824866 -2.808667
v 7.942747 2.817207 -2.91075
v 7.966857 2.817736 -3.021724
v 7.998276 2.694084 -2.367555
v 8.016496 2.768437 -2.347302
v 8.048628 2.83122 -2.411162
v 8.047933 2.858572 -2.50339
v 8.038199 2.862126 -2.662959
v 7.989517 2.83657 -2.800574
v 7.966898 2.837038 -2.899918
v 7.970191 2.830307 -3.006578
v 8.02677 2.68776 -2.373758
v 8.071159 2.726566 -2.3635
v 8.098235 2.776477 -2.430111
v 8.106041 2.80468 -2.518856
v 8.085209 2.833253 -2.65843
v 8.025401 2.85249 -2.79982
v 8.008422 2.822764 -2.893563
v 8.029213 2.812155 -3.012079
v 7.860449 2.671377 -2.383805
v 7.826007 2.723166 -2.390476
v 7.806932 2.788347 -2.427759
v 7.831693 2.829396 -2.534568
v 7.866454 2.853887 -2.695241
v 7.905574 2.813245 -2.828384
v 7.889705 2.809239 -2.906826
v 7.844101 2.829883 -2.9979
v 8.051099 2.846841 -2.685977
v 8.10725 2.795371 -2.731995
v 8.169787 2.704061 -2.744142
v 8.236634 2.640688 -2.728324
v 8.263743 2.523711 -2.72022
v 8.221443 2.382756 -2.704063
v 8.214023 2.252985 -2.670459
v 7.754211 2.486438 -2.49854
v 7.79237 2.662347 -2.472679
v 8.137869 2.664478 -2.465783
v 8.091022 2.668723 -2.381421
v 8.122912 2.746522 -2.412005
v 8.129306 2.782519 -2.505505
v 8.138618 2.794477 -2.622342
v 8.139132 2.763653 -2.742773
v 8.152916 2.76785 -2.824186
v 8.178428 2.754329 -2.922937
v 8.128601 2.614893 -2.445688
v 8.148698 2.693253 -2.519009
v 8.154634 2.760013 -2.637031
v 8.182106 2.729808 -2.768896
v 8.233266 2.681273 -2.795779
v 8.073999 2.658468 -2.386689
v 8.105149 2.727559 -2.400528
v 8.143673 2.792739 -2.437479
v 8.118917 2.833913 -2.537456
v 8.085852 2.861136 -2.698054
v 8.047576 2.832729 -2.825248
v 8.055189 2.815942 -2.900459
v 8.094908 2.814793 -3.007781
v 8.143235 2.427298 -2.466271
v 7.95751 2.108656 -2.425574
v 7.934111 2.264293 -2.325406
v 7.922976 2.32621 -2.318023
v 7.818853 2.752504 -2.576092
v 7.786247 2.759811 -2.644787
v 7.710629 2.652229 -2.72968
v 7.743665 2.630056 -2.693255
v 7.688449 2.58992 -2.723882
v 7.744455 2.574984 -2.714593
v 7.649191 2.511062 -2.751476
v 7.709894 2.508248 -2.726599
v 7.632681 2.362397 -2.736485
v 7.663319 2.366156 -2.717518
v 7.792829 2.738554 -2.718276
v 7.713711 2.670714 -2.778928
v 7.649436 2.604666 -2.775274
v 7.61266 2.511815 -2.807986
v 7.647511 2.357636 -2.76262
v 7.837968 2.713642 -2.476946
v 7.806836 2.756068 -2.568531
v 7.74624 2.65408 -2.680764
v 7.774315 2.630027 -2.632322
v 7.731833 2.57695 -2.676182
v 7.785533 2.560994 -2.654299
v 7.705448 2.486356 -2.70348
v 7.758847 2.485577 -2.666934
v 7.715697 2.326264 -2.670657
v 7.748613 2.333846 -2.642893
v 7.821556 2.750997 -2.65342
v 7.759631 2.665123 -2.73647
v 7.703992 2.591178 -2.734054
v 7.683256 2.484179 -2.763458
v 7.737131 2.322153 -2.686228
v 7.812563 2.573019 -2.527141
v 7.793972 2.599051 -2.477867
v 7.752778 2.666138 -2.506158
v 7.766568 2.630511 -2.551326
v 7.732231 2.711643 -2.66513
v 7.712854 2.658907 -2.665891
v 7.678252 2.664693 -2.806786
v 7.657187 2.628471 -2.803332
v 7.679564 2.672671 -2.855812
v 7.643165 2.663914 -2.866711
v 7.82633 2.650147 -2.419358
v 7.780679 2.702095 -2.468858
v 7.767771 2.744735 -2.678784
v 7.694562 2.687813 -2.807271
v 7.684462 2.688182 -2.846259
v 8.099006 2.531062 -2.48034
v 8.150098 2.602602 -2.458865
v 8.137654 2.665729 -2.425442
v 8.097898 2.61911 -2.425577
v 8.171455 2.620413 -2.492321
v 8.181472 2.693481 -2.46758
v 8.19054 2.634062 -2.602421
v 8.202494 2.738874 -2.567543
v 8.199106 2.69992 -2.74428
v 8.187544 2.777595 -2.729134
v 8.154584 2.737659 -2.852232
v 8.14385 2.787478 -2.845993
v 8.156558 2.7219 -2.935261
v 8.146401 2.768063 -2.923182
v 8.197557 2.704681 -3.04335
v 8.186154 2.754133 -3.02959
v 8.110978 2.747057 -2.394006
v 8.071259 2.711066 -2.369882
v 8.138124 2.762798 -2.457222
v 8.140641 2.808718 -2.548365
v 8.13865 2.835982 -2.704832
v 8.103844 2.804849 -2.83272
v 8.105687 2.783911 -2.912864
v 8.14213 2.777771 -3.025272
vn 0.330282 0.1995393 0.4294547
vn 0.330282 0.1995393 0.4294547
vn 0.3604119 0.3272618 0.3103809
vn 0.3580776 0.3101543 0.3300275
vn 0.3749931 0.4215897 0.1223753
vn 0.3728004 0.4193128 0.1361249
vn 0.3750216 0.4380473 0.02840308
vn 0.3755642 0.4374062 0.03099555
vn 0.3674728 0.4452849 -0.004299778
vn 0.3674728 0.4452849 -0.004299778
vn 0.1581856 0.1025373 0.5457076
vn 0.1581856 0.1025373 0.5457076
vn 0.1843079 0.3346547 0.4328629
vn 0.184548 0.3415133 0.4273688
vn 0.163973 0.5043114 0.2282898
vn 0.162561 0.5068719 0.2235804
vn 0.09090094 0.5656475 0.07150785
vn 0.09929232 0.5621637 0.08629284
vn -0.01032972 0.5577752 -0.1487064
vn 0.002878292 0.5658226 -0.1147604
vn -0.04500587 0.5252728 -0.2353644
vn -0.04500587 0.5252728 -0.2353644
vn -0.2735296 -0.01586224 0.5081962
vn 0.06806749 0.03408279 0.5723099
vn -0.346925 0.1743053 0.4273103
vn 0.004898758 0.3194768 0.4808784
vn -0.3830488 0.4127517 0.1274479
vn -0.07112695 0.5485514 0.1654261
vn -0.4005714 0.4151683 0.02261057
vn -0.1071443 0.5666537 -0.02751677
vn -0.4289466 0.3780529 -0.08008877
vn -0.1248827 0.5447127 -0.1450032
vn -0.4290724 0.3862271 -0.007675027
vn -0.06709797 0.5580767 -0.13184
vn -0.3967552 0.3900529 0.1541992
vn -0.01116824 0.574514 -0.05605643
vn -0.5216609 -0.009689773 0.2472029
vn -0.2077615 0.03914114 0.5372491
vn -0.549277 0.011675 0.177459
vn -0.3007651 0.2710225 0.4116074
vn -0.5623543 0.1024874 0.08116195
vn -0.2856905 0.4798435 0.1465081
vn -0.5413084 0.200788 -0.001645729
vn -0.2043702 0.5388051 -0.03543104
vn -0.5263522 0.2372472 0.0005755581
vn -0.1566091 0.53975 -0.1322006
vn -0.5323725 0.2147911 0.06146175
vn -0.1244993 0.5597073 -0.06753567
vn -0.5496718 0.1571281 0.08065294
vn -0.09015323 0.5702536 -0.004095965
vn -0.3827367 -0.1326186 0.4114102
vn 0.1241904 -0.09010974 0.5565882
vn -0.384014 -0.02218954 0.4305511
vn 0.133834 0.1218068 0.5482563
vn -0.3636119 0.2877704 0.3439593
vn 0.09903997 0.4479255 0.3505529
vn -0.3425254 0.4583398 0.07703505
vn 0.04748155 0.56594 0.103879
vn -0.3679717 0.426058 -0.128081
vn 0.05468983 0.564676 -0.1071611
vn -0.3902655 0.4150777 -0.09347047
vn 0.09002378 0.5586191 -0.1147777
vn 0.3504666 0.2553852 0.3811626
vn 0.5489779 0.0402458 0.1741747
vn 0.4059988 0.2847427 0.2956687
vn 0.5439511 0.009259773 0.1932995
vn 0.4177386 0.3742574 0.1369645
vn 0.5661837 0.04008174 0.1056538
vn 0.3091398 0.4855358 0.04495466
vn 0.5672138 0.09409118 0.05242634
vn 0.1213389 0.5540297 0.1079877
vn 0.5332165 0.1602312 0.1527724
vn 0.3194317 0.2498869 0.4109177
vn 0.3194317 0.2498869 0.4109176
vn 0.3031631 0.3732549 0.3195407
vn 0.3078219 0.3524097 0.3382107
vn 0.252955 0.5035045 0.125819
vn 0.2564585 0.4979888 0.1398917
vn 0.1585071 0.5457312 -0.1019139
vn 0.1697933 0.5457786 -0.08142128
vn 0.09148861 0.5291811 -0.2119686
vn 0.09148859 0.5291811 -0.2119686
vn -0.55206 -0.167746 0.020599
vn -0.4830911 0.1563488 0.2747931
vn -0.5715725 -0.01465515 0.08014621
vn -0.4584425 0.2691939 0.225163
vn -0.5158798 0.2291558 0.1211984
vn -0.3319704 0.4719526 0.0197416
vn -0.5056385 0.2698604 0.06955802
vn -0.2261246 0.514502 -0.1322448
vn -0.5229673 0.2444768 0.008336558
vn -0.1785515 0.5335768 -0.1294166
vn -0.53226 0.01865009 0.2229007
vn -0.4073352 0.3849574 -0.1386336
vn -0.4752607 -0.01491768 0.3274721
vn -0.4650925 0.3420843 -0.0008302085
vn -0.3311701 -0.06301935 0.4687092
vn -0.5195566 0.1652049 0.1900041
vn -0.3120099 -0.007468862 0.4857236
vn -0.5630832 0.02052014 0.1258948
vn -0.3486879 0.08516509 0.4522134
vn -0.5760955 -0.03061328 0.02258278
vn 0.4218108 0.3928147 -0.03325137
vn 0.4012085 0.1188286 0.3978001
vn 0.5115216 0.2674018 0.01323554
vn 0.3642551 0.08357058 0.4400768
vn 0.5714208 0.02513916 0.07861025
vn 0.3371551 -0.007012278 0.4686264
vn 0.5637525 -0.105208 0.06669157
vn 0.3863764 -0.03213866 0.4278011
vn 0.5505905 -0.1691445 0.03966643
vn 0.4171931 -0.01405828 0.3988554
vn 0.1911645 0.5185182 -0.1671181
vn 0.4346288 0.2376755 0.2965494
vn 0.2008488 0.5344611 -0.08570044
vn 0.3682584 0.2508434 0.3671468
vn 0.2707837 0.5031096 0.08300775
vn 0.2754 0.2370141 0.4486787
vn 0.4289995 0.3323921 0.1969984
vn 0.2635365 0.1244659 0.4983875
vn 0.5040177 0.1062093 0.2608048
vn 0.2405147 0.02945172 0.5240408
vn 0.4948659 -0.05702339 0.2918721
vn 0.1813942 0.05723536 0.545118
vn -0.1985162 0.4752201 -0.2609419
vn 0.2631567 0.5121057 0.04277501
vn -0.08309846 0.4980064 -0.2800317
vn 0.2994781 0.4686824 0.1548646
vn 0.1039451 0.5079688 -0.2539618
vn 0.2617569 0.4076461 0.3140724
vn 0.2077676 0.5134039 -0.1630415
vn 0.236579 0.3878053 0.3563296
vn 0.243145 0.5091355 -0.1224538
vn 0.2403048 0.385011 0.3568664
vn -0.4336506 0.2672428 0.2717753
vn -0.2540459 0.4648753 -0.2295323
vn -0.3548402 0.3087866 0.3347726
vn -0.2474459 0.4954573 -0.163175
vn -0.2319622 0.2860075 0.4446647
vn -0.2560358 0.5108394 -0.08259647
vn -0.180639 0.2514469 0.4873165
vn -0.3263405 0.4350291 -0.1938684
vn -0.4271217 0.2831576 0.2659365
vn -0.3030644 0.4809402 0.1009056
vn -0.3547815 0.2227442 0.3973015
vn -0.3486714 0.4142675 0.20036
vn -0.2131755 0.05832176 0.5333744
vn -0.4235632 0.2107082 0.3309525
vn -0.1065639 0.03861158 0.5661155
vn -0.4655263 0.0318184 0.3400091
vn -0.5190248 0.0478997 0.2482985
vn -0.5403104 0.1613542 -0.1239466
vn -0.4982877 -0.138299 0.2567413
vn -0.5701786 -0.0423729 -0.08021384
vn -0.4308616 -0.3149234 0.2202609
vn -0.5120147 -0.2573163 -0.07044561
vn -0.4033416 -0.2192698 0.3500996
vn -0.4391152 -0.3659341 -0.08126158
vn -0.3837752 -0.1561313 0.4020857
vn -0.4358485 -0.3546877 -0.1325371
vn -0.2667547 -0.09996234 0.5021781
vn -0.5273263 -0.04266267 0.2311712
vn -0.2973499 -0.191503 0.4563366
vn -0.5167912 -0.1650636 0.1975201
vn -0.3642137 -0.2045794 0.3985336
vn -0.4805419 -0.3060687 0.09345954
vn -0.4175609 -0.1901675 0.3504463
vn -0.4484639 -0.3598453 -0.05219964
vn 0.2388042 0.09539851 0.5169189
vn -0.3128054 0.07830272 0.4789101
vn 0.2616039 -0.02176947 0.5142207
vn -0.3763261 -0.05897462 0.4338595
vn 0.3448219 -0.1333821 0.4434416
vn -0.4341403 -0.1828407 0.3338036
vn 0.4088432 -0.09277391 0.3969554
vn -0.4605075 -0.1401415 0.3187893
vn 0.3426525 0.2346923 0.4010514
vn -0.0872199 0.1918192 0.5375236
vn 0.4305784 0.03682625 0.3828569
vn -0.06125023 0.01979451 0.5737509
vn 0.5078838 -0.1776351 0.2093637
vn -0.09952154 -0.2021841 0.5315548
vn 0.5437838 -0.1277112 0.1460215
vn -0.2154299 -0.2753161 0.4594828
vn 0.534991 0.03989795 0.2133683
vn 0.3149463 -0.0359204 0.4825474
vn 0.5425168 -0.1508662 0.1274683
vn 0.3674063 -0.1601473 0.4155705
vn 0.5511907 -0.1712761 0.013663
vn 0.4073355 -0.2635842 0.3129449
vn 0.5752866 -0.04579972 -0.01676069
vn 0.4276392 -0.2269696 0.3145519
vn 0.5769197 -0.006679479 0.02126536
vn 0.2547689 0.03364803 0.5170048
vn 0.540256 -0.2036078 0.0007899864
vn 0.2448135 -0.03822132 0.5214776
vn 0.3847212 -0.4152247 -0.1136283
vn 0.2632814 -0.2130044 0.4675954
vn 0.3500642 -0.4128909 -0.2007723
vn 0.2746174 -0.2891777 0.4174865
vn 0.5343363 -0.04824185 0.2132856
vn 0.5343363 -0.04824185 0.2132856
vn 0.5260948 -0.005415833 0.2377567
vn 0.5225365 0.008624202 0.2453864
vn 0.5038216 -0.04063408 0.2790089
vn 0.5017897 -0.06509816 0.2780335
vn 0.4258611 -0.318883 0.2242527
vn 0.3809834 -0.388999 0.1920021
vn 0.30139 -0.4798895 0.1104698
vn 0.3127243 -0.4754026 0.09761823
vn 0.3303013 -0.467265 0.07679822
vn 0.3303013 -0.467265 0.07679821
vn -0.4349565 -0.2163478 0.3119932
vn -0.5606452 -0.1370301 0.01526515
vn -0.4149278 -0.2435797 0.3191194
vn -0.5375949 -0.2101296 -0.01306089
vn -0.4079279 -0.1684284 0.3722365
vn -0.5019727 -0.2780716 -0.06350429
vn 0.4734193 0.313929 0.1032283
vn 0.1919032 0.5427811 0.04353398
vn -0.4938811 -0.08188829 0.2875917
vn -0.5167246 0.232739 -0.1102794
vn -0.5554991 0.1193058 -0.1025677
vn -0.5233306 -0.0002997426 0.2438407
vn -0.5696501 0.01828714 -0.09218224
vn -0.5436754 -0.02460277 0.1927305
vn -0.5452331 -0.1630079 -0.09737901
vn -0.4756887 -0.1184792 0.3049857
vn -0.3848082 -0.4129619 -0.1213201
vn -0.4190248 -0.1053899 0.382942
vn -0.412601 -0.0655556 0.3984925
vn -0.5329558 -0.2017353 -0.09270567
vn -0.4309587 -0.2127306 0.3199275
vn -0.4743462 -0.3088386 -0.1137881
vn -0.3665667 -0.1019738 0.434239
vn -0.5535278 -0.07802345 0.1444042
vn -0.5398598 -0.1635459 0.1230341
vn -0.3487076 -0.1878781 0.4200455
vn -0.5331123 -0.1913344 0.1118738
vn -0.3157156 -0.1311553 0.4652476
vn -0.5517523 -0.1129485 0.1270643
vn -0.2894896 0.04667548 0.4973435
vn 0.462752 -0.1447876 0.3134176
vn 0.462752 -0.1447876 0.3134176
vn 0.4570479 -0.180539 0.3030615
vn 0.4582933 -0.1737374 0.3051488
vn 0.4786081 -0.1514356 0.2851926
vn 0.4824396 -0.1415168 0.283828
vn 0.5056756 -0.06628882 0.2706127
vn 0.5056756 -0.06628883 0.2706127
vn 0.02663333 0.2643779 0.5125704
vn -0.4495392 0.1317286 0.3374839
vn -0.3968043 -0.1975636 0.3699302
vn 0.2981362 -0.120384 0.4795372
vn -0.3664407 -0.212542 0.3922761
vn 0.4344456 -0.1946978 0.3266238
vn -0.354512 -0.1451775 0.4319469
vn 0.4668048 -0.2022541 0.2729834
vn 0.1963948 -0.1642621 0.5174751
vn 0.1963948 -0.1642621 0.5174751
vn 0.173949 -0.2363242 0.4972184
vn 0.1635865 -0.2652628 0.4860129
vn 0.1626586 -0.3300326 0.4449204
vn 0.190149 -0.3210697 0.4405577
vn 0.2166896 -0.311459 0.4351693
vn 0.2166896 -0.311459 0.4351693
vn -0.4183136 -0.1677788 0.3608287
vn -0.5676455 0.05918958 0.08722598
vn -0.5597374 -0.1229734 0.07003445
vn -0.3993786 -0.2131054 0.358352
vn -0.5326342 -0.2183551 0.04421737
vn -0.3842748 -0.1085488 0.4169934
vn -0.5597752 -0.1388615 0.0265043
vn -0.3712494 0.03074173 0.441092
vn 0.4799736 -0.09992055 0.3049173
vn 0.1657422 0.07069099 0.5485123
vn -0.05885744 0.0842417 0.5681309
vn -0.4860509 -0.00808535 0.3114843
vn 0.5324873 -0.04260526 0.2190328
vn 0.5675329 0.08483495 -0.06358217
vn 0.5752398 -0.01331128 -0.04748984
vn 0.5282747 -0.1058675 0.2074879
vn 0.5163082 -0.2525689 -0.05447961
vn 0.4465914 -0.2877205 0.2260671
vn 0.4273522 -0.3799131 -0.07980886
vn 0.3888951 -0.239498 0.3531779
vn 0.4409847 -0.3518653 -0.1227055
vn 0.386498 -0.134517 0.4072565
vn 0.3349998 -0.20848 0.421479
vn 0.5094619 -0.09722649 0.2536312
vn 0.5191402 -0.1305184 0.2163138
vn 0.3302684 -0.1787329 0.4385325
vn 0.4847111 -0.2469262 0.1934319
vn 0.3491502 -0.2106413 0.408727
vn 0.4417681 -0.3600715 0.09231859
vn 0.420061 -0.18061 0.3525084
vn 0.482435 -0.2792256 0.1504089
vn 0.482435 -0.2792256 0.1504089
vn 0.4718326 -0.3070233 0.1282344
vn 0.4693152 -0.3127967 0.1234292
vn 0.5076725 -0.2583468 0.09412152
vn 0.5196981 -0.2333613 0.09375327
vn 0.5015261 0.04136937 0.2830079
vn 0.4569376 0.2921672 -0.1979387
vn 0.5394159 0.1202399 -0.1670512
vn 0.5534123 0.05052051 0.1565753
vn 0.5608894 -0.01174011 -0.1363768
vn 0.558036 -0.08132326 0.1237564
vn 0.5281957 -0.1806772 -0.1473038
vn 0.4850087 -0.2148943 0.2278602
vn 0.4107243 -0.3694794 -0.1677016
vn 0.4120584 -0.2646858 0.3057492
vn 0.5609576 -0.1037771 0.08882684
vn 0.5609576 -0.1037771 0.08882684
vn 0.5316217 -0.2129911 0.07311928
vn 0.4579443 -0.1749942 0.3049548
vn -0.443743 0.0251016 0.3685042
vn 0.1109556 0.1249228 0.5526451
vn -0.370765 0.4347756 0.08268566
vn 0.09789331 0.5680421 -0.03284107
vn -0.3512381 0.4406129 0.1257992
vn 0.0974716 0.5665706 -0.0532019
vn -0.2156881 -0.1348158 0.5183018
vn 0.1347436 -0.1206749 0.5482839
vn 0.1601736 0.1019199 0.5452433
vn -0.2319704 0.05999634 0.5252843
vn 0.1677711 0.4444894 0.3280479
vn -0.2344105 0.4226785 0.3157975
vn 0.1452342 0.5538927 0.0737794
vn -0.2600708 0.5111395 0.0665805
vn 0.1666562 0.5441538 -0.09724117
vn -0.3021687 0.4830011 -0.09347395
vn 0.212794 0.5227584 -0.1215561
vn -0.322302 0.4732391 -0.07415947
vn 0.2173477 0.5348771 0.0001730194
vn -0.3003198 0.4925205 -0.02376974
vn 0.2038238 0.5381761 0.04642944
vn -0.2777486 0.5038049 -0.04868106
vn -0.2259484 -0.07082402 0.5265593
vn 0.2678307 -0.1785639 0.479286
vn 0.3408782 -0.01865425 0.4656044
vn -0.1188925 0.1874565 0.532971
vn 0.3906138 0.2977107 0.303517
vn 0.02282629 0.4994385 0.2887448
vn 0.358486 0.4465842 0.07337403
vn 0.00959284 0.5731413 0.06892397
vn 0.3612944 0.4367887 -0.1096143
vn -0.07555898 0.5708257 -0.04221732
vn 0.3754108 0.4085866 -0.1595531
vn -0.1698848 0.5516492 0.01247917
vn 0.4002414 0.4114448 -0.06207523
vn -0.1127052 0.5654597 0.02977147
vn 0.4143178 0.4012897 -0.02531279
vn -0.05115937 0.5750704 -0.003197925
vn -0.1186191 0.01172982 0.5649118
vn 0.2143306 -0.3196297 0.4303868
vn 0.3971204 -0.1814331 0.3777709
vn 0.05534294 0.252054 0.5164682
vn 0.5364907 0.06210648 0.2040924
vn 0.215033 0.4618623 0.27162
vn 0.5427848 0.1933129 0.03671588
vn 0.2170285 0.5219955 0.1172723
vn 0.5187781 0.2382288 -0.08631064
vn 0.1374939 0.5597118 0.03393524
vn 0.4858871 0.2574189 -0.1760186
vn 0.09167582 0.5656766 -0.07027849
vn 0.4971159 0.2907393 -0.04098514
vn 0.09252575 0.5584303 -0.1137021
vn 0.474919 0.3108204 0.1057164
vn 0.08522443 0.5635237 -0.09225677
vn -0.3374071 -0.08284294 0.4611149
vn 0.105207 0.04038943 0.5662452
vn -0.04531111 0.1909413 0.5429749
vn -0.3973075 -0.04804203 0.4161395
vn -0.2699223 0.4371669 0.2633637
vn -0.5331295 0.08439328 0.2049
vn -0.2893265 0.4973265 0.04785282
vn -0.5329453 0.2199097 -0.03069701
vn -0.193996 0.5342446 -0.1013988
vn -0.4900398 0.2647055 -0.1520702
vn -0.07738964 0.5520496 -0.1502851
vn -0.5158619 0.2572112 -0.03259249
vn -0.06497867 0.5724018 0.0383065
vn -0.4932576 0.2078215 0.2164267
vn -0.08146781 0.5461074 0.1687105
vn -0.4677204 0.1868227 0.2822557
vn 0.2910643 0.4780321 -0.1417754
vn 0.4535869 0.1653431 0.3166291
vn 0.3811744 0.1871844 0.391154
vn 0.3552608 0.4513519 -0.05834882
vn 0.239752 0.2245436 0.4747974
vn 0.3834742 0.4022589 0.1564247
vn 0.1516243 0.1493938 0.5366796
vn 0.4039761 0.2936313 0.2896849
vn 0.09025076 0.04542755 0.5684405
vn 0.5009857 0.02557845 0.2858187
vn 0.111986 0.1015146 0.557214
vn 0.5027478 -0.04418562 0.2804025
vn 0.1647217 0.1597249 0.5298002
vn 0.5118806 0.02588997 0.2657843
vn -0.5604126 0.09525906 -0.1009789
vn -0.4982877 -0.138299 0.2567413
vn -0.2747084 -0.312225 0.4004801
vn -0.2747084 -0.312225 0.4004801
vn -0.2683946 -0.3170566 0.4009649
vn -0.2696262 -0.316122 0.4008766
vn -0.2733082 -0.2910095 0.4170726
vn -0.2739274 -0.28905 0.4180278
vn -0.315406 -0.3310648 0.352489
vn -0.3348508 -0.3961622 0.2535031
vn -0.3394684 -0.4482126 0.1311492
vn -0.3394683 -0.4482126 0.1311491
vn 0.1767561 -0.2377134 0.4955634
vn 0.1767561 -0.2377134 0.4955634
vn 0.2292175 -0.1640834 0.5038545
vn 0.203581 -0.2015729 0.501255
vn 0.3405899 -0.1713407 0.43356
vn 0.2847945 -0.1415139 0.4818706
vn 0.3725889 -0.1885519 0.3986968
vn 0.3725888 -0.1885519 0.3986968
vn -0.4899792 -0.08210845 0.294129
vn -0.476631 0.3003196 -0.1263505
vn 0.4585595 -0.004523369 0.350765
vn 0.4675688 0.249587 -0.228952
vn 0.5280247 -0.05811262 0.226155
vn 0.08010805 0.1085704 0.5613632
vn 0.1988624 0.2976862 0.4529571
vn 0.5563045 -0.002385302 0.1544436
vn 0.2928877 0.4786496 0.1358116
vn 0.5664314 0.08297101 0.07486363
vn 0.2570791 0.5157748 -0.03492988
vn 0.5575582 0.1492117 0.01406995
vn 0.1956101 0.5398768 -0.06002639
vn 0.5418898 0.1955656 0.03798425
vn 0.1383822 0.5602718 -0.01671271
vn 0.5491898 0.1554821 0.08688556
vn 0.09576079 0.5625793 -0.08756663
vn 0.5707428 0.06523844 0.05770456
vn 0.549937 -0.1750524 0.01610029
vn 0.414713 0.1433316 0.3752367
vn 0.4467312 0.2311433 0.2834385
vn 0.5681506 -0.07973829 0.06465244
vn 0.4405675 0.3622832 0.08935628
vn 0.5691547 0.03480587 0.09046908
vn 0.4020645 0.4140772 -0.01475183
vn 0.5021685 0.06603684 0.2771269
vn 0.3959152 0.4197159 -0.02057084
vn 0.3653813 0.05042198 0.4441706
vn 0.3302148 -0.04431221 0.4715167
vn 0.1249058 -0.01364957 0.5635118
vn 0.2234419 0.1599851 0.5077518
vn 0.4026351 -0.02824759 0.4128201
vn 0.2919444 0.4269539 0.2565392
vn 0.5418552 0.08275157 0.181324
vn 0.2644883 0.5084796 0.06948251
vn 0.5364687 0.2121401 -0.02304797
vn 0.1738636 0.5456295 -0.07343949
vn 0.4887011 0.2811676 -0.1242955
vn 0.02694886 0.5530884 -0.1634028
vn 0.4769329 0.3102344 -0.09809677
vn -0.01126874 0.5720426 -0.07728986
vn 0.4866942 0.2919657 0.1059155
vn 0.03669456 0.5757876 0.02134508
vn 0.4783461 0.2720419 0.1746756
vn 0.3370568 -0.141566 0.4468615
vn 0.5202504 -0.1067754 0.2264327
vn -0.1256818 0.006941317 0.563462
vn -0.1781866 0.2613088 0.4830121
vn -0.2215689 0.5059665 0.1680432
vn -0.2364986 0.5263576 -0.01869558
vn -0.3124047 0.4760142 -0.09564118
vn -0.2408652 0.5178841 -0.08434095
vn -0.2697124 0.5042985 0.07919383
vn -0.4190299 0.01166239 0.3970029
vn -0.4425179 0.1493929 0.3394009
vn -0.4454115 0.3444068 0.1277731
vn -0.3981959 0.4175705 -0.02020464
vn -0.3712904 0.4340974 -0.08388256
vn -0.3775145 0.4368019 0.00451338
vn -0.3385189 0.4661551 0.03791765
vn -0.1531019 -0.1259182 0.5422526
vn -0.133497 0.06981594 0.5573488
vn -0.1222943 0.4184986 0.378466
vn -0.156532 0.5470264 0.09794543
vn -0.1749334 0.5355322 -0.1262419
vn -0.1526536 0.5421807 -0.1267694
vn 0.4722098 0.1564674 0.2930346
vn 0.5034783 0.160192 0.2327689
vn 0.5125295 0.2279359 0.136719
vn 0.4781127 0.3204665 0.04519825
vn 0.4020073 0.3852765 0.1525959
vn -0.551802 0.008304324 0.1696431
vn -0.5359237 0.1531638 0.1505321
vn -0.4228075 0.3914455 0.03657372
vn -0.3737592 0.4391008 -0.02877401
vn -0.4527816 0.3564738 -0.03533355
vn -0.5457554 0.1319729 0.1344151
vn -0.5127627 0.2209014 0.1470042
vn -0.4427758 0.05231847 0.3668048
vn -0.4919487 0.02695071 0.3009875
vn -0.5190011 0.02707086 0.2514722
vn 0.4580344 0.2759811 0.2176516
vn 0.4972385 0.1906842 0.2229948
vn 0.4924716 0.01098061 0.3011387
vn 0.5150064 -0.08218253 0.2476847
vn 0.5115535 -0.09063029 0.2518581
vn 0.3583917 0.4482059 0.06324778
vn 0.3231831 0.4536843 0.1518439
vn 0.3001757 0.4106186 0.2731672
vn 0.3690987 0.2580206 0.3612824
vn 0.4222067 0.07470612 0.3866444
vn 0.3704267 -0.01433848 0.4426193
vn 0.04026476 0.5628628 -0.122056
vn 0.09630564 0.5549257 -0.1269492
vn 0.2392808 0.5251443 0.01736408
vn 0.255454 0.5066615 0.1066339
vn 0.2646472 0.4706546 0.2044004
vn -0.3722965 0.4400973 -0.03229694
vn -0.3452639 0.4526646 0.09602644
vn -0.3261823 0.459586 0.1253763
vn -0.3273614 0.4429698 0.1730481
vn -0.3784945 0.3916466 0.1915415
vn -0.3606286 0.3296014 0.3076415
vn -0.3511322 0.1335173 0.4384207
vn -0.3292257 0.0197038 0.473873
vn -0.5635457 0.1188918 0.04017709
vn -0.5669841 -0.05020009 0.09665534
vn -0.504618 -0.2758795 0.05083773
vn -0.4502628 -0.3543512 0.0709368
vn -0.4566001 -0.2566694 0.2428384
vn -0.4331465 -0.07265643 0.3747512
vn -0.4299709 -0.1778477 0.3418019
vn -0.4449556 -0.3092244 0.1993191
vn -0.4830195 -0.2744565 0.1571594
vn -0.04117222 0.09897408 0.5673116
vn -0.07311758 -0.07581509 0.5676613
vn -0.08041275 -0.210811 0.5314376
vn 0.05303537 -0.1709167 0.5489154
vn 0.1336363 0.2313164 0.5118276
vn 0.2243979 0.003457793 0.5319465
vn 0.2026209 -0.2656463 0.4708612
vn 0.3629221 -0.2561662 0.3687814
vn 0.4267619 -0.004560711 0.3888275
vn 0.4844466 -0.1474898 0.2772933
vn 0.4971024 -0.2303278 0.1821307
vn 0.5615348 -0.1042333 0.08454194
vn 0.4959584 0.01422464 0.2952223
vn 0.4762433 -0.1617752 0.2834685
vn 0.3865193 -0.3541804 0.2418522
vn 0.3754286 -0.4227403 0.1169504
vn -0.5166976 -0.1863373 0.1778631
vn -0.5027802 -0.2477819 0.1383818
vn -0.5066049 -0.234027 0.148041
vn 0.4734193 0.313929 0.1032283
vn -0.5602452 0.1111718 0.08425798
vn -0.567219 0.09721394 0.04631748
vn -0.5760207 0.001853737 0.03911444
vn -0.5266002 -0.2328222 0.04265376
vn -0.457182 -0.2003236 0.2901524
vn -0.4968251 -0.1196294 0.2686763
vn -0.4790336 -0.2637911 0.1851332
vn -0.4807923 -0.09450071 0.3053551
vn -0.4634503 -0.1930257 0.2851109
vn -0.4775197 -0.1714863 0.2755008
vn -0.4098509 -0.00710798 0.4065773
vn -0.2442265 0.2203559 0.4744788
vn -0.007416291 -0.243465 0.5234533
vn -0.4916573 -0.09881281 0.2860813
vn -0.5180426 -0.1501299 0.2059762
vn -0.5050079 -0.1826878 0.2119566
vn -0.4739016 -0.02878451 0.3285149
vn 0.3041308 0.007293452 0.4906982
vn -0.2502847 0.0532205 0.5175505
vn 0.5711 0.02136333 0.08198537
vn 0.569757 -0.05606625 0.07461105
vn 0.5082589 -0.2658631 0.06574975
vn 0.4412397 -0.3563738 0.1078824
vn 0.4563245 -0.2306563 0.2681399
vn 0.4424912 -0.1515256 0.3384891
vn 0.4426193 -0.155902 0.3363273
vn 0.4204905 -0.2888025 0.2703964
vn 0.4655697 -0.2374809 0.2453182
vn 0.5445324 0.1916958 0.008392758
vn 0.562021 0.1296094 -0.02582827
vn 0.5752943 -0.04460338 -0.0195034
vn 0.528954 -0.2312543 0.007897218
vn 0.4501056 -0.3315474 0.1442728
vn 0.5001584 -0.1953623 0.212152
vn -0.1327069 0.5617754 0.01143416
vn -0.1976138 0.5388011 0.06305262
vn -0.05246873 -0.1345119 0.5590054
vn -0.03884188 0.1037681 0.5666189
vn -0.02144332 0.463946 0.3429691
vn -0.06679469 0.5686564 0.07417378
vn -0.07220537 0.5631123 -0.1049968
vn -0.05488372 0.5616524 -0.121934
vn -0.07062333 0.572847 -0.0138604
vn -0.01627858 0.5771096 0.003603548
vn 0.02630073 -0.1394769 0.5596319
vn 0.1001422 0.09629239 0.5603863
vn 0.2290125 0.4237455 0.3183182
vn 0.1927882 0.5394275 0.0720005
vn 0.1724092 0.5435753 -0.09019101
vn 0.1235989 0.5556358 -0.09656934
vn 0.1355867 0.5611798 -0.005197154
vn 0.2086183 0.5380996 -0.01614756
vn 0.01995189 -0.1367978 0.5605548
vn 0.2574091 0.03927555 0.5152974
vn 0.4147317 0.3041099 0.2623893
vn 0.4204056 0.3861015 0.0867072
vn 0.3795 0.4338331 -0.03319571
vn 0.2969102 0.4802008 -0.1207682
vn 0.3155672 0.4736197 -0.09713498
vn 0.3344885 0.470185 0.01941276
vn -0.1253544 -0.02274461 0.5631185
vn -0.2564242 0.06822476 0.5127626
vn -0.4131954 0.2871642 0.2830895
vn -0.4278755 0.3873734 0.01406223
vn -0.351375 0.4375097 -0.1358464
vn -0.303957 0.4775937 -0.1133481
vn -0.3260976 0.4491303 0.1589832
vn -0.3647438 0.3573853 0.2693903
vn 0.4189912 0.3906723 0.07179785
vn 0.4318478 0.3535702 0.1477462
vn 0.3376155 0.3240278 0.3381643
vn 0.3224224 0.2187639 0.4260512
vn 0.3548025 0.02559958 0.4547452
vn 0.3358936 0.04056831 0.4678281
vn 0.3634137 0.1028819 0.4366683
vn -0.5669841 -0.05020009 0.09665534
vn -0.5468613 0.04553893 0.1794496
vn 0.5415207 0.09865784 0.1742275
vn 0.3834625 0.01727099 0.4312674
vn 0.416764 0.1970743 0.3475671
vn 0.4640711 0.3232343 0.1161505
vn 0.4378247 0.3760523 -0.01508534
vn 0.4128067 0.4036287 -0.002791306
vn 0.3905157 0.424176 0.03009303
vn 0.3824049 0.4315292 -0.02970648
vn 0.5279129 -0.002512544 0.2337413
vn 0.5410616 0.09077673 0.1798476
vn 0.5136151 0.250911 0.08109579
vn 0.4786105 0.3109536 0.08702387
vn 0.444014 0.2744965 0.2466507
vn 0.2378617 -0.03042005 0.5251951
vn 0.3012883 0.03783031 0.4910475
vn 0.4489858 0.2533192 0.259951
vn 0.4219207 0.3925868 0.03452425
vn 0.3432963 0.450998 -0.1099175
vn 0.2464127 0.4976855 -0.1578715
vn 0.2748543 0.5076249 0.01027196
vn 0.3624524 0.4284751 0.1355388
vn 0.4482803 -0.1320373 0.3390343
vn 0.0887636 -0.2906418 0.490899
vn -0.03220036 -0.2188996 0.5332725
vn -0.171068 0.04708923 0.5494104
vn -0.4831431 0.04151029 0.3133416
vn -0.5049062 0.1510031 0.2357988
vn -0.4522334 0.242974 0.2641626
vn -0.3973404 0.01418386 0.4186321
vn -0.3446875 0.07507002 0.4570431
vn -0.2217309 -0.04049382 0.5315347
vn -0.4145919 0.04377192 0.3994132
vn -0.2031731 0.0005056438 0.5404201
vn -0.4539102 0.04760809 0.3535991
vn -0.247166 0.09608453 0.5128452
vn -0.4142686 0.3999749 -0.04165358
vn -0.4339684 0.3666731 0.1027407
vn -0.4544065 0.1823189 0.305954
vn -0.5224744 0.03999988 0.2423918
vn -0.5583493 -0.004551408 0.1468287
vn -0.528241 0.01874672 0.2322571
vn -0.541297 0.1307582 0.1524243
vn -0.5172354 0.207856 0.150322
vn -0.4771513 -0.008268829 0.3249485
vn -0.4496643 0.05161326 0.3584292
vn -0.3323044 -0.03691506 0.4706851
vn -0.4944696 0.001112974 0.2980467
vn -0.3121603 0.02072607 0.485242
vn -0.5161898 -0.01662133 0.2580796
vn -0.3455512 0.08295907 0.4550226
vn -0.442076 0.3641209 -0.07292504
vn -0.4873886 0.3084383 0.02552496
vn -0.5279474 0.1488833 0.1801072
vn -0.5617462 -0.02009548 0.1317973
vn -0.5669955 -0.1078623 0.0146661
vn -0.4800415 -0.3178819 0.04294777
vn -0.4923126 -0.226738 0.1988755
vn -0.5399693 0.03442019 0.2014492
vn -0.5397127 -0.1806732 0.09695726
vn -0.4962485 0.2725199 0.1131533
vn -0.5480782 0.1130997 0.1419578
vn -0.4571012 0.3291868 0.1266011
vn -0.4435842 0.3283447 0.1695763
vn -0.4236478 0.3610804 0.1532216
vn -0.3497477 0.4138222 0.199402
vn -0.443206 -0.08858325 0.3592419
vn -0.4850321 0.07816617 0.3032609
vn -0.4279415 0.3781969 0.08465527
vn -0.4589889 0.3454869 0.05745722
vn -0.509039 0.2617056 0.07564845
vn 0.2190963 -0.254362 0.4697128
vn 0.3315208 -0.2100334 0.423454
vn 0.3816549 -0.09704517 0.4222028
vn 0.2451614 -0.221127 0.4736372
vn 0.5263235 -0.1158667 0.2071033
vn 0.5201408 0.0485617 0.2458222
vn 0.5744677 -0.04666669 0.03379807
vn 0.5476825 0.1601299 0.08795208
vn 0.5679265 0.05592367 -0.08755132
vn 0.5097413 0.2592859 -0.0791702
vn 0.554971 0.1258589 -0.09746797
vn 0.417401 0.374127 -0.138343
vn 0.5570304 0.09077796 0.1216953
vn 0.443076 0.3695674 0.02090421
vn 0.5396526 0.06951004 0.1930716
vn 0.4920163 0.2586929 0.1559847
vn 0.3868248 -0.01928297 0.4281684
vn 0.2958006 -0.1470752 0.4735021
vn 0.4597172 0.2135617 0.276378
vn 0.4521509 0.3365753 0.1249399
vn 0.4030891 0.4121529 -0.03134616
vn 0.2699001 0.4907022 -0.1403522
vn 0.2069312 0.5340753 -0.07263954
vn 0.2488199 0.5195205 0.03899492
vt 0.7959086 0.5823892
vt 0.6573641 0.5823892
vt 0.7959086 0.5198988
vt 0.6573641 0.5198988
vt 0.7959086 0.4284886
vt 0.6573641 0.4284886
vt 0.7959086 0.2643747
vt 0.6573641 0.2643748
vt 0.7959086 0.0447083
vt 0.6573641 0.0447083
vt 0.7959086 0.5823892
vt 0.6573641 0.5823892
vt 0.7959086 0.4900156
vt 0.6573641 0.4900157
vt 0.7959086 0.4140004
vt 0.6573641 0.4140004
vt 0.7959086 0.294652
vt 0.6573641 0.294652
vt 0.7959086 0.1689425
vt 0.6573641 0.1689426
vt 0.7959086 0.0447083
vt 0.6573641 0.0447083
vt 0.3063516 0.919052
vt 0.1645935 0.919052
vt 0.3063515 0.8121904
vt 0.1645935 0.8121904
vt 0.3063515 0.6927487
vt 0.1645935 0.6927487
vt 0.3063515 0.5643798
vt 0.1645934 0.5643798
vt 0.3063515 0.4114419
vt 0.1645934 0.4114419
vt 0.3063515 0.2462708
vt 0.1645933 0.2462708
vt 0.3063514 0.02871549
vt 0.1645933 0.02871551
vt 0.6287944 0.5519987
vt 0.4886323 0.5519987
vt 0.6287944 0.4803648
vt 0.4886323 0.4803648
vt 0.6287944 0.395379
vt 0.4886323 0.395379
vt 0.6287944 0.3101179
vt 0.4886323 0.3101179
vt 0.6287944 0.2229929
vt 0.4886323 0.2229929
vt 0.6287944 0.1347528
vt 0.4886323 0.1347528
vt 0.6287944 0.04553814
vt 0.4886323 0.04553814
vt 0.1402759 0.9539728
vt 0.007039419 0.9539728
vt 0.1402759 0.8767912
vt 0.007039419 0.8767912
vt 0.1402759 0.7472644
vt 0.007039419 0.7472646
vt 0.1402759 0.5799297
vt 0.007039419 0.5799299
vt 0.1402759 0.4107244
vt 0.007039419 0.4107244
vt 0.1402759 0.2670542
vt 0.007039419 0.2670542
vt 0.469977 0.681641
vt 0.3196985 0.681641
vt 0.469977 0.5792757
vt 0.3196985 0.5792759
vt 0.469977 0.4547325
vt 0.3196985 0.4547325
vt 0.469977 0.3496
vt 0.3196985 0.3496
vt 0.469977 0.04352531
vt 0.3196985 0.04352531
vt 0.6287944 0.5519987
vt 0.4886323 0.5519987
vt 0.6287944 0.4508003
vt 0.4886323 0.4508003
vt 0.6287944 0.3288014
vt 0.4886323 0.3288014
vt 0.6287944 0.1807119
vt 0.4886323 0.1807119
vt 0.6287944 0.04553814
vt 0.4886323 0.04553814
vt 0.6287944 0.5519987
vt 0.4886323 0.5519987
vt 0.6287944 0.434986
vt 0.4886323 0.434986
vt 0.6287944 0.2912246
vt 0.4886323 0.2912246
vt 0.6287944 0.1503286
vt 0.4886323 0.1503286
vt 0.6287944 0.04553814
vt 0.4886323 0.04553814
vt 0.4699771 0.681641
vt 0.3196986 0.681641
vt 0.469977 0.5392854
vt 0.3196986 0.5392854
vt 0.469977 0.3552104
vt 0.3196985 0.3552104
vt 0.469977 0.2278396
vt 0.3196985 0.2278396
vt 0.4699769 0.0435253
vt 0.3196985 0.04352537
vt 0.9693909 0.4535163
vt 0.8259199 0.4535163
vt 0.9693909 0.3635037
vt 0.8259199 0.3635037
vt 0.9693909 0.2452277
vt 0.8259199 0.2452277
vt 0.9693909 0.139225
vt 0.8259199 0.139225
vt 0.9693909 0.05589247
vt 0.8259199 0.05589247
vt 0.469977 0.681641
vt 0.3196985 0.681641
vt 0.469977 0.6045786
vt 0.3196985 0.6045787
vt 0.469977 0.5069019
vt 0.3196985 0.506902
vt 0.469977 0.4153745
vt 0.3196985 0.4153745
vt 0.469977 0.3022374
vt 0.3196985 0.3022374
vt 0.469977 0.1679901
vt 0.3196985 0.1679901
vt 0.7959086 0.5823892
vt 0.6573641 0.5823892
vt 0.7959086 0.4382235
vt 0.6573641 0.4382235
vt 0.7959086 0.3135932
vt 0.6573641 0.3135932
vt 0.7959086 0.1889316
vt 0.6573641 0.1889316
vt 0.7959086 0.0447083
vt 0.6573641 0.0447083
vt 0.9693907 0.4535165
vt 0.8259199 0.4535165
vt 0.9693907 0.3298232
vt 0.8259198 0.3298232
vt 0.9693907 0.1971469
vt 0.8259198 0.1971469
vt 0.9693907 0.05589259
vt 0.8259197 0.05589259
vt 0.469977 0.681641
vt 0.3196985 0.681641
vt 0.469977 0.5352007
vt 0.3196985 0.5352007
vt 0.469977 0.3817665
vt 0.3196985 0.3817665
vt 0.469977 0.2165206
vt 0.3196985 0.2165206
vt 0.7959086 0.5823892
vt 0.6573641 0.5823892
vt 0.7959086 0.4085332
vt 0.6573641 0.4085332
vt 0.7959086 0.2855129
vt 0.6573641 0.2855129
vt 0.7959086 0.1662952
vt 0.6573641 0.1662952
vt 0.7959086 0.0447083
vt 0.6573641 0.0447083
vt 0.9693909 0.4535163
vt 0.8259199 0.4535163
vt 0.9693909 0.3359962
vt 0.8259199 0.3359962
vt 0.9693909 0.2449083
vt 0.8259199 0.2449083
vt 0.9693909 0.1567038
vt 0.8259199 0.1567038
vt 0.6268332 0.8840086
vt 0.496784 0.8840086
vt 0.6268332 0.777329
vt 0.496784 0.777329
vt 0.6268332 0.6872123
vt 0.496784 0.6872123
vt 0.6268332 0.6144854
vt 0.496784 0.6144854
vt 0.6268332 0.8840086
vt 0.496784 0.8840086
vt 0.6268332 0.8120281
vt 0.496784 0.8120281
vt 0.6268332 0.7365708
vt 0.496784 0.7365708
vt 0.6268332 0.6144854
vt 0.496784 0.6144854
vt 0.9616159 0.7089435
vt 0.8310591 0.7089435
vt 0.9616159 0.6559923
vt 0.8310591 0.6559923
vt 0.9616159 0.584361
vt 0.8310591 0.584361
vt 0.9616159 0.4962209
vt 0.8310591 0.4962209
vt 0.9616159 0.7089435
vt 0.8310591 0.7089435
vt 0.9616159 0.6438299
vt 0.8310591 0.6438299
vt 0.9616159 0.5655216
vt 0.8310591 0.5655216
vt 0.9616159 0.4962209
vt 0.8310591 0.4962209
vt 0.6268332 0.8840086
vt 0.496784 0.8840086
vt 0.6268332 0.8136425
vt 0.496784 0.8136425
vt 0.6268332 0.7600634
vt 0.496784 0.7600634
vt 0.6268332 0.7080369
vt 0.496784 0.7080369
vt 0.6268332 0.6607823
vt 0.496784 0.6607823
vt 0.6268332 0.6144854
vt 0.496784 0.6144854
vt 0.9616159 0.7089435
vt 0.8310591 0.7089435
vt 0.9616159 0.6240543
vt 0.8310591 0.6240543
vt 0.9616159 0.5638908
vt 0.8310591 0.5638908
vt 0.3196985 0.2192644
vt 0.469977 0.2192643
vt 0.7959086 0.4989232
vt 0.6573641 0.4989232
vt 0.6573641 0.4147866
vt 0.7959086 0.4147866
vt 0.6573641 0.2979879
vt 0.7959086 0.2979879
vt 0.6573641 0.1821039
vt 0.7959086 0.1821039
vt 0.6573641 0.0447083
vt 0.7959086 0.0447083
vt 0.9616159 0.4962209
vt 0.8310591 0.4962209
vt 0.9693909 0.05589247
vt 0.8259199 0.05589247
vt 0.7877592 0.8741576
vt 0.6558049 0.8741576
vt 0.6558049 0.7970284
vt 0.7877592 0.7970284
vt 0.6558049 0.7223178
vt 0.7877592 0.7223178
vt 0.6558049 0.6304331
vt 0.7877592 0.6304331
vt 0.9616159 0.7089435
vt 0.8310591 0.7089435
vt 0.8310591 0.6545565
vt 0.9616159 0.6545565
vt 0.8310591 0.5791271
vt 0.9616159 0.5791271
vt 0.8310591 0.4962209
vt 0.9616159 0.4962209
vt 0.7877592 0.8741576
vt 0.6558049 0.8741576
vt 0.6558049 0.7847253
vt 0.7877592 0.7847253
vt 0.6558049 0.7055498
vt 0.7877592 0.7055498
vt 0.6558049 0.6304331
vt 0.7877592 0.6304331
vt 0.9616159 0.7089435
vt 0.8310591 0.7089435
vt 0.8310591 0.6292522
vt 0.9616159 0.6292522
vt 0.8310591 0.5581334
vt 0.9616159 0.5581334
vt 0.8310591 0.4962209
vt 0.9616159 0.4962209
vt 0.9616159 0.7089435
vt 0.8310591 0.7089435
vt 0.8310591 0.6493045
vt 0.9616159 0.6493045
vt 0.8310591 0.5790591
vt 0.9616159 0.5790591
vt 0.8310591 0.4962209
vt 0.9616159 0.4962209
vt 0.469977 0.04352531
vt 0.3196985 0.04352531
vt 0.469977 0.04352531
vt 0.3196985 0.04352531
vt 0.6573641 0.5823892
vt 0.7959086 0.5823892
vt 0.7959086 0.4539225
vt 0.6573641 0.4539225
vt 0.7959086 0.2821676
vt 0.6573641 0.2821676
vt 0.7959086 0.1636977
vt 0.6573641 0.1636977
vt 0.7959086 0.0447083
vt 0.6573641 0.0447083
vt 0.3196985 0.681641
vt 0.469977 0.681641
vt 0.469977 0.4364227
vt 0.3196985 0.4364227
vt 0.469977 0.3238086
vt 0.3196985 0.3238086
vt 0.469977 0.1991608
vt 0.3196985 0.1991608
vt 0.8310591 0.7089435
vt 0.9616159 0.7089435
vt 0.9616159 0.633056
vt 0.8310591 0.633056
vt 0.9616159 0.5546118
vt 0.8310591 0.5546118
vt 0.6573641 0.5018573
vt 0.7959086 0.5018573
vt 0.7959086 0.3976819
vt 0.6573641 0.3976819
vt 0.7959086 0.2994088
vt 0.6573641 0.2994088
vt 0.7959086 0.1837649
vt 0.6573641 0.1837649
vt 0.7959086 0.0447083
vt 0.6573641 0.0447083
vt 0.9616159 0.4962209
vt 0.8310591 0.4962209
vt 0.469977 0.04352531
vt 0.3196985 0.04352531
vt 0.6558049 0.8261197
vt 0.7877592 0.8261197
vt 0.1402759 0.1397722
vt 0.007039419 0.1397723
vt 0.1402759 0.009032788
vt 0.007039419 0.009032788
vt 0.3063515 0.9190519
vt 0.1645935 0.9190519
vt 0.1645935 0.8243983
vt 0.3063515 0.8243983
vt 0.1645935 0.707554
vt 0.3063515 0.707554
vt 0.1645935 0.5574585
vt 0.3063515 0.5574585
vt 0.1645935 0.4059535
vt 0.3063515 0.4059535
vt 0.1645935 0.2740144
vt 0.3063515 0.2740144
vt 0.1645935 0.1513354
vt 0.3063515 0.1513354
vt 0.1645935 0.02871546
vt 0.3063515 0.02871546
vt 0.1402759 0.9539728
vt 0.007039419 0.9539728
vt 0.007039419 0.8649714
vt 0.1402759 0.8649714
vt 0.007039419 0.7393139
vt 0.1402759 0.7393139
vt 0.007039419 0.5748402
vt 0.1402759 0.5748402
vt 0.007039419 0.4080949
vt 0.1402759 0.4080949
vt 0.007039419 0.2617139
vt 0.1402759 0.2617139
vt 0.007039419 0.1311419
vt 0.1402759 0.1311419
vt 0.007039419 0.009032788
vt 0.1402759 0.009032788
vt 0.3063515 0.9190519
vt 0.1645935 0.9190519
vt 0.1645935 0.8500165
vt 0.3063515 0.8500165
vt 0.1645935 0.7388692
vt 0.3063515 0.7388692
vt 0.1645935 0.5927514
vt 0.3063515 0.5927513
vt 0.1645935 0.4396183
vt 0.3063515 0.4396183
vt 0.1645935 0.3016905
vt 0.3063515 0.3016905
vt 0.1645935 0.1650182
vt 0.3063515 0.1650182
vt 0.1645935 0.02871546
vt 0.3063515 0.02871546
vt 0.1402759 0.9539728
vt 0.007039419 0.9539728
vt 0.007039419 0.864786
vt 0.1402759 0.864786
vt 0.007039419 0.7410377
vt 0.1402759 0.7410377
vt 0.007039419 0.5723488
vt 0.1402759 0.5723488
vt 0.007039419 0.4128986
vt 0.1402759 0.4128986
vt 0.007039419 0.2776726
vt 0.1402759 0.2776726
vt 0.007039419 0.1437009
vt 0.1402759 0.1437008
vt 0.007039419 0.009032788
vt 0.1402759 0.009032788
vt 0.469977 0.681641
vt 0.3196985 0.681641
vt 0.3196985 0.6046045
vt 0.469977 0.6046045
vt 0.3196985 0.5098308
vt 0.469977 0.5098307
vt 0.3196985 0.4063968
vt 0.469977 0.4063967
vt 0.3196985 0.2882421
vt 0.469977 0.2882421
vt 0.3196985 0.1650663
vt 0.469977 0.1650663
vt 0.3196985 0.04352531
vt 0.469977 0.04352531
vt 0.6573641 0.5086282
vt 0.7959086 0.5086282
vt 0.7877592 0.8741576
vt 0.6558049 0.8741576
vt 0.6558049 0.8249568
vt 0.7877592 0.8249568
vt 0.7877592 0.7762537
vt 0.6558049 0.7762537
vt 0.6558049 0.6953465
vt 0.7877592 0.6953465
vt 0.6558049 0.6304331
vt 0.7877592 0.6304331
vt 0.9616159 0.7089435
vt 0.8310591 0.7089435
vt 0.8310591 0.628859
vt 0.9616159 0.628859
vt 0.8310591 0.5572544
vt 0.9616159 0.5572544
vt 0.8310591 0.4962209
vt 0.9616159 0.4962209
vt 0.7959086 0.5823892
vt 0.6573641 0.5823892
vt 0.6573641 0.5823892
vt 0.7959086 0.5823892
vt 0.3196985 0.681641
vt 0.469977 0.681641
vt 0.469977 0.5940552
vt 0.3196985 0.5940552
vt 0.469977 0.4828888
vt 0.3196985 0.482889
vt 0.469977 0.3711384
vt 0.3196985 0.3711384
vt 0.469977 0.2654064
vt 0.3196985 0.2654064
vt 0.469977 0.1601745
vt 0.3196985 0.1601745
vt 0.469977 0.04352531
vt 0.3196985 0.04352531
vt 0.6573642 0.5823892
vt 0.7959087 0.5823892
vt 0.7959087 0.4529074
vt 0.6573641 0.4529074
vt 0.7959087 0.3101963
vt 0.6573641 0.3101963
vt 0.7959086 0.1862892
vt 0.6573641 0.1862892
vt 0.7959086 0.04470831
vt 0.6573641 0.04470831
vt 0.007039419 0.9539728
vt 0.1402759 0.9539728
vt 0.1402759 0.8841493
vt 0.007039419 0.8841493
vt 0.1402759 0.7694802
vt 0.007039419 0.7694802
vt 0.1402759 0.6101292
vt 0.007039419 0.6101294
vt 0.1402759 0.433695
vt 0.007039419 0.433695
vt 0.1402759 0.286005
vt 0.007039419 0.286005
vt 0.1402759 0.1534357
vt 0.007039419 0.1534358
vt 0.1402759 0.009032788
vt 0.007039419 0.009032788
vt 0.3196985 0.548888
vt 0.469977 0.548888
vt 0.2354725 0.919052
vt 0.2354725 0.8121904
vt 0.2354725 0.6927487
vt 0.2354725 0.5643798
vt 0.2354724 0.4114419
vt 0.2354724 0.2462708
vt 0.2354724 0.0287155
vt 0.5587133 0.5519987
vt 0.5587133 0.4803648
vt 0.5587133 0.395379
vt 0.5587133 0.3101179
vt 0.5587133 0.2229929
vt 0.5587133 0.1347528
vt 0.5587133 0.04553814
vt 0.07365763 0.9539728
vt 0.07365764 0.8767912
vt 0.07365764 0.7472645
vt 0.07365764 0.5799298
vt 0.07365764 0.4107244
vt 0.07365764 0.2670542
vt 0.3948378 0.681641
vt 0.3948378 0.5792758
vt 0.3948378 0.4547325
vt 0.3948378 0.3496
vt 0.3948378 0.04352531
vt 0.5587133 0.5519987
vt 0.5587133 0.434986
vt 0.5587133 0.2912246
vt 0.5587133 0.1503286
vt 0.5587133 0.04553814
vt 0.3948378 0.681641
vt 0.3948378 0.5392854
vt 0.3948378 0.3552104
vt 0.3948378 0.2278396
vt 0.3948377 0.04352533
vt 0.8976554 0.4535163
vt 0.8976554 0.3635037
vt 0.8976554 0.2452277
vt 0.8976554 0.139225
vt 0.8976554 0.05589247
vt 0.3948378 0.681641
vt 0.3948378 0.6045786
vt 0.3948378 0.5069019
vt 0.3948378 0.4153745
vt 0.3948378 0.3022374
vt 0.3948378 0.1679901
vt 0.7266364 0.5823892
vt 0.7266364 0.4382235
vt 0.7266364 0.3135932
vt 0.7266364 0.1889316
vt 0.7266364 0.0447083
vt 0.8976553 0.4535165
vt 0.8976552 0.3298232
vt 0.8976552 0.1971469
vt 0.8976552 0.05589259
vt 0.3948378 0.681641
vt 0.3948378 0.5352007
vt 0.3948378 0.3817665
vt 0.3948378 0.2165206
vt 0.7266364 0.5823892
vt 0.7266364 0.4085332
vt 0.7266364 0.2855129
vt 0.7266364 0.1662952
vt 0.7266364 0.0447083
vt 0.8976554 0.4535163
vt 0.8976554 0.3359962
vt 0.8976554 0.2449083
vt 0.8976554 0.1567038
vt 0.5618086 0.8840086
vt 0.5618086 0.777329
vt 0.5618086 0.6872123
vt 0.5618086 0.6144854
vt 0.5618086 0.8840086
vt 0.5618086 0.8120281
vt 0.5618086 0.7365708
vt 0.5618086 0.6144854
vt 0.8963375 0.7089435
vt 0.8963375 0.6559923
vt 0.8963375 0.584361
vt 0.8963375 0.4962209
vt 0.8963375 0.7089435
vt 0.8963375 0.6438299
vt 0.8963375 0.5655216
vt 0.8963375 0.4962209
vt 0.8963375 0.7089435
vt 0.8963375 0.6240543
vt 0.8963375 0.5638908
vt 0.3948378 0.2192644
vt 0.7266364 0.4989232
vt 0.7266364 0.4147866
vt 0.7266364 0.2979879
vt 0.7266364 0.1821039
vt 0.7266364 0.0447083
vt 0.8963375 0.4962209
vt 0.8976554 0.05589247
vt 0.7217821 0.8741576
vt 0.7217821 0.7970284
vt 0.7217821 0.7223178
vt 0.7217821 0.6304331
vt 0.7217821 0.8741576
vt 0.7217821 0.6304331
vt 0.8963375 0.7089435
vt 0.8963375 0.6493045
vt 0.8963375 0.5790591
vt 0.8963375 0.4962209
vt 0.3948378 0.04352531
vt 0.3948378 0.04352531
vt 0.7266364 0.5823892
vt 0.7266364 0.4539225
vt 0.7266364 0.2821676
vt 0.7266364 0.1636977
vt 0.7266364 0.0447083
vt 0.3948378 0.681641
vt 0.3948378 0.4364227
vt 0.3948378 0.3238086
vt 0.3948378 0.1991608
vt 0.7266364 0.5018573
vt 0.7266364 0.3976819
vt 0.7266364 0.2994088
vt 0.7266364 0.1837649
vt 0.7266364 0.0447083
vt 0.3948378 0.04352531
vt 0.07365764 0.1397723
vt 0.07365764 0.009032788
vt 0.2354725 0.9190519
vt 0.2354725 0.8243983
vt 0.2354725 0.707554
vt 0.2354725 0.5574585
vt 0.2354725 0.4059535
vt 0.2354725 0.2740144
vt 0.2354725 0.1513354
vt 0.2354725 0.02871546
vt 0.07365763 0.9539728
vt 0.07365764 0.8649714
vt 0.07365764 0.7393139
vt 0.07365764 0.5748402
vt 0.07365764 0.4080949
vt 0.07365764 0.2617139
vt 0.07365764 0.1311419
vt 0.07365764 0.009032788
vt 0.2354725 0.9190519
vt 0.2354725 0.8500165
vt 0.2354725 0.7388692
vt 0.2354725 0.5927514
vt 0.2354725 0.4396183
vt 0.2354725 0.3016905
vt 0.2354725 0.1650182
vt 0.2354725 0.02871546
vt 0.07365763 0.9539728
vt 0.07365764 0.864786
vt 0.07365764 0.7410377
vt 0.07365764 0.5723488
vt 0.07365764 0.4128986
vt 0.07365764 0.2776726
vt 0.07365764 0.1437008
vt 0.07365764 0.009032788
vt 0.3948378 0.681641
vt 0.3948378 0.6046045
vt 0.3948378 0.5098307
vt 0.3948378 0.4063967
vt 0.3948378 0.2882421
vt 0.3948378 0.1650663
vt 0.3948378 0.04352531
vt 0.7266364 0.5086282
vt 0.7266364 0.5823892
vt 0.7266364 0.5823892
vt 0.3948378 0.681641
vt 0.3948378 0.5940552
vt 0.3948378 0.4828889
vt 0.3948378 0.3711384
vt 0.3948378 0.2654064
vt 0.3948378 0.1601745
vt 0.3948378 0.04352531
vt 0.7266364 0.5823892
vt 0.7266364 0.4529074
vt 0.7266364 0.3101963
vt 0.7266364 0.1862892
vt 0.7266363 0.04470831
vt 0.07365763 0.9539728
vt 0.07365764 0.8841493
vt 0.07365764 0.7694802
vt 0.07365764 0.6101292
vt 0.07365764 0.433695
vt 0.07365764 0.286005
vt 0.07365764 0.1534357
vt 0.07365764 0.009032788
vt 0.3948378 0.548888
vt 0.7217821 0.7055498
vt 0.7217821 0.7847253
vt 0.7217821 0.8261197
vt 0.4699771 0.681641
vt 0.3948378 0.681641
vt 0.3948378 0.5392854
vt 0.469977 0.5392854
vt 0.3948378 0.3552104
vt 0.469977 0.3552104
vt 0.3948378 0.2278396
vt 0.469977 0.2278396
vt 0.3948377 0.04352533
vt 0.4699769 0.0435253
vt 0.3196986 0.681641
vt 0.3196986 0.5392854
vt 0.3196985 0.3552104
vt 0.3196985 0.2278396
vt 0.3196985 0.04352537
vt 0.4699771 0.681641
vt 0.3948378 0.681641
vt 0.3948378 0.5392854
vt 0.469977 0.5392854
vt 0.3948378 0.3552104
vt 0.469977 0.3552104
vt 0.3948378 0.2278396
vt 0.469977 0.2278396
vt 0.3948377 0.04352533
vt 0.4699769 0.0435253
vt 0.3196986 0.681641
vt 0.3196986 0.5392854
vt 0.3196985 0.3552104
vt 0.3196985 0.2278396
vt 0.3196985 0.04352537
vt 0.6287944 0.5519987
vt 0.5587133 0.5519987
vt 0.5587133 0.434986
vt 0.6287944 0.434986
vt 0.5587133 0.2912246
vt 0.6287944 0.2912246
vt 0.5587133 0.1503286
vt 0.6287944 0.1503286
vt 0.5587133 0.04553814
vt 0.6287944 0.04553814
vt 0.4886323 0.5519987
vt 0.4886323 0.434986
vt 0.4886323 0.2912246
vt 0.4886323 0.1503286
vt 0.4886323 0.04553814
vt 0.007039419 0.9539728
vt 0.007039419 0.8841493
vt 0.07365764 0.8841493
vt 0.07365763 0.9539728
vt 0.007039419 0.7694802
vt 0.07365764 0.7694802
vt 0.007039419 0.6101294
vt 0.07365764 0.6101292
vt 0.007039419 0.433695
vt 0.07365764 0.433695
vt 0.007039419 0.286005
vt 0.07365764 0.286005
vt 0.007039419 0.1534358
vt 0.07365764 0.1534357
vt 0.007039419 0.009032788
vt 0.07365764 0.009032788
vt 0.1402759 0.8841493
vt 0.1402759 0.9539728
vt 0.1402759 0.7694802
vt 0.1402759 0.6101292
vt 0.1402759 0.433695
vt 0.1402759 0.286005
vt 0.1402759 0.1534357
vt 0.1402759 0.009032788
usemtl troll_hair
f 4916/4916/4916 4917/4917/4917 4919/4919/4919
f 4919/4919/4919 4918/4918/4918 4916/4916/4916
f 4920/4920/4920 4918/4918/4918 4919/4919/4919
f 4919/4919/4919 4921/4921/4921 4920/4920/4920
f 4920/4920/4920 4921/4921/4921 4923/4923/4923
f 4922/4922/4922 4920/4920/4920 4923/4923/4923
f 4924/4924/4924 4922/4922/4922 4923/4923/4923
f 4923/4923/4923 4925/4925/4925 4924/4924/4924
f 4926/4926/4926 4927/4927/4927 4929/4929/4929
f 4929/4929/4929 4928/4928/4928 4926/4926/4926
f 4930/4930/4930 4928/4928/4928 4929/4929/4929
f 4929/4929/4929 4931/4931/4931 4930/4930/4930
f 4932/4932/4932 4930/4930/4930 4931/4931/4931
f 4931/4931/4931 4933/4933/4933 4932/4932/4932
f 4933/4933/4933 4935/4935/4935 4932/4932/4932
f 4932/4932/4932 4935/4935/4935 4934/4934/4934
f 4934/4934/4934 4935/4935/4935 4937/4937/4937
f 4936/4936/4936 4934/4934/4934 4937/4937/4937
f 4938/4938/4938 5382/5382/5382 4940/4940/4940
f 5382/5382/5382 5383/5383/5383 4940/4940/4940
f 4940/4940/4940 5383/5383/5383 5384/5384/5384
f 5384/5384/5384 4942/4942/4942 4940/4940/4940
f 4944/4944/4944 4942/4942/4942 5384/5384/5384
f 5384/5384/5384 5385/5385/5385 4944/4944/4944
f 4944/4944/4944 5385/5385/5385 5386/5386/5386
f 4946/4946/4946 4944/4944/4944 5386/5386/5386
f 4946/4946/4946 5386/5386/5386 5387/5387/5387
f 5387/5387/5387 4948/4948/4948 4946/4946/4946
f 4950/4950/4950 4948/4948/4948 5387/5387/5387
f 5387/5387/5387 5388/5388/5388 4950/4950/4950
f 5383/5383/5383 5382/5382/5382 4939/4939/4939
f 4939/4939/4939 4941/4941/4941 5383/5383/5383
f 5384/5384/5384 5383/5383/5383 4941/4941/4941
f 4941/4941/4941 4943/4943/4943 5384/5384/5384
f 5385/5385/5385 5384/5384/5384 4943/4943/4943
f 4943/4943/4943 4945/4945/4945 5385/5385/5385
f 5385/5385/5385 4947/4947/4947 5386/5386/5386
f 4945/4945/4945 4947/4947/4947 5385/5385/5385
f 5387/5387/5387 5386/5386/5386 4947/4947/4947
f 4947/4947/4947 4949/4949/4949 5387/5387/5387
f 4951/4951/4951 5387/5387/5387 4949/4949/4949
f 5387/5387/5387 4951/4951/4951 5388/5388/5388
f 4952/4952/4952 5389/5389/5389 4954/4954/4954
f 5390/5390/5390 4954/4954/4954 5389/5389/5389
f 5390/5390/5390 4956/4956/4956 4954/4954/4954
f 5391/5391/5391 4956/4956/4956 5390/5390/5390
f 4956/4956/4956 5391/5391/5391 5392/5392/5392
f 5392/5392/5392 4958/4958/4958 4956/4956/4956
f 4958/4958/4958 5392/5392/5392 5393/5393/5393
f 5393/5393/5393 4960/4960/4960 4958/4958/4958
f 4960/4960/4960 5393/5393/5393 5394/5394/5394
f 5394/5394/5394 4962/4962/4962 4960/4960/4960
f 4964/4964/4964 4962/4962/4962 5394/5394/5394
f 5395/5395/5395 4964/4964/4964 5394/5394/5394
f 5389/5389/5389 4953/4953/4953 5390/5390/5390
f 4955/4955/4955 5390/5390/5390 4953/4953/4953
f 4957/4957/4957 5391/5391/5391 5390/5390/5390
f 5390/5390/5390 4955/4955/4955 4957/4957/4957
f 5391/5391/5391 4957/4957/4957 4959/4959/4959
f 4959/4959/4959 5392/5392/5392 5391/5391/5391
f 5393/5393/5393 5392/5392/5392 4959/4959/4959
f 4959/4959/4959 4961/4961/4961 5393/5393/5393
f 5393/5393/5393 4963/4963/4963 5394/5394/5394
f 4961/4961/4961 4963/4963/4963 5393/5393/5393
f 4965/4965/4965 5394/5394/5394 4963/4963/4963
f 5394/5394/5394 4965/4965/4965 5395/5395/5395
f 4966/4966/4966 5396/5396/5396 5397/5397/5397
f 5397/5397/5397 4968/4968/4968 4966/4966/4966
f 4968/4968/4968 5397/5397/5397 4970/4970/4970
f 5397/5397/5397 5398/5398/5398 4970/4970/4970
f 4970/4970/4970 5398/5398/5398 5399/5399/5399
f 4970/4970/4970 5399/5399/5399 4972/4972/4972
f 4974/4974/4974 4972/4972/4972 5399/5399/5399
f 5399/5399/5399 5400/5400/5400 4974/4974/4974
f 4976/4976/4976 4974/4974/4974 5400/5400/5400
f 5400/5400/5400 5401/5401/5401 4976/4976/4976
f 4976/4976/4976 5401/5401/5401 5504/5504/5504
f 4976/4976/4976 5504/5504/5504 5234/5234/5234
f 5504/5504/5504 5505/5505/5505 5234/5234/5234
f 5234/5234/5234 5505/5505/5505 5236/5236/5236
f 5397/5397/5397 5396/5396/5396 4967/4967/4967
f 4967/4967/4967 4969/4969/4969 5397/5397/5397
f 5397/5397/5397 4969/4969/4969 4971/4971/4971
f 4971/4971/4971 5398/5398/5398 5397/5397/5397
f 5399/5399/5399 5398/5398/5398 4971/4971/4971
f 4971/4971/4971 4973/4973/4973 5399/5399/5399
f 5399/5399/5399 4975/4975/4975 5400/5400/5400
f 5399/5399/5399 4973/4973/4973 4975/4975/4975
f 5401/5401/5401 5400/5400/5400 4975/4975/4975
f 4975/4975/4975 4977/4977/4977 5401/5401/5401
f 5401/5401/5401 5235/5235/5235 5504/5504/5504
f 5401/5401/5401 4977/4977/4977 5235/5235/5235
f 5504/5504/5504 5237/5237/5237 5505/5505/5505
f 5235/5235/5235 5237/5237/5237 5504/5504/5504
f 5402/5402/5402 5403/5403/5403 4980/4980/4980
f 4980/4980/4980 4978/4978/4978 5402/5402/5402
f 4980/4980/4980 5403/5403/5403 4982/4982/4982
f 5404/5404/5404 4982/4982/4982 5403/5403/5403
f 4984/4984/4984 4982/4982/4982 5404/5404/5404
f 5404/5404/5404 5405/5405/5405 4984/4984/4984
f 5135/5135/5135 4984/4984/4984 5405/5405/5405
f 5405/5405/5405 5469/5469/5469 5135/5135/5135
f 5402/5402/5402 4979/4979/4979 5403/5403/5403
f 4981/4981/4981 5403/5403/5403 4979/4979/4979
f 5403/5403/5403 4981/4981/4981 5404/5404/5404
f 4983/4983/4983 5404/5404/5404 4981/4981/4981
f 5405/5405/5405 5404/5404/5404 4983/4983/4983
f 4983/4983/4983 4985/4985/4985 5405/5405/5405
f 5405/5405/5405 4985/4985/4985 5469/5469/5469
f 5134/5134/5134 5469/5469/5469 4985/4985/4985
f 5469/5469/5469 5134/5134/5134 5406/5406/5406
f 5134/5134/5134 4987/4987/4987 5406/5406/5406
f 5406/5406/5406 4986/4986/4986 5469/5469/5469
f 5135/5135/5135 5469/5469/5469 4986/4986/4986
f 4988/4988/4988 4989/4989/4989 4991/4991/4991
f 4990/4990/4990 4988/4988/4988 4991/4991/4991
f 4992/4992/4992 4990/4990/4990 4991/4991/4991
f 4991/4991/4991 4993/4993/4993 4992/4992/4992
f 4992/4992/4992 4993/4993/4993 4995/4995/4995
f 4992/4992/4992 4995/4995/4995 4994/4994/4994
f 4994/4994/4994 4995/4995/4995 4997/4997/4997
f 4996/4996/4996 4994/4994/4994 4997/4997/4997
f 5408/5408/5408 5000/5000/5000 4998/4998/4998
f 4998/4998/4998 5407/5407/5407 5408/5408/5408
f 5000/5000/5000 5408/5408/5408 5409/5409/5409
f 5409/5409/5409 5002/5002/5002 5000/5000/5000
f 5410/5410/5410 5002/5002/5002 5409/5409/5409
f 5410/5410/5410 5004/5004/5004 5002/5002/5002
f 5004/5004/5004 5410/5410/5410 5411/5411/5411
f 5004/5004/5004 5411/5411/5411 5006/5006/5006
f 5001/5001/5001 5408/5408/5408 5407/5407/5407
f 5407/5407/5407 4999/4999/4999 5001/5001/5001
f 5408/5408/5408 5001/5001/5001 5003/5003/5003
f 5003/5003/5003 5409/5409/5409 5408/5408/5408
f 5409/5409/5409 5005/5005/5005 5410/5410/5410
f 5003/5003/5003 5005/5005/5005 5409/5409/5409
f 5410/5410/5410 5007/5007/5007 5411/5411/5411
f 5005/5005/5005 5007/5007/5007 5410/5410/5410
f 5008/5008/5008 5412/5412/5412 5010/5010/5010
f 5412/5412/5412 5413/5413/5413 5010/5010/5010
f 5414/5414/5414 5010/5010/5010 5413/5413/5413
f 5414/5414/5414 5012/5012/5012 5010/5010/5010
f 5012/5012/5012 5414/5414/5414 5014/5014/5014
f 5415/5415/5415 5014/5014/5014 5414/5414/5414
f 5014/5014/5014 5415/5415/5415 5016/5016/5016
f 5416/5416/5416 5016/5016/5016 5415/5415/5415
f 5412/5412/5412 5009/5009/5009 5413/5413/5413
f 5011/5011/5011 5413/5413/5413 5009/5009/5009
f 5013/5013/5013 5413/5413/5413 5011/5011/5011
f 5013/5013/5013 5414/5414/5414 5413/5413/5413
f 5414/5414/5414 5013/5013/5013 5415/5415/5415
f 5015/5015/5015 5415/5415/5415 5013/5013/5013
f 5017/5017/5017 5415/5415/5415 5015/5015/5015
f 5017/5017/5017 5416/5416/5416 5415/5415/5415
f 5418/5418/5418 5018/5018/5018 5417/5417/5417
f 5418/5418/5418 5020/5020/5020 5018/5018/5018
f 5020/5020/5020 5418/5418/5418 5022/5022/5022
f 5419/5419/5419 5022/5022/5022 5418/5418/5418
f 5022/5022/5022 5419/5419/5419 5420/5420/5420
f 5420/5420/5420 5024/5024/5024 5022/5022/5022
f 5420/5420/5420 5026/5026/5026 5024/5024/5024
f 5421/5421/5421 5026/5026/5026 5420/5420/5420
f 5418/5418/5418 5417/5417/5417 5019/5019/5019
f 5019/5019/5019 5021/5021/5021 5418/5418/5418
f 5418/5418/5418 5021/5021/5021 5419/5419/5419
f 5023/5023/5023 5419/5419/5419 5021/5021/5021
f 5419/5419/5419 5023/5023/5023 5420/5420/5420
f 5025/5025/5025 5420/5420/5420 5023/5023/5023
f 5420/5420/5420 5025/5025/5025 5421/5421/5421
f 5027/5027/5027 5421/5421/5421 5025/5025/5025
f 5028/5028/5028 5422/5422/5422 5423/5423/5423
f 5423/5423/5423 5030/5030/5030 5028/5028/5028
f 5030/5030/5030 5423/5423/5423 5032/5032/5032
f 5424/5424/5424 5032/5032/5032 5423/5423/5423
f 5425/5425/5425 5032/5032/5032 5424/5424/5424
f 5032/5032/5032 5425/5425/5425 5034/5034/5034
f 5034/5034/5034 5425/5425/5425 5426/5426/5426
f 5426/5426/5426 5036/5036/5036 5034/5034/5034
f 5036/5036/5036 5426/5426/5426 5038/5038/5038
f 5427/5427/5427 5038/5038/5038 5426/5426/5426
f 5038/5038/5038 5427/5427/5427 5190/5190/5190
f 5487/5487/5487 5190/5190/5190 5427/5427/5427
f 5423/5423/5423 5422/5422/5422 5029/5029/5029
f 5029/5029/5029 5031/5031/5031 5423/5423/5423
f 5423/5423/5423 5031/5031/5031 5424/5424/5424
f 5031/5031/5031 5033/5033/5033 5424/5424/5424
f 5425/5425/5425 5424/5424/5424 5033/5033/5033
f 5033/5033/5033 5035/5035/5035 5425/5425/5425
f 5425/5425/5425 5035/5035/5035 5037/5037/5037
f 5037/5037/5037 5426/5426/5426 5425/5425/5425
f 5426/5426/5426 5037/5037/5037 5427/5427/5427
f 5039/5039/5039 5427/5427/5427 5037/5037/5037
f 5427/5427/5427 5039/5039/5039 5487/5487/5487
f 5191/5191/5191 5487/5487/5487 5039/5039/5039
f 5040/5040/5040 5428/5428/5428 5429/5429/5429
f 5429/5429/5429 5042/5042/5042 5040/5040/5040
f 5042/5042/5042 5429/5429/5429 5044/5044/5044
f 5430/5430/5430 5044/5044/5044 5429/5429/5429
f 5044/5044/5044 5430/5430/5430 5046/5046/5046
f 5431/5431/5431 5046/5046/5046 5430/5430/5430
f 5046/5046/5046 5431/5431/5431 5048/5048/5048
f 5432/5432/5432 5048/5048/5048 5431/5431/5431
f 5043/5043/5043 5429/5429/5429 5428/5428/5428
f 5429/5429/5429 5043/5043/5043 5430/5430/5430
f 5428/5428/5428 5041/5041/5041 5043/5043/5043
f 5045/5045/5045 5430/5430/5430 5043/5043/5043
f 5430/5430/5430 5045/5045/5045 5431/5431/5431
f 5047/5047/5047 5431/5431/5431 5045/5045/5045
f 5431/5431/5431 5047/5047/5047 5432/5432/5432
f 5047/5047/5047 5049/5049/5049 5432/5432/5432
f 5050/5050/5050 5434/5434/5434 5052/5052/5052
f 5433/5433/5433 5434/5434/5434 5050/5050/5050
f 5052/5052/5052 5434/5434/5434 5435/5435/5435
f 5052/5052/5052 5435/5435/5435 5054/5054/5054
f 5435/5435/5435 5436/5436/5436 5054/5054/5054
f 5054/5054/5054 5436/5436/5436 5056/5056/5056
f 5053/5053/5053 5434/5434/5434 5433/5433/5433
f 5053/5053/5053 5433/5433/5433 5051/5051/5051
f 5055/5055/5055 5434/5434/5434 5053/5053/5053
f 5055/5055/5055 5435/5435/5435 5434/5434/5434
f 5057/5057/5057 5435/5435/5435 5055/5055/5055
f 5057/5057/5057 5436/5436/5436 5435/5435/5435
f 5438/5438/5438 5060/5060/5060 5058/5058/5058
f 5058/5058/5058 5437/5437/5437 5438/5438/5438
f 5060/5060/5060 5438/5438/5438 5062/5062/5062
f 5438/5438/5438 5439/5439/5439 5062/5062/5062
f 5440/5440/5440 5062/5062/5062 5439/5439/5439
f 5440/5440/5440 5064/5064/5064 5062/5062/5062
f 5488/5488/5488 5064/5064/5064 5440/5440/5440
f 5488/5488/5488 5192/5192/5192 5064/5064/5064
f 5438/5438/5438 5437/5437/5437 5059/5059/5059
f 5059/5059/5059 5061/5061/5061 5438/5438/5438
f 5063/5063/5063 5439/5439/5439 5438/5438/5438
f 5438/5438/5438 5061/5061/5061 5063/5063/5063
f 5065/5065/5065 5439/5439/5439 5063/5063/5063
f 5439/5439/5439 5065/5065/5065 5440/5440/5440
f 5193/5193/5193 5440/5440/5440 5065/5065/5065
f 5193/5193/5193 5488/5488/5488 5440/5440/5440
f 5545/5545/5545 5066/5066/5066 5441/5441/5441
f 5545/5545/5545 5317/5317/5317 5066/5066/5066
f 5545/5545/5545 5441/5441/5441 5067/5067/5067
f 5067/5067/5067 5316/5316/5316 5545/5545/5545
f 5545/5545/5545 5316/5316/5316 5442/5442/5442
f 5069/5069/5069 5442/5442/5442 5316/5316/5316
f 5442/5442/5442 5069/5069/5069 5443/5443/5443
f 5443/5443/5443 5070/5070/5070 5442/5442/5442
f 5068/5068/5068 5442/5442/5442 5070/5070/5070
f 5545/5545/5545 5068/5068/5068 5317/5317/5317
f 5545/5545/5545 5442/5442/5442 5068/5068/5068
f 5070/5070/5070 5443/5443/5443 5444/5444/5444
f 5444/5444/5444 5072/5072/5072 5070/5070/5070
f 5445/5445/5445 5072/5072/5072 5444/5444/5444
f 5445/5445/5445 5074/5074/5074 5072/5072/5072
f 5071/5071/5071 5443/5443/5443 5069/5069/5069
f 5073/5073/5073 5443/5443/5443 5071/5071/5071
f 5073/5073/5073 5444/5444/5444 5443/5443/5443
f 5075/5075/5075 5444/5444/5444 5073/5073/5073
f 5444/5444/5444 5075/5075/5075 5445/5445/5445
f 5447/5447/5447 5076/5076/5076 5446/5446/5446
f 5447/5447/5447 5078/5078/5078 5076/5076/5076
f 5078/5078/5078 5447/5447/5447 5448/5448/5448
f 5448/5448/5448 5080/5080/5080 5078/5078/5078
f 5449/5449/5449 5080/5080/5080 5448/5448/5448
f 5449/5449/5449 5082/5082/5082 5080/5080/5080
f 5082/5082/5082 5449/5449/5449 5476/5476/5476
f 5476/5476/5476 5148/5148/5148 5082/5082/5082
f 5079/5079/5079 5447/5447/5447 5446/5446/5446
f 5447/5447/5447 5079/5079/5079 5448/5448/5448
f 5079/5079/5079 5446/5446/5446 5077/5077/5077
f 5081/5081/5081 5448/5448/5448 5079/5079/5079
f 5083/5083/5083 5448/5448/5448 5081/5081/5081
f 5448/5448/5448 5083/5083/5083 5449/5449/5449
f 5149/5149/5149 5449/5449/5449 5083/5083/5083
f 5449/5449/5449 5149/5149/5149 5476/5476/5476
f 5084/5084/5084 5450/5450/5450 5086/5086/5086
f 5451/5451/5451 5086/5086/5086 5450/5450/5450
f 5088/5088/5088 5086/5086/5086 5451/5451/5451
f 5451/5451/5451 5452/5452/5452 5088/5088/5088
f 5088/5088/5088 5452/5452/5452 5453/5453/5453
f 5453/5453/5453 5090/5090/5090 5088/5088/5088
f 5087/5087/5087 5451/5451/5451 5450/5450/5450
f 5452/5452/5452 5451/5451/5451 5087/5087/5087
f 5450/5450/5450 5085/5085/5085 5087/5087/5087
f 5087/5087/5087 5089/5089/5089 5452/5452/5452
f 5091/5091/5091 5452/5452/5452 5089/5089/5089
f 5452/5452/5452 5091/5091/5091 5453/5453/5453
f 5092/5092/5092 5454/5454/5454 5455/5455/5455
f 5455/5455/5455 5094/5094/5094 5092/5092/5092
f 5094/5094/5094 5455/5455/5455 5456/5456/5456
f 5456/5456/5456 5096/5096/5096 5094/5094/5094
f 5096/5096/5096 5456/5456/5456 5457/5457/5457
f 5457/5457/5457 5098/5098/5098 5096/5096/5096
f 5095/5095/5095 5455/5455/5455 5454/5454/5454
f 5454/5454/5454 5093/5093/5093 5095/5095/5095
f 5455/5455/5455 5095/5095/5095 5097/5097/5097
f 5455/5455/5455 5097/5097/5097 5456/5456/5456
f 5099/5099/5099 5456/5456/5456 5097/5097/5097
f 5456/5456/5456 5099/5099/5099 5457/5457/5457
f 5100/5100/5100 5458/5458/5458 5459/5459/5459
f 5459/5459/5459 5102/5102/5102 5100/5100/5100
f 5102/5102/5102 5459/5459/5459 5460/5460/5460
f 5460/5460/5460 5104/5104/5104 5102/5102/5102
f 5104/5104/5104 5460/5460/5460 5461/5461/5461
f 5461/5461/5461 5106/5106/5106 5104/5104/5104
f 5103/5103/5103 5459/5459/5459 5458/5458/5458
f 5458/5458/5458 5101/5101/5101 5103/5103/5103
f 5459/5459/5459 5103/5103/5103 5105/5105/5105
f 5105/5105/5105 5460/5460/5460 5459/5459/5459
f 5107/5107/5107 5460/5460/5460 5105/5105/5105
f 5460/5460/5460 5107/5107/5107 5461/5461/5461
f 5110/5110/5110 5108/5108/5108 5462/5462/5462
f 5462/5462/5462 5463/5463/5463 5110/5110/5110
f 5110/5110/5110 5463/5463/5463 5112/5112/5112
f 5464/5464/5464 5112/5112/5112 5463/5463/5463
f 5112/5112/5112 5464/5464/5464 5465/5465/5465
f 5465/5465/5465 5114/5114/5114 5112/5112/5112
f 5111/5111/5111 5463/5463/5463 5462/5462/5462
f 5463/5463/5463 5111/5111/5111 5464/5464/5464
f 5462/5462/5462 5109/5109/5109 5111/5111/5111
f 5111/5111/5111 5113/5113/5113 5464/5464/5464
f 5465/5465/5465 5464/5464/5464 5113/5113/5113
f 5113/5113/5113 5115/5115/5115 5465/5465/5465
f 5119/5119/5119 5118/5118/5118 5116/5116/5116
f 5116/5116/5116 5117/5117/5117 5119/5119/5119
f 5119/5119/5119 5120/5120/5120 5118/5118/5118
f 5121/5121/5121 5120/5120/5120 5119/5119/5119
f 5121/5121/5121 5122/5122/5122 5120/5120/5120
f 5123/5123/5123 5122/5122/5122 5121/5121/5121
f 5124/5124/5124 5122/5122/5122 5123/5123/5123
f 5123/5123/5123 5125/5125/5125 5124/5124/5124
f 5126/5126/5126 5124/5124/5124 5125/5125/5125
f 5125/5125/5125 5127/5127/5127 5126/5126/5126
f 5128/5128/5128 5466/5466/5466 5130/5130/5130
f 5467/5467/5467 5130/5130/5130 5466/5466/5466
f 5132/5132/5132 5130/5130/5130 5467/5467/5467
f 5467/5467/5467 5468/5468/5468 5132/5132/5132
f 5132/5132/5132 5468/5468/5468 5475/5475/5475
f 5475/5475/5475 5146/5146/5146 5132/5132/5132
f 5466/5466/5466 5129/5129/5129 5467/5467/5467
f 5131/5131/5131 5467/5467/5467 5129/5129/5129
f 5133/5133/5133 5467/5467/5467 5131/5131/5131
f 5467/5467/5467 5133/5133/5133 5468/5468/5468
f 5147/5147/5147 5468/5468/5468 5133/5133/5133
f 5468/5468/5468 5147/5147/5147 5475/5475/5475
f 5136/5136/5136 5470/5470/5470 5139/5139/5139
f 5471/5471/5471 5139/5139/5139 5470/5470/5470
f 5472/5472/5472 5139/5139/5139 5471/5471/5471
f 5472/5472/5472 5141/5141/5141 5139/5139/5139
f 5473/5473/5473 5141/5141/5141 5472/5472/5472
f 5473/5473/5473 5143/5143/5143 5141/5141/5141
f 5474/5474/5474 5143/5143/5143 5473/5473/5473
f 5143/5143/5143 5474/5474/5474 5145/5145/5145
f 5470/5470/5470 5137/5137/5137 5471/5471/5471
f 5337/5337/5337 5137/5137/5137 5470/5470/5470
f 5546/5546/5546 5337/5337/5337 5470/5470/5470
f 5546/5546/5546 5470/5470/5470 5136/5136/5136
f 5138/5138/5138 5471/5471/5471 5137/5137/5137
f 5471/5471/5471 5138/5138/5138 5472/5472/5472
f 5140/5140/5140 5472/5472/5472 5138/5138/5138
f 5142/5142/5142 5472/5472/5472 5140/5140/5140
f 5142/5142/5142 5473/5473/5473 5472/5472/5472
f 5144/5144/5144 5473/5473/5473 5142/5142/5142
f 5473/5473/5473 5144/5144/5144 5474/5474/5474
f 5336/5336/5336 5546/5546/5546 5136/5136/5136
f 5478/5478/5478 5153/5153/5153 5150/5150/5150
f 5150/5150/5150 5477/5477/5477 5478/5478/5478
f 5153/5153/5153 5478/5478/5478 5479/5479/5479
f 5479/5479/5479 5155/5155/5155 5153/5153/5153
f 5155/5155/5155 5479/5479/5479 5480/5480/5480
f 5480/5480/5480 5157/5157/5157 5155/5155/5155
f 5477/5477/5477 5151/5151/5151 5478/5478/5478
f 5152/5152/5152 5478/5478/5478 5151/5151/5151
f 5478/5478/5478 5152/5152/5152 5479/5479/5479
f 5154/5154/5154 5479/5479/5479 5152/5152/5152
f 5156/5156/5156 5479/5479/5479 5154/5154/5154
f 5156/5156/5156 5480/5480/5480 5479/5479/5479
f 5158/5158/5158 5159/5159/5159 5160/5160/5160
f 5160/5160/5160 5161/5161/5161 5158/5158/5158
f 5161/5161/5161 5160/5160/5160 5162/5162/5162
f 5162/5162/5162 5163/5163/5163 5161/5161/5161
f 5164/5164/5164 5163/5163/5163 5162/5162/5162
f 5163/5163/5163 5164/5164/5164 5165/5165/5165
f 5233/5233/5233 5166/5166/5166 5481/5481/5481
f 5481/5481/5481 5571/5571/5571 5233/5233/5233
f 5232/5232/5232 5571/5571/5571 5481/5481/5481
f 5570/5570/5570 5571/5571/5571 5232/5232/5232
f 5232/5232/5232 5168/5168/5168 5570/5570/5570
f 5481/5481/5481 5167/5167/5167 5232/5232/5232
f 5569/5569/5569 5570/5570/5570 5168/5168/5168
f 5570/5570/5570 5569/5569/5569 5171/5171/5171
f 5171/5171/5171 5169/5169/5169 5570/5570/5570
f 5169/5169/5169 5233/5233/5233 5571/5571/5571
f 5571/5571/5571 5570/5570/5570 5169/5169/5169
f 5173/5173/5173 5171/5171/5171 5569/5569/5569
f 5482/5482/5482 5173/5173/5173 5569/5569/5569
f 5168/5168/5168 5170/5170/5170 5569/5569/5569
f 5172/5172/5172 5482/5482/5482 5569/5569/5569
f 5569/5569/5569 5170/5170/5170 5172/5172/5172
f 5177/5177/5177 5174/5174/5174 5175/5175/5175
f 5175/5175/5175 5176/5176/5176 5177/5177/5177
f 5177/5177/5177 5176/5176/5176 5178/5178/5178
f 5178/5178/5178 5179/5179/5179 5177/5177/5177
f 5180/5180/5180 5179/5179/5179 5178/5178/5178
f 5179/5179/5179 5180/5180/5180 5181/5181/5181
f 5182/5182/5182 5483/5483/5483 5185/5185/5185
f 5484/5484/5484 5185/5185/5185 5483/5483/5483
f 5185/5185/5185 5484/5484/5484 5187/5187/5187
f 5485/5485/5485 5187/5187/5187 5484/5484/5484
f 5486/5486/5486 5187/5187/5187 5485/5485/5485
f 5486/5486/5486 5189/5189/5189 5187/5187/5187
f 5483/5483/5483 5183/5183/5183 5484/5484/5484
f 5184/5184/5184 5484/5484/5484 5183/5183/5183
f 5186/5186/5186 5484/5484/5484 5184/5184/5184
f 5484/5484/5484 5186/5186/5186 5485/5485/5485
f 5188/5188/5188 5485/5485/5485 5186/5186/5186
f 5188/5188/5188 5486/5486/5486 5485/5485/5485
f 5489/5489/5489 5197/5197/5197 5490/5490/5490
f 5197/5197/5197 5489/5489/5489 5194/5194/5194
f 5199/5199/5199 5490/5490/5490 5197/5197/5197
f 5491/5491/5491 5490/5490/5490 5199/5199/5199
f 5492/5492/5492 5491/5491/5491 5199/5199/5199
f 5199/5199/5199 5201/5201/5201 5492/5492/5492
f 5492/5492/5492 5201/5201/5201 5203/5203/5203
f 5203/5203/5203 5493/5493/5493 5492/5492/5492
f 5490/5490/5490 5195/5195/5195 5489/5489/5489
f 5195/5195/5195 5490/5490/5490 5196/5196/5196
f 5491/5491/5491 5196/5196/5196 5490/5490/5490
f 5198/5198/5198 5196/5196/5196 5491/5491/5491
f 5200/5200/5200 5198/5198/5198 5491/5491/5491
f 5491/5491/5491 5492/5492/5492 5200/5200/5200
f 5493/5493/5493 5202/5202/5202 5492/5492/5492
f 5200/5200/5200 5492/5492/5492 5202/5202/5202
f 5204/5204/5204 5568/5568/5568 5494/5494/5494
f 5380/5380/5380 5568/5568/5568 5204/5204/5204
f 5380/5380/5380 5495/5495/5495 5568/5568/5568
f 5207/5207/5207 5495/5495/5495 5380/5380/5380
f 5496/5496/5496 5495/5495/5495 5207/5207/5207
f 5207/5207/5207 5209/5209/5209 5496/5496/5496
f 5496/5496/5496 5209/5209/5209 5497/5497/5497
f 5211/5211/5211 5497/5497/5497 5209/5209/5209
f 5497/5497/5497 5211/5211/5211 5231/5231/5231
f 5231/5231/5231 5503/5503/5503 5497/5497/5497
f 5568/5568/5568 5381/5381/5381 5494/5494/5494
f 5205/5205/5205 5494/5494/5494 5381/5381/5381
f 5496/5496/5496 5206/5206/5206 5495/5495/5495
f 5568/5568/5568 5495/5495/5495 5206/5206/5206
f 5206/5206/5206 5381/5381/5381 5568/5568/5568
f 5208/5208/5208 5206/5206/5206 5496/5496/5496
f 5497/5497/5497 5210/5210/5210 5496/5496/5496
f 5208/5208/5208 5496/5496/5496 5210/5210/5210
f 5230/5230/5230 5210/5210/5210 5497/5497/5497
f 5503/5503/5503 5230/5230/5230 5497/5497/5497
f 5212/5212/5212 5214/5214/5214 5213/5213/5213
f 5215/5215/5215 5214/5214/5214 5212/5212/5212
f 5215/5215/5215 5217/5217/5217 5214/5214/5214
f 5217/5217/5217 5216/5216/5216 5214/5214/5214
f 5217/5217/5217 5228/5228/5228 5216/5216/5216
f 5229/5229/5229 5228/5228/5228 5217/5217/5217
f 5221/5221/5221 5498/5498/5498 5218/5218/5218
f 5499/5499/5499 5498/5498/5498 5221/5221/5221
f 5223/5223/5223 5499/5499/5499 5221/5221/5221
f 5500/5500/5500 5499/5499/5499 5223/5223/5223
f 5225/5225/5225 5500/5500/5500 5223/5223/5223
f 5225/5225/5225 5501/5501/5501 5500/5500/5500
f 5501/5501/5501 5225/5225/5225 5502/5502/5502
f 5227/5227/5227 5502/5502/5502 5225/5225/5225
f 5547/5547/5547 5218/5218/5218 5498/5498/5498
f 5218/5218/5218 5547/5547/5547 5338/5338/5338
f 5499/5499/5499 5219/5219/5219 5498/5498/5498
f 5219/5219/5219 5499/5499/5499 5220/5220/5220
f 5500/5500/5500 5220/5220/5220 5499/5499/5499
f 5222/5222/5222 5220/5220/5220 5500/5500/5500
f 5224/5224/5224 5222/5222/5222 5500/5500/5500
f 5500/5500/5500 5501/5501/5501 5224/5224/5224
f 5501/5501/5501 5226/5226/5226 5224/5224/5224
f 5501/5501/5501 5502/5502/5502 5226/5226/5226
f 5498/5498/5498 5339/5339/5339 5547/5547/5547
f 5219/5219/5219 5339/5339/5339 5498/5498/5498
f 5506/5506/5506 5507/5507/5507 5241/5241/5241
f 5241/5241/5241 5238/5238/5238 5506/5506/5506
f 5243/5243/5243 5241/5241/5241 5507/5507/5507
f 5507/5507/5507 5508/5508/5508 5243/5243/5243
f 5508/5508/5508 5509/5509/5509 5243/5243/5243
f 5243/5243/5243 5509/5509/5509 5245/5245/5245
f 5247/5247/5247 5245/5245/5245 5509/5509/5509
f 5509/5509/5509 5510/5510/5510 5247/5247/5247
f 5249/5249/5249 5247/5247/5247 5510/5510/5510
f 5510/5510/5510 5511/5511/5511 5249/5249/5249
f 5249/5249/5249 5511/5511/5511 5512/5512/5512
f 5249/5249/5249 5512/5512/5512 5251/5251/5251
f 5253/5253/5253 5251/5251/5251 5512/5512/5512
f 5512/5512/5512 5513/5513/5513 5253/5253/5253
f 5507/5507/5507 5506/5506/5506 5239/5239/5239
f 5239/5239/5239 5240/5240/5240 5507/5507/5507
f 5508/5508/5508 5244/5244/5244 5509/5509/5509
f 5242/5242/5242 5244/5244/5244 5508/5508/5508
f 5507/5507/5507 5240/5240/5240 5242/5242/5242
f 5242/5242/5242 5508/5508/5508 5507/5507/5507
f 5509/5509/5509 5246/5246/5246 5510/5510/5510
f 5509/5509/5509 5244/5244/5244 5246/5246/5246
f 5510/5510/5510 5248/5248/5248 5511/5511/5511
f 5510/5510/5510 5246/5246/5246 5248/5248/5248
f 5511/5511/5511 5250/5250/5250 5512/5512/5512
f 5511/5511/5511 5248/5248/5248 5250/5250/5250
f 5513/5513/5513 5512/5512/5512 5250/5250/5250
f 5250/5250/5250 5252/5252/5252 5513/5513/5513
f 5514/5514/5514 5515/5515/5515 5257/5257/5257
f 5257/5257/5257 5254/5254/5254 5514/5514/5514
f 5259/5259/5259 5257/5257/5257 5515/5515/5515
f 5515/5515/5515 5516/5516/5516 5259/5259/5259
f 5259/5259/5259 5516/5516/5516 5517/5517/5517
f 5517/5517/5517 5261/5261/5261 5259/5259/5259
f 5263/5263/5263 5261/5261/5261 5517/5517/5517
f 5517/5517/5517 5518/5518/5518 5263/5263/5263
f 5518/5518/5518 5519/5519/5519 5263/5263/5263
f 5263/5263/5263 5519/5519/5519 5265/5265/5265
f 5519/5519/5519 5520/5520/5520 5265/5265/5265
f 5265/5265/5265 5520/5520/5520 5267/5267/5267
f 5267/5267/5267 5520/5520/5520 5521/5521/5521
f 5267/5267/5267 5521/5521/5521 5269/5269/5269
f 5256/5256/5256 5515/5515/5515 5514/5514/5514
f 5514/5514/5514 5255/5255/5255 5256/5256/5256
f 5516/5516/5516 5258/5258/5258 5517/5517/5517
f 5515/5515/5515 5256/5256/5256 5258/5258/5258
f 5258/5258/5258 5516/5516/5516 5515/5515/5515
f 5258/5258/5258 5260/5260/5260 5517/5517/5517
f 5517/5517/5517 5262/5262/5262 5518/5518/5518
f 5260/5260/5260 5262/5262/5262 5517/5517/5517
f 5264/5264/5264 5518/5518/5518 5262/5262/5262
f 5518/5518/5518 5264/5264/5264 5519/5519/5519
f 5519/5519/5519 5266/5266/5266 5520/5520/5520
f 5264/5264/5264 5266/5266/5266 5519/5519/5519
f 5268/5268/5268 5520/5520/5520 5266/5266/5266
f 5520/5520/5520 5268/5268/5268 5521/5521/5521
f 5522/5522/5522 5523/5523/5523 5273/5273/5273
f 5273/5273/5273 5270/5270/5270 5522/5522/5522
f 5275/5275/5275 5273/5273/5273 5523/5523/5523
f 5523/5523/5523 5524/5524/5524 5275/5275/5275
f 5277/5277/5277 5275/5275/5275 5524/5524/5524
f 5524/5524/5524 5525/5525/5525 5277/5277/5277
f 5525/5525/5525 5526/5526/5526 5277/5277/5277
f 5277/5277/5277 5526/5526/5526 5279/5279/5279
f 5527/5527/5527 5279/5279/5279 5526/5526/5526
f 5279/5279/5279 5527/5527/5527 5281/5281/5281
f 5527/5527/5527 5528/5528/5528 5281/5281/5281
f 5281/5281/5281 5528/5528/5528 5283/5283/5283
f 5285/5285/5285 5283/5283/5283 5528/5528/5528
f 5528/5528/5528 5529/5529/5529 5285/5285/5285
f 5523/5523/5523 5522/5522/5522 5271/5271/5271
f 5271/5271/5271 5272/5272/5272 5523/5523/5523
f 5524/5524/5524 5276/5276/5276 5525/5525/5525
f 5276/5276/5276 5524/5524/5524 5274/5274/5274
f 5523/5523/5523 5272/5272/5272 5274/5274/5274
f 5274/5274/5274 5524/5524/5524 5523/5523/5523
f 5278/5278/5278 5525/5525/5525 5276/5276/5276
f 5525/5525/5525 5278/5278/5278 5526/5526/5526
f 5280/5280/5280 5526/5526/5526 5278/5278/5278
f 5526/5526/5526 5280/5280/5280 5527/5527/5527
f 5528/5528/5528 5527/5527/5527 5280/5280/5280
f 5280/5280/5280 5282/5282/5282 5528/5528/5528
f 5528/5528/5528 5282/5282/5282 5529/5529/5529
f 5282/5282/5282 5284/5284/5284 5529/5529/5529
f 5289/5289/5289 5286/5286/5286 5530/5530/5530
f 5530/5530/5530 5531/5531/5531 5289/5289/5289
f 5531/5531/5531 5291/5291/5291 5289/5289/5289
f 5532/5532/5532 5291/5291/5291 5531/5531/5531
f 5532/5532/5532 5293/5293/5293 5291/5291/5291
f 5533/5533/5533 5293/5293/5293 5532/5532/5532
f 5293/5293/5293 5533/5533/5533 5534/5534/5534
f 5534/5534/5534 5295/5295/5295 5293/5293/5293
f 5295/5295/5295 5534/5534/5534 5535/5535/5535
f 5535/5535/5535 5297/5297/5297 5295/5295/5295
f 5297/5297/5297 5535/5535/5535 5536/5536/5536
f 5536/5536/5536 5299/5299/5299 5297/5297/5297
f 5299/5299/5299 5536/5536/5536 5537/5537/5537
f 5537/5537/5537 5301/5301/5301 5299/5299/5299
f 5530/5530/5530 5287/5287/5287 5531/5531/5531
f 5287/5287/5287 5288/5288/5288 5531/5531/5531
f 5531/5531/5531 5288/5288/5288 5532/5532/5532
f 5288/5288/5288 5290/5290/5290 5532/5532/5532
f 5533/5533/5533 5532/5532/5532 5290/5290/5290
f 5290/5290/5290 5292/5292/5292 5533/5533/5533
f 5294/5294/5294 5534/5534/5534 5533/5533/5533
f 5533/5533/5533 5292/5292/5292 5294/5294/5294
f 5296/5296/5296 5535/5535/5535 5534/5534/5534
f 5534/5534/5534 5294/5294/5294 5296/5296/5296
f 5535/5535/5535 5298/5298/5298 5536/5536/5536
f 5296/5296/5296 5298/5298/5298 5535/5535/5535
f 5536/5536/5536 5300/5300/5300 5537/5537/5537
f 5298/5298/5298 5300/5300/5300 5536/5536/5536
f 5302/5302/5302 5538/5538/5538 5539/5539/5539
f 5539/5539/5539 5305/5305/5305 5302/5302/5302
f 5307/5307/5307 5305/5305/5305 5539/5539/5539
f 5540/5540/5540 5307/5307/5307 5539/5539/5539
f 5540/5540/5540 5541/5541/5541 5307/5307/5307
f 5307/5307/5307 5541/5541/5541 5309/5309/5309
f 5311/5311/5311 5309/5309/5309 5541/5541/5541
f 5541/5541/5541 5542/5542/5542 5311/5311/5311
f 5311/5311/5311 5542/5542/5542 5313/5313/5313
f 5543/5543/5543 5313/5313/5313 5542/5542/5542
f 5313/5313/5313 5543/5543/5543 5315/5315/5315
f 5544/5544/5544 5315/5315/5315 5543/5543/5543
f 5539/5539/5539 5538/5538/5538 5303/5303/5303
f 5303/5303/5303 5304/5304/5304 5539/5539/5539
f 5539/5539/5539 5304/5304/5304 5540/5540/5540
f 5304/5304/5304 5306/5306/5306 5540/5540/5540
f 5541/5541/5541 5540/5540/5540 5306/5306/5306
f 5306/5306/5306 5308/5308/5308 5541/5541/5541
f 5541/5541/5541 5308/5308/5308 5310/5310/5310
f 5310/5310/5310 5542/5542/5542 5541/5541/5541
f 5542/5542/5542 5310/5310/5310 5543/5543/5543
f 5312/5312/5312 5543/5543/5543 5310/5310/5310
f 5314/5314/5314 5544/5544/5544 5543/5543/5543
f 5543/5543/5543 5312/5312/5312 5314/5314/5314
f 5320/5320/5320 5321/5321/5321 5318/5318/5318
f 5318/5318/5318 5319/5319/5319 5320/5320/5320
f 5321/5321/5321 5320/5320/5320 5323/5323/5323
f 5323/5323/5323 5322/5322/5322 5321/5321/5321
f 5322/5322/5322 5323/5323/5323 5324/5324/5324
f 5324/5324/5324 5325/5325/5325 5322/5322/5322
f 5325/5325/5325 5324/5324/5324 5326/5326/5326
f 5326/5326/5326 5327/5327/5327 5325/5325/5325
f 5329/5329/5329 5330/5330/5330 5331/5331/5331
f 5331/5331/5331 5328/5328/5328 5329/5329/5329
f 5333/5333/5333 5331/5331/5331 5330/5330/5330
f 5333/5333/5333 5330/5330/5330 5332/5332/5332
f 5335/5335/5335 5333/5333/5333 5332/5332/5332
f 5332/5332/5332 5334/5334/5334 5335/5335/5335
f 5343/5343/5343 5548/5548/5548 5340/5340/5340
f 5549/5549/5549 5548/5548/5548 5343/5343/5343
f 5550/5550/5550 5549/5549/5549 5343/5343/5343
f 5343/5343/5343 5345/5345/5345 5550/5550/5550
f 5551/5551/5551 5550/5550/5550 5345/5345/5345
f 5345/5345/5345 5347/5347/5347 5551/5551/5551
f 5551/5551/5551 5347/5347/5347 5552/5552/5552
f 5347/5347/5347 5349/5349/5349 5552/5552/5552
f 5552/5552/5552 5349/5349/5349 5351/5351/5351
f 5351/5351/5351 5553/5553/5553 5552/5552/5552
f 5553/5553/5553 5351/5351/5351 5353/5353/5353
f 5353/5353/5353 5554/5554/5554 5553/5553/5553
f 5548/5548/5548 5549/5549/5549 5342/5342/5342
f 5342/5342/5342 5341/5341/5341 5548/5548/5548
f 5550/5550/5550 5344/5344/5344 5549/5549/5549
f 5342/5342/5342 5549/5549/5549 5344/5344/5344
f 5551/5551/5551 5346/5346/5346 5550/5550/5550
f 5344/5344/5344 5550/5550/5550 5346/5346/5346
f 5552/5552/5552 5348/5348/5348 5551/5551/5551
f 5346/5346/5346 5551/5551/5551 5348/5348/5348
f 5553/5553/5553 5350/5350/5350 5552/5552/5552
f 5348/5348/5348 5552/5552/5552 5350/5350/5350
f 5554/5554/5554 5352/5352/5352 5553/5553/5553
f 5350/5350/5350 5553/5553/5553 5352/5352/5352
f 5556/5556/5556 5555/5555/5555 5354/5354/5354
f 5354/5354/5354 5357/5357/5357 5556/5556/5556
f 5557/5557/5557 5556/5556/5556 5357/5357/5357
f 5357/5357/5357 5359/5359/5359 5557/5557/5557
f 5557/5557/5557 5359/5359/5359 5558/5558/5558
f 5359/5359/5359 5361/5361/5361 5558/5558/5558
f 5558/5558/5558 5361/5361/5361 5559/5559/5559
f 5361/5361/5361 5363/5363/5363 5559/5559/5559
f 5556/5556/5556 5355/5355/5355 5555/5555/5555
f 5356/5356/5356 5355/5355/5355 5556/5556/5556
f 5358/5358/5358 5356/5356/5356 5556/5556/5556
f 5556/5556/5556 5557/5557/5557 5358/5358/5358
f 5558/5558/5558 5360/5360/5360 5557/5557/5557
f 5358/5358/5358 5557/5557/5557 5360/5360/5360
f 5362/5362/5362 5360/5360/5360 5558/5558/5558
f 5558/5558/5558 5559/5559/5559 5362/5362/5362
f 5560/5560/5560 5364/5364/5364 5367/5367/5367
f 5367/5367/5367 5561/5561/5561 5560/5560/5560
f 5561/5561/5561 5367/5367/5367 5369/5369/5369
f 5562/5562/5562 5561/5561/5561 5369/5369/5369
f 5562/5562/5562 5369/5369/5369 5371/5371/5371
f 5371/5371/5371 5563/5563/5563 5562/5562/5562
f 5564/5564/5564 5563/5563/5563 5371/5371/5371
f 5371/5371/5371 5373/5373/5373 5564/5564/5564
f 5564/5564/5564 5373/5373/5373 5565/5565/5565
f 5373/5373/5373 5375/5375/5375 5565/5565/5565
f 5565/5565/5565 5375/5375/5375 5566/5566/5566
f 5377/5377/5377 5566/5566/5566 5375/5375/5375
f 5566/5566/5566 5377/5377/5377 5567/5567/5567
f 5379/5379/5379 5567/5567/5567 5377/5377/5377
f 5561/5561/5561 5365/5365/5365 5560/5560/5560
f 5365/5365/5365 5561/5561/5561 5366/5366/5366
f 5562/5562/5562 5366/5366/5366 5561/5561/5561
f 5368/5368/5368 5366/5366/5366 5562/5562/5562
f 5368/5368/5368 5562/5562/5562 5563/5563/5563
f 5563/5563/5563 5370/5370/5370 5368/5368/5368
f 5370/5370/5370 5563/5563/5563 5372/5372/5372
f 5563/5563/5563 5564/5564/5564 5372/5372/5372
f 5372/5372/5372 5564/5564/5564 5374/5374/5374
f 5564/5564/5564 5565/5565/5565 5374/5374/5374
f 5566/5566/5566 5376/5376/5376 5565/5565/5565
f 5374/5374/5374 5565/5565/5565 5376/5376/5376
f 5567/5567/5567 5378/5378/5378 5566/5566/5566
f 5376/5376/5376 5566/5566/5566 5378/5378/5378
f 5572/5572/5572 5573/5573/5573 5575/5575/5575
f 5573/5573/5573 5574/5574/5574 5575/5575/5575
f 5576/5576/5576 5575/5575/5575 5574/5574/5574
f 5576/5576/5576 5577/5577/5577 5575/5575/5575
f 5577/5577/5577 5576/5576/5576 5579/5579/5579
f 5578/5578/5578 5579/5579/5579 5576/5576/5576
f 5579/5579/5579 5578/5578/5578 5581/5581/5581
f 5580/5580/5580 5581/5581/5581 5578/5578/5578
f 5573/5573/5573 5582/5582/5582 5574/5574/5574
f 5582/5582/5582 5583/5583/5583 5574/5574/5574
f 5584/5584/5584 5574/5574/5574 5583/5583/5583
f 5584/5584/5584 5576/5576/5576 5574/5574/5574
f 5576/5576/5576 5584/5584/5584 5578/5578/5578
f 5585/5585/5585 5578/5578/5578 5584/5584/5584
f 5586/5586/5586 5578/5578/5578 5585/5585/5585
f 5586/5586/5586 5580/5580/5580 5578/5578/5578
f 5587/5587/5587 5588/5588/5588 5590/5590/5590
f 5588/5588/5588 5589/5589/5589 5590/5590/5590
f 5591/5591/5591 5590/5590/5590 5589/5589/5589
f 5591/5591/5591 5592/5592/5592 5590/5590/5590
f 5592/5592/5592 5591/5591/5591 5594/5594/5594
f 5593/5593/5593 5594/5594/5594 5591/5591/5591
f 5594/5594/5594 5593/5593/5593 5596/5596/5596
f 5595/5595/5595 5596/5596/5596 5593/5593/5593
f 5588/5588/5588 5597/5597/5597 5589/5589/5589
f 5598/5598/5598 5589/5589/5589 5597/5597/5597
f 5599/5599/5599 5589/5589/5589 5598/5598/5598
f 5599/5599/5599 5591/5591/5591 5589/5589/5589
f 5591/5591/5591 5599/5599/5599 5593/5593/5593
f 5600/5600/5600 5593/5593/5593 5599/5599/5599
f 5601/5601/5601 5593/5593/5593 5600/5600/5600
f 5601/5601/5601 5595/5595/5595 5593/5593/5593
f 5602/5602/5602 5603/5603/5603 5605/5605/5605
f 5604/5604/5604 5605/5605/5605 5603/5603/5603
f 5605/5605/5605 5604/5604/5604 5606/5606/5606
f 5606/5606/5606 5607/5607/5607 5605/5605/5605
f 5607/5607/5607 5606/5606/5606 5608/5608/5608
f 5608/5608/5608 5609/5609/5609 5607/5607/5607
f 5609/5609/5609 5608/5608/5608 5610/5610/5610
f 5609/5609/5609 5610/5610/5610 5611/5611/5611
f 5603/5603/5603 5612/5612/5612 5604/5604/5604
f 5613/5613/5613 5604/5604/5604 5612/5612/5612
f 5604/5604/5604 5613/5613/5613 5606/5606/5606
f 5614/5614/5614 5606/5606/5606 5613/5613/5613
f 5606/5606/5606 5615/5615/5615 5608/5608/5608
f 5606/5606/5606 5614/5614/5614 5615/5615/5615
f 5608/5608/5608 5615/5615/5615 5616/5616/5616
f 5616/5616/5616 5610/5610/5610 5608/5608/5608
f 5620/5620/5620 5617/5617/5617 5618/5618/5618
f 5618/5618/5618 5619/5619/5619 5620/5620/5620
f 5618/5618/5618 5621/5621/5621 5619/5619/5619
f 5621/5621/5621 5622/5622/5622 5619/5619/5619
f 5624/5624/5624 5622/5622/5622 5621/5621/5621
f 5621/5621/5621 5623/5623/5623 5624/5624/5624
f 5623/5623/5623 5625/5625/5625 5624/5624/5624
f 5625/5625/5625 5626/5626/5626 5624/5624/5624
f 5626/5626/5626 5625/5625/5625 5627/5627/5627
f 5627/5627/5627 5628/5628/5628 5626/5626/5626
f 5628/5628/5628 5627/5627/5627 5630/5630/5630
f 5629/5629/5629 5630/5630/5630 5627/5627/5627
f 5630/5630/5630 5629/5629/5629 5632/5632/5632
f 5631/5631/5631 5632/5632/5632 5629/5629/5629
f 5620/5620/5620 5619/5619/5619 5634/5634/5634
f 5633/5633/5633 5634/5634/5634 5619/5619/5619
f 5619/5619/5619 5622/5622/5622 5633/5633/5633
f 5622/5622/5622 5635/5635/5635 5633/5633/5633
f 5622/5622/5622 5624/5624/5624 5635/5635/5635
f 5624/5624/5624 5636/5636/5636 5635/5635/5635
f 5637/5637/5637 5636/5636/5636 5624/5624/5624
f 5624/5624/5624 5626/5626/5626 5637/5637/5637
f 5637/5637/5637 5626/5626/5626 5638/5638/5638
f 5626/5626/5626 5628/5628/5628 5638/5638/5638
f 5639/5639/5639 5628/5628/5628 5630/5630/5630
f 5638/5638/5638 5628/5628/5628 5639/5639/5639
f 5632/5632/5632 5640/5640/5640 5630/5630/5630
f 5639/5639/5639 5630/5630/5630 5640/5640/5640
